job_id,run_id,workflow,job_name,status,conclusion,started_at,completed_at,duration_seconds,head_sha
95311188259,32003639674,clang-format,clang_format,completed,success,2026-08-17T07:08:47Z,2026-08-17T07:08:57Z,10,f060edef88c85c80e0a8d1b5348b9f7b1f2e9654
95305805003,32002636538,clang-format,clang_format,completed,success,2026-08-17T06:41:06Z,2026-08-17T06:41:14Z,8,f841329a8f84fc9bfe712e6544874b50209d4368
95301725412,32000543135,clang-format,clang_format,completed,success,2026-08-17T06:19:44Z,2026-08-17T06:19:57Z,13,98a9f22395ce5e3ca4e4ed4a97157a9d850177e6
95296614473,31999338233,clang-format,clang_format,completed,success,2026-08-17T05:50:47Z,2026-08-17T05:50:56Z,9,5a45ff3fad36da8a1eb0534d36a6a6281aaea380
95289923764,31975375412,clang-format,clang_format,completed,success,2026-08-17T05:08:46Z,2026-08-17T05:08:52Z,6,a1576ff952b7038abfb2f58052b62a0ea46213cf
95223666014,31971064107,clang-format,clang_format,completed,success,2026-08-16T20:38:35Z,2026-08-16T20:38:40Z,5,10310a933feeafb59f2715717ce5468b82edd7f1
95222619424,31965725654,clang-format,clang_format,completed,success,2026-08-16T20:29:54Z,2026-08-16T20:30:02Z,8,1e250d230f992cda87de5ef6671aac688f7e3900
95207284028,31964427492,clang-format,clang_format,completed,success,2026-08-16T18:23:09Z,2026-08-16T18:23:16Z,7,42ac3adb59ddcabe3916d84ff3daf0f31c64e008
95207229134,31964403694,clang-format,clang_format,completed,success,2026-08-16T18:22:42Z,2026-08-16T18:22:49Z,7,2a781f6608b8d4575df6b3c9118522072ea2cdc9
95205888299,31963864355,clang-format,clang_format,completed,success,2026-08-16T18:11:43Z,2026-08-16T18:11:48Z,5,b330b9abce0a7006bb7fc0afbb0185be4df3a1a6
95205282562,31963624796,clang-format,clang_format,completed,success,2026-08-16T18:06:56Z,2026-08-16T18:07:02Z,6,5a097e2a97d7c02e616cfb68d887e858f72fbad3
95203194806,31962570592,clang-format,clang_format,completed,success,2026-08-16T17:49:49Z,2026-08-16T17:49:56Z,7,e13bd49cc9d036ffc6a18609cb6b0b98a2e1e02b
95202341110,31962433837,clang-format,clang_format,completed,success,2026-08-16T17:43:03Z,2026-08-16T17:43:10Z,7,e40e77042c10c53b64cae4fb4a7b4be683c95431
95147285001,31939828563,clang-format,clang_format,completed,success,2026-08-16T09:44:17Z,2026-08-16T09:44:26Z,9,2cc4e6156a6b441de70a9f07176d70718580fd6c
95145927549,31938960461,clang-format,clang_format,completed,success,2026-08-16T09:31:04Z,2026-08-16T09:31:12Z,8,a9e73c4bb57f1da0e4bd171e1405da04e7b73c74
95143080515,31938093531,clang-format,clang_format,completed,success,2026-08-16T09:04:53Z,2026-08-16T09:04:58Z,5,0f810c6d73f1f9416ff534eca8577d910645a336
95141087907,31937285728,clang-format,clang_format,completed,success,2026-08-16T08:46:10Z,2026-08-16T08:46:17Z,7,f2db1384bb145e85eeb02e656e5744377b339458
95141060836,31937275540,clang-format,clang_format,completed,success,2026-08-16T08:45:45Z,2026-08-16T08:45:53Z,8,045bf1ba0f128ae6bc69e2551d22b061c1ac05d8
95140871872,31937055314,clang-format,clang_format,completed,success,2026-08-16T08:44:01Z,2026-08-16T08:44:09Z,8,44dc426e9565fdcdfcdce7893ef0b203ce5ecba6
95140023559,31936366491,clang-format,clang_format,completed,success,2026-08-16T08:35:49Z,2026-08-16T08:35:58Z,9,3036f35a6aa2429b1a4d0a53247f51330d18f2ac
95137613600,31935886180,clang-format,clang_format,completed,success,2026-08-16T08:12:59Z,2026-08-16T08:13:07Z,8,4cec5d88df6472e0650a73b30ed3758c3e9d397d
95136332471,31935330420,clang-format,clang_format,completed,success,2026-08-16T08:01:27Z,2026-08-16T08:01:35Z,8,1fa763ad699f2627c906c15c4062248d02830703
95135828181,31934558963,clang-format,clang_format,completed,success,2026-08-16T07:56:37Z,2026-08-16T07:56:45Z,8,75891d36b9ef45a08e41a9a91d9ae805a46715b9
95131967626,31933572448,clang-format,clang_format,completed,success,2026-08-16T07:19:11Z,2026-08-16T07:19:19Z,8,8575c96247ad128cf351e82a539ea80717f98238
95129262053,31931715396,clang-format,clang_format,completed,success,2026-08-16T06:52:15Z,2026-08-16T06:52:23Z,8,9c59d78c79462d27bc286719a53834db49994cf3
95126328197,31931252812,clang-format,clang_format,completed,success,2026-08-16T06:22:14Z,2026-08-16T06:22:23Z,9,8c0efd73e9522b0ea1b2b9a315c475abcd8ffc4f
95124009100,31929236196,clang-format,clang_format,completed,success,2026-08-16T05:59:58Z,2026-08-16T06:00:07Z,9,f01bc6ee7bf05776ae2514871d78bf52ffc94ef7
95119782025,31928531200,clang-format,clang_format,completed,success,2026-08-16T05:14:14Z,2026-08-16T05:14:21Z,7,e7d8fe7e391ed73e145060ca8ebd309b5a84d0a7
95119636956,31928473138,clang-format,clang_format,completed,success,2026-08-16T05:12:43Z,2026-08-16T05:12:48Z,5,6f8418ea6f9790399d81b8fec59588349f6c6657
95066874900,31897559729,clang-format,clang_format,completed,success,2026-08-15T20:38:40Z,2026-08-15T20:38:47Z,7,06e3bd61d19ae530a7e4240de1d24165262caa23
95066965670,31897446840,clang-format,clang_format,completed,success,2026-08-15T20:39:28Z,2026-08-15T20:39:38Z,10,8ed73aa5cb68c587ba283b92e67d909845f2cf41
95041131594,31896754394,clang-format,clang_format,completed,success,2026-08-15T16:53:33Z,2026-08-15T16:53:40Z,7,8b84bf24c2444abe4788955dcb7bf0501f54b35d
95030740919,31892488860,clang-format,clang_format,completed,success,2026-08-15T15:21:36Z,2026-08-15T15:21:44Z,8,ee84d66f5075ce5f0e0452f9c684f1c28b4799e4
95030833735,31891073001,clang-format,clang_format,completed,success,2026-08-15T15:22:27Z,2026-08-15T15:22:38Z,11,b6d20f8c319b60c41a0e4f5b2328839dca1c8b35
95027157014,31889268700,clang-format,clang_format,completed,success,2026-08-15T14:50:07Z,2026-08-15T14:50:15Z,8,7b329c6605d91325f799fded4e2366d53e475915
95012876761,31884986860,clang-format,clang_format,completed,success,2026-08-15T12:35:22Z,2026-08-15T12:35:31Z,9,f1f79309645cc8e3fdc858fbeef436fa9f794be9
95002336775,31880230776,clang-format,clang_format,completed,success,2026-08-15T10:50:25Z,2026-08-15T10:50:34Z,9,1016a6c470ac1a86508273520ad7943308053fee
95000701686,31879806573,clang-format,clang_format,completed,success,2026-08-15T10:33:26Z,2026-08-15T10:33:35Z,9,bf13c6866a3b755cb9fefe179d7b15956d460a71
94998863886,31878773527,clang-format,clang_format,completed,success,2026-08-15T10:14:26Z,2026-08-15T10:14:33Z,7,cfd393816436ff5d3b501ca9451522a0c67ad9b7
94996350692,31877959429,clang-format,clang_format,completed,success,2026-08-15T09:49:17Z,2026-08-15T09:49:23Z,6,bd51da25d1632a0337e50ba299dbd7a5c20c3c15
94996439478,31877526912,clang-format,clang_format,completed,success,2026-08-15T09:50:12Z,2026-08-15T09:50:24Z,12,2ab065e7e03ebbcf899ed2fbfcbae58f33ce1f63
94992943216,31876510689,clang-format,clang_format,completed,success,2026-08-15T09:14:58Z,2026-08-15T09:15:06Z,8,759d9aabea74ef124ac8f0c9563192c66de18b88
94992920970,31876501320,clang-format,clang_format,completed,success,2026-08-15T09:14:45Z,2026-08-15T09:14:55Z,10,3f171ba270ccf6535232c1ae419f0d40ffba3edb
94993641903,31875379273,clang-format,clang_format,completed,success,2026-08-15T09:21:52Z,2026-08-15T09:22:01Z,9,0106382fb2e61738c6b7b71fbd9a32685d83a333
94990274495,31875194784,clang-format,clang_format,completed,success,2026-08-15T08:48:58Z,2026-08-15T08:49:06Z,8,f4902c9afbc078d46f07bf824a25ca9150d76e84
94990815133,31875155314,clang-format,clang_format,completed,success,2026-08-15T08:54:08Z,2026-08-15T08:54:18Z,10,c521a22b2c26ab2d8dd519adf8f8dd0caf3be96d
94988820587,31874801385,clang-format,clang_format,completed,success,2026-08-15T08:34:08Z,2026-08-15T08:34:13Z,5,c1f60621957396d20176e63c782617c1d70d21a4
94988798567,31874792223,clang-format,clang_format,completed,success,2026-08-15T08:33:56Z,2026-08-15T08:34:02Z,6,e238ef08e1baed11880d64608ceb38454f924e10
94980595173,31871434955,clang-format,clang_format,completed,success,2026-08-15T07:14:23Z,2026-08-15T07:14:29Z,6,70c455a9e9ed3bbc05821e8c5c4b3fc5850125e4
94980691534,31871245589,clang-format,clang_format,completed,success,2026-08-15T07:15:15Z,2026-08-15T07:15:27Z,12,41606fb8505e3ab084f3c13ef24cede5faaabe77
94979648973,31871068597,clang-format,clang_format,completed,success,2026-08-15T07:05:25Z,2026-08-15T07:05:31Z,6,1c9b8575f78a8b3136951f7efe8f715fb9c3f274
94978831663,31870727233,clang-format,clang_format,completed,success,2026-08-15T06:57:36Z,2026-08-15T06:57:45Z,9,84cabb4078f685ba7732b91195f131baa9ea50df
94978356941,31870341920,clang-format,clang_format,completed,success,2026-08-15T06:52:49Z,2026-08-15T06:52:58Z,9,95ae1ff48129e6349d512df18b19b396a415f37a
94976571350,31869804282,clang-format,clang_format,completed,success,2026-08-15T06:35:00Z,2026-08-15T06:35:08Z,8,f3c31770cc1a255d77dc57e99ca4927d8a42d0de
94907539186,31844315869,clang-format,clang_format,completed,success,2026-08-14T21:53:21Z,2026-08-14T21:53:30Z,9,9bbf8d91059ea6478b84b8cb05dda91d06398459
94903640438,31842989251,clang-format,clang_format,completed,success,2026-08-14T21:34:13Z,2026-08-14T21:34:21Z,8,d5f9f71191e3603c74a13117c9fb9144dbfb53b2
94902515180,31842608643,clang-format,clang_format,completed,success,2026-08-14T21:29:02Z,2026-08-14T21:29:07Z,5,84d428f41ab1af62a0b5fcd9beb9c0320ea4c2ec
94902436875,31842582900,clang-format,clang_format,completed,success,2026-08-14T21:28:39Z,2026-08-14T21:28:48Z,9,0ca3398cd84dec1c298e5080fa7b4d7cae58affa
94811822757,31814199157,clang-format,clang_format,completed,success,2026-08-14T15:23:00Z,2026-08-14T15:23:08Z,8,cef48297e21b9c4a54a50691990632412bde979d
94806957276,31812720098,clang-format,clang_format,completed,success,2026-08-14T15:05:08Z,2026-08-14T15:05:24Z,16,9b06b31c720c367cdd02aad0ac477c75253ba99d
94806836075,31812682217,clang-format,clang_format,completed,success,2026-08-14T15:04:40Z,2026-08-14T15:04:47Z,7,b8c7c1ead5ba2754c88674fdd53470c629d8b553
94798462988,31810123943,clang-format,clang_format,completed,success,2026-08-14T14:33:55Z,2026-08-14T14:34:01Z,6,3172fe2c582d76480b3692c709fda7384faab350
94792942704,31808445802,clang-format,clang_format,completed,success,2026-08-14T14:13:28Z,2026-08-14T14:13:36Z,8,056ebdb9a683e0e7fc396a84f3579021e2ef9bac
94792824785,31808409498,clang-format,clang_format,completed,success,2026-08-14T14:13:01Z,2026-08-14T14:13:09Z,8,d27fe604d1601a07660c9debbad72c8f3efb2740
94789948615,31807531963,clang-format,clang_format,completed,success,2026-08-14T14:02:07Z,2026-08-14T14:02:15Z,8,2e46610378d606d1fe0709ecf31ea16d0d014679
94784058701,31805726902,clang-format,clang_format,completed,success,2026-08-14T13:39:21Z,2026-08-14T13:39:29Z,8,356b017e356d2b998fb20d35fb39a847599a864f
94782947104,31805387073,clang-format,clang_format,completed,success,2026-08-14T13:35:02Z,2026-08-14T13:35:11Z,9,d7eaba09de8774720c7f8b5e41a72a1a880a1e17
94782843456,31805356588,clang-format,clang_format,completed,success,2026-08-14T13:34:37Z,2026-08-14T13:34:43Z,6,3582ffa8e55273bc4b3585e9657b0d1ec72c2459
94777492532,31803722197,clang-format,clang_format,completed,success,2026-08-14T13:13:17Z,2026-08-14T13:13:26Z,9,75a860a1788ea44bc146a75b2eed10eecfdd6b16
94770712878,31801623533,clang-format,clang_format,completed,success,2026-08-14T12:45:55Z,2026-08-14T12:46:04Z,9,6231cad453e3f181af6537453303a9a83025bfde
94770434894,31801535963,clang-format,clang_format,completed,cancelled,2026-08-14T12:43:25Z,2026-08-14T12:44:39Z,74,5587cceac23757789bb906e8858225c60e2a93b0
94760213670,31798311846,clang-format,clang_format,completed,success,2026-08-14T11:57:38Z,2026-08-14T11:57:46Z,8,0745fe74ef9e24214c3751092fd2b1e1a9e4735a
94738049969,31791128075,clang-format,clang_format,completed,success,2026-08-14T10:10:19Z,2026-08-14T10:10:26Z,7,82126b83c465961ee937fc0580212f2889ba9ead
94738168987,31791073280,clang-format,clang_format,completed,success,2026-08-14T10:10:53Z,2026-08-14T10:10:59Z,6,4ed57f2a465b96a0eccf24eb8d48acadecd945a9
94735371573,31790269921,clang-format,clang_format,completed,success,2026-08-14T09:58:53Z,2026-08-14T09:59:01Z,8,6c0e638e9ba8680c47edbe90ed7eaa748c89e99f
94734666598,31790044509,clang-format,clang_format,completed,success,2026-08-14T09:54:41Z,2026-08-14T09:54:49Z,8,66309f7dcc0090a8f3b07d57bb0bacb74fff346c
94733300382,31789598959,clang-format,clang_format,completed,success,2026-08-14T09:48:20Z,2026-08-14T09:48:27Z,7,256cc1824b6287e9eeb1bcbe6cbedd2714be9888
94733153071,31789552529,clang-format,clang_format,completed,success,2026-08-14T09:47:38Z,2026-08-14T09:47:46Z,8,23b88b54065a778535c6fd48b5c3e7c2d0c24841
94733032335,31789514225,clang-format,clang_format,completed,success,2026-08-14T09:47:04Z,2026-08-14T09:47:11Z,7,064ab9a436aa1841239428a7b0586a97d9992012
94732712031,31789414132,clang-format,clang_format,completed,success,2026-08-14T09:45:36Z,2026-08-14T09:45:43Z,7,f5efb1d6e85f8773279fd9bdeb928098e638a6c9
94733349388,31789294143,clang-format,clang_format,completed,success,2026-08-14T09:48:35Z,2026-08-14T09:48:43Z,8,8f61c5c0337cfd922e718b30ae3b80ae1bbd0214
94730266555,31788656969,clang-format,clang_format,completed,success,2026-08-14T09:34:40Z,2026-08-14T09:34:45Z,5,04bcd7dc34b768a39c53fc48c26de0bbb3f0c20a
94729345049,31788218373,clang-format,clang_format,completed,success,2026-08-14T09:30:35Z,2026-08-14T09:30:47Z,12,6bdb13cf8d972e68c97956bce2727ffc97abc87a
94728057184,31787959792,clang-format,clang_format,completed,success,2026-08-14T09:24:49Z,2026-08-14T09:24:56Z,7,7e6b73d9a59f7170b91dcf6de9922d5cc539fc9c
94726295833,31787398764,clang-format,clang_format,completed,success,2026-08-14T09:16:44Z,2026-08-14T09:16:50Z,6,f5c8f01e863eaf2562ed7d55af751ce943c19f05
94725440456,31787126883,clang-format,clang_format,completed,success,2026-08-14T09:12:51Z,2026-08-14T09:13:00Z,9,60ec798bf42bf751636dc31b2c4f98990e297686
94724746357,31786906583,clang-format,clang_format,completed,success,2026-08-14T09:09:37Z,2026-08-14T09:09:46Z,9,31c8424dce4b22876220db2a3daaad9e7125ce24
94724347451,31786778841,clang-format,clang_format,completed,success,2026-08-14T09:07:46Z,2026-08-14T09:07:55Z,9,2d09d56d3fbf60805fc0cb04abe1960c40b2feb3
94723518837,31786511606,clang-format,clang_format,completed,success,2026-08-14T09:03:58Z,2026-08-14T09:04:06Z,8,94560ebb2df468ed44cedc436fc7a5e17c83d4fd
94722672905,31786240185,clang-format,clang_format,completed,success,2026-08-14T09:00:11Z,2026-08-14T09:00:18Z,7,93c0df41f28e9774913a65a36c5f361858529208
94720792803,31785634469,clang-format,clang_format,completed,success,2026-08-14T08:51:23Z,2026-08-14T08:51:32Z,9,236993e2fb5e61a1c08d7925c4f060cfd562cdb0
94720753793,31785622278,clang-format,clang_format,completed,success,2026-08-14T08:51:11Z,2026-08-14T08:51:17Z,6,9b81835efffaf4bf524a5c8a1674cfecf3985aef
94719994244,31785374080,clang-format,clang_format,completed,success,2026-08-14T08:47:42Z,2026-08-14T08:47:47Z,5,aec9efe0f6708f3f0629ffc43fd0733c02d7f19e
94719945659,31785358275,clang-format,clang_format,completed,success,2026-08-14T08:47:31Z,2026-08-14T08:47:37Z,6,d502afb9c484e54abc9433a5521f3409213a63c7
94715980350,31784080704,clang-format,clang_format,completed,success,2026-08-14T08:29:09Z,2026-08-14T08:29:16Z,7,955c720ac2c81ddfc462ccac90884fc0cb4aa60a
94715814990,31783898344,clang-format,clang_format,completed,success,2026-08-14T08:28:23Z,2026-08-14T08:28:30Z,7,b16fb9b5e768e6e68ec8fc2a789766e2957b22d7
94714871423,31783731462,clang-format,clang_format,completed,failure,2026-08-14T08:23:55Z,2026-08-14T08:24:02Z,7,620f67391acf7cb564e40c4012be11f31c82ce80
94714833585,31783719290,clang-format,clang_format,completed,failure,2026-08-14T08:23:44Z,2026-08-14T08:23:52Z,8,919f3c067942981de539cc2a1f194bf243130ab8
94713530025,31783296453,clang-format,clang_format,completed,success,2026-08-14T08:17:21Z,2026-08-14T08:17:27Z,6,2e44e9c31b24d1b77cebb9894a4b75821c9fc08d
94713199185,31783187732,clang-format,clang_format,completed,success,2026-08-14T08:15:44Z,2026-08-14T08:15:51Z,7,fe0cebd513b1e473a9c2cccd11ebffa52c4507e9
94708476466,31781510462,clang-format,clang_format,completed,success,2026-08-14T07:52:39Z,2026-08-14T07:52:43Z,4,ac9d8ec5a48f67d6c188de1fcb8789f68a8bd2e8
94705410826,31780628032,clang-format,clang_format,completed,success,2026-08-14T07:37:15Z,2026-08-14T07:37:22Z,7,730e4a6b956b01cacf202f68a2d943f01dc14842
94705374370,31780616012,clang-format,clang_format,completed,success,2026-08-14T07:37:04Z,2026-08-14T07:37:10Z,6,ff8a94e96d8e89373cecbba2a53574e32ceb031b
94702904830,31779810607,clang-format,clang_format,completed,success,2026-08-14T07:24:35Z,2026-08-14T07:24:42Z,7,35d227e133178187abb6ee309db5f6ffddd86a21
94702152213,31779165303,clang-format,clang_format,completed,success,2026-08-14T07:20:43Z,2026-08-14T07:20:50Z,7,a4f0eb3a4b99d7e2d439f9f8dd1f5d5fede4fdba
94699649490,31778735293,clang-format,clang_format,completed,success,2026-08-14T07:07:39Z,2026-08-14T07:07:48Z,9,4f8e39431c4a48fd6c548aba66653fd61f083bdb
94699601102,31778719386,clang-format,clang_format,completed,success,2026-08-14T07:07:16Z,2026-08-14T07:07:24Z,8,c173487ebf7ad27c9be4fbfedd511fac8dba6b46
94699131939,31778561643,clang-format,clang_format,completed,success,2026-08-14T07:04:49Z,2026-08-14T07:04:55Z,6,77f0bb6adba96abe667733b27b6172e0ffb6c0c7
94696269794,31777616628,clang-format,clang_format,completed,success,2026-08-14T06:49:01Z,2026-08-14T06:49:08Z,7,073e9e73203ad49791759018e4bc1019396d9d71
94696112739,31777564295,clang-format,clang_format,completed,success,2026-08-14T06:48:06Z,2026-08-14T06:48:13Z,7,16a63072d8a7f62eeda2078236e6f06f1d7665e9
94696064966,31777547760,clang-format,clang_format,completed,success,2026-08-14T06:47:50Z,2026-08-14T06:47:55Z,5,8aae93df67a71874fe79c0587675025460dd7e7b
94695573811,31777382120,clang-format,clang_format,completed,success,2026-08-14T06:45:07Z,2026-08-14T06:45:11Z,4,2e3df86ec9e9daebfd23bf359927d8944c0cdbc7
94691692835,31776086374,clang-format,clang_format,completed,success,2026-08-14T06:23:01Z,2026-08-14T06:23:06Z,5,2f5c8c2d5ef13e8e1768c1e2e30aec069b6d7843
94691660245,31776075402,clang-format,clang_format,completed,success,2026-08-14T06:22:50Z,2026-08-14T06:22:58Z,8,89616f241aa99d1469bcda8f03780d0bf6cf5b15
94691188973,31775907509,clang-format,clang_format,completed,success,2026-08-14T06:19:54Z,2026-08-14T06:20:02Z,8,05496280045f6862520cb50d54696f1a3a9c3e49
94686701156,31774381716,clang-format,clang_format,completed,success,2026-08-14T05:52:21Z,2026-08-14T05:52:28Z,7,fb4b9c59ccb70a6101b6359e7adf945b23375019
94686666541,31774370051,clang-format,clang_format,completed,cancelled,2026-08-14T05:52:09Z,2026-08-14T05:52:18Z,9,3012b97a9262234bc9872357e17a5482491a5c99
94685112704,31773854813,clang-format,clang_format,completed,success,2026-08-14T05:42:33Z,2026-08-14T05:42:39Z,6,3c52d8e806a06be343ea538b1c58b5ce19941384
94597521813,31744886212,clang-format,clang_format,completed,success,2026-08-13T21:18:51Z,2026-08-13T21:18:59Z,8,e2b73b187a44fd1718db92ba10f14ab72a217d63
94581267694,31740141283,clang-format,clang_format,completed,success,2026-08-13T20:17:51Z,2026-08-13T20:17:59Z,8,a7811d230e6e2eef3ff51094051774d3fc503a7d
94580318362,31739853862,clang-format,clang_format,completed,success,2026-08-13T20:14:29Z,2026-08-13T20:14:33Z,4,10b27e5632fdc8d1b6e534e6868fa11748ff86ab
94578299797,31739254284,clang-format,clang_format,completed,success,2026-08-13T20:07:10Z,2026-08-13T20:07:16Z,6,75a6dbf4bfc66a6fc7b966a9d05b713148189b60
94572200814,31737100492,clang-format,clang_format,completed,success,2026-08-13T19:45:00Z,2026-08-13T19:45:05Z,5,7aa149505c383af5981dd5bc998d3cf31350e8cd
94569178056,31736463942,clang-format,clang_format,completed,failure,2026-08-13T19:33:52Z,2026-08-13T19:33:58Z,6,8779624ead307140ad3ca22ab7a93107da1b6a09
94565734132,31735416928,clang-format,clang_format,completed,success,2026-08-13T19:21:24Z,2026-08-13T19:21:29Z,5,c1eb9ca4d01049c3081a36c6478b48e1ea509199
94481952537,31710216194,clang-format,clang_format,completed,success,2026-08-13T14:30:11Z,2026-08-13T14:30:18Z,7,d2e6d27fd184261f7c6d83aa2f49f2996973a652
94479079580,31709679687,clang-format,clang_format,completed,failure,2026-08-13T14:20:44Z,2026-08-13T14:20:51Z,7,242940ee5ccfbc908a31cc082f63e4095bee801d
94475355905,31708591216,clang-format,clang_format,completed,success,2026-08-13T14:08:27Z,2026-08-13T14:08:32Z,5,567bad04772f78b920eda36810bfed340c94197f
94471324839,31706391994,clang-format,clang_format,completed,success,2026-08-13T13:55:13Z,2026-08-13T13:55:20Z,7,af4dc33969699c272f5ebded2518ad51f8856b6e
94461722151,31704555913,clang-format,clang_format,completed,success,2026-08-13T13:22:11Z,2026-08-13T13:22:18Z,7,786ed579aec2f5ebde7df9aecfc90e1299651456
94457025755,31702977764,clang-format,clang_format,completed,success,2026-08-13T13:05:15Z,2026-08-13T13:05:22Z,7,c2604f7457a695a585fa8641d9af07d4b943a1f3
94454009637,31702259385,clang-format,clang_format,completed,failure,2026-08-13T12:54:16Z,2026-08-13T12:54:24Z,8,a662531d9542239c863ab6ab4dc219579c34435f
94435555482,31696556135,clang-format,clang_format,completed,success,2026-08-13T11:40:39Z,2026-08-13T11:40:46Z,7,7604e4cd90332faec2a38dab6b0da7f468208d82
94424627224,31693099917,clang-format,clang_format,completed,success,2026-08-13T10:53:34Z,2026-08-13T10:53:41Z,7,1a2736a781f7a876ed1f964d78d53a06c78e54c7
94423867201,31692857180,clang-format,clang_format,completed,success,2026-08-13T10:50:17Z,2026-08-13T10:50:23Z,6,beb191c880c1680254003f1175eddfcea0bf5c0c
94421323050,31692051378,clang-format,clang_format,completed,success,2026-08-13T10:39:29Z,2026-08-13T10:39:38Z,9,b6e3e55d036f18c7f3e5ea3a0ebe020aa9d7adf9
94411510945,31688937489,clang-format,clang_format,completed,success,2026-08-13T09:57:32Z,2026-08-13T09:57:41Z,9,8f272d5cd02894f90ab2ed0a411e1c3893685e9c
94404384100,31686716334,clang-format,clang_format,completed,success,2026-08-13T09:28:08Z,2026-08-13T09:28:15Z,7,c14040904bd7d7b50b1c7ecbb4b2022650fcf773
94402498921,31686126805,clang-format,clang_format,completed,success,2026-08-13T09:20:26Z,2026-08-13T09:20:33Z,7,d2c98a068bb166d1ef0f65697ecb2136e4e1d843
94399694914,31685254733,clang-format,clang_format,completed,success,2026-08-13T09:08:51Z,2026-08-13T09:08:58Z,7,afe0918488249afc2431a9d6d4b6910c6426f0d4
94397802987,31683864699,clang-format,clang_format,completed,success,2026-08-13T09:01:04Z,2026-08-13T09:01:09Z,5,5a529efbadd621fcb2e937cc0e520920cf81ce46
94394804116,31683458729,clang-format,clang_format,completed,success,2026-08-13T08:48:38Z,2026-08-13T08:48:43Z,5,a6960e61ab38b359ec4fe096fb8b650ceb4c0930
94393494704,31683301777,clang-format,clang_format,completed,success,2026-08-13T08:43:10Z,2026-08-13T08:43:17Z,7,7a49db8d64964126877bfa8f05314043b75c4ceb
94387390455,31681388071,clang-format,clang_format,completed,success,2026-08-13T08:17:16Z,2026-08-13T08:17:25Z,9,99601476835b32d6e95422c31988075492d58369
94387250645,31681342960,clang-format,clang_format,completed,success,2026-08-13T08:16:44Z,2026-08-13T08:16:49Z,5,c403d4e9c665798586e9639bdafd33318a27ad11
94382088642,31679693311,clang-format,clang_format,completed,success,2026-08-13T07:53:57Z,2026-08-13T07:54:02Z,5,8d9b7696f5e460fbc4592553f47717f6b7031dc5
94381367483,31679466787,clang-format,clang_format,completed,success,2026-08-13T07:50:52Z,2026-08-13T07:50:57Z,5,b57152649c93663a69ff4b6d02f0d442edfc2448
94380560857,31679212247,clang-format,clang_format,completed,success,2026-08-13T07:47:08Z,2026-08-13T07:47:13Z,5,b62ceb83cabdf884dadbd9d267061d4214e0763a
94375568883,31677478263,clang-format,clang_format,completed,success,2026-08-13T07:24:21Z,2026-08-13T07:24:26Z,5,c9ded1a91d24e48e3a3ddd4cd96c5fdb2b9dab3f
94263034813,31640351493,clang-format,clang_format,completed,success,2026-08-12T21:06:39Z,2026-08-12T21:06:43Z,4,d956df06b8ddec00183629d3d618b1ea12409a65
94236212194,31632768753,clang-format,clang_format,completed,success,2026-08-12T19:30:34Z,2026-08-12T19:30:43Z,9,64411725d3488c9301aa3b0b16ba19da797664ac
94210998882,31612473081,clang-format,clang_format,completed,success,2026-08-12T18:01:46Z,2026-08-12T18:01:50Z,4,0858078f88339e0ef705baa111f02cc1f48744ed
94130697594,31601769587,clang-format,clang_format,completed,success,2026-08-12T13:30:37Z,2026-08-12T13:30:43Z,6,12947df73e38c9351afc70855875e773980c7728
94123367665,31599590753,clang-format,clang_format,completed,success,2026-08-12T13:04:52Z,2026-08-12T13:04:59Z,7,0c5f375b64a87e98620e353a9963e21e0af8c976
94122991464,31599476352,clang-format,clang_format,completed,success,2026-08-12T13:03:24Z,2026-08-12T13:03:30Z,6,97f706c05c6bd2e9cac2da32f6d794ad7d0ef3b6
94122290905,31599266714,clang-format,clang_format,completed,success,2026-08-12T13:00:56Z,2026-08-12T13:01:00Z,4,2d42f57b39a07fa9697c451c26fe796104216836
94117363700,31595231600,clang-format,clang_format,completed,success,2026-08-12T12:42:49Z,2026-08-12T12:42:57Z,8,6b162b6bdfb8992f2ea6a2a7cd57de037a50a613
94118549290,31595127845,clang-format,clang_format,completed,success,2026-08-12T12:47:11Z,2026-08-12T12:47:18Z,7,b167b82f96c33a283c06b43fa979d61f135629de
94081535620,31586297607,clang-format,clang_format,completed,success,2026-08-12T10:14:26Z,2026-08-12T10:14:35Z,9,a567bfbba35d083b84eb3adbcfab8621071f31ca
94080408928,31586173036,clang-format,clang_format,completed,success,2026-08-12T10:09:39Z,2026-08-12T10:09:45Z,6,c267074f2f5a1b3dc06327ea42826251ff82c5a2
94071654369,31581916295,clang-format,clang_format,completed,success,2026-08-12T09:33:26Z,2026-08-12T09:33:32Z,6,eaf87f9c4b6e9029334e1ae7abcba6c70a573ce5
94064425621,31580949355,clang-format,clang_format,completed,success,2026-08-12T09:03:47Z,2026-08-12T09:03:54Z,7,eed209df9f48d928febe40042889efb9304b0e53
94062223487,31580507892,clang-format,clang_format,completed,success,2026-08-12T08:54:41Z,2026-08-12T08:54:45Z,4,dea06e8b2cc030f938b30977d456335da4dcf5d7
94062086693,31580463613,clang-format,clang_format,completed,success,2026-08-12T08:54:06Z,2026-08-12T08:54:12Z,6,0153cb4afbcbaedfe4c199a342aeddbfa321ce08
94054901769,31578165194,clang-format,clang_format,completed,success,2026-08-12T08:24:11Z,2026-08-12T08:24:19Z,8,82ea88543024cf59b23a7311678216f7bd7d2e4f
94055394423,31577873182,clang-format,clang_format,completed,success,2026-08-12T08:26:19Z,2026-08-12T08:26:31Z,12,713709bd95c048314f5562f1e135089b226d2177
94055338119,31577316515,clang-format,clang_format,completed,success,2026-08-12T08:26:05Z,2026-08-12T08:26:12Z,7,ab09419bad34361b79b86c34a5ef885df44b6f32
94051925503,31576488138,clang-format,clang_format,completed,success,2026-08-12T08:11:20Z,2026-08-12T08:11:30Z,10,90c9df8389eaffce2f2bbffe262a244ae4d77c3b
94025289065,31509008314,clang-format,clang_format,completed,success,2026-08-12T06:01:51Z,2026-08-12T06:01:57Z,6,b36e51399a50d2e03f553411748d7f0b8aca9e49
93746854834,31481376540,clang-format,clang_format,completed,success,2026-08-11T10:15:13Z,2026-08-11T10:15:19Z,6,da5f07c8f88786978f5830d8bb01993dddfb21db
93742415249,31479929112,clang-format,clang_format,completed,success,2026-08-11T09:56:34Z,2026-08-11T09:56:44Z,10,a7dc62a125983b3b5a62cc0821d530c85fb99069
93741086218,31479548524,clang-format,clang_format,completed,success,2026-08-11T09:50:57Z,2026-08-11T09:51:04Z,7,940e10fa39389fc57fa05b468ee99a92b594cb1e
93740804915,31479460577,clang-format,clang_format,completed,success,2026-08-11T09:49:48Z,2026-08-11T09:49:54Z,6,0ef4b286235fa59eb3c64771ac17317ddf7c72dc
93736226854,31477389255,clang-format,clang_format,completed,success,2026-08-11T09:30:43Z,2026-08-11T09:30:50Z,7,e15689d454bbaf64dca8b6459fdedf81c18fe19b
93734256595,31477136633,clang-format,clang_format,completed,success,2026-08-11T09:22:39Z,2026-08-11T09:22:46Z,7,cf8193a1651bd1ce6c2eb1e935ae8d7868fd211b
93725219962,31474577153,clang-format,clang_format,completed,success,2026-08-11T08:44:54Z,2026-08-11T08:45:00Z,6,e6cff68b48c115a93121eeae9d631c8de9987d7b
93717712148,31472176233,clang-format,clang_format,completed,success,2026-08-11T08:12:17Z,2026-08-11T08:12:23Z,6,08d58158b7e02045338a6d609959883879a07c17
93717659511,31471770844,clang-format,clang_format,completed,success,2026-08-11T08:12:08Z,2026-08-11T08:12:15Z,7,7bea5f9054bdb0822926489505b653358e00635e
93714974222,31471291248,clang-format,clang_format,completed,success,2026-08-11T08:00:02Z,2026-08-11T08:00:06Z,4,9fe877e3a6c7b680d95afcea96c6b190cb864fc8
93713983835,31470120872,clang-format,clang_format,completed,success,2026-08-11T07:55:27Z,2026-08-11T07:55:33Z,6,8642a8fdbcdcf96f3a94e0712bd4881f5bf27a51
93711005324,31469997204,clang-format,clang_format,completed,success,2026-08-11T07:41:39Z,2026-08-11T07:41:46Z,7,1bf78aa1da1cc4f0b79dd2ab4dc69836e908de53
93709556013,31469354051,clang-format,clang_format,completed,success,2026-08-11T07:34:44Z,2026-08-11T07:34:51Z,7,28ae00420626e514a1f243da8b35ab41c94313b2
93707830180,31468963339,clang-format,clang_format,completed,success,2026-08-11T07:26:46Z,2026-08-11T07:26:54Z,8,aafbf647d9cc1e2ad086f11f27175b30442a9df1
93706181904,31467065600,clang-format,clang_format,completed,success,2026-08-11T07:18:38Z,2026-08-11T07:18:44Z,6,80e1edaa2e92d0d2b189e80c9c1579183551a228
93701184444,31466642088,clang-format,clang_format,completed,success,2026-08-11T06:53:42Z,2026-08-11T06:53:50Z,8,31d1e6a155d688d21706cb4073d92be1c99089f3
93602526057,31433584810,clang-format,clang_format,completed,success,2026-08-10T21:23:07Z,2026-08-10T21:23:14Z,7,30cd1e17b55bf8911a3e40f8568582b089430313
93546322067,31403821378,clang-format,clang_format,completed,success,2026-08-10T17:54:41Z,2026-08-10T17:54:46Z,5,6a2577707b5eec46998820ce3ff0f1ad697947a2
93418459780,31377018883,clang-format,clang_format,completed,success,2026-08-10T09:58:05Z,2026-08-10T09:58:13Z,8,7b86407639ed5bd51d4da72a39a685640a66975d
93408103263,31373694048,clang-format,clang_format,completed,success,2026-08-10T09:14:56Z,2026-08-10T09:15:04Z,8,c9a158d27d739dea73a6f81fded44a047d7a9b48
93406922628,31373316995,clang-format,clang_format,completed,success,2026-08-10T09:09:58Z,2026-08-10T09:10:03Z,5,cc115d16f638f54f55ee1a287f33d77cca97871f
93405386479,31372822952,clang-format,clang_format,completed,success,2026-08-10T09:03:26Z,2026-08-10T09:03:33Z,7,7f798fc8877df5f6a40a86fb4a87bc9e4f54da3d
93385940379,31366511766,clang-format,clang_format,completed,success,2026-08-10T07:36:08Z,2026-08-10T07:36:16Z,8,d91956f87cd8c0f1cc20b2e7c279e9bde8b45ba1
93382789235,31365343258,clang-format,clang_format,completed,success,2026-08-10T07:20:36Z,2026-08-10T07:20:43Z,7,8ff7e265639a41ddaf85290da40153cff8bc9270
93372676354,31362049213,clang-format,clang_format,completed,success,2026-08-10T06:27:32Z,2026-08-10T06:27:38Z,6,34bbbd91504f069a37ccaca8a48a6db34a1ae910
93250688789,31315483183,clang-format,clang_format,completed,success,2026-08-09T13:25:58Z,2026-08-09T13:26:03Z,5,cc312fc224a53782ab44ded3ef478aa5df3d3dfe
93249298808,31315237675,clang-format,clang_format,completed,success,2026-08-09T13:13:07Z,2026-08-09T13:13:12Z,5,b51c97b3ac79f2f599890828ecda31afc255d6b6
93247535487,31314278430,clang-format,clang_format,completed,success,2026-08-09T12:56:27Z,2026-08-09T12:56:33Z,6,c86608c38d115061f2b4cb2d9718fcc9cc3704cf
93217766139,31302634424,clang-format,clang_format,completed,success,2026-08-09T08:04:19Z,2026-08-09T08:04:26Z,7,643f417595d1de99673ff58042c1722ce8c59897
93214753686,31301211717,clang-format,clang_format,completed,success,2026-08-09T07:33:48Z,2026-08-09T07:33:55Z,7,1ea0027c8df448b1ecb4129b6788a75893e93003
92952035061,31204471227,clang-format,clang_format,completed,success,2026-08-07T17:54:28Z,2026-08-07T17:54:36Z,8,b9e76719ae59ca5d7668e1c31783f67f1b0ca169
92932064624,31197289996,clang-format,clang_format,completed,success,2026-08-07T16:36:25Z,2026-08-07T16:36:32Z,7,3f5aa5f440d2fa90d99f7d7c534e1c1374b0cc74
92927911061,31197100526,clang-format,clang_format,completed,success,2026-08-07T16:20:40Z,2026-08-07T16:20:47Z,7,95e527b5b2b7406e6cd777efbe2533efd452c624
92927840581,31197079877,clang-format,clang_format,completed,success,2026-08-07T16:20:24Z,2026-08-07T16:20:41Z,17,a2f79d347657339305daa5819b4b2cf20288f083
92905737453,31190483190,clang-format,clang_format,completed,success,2026-08-07T15:00:51Z,2026-08-07T15:00:59Z,8,82f88ce5905cea6e5933f516501ac06398973c0c
92905785517,31188274409,clang-format,clang_format,completed,success,2026-08-07T15:01:00Z,2026-08-07T15:01:08Z,8,06161b4829b81a98487286a1dae80fb3663ecc9d
92895473570,31187445383,clang-format,clang_format,completed,success,2026-08-07T14:24:55Z,2026-08-07T14:24:59Z,4,3cc68e0d1630dee4c72767efe132407eaec43956
92874511871,31181164237,clang-format,clang_format,completed,success,2026-08-07T13:07:19Z,2026-08-07T13:07:27Z,8,c9d9679374f46d3724e45fb10f0c1355de641a6c
92835747124,31168827118,clang-format,clang_format,completed,success,2026-08-07T10:08:05Z,2026-08-07T10:08:10Z,5,07eba8e8548c03b4d2db054d7cfd012b924fae9b
92825474068,31165577849,clang-format,clang_format,completed,success,2026-08-07T09:22:05Z,2026-08-07T09:22:11Z,6,4667075f7231360d9e992b51c8b94a985bc8d00c
92824051163,31165132776,clang-format,clang_format,completed,success,2026-08-07T09:15:38Z,2026-08-07T09:15:46Z,8,49634314227675416d49ad58a1e8ae8dcf619ef4
92812855105,31161334529,clang-format,clang_format,completed,success,2026-08-07T08:24:36Z,2026-08-07T08:24:44Z,8,8ac6e20fcc07522a8f1e6520a2910dcbbbaba974
92811409495,31161106520,clang-format,clang_format,completed,success,2026-08-07T08:17:51Z,2026-08-07T08:17:57Z,6,9ce2d650f2cb48e39df10f306a508910ed241061
92808364054,31160135252,clang-format,clang_format,completed,success,2026-08-07T08:03:37Z,2026-08-07T08:03:43Z,6,674ea0be8e94acae9e88769c925ca36dfecf32f8
92804641476,31158945544,clang-format,clang_format,completed,success,2026-08-07T07:45:53Z,2026-08-07T07:46:02Z,9,b895ff7bca3a5aed2497ff4cffe7e37f0ee55582
92804699655,31158436980,clang-format,clang_format,completed,success,2026-08-07T07:46:10Z,2026-08-07T07:46:18Z,8,d5a41bf47a3bf0a9b7775bc0160ec4e236190b8a
92802578753,31158288368,clang-format,clang_format,completed,success,2026-08-07T07:36:00Z,2026-08-07T07:36:06Z,6,77226608127d723dcad388c8bfdfc63f01c91068
92791485688,31154673237,clang-format,clang_format,completed,success,2026-08-07T06:39:19Z,2026-08-07T06:39:25Z,6,c257d192aa5205f1ded54ddb380a7168a66f792b
92789711564,31154088190,clang-format,clang_format,completed,success,2026-08-07T06:33:11Z,2026-08-07T06:33:16Z,5,557f36684054f06045ccfbf55b5a2c33921bf50c
92778657327,31150363474,clang-format,clang_format,completed,success,2026-08-07T05:23:05Z,2026-08-07T05:23:14Z,9,67cbad2b70dfed76726ee59ed523de7677c3a2c3
92667324349,31116291072,clang-format,clang_format,completed,success,2026-08-06T15:34:49Z,2026-08-06T15:34:56Z,7,a30dce15530698f5c007dc2548a5c4bd87c6fd99
92653524800,31112436892,clang-format,clang_format,completed,success,2026-08-06T14:46:12Z,2026-08-06T14:46:21Z,9,b02f9a46fbf101510c3aaed0fbded55d66e7bcf6
92652296244,31112117679,clang-format,clang_format,completed,success,2026-08-06T14:41:56Z,2026-08-06T14:42:01Z,5,70fdaccaddaea1ef1653ea5560a190c77881bac1
92651156328,31111473881,clang-format,clang_format,completed,success,2026-08-06T14:38:00Z,2026-08-06T14:38:07Z,7,20a84c7c7c22e489a8288bf0289672454f0cc154
92650771270,31110905706,clang-format,clang_format,completed,success,2026-08-06T14:36:38Z,2026-08-06T14:36:45Z,7,14ab6fa14306e328be385158dcb2c260d34ebf5a
92647013530,31110582067,clang-format,clang_format,completed,success,2026-08-06T14:23:34Z,2026-08-06T14:23:41Z,7,b0ab87d0781dd4d68acbc6aa64895d09c0482682
92645256362,31109528781,clang-format,clang_format,completed,success,2026-08-06T14:17:30Z,2026-08-06T14:17:38Z,8,dbeb8c00ad5e3e552574afff9c4e6f9adb06a5d0
92641437434,31108313358,clang-format,clang_format,completed,success,2026-08-06T14:04:13Z,2026-08-06T14:04:19Z,6,b2c77b488b3a5209c644d4932e3b48e5bf042603
92632732328,31105939303,clang-format,clang_format,completed,success,2026-08-06T13:33:08Z,2026-08-06T13:33:13Z,5,3099390df1eb0eca861a512eb7b36a5c44445909
92630920174,31105923357,clang-format,clang_format,completed,success,2026-08-06T13:26:32Z,2026-08-06T13:26:44Z,12,fb0c575514e2411250f79470c6af48c4b35b9e01
92629617270,31105101360,clang-format,clang_format,completed,success,2026-08-06T13:21:55Z,2026-08-06T13:21:59Z,4,696653680b6bef8490907a40049128b7d7bde6fc
92627119887,31104766905,clang-format,clang_format,completed,success,2026-08-06T13:12:16Z,2026-08-06T13:12:31Z,15,da346074863b4975f49dcdfccb07f97aa9a31319
92627007431,31104370940,clang-format,clang_format,completed,success,2026-08-06T13:11:48Z,2026-08-06T13:12:01Z,13,5361082498a4c2d9535385026e8e9f1053276fae
92624723298,31104106187,clang-format,clang_format,completed,success,2026-08-06T13:03:03Z,2026-08-06T13:03:09Z,6,d9def3979f32bca248433bfe4079750f8386947b
92622130167,31103338749,clang-format,clang_format,completed,success,2026-08-06T12:52:58Z,2026-08-06T12:53:05Z,7,82973b93fd5d554bfcf894f7c8feac2d4ef89f91
92623374539,31103207899,clang-format,clang_format,completed,success,2026-08-06T12:57:57Z,2026-08-06T12:58:04Z,7,c03ea5debe1cc6a62e258677ade215ac42ffbc8d
92621648901,31102900902,clang-format,clang_format,completed,success,2026-08-06T12:51:06Z,2026-08-06T12:51:11Z,5,6572f8f4387295f8d575ddd6c5df87b9f787f434
92222979653,30980261316,clang-format,clang_format,completed,success,2026-08-05T06:06:51Z,2026-08-05T06:06:58Z,7,a5fbc70510a34223a2baca8ba62a75109fa4b813
92222233272,30979475264,clang-format,clang_format,completed,success,2026-08-05T06:02:38Z,2026-08-05T06:02:45Z,7,23d89d443066104047cbd8cfbd1d077b3aaf7efa
92219773330,30979193977,clang-format,clang_format,completed,success,2026-08-05T05:48:21Z,2026-08-05T05:48:29Z,8,26666e3a1a0b733f1517dee8741fd6a244c145e8
92057735646,30928744017,clang-format,clang_format,completed,success,2026-08-04T16:21:42Z,2026-08-04T16:21:48Z,6,c7cbc5311ba82ed0006430725142021c308b6599
92050905696,30926742190,clang-format,clang_format,completed,success,2026-08-04T15:57:18Z,2026-08-04T15:57:23Z,5,09274d79cb591acc78091370131618a2ae8b6472
92052268962,30926564000,clang-format,clang_format,completed,success,2026-08-04T16:01:53Z,2026-08-04T16:01:59Z,6,32cb6256ecae6f0887e7a93023e76bf22e9ff1a0
92049975913,30925502762,clang-format,clang_format,completed,success,2026-08-04T15:54:04Z,2026-08-04T15:54:11Z,7,401ac3e54772a47697432462921bade34ce32fc5
92042622556,30924318481,clang-format,clang_format,completed,success,2026-08-04T15:28:28Z,2026-08-04T15:28:34Z,6,7581ff5c112b6259192666267b2f7537c147cfde
92041861951,30923857729,clang-format,clang_format,completed,success,2026-08-04T15:25:49Z,2026-08-04T15:25:57Z,8,325ec32af3a972b5071b72c8eea95a7a5605bbde
92035256662,30921298542,clang-format,clang_format,completed,success,2026-08-04T15:03:35Z,2026-08-04T15:03:44Z,9,b3e993c1e32bf225ac8886797a04926b84a2adc4
92016488674,30916686151,clang-format,clang_format,completed,success,2026-08-04T14:00:30Z,2026-08-04T14:00:37Z,7,4fd82e15a5bbabde16ab18581fb7a74f4d53cabb
92015728201,30916342827,clang-format,clang_format,completed,success,2026-08-04T13:57:57Z,2026-08-04T13:58:04Z,7,af68d6bb1930ccf39648b52f709c3cabda96a524
92005663947,30913477949,clang-format,clang_format,completed,success,2026-08-04T13:22:27Z,2026-08-04T13:22:36Z,9,63d8ab2cca09d65eb923e90fb8998c8753a25f06
92003991173,30912643217,clang-format,clang_format,completed,success,2026-08-04T13:16:09Z,2026-08-04T13:16:15Z,6,29c83b78ad56d103e74068b74df23789a704b3d8
92000390163,30911883178,clang-format,clang_format,completed,success,2026-08-04T13:02:42Z,2026-08-04T13:02:49Z,7,c5810be22f3d11077bb4ed5319fa11959cf77a26
91994061742,30909907848,clang-format,clang_format,completed,success,2026-08-04T12:38:27Z,2026-08-04T12:38:33Z,6,cec005dae4f44188fa0ca7b51cada253deb1d488
91992510327,30909528480,clang-format,clang_format,completed,success,2026-08-04T12:32:20Z,2026-08-04T12:32:27Z,7,1af83f73751d5b83c97fa9c0285385f27d2abc64
91991863863,30906704851,clang-format,clang_format,completed,success,2026-08-04T12:29:36Z,2026-08-04T12:29:42Z,6,a25a458d8d25c457586ebf7c9de6dec7619b1127
91991875506,30906616256,clang-format,clang_format,completed,success,2026-08-04T12:29:46Z,2026-08-04T12:29:52Z,6,f010a95f5148e1b27ef76cf44becb4596c38e187
91982340940,30906389227,clang-format,clang_format,completed,success,2026-08-04T11:49:05Z,2026-08-04T11:49:11Z,6,94a3c88c11b644e8172721308ab4c61bb397d57c
91979293392,30904372450,clang-format,clang_format,completed,success,2026-08-04T11:35:28Z,2026-08-04T11:35:36Z,8,3560d48ee6777f46a69b8912d5cf840ac67fd30a
91979481033,30904169191,clang-format,clang_format,completed,success,2026-08-04T11:36:17Z,2026-08-04T11:36:25Z,8,0f1d9a675e5e0f548296d1a6c209b28b6734a03a
91979519126,30904105945,clang-format,clang_format,completed,success,2026-08-04T11:36:28Z,2026-08-04T11:36:35Z,7,734805a3ad4c0cd6c2af37ce62d9cabcde7f7ab1
91973601808,30903594982,clang-format,clang_format,completed,success,2026-08-04T11:09:47Z,2026-08-04T11:09:52Z,5,e7bd9031cb02ab9e6ef9d29ed57cf7fa9216f4d7
91972458573,30902946747,clang-format,clang_format,completed,success,2026-08-04T11:04:52Z,2026-08-04T11:04:56Z,4,9dd44c8d82a1d611cd59abbdb1eea170eedeb6de
91970438826,30902694018,clang-format,clang_format,completed,success,2026-08-04T10:56:11Z,2026-08-04T10:56:15Z,4,8d9f451929296096259a0cde1f2f42832a02caad
91969095499,30902246587,clang-format,clang_format,completed,success,2026-08-04T10:50:03Z,2026-08-04T10:50:09Z,6,7586a49867f3b47033bf5408e931e3035714240c
91968415961,30901621303,clang-format,clang_format,completed,success,2026-08-04T10:47:00Z,2026-08-04T10:47:06Z,6,143ab5d0b569b46d2545022192d2720d3c13f3fa
91960551309,30899604228,clang-format,clang_format,completed,success,2026-08-04T10:11:37Z,2026-08-04T10:11:41Z,4,6dd99a328b01b85e21c5a698b0d1e7bb234990d8
91960079864,30898833370,clang-format,clang_format,completed,success,2026-08-04T10:09:32Z,2026-08-04T10:09:38Z,6,c8bb0c7f81781089aed79b5855cac5a030dcf6c2
91910575049,30883819038,clang-format,clang_format,completed,success,2026-08-04T06:23:17Z,2026-08-04T06:23:23Z,6,1094f4e0d9492628511c7dfeaa506e93d8440193
91907767871,30882720903,clang-format,clang_format,completed,success,2026-08-04T06:06:52Z,2026-08-04T06:07:00Z,8,b2f5fc68361e055390fed488bc106e14862dce52
91907016628,30882624129,clang-format,clang_format,completed,success,2026-08-04T06:02:42Z,2026-08-04T06:02:49Z,7,ec58cb5d1e4b74757cc0fcad73f7fdf72a654226
91904465524,30852843302,clang-format,clang_format,completed,success,2026-08-04T05:47:02Z,2026-08-04T05:47:10Z,8,cb44bfc70213bab16741215290f1fde4479dfd94
91904215199,30852388645,clang-format,clang_format,completed,success,2026-08-04T05:45:25Z,2026-08-04T05:45:33Z,8,3f59e8d5a56387066cab8185ee900330d5424fc6
91757402382,30834848907,clang-format,clang_format,completed,success,2026-08-03T17:01:39Z,2026-08-03T17:01:44Z,5,3728ff472ab3eb1f7663a544ff74ad7af9316976
91754019273,30833675246,clang-format,clang_format,completed,success,2026-08-03T16:48:21Z,2026-08-03T16:48:27Z,6,65cf476ee53cbbffa3fedb6a2f9a48074721af7b
91601507706,30786708936,clang-format,clang_format,completed,success,2026-08-03T05:16:38Z,2026-08-03T05:16:44Z,6,78f55b0e374916d473da4cb479e96a7d10e58a4a
91597729989,30763893692,clang-format,clang_format,completed,success,2026-08-03T04:46:45Z,2026-08-03T04:46:51Z,6,088b2e59e9566c5d6d2c02017bb74825ecd39326
91518330146,30756071265,clang-format,clang_format,completed,success,2026-08-02T16:11:37Z,2026-08-02T16:11:43Z,6,efa6f51d788b641329959f621cde244b6b1cfa9e
91517419721,30755451273,clang-format,clang_format,completed,success,2026-08-02T16:02:36Z,2026-08-02T16:02:44Z,8,50bd09ec3380c8828f6c0dda3c362d55f8adcce4
91484319546,30742750178,clang-format,clang_format,completed,success,2026-08-02T10:11:40Z,2026-08-02T10:11:46Z,6,8042b837ce4587afaa0e6fb061e507129a874bac
91389692246,30707754888,clang-format,clang_format,completed,success,2026-08-01T16:16:05Z,2026-08-01T16:16:08Z,3,58b27368a2d0ae7470f67150c562e86004b0a6ae
91389475059,30707199275,clang-format,clang_format,completed,success,2026-08-01T16:13:55Z,2026-08-01T16:14:00Z,5,06be60bc57c74695370295a1f1233975e8a4e760
91358980065,30695914489,clang-format,clang_format,completed,success,2026-08-01T10:36:22Z,2026-08-01T10:36:29Z,7,bcb018e441da3ec770efacee348eec10c5f996ca
91355591903,30694758756,clang-format,clang_format,completed,success,2026-08-01T09:57:25Z,2026-08-01T09:57:30Z,5,3daabbba22f49abd6ad7fb4934a3e36217b6c485
91355200918,30694537404,clang-format,clang_format,completed,success,2026-08-01T09:52:54Z,2026-08-01T09:53:01Z,7,e06dd4a19f4c271c2f8a5f51b38df80f691716a8
91350628507,30692866079,clang-format,clang_format,completed,success,2026-08-01T09:00:03Z,2026-08-01T09:00:09Z,6,f197dee53e6dec1c5bb198ad5cd5aed5332c1675
91349643862,30692116672,clang-format,clang_format,completed,success,2026-08-01T08:49:14Z,2026-08-01T08:49:20Z,6,05ae8978e897595a9f610d4ad9f0a949a4fa914c
91347423559,30691685470,clang-format,clang_format,completed,success,2026-08-01T08:24:04Z,2026-08-01T08:24:13Z,9,478ea7d923a9dd965288b3c40e8059fc2a375b38
91347105554,30691103764,clang-format,clang_format,completed,success,2026-08-01T08:20:27Z,2026-08-01T08:20:34Z,7,20fee3b1114a8832b786292c93e066487f1a6d08
91339347270,30688663543,clang-format,clang_format,completed,success,2026-08-01T06:55:11Z,2026-08-01T06:55:18Z,7,b618ca4fd74dee762b43a010ff1c4951b150879a
91339129434,30688429720,clang-format,clang_format,completed,success,2026-08-01T06:52:49Z,2026-08-01T06:52:57Z,8,6e27e6e10aa06ed38bd0bcdf25917a12fda7ee1c
91337897107,30688158258,clang-format,clang_format,completed,success,2026-08-01T06:39:41Z,2026-08-01T06:39:45Z,4,ae8a5329e6be075a24938e941402a8f5256766f0
91094120437,30611198519,clang-format,clang_format,completed,success,2026-07-31T06:57:07Z,2026-07-31T06:57:14Z,7,f9dbec010d3df1ff9c4ec0e2d619a029c9362d57
91337468336,30610505271,clang-format,clang_format,completed,success,2026-08-01T06:34:31Z,2026-08-01T06:34:40Z,9,69064cd9e82a2c4cbb9d200098d78b9d907052de
91091507974,30610036426,clang-format,clang_format,completed,success,2026-07-31T06:40:21Z,2026-07-31T06:40:26Z,5,121bf21262cac86e6954926f128857c473249ee2
90956331049,30567726810,clang-format,clang_format,completed,success,2026-07-30T17:50:09Z,2026-07-30T17:50:16Z,7,d75f0bcf4bdee001394da9f9b31a1573138a11e6
90955824823,30567084385,clang-format,clang_format,completed,success,2026-07-30T17:48:05Z,2026-07-30T17:48:10Z,5,6b316adf22b75aafd34d4c3edbcd71aca9f7a88d
90952135173,30566473895,clang-format,clang_format,completed,success,2026-07-30T17:33:23Z,2026-07-30T17:33:28Z,5,85ed2f1a0f4503952d854bac6e00b6460af7463b
90949627597,30565557328,clang-format,clang_format,completed,success,2026-07-30T17:23:12Z,2026-07-30T17:23:19Z,7,9b202f40038d24a656d767ff90b2eb8cca510875
90947065906,30564961237,clang-format,clang_format,completed,success,2026-07-30T17:12:46Z,2026-07-30T17:12:54Z,8,01c9c7b6fab91398676c15946a02cb5c5c84c8f7
90946622980,30564423242,clang-format,clang_format,completed,success,2026-07-30T17:11:07Z,2026-07-30T17:11:11Z,4,56ede214cc16dafad6b64a28abb71c035d464b6b
90943110147,30563783899,clang-format,clang_format,completed,success,2026-07-30T16:57:10Z,2026-07-30T16:57:16Z,6,433d1f9100c46d7a3046d2f2779e7e89d25c3ee2
90942280825,30563416102,clang-format,clang_format,completed,success,2026-07-30T16:53:50Z,2026-07-30T16:53:53Z,3,3e4295fe90d029194e7bb3d0d580d4ce9450717e
90938388228,30555778574,clang-format,clang_format,completed,success,2026-07-30T16:38:35Z,2026-07-30T16:38:39Z,4,5f1ec77e0580a82c5ceb4b63c0107a5f328055ac
90886080494,30547139710,clang-format,clang_format,completed,success,2026-07-30T13:29:27Z,2026-07-30T13:29:33Z,6,01779be114235f68ec2c5073872b740fa9bd634f
90885477516,30544820673,clang-format,clang_format,completed,success,2026-07-30T13:27:14Z,2026-07-30T13:27:20Z,6,bd8db29ca15aa0b918fec4d420ddc6ff011908f8
90877513731,30544617235,clang-format,clang_format,completed,success,2026-07-30T12:55:33Z,2026-07-30T12:55:40Z,7,8367542db4cb23bc6945754847dabf9c0d7f8ee8
90876958634,30544253301,clang-format,clang_format,completed,success,2026-07-30T12:53:19Z,2026-07-30T12:53:25Z,6,b5c8e45fcfe4ab70dc75f48fa5555f59e0756f4a
90871787959,30542924646,clang-format,clang_format,completed,success,2026-07-30T12:31:53Z,2026-07-30T12:32:00Z,7,4b1f4a37c04f1dc95742c091f0758878e1c3d95c
90870739483,30542544462,clang-format,clang_format,completed,success,2026-07-30T12:27:22Z,2026-07-30T12:27:29Z,7,bb94b3b9d4036105b126e3bf50762f26628ac606
90867188789,30541522539,clang-format,clang_format,completed,success,2026-07-30T12:11:28Z,2026-07-30T12:11:38Z,10,aaafcd9025e6867758ad42ce1540fcb588d966ab
90867234677,30541356506,clang-format,clang_format,completed,success,2026-07-30T12:11:40Z,2026-07-30T12:11:46Z,6,e677c4d388ec9eee504a6d6b7276995cd0ed8a29
90866062184,30541180760,clang-format,clang_format,completed,success,2026-07-30T12:06:24Z,2026-07-30T12:06:29Z,5,50b3999c4357b7aef56294a99dc57740c745a94b
90866124420,30541095844,clang-format,clang_format,completed,success,2026-07-30T12:06:42Z,2026-07-30T12:06:49Z,7,15475c6527ac6f2b2935b6778b078170b0149dc3
90865138730,30540890231,clang-format,clang_format,completed,success,2026-07-30T12:02:15Z,2026-07-30T12:02:21Z,6,4e41fce57ac8af5a6c19a6d04a25451864075308
90865328945,30540614464,clang-format,clang_format,completed,success,2026-07-30T12:03:07Z,2026-07-30T12:03:13Z,6,4434273ebc848b4773cbdf992e49c1fb70f8d412
90864547847,30540526486,clang-format,clang_format,completed,success,2026-07-30T11:59:41Z,2026-07-30T11:59:50Z,9,8d57ee7a3a05ac1d120a1607c8c696a34a7eb941
90864595750,30540369686,clang-format,clang_format,completed,success,2026-07-30T11:59:48Z,2026-07-30T11:59:53Z,5,9f95177845b238070d4270f11bf6ead9932487d0
90849612704,30536081610,clang-format,clang_format,completed,success,2026-07-30T10:48:24Z,2026-07-30T10:48:32Z,8,9337493a306a410025cb9aac5f046cc6e18e22b3
90849192507,30535954854,clang-format,clang_format,completed,success,2026-07-30T10:46:17Z,2026-07-30T10:46:22Z,5,8a74ed8dfc97cd10e9e26be612a80f68ddfb827a
90844022332,30534051798,clang-format,clang_format,completed,success,2026-07-30T10:22:04Z,2026-07-30T10:22:12Z,8,ff99f19460a21e6379429342edfd69f027d8f8b9
90842430961,30533901069,clang-format,clang_format,completed,success,2026-07-30T10:14:34Z,2026-07-30T10:14:38Z,4,20b4c51db2ed6155d315260d37cf4583f594ec64
90844158155,30533814418,clang-format,clang_format,completed,success,2026-07-30T10:22:40Z,2026-07-30T10:22:46Z,6,9f2b519603277c6dd297a825dc0740ee5223fb96
90841494621,30533615029,clang-format,clang_format,completed,success,2026-07-30T10:10:01Z,2026-07-30T10:10:05Z,4,16e69492ab896cf0443560eddc76c131cf105d29
90838972827,30532838143,clang-format,clang_format,completed,success,2026-07-30T09:59:03Z,2026-07-30T09:59:09Z,6,32cae5c7c8c466419f121e30d2adda48e7b043d8
90838495267,30532273363,clang-format,clang_format,completed,success,2026-07-30T09:56:21Z,2026-07-30T09:56:27Z,6,c23f3be5d195d16f19c8644baa681f3769ce28af
90830661616,30530260071,clang-format,clang_format,completed,success,2026-07-30T09:20:01Z,2026-07-30T09:20:06Z,5,4f23da6851d3dba7a3bcf56a6dfabd2df269adba
95345220575,32015343431,clang-format,clang_format,completed,success,2026-08-17T09:34:41Z,2026-08-17T09:34:48Z,7,95498862244632c2fed8b6e242eebc0b58db85b0
95340653947,32014398346,clang-format,clang_format,completed,success,2026-08-17T09:17:03Z,2026-08-17T09:17:11Z,8,99404704994a45200158a50b57468785570bc62a
95335818401,32011983536,clang-format,clang_format,completed,success,2026-08-17T08:57:18Z,2026-08-17T08:57:28Z,10,71c21294e5145d99e6d14c5110c7591c6ca7ec9f
95326414533,32009656711,clang-format,clang_format,completed,success,2026-08-17T08:19:33Z,2026-08-17T08:19:39Z,6,da452e1eacf241c2161a24f4922305376082fe13
95320732467,32007608136,clang-format,clang_format,completed,success,2026-08-17T07:53:18Z,2026-08-17T07:53:23Z,5,eb501eb7db0d0ac746af5acc903146c9fc8841ce
95319046235,32006232060,clang-format,clang_format,completed,success,2026-08-17T07:45:27Z,2026-08-17T07:45:34Z,7,e12265c92cdfbdbcfaea4316a651ea64d3f7ebc9
95313653061,32005380901,clang-format,clang_format,completed,success,2026-08-17T07:20:32Z,2026-08-17T07:20:40Z,8,d099db9aebe62fa8b76e1b0600430de854a9017b
95727498785,32142262095,clang-format,clang_format,completed,success,2026-08-18T13:26:02Z,2026-08-18T13:26:09Z,7,71ac7bd59b24e0a45c4c559d203ff38411da2022
95727425084,32142240258,clang-format,clang_format,completed,success,2026-08-18T13:25:52Z,2026-08-18T13:25:59Z,7,60ab24c119c0a0d82a61f9d4be01ac5db4b43277
95726963057,32142097351,clang-format,clang_format,completed,success,2026-08-18T13:23:44Z,2026-08-18T13:23:52Z,8,61ee94697edf717832345677c01a82931fa8d97e
95719942962,32139252344,clang-format,clang_format,completed,success,2026-08-18T13:00:51Z,2026-08-18T13:01:02Z,11,404020b86fa785563b9e073598134aa4ce99fdb6
95709429651,32136493595,clang-format,clang_format,completed,success,2026-08-18T12:24:19Z,2026-08-18T12:24:27Z,8,69886bc15cf1936b922eb59d10707fa40881d388
95691165981,32130260239,clang-format,clang_format,completed,success,2026-08-18T11:14:44Z,2026-08-18T11:14:54Z,10,4fc17d264622d520c8ac021b87720b92d76a535c
95673216209,32124867229,clang-format,clang_format,completed,success,2026-08-18T10:04:37Z,2026-08-18T10:04:45Z,8,2dbdc61fafc1306114e205fb1dff111dd54175db
95671760560,32123821069,clang-format,clang_format,completed,success,2026-08-18T09:59:12Z,2026-08-18T09:59:20Z,8,ce91d5da562d7ca17ff6efca48534b27b531d1de
95626217622,32109152668,clang-format,clang_format,completed,success,2026-08-18T07:03:59Z,2026-08-18T07:04:08Z,9,21a35ae8f661afb4dc8b4ba81916964cb1432781
95624683999,32109038139,clang-format,clang_format,completed,success,2026-08-18T06:57:07Z,2026-08-18T06:57:13Z,6,9d08a8ccf5634fdedf79baf32b81b34f83767598
95624817859,32108357963,clang-format,clang_format,completed,success,2026-08-18T06:57:43Z,2026-08-18T06:57:52Z,9,570c301e72ea11e570a1c2f88c636845fa64ca88
95617516043,32106392351,clang-format,clang_format,completed,success,2026-08-18T06:23:23Z,2026-08-18T06:23:38Z,15,15b9632b70777b5d57846b1fa61e711d4d33dc36
95617567528,32105847141,clang-format,clang_format,completed,success,2026-08-18T06:23:38Z,2026-08-18T06:23:45Z,7,a34937da50caaa645fd4c2d14798803e23a8088b
95604893421,32071329745,clang-format,clang_format,completed,success,2026-08-18T05:16:32Z,2026-08-18T05:16:43Z,11,d5723bf28ac50565dd3cf13631151fcf45ffa36d
95513891563,32070968563,clang-format,clang_format,completed,success,2026-08-17T21:24:57Z,2026-08-17T21:25:06Z,9,0c05b8f6c3f8b75b84bdd496ad59ffe46814e287
95455346945,32052592200,clang-format,clang_format,completed,success,2026-08-17T17:56:56Z,2026-08-17T17:57:08Z,12,355ab038a97e3829ccfb5051b7bd26c020b2fece
95455266784,32052570018,clang-format,clang_format,completed,success,2026-08-17T17:56:37Z,2026-08-17T17:56:44Z,7,0e4da54325e49ae4150c9b5bba25eda1b7e978d5
95449505183,32050823867,clang-format,clang_format,completed,success,2026-08-17T17:33:04Z,2026-08-17T17:33:22Z,18,307ee677ca521cb29e4b1ddd67603ebe1185ba4c
95449664353,32050242774,clang-format,clang_format,completed,success,2026-08-17T17:33:50Z,2026-08-17T17:34:00Z,10,f38eb1628fa5ca27f083c49d8847c76255c93065
95443233683,32048905818,clang-format,clang_format,completed,success,2026-08-17T17:07:13Z,2026-08-17T17:07:22Z,9,33bd69cfc78ff1dc4ee6b55c4b7937e2cccea2fd
95443323050,32048458555,clang-format,clang_format,completed,success,2026-08-17T17:07:51Z,2026-08-17T17:07:58Z,7,7ec006355379c117fc5a46d573be422eb9353da2
95435775714,32046578130,clang-format,clang_format,completed,success,2026-08-17T16:39:06Z,2026-08-17T16:39:13Z,7,530cfeeb7dd454d180ba17ace238f7cb6ad4ab0a
95435682137,32046548123,clang-format,clang_format,completed,success,2026-08-17T16:38:40Z,2026-08-17T16:38:48Z,8,d166f077229fd366960acf678ba7987f115dfc53
95409891180,32037189075,clang-format,clang_format,completed,success,2026-08-17T13:55:31Z,2026-08-17T13:55:39Z,8,5de218cd5d7387a03fb6133d7b22aeb7c35ce9f9
95409860582,32037178069,clang-format,clang_format,completed,cancelled,2026-08-17T13:55:18Z,2026-08-17T13:55:28Z,10,9322d0ebbeaa8ebff6d1b9e312fe59a321effbf7
95409815317,32037161564,clang-format,clang_format,completed,success,2026-08-17T13:55:05Z,2026-08-17T13:55:11Z,6,6bb0955f07c91a27cad489cbbaf426ca92c9b825
95409597492,32037079845,clang-format,clang_format,completed,success,2026-08-17T13:53:49Z,2026-08-17T13:53:56Z,7,28d3f27aba0cb8db5342a622db0c43baeca700ef
95428141011,32035457303,clang-format,clang_format,completed,success,2026-08-17T15:59:45Z,2026-08-17T15:59:51Z,6,4f6ef72dab7ae2b803f2c20c22e5773ff6ff3edd
95404098419,32034807881,clang-format,clang_format,completed,success,2026-08-17T13:28:00Z,2026-08-17T13:28:08Z,8,cd356e0dae3bf0918729e60669186bced216c63c
95402541617,32034781021,clang-format,clang_format,completed,success,2026-08-17T13:23:47Z,2026-08-17T13:23:55Z,8,efca133dcb3daf2152bb71538aa2ebd8a55f1cd3
95398512192,32033490034,clang-format,clang_format,completed,success,2026-08-17T13:08:56Z,2026-08-17T13:09:04Z,8,4e5bd8668ed9903ba03e658396e4b11797f358b6
95402315517,32033344171,clang-format,clang_format,completed,success,2026-08-17T13:22:55Z,2026-08-17T13:23:06Z,11,0fb9df490590d4ebc5759775dd849cad240b627d
95397518734,32033165717,clang-format,clang_format,completed,success,2026-08-17T13:05:21Z,2026-08-17T13:05:29Z,8,38cfbb1d7c8f818df2fe54afea235081282798c4
95396512452,32032841683,clang-format,clang_format,completed,success,2026-08-17T13:01:43Z,2026-08-17T13:01:50Z,7,fc173560ce1e40c7dc28a541d3166188ca757b3d
95392781941,32031378173,clang-format,clang_format,completed,success,2026-08-17T12:47:50Z,2026-08-17T12:48:01Z,11,27df3f33afde35e8a97d19b95473e85a3e666cae
95390588828,32030501004,clang-format,clang_format,completed,success,2026-08-17T12:41:22Z,2026-08-17T12:41:29Z,7,db4b62c8666e7fe8b14cb06891e0ea02a7e8f5c2
95389959882,32030429359,clang-format,clang_format,completed,success,2026-08-17T12:37:12Z,2026-08-17T12:37:20Z,8,0b086fe243bf3752e04609c5e4a3214cb9112e98
95386681903,32029692781,clang-format,clang_format,completed,success,2026-08-17T12:24:28Z,2026-08-17T12:24:36Z,8,5da1fe2905db7f03effe06b5d9afba6b8fb45142
95371261902,32024607844,clang-format,clang_format,completed,success,2026-08-17T11:22:24Z,2026-08-17T11:22:32Z,8,18970aeadcc08b262cb76c0d2288726669fd4bf6
95367257758,32023132045,clang-format,clang_format,completed,success,2026-08-17T11:06:06Z,2026-08-17T11:06:16Z,10,3f4dcbb566d0e26e155acd0453156ee7b0a58cd8
95366273378,32021048588,clang-format,clang_format,completed,success,2026-08-17T11:01:54Z,2026-08-17T11:02:01Z,7,c960123929d84d84a952e81b1debd28693b2fa74
95357495052,32019908181,clang-format,clang_format,completed,success,2026-08-17T10:24:36Z,2026-08-17T10:24:44Z,8,20d91cb9a7ddd4bfe2f2e1dcfaf7463e0470d16c
95968098179,32219828560,clang-format,clang_format,completed,success,2026-08-19T05:32:54Z,2026-08-19T05:33:00Z,6,3eb5faefc20b45bd3880d16e77d1b2a2be08bec4
95865563943,32184560206,clang-format,clang_format,completed,success,2026-08-18T20:52:44Z,2026-08-18T20:52:52Z,8,4e56a040836c4cdcda5519a606a68b704eef75f3
95806960038,32166424352,clang-format,clang_format,completed,success,2026-08-18T17:35:40Z,2026-08-18T17:35:46Z,6,99e7cdae096fe15622f7fe0411deb618fe356259
95779024890,32157314920,clang-format,clang_format,completed,success,2026-08-18T16:03:46Z,2026-08-18T16:03:52Z,6,264dea76c47dd41adf7f796181c459d794033be7
95773817015,32156174395,clang-format,clang_format,completed,success,2026-08-18T15:56:28Z,2026-08-18T15:56:35Z,7,0c2c062fd56263e268be4957979da45e099767b2
95772416975,32155746916,clang-format,clang_format,completed,success,2026-08-18T15:39:13Z,2026-08-18T15:39:20Z,7,4b3a9ba3275a664cdf31dea7642cf7bf5533f542
95771741261,32155541908,clang-format,clang_format,completed,success,2026-08-18T15:37:08Z,2026-08-18T15:37:14Z,6,0c4794f1c3029eb8f81de7e35f84f9ee191f8dff
95771665826,32155520248,clang-format,clang_format,completed,success,2026-08-18T15:36:56Z,2026-08-18T15:37:05Z,9,138c0b6b146e31467f473a4629687b775e65ed97
95769363177,32154817428,clang-format,clang_format,completed,success,2026-08-18T15:30:03Z,2026-08-18T15:30:10Z,7,3dd3a6132757a8af89acebc774039ff0afad501d
95767904244,32154379792,clang-format,clang_format,completed,success,2026-08-18T15:25:41Z,2026-08-18T15:25:50Z,9,0bfea2a9c34e9b652efe3acf0c9165d6c3d7632d
95763525774,32152096517,clang-format,clang_format,completed,success,2026-08-18T15:12:46Z,2026-08-18T15:12:54Z,8,8e3e07e6550014da97ee3ea49126e1ef8e50fa93
95763560703,32151703028,clang-format,clang_format,completed,success,2026-08-18T15:13:09Z,2026-08-18T15:13:15Z,6,7bc242e744201cd112b384b3691554adb6a64d3e
95757165181,32151180490,clang-format,clang_format,completed,success,2026-08-18T15:00:08Z,2026-08-18T15:00:18Z,10,63deaa5728237c49530d3dc558a3e3bfc0af2bed
95765205673,32151055324,clang-format,clang_format,completed,success,2026-08-18T15:17:41Z,2026-08-18T15:17:50Z,9,afd3b5a73cefd60aee218e397cfe4f9c75d02a64
95750326954,32148028028,clang-format,clang_format,completed,success,2026-08-18T14:34:20Z,2026-08-18T14:34:39Z,19,0bbd657a0336b5eaa64aafc1bd55ef3592662038
95734626603,32144426788,clang-format,clang_format,completed,success,2026-08-18T13:47:56Z,2026-08-18T13:48:05Z,9,cba03506a1f6fa1bb1e74b7378dea08d2ba3d702
95739086438,32144386112,clang-format,clang_format,completed,success,2026-08-18T14:02:46Z,2026-08-18T14:02:57Z,11,4259b05e864ec1873a325e67080f19aa9e1aa555
95728757661,32142454358,clang-format,clang_format,completed,success,2026-08-18T13:35:30Z,2026-08-18T13:35:38Z,8,283f83b2d6f6e23d0378d956742a3e452b124b67
96335307268,32339412444,clang-format,clang_format,completed,success,2026-08-20T06:23:48Z,2026-08-20T06:23:55Z,7,40586f3d577602715679b9f1c9e81164af4aeb06
96331748805,32338206879,clang-format,clang_format,completed,success,2026-08-20T06:06:25Z,2026-08-20T06:06:31Z,6,c8f08d7453d907f647b6d70943d95271f775fd5d
96330872994,32337893114,clang-format,clang_format,completed,success,2026-08-20T06:02:00Z,2026-08-20T06:02:10Z,10,161ba2443629210e98dc760d3c93a2658fe58c16
96329536471,32337406346,clang-format,clang_format,completed,success,2026-08-20T05:54:41Z,2026-08-20T05:54:49Z,8,f238e662267441b8cb204a86322381a6362d55a8
96328543228,32337056558,clang-format,clang_format,completed,success,2026-08-20T05:49:09Z,2026-08-20T05:49:15Z,6,8d0b0ce660dece383367f52cbe109343b2628a8d
96326054773,32336169392,clang-format,clang_format,completed,success,2026-08-20T05:35:20Z,2026-08-20T05:35:27Z,7,f8e9d7e72c77430c7d52c67bf98acc7084529aa8
96323956172,32335422584,clang-format,clang_format,completed,success,2026-08-20T05:23:46Z,2026-08-20T05:23:51Z,5,a47b1db2c4837bacd75f39f7c3a26de5fe390649
96224589677,32301423108,clang-format,clang_format,completed,success,2026-08-19T20:58:23Z,2026-08-19T20:58:29Z,6,4df1642975835150de7eaa43ea41f6161702b066
96222831383,32300863764,clang-format,clang_format,completed,success,2026-08-19T20:52:06Z,2026-08-19T20:52:13Z,7,681c4f0c005edae79bdeb470de9591cc2d30fe86
96222438781,32300737802,clang-format,clang_format,completed,success,2026-08-19T20:50:40Z,2026-08-19T20:50:46Z,6,1b3992ea0bbc7ba1aa6f2d54b6179178aded7225
96221495611,32300435874,clang-format,clang_format,completed,success,2026-08-19T20:47:22Z,2026-08-19T20:47:33Z,11,b0323fb73053aa02be09bb724e93c9cb67cb059d
96214053186,32298081968,clang-format,clang_format,completed,success,2026-08-19T20:21:32Z,2026-08-19T20:21:48Z,16,03f6a638d5d58feeccb7461f7be080f71c06b486
96201493766,32294154538,clang-format,clang_format,completed,success,2026-08-19T19:38:42Z,2026-08-19T19:38:50Z,8,a508c886c66ea6c6761069e34f82335da7476d62
96189850859,32290472373,clang-format,clang_format,completed,success,2026-08-19T18:59:19Z,2026-08-19T18:59:28Z,9,00b7a9f5570c1a6037e2c5dff623f0cb1b045d71
96181477020,32287833566,clang-format,clang_format,completed,success,2026-08-19T18:31:41Z,2026-08-19T18:31:47Z,6,2bcd8cfa0d62b5e7f64c1c2933c0d79ad609138e
96162293177,32281868747,clang-format,clang_format,completed,success,2026-08-19T17:29:18Z,2026-08-19T17:29:25Z,7,c968ee223a2bc2945bf226aab982913d3cd4bd73
96162179957,32281832689,clang-format,clang_format,completed,success,2026-08-19T17:28:56Z,2026-08-19T17:29:03Z,7,556f9f19c83ae8c0f842b6d4690a217fe27c1941
96143720128,32258973075,clang-format,clang_format,completed,success,2026-08-19T16:28:16Z,2026-08-19T16:28:24Z,8,484c0eb5520cc7d9e6013f9c032234779b2ce52b
96083416538,32257764725,clang-format,clang_format,completed,success,2026-08-19T13:23:01Z,2026-08-19T13:23:07Z,6,8e9b132b24750f6b66b5d19e516f1ade29c7dc74
96081613859,32257217534,clang-format,clang_format,completed,success,2026-08-19T13:17:10Z,2026-08-19T13:17:17Z,7,9815c2175240c126e0e6cfdcd76dbcbf4bab9fac
96081529573,32257192888,clang-format,clang_format,completed,success,2026-08-19T13:16:54Z,2026-08-19T13:17:03Z,9,b96109007e597670ed5b5c19bc19be7e1e31d942
96069393219,32253397011,clang-format,clang_format,completed,success,2026-08-19T12:34:54Z,2026-08-19T12:34:59Z,5,6388f5d40fa3eeba1bad1b1adae527893e51125f
96048002996,32246478141,clang-format,clang_format,completed,success,2026-08-19T11:12:55Z,2026-08-19T11:13:04Z,9,86c41796fad1fa09b37db5ec171008cb287707fb
96044843050,32245443414,clang-format,clang_format,completed,success,2026-08-19T11:00:23Z,2026-08-19T11:00:33Z,10,a44b9e28b9615674c458b85106353d1c434d156c
96044729029,32245404716,clang-format,clang_format,completed,success,2026-08-19T10:59:56Z,2026-08-19T11:00:08Z,12,b6ea83460af24d833879287503f0af74edb74bf6
96044116014,32245202209,clang-format,clang_format,completed,success,2026-08-19T10:57:27Z,2026-08-19T10:57:33Z,6,b0aaa9cbb331a3f40f7b7dab52bcb68eff60ff22
96038005105,32243184661,clang-format,clang_format,completed,success,2026-08-19T10:32:34Z,2026-08-19T10:32:43Z,9,a4caba33bfe588af921e1664ae6d6ba82d29c6d1
96028065428,32239938141,clang-format,clang_format,completed,success,2026-08-19T09:53:43Z,2026-08-19T09:53:53Z,10,48711bc9bbe2861b88bee2aa5c5152966a4c7e5b
96013855602,32235316809,clang-format,clang_format,completed,success,2026-08-19T08:59:24Z,2026-08-19T08:59:31Z,7,cdb41d59aa729a35c4c3b9c965848838f684f81d
96010172412,32234114421,clang-format,clang_format,completed,success,2026-08-19T08:44:56Z,2026-08-19T08:45:04Z,8,6bb1cfc11178d086be663ac2db08cc37b427eb10
96011586495,32233984754,clang-format,clang_format,completed,success,2026-08-19T08:50:28Z,2026-08-19T08:50:34Z,6,15df564ac20f6d843ec82d57cacc439dcc925ff4
96008847925,32233689464,clang-format,clang_format,completed,success,2026-08-19T08:39:41Z,2026-08-19T08:39:52Z,11,bce2d6b8aab13ea102e3e0cae39b5ffd25ba7f3c
96007993284,32233413349,clang-format,clang_format,completed,success,2026-08-19T08:36:33Z,2026-08-19T08:36:41Z,8,d22fdfe8d7a8dc3075ce8044ba5150c16d2edf8b
96006678614,32232990957,clang-format,clang_format,completed,success,2026-08-19T08:31:42Z,2026-08-19T08:31:49Z,7,e6cfbc600bb99881a1a4f08ed6f9e3fb3733d30d
96003387407,32231915207,clang-format,clang_format,completed,success,2026-08-19T08:18:57Z,2026-08-19T08:19:09Z,12,5053ee4988f31069043c441b8598a31c97113044
96002278304,32231131014,clang-format,clang_format,completed,success,2026-08-19T08:13:33Z,2026-08-19T08:13:40Z,7,5bb80b0309a371123b0f846843052af93652fced
95995419728,32228874212,clang-format,clang_format,completed,success,2026-08-19T07:45:08Z,2026-08-19T07:45:16Z,8,f1af5a1f49e43f393b38bf499bf39523a3831ade
95990019523,32227457572,clang-format,clang_format,completed,success,2026-08-19T07:21:38Z,2026-08-19T07:21:46Z,8,695a134ca203866ca04fb48f9e8a25164bcafb9c
95989928248,32227428462,clang-format,clang_format,completed,success,2026-08-19T07:21:15Z,2026-08-19T07:21:22Z,7,41dec0bff55c70d2423ad8cc54c936a1bf81d407
95989864627,32227408113,clang-format,clang_format,completed,success,2026-08-19T07:21:00Z,2026-08-19T07:21:06Z,6,e83484333d43ba7f50b0706beddcb9eaeb444937
95989792752,32227385252,clang-format,clang_format,completed,success,2026-08-19T07:20:42Z,2026-08-19T07:20:52Z,10,444c998af9dbaab4c54d046b6c63571594182969
95984099265,32225324723,clang-format,clang_format,completed,success,2026-08-19T06:55:00Z,2026-08-19T06:55:09Z,9,e2d866a3e052acbee4af076554e7500d7e393dfd
95984205376,32225218594,clang-format,clang_format,completed,success,2026-08-19T06:55:46Z,2026-08-19T06:55:55Z,9,88ea42953472b6b21422949273e82964d9da8581
95982736781,32224297950,clang-format,clang_format,completed,success,2026-08-19T06:48:26Z,2026-08-19T06:48:35Z,9,dcac6049cdfa4512bfc09ddf3b27783c7eb34318
95983072980,32224078408,clang-format,clang_format,completed,success,2026-08-19T06:50:05Z,2026-08-19T06:50:12Z,7,4f0549655b2cade968b52d608fd11a5ea87e992f
95982821375,32223994814,clang-format,clang_format,completed,success,2026-08-19T06:49:03Z,2026-08-19T06:49:11Z,8,95a83ec6dc9dccd762743ea355564d49b9070d80
95978200260,32223415750,clang-format,clang_format,completed,success,2026-08-19T06:26:27Z,2026-08-19T06:26:35Z,8,279c3a55efa574e3a535e488097b7ca63873cef7
95972825635,32220896077,clang-format,clang_format,completed,success,2026-08-19T05:59:42Z,2026-08-19T05:59:48Z,6,31771fdc4ce57a077a384747a5e1d78529e42a5e
95972896862,32220265158,clang-format,clang_format,completed,success,2026-08-19T06:00:07Z,2026-08-19T06:00:13Z,6,6ed53efe75f6ffa6b071d02614db7956501ab9e3
96721306396,32465566024,clang-format,clang_format,completed,success,2026-08-21T08:57:20Z,2026-08-21T08:57:26Z,6,e6a37b85beb593e54d74767b2e438f541c017c88
96719096174,32464820466,clang-format,clang_format,completed,success,2026-08-21T08:47:45Z,2026-08-21T08:47:52Z,7,a30c2e7d98e5c406ed3d19344d2c3de07843fca8
96711762212,32462378313,clang-format,clang_format,completed,success,2026-08-21T08:17:20Z,2026-08-21T08:17:29Z,9,a4bb2c1c58de045ce2e1b43a7ed23990c3c50148
96707805720,32461019525,clang-format,clang_format,completed,success,2026-08-21T07:58:41Z,2026-08-21T07:58:49Z,8,e61aa43230cdbcc4e8851ad378902a88df42efa3
96704501158,32459877824,clang-format,clang_format,completed,success,2026-08-21T07:43:20Z,2026-08-21T07:43:29Z,9,2e184c2253469566f4bce05842ec6bde793f3c89
96704542118,32458927016,clang-format,clang_format,completed,success,2026-08-21T07:43:31Z,2026-08-21T07:43:38Z,7,d1b17bcd68e8e484ea7185e86b9eadddc1b8e7cc
96699483621,32458171483,clang-format,clang_format,completed,success,2026-08-21T07:20:13Z,2026-08-21T07:20:21Z,8,e7ed1be4befe832b5f97dac54cf0142d61c5c8bf
96692250119,32426999218,clang-format,clang_format,completed,success,2026-08-21T06:45:51Z,2026-08-21T06:46:02Z,11,1ba5f6f98f18ce2825ef5c405ea7f4e462e4b8e4
96692212202,32425306186,clang-format,clang_format,completed,success,2026-08-21T06:44:28Z,2026-08-21T06:44:37Z,9,35141e5352195272293d20746ddf3d7086edbc74
96602331908,32424123634,clang-format,clang_format,completed,success,2026-08-20T22:24:40Z,2026-08-20T22:24:49Z,9,1ea52183830d1c600f6f3c24440c1f664b289082
96602262993,32424100554,clang-format,clang_format,completed,success,2026-08-20T22:24:22Z,2026-08-20T22:24:31Z,9,d9db6ac9fe8c549e06ce22bc315d41c7a761620f
96590819402,32419593242,clang-format,clang_format,completed,success,2026-08-20T21:37:48Z,2026-08-20T21:38:01Z,13,0f8d39200cbf13aa0f5375dc24e3f146a6e63f86
96583582754,32417830831,clang-format,clang_format,completed,success,2026-08-20T21:10:37Z,2026-08-20T21:10:42Z,5,8a2787af93ef7c198ef01ce4138b52af1a90f91a
96581751586,32417403959,clang-format,clang_format,completed,success,2026-08-20T21:04:02Z,2026-08-20T21:04:11Z,9,70f567aeba680a1379c581743f4f775c7f271cd2
96581072086,32417052973,clang-format,clang_format,completed,success,2026-08-20T21:01:36Z,2026-08-20T21:01:44Z,8,7132f0177150cb43d7f1dc2dcd22909abde1b596
96579874563,32416321257,clang-format,clang_format,completed,success,2026-08-20T20:57:20Z,2026-08-20T20:57:27Z,7,b557bbd21f67925240860af1f854f4846f2392f5
96577507635,32415400960,clang-format,clang_format,completed,success,2026-08-20T20:48:52Z,2026-08-20T20:48:57Z,5,2410f05d22b074fec4a0818e656da801de0e60b2
96575985048,32415191675,clang-format,clang_format,completed,success,2026-08-20T20:43:25Z,2026-08-20T20:43:31Z,6,6de2f03c21cfab107f8419d1b8bb79fa65bc3929
96573239228,32414153763,clang-format,clang_format,completed,success,2026-08-20T20:33:48Z,2026-08-20T20:33:57Z,9,c0c558c4dea4ae9c433f749f90c6df685e8b6fa0
96568652471,32413337772,clang-format,clang_format,completed,success,2026-08-20T20:18:03Z,2026-08-20T20:18:12Z,9,47c5a85bc0ab98cff7739303634af78ee4d21fe4
96564781948,32412144918,clang-format,clang_format,completed,success,2026-08-20T20:04:57Z,2026-08-20T20:05:04Z,7,eca53d0ca395093599a345863fd5a815b17387a6
96565197565,32411478030,clang-format,clang_format,completed,success,2026-08-20T20:06:20Z,2026-08-20T20:06:29Z,9,889722e1765d26e486c121f02d22ee862239c9fb
96559905966,32399923485,clang-format,clang_format,completed,success,2026-08-20T19:48:01Z,2026-08-20T19:48:07Z,6,cbe489ff17d4e73ae79ae194d23b327671dd46a3
96559855733,32399854886,clang-format,clang_format,completed,success,2026-08-20T19:47:53Z,2026-08-20T19:48:00Z,7,6896989b39fe5b5ee6182f61434a410d483b1f38
96524421866,32399622571,clang-format,clang_format,completed,success,2026-08-20T17:48:11Z,2026-08-20T17:48:17Z,6,bf69afb40f3a23b34ad024f321bad061a5db5143
96560313370,32399283984,clang-format,clang_format,completed,success,2026-08-20T19:50:25Z,2026-08-20T19:50:37Z,12,b56e086290fba3ca22c83f7061da2ec15c4a0739
96520249114,32398317525,clang-format,clang_format,completed,success,2026-08-20T17:34:05Z,2026-08-20T17:34:12Z,7,ace613b45e1ed803e1a30a4252768b7294dfe142
96518982120,32397919698,clang-format,clang_format,completed,success,2026-08-20T17:29:50Z,2026-08-20T17:29:56Z,6,baf103cee67caa4e3654b11be1d993326331208f
96517012244,32396323977,clang-format,clang_format,completed,success,2026-08-20T17:23:09Z,2026-08-20T17:23:16Z,7,a64e911244144b62662a20e1ba9f02930c7f3a59
96516777665,32395969708,clang-format,clang_format,completed,success,2026-08-20T17:22:22Z,2026-08-20T17:22:28Z,6,4242d8c9ed72b151cbd39e8f88e515d4ee51e0f9
96510707408,32395333736,clang-format,clang_format,completed,success,2026-08-20T17:02:03Z,2026-08-20T17:02:11Z,8,b0b9d9b92e6391deaca39403907132b18f61d2a8
96508236229,32394550739,clang-format,clang_format,completed,success,2026-08-20T16:53:44Z,2026-08-20T16:53:51Z,7,e597c145b4b675be231f67b3feae1cd7316648e6
96508483632,32393814374,clang-format,clang_format,completed,success,2026-08-20T16:54:34Z,2026-08-20T16:54:47Z,13,4410952f6186d0c35930cb5b220440c005ae733d
96504696133,32393346427,clang-format,clang_format,completed,success,2026-08-20T16:41:51Z,2026-08-20T16:42:01Z,10,73826ec40cc30f4aabcdd531d46ab4b9fdfd5fa4
96502934253,32392894872,clang-format,clang_format,completed,success,2026-08-20T16:35:58Z,2026-08-20T16:36:04Z,6,fb9746c52385578629e1830ed2f440d660351220
96503005239,32376141064,clang-format,clang_format,completed,success,2026-08-20T16:36:25Z,2026-08-20T16:36:34Z,9,54124f3206d64229a668e8023eed8b5350bf7cc4
96443588082,32374827945,clang-format,clang_format,completed,success,2026-08-20T13:32:18Z,2026-08-20T13:32:25Z,7,286bfad8c2a03415d2d9d8d5e3d4696830739784
96443653538,32372373612,clang-format,clang_format,completed,success,2026-08-20T13:33:22Z,2026-08-20T13:33:30Z,8,3904db3a1e8922b1acad3b3a5d7cb7ca07800b08
96443742945,32372084653,clang-format,clang_format,completed,success,2026-08-20T13:33:25Z,2026-08-20T13:33:32Z,7,e63acdb16a46d533247f902c8f25c8d1d2064a6a
96432367123,32371335930,clang-format,clang_format,completed,success,2026-08-20T12:54:55Z,2026-08-20T12:55:02Z,7,87346200d69465b62de1e469d7462d255378c54b
96432499671,32368456165,clang-format,clang_format,completed,success,2026-08-20T12:55:23Z,2026-08-20T12:55:34Z,11,f8e7ce035aa6ffd3ee9b37b5921fee36efdfc8ed
96418536798,32366989156,clang-format,clang_format,completed,success,2026-08-20T12:04:54Z,2026-08-20T12:05:04Z,10,da46a2c2197d811270c3bdc4b3c4b1b2e3dc27e7
96418728563,32364296473,clang-format,clang_format,completed,success,2026-08-20T12:05:42Z,2026-08-20T12:05:52Z,10,b96425660f0221cc3d98105980ec54479e61604b
96405091461,32362561704,clang-format,clang_format,completed,success,2026-08-20T11:11:07Z,2026-08-20T11:11:16Z,9,af814cc692c616717b51f4fac5494dab459cdd10
96405164009,32360010403,clang-format,clang_format,completed,success,2026-08-20T11:11:44Z,2026-08-20T11:11:50Z,6,631954b342b65bc0a9201ff8bb0c7e181ef10aa1
96396702063,32359782067,clang-format,clang_format,completed,success,2026-08-20T10:36:51Z,2026-08-20T10:36:57Z,6,69459cd2b1b00bbdbda60a8a6fc98c130b83c68c
96396854691,32356226250,clang-format,clang_format,completed,success,2026-08-20T10:37:37Z,2026-08-20T10:37:48Z,11,7344e993165394cfcef3df4f96293aa9685b753a
96383069556,32354196978,clang-format,clang_format,completed,success,2026-08-20T09:43:26Z,2026-08-20T09:43:32Z,6,626b3f6ca6b3e19a213d4c0b01ca7d221defe63b
96382998190,32353138059,clang-format,clang_format,completed,success,2026-08-20T09:42:45Z,2026-08-20T09:42:56Z,11,e765992f78e8df9f38d89038c47ab21d4d48ed2b
96375645579,32352867404,clang-format,clang_format,completed,success,2026-08-20T09:14:34Z,2026-08-20T09:14:42Z,8,5e99689ad463d474f38c05e7b658d62c68b5e912
96371693850,32350316373,clang-format,clang_format,completed,success,2026-08-20T08:59:43Z,2026-08-20T08:59:51Z,8,ba04a1a6a116c486146bacc6d1bad46f3fd8bbaa
96371742806,32349760481,clang-format,clang_format,completed,success,2026-08-20T09:00:25Z,2026-08-20T09:00:36Z,11,9b4bb34f4c14b7f6734068c5897a97b122f2d87e
96360601405,32347944270,clang-format,clang_format,completed,success,2026-08-20T08:15:55Z,2026-08-20T08:16:01Z,6,decbd7780fbaae3117bcefc2204064912be613a9
96359310506,32346934738,clang-format,clang_format,completed,success,2026-08-20T08:11:03Z,2026-08-20T08:11:12Z,9,a7bc4260935a8069a193fc562927b94dbc0b392a
96351403686,32344876683,clang-format,clang_format,completed,success,2026-08-20T07:37:43Z,2026-08-20T07:37:50Z,7,12af5db24763940479bde630a2e569bba60bcf46
96349842470,32344366967,clang-format,clang_format,completed,success,2026-08-20T07:30:57Z,2026-08-20T07:31:04Z,7,9ca205d08ba46cf75a905db25dcd77cda1c340e9
96349768076,32344340505,clang-format,clang_format,completed,success,2026-08-20T07:30:38Z,2026-08-20T07:30:46Z,8,019e83cc76bdfe2750975135ab1db8c5ab918cbf
96348649133,32343971796,clang-format,clang_format,completed,success,2026-08-20T07:25:56Z,2026-08-20T07:26:04Z,8,48e99a2e4253347165bc9b8187ea11ec62b8c669
96346545537,32343271090,clang-format,clang_format,completed,success,2026-08-20T07:17:04Z,2026-08-20T07:17:12Z,8,5e67e43e647b15b5f93cedeca674b368468e6e65
96346409648,32343235989,clang-format,clang_format,completed,cancelled,2026-08-20T07:16:46Z,2026-08-20T07:16:55Z,9,e7b4478fd913f9fafa7144671e0f3ad7ac4450e9
96336223063,32339730090,clang-format,clang_format,completed,success,2026-08-20T06:31:11Z,2026-08-20T06:31:18Z,7,bebbd63f8bc56f9d28e881f47fb55adabb280719
96992703797,32532906300,clang-format,clang_format,completed,success,2026-08-22T06:27:25Z,2026-08-22T06:27:33Z,8,f32e516171374d752112b09319f2e370a8c42f44
96909576656,32526514936,clang-format,clang_format,completed,success,2026-08-21T21:01:49Z,2026-08-21T21:01:58Z,9,d5c4dd65457369f554f975a52aeccca47876f767
96870390672,32513689457,clang-format,clang_format,completed,success,2026-08-21T18:30:24Z,2026-08-21T18:30:31Z,7,8d615032991bdd47f9b6132e4106446b676a65eb
96868161602,32512981631,clang-format,clang_format,completed,success,2026-08-21T18:22:16Z,2026-08-21T18:22:22Z,6,05a1ed5ee2a8ad7a321de50cad061f4c9415821d
96864078976,32484051107,clang-format,clang_format,completed,success,2026-08-21T18:07:20Z,2026-08-21T18:07:33Z,13,87cd55e7a1657739f24f4a4870fe9256c7782c5c
96775089141,32483598017,clang-format,clang_format,completed,success,2026-08-21T12:47:43Z,2026-08-21T12:47:51Z,8,ca02a2077f758c72e30da9607a0187029350da85
96772650504,32482800991,clang-format,clang_format,completed,success,2026-08-21T12:38:11Z,2026-08-21T12:38:21Z,10,f823595cc2d2d7321a05dc8123c7047eddfcd992
96772364281,32482707776,clang-format,clang_format,completed,success,2026-08-21T12:37:18Z,2026-08-21T12:37:38Z,20,c8587e9940269f710874f2eeb8633f9aa3bd871c
96772172682,32482646887,clang-format,clang_format,completed,success,2026-08-21T12:36:08Z,2026-08-21T12:36:15Z,7,da5c5462dd65b7b6c8fa1b6ca77f1d8855aad595
96752031149,32475891071,clang-format,clang_format,completed,success,2026-08-21T11:09:14Z,2026-08-21T11:09:21Z,7,15d8215a2e618d47662d55cc0c33dfc01ef702df
96751814571,32475819511,clang-format,clang_format,completed,success,2026-08-21T11:08:18Z,2026-08-21T11:08:25Z,7,29b6180c7a3a4f812c52fc199ea1512d6e79415e
96747456467,32474333814,clang-format,clang_format,completed,success,2026-08-21T10:49:02Z,2026-08-21T10:49:09Z,7,621e2d65209d8e05ee784e975e9ced616e45f295
96745105734,32473408018,clang-format,clang_format,completed,success,2026-08-21T10:38:13Z,2026-08-21T10:38:21Z,8,6d0e4df9e467d049a52bb74c9fc384c5d6df834a
96744018322,32473163088,clang-format,clang_format,completed,success,2026-08-21T10:33:34Z,2026-08-21T10:33:41Z,7,7233acf5d08f23a9bd9e8caa6c78543cb5f279d3
96735125369,32466284212,clang-format,clang_format,completed,success,2026-08-21T09:55:14Z,2026-08-21T09:55:21Z,7,e82bc27f61332259a2f0b784b7d49e61d67f9821
97008571755,32563487942,clang-format,clang_format,completed,success,2026-08-22T08:53:55Z,2026-08-22T08:54:04Z,9,4be3fd6f48b48b6ac1bfc491ac0ecdb2f97a89d2
97007721992,32563012520,clang-format,clang_format,completed,success,2026-08-22T08:45:56Z,2026-08-22T08:46:03Z,7,9c48491c366b57ea7852aab042a751804dfe42a9
97217616732,32647871451,clang-format,clang_format,completed,success,2026-08-23T15:35:20Z,2026-08-23T15:35:28Z,8,d368b1e7d3aeae369e68628c05b26a725789a028
97217648952,32647168678,clang-format,clang_format,completed,failure,2026-08-23T15:35:36Z,2026-08-23T15:35:47Z,11,bd34f4725b26a79ce672aa7408c2908011bac797
97211668576,32646588102,clang-format,clang_format,completed,success,2026-08-23T14:49:01Z,2026-08-23T14:49:13Z,12,d1c28c7acfd25f14769f2a6e89f9bc96ccd37a22
97194183529,32638736753,clang-format,clang_format,completed,success,2026-08-23T12:27:44Z,2026-08-23T12:27:53Z,9,21229b80a7d1398ee6511f5269ec088f6b7854d2
97194220174,32638566006,clang-format,clang_format,completed,success,2026-08-23T12:28:26Z,2026-08-23T12:28:33Z,7,af5328f3ea7a28d7bc890ad0f2e26dcf9b9a429a
97187723056,32633983642,clang-format,clang_format,completed,success,2026-08-23T11:32:10Z,2026-08-23T11:32:18Z,8,a812e69f6ad407df4d4ac6366993294b3fb1734b
97187646349,32631332880,clang-format,clang_format,completed,success,2026-08-23T11:31:32Z,2026-08-23T11:31:39Z,7,777148a0b3dfe514e624def572f1555bf76385cc
97174162597,32631191144,clang-format,clang_format,completed,success,2026-08-23T09:30:34Z,2026-08-23T09:30:43Z,9,bfb126b31e36e90f2247172dc9b9ffb5f94a4c36
97174116349,32631171384,clang-format,clang_format,completed,success,2026-08-23T09:30:12Z,2026-08-23T09:30:17Z,5,0c37a944d593c2ab5d64e2143d890d6aaf3866c6
97173905809,32630814492,clang-format,clang_format,completed,success,2026-08-23T09:28:22Z,2026-08-23T09:28:31Z,9,a4c5656b39fcba76e2cca90dceb80adf2c8b6315
97173229367,32630809849,clang-format,clang_format,completed,success,2026-08-23T09:22:21Z,2026-08-23T09:22:31Z,10,6f2d21eb5f34e3becb56c98518e1d4fa7deb4e4d
97172801598,32630639161,clang-format,clang_format,completed,success,2026-08-23T09:18:29Z,2026-08-23T09:18:38Z,9,a29b3c10b6899302e6d40238b38c1c33d60ba848
97169525458,32628472587,clang-format,clang_format,completed,success,2026-08-23T08:50:12Z,2026-08-23T08:50:18Z,6,9a98a7405a1731b84b168e015c88532d12826ed2
97164127991,32627162852,clang-format,clang_format,completed,success,2026-08-23T08:02:01Z,2026-08-23T08:02:09Z,8,5590d1651bf83750f3375410c154da4c912451e0
97161561275,32626087981,clang-format,clang_format,completed,success,2026-08-23T07:38:16Z,2026-08-23T07:38:22Z,6,1f5b88cec02d06e2840dca86486cddee734bee94
97161193349,32625936482,clang-format,clang_format,completed,success,2026-08-23T07:34:51Z,2026-08-23T07:34:59Z,8,52c22aba2ba5241165916298c9e679f9fc21f5a2
97160271592,32625563663,clang-format,clang_format,completed,success,2026-08-23T07:26:26Z,2026-08-23T07:26:33Z,7,9eb5e2a1b37651337b9a5409bb8999cc95d0408b
97159469549,32625239824,clang-format,clang_format,completed,success,2026-08-23T07:19:08Z,2026-08-23T07:19:15Z,7,7c256a1e5d59f14526700eb1e3d244cfc2a6252d
97159440641,32625228093,clang-format,clang_format,completed,cancelled,2026-08-23T07:18:47Z,2026-08-23T07:19:02Z,15,ddbccb8d40110d651155f7ecd5e616f4f9c7dfe8
97158537444,32624803855,clang-format,clang_format,completed,success,2026-08-23T07:10:49Z,2026-08-23T07:10:57Z,8,6aab55eb785a6b6ee8c273f25bced97479cc17c1
97157878032,32624603934,clang-format,clang_format,completed,success,2026-08-23T07:04:42Z,2026-08-23T07:04:48Z,6,61b584ecb294c59860fde418bd9c3a6e6f4901f5
97158033229,32624556754,clang-format,clang_format,completed,success,2026-08-23T07:06:11Z,2026-08-23T07:06:19Z,8,c4b6fe3a951f548e1d9ecaca434c40aca1cda47a
97154519219,32623225264,clang-format,clang_format,completed,success,2026-08-23T06:33:15Z,2026-08-23T06:33:21Z,6,64e0f799e33a132e7f47d8ce7e50cd40f065cc9c
97154495475,32623215777,clang-format,clang_format,completed,success,2026-08-23T06:33:01Z,2026-08-23T06:33:11Z,10,58b77beee8baad8562ccdc79c7a09f4add607f2e
97153596878,32622282714,clang-format,clang_format,completed,success,2026-08-23T06:24:44Z,2026-08-23T06:24:53Z,9,1f89cff6e0dc0ba7adf9ef41bfc3dac55ca89ad1
97153555003,32622241671,clang-format,clang_format,completed,success,2026-08-23T06:24:20Z,2026-08-23T06:24:28Z,8,82584009d37b0b299d4ccc5e65ec235019b097e7
97104691371,32603310749,clang-format,clang_format,completed,success,2026-08-22T22:45:02Z,2026-08-22T22:45:12Z,10,10518ad2678515b9a660e8bafce5a595ff093193
97104756185,32588025817,clang-format,clang_format,completed,success,2026-08-22T22:45:42Z,2026-08-22T22:45:48Z,6,960f77c61554d13cfddaf87a3a2340b74637720d
97104854135,32587437008,clang-format,clang_format,completed,success,2026-08-22T22:46:28Z,2026-08-22T22:46:36Z,8,fcfdb5ba58accda7061b77df7bf80cf14d0cf963
97063196596,32586355312,clang-format,clang_format,completed,success,2026-08-22T16:59:08Z,2026-08-22T16:59:14Z,6,28492a678d2d410ce89cf1a56f56d3b2797d8211
97063169435,32586344519,clang-format,clang_format,completed,success,2026-08-22T16:58:55Z,2026-08-22T16:59:04Z,9,5af5454b26bb418dce67d0c992f034d9f60a5e8c
97063242070,32585630301,clang-format,clang_format,completed,success,2026-08-22T17:00:24Z,2026-08-22T17:00:32Z,8,b17243913ffc29cef63e1546f7dad08e324949a2
97061361818,32585594688,clang-format,clang_format,completed,success,2026-08-22T16:44:01Z,2026-08-22T16:44:08Z,7,fbc69196d9ed753a6100c8209f6b34c4e3076407
97060871226,32585391741,clang-format,clang_format,completed,success,2026-08-22T16:40:14Z,2026-08-22T16:40:24Z,10,ab9eb11dd4d7eb9904838f3decabbe705f65d9af
97060811071,32585366545,clang-format,clang_format,completed,success,2026-08-22T16:39:31Z,2026-08-22T16:39:38Z,7,91e75e853b6ba64b935f38084694eb561ca86da0
97060806442,32585364654,clang-format,clang_format,completed,success,2026-08-22T16:39:29Z,2026-08-22T16:39:37Z,8,3c788f453a44523eb79127fc62cc5cf0f7160f72
97061070316,32582398680,clang-format,clang_format,completed,success,2026-08-22T16:41:37Z,2026-08-22T16:41:44Z,7,ed39ac9ef51ea45c0e56711299ab1d0b597eaf81
97051025020,32581324843,clang-format,clang_format,completed,success,2026-08-22T15:19:03Z,2026-08-22T15:19:11Z,8,588fd45e6ca3bcef27aba0d221d5fd7291da8e34
97052055233,32581255781,clang-format,clang_format,completed,success,2026-08-22T15:27:56Z,2026-08-22T15:28:04Z,8,b6efed54fb51e4cdd5ad2e2f7fad071139d6cf47
97052031554,32581252554,clang-format,clang_format,completed,success,2026-08-22T15:27:24Z,2026-08-22T15:27:34Z,10,65f1e39f7bc4e1b4cbcc2c1e413da3e33098916d
97050710077,32581194790,clang-format,clang_format,completed,success,2026-08-22T15:16:26Z,2026-08-22T15:16:35Z,9,8da38a52e3995d5c1817f5afd71c520a3d5f9146
97050034518,32580917836,clang-format,clang_format,completed,success,2026-08-22T15:10:57Z,2026-08-22T15:11:06Z,9,c7a50a4fa7232d6331737d4c61cbf434751b40f9
97049799667,32580821604,clang-format,clang_format,completed,success,2026-08-22T15:09:05Z,2026-08-22T15:09:10Z,5,985436e84fe16d0f8cc162bd36a4e807400cd510
97047740477,32579946544,clang-format,clang_format,completed,success,2026-08-22T14:51:58Z,2026-08-22T14:52:05Z,7,d82d85c0924907b804ab5d2e3ec3de8aa0bda379
97046618039,32579319106,clang-format,clang_format,completed,success,2026-08-22T14:51:35Z,2026-08-22T14:51:45Z,10,801e16521e84eda2d1f05c50b1a72e71a25a7a2c
97046190437,32579164466,clang-format,clang_format,completed,success,2026-08-22T14:40:57Z,2026-08-22T14:41:06Z,9,4dcba309381b6b4de8c56b209269ac9273ee5e0a
97045533519,32579033505,clang-format,clang_format,completed,success,2026-08-22T14:33:34Z,2026-08-22T14:33:42Z,8,d26943bee78a5208225201906990a45f63cd7939
97044977453,32578799039,clang-format,clang_format,completed,success,2026-08-22T14:28:41Z,2026-08-22T14:28:48Z,7,dd053441b934ad3cdf36be0b467476136aed31af
97044854337,32578745978,clang-format,clang_format,completed,success,2026-08-22T14:27:59Z,2026-08-22T14:28:07Z,8,5a4489d62dab548c4eeffe04fe543acaa65260ad
97044788522,32578719501,clang-format,clang_format,completed,success,2026-08-22T14:28:27Z,2026-08-22T14:28:34Z,7,4aec6dd79a3f1bcb2ac2f5e390c513e5f114ea0f
97044390429,32578553519,clang-format,clang_format,completed,success,2026-08-22T14:23:20Z,2026-08-22T14:23:29Z,9,178c2aeac510a140501406074f5f16b677651de2
97044180868,32578463085,clang-format,clang_format,completed,success,2026-08-22T14:21:35Z,2026-08-22T14:21:44Z,9,d2e758829dd63dd037db036e18e0b967d9ee6007
97044039427,32578404977,clang-format,clang_format,completed,success,2026-08-22T14:20:22Z,2026-08-22T14:20:32Z,10,fd86ee1da9d14a9c59c029c0baddc484360370b7
97043748852,32578282951,clang-format,clang_format,completed,success,2026-08-22T14:17:53Z,2026-08-22T14:18:04Z,11,a43b7add567861171b4203e9354dfc4e658c2843
97043463245,32578163325,clang-format,clang_format,completed,success,2026-08-22T14:16:40Z,2026-08-22T14:16:49Z,9,66e398233520355f72d13bb68ef5d4ee96736d76
97043413886,32578143372,clang-format,clang_format,completed,success,2026-08-22T14:14:59Z,2026-08-22T14:15:06Z,7,8d8cbf5b7bc61f731c8a37a2af88a0307ef88d9a
97042686449,32577835226,clang-format,clang_format,completed,success,2026-08-22T14:08:49Z,2026-08-22T14:08:54Z,5,e1d0aeea11c1fe7a2b43daa9bb5a3c04189a4a3f
97043095052,32577825349,clang-format,clang_format,completed,success,2026-08-22T14:12:19Z,2026-08-22T14:12:29Z,10,7b4a453c7af3c78fcd97b7b6efdaf9fdbbd30d74
97042417194,32577727836,clang-format,clang_format,completed,success,2026-08-22T14:07:11Z,2026-08-22T14:07:20Z,9,d4d10ed6bf138098c8621b05d54644343c1fe461
97042000540,32577562215,clang-format,clang_format,completed,success,2026-08-22T14:03:13Z,2026-08-22T14:03:22Z,9,dea8ff4b0a527aaccde20d6c6ed6c739568a6ea3
97042389221,32577291744,clang-format,clang_format,completed,success,2026-08-22T14:06:22Z,2026-08-22T14:06:33Z,11,c8ac01ecbf0bbd8825559b65d05f2505c6526f94
97041364906,32576856564,clang-format,clang_format,completed,success,2026-08-22T13:57:53Z,2026-08-22T13:58:00Z,7,d8aad2552c0911b23085da809cf5d680a3e562a6
97040306201,32576840541,clang-format,clang_format,completed,success,2026-08-22T13:48:31Z,2026-08-22T13:48:38Z,7,7f1c69b92b5bfce72d8ea8452799439e3f31d49d
97039507978,32576496385,clang-format,clang_format,completed,success,2026-08-22T13:41:38Z,2026-08-22T13:41:46Z,8,fbe9fe795e28ce4d7881b182a753dfee99f506bc
97033782871,32574100494,clang-format,clang_format,completed,success,2026-08-22T12:50:55Z,2026-08-22T12:51:04Z,9,0c79298731fe12c856675e2d4b065d2d016f11cf
97033753870,32574087886,clang-format,clang_format,completed,success,2026-08-22T12:50:39Z,2026-08-22T12:50:49Z,10,df59ce831cf181bece78dfe1c48f56fdf1c79c02
97033223288,32573791849,clang-format,clang_format,completed,success,2026-08-22T12:45:47Z,2026-08-22T12:45:54Z,7,1de25939622297b62d2ffac1c6534246088880dc
97032850069,32573712802,clang-format,clang_format,completed,success,2026-08-22T12:42:25Z,2026-08-22T12:42:33Z,8,ab6d93f89eef3d97e8cf55b534e06e2b538d440c
97032204749,32572885472,clang-format,clang_format,completed,success,2026-08-22T12:36:24Z,2026-08-22T12:36:31Z,7,11ed64b8103d2d43c1816b26d1b719e855278f95
97030546013,32572746367,clang-format,clang_format,completed,success,2026-08-22T12:21:02Z,2026-08-22T12:21:11Z,9,7896ed459d7e33f6dba7183181af78e9aa309904
97026073610,32570889052,clang-format,clang_format,completed,success,2026-08-22T11:39:52Z,2026-08-22T11:39:57Z,5,b9dd41aa8636756f68a8d4fe3cb57e731fa55266
97025898733,32569170813,clang-format,clang_format,completed,success,2026-08-22T11:38:13Z,2026-08-22T11:38:24Z,11,14d4ce4ae902c0d60ae908a3183ae19251d7915d
97019895604,32568237648,clang-format,clang_format,completed,success,2026-08-22T10:40:50Z,2026-08-22T10:40:57Z,7,d7db22b4ba3a7325988fd80e251dfc9a4a78c12e
97019787139,32568192200,clang-format,clang_format,completed,success,2026-08-22T10:39:49Z,2026-08-22T10:39:56Z,7,792df1ad638be7d8be736ce46c028bca60573de1
97017845329,32567365442,clang-format,clang_format,completed,success,2026-08-22T10:20:50Z,2026-08-22T10:20:58Z,8,54481d2b2fc9f83761570effa3470473a4881602
97017403271,32567181905,clang-format,clang_format,completed,success,2026-08-22T10:16:28Z,2026-08-22T10:16:35Z,7,316a2bbf9db12017c94cd512be95eb988c124146
97016413024,32566766115,clang-format,clang_format,completed,success,2026-08-22T10:07:08Z,2026-08-22T10:07:18Z,10,d7565f2fc7688c80d8b74273a24d047da56318f1
97015780792,32566333189,clang-format,clang_format,completed,success,2026-08-22T10:01:23Z,2026-08-22T10:01:31Z,8,f567f03c0e039fd70e3ec85aa50baa94e759624b
97014812357,32566089067,clang-format,clang_format,completed,success,2026-08-22T09:52:07Z,2026-08-22T09:52:13Z,6,bae90dccc3ace366f5b16c64b67a76fee5293395
97014277505,32565822644,clang-format,clang_format,completed,success,2026-08-22T09:47:15Z,2026-08-22T09:47:20Z,5,8e990710fd4a9ba18d2e27b2c8d8228ee1c151fd
97012863279,32565257001,clang-format,clang_format,completed,success,2026-08-22T09:33:24Z,2026-08-22T09:33:29Z,5,752ee469da2251c3f56c627138ce99064e083a4f
97010905414,32564198590,clang-format,clang_format,completed,success,2026-08-22T09:16:44Z,2026-08-22T09:16:54Z,10,70632bd8680b41cd4ee8a6167a0f8ec940b57036
97710908993,32818278996,clang-format,clang_format,completed,success,2026-08-25T06:44:18Z,2026-08-25T06:44:28Z,10,0ae3468fce5255429fc2a5586fa999aa289be1bf
97708036084,32817290702,clang-format,clang_format,completed,success,2026-08-25T06:30:50Z,2026-08-25T06:31:00Z,10,4bde7fbfdac33cbe1de7e57b5169a5b153e7736a
97706785217,32816855961,clang-format,clang_format,completed,success,2026-08-25T06:24:53Z,2026-08-25T06:25:02Z,9,f05d8da71d2af8039018e93d2d7601af1fa10e70
97536990322,32760202070,clang-format,clang_format,completed,success,2026-08-24T18:03:30Z,2026-08-24T18:03:39Z,9,8920f23afcb6956d1cc555c0e6a3c7948d21e2e2
97527200849,32757144250,clang-format,clang_format,completed,success,2026-08-24T17:31:47Z,2026-08-24T17:31:55Z,8,5705a4914cbdc49ac2ec44f954eb5af4aa62f2f6
97525875624,32756025833,clang-format,clang_format,completed,success,2026-08-24T17:27:27Z,2026-08-24T17:27:36Z,9,e90543d1a3ecd18f73aca9f4f046d86d2bf0eb2f
97523568281,32755997512,clang-format,clang_format,completed,success,2026-08-24T17:19:55Z,2026-08-24T17:20:04Z,9,19bf3ac2b5288ea3eb993b48076df82cb476fe8f
97516409261,32753740744,clang-format,clang_format,completed,success,2026-08-24T16:56:35Z,2026-08-24T16:56:43Z,8,b852b8400ed3ed5825599ec9109bfebf530c84fe
97515404885,32753420872,clang-format,clang_format,completed,success,2026-08-24T16:53:18Z,2026-08-24T16:53:25Z,7,f43db528f643d00bf176e7c6d2edfc27112768ab
97509224838,32751408291,clang-format,clang_format,completed,success,2026-08-24T16:33:10Z,2026-08-24T16:33:19Z,9,fdd960db658f2f8ecfb20f706683bfd017ce6152
97506255872,32750560075,clang-format,clang_format,completed,success,2026-08-24T16:23:36Z,2026-08-24T16:23:45Z,9,fb5777b6be6f6e4eb5b6851c1ab43aeb1a1b16c9
97503565203,32749330351,clang-format,clang_format,completed,success,2026-08-24T16:15:03Z,2026-08-24T16:15:09Z,6,2067676e0017762f502cce46c0e6052d9181fef7
97500585436,32748207187,clang-format,clang_format,completed,success,2026-08-24T16:05:56Z,2026-08-24T16:06:05Z,9,a3fafd30c0814671c1decce94c62f8d3d72a2b78
97495771648,32747298099,clang-format,clang_format,completed,success,2026-08-24T15:50:28Z,2026-08-24T15:50:37Z,9,2d85f9523cfac6ebfd343522a53509ef2c59bd4c
97483970837,32743691073,clang-format,clang_format,completed,success,2026-08-24T15:14:59Z,2026-08-24T15:15:07Z,8,4513a834f20197ececa5b0118c5f5826efe213fa
97479667446,32740542592,clang-format,clang_format,completed,success,2026-08-24T15:02:11Z,2026-08-24T15:02:19Z,8,559ad6c02da61efc82d1df8650119de182d95cde
97472861551,32740292409,clang-format,clang_format,completed,success,2026-08-24T14:41:50Z,2026-08-24T14:42:00Z,10,9fc81c1395ae927b0ee8972c00fe4ffb0d1b83b1
97471464887,32739865453,clang-format,clang_format,completed,success,2026-08-24T14:37:38Z,2026-08-24T14:37:45Z,7,026f7fce8b0c67b7411e9bcd7935fc3de446a3d0
97468948395,32739091146,clang-format,clang_format,completed,success,2026-08-24T14:30:13Z,2026-08-24T14:30:23Z,10,49fdd396415c74f042e8c52d6b4d8e40ed9a28b1
97462551922,32737139629,clang-format,clang_format,completed,success,2026-08-24T14:11:14Z,2026-08-24T14:11:23Z,9,7b613a4b9b3450247fe2345387970f1505dab22e
97459821775,32736299391,clang-format,clang_format,completed,success,2026-08-24T14:03:07Z,2026-08-24T14:03:14Z,7,313b773c73065f6138217d856d8006a76e6f99e5
97458784137,32735986292,clang-format,clang_format,completed,success,2026-08-24T14:00:07Z,2026-08-24T14:00:15Z,8,dad0ea5a8cbcdb03ec07cfc5b7ef4096ae7c9e14
97455387357,32734669018,clang-format,clang_format,completed,success,2026-08-24T13:49:17Z,2026-08-24T13:49:27Z,10,64989d41934dbf0ec4b80a0cd83fa143e42e649f
97455559355,32734543949,clang-format,clang_format,completed,success,2026-08-24T13:49:51Z,2026-08-24T13:50:01Z,10,1e85d43757d8b635547b0c1a05a29c4c3e08f618
97453668600,32734389390,clang-format,clang_format,completed,success,2026-08-24T13:43:43Z,2026-08-24T13:43:50Z,7,8dcd0cd46c2d18ef7b08514acb2e0762596bfe30
97451914901,32733830558,clang-format,clang_format,completed,success,2026-08-24T13:38:07Z,2026-08-24T13:38:14Z,7,0e385ffa5872382ff17ec9688578cb5affc183f3
97450305480,32733321176,clang-format,clang_format,completed,success,2026-08-24T13:33:06Z,2026-08-24T13:33:12Z,6,0552eda2ba579ce6317fa92b9695ebb09bd29701
97449185513,32732971028,clang-format,clang_format,completed,success,2026-08-24T13:29:20Z,2026-08-24T13:29:26Z,6,3341645911dc222222e1639c4192a16e14d6436b
97446284746,32732065300,clang-format,clang_format,completed,success,2026-08-24T13:20:12Z,2026-08-24T13:20:21Z,9,cdf802c473ce43c6139078e17aac80f73c5a0eb0
97445966289,32731718086,clang-format,clang_format,completed,success,2026-08-24T13:19:01Z,2026-08-24T13:19:08Z,7,e3dece08473b1f4a03042a4cafe656f893698e8c
97443115493,32731043316,clang-format,clang_format,completed,success,2026-08-24T13:09:42Z,2026-08-24T13:09:50Z,8,278e69b77164fe79e6f41efbd459f80c4f5d1f4e
97444480035,32730993682,clang-format,clang_format,completed,success,2026-08-24T13:14:18Z,2026-08-24T13:14:26Z,8,6fc820296c6b1b98f3be0aa2c2e14974d3b2813c
97440970490,32730088537,clang-format,clang_format,completed,success,2026-08-24T13:02:28Z,2026-08-24T13:02:37Z,9,bd207814c65e030d2b3a89da2e5f63f0d580636b
97437184616,32726702726,clang-format,clang_format,completed,success,2026-08-24T12:49:23Z,2026-08-24T12:49:33Z,10,1b390355c1643962de86c51a0434546409905748
97429049791,32726519078,clang-format,clang_format,completed,success,2026-08-24T12:20:18Z,2026-08-24T12:20:27Z,9,43c7899611d73c3ed41f82e89dd57e88e62a6379
97424114243,32724977628,clang-format,clang_format,completed,success,2026-08-24T12:02:43Z,2026-08-24T12:02:54Z,11,9093aa58195c7d35ca0127a0d79c5ac1ac0dcb9d
97423378828,32724586881,clang-format,clang_format,completed,success,2026-08-24T11:59:58Z,2026-08-24T12:00:09Z,11,2b538436a2f4c08ff21ecf463fa373b5b5ea18d9
97422192995,32724342316,clang-format,clang_format,completed,success,2026-08-24T11:55:25Z,2026-08-24T11:55:32Z,7,edcbacded782c263ee29591202dbd18910405767
97419943233,32723585026,clang-format,clang_format,completed,success,2026-08-24T11:46:35Z,2026-08-24T11:46:44Z,9,1a642cf055e206a0d39b30799c4c698f2b49ce10
97417586923,32722795341,clang-format,clang_format,completed,success,2026-08-24T11:37:26Z,2026-08-24T11:37:36Z,10,01bb322faea0af79efdbec0266dd777b5fb8ed12
97411326737,32720709276,clang-format,clang_format,completed,success,2026-08-24T11:12:59Z,2026-08-24T11:13:09Z,10,bbc8ad5651f1e5203acbddbf5f6c11e577aa6792
97409284162,32720033789,clang-format,clang_format,completed,success,2026-08-24T11:05:11Z,2026-08-24T11:05:19Z,8,dda8ef2c441b409603e1b8c5e4aac91bedf77b14
97407747105,32719518623,clang-format,clang_format,completed,success,2026-08-24T10:59:10Z,2026-08-24T10:59:19Z,9,0bb6518d6365a30e32739875e9339d2512decd66
97410209541,32719270209,clang-format,clang_format,completed,success,2026-08-24T11:08:48Z,2026-08-24T11:08:56Z,8,21c2d213045eedda25009fba500180e8c8babbb4
97404717557,32718498735,clang-format,clang_format,completed,success,2026-08-24T10:46:52Z,2026-08-24T10:47:01Z,9,0d464fd4a1775eef1dcc0fdcdbae5013a74ed4f1
97403573729,32718108034,clang-format,clang_format,completed,success,2026-08-24T10:42:17Z,2026-08-24T10:42:27Z,10,da050bed50be606b8948e5e5d751dd690872448d
97402876309,32717850973,clang-format,clang_format,completed,success,2026-08-24T10:39:32Z,2026-08-24T10:39:39Z,7,8a1114fdc5f7afdd3ca23ad6ee2001851232279e
97402723830,32717774790,clang-format,clang_format,completed,success,2026-08-24T10:38:51Z,2026-08-24T10:39:00Z,9,ac80fcbaad273a3fb036bf737cc7d086d028f4ca
97401620910,32717452414,clang-format,clang_format,completed,success,2026-08-24T10:35:38Z,2026-08-24T10:35:49Z,11,1dce4768c967bacf8cc071318138cbcea0fe7f8c
97401495019,32717410889,clang-format,clang_format,completed,success,2026-08-24T10:33:55Z,2026-08-24T10:34:05Z,10,20a06afa09415b19238d04c0f1e5b12262b17a0e
97397112303,32715804360,clang-format,clang_format,completed,success,2026-08-24T10:16:39Z,2026-08-24T10:16:47Z,8,aab1a71cafa411f1f1eb96902f263bf4de2c5d07
97396557696,32715774557,clang-format,clang_format,completed,success,2026-08-24T10:15:02Z,2026-08-24T10:15:13Z,11,0379bc12dae21c7f41065e7e371636135057bb55
97394788331,32715182472,clang-format,clang_format,completed,success,2026-08-24T10:08:01Z,2026-08-24T10:08:09Z,8,e72b26503e718ccb609e3607a4f663d494faaecc
97394153495,32714972059,clang-format,clang_format,completed,success,2026-08-24T10:05:21Z,2026-08-24T10:05:28Z,7,6e9436ca579ec4f912294f48db7caf33b44832ac
97391955141,32714225783,clang-format,clang_format,completed,success,2026-08-24T09:57:24Z,2026-08-24T09:57:33Z,9,c8c20b360d275e2c6966923dff08a120a92fa9f2
97391660783,32714126623,clang-format,clang_format,completed,success,2026-08-24T09:55:44Z,2026-08-24T09:55:52Z,8,39a651a8a652c57b5fc53c08218da82c31181806
97400832932,32713304748,clang-format,clang_format,completed,success,2026-08-24T10:31:14Z,2026-08-24T10:31:20Z,6,36125f6e7201d51016f8469fa03c44bedb50a7ba
97385734706,32712173877,clang-format,clang_format,completed,success,2026-08-24T09:33:19Z,2026-08-24T09:33:30Z,11,37a4ad15807279ff888adade761ee870471f728e
97385794168,32711687459,clang-format,clang_format,completed,success,2026-08-24T09:38:41Z,2026-08-24T09:38:49Z,8,87cddf9347fedcc162e1f7c9446005fd44182622
97381222775,32710687368,clang-format,clang_format,completed,success,2026-08-24T09:24:59Z,2026-08-24T09:25:05Z,6,b85827e10be072b4c6d81e3424200dd160d11178
97394299384,32710624904,clang-format,clang_format,completed,success,2026-08-24T10:06:15Z,2026-08-24T10:06:22Z,7,2f520c62bdf255c44bf5cbf5a42ff240373239e1
97381277958,32710499780,clang-format,clang_format,completed,success,2026-08-24T09:22:41Z,2026-08-24T09:22:49Z,8,7e983fbf8a9aaeea79e0d38d638251615703e04f
97378147901,32708605358,clang-format,clang_format,completed,success,2026-08-24T09:07:26Z,2026-08-24T09:07:34Z,8,77dbab32f68242ba8461b38f787b264cf493b5ca
97374316117,32707870940,clang-format,clang_format,completed,success,2026-08-24T08:51:02Z,2026-08-24T08:51:10Z,8,ba65e0ec6ddf9800c83794e7a31ca44cc8213395
97371549765,32707476932,clang-format,clang_format,completed,success,2026-08-24T08:40:15Z,2026-08-24T08:40:26Z,11,4fc914b545d2a4002cadfd2e09936958db8dffa0
97367676602,32706180561,clang-format,clang_format,completed,success,2026-08-24T08:24:52Z,2026-08-24T08:24:59Z,7,96af22676fa5fa1eb7be2b0cc0b2efc898c3263f
97361577545,32703816307,clang-format,clang_format,completed,success,2026-08-24T08:14:11Z,2026-08-24T08:14:21Z,10,7d52a223a9f000976a4f82752e5d4070033b18e9
97361622439,32703706211,clang-format,clang_format,completed,success,2026-08-24T08:15:34Z,2026-08-24T08:15:44Z,10,a569d2dc0f0c523f6cf44816ba6cbcb825528511
97356898635,32702554245,clang-format,clang_format,completed,success,2026-08-24T07:43:49Z,2026-08-24T07:43:55Z,6,4f1ae0195d2e99061fc3fa97b76fba15d7383dc2
97355023791,32701911614,clang-format,clang_format,completed,success,2026-08-24T07:31:58Z,2026-08-24T07:32:06Z,8,9a7871822991ae2f44714f4993e390b0efd26ec6
97355228668,32701423348,clang-format,clang_format,completed,success,2026-08-24T07:32:53Z,2026-08-24T07:33:01Z,8,843621f75cb0b59a8fbb98f845bb06f6321894dd
97353499811,32701155900,clang-format,clang_format,completed,success,2026-08-24T07:25:11Z,2026-08-24T07:25:21Z,10,5fb836c4d5d3565cfb9964cd206a9a0919124a64
97351021502,32700554231,clang-format,clang_format,completed,success,2026-08-24T07:13:30Z,2026-08-24T07:13:41Z,11,9a08ce7fbdd601bb4f4cd96273449075f166ba71
97349312316,32699957828,clang-format,clang_format,completed,success,2026-08-24T07:05:11Z,2026-08-24T07:05:17Z,6,9ce4894aedb415d3881f66fc876f6b0da2cd5a6c
97349484948,32699730674,clang-format,clang_format,completed,success,2026-08-24T07:06:02Z,2026-08-24T07:06:11Z,9,dafcc136f0f22047b3555f0e3fc66c469f66cba9
97347542473,32699345996,clang-format,clang_format,completed,success,2026-08-24T06:56:14Z,2026-08-24T06:56:19Z,5,d6dd235eaa708ca27c6bd1d91323ffdd4a5da271
97346762464,32699048676,clang-format,clang_format,completed,success,2026-08-24T06:52:11Z,2026-08-24T06:52:22Z,11,5a95b67da8afe5da67390d9e0b5f85779aa23178
97345084338,32698476199,clang-format,clang_format,completed,success,2026-08-24T06:43:27Z,2026-08-24T06:43:38Z,11,6be639c968ac77f14c130188738be32770b2469e
97345165534,32698031773,clang-format,clang_format,completed,success,2026-08-24T06:44:17Z,2026-08-24T06:44:26Z,9,62bd26ce3e2959a6ba7dd008eb80d8ecb84da815
97345237311,32698003004,clang-format,clang_format,completed,success,2026-08-24T06:46:32Z,2026-08-24T06:46:44Z,12,872fd3faaa1d163ae44a1aa34110a75d260cd0d2
97342791283,32697672263,clang-format,clang_format,completed,success,2026-08-24T06:31:19Z,2026-08-24T06:31:29Z,10,769fa049ae9bf7b7cd73db3ac6cc7cd7203ad98a
97342953996,32697043829,clang-format,clang_format,completed,success,2026-08-24T06:33:00Z,2026-08-24T06:33:08Z,8,0bee40a954cd3994de55b821fff25be267684b5e
97340991508,32696101937,clang-format,clang_format,completed,success,2026-08-24T06:22:10Z,2026-08-24T06:22:16Z,6,73327a6112d99bc5c1bc4d91781b2b8153b67b47
97337303796,32695718956,clang-format,clang_format,completed,success,2026-08-24T06:02:58Z,2026-08-24T06:03:06Z,8,b66b1ad13feb18bb4ccee9bb411598747eb47074
99470752345,33386673558,clang-format,clang_format,completed,success,2026-08-31T11:22:54Z,2026-08-31T11:23:02Z,8,1b39b850ee06b7cc598b37d098f3136e7db809b2
99470638532,33386638630,clang-format,clang_format,completed,success,2026-08-31T11:22:21Z,2026-08-31T11:22:31Z,10,681f70664e02e4691b07a2df5c46e1c6a7e31620
99470609493,33386629284,clang-format,clang_format,completed,failure,2026-08-31T11:22:09Z,2026-08-31T11:22:20Z,11,e03f11407486e2f0d8bf1b01c3f7d2ec4e8e2e8c
99468370193,33385625222,clang-format,clang_format,completed,success,2026-08-31T11:12:51Z,2026-08-31T11:13:01Z,10,86f8d4200a345cdd4a9959f72d9807e88f01190b
