job_id,run_id,workflow,job_name,status,conclusion,started_at,completed_at,duration_seconds,head_sha
95311191019,32003639852,ci-core,"core (windows-latest, py3.13)",completed,success,2026-08-17T07:08:49Z,2026-08-17T07:11:02Z,133,f060edef88c85c80e0a8d1b5348b9f7b1f2e9654
95305805006,32002636494,ci-core,"core (windows-latest, py3.13)",completed,success,2026-08-17T06:41:05Z,2026-08-17T06:43:14Z,129,f841329a8f84fc9bfe712e6544874b50209d4368
95301725505,32000543209,ci-core,"core (windows-latest, py3.13)",completed,success,2026-08-17T06:19:44Z,2026-08-17T06:21:47Z,123,98a9f22395ce5e3ca4e4ed4a97157a9d850177e6
95296614641,31999338242,ci-core,"core (windows-latest, py3.13)",completed,success,2026-08-17T05:50:47Z,2026-08-17T05:52:25Z,98,5a45ff3fad36da8a1eb0534d36a6a6281aaea380
95289923813,31975375431,ci-core,"core (windows-latest, py3.13)",completed,success,2026-08-17T05:08:46Z,2026-08-17T05:10:27Z,101,a1576ff952b7038abfb2f58052b62a0ea46213cf
95227746018,31971064112,ci-core,"core (windows-latest, py3.13)",completed,success,2026-08-16T20:38:35Z,2026-08-16T20:40:16Z,101,10310a933feeafb59f2715717ce5468b82edd7f1
95222619582,31965725650,ci-core,"core (windows-latest, py3.13)",completed,failure,2026-08-16T20:29:53Z,2026-08-16T20:31:04Z,71,1e250d230f992cda87de5ef6671aac688f7e3900
95207284051,31964427491,ci-core,"core (windows-latest, py3.13)",completed,success,2026-08-16T18:23:18Z,2026-08-16T18:25:02Z,104,42ac3adb59ddcabe3916d84ff3daf0f31c64e008
95207229321,31964403751,ci-core,"core (windows-latest, py3.13)",completed,success,2026-08-16T18:22:42Z,2026-08-16T18:24:25Z,103,2a781f6608b8d4575df6b3c9118522072ea2cdc9
95205888284,31963864361,ci-core,"core (windows-latest, py3.13)",completed,success,2026-08-16T18:11:43Z,2026-08-16T18:13:36Z,113,b330b9abce0a7006bb7fc0afbb0185be4df3a1a6
95205282691,31963624822,ci-core,"core (windows-latest, py3.13)",completed,success,2026-08-16T18:07:06Z,2026-08-16T18:08:53Z,107,5a097e2a97d7c02e616cfb68d887e858f72fbad3
95203196052,31962570626,ci-core,"core (windows-latest, py3.13)",completed,success,2026-08-16T17:49:50Z,2026-08-16T17:51:28Z,98,e13bd49cc9d036ffc6a18609cb6b0b98a2e1e02b
95202341294,31962433863,ci-core,"core (windows-latest, py3.13)",completed,success,2026-08-16T17:43:23Z,2026-08-16T17:45:32Z,129,e40e77042c10c53b64cae4fb4a7b4be683c95431
95147285737,31939828582,ci-core,"core (windows-latest, py3.13)",completed,success,2026-08-16T09:44:29Z,2026-08-16T09:46:15Z,106,2cc4e6156a6b441de70a9f07176d70718580fd6c
95145927612,31938960481,ci-core,"core (windows-latest, py3.13)",completed,success,2026-08-16T09:31:04Z,2026-08-16T09:33:04Z,120,a9e73c4bb57f1da0e4bd171e1405da04e7b73c74
95143080244,31938093528,ci-core,"core (windows-latest, py3.13)",completed,success,2026-08-16T09:04:53Z,2026-08-16T09:07:35Z,162,0f810c6d73f1f9416ff534eca8577d910645a336
95141114535,31937285677,ci-core,"core (windows-latest, py3.13)",completed,success,2026-08-16T08:46:18Z,2026-08-16T08:47:52Z,94,f2db1384bb145e85eeb02e656e5744377b339458
95141061026,31937275536,ci-core,"core (windows-latest, py3.13)",completed,cancelled,2026-08-16T08:45:43Z,2026-08-16T08:45:59Z,16,045bf1ba0f128ae6bc69e2551d22b061c1ac05d8
95140872502,31937055346,ci-core,"core (windows-latest, py3.13)",completed,success,2026-08-16T08:44:02Z,2026-08-16T08:45:48Z,106,44dc426e9565fdcdfcdce7893ef0b203ce5ecba6
95140023685,31936366496,ci-core,"core (windows-latest, py3.13)",completed,success,2026-08-16T08:35:49Z,2026-08-16T08:37:19Z,90,3036f35a6aa2429b1a4d0a53247f51330d18f2ac
95137613769,31935886181,ci-core,"core (windows-latest, py3.13)",completed,success,2026-08-16T08:13:00Z,2026-08-16T08:14:47Z,107,4cec5d88df6472e0650a73b30ed3758c3e9d397d
95136331990,31935330406,ci-core,"core (windows-latest, py3.13)",completed,success,2026-08-16T08:01:26Z,2026-08-16T08:03:22Z,116,1fa763ad699f2627c906c15c4062248d02830703
95135828347,31934558975,ci-core,"core (windows-latest, py3.13)",completed,success,2026-08-16T07:56:38Z,2026-08-16T07:58:20Z,102,75891d36b9ef45a08e41a9a91d9ae805a46715b9
95131967688,31933572471,ci-core,"core (windows-latest, py3.13)",completed,success,2026-08-16T07:19:11Z,2026-08-16T07:20:49Z,98,8575c96247ad128cf351e82a539ea80717f98238
95129261824,31931715394,ci-core,"core (windows-latest, py3.13)",completed,success,2026-08-16T06:52:16Z,2026-08-16T06:53:54Z,98,9c59d78c79462d27bc286719a53834db49994cf3
95126328227,31931252819,ci-core,"core (windows-latest, py3.13)",completed,success,2026-08-16T06:22:13Z,2026-08-16T06:23:50Z,97,8c0efd73e9522b0ea1b2b9a315c475abcd8ffc4f
95124009956,31929236341,ci-core,"core (windows-latest, py3.13)",completed,success,2026-08-16T05:59:58Z,2026-08-16T06:01:44Z,106,f01bc6ee7bf05776ae2514871d78bf52ffc94ef7
95119799695,31928531556,ci-core,"core (windows-latest, py3.13)",completed,success,2026-08-16T05:14:25Z,2026-08-16T05:16:08Z,103,e7d8fe7e391ed73e145060ca8ebd309b5a84d0a7
95119637179,31928473129,ci-core,"core (windows-latest, py3.13)",completed,cancelled,2026-08-16T05:12:43Z,2026-08-16T05:14:23Z,100,6f8418ea6f9790399d81b8fec59588349f6c6657
95066874170,31897559702,ci-core,"core (windows-latest, py3.13)",completed,success,2026-08-15T20:38:39Z,2026-08-15T20:40:25Z,106,06e3bd61d19ae530a7e4240de1d24165262caa23
95066965203,31897446573,ci-core,"core (windows-latest, py3.13)",completed,success,2026-08-15T20:39:28Z,2026-08-15T20:41:07Z,99,8ed73aa5cb68c587ba283b92e67d909845f2cf41
95041131589,31896754369,ci-core,"core (windows-latest, py3.13)",completed,success,2026-08-15T16:53:23Z,2026-08-15T16:55:05Z,102,8b84bf24c2444abe4788955dcb7bf0501f54b35d
95030740817,31892488803,ci-core,"core (windows-latest, py3.13)",completed,success,2026-08-15T15:21:36Z,2026-08-15T15:23:13Z,97,ee84d66f5075ce5f0e0452f9c684f1c28b4799e4
95030834846,31891073114,ci-core,"core (windows-latest, py3.13)",completed,success,2026-08-15T15:22:27Z,2026-08-15T15:23:53Z,86,b6d20f8c319b60c41a0e4f5b2328839dca1c8b35
95027158633,31889268908,ci-core,"core (windows-latest, py3.13)",completed,success,2026-08-15T14:50:17Z,2026-08-15T14:51:42Z,85,7b329c6605d91325f799fded4e2366d53e475915
95012876774,31884986851,ci-core,"core (windows-latest, py3.13)",completed,success,2026-08-15T12:35:22Z,2026-08-15T12:37:10Z,108,f1f79309645cc8e3fdc858fbeef436fa9f794be9
95002337443,31880230785,ci-core,"core (windows-latest, py3.13)",completed,success,2026-08-15T10:50:35Z,2026-08-15T10:51:58Z,83,1016a6c470ac1a86508273520ad7943308053fee
95000701493,31879806552,ci-core,"core (windows-latest, py3.13)",completed,success,2026-08-15T10:33:25Z,2026-08-15T10:35:16Z,111,bf13c6866a3b755cb9fefe179d7b15956d460a71
94998863617,31878773524,ci-core,"core (windows-latest, py3.13)",completed,success,2026-08-15T10:14:27Z,2026-08-15T10:16:14Z,107,cfd393816436ff5d3b501ca9451522a0c67ad9b7
94996350345,31877959328,ci-core,"core (windows-latest, py3.13)",completed,success,2026-08-15T09:49:17Z,2026-08-15T09:50:51Z,94,bd51da25d1632a0337e50ba299dbd7a5c20c3c15
94996441070,31877526924,ci-core,"core (windows-latest, py3.13)",completed,success,2026-08-15T09:50:14Z,2026-08-15T09:52:23Z,129,2ab065e7e03ebbcf899ed2fbfcbae58f33ce1f63
94992973915,31876510687,ci-core,"core (windows-latest, py3.13)",completed,success,2026-08-15T09:15:16Z,2026-08-15T09:16:49Z,93,759d9aabea74ef124ac8f0c9563192c66de18b88
94992920748,31876501226,ci-core,"core (windows-latest, py3.13)",completed,cancelled,2026-08-15T09:14:45Z,2026-08-15T09:15:06Z,21,3f171ba270ccf6535232c1ae419f0d40ffba3edb
94993642361,31875379275,ci-core,"core (windows-latest, py3.13)",completed,success,2026-08-15T09:21:55Z,2026-08-15T09:23:37Z,102,0106382fb2e61738c6b7b71fbd9a32685d83a333
94990273464,31875194627,ci-core,"core (windows-latest, py3.13)",completed,success,2026-08-15T08:48:53Z,2026-08-15T08:50:18Z,85,f4902c9afbc078d46f07bf824a25ca9150d76e84
94990813633,31875155311,ci-core,"core (windows-latest, py3.13)",completed,success,2026-08-15T08:54:07Z,2026-08-15T08:55:41Z,94,c521a22b2c26ab2d8dd519adf8f8dd0caf3be96d
94988851723,31874801390,ci-core,"core (windows-latest, py3.13)",completed,success,2026-08-15T08:34:26Z,2026-08-15T08:36:09Z,103,c1f60621957396d20176e63c782617c1d70d21a4
94988798937,31874792291,ci-core,"core (windows-latest, py3.13)",completed,cancelled,2026-08-15T08:33:55Z,2026-08-15T08:34:11Z,16,e238ef08e1baed11880d64608ceb38454f924e10
94980595212,31871434936,ci-core,"core (windows-latest, py3.13)",completed,success,2026-08-15T07:14:23Z,2026-08-15T07:16:04Z,101,70c455a9e9ed3bbc05821e8c5c4b3fc5850125e4
94980691729,31871245601,ci-core,"core (windows-latest, py3.13)",completed,success,2026-08-15T07:15:15Z,2026-08-15T07:16:57Z,102,41606fb8505e3ab084f3c13ef24cede5faaabe77
94979649068,31871068627,ci-core,"core (windows-latest, py3.13)",completed,success,2026-08-15T07:05:25Z,2026-08-15T07:07:03Z,98,1c9b8575f78a8b3136951f7efe8f715fb9c3f274
94978831866,31870727249,ci-core,"core (windows-latest, py3.13)",completed,success,2026-08-15T06:57:37Z,2026-08-15T06:59:30Z,113,84cabb4078f685ba7732b91195f131baa9ea50df
94978356219,31870341857,ci-core,"core (windows-latest, py3.13)",completed,success,2026-08-15T06:52:48Z,2026-08-15T06:54:32Z,104,95ae1ff48129e6349d512df18b19b396a415f37a
94976571486,31869804318,ci-core,"core (windows-latest, py3.13)",completed,success,2026-08-15T06:34:59Z,2026-08-15T06:36:25Z,86,f3c31770cc1a255d77dc57e99ca4927d8a42d0de
94907539083,31844315810,ci-core,"core (windows-latest, py3.13)",completed,success,2026-08-14T21:53:03Z,2026-08-14T21:54:47Z,104,9bbf8d91059ea6478b84b8cb05dda91d06398459
94903640677,31842989245,ci-core,"core (windows-latest, py3.13)",completed,success,2026-08-14T21:34:14Z,2026-08-14T21:35:58Z,104,d5f9f71191e3603c74a13117c9fb9144dbfb53b2
94902580545,31842608641,ci-core,"core (windows-latest, py3.13)",completed,success,2026-08-14T21:29:20Z,2026-08-14T21:30:54Z,94,84d428f41ab1af62a0b5fcd9beb9c0320ea4c2ec
94902436808,31842582897,ci-core,"core (windows-latest, py3.13)",completed,cancelled,2026-08-14T21:28:41Z,2026-08-14T21:29:10Z,29,0ca3398cd84dec1c298e5080fa7b4d7cae58affa
94811823127,31814199107,ci-core,"core (windows-latest, py3.13)",completed,success,2026-08-14T15:23:01Z,2026-08-14T15:25:12Z,131,cef48297e21b9c4a54a50691990632412bde979d
94807043663,31812720109,ci-core,"core (windows-latest, py3.13)",completed,success,2026-08-14T15:05:29Z,2026-08-14T15:07:46Z,137,9b06b31c720c367cdd02aad0ac477c75253ba99d
94806836406,31812682290,ci-core,"core (windows-latest, py3.13)",completed,cancelled,2026-08-14T15:04:41Z,2026-08-14T15:05:15Z,34,b8c7c1ead5ba2754c88674fdd53470c629d8b553
94798461385,31810123926,ci-core,"core (windows-latest, py3.13)",completed,success,2026-08-14T14:33:55Z,2026-08-14T14:36:22Z,147,3172fe2c582d76480b3692c709fda7384faab350
94793017773,31808445781,ci-core,"core (windows-latest, py3.13)",completed,success,2026-08-14T14:13:44Z,2026-08-14T14:17:29Z,225,056ebdb9a683e0e7fc396a84f3579021e2ef9bac
94792824509,31808409470,ci-core,"core (windows-latest, py3.13)",completed,cancelled,2026-08-14T14:13:01Z,2026-08-14T14:13:35Z,34,d27fe604d1601a07660c9debbad72c8f3efb2740
94789948655,31807531937,ci-core,"core (windows-latest, py3.13)",completed,success,2026-08-14T14:02:07Z,2026-08-14T14:08:07Z,360,2e46610378d606d1fe0709ecf31ea16d0d014679
94784058970,31805726851,ci-core,"core (windows-latest, py3.13)",completed,success,2026-08-14T13:39:22Z,2026-08-14T13:41:14Z,112,356b017e356d2b998fb20d35fb39a847599a864f
94783018488,31805387079,ci-core,"core (windows-latest, py3.13)",completed,success,2026-08-14T13:35:18Z,2026-08-14T13:37:09Z,111,d7eaba09de8774720c7f8b5e41a72a1a880a1e17
94782843722,31805356505,ci-core,"core (windows-latest, py3.13)",completed,cancelled,2026-08-14T13:34:37Z,2026-08-14T13:35:09Z,32,3582ffa8e55273bc4b3585e9657b0d1ec72c2459
94777492146,31803722169,ci-core,"core (windows-latest, py3.13)",completed,success,2026-08-14T13:13:16Z,2026-08-14T13:16:34Z,198,75a860a1788ea44bc146a75b2eed10eecfdd6b16
94770712643,31801623521,ci-core,"core (windows-latest, py3.13)",completed,success,2026-08-14T12:45:23Z,2026-08-14T12:48:54Z,211,6231cad453e3f181af6537453303a9a83025bfde
94770435056,31801535992,ci-core,"core (windows-latest, py3.13)",completed,cancelled,2026-08-14T12:43:25Z,2026-08-14T12:44:39Z,74,5587cceac23757789bb906e8858225c60e2a93b0
94760213479,31798311819,ci-core,"core (windows-latest, py3.13)",completed,success,2026-08-14T11:57:37Z,2026-08-14T11:59:36Z,119,0745fe74ef9e24214c3751092fd2b1e1a9e4735a
94738049551,31791127879,ci-core,"core (windows-latest, py3.13)",completed,success,2026-08-14T10:10:20Z,2026-08-14T10:11:54Z,94,82126b83c465961ee937fc0580212f2889ba9ead
94738168498,31791073249,ci-core,"core (windows-latest, py3.13)",completed,success,2026-08-14T10:10:53Z,2026-08-14T10:13:00Z,127,4ed57f2a465b96a0eccf24eb8d48acadecd945a9
94735371105,31790269852,ci-core,"core (windows-latest, py3.13)",completed,success,2026-08-14T09:58:30Z,2026-08-14T10:01:07Z,157,6c0e638e9ba8680c47edbe90ed7eaa748c89e99f
94734666649,31790044514,ci-core,"core (windows-latest, py3.13)",completed,success,2026-08-14T09:54:40Z,2026-08-14T09:56:24Z,104,66309f7dcc0090a8f3b07d57bb0bacb74fff346c
94733300705,31789599187,ci-core,"core (windows-latest, py3.13)",completed,success,2026-08-14T09:48:20Z,2026-08-14T09:49:55Z,95,256cc1824b6287e9eeb1bcbe6cbedd2714be9888
94733212106,31789552531,ci-core,"core (windows-latest, py3.13)",completed,success,2026-08-14T09:47:55Z,2026-08-14T09:50:11Z,136,23b88b54065a778535c6fd48b5c3e7c2d0c24841
94733031907,31789514086,ci-core,"core (windows-latest, py3.13)",completed,cancelled,2026-08-14T09:47:04Z,2026-08-14T09:47:45Z,41,064ab9a436aa1841239428a7b0586a97d9992012
94732711967,31789414123,ci-core,"core (windows-latest, py3.13)",completed,success,2026-08-14T09:45:36Z,2026-08-14T09:47:24Z,108,f5efb1d6e85f8773279fd9bdeb928098e638a6c9
94733351266,31789294326,ci-core,"core (windows-latest, py3.13)",completed,success,2026-08-14T09:48:35Z,2026-08-14T09:50:17Z,102,8f61c5c0337cfd922e718b30ae3b80ae1bbd0214
94730266734,31788656939,ci-core,"core (windows-latest, py3.13)",completed,success,2026-08-14T09:34:40Z,2026-08-14T09:36:16Z,96,04bcd7dc34b768a39c53fc48c26de0bbb3f0c20a
94729344920,31788218320,ci-core,"core (windows-latest, py3.13)",completed,success,2026-08-14T09:30:35Z,2026-08-14T09:32:20Z,105,6bdb13cf8d972e68c97956bce2727ffc97abc87a
94728056360,31787959889,ci-core,"core (windows-latest, py3.13)",completed,success,2026-08-14T09:24:49Z,2026-08-14T09:26:20Z,91,7e6b73d9a59f7170b91dcf6de9922d5cc539fc9c
94726295959,31787398744,ci-core,"core (windows-latest, py3.13)",completed,success,2026-08-14T09:16:44Z,2026-08-14T09:18:14Z,90,f5c8f01e863eaf2562ed7d55af751ce943c19f05
94725440553,31787126879,ci-core,"core (windows-latest, py3.13)",completed,success,2026-08-14T09:12:57Z,2026-08-14T09:15:30Z,153,60ec798bf42bf751636dc31b2c4f98990e297686
94724746428,31786906556,ci-core,"core (windows-latest, py3.13)",completed,success,2026-08-14T09:09:37Z,2026-08-14T09:11:11Z,94,31c8424dce4b22876220db2a3daaad9e7125ce24
94724347943,31786778901,ci-core,"core (windows-latest, py3.13)",completed,success,2026-08-14T09:07:45Z,2026-08-14T09:09:15Z,90,2d09d56d3fbf60805fc0cb04abe1960c40b2feb3
94723519139,31786511615,ci-core,"core (windows-latest, py3.13)",completed,success,2026-08-14T09:03:58Z,2026-08-14T09:05:26Z,88,94560ebb2df468ed44cedc436fc7a5e17c83d4fd
94722671884,31786239946,ci-core,"core (windows-latest, py3.13)",completed,success,2026-08-14T09:00:10Z,2026-08-14T09:02:06Z,116,93c0df41f28e9774913a65a36c5f361858529208
94720851255,31785634476,ci-core,"core (windows-latest, py3.13)",completed,success,2026-08-14T08:51:39Z,2026-08-14T08:53:10Z,91,236993e2fb5e61a1c08d7925c4f060cfd562cdb0
94720753979,31785622274,ci-core,"core (windows-latest, py3.13)",completed,cancelled,2026-08-14T08:51:12Z,2026-08-14T08:51:26Z,14,9b81835efffaf4bf524a5c8a1674cfecf3985aef
94720047364,31785374099,ci-core,"core (windows-latest, py3.13)",completed,success,2026-08-14T08:47:55Z,2026-08-14T08:49:25Z,90,aec9efe0f6708f3f0629ffc43fd0733c02d7f19e
94719944560,31785358283,ci-core,"core (windows-latest, py3.13)",completed,cancelled,2026-08-14T08:47:26Z,2026-08-14T08:47:46Z,20,d502afb9c484e54abc9433a5521f3409213a63c7
94715980750,31784080789,ci-core,"core (windows-latest, py3.13)",completed,success,2026-08-14T08:29:19Z,2026-08-14T08:31:37Z,138,955c720ac2c81ddfc462ccac90884fc0cb4aa60a
94715817013,31783898412,ci-core,"core (windows-latest, py3.13)",completed,success,2026-08-14T08:28:24Z,2026-08-14T08:30:45Z,141,b16fb9b5e768e6e68ec8fc2a789766e2957b22d7
94714929115,31783731342,ci-core,"core (windows-latest, py3.13)",completed,success,2026-08-14T08:24:14Z,2026-08-14T08:25:56Z,102,620f67391acf7cb564e40c4012be11f31c82ce80
94714833640,31783719278,ci-core,"core (windows-latest, py3.13)",completed,cancelled,2026-08-14T08:23:44Z,2026-08-14T08:23:57Z,13,919f3c067942981de539cc2a1f194bf243130ab8
94713529605,31783296440,ci-core,"core (windows-latest, py3.13)",completed,success,2026-08-14T08:17:23Z,2026-08-14T08:18:52Z,89,2e44e9c31b24d1b77cebb9894a4b75821c9fc08d
94713198845,31783187641,ci-core,"core (windows-latest, py3.13)",completed,success,2026-08-14T08:15:43Z,2026-08-14T08:17:11Z,88,fe0cebd513b1e473a9c2cccd11ebffa52c4507e9
94708477779,31781510607,ci-core,"core (windows-latest, py3.13)",completed,success,2026-08-14T07:52:39Z,2026-08-14T07:54:02Z,83,ac9d8ec5a48f67d6c188de1fcb8789f68a8bd2e8
94705467579,31780628073,ci-core,"core (windows-latest, py3.13)",completed,success,2026-08-14T07:37:31Z,2026-08-14T07:38:44Z,73,730e4a6b956b01cacf202f68a2d943f01dc14842
94705374950,31780615979,ci-core,"core (windows-latest, py3.13)",completed,cancelled,2026-08-14T07:37:06Z,2026-08-14T07:37:21Z,15,ff8a94e96d8e89373cecbba2a53574e32ceb031b
94702904727,31779810605,ci-core,"core (windows-latest, py3.13)",completed,success,2026-08-14T07:24:38Z,2026-08-14T07:26:16Z,98,35d227e133178187abb6ee309db5f6ffddd86a21
94702153089,31779165345,ci-core,"core (windows-latest, py3.13)",completed,success,2026-08-14T07:20:43Z,2026-08-14T07:22:03Z,80,a4f0eb3a4b99d7e2d439f9f8dd1f5d5fede4fdba
94699700572,31778735327,ci-core,"core (windows-latest, py3.13)",completed,success,2026-08-14T07:07:48Z,2026-08-14T07:09:12Z,84,4f8e39431c4a48fd6c548aba66653fd61f083bdb
94699601191,31778719434,ci-core,"core (windows-latest, py3.13)",completed,cancelled,2026-08-14T07:07:18Z,2026-08-14T07:07:33Z,15,c173487ebf7ad27c9be4fbfedd511fac8dba6b46
94699133295,31778561743,ci-core,"core (windows-latest, py3.13)",completed,success,2026-08-14T07:04:49Z,2026-08-14T07:06:25Z,96,77f0bb6adba96abe667733b27b6172e0ffb6c0c7
94696269802,31777616630,ci-core,"core (windows-latest, py3.13)",completed,success,2026-08-14T06:49:01Z,2026-08-14T06:50:30Z,89,073e9e73203ad49791759018e4bc1019396d9d71
94696138650,31777564288,ci-core,"core (windows-latest, py3.13)",completed,success,2026-08-14T06:48:17Z,2026-08-14T06:49:49Z,92,16a63072d8a7f62eeda2078236e6f06f1d7665e9
94696064970,31777547741,ci-core,"core (windows-latest, py3.13)",completed,cancelled,2026-08-14T06:47:50Z,2026-08-14T06:48:12Z,22,8aae93df67a71874fe79c0587675025460dd7e7b
94695573652,31777382049,ci-core,"core (windows-latest, py3.13)",completed,success,2026-08-14T06:45:07Z,2026-08-14T06:46:40Z,93,2e3df86ec9e9daebfd23bf359927d8944c0cdbc7
94691734415,31776086323,ci-core,"core (windows-latest, py3.13)",completed,success,2026-08-14T06:23:17Z,2026-08-14T06:24:51Z,94,2f5c8c2d5ef13e8e1768c1e2e30aec069b6d7843
94691660570,31776075417,ci-core,"core (windows-latest, py3.13)",completed,cancelled,2026-08-14T06:22:49Z,2026-08-14T06:23:08Z,19,89616f241aa99d1469bcda8f03780d0bf6cf5b15
94691189199,31775907515,ci-core,"core (windows-latest, py3.13)",completed,success,2026-08-14T06:19:53Z,2026-08-14T06:21:25Z,92,05496280045f6862520cb50d54696f1a3a9c3e49
94686744695,31774381715,ci-core,"core (windows-latest, py3.13)",completed,success,2026-08-14T05:52:38Z,2026-08-14T05:54:27Z,109,fb4b9c59ccb70a6101b6359e7adf945b23375019
94686666638,31774370016,ci-core,"core (windows-latest, py3.13)",completed,cancelled,2026-08-14T05:52:07Z,2026-08-14T05:52:27Z,20,3012b97a9262234bc9872357e17a5482491a5c99
94685112718,31773854784,ci-core,"core (windows-latest, py3.13)",completed,success,2026-08-14T05:42:34Z,2026-08-14T05:44:22Z,108,3c52d8e806a06be343ea538b1c58b5ce19941384
94597522899,31744886223,ci-core,"core (windows-latest, py3.13)",completed,success,2026-08-13T21:18:53Z,2026-08-13T21:20:30Z,97,e2b73b187a44fd1718db92ba10f14ab72a217d63
94581267454,31740141270,ci-core,"core (windows-latest, py3.13)",completed,success,2026-08-13T20:17:51Z,2026-08-13T20:19:18Z,87,a7811d230e6e2eef3ff51094051774d3fc503a7d
94580319693,31739854029,ci-core,"core (windows-latest, py3.13)",completed,success,2026-08-13T20:14:30Z,2026-08-13T20:16:01Z,91,10b27e5632fdc8d1b6e534e6868fa11748ff86ab
94578299846,31739254240,ci-core,"core (windows-latest, py3.13)",completed,success,2026-08-13T20:07:12Z,2026-08-13T20:08:47Z,95,75a6dbf4bfc66a6fc7b966a9d05b713148189b60
94572200812,31737100541,ci-core,"core (windows-latest, py3.13)",completed,success,2026-08-13T19:45:03Z,2026-08-13T19:46:41Z,98,7aa149505c383af5981dd5bc998d3cf31350e8cd
94569177969,31736463935,ci-core,"core (windows-latest, py3.13)",completed,success,2026-08-13T19:33:52Z,2026-08-13T19:35:18Z,86,8779624ead307140ad3ca22ab7a93107da1b6a09
94565734699,31735417081,ci-core,"core (windows-latest, py3.13)",completed,success,2026-08-13T19:21:28Z,2026-08-13T19:23:05Z,97,c1eb9ca4d01049c3081a36c6478b48e1ea509199
94481948157,31710216088,ci-core,"core (windows-latest, py3.13)",completed,success,2026-08-13T14:30:05Z,2026-08-13T14:31:45Z,100,d2e6d27fd184261f7c6d83aa2f49f2996973a652
94479079823,31709679696,ci-core,"core (windows-latest, py3.13)",completed,success,2026-08-13T14:20:45Z,2026-08-13T14:22:06Z,81,242940ee5ccfbc908a31cc082f63e4095bee801d
94475355482,31708591198,ci-core,"core (windows-latest, py3.13)",completed,success,2026-08-13T14:08:26Z,2026-08-13T14:10:35Z,129,567bad04772f78b920eda36810bfed340c94197f
94471327369,31706392071,ci-core,"core (windows-latest, py3.13)",completed,success,2026-08-13T13:55:14Z,2026-08-13T13:56:46Z,92,af4dc33969699c272f5ebded2518ad51f8856b6e
94461718444,31704555855,ci-core,"core (windows-latest, py3.13)",completed,success,2026-08-13T13:22:11Z,2026-08-13T13:23:59Z,108,786ed579aec2f5ebde7df9aecfc90e1299651456
94457025226,31702977760,ci-core,"core (windows-latest, py3.13)",completed,success,2026-08-13T13:05:15Z,2026-08-13T13:06:43Z,88,c2604f7457a695a585fa8641d9af07d4b943a1f3
94454010017,31702259391,ci-core,"core (windows-latest, py3.13)",completed,success,2026-08-13T12:54:16Z,2026-08-13T12:55:52Z,96,a662531d9542239c863ab6ab4dc219579c34435f
94435555753,31696556175,ci-core,"core (windows-latest, py3.13)",completed,success,2026-08-13T11:40:39Z,2026-08-13T11:42:03Z,84,7604e4cd90332faec2a38dab6b0da7f468208d82
94424626913,31693099817,ci-core,"core (windows-latest, py3.13)",completed,success,2026-08-13T10:53:36Z,2026-08-13T10:55:05Z,89,1a2736a781f7a876ed1f964d78d53a06c78e54c7
94423867324,31692857163,ci-core,"core (windows-latest, py3.13)",completed,success,2026-08-13T10:50:17Z,2026-08-13T10:51:43Z,86,beb191c880c1680254003f1175eddfcea0bf5c0c
94421323186,31692051332,ci-core,"core (windows-latest, py3.13)",completed,success,2026-08-13T10:39:22Z,2026-08-13T10:40:49Z,87,b6e3e55d036f18c7f3e5ea3a0ebe020aa9d7adf9
94411510561,31688937451,ci-core,"core (windows-latest, py3.13)",completed,success,2026-08-13T09:57:31Z,2026-08-13T09:59:21Z,110,8f272d5cd02894f90ab2ed0a411e1c3893685e9c
94404384474,31686716398,ci-core,"core (windows-latest, py3.13)",completed,success,2026-08-13T09:28:09Z,2026-08-13T09:29:53Z,104,c14040904bd7d7b50b1c7ecbb4b2022650fcf773
94402499107,31686126780,ci-core,"core (windows-latest, py3.13)",completed,success,2026-08-13T09:20:25Z,2026-08-13T09:21:57Z,92,d2c98a068bb166d1ef0f65697ecb2136e4e1d843
94399695107,31685254691,ci-core,"core (windows-latest, py3.13)",completed,success,2026-08-13T09:08:52Z,2026-08-13T09:10:39Z,107,afe0918488249afc2431a9d6d4b6910c6426f0d4
94397803154,31683864700,ci-core,"core (windows-latest, py3.13)",completed,success,2026-08-13T09:01:06Z,2026-08-13T09:02:36Z,90,5a529efbadd621fcb2e937cc0e520920cf81ce46
94394801498,31683458524,ci-core,"core (windows-latest, py3.13)",completed,success,2026-08-13T08:48:38Z,2026-08-13T08:50:11Z,93,a6960e61ab38b359ec4fe096fb8b650ceb4c0930
94393495488,31683301958,ci-core,"core (windows-latest, py3.13)",completed,success,2026-08-13T08:43:11Z,2026-08-13T08:44:30Z,79,7a49db8d64964126877bfa8f05314043b75c4ceb
94387390446,31681388083,ci-core,"core (windows-latest, py3.13)",completed,success,2026-08-13T08:17:17Z,2026-08-13T08:18:50Z,93,99601476835b32d6e95422c31988075492d58369
94387250088,31681343051,ci-core,"core (windows-latest, py3.13)",completed,success,2026-08-13T08:16:37Z,2026-08-13T08:17:56Z,79,c403d4e9c665798586e9639bdafd33318a27ad11
94382088647,31679693283,ci-core,"core (windows-latest, py3.13)",completed,success,2026-08-13T07:53:58Z,2026-08-13T07:55:35Z,97,8d9b7696f5e460fbc4592553f47717f6b7031dc5
94381367667,31679466733,ci-core,"core (windows-latest, py3.13)",completed,success,2026-08-13T07:50:46Z,2026-08-13T07:52:09Z,83,b57152649c93663a69ff4b6d02f0d442edfc2448
94380560328,31679212223,ci-core,"core (windows-latest, py3.13)",completed,success,2026-08-13T07:47:09Z,2026-08-13T07:48:34Z,85,b62ceb83cabdf884dadbd9d267061d4214e0763a
94375568336,31677478267,ci-core,"core (windows-latest, py3.13)",completed,success,2026-08-13T07:24:21Z,2026-08-13T07:25:38Z,77,c9ded1a91d24e48e3a3ddd4cd96c5fdb2b9dab3f
94263035648,31640351568,ci-core,"core (windows-latest, py3.13)",completed,success,2026-08-12T21:06:39Z,2026-08-12T21:08:06Z,87,d956df06b8ddec00183629d3d618b1ea12409a65
94236226209,31632768828,ci-core,"core (windows-latest, py3.13)",completed,success,2026-08-12T19:30:47Z,2026-08-12T19:32:22Z,95,64411725d3488c9301aa3b0b16ba19da797664ac
94210996875,31612473082,ci-core,"core (windows-latest, py3.13)",completed,success,2026-08-12T18:01:45Z,2026-08-12T18:04:01Z,136,0858078f88339e0ef705baa111f02cc1f48744ed
94130697263,31601769458,ci-core,"core (windows-latest, py3.13)",completed,success,2026-08-12T13:30:37Z,2026-08-12T13:31:59Z,82,12947df73e38c9351afc70855875e773980c7728
94123367549,31599590693,ci-core,"core (windows-latest, py3.13)",completed,success,2026-08-12T13:04:46Z,2026-08-12T13:06:21Z,95,0c5f375b64a87e98620e353a9963e21e0af8c976
94122990998,31599476231,ci-core,"core (windows-latest, py3.13)",completed,success,2026-08-12T13:03:24Z,2026-08-12T13:04:41Z,77,97f706c05c6bd2e9cac2da32f6d794ad7d0ef3b6
94122292149,31599266916,ci-core,"core (windows-latest, py3.13)",completed,success,2026-08-12T13:00:57Z,2026-08-12T13:03:11Z,134,2d42f57b39a07fa9697c451c26fe796104216836
94117361609,31595231469,ci-core,"core (windows-latest, py3.13)",completed,success,2026-08-12T12:42:48Z,2026-08-12T12:44:09Z,81,6b162b6bdfb8992f2ea6a2a7cd57de037a50a613
94118552162,31595127886,ci-core,"core (windows-latest, py3.13)",completed,success,2026-08-12T12:47:12Z,2026-08-12T12:48:45Z,93,b167b82f96c33a283c06b43fa979d61f135629de
94081535022,31586297567,ci-core,"core (windows-latest, py3.13)",completed,success,2026-08-12T10:14:26Z,2026-08-12T10:15:51Z,85,a567bfbba35d083b84eb3adbcfab8621071f31ca
94080408714,31586173051,ci-core,"core (windows-latest, py3.13)",completed,success,2026-08-12T10:09:38Z,2026-08-12T10:11:00Z,82,c267074f2f5a1b3dc06327ea42826251ff82c5a2
94071654430,31581916296,ci-core,"core (windows-latest, py3.13)",completed,success,2026-08-12T09:33:27Z,2026-08-12T09:34:58Z,91,eaf87f9c4b6e9029334e1ae7abcba6c70a573ce5
94064424426,31580949217,ci-core,"core (windows-latest, py3.13)",completed,success,2026-08-12T09:03:50Z,2026-08-12T09:05:19Z,89,eed209df9f48d928febe40042889efb9304b0e53
94062262602,31580507918,ci-core,"core (windows-latest, py3.13)",completed,success,2026-08-12T08:54:51Z,2026-08-12T08:56:16Z,85,dea06e8b2cc030f938b30977d456335da4dcf5d7
94062087343,31580463664,ci-core,"core (windows-latest, py3.13)",completed,cancelled,2026-08-12T08:54:07Z,2026-08-12T08:54:49Z,42,0153cb4afbcbaedfe4c199a342aeddbfa321ce08
94054901796,31578165189,ci-core,"core (windows-latest, py3.13)",completed,success,2026-08-12T08:24:13Z,2026-08-12T08:25:53Z,100,82ea88543024cf59b23a7311678216f7bd7d2e4f
94055395008,31577873218,ci-core,"core (windows-latest, py3.13)",completed,success,2026-08-12T08:26:20Z,2026-08-12T08:27:46Z,86,713709bd95c048314f5562f1e135089b226d2177
94055345436,31577316546,ci-core,"core (windows-latest, py3.13)",completed,success,2026-08-12T08:26:10Z,2026-08-12T08:27:40Z,90,ab09419bad34361b79b86c34a5ef885df44b6f32
94051924719,31576488078,ci-core,"core (windows-latest, py3.13)",completed,failure,2026-08-12T08:11:20Z,2026-08-12T08:12:27Z,67,90c9df8389eaffce2f2bbffe262a244ae4d77c3b
94025287033,31509008086,ci-core,"core (windows-latest, py3.13)",completed,failure,2026-08-12T06:01:50Z,2026-08-12T06:03:36Z,106,b36e51399a50d2e03f553411748d7f0b8aca9e49
93746854777,31481376590,ci-core,"core (windows-latest, py3.13)",completed,success,2026-08-11T10:15:13Z,2026-08-11T10:16:43Z,90,da5f07c8f88786978f5830d8bb01993dddfb21db
93742416574,31479929126,ci-core,"core (windows-latest, py3.13)",completed,success,2026-08-11T09:56:34Z,2026-08-11T09:57:54Z,80,a7dc62a125983b3b5a62cc0821d530c85fb99069
93741128097,31479548513,ci-core,"core (windows-latest, py3.13)",completed,success,2026-08-11T09:51:09Z,2026-08-11T09:52:28Z,79,940e10fa39389fc57fa05b468ee99a92b594cb1e
93740804871,31479460475,ci-core,"core (windows-latest, py3.13)",completed,cancelled,2026-08-11T09:49:48Z,2026-08-11T09:51:06Z,78,0ef4b286235fa59eb3c64771ac17317ddf7c72dc
93736230395,31477389404,ci-core,"core (windows-latest, py3.13)",completed,success,2026-08-11T09:30:43Z,2026-08-11T09:32:06Z,83,e15689d454bbaf64dca8b6459fdedf81c18fe19b
93734257144,31477136714,ci-core,"core (windows-latest, py3.13)",completed,success,2026-08-11T09:22:40Z,2026-08-11T09:24:15Z,95,cf8193a1651bd1ce6c2eb1e935ae8d7868fd211b
93725220769,31474577167,ci-core,"core (windows-latest, py3.13)",completed,success,2026-08-11T08:44:54Z,2026-08-11T08:46:58Z,124,e6cff68b48c115a93121eeae9d631c8de9987d7b
93717712613,31472176256,ci-core,"core (windows-latest, py3.13)",completed,success,2026-08-11T08:12:18Z,2026-08-11T08:13:46Z,88,08d58158b7e02045338a6d609959883879a07c17
93717660263,31471770891,ci-core,"core (windows-latest, py3.13)",completed,success,2026-08-11T08:12:02Z,2026-08-11T08:13:34Z,92,7bea5f9054bdb0822926489505b653358e00635e
93714974251,31471291257,ci-core,"core (windows-latest, py3.13)",completed,success,2026-08-11T08:00:02Z,2026-08-11T08:01:44Z,102,9fe877e3a6c7b680d95afcea96c6b190cb864fc8
93713979259,31470120865,ci-core,"core (windows-latest, py3.13)",completed,success,2026-08-11T07:55:27Z,2026-08-11T07:56:58Z,91,8642a8fdbcdcf96f3a94e0712bd4881f5bf27a51
93711005123,31469997182,ci-core,"core (windows-latest, py3.13)",completed,success,2026-08-11T07:41:34Z,2026-08-11T07:43:30Z,116,1bf78aa1da1cc4f0b79dd2ab4dc69836e908de53
93709555152,31469354012,ci-core,"core (windows-latest, py3.13)",completed,success,2026-08-11T07:34:43Z,2026-08-11T07:35:57Z,74,28ae00420626e514a1f243da8b35ab41c94313b2
93707829887,31468963319,ci-core,"core (windows-latest, py3.13)",completed,success,2026-08-11T07:26:49Z,2026-08-11T07:28:22Z,93,aafbf647d9cc1e2ad086f11f27175b30442a9df1
93706179712,31467065531,ci-core,"core (windows-latest, py3.13)",completed,success,2026-08-11T07:18:38Z,2026-08-11T07:20:05Z,87,80e1edaa2e92d0d2b189e80c9c1579183551a228
93701182432,31466642071,ci-core,"core (windows-latest, py3.13)",completed,failure,2026-08-11T06:53:26Z,2026-08-11T06:54:58Z,92,31d1e6a155d688d21706cb4073d92be1c99089f3
93602526124,31433584829,ci-core,"core (windows-latest, py3.13)",completed,success,2026-08-10T21:23:07Z,2026-08-10T21:24:27Z,80,30cd1e17b55bf8911a3e40f8568582b089430313
93546323388,31403821763,ci-core,"core (windows-latest, py3.13)",completed,success,2026-08-10T17:54:41Z,2026-08-10T17:56:17Z,96,6a2577707b5eec46998820ce3ff0f1ad697947a2
93418459247,31377018802,ci-core,"core (windows-latest, py3.13)",completed,success,2026-08-10T09:57:58Z,2026-08-10T09:59:16Z,78,7b86407639ed5bd51d4da72a39a685640a66975d
93408106914,31373694025,ci-core,"core (windows-latest, py3.13)",completed,success,2026-08-10T09:14:57Z,2026-08-10T09:16:19Z,82,c9a158d27d739dea73a6f81fded44a047d7a9b48
93406924772,31373317792,ci-core,"core (windows-latest, py3.13)",completed,success,2026-08-10T09:09:59Z,2026-08-10T09:11:22Z,83,cc115d16f638f54f55ee1a287f33d77cca97871f
93405386451,31372822971,ci-core,"core (windows-latest, py3.13)",completed,failure,2026-08-10T09:03:27Z,2026-08-10T09:04:50Z,83,7f798fc8877df5f6a40a86fb4a87bc9e4f54da3d
93385940360,31366511768,ci-core,"core (windows-latest, py3.13)",completed,success,2026-08-10T07:36:01Z,2026-08-10T07:37:24Z,83,d91956f87cd8c0f1cc20b2e7c279e9bde8b45ba1
93382789921,31365343331,ci-core,"core (windows-latest, py3.13)",completed,success,2026-08-10T07:20:35Z,2026-08-10T07:22:54Z,139,8ff7e265639a41ddaf85290da40153cff8bc9270
93372675385,31362049134,ci-core,"core (windows-latest, py3.13)",completed,success,2026-08-10T06:27:33Z,2026-08-10T06:28:51Z,78,34bbbd91504f069a37ccaca8a48a6db34a1ae910
93250688777,31315483176,ci-core,"core (windows-latest, py3.13)",completed,success,2026-08-09T13:25:50Z,2026-08-09T13:27:08Z,78,cc312fc224a53782ab44ded3ef478aa5df3d3dfe
93249298874,31315237679,ci-core,"core (windows-latest, py3.13)",completed,success,2026-08-09T13:13:07Z,2026-08-09T13:14:59Z,112,b51c97b3ac79f2f599890828ecda31afc255d6b6
93247536419,31314278443,ci-core,"core (windows-latest, py3.13)",completed,success,2026-08-09T12:56:30Z,2026-08-09T12:58:05Z,95,c86608c38d115061f2b4cb2d9718fcc9cc3704cf
93217766208,31302634436,ci-core,"core (windows-latest, py3.13)",completed,success,2026-08-09T08:04:19Z,2026-08-09T08:05:29Z,70,643f417595d1de99673ff58042c1722ce8c59897
93214754600,31301211728,ci-core,"core (windows-latest, py3.13)",completed,success,2026-08-09T07:33:49Z,2026-08-09T07:35:15Z,86,1ea0027c8df448b1ecb4129b6788a75893e93003
92952034390,31204471231,ci-core,"core (windows-latest, py3.13)",completed,success,2026-08-07T17:54:28Z,2026-08-07T17:55:51Z,83,b9e76719ae59ca5d7668e1c31783f67f1b0ca169
92932071730,31197290002,ci-core,"core (windows-latest, py3.13)",completed,success,2026-08-07T16:36:21Z,2026-08-07T16:38:00Z,99,3f5aa5f440d2fa90d99f7d7c534e1c1374b0cc74
92927909226,31197100058,ci-core,"core (windows-latest, py3.13)",completed,success,2026-08-07T16:20:43Z,2026-08-07T16:22:34Z,111,95e527b5b2b7406e6cd777efbe2533efd452c624
92927840659,31197079838,ci-core,"core (windows-latest, py3.13)",completed,success,2026-08-07T16:20:26Z,2026-08-07T16:22:11Z,105,a2f79d347657339305daa5819b4b2cf20288f083
92905744281,31190485303,ci-core,"core (windows-latest, py3.13)",completed,success,2026-08-07T15:00:54Z,2026-08-07T15:02:51Z,117,82f88ce5905cea6e5933f516501ac06398973c0c
92905789409,31188271949,ci-core,"core (windows-latest, py3.13)",completed,success,2026-08-07T15:01:02Z,2026-08-07T15:02:48Z,106,06161b4829b81a98487286a1dae80fb3663ecc9d
92895475028,31187445593,ci-core,"core (windows-latest, py3.13)",completed,success,2026-08-07T14:24:50Z,2026-08-07T14:26:27Z,97,3cc68e0d1630dee4c72767efe132407eaec43956
92874512347,31181164272,ci-core,"core (windows-latest, py3.13)",completed,success,2026-08-07T13:07:13Z,2026-08-07T13:08:29Z,76,c9d9679374f46d3724e45fb10f0c1355de641a6c
92835747310,31168827149,ci-core,"core (windows-latest, py3.13)",completed,failure,2026-08-07T10:08:05Z,2026-08-07T10:09:05Z,60,07eba8e8548c03b4d2db054d7cfd012b924fae9b
92825474259,31165577878,ci-core,"core (windows-latest, py3.13)",completed,success,2026-08-07T09:22:05Z,2026-08-07T09:23:33Z,88,4667075f7231360d9e992b51c8b94a985bc8d00c
92824050727,31165132800,ci-core,"core (windows-latest, py3.13)",completed,success,2026-08-07T09:15:38Z,2026-08-07T09:17:41Z,123,49634314227675416d49ad58a1e8ae8dcf619ef4
92812851407,31161334526,ci-core,"core (windows-latest, py3.13)",completed,success,2026-08-07T08:24:35Z,2026-08-07T08:26:06Z,91,8ac6e20fcc07522a8f1e6520a2910dcbbbaba974
92811409591,31161106476,ci-core,"core (windows-latest, py3.13)",completed,success,2026-08-07T08:17:51Z,2026-08-07T08:19:14Z,83,9ce2d650f2cb48e39df10f306a508910ed241061
92808364175,31160135272,ci-core,"core (windows-latest, py3.13)",completed,success,2026-08-07T08:03:38Z,2026-08-07T08:08:15Z,277,674ea0be8e94acae9e88769c925ca36dfecf32f8
92804640930,31158945527,ci-core,"core (windows-latest, py3.13)",completed,success,2026-08-07T07:45:53Z,2026-08-07T07:47:35Z,102,b895ff7bca3a5aed2497ff4cffe7e37f0ee55582
92804702653,31158436932,ci-core,"core (windows-latest, py3.13)",completed,success,2026-08-07T07:46:11Z,2026-08-07T07:47:39Z,88,d5a41bf47a3bf0a9b7775bc0160ec4e236190b8a
92802579001,31158288433,ci-core,"core (windows-latest, py3.13)",completed,success,2026-08-07T07:36:02Z,2026-08-07T07:37:37Z,95,77226608127d723dcad388c8bfdfc63f01c91068
92791485393,31154673094,ci-core,"core (windows-latest, py3.13)",completed,success,2026-08-07T06:38:47Z,2026-08-07T06:40:23Z,96,c257d192aa5205f1ded54ddb380a7168a66f792b
92789708392,31154087207,ci-core,"core (windows-latest, py3.13)",completed,success,2026-08-07T06:29:12Z,2026-08-07T06:31:28Z,136,557f36684054f06045ccfbf55b5a2c33921bf50c
92778659716,31150363472,ci-core,"core (windows-latest, py3.13)",completed,success,2026-08-07T05:23:06Z,2026-08-07T05:25:00Z,114,67cbad2b70dfed76726ee59ed523de7677c3a2c3
92667327589,31116291178,ci-core,"core (windows-latest, py3.13)",completed,success,2026-08-06T15:34:50Z,2026-08-06T15:36:34Z,104,a30dce15530698f5c007dc2548a5c4bd87c6fd99
92653522530,31112436858,ci-core,"core (windows-latest, py3.13)",completed,success,2026-08-06T14:46:05Z,2026-08-06T14:47:52Z,107,b02f9a46fbf101510c3aaed0fbded55d66e7bcf6
92652299069,31112118671,ci-core,"core (windows-latest, py3.13)",completed,success,2026-08-06T14:41:57Z,2026-08-06T14:43:23Z,86,70fdaccaddaea1ef1653ea5560a190c77881bac1
92651162412,31111476982,ci-core,"core (windows-latest, py3.13)",completed,success,2026-08-06T14:38:00Z,2026-08-06T14:39:29Z,89,20a84c7c7c22e489a8288bf0289672454f0cc154
92650775097,31110907380,ci-core,"core (windows-latest, py3.13)",completed,success,2026-08-06T14:36:41Z,2026-08-06T14:38:11Z,90,14ab6fa14306e328be385158dcb2c260d34ebf5a
92647025444,31110585603,ci-core,"core (windows-latest, py3.13)",completed,success,2026-08-06T14:23:39Z,2026-08-06T14:26:09Z,150,b0ab87d0781dd4d68acbc6aa64895d09c0482682
92645257456,31109526466,ci-core,"core (windows-latest, py3.13)",completed,success,2026-08-06T14:17:31Z,2026-08-06T14:19:04Z,93,dbeb8c00ad5e3e552574afff9c4e6f9adb06a5d0
92641435032,31108311376,ci-core,"core (windows-latest, py3.13)",completed,success,2026-08-06T14:04:12Z,2026-08-06T14:05:36Z,84,b2c77b488b3a5209c644d4932e3b48e5bf042603
92632736720,31105938803,ci-core,"core (windows-latest, py3.13)",completed,failure,2026-08-06T13:33:11Z,2026-08-06T13:34:33Z,82,3099390df1eb0eca861a512eb7b36a5c44445909
92630917471,31105922372,ci-core,"core (windows-latest, py3.13)",completed,success,2026-08-06T13:26:31Z,2026-08-06T13:27:57Z,86,fb0c575514e2411250f79470c6af48c4b35b9e01
92629618864,31105102445,ci-core,"core (windows-latest, py3.13)",completed,success,2026-08-06T13:21:50Z,2026-08-06T13:23:15Z,85,696653680b6bef8490907a40049128b7d7bde6fc
92627120602,31104764949,ci-core,"core (windows-latest, py3.13)",completed,success,2026-08-06T13:12:15Z,2026-08-06T13:13:54Z,99,da346074863b4975f49dcdfccb07f97aa9a31319
92627016440,31104370920,ci-core,"core (windows-latest, py3.13)",completed,success,2026-08-06T13:11:50Z,2026-08-06T13:13:23Z,93,5361082498a4c2d9535385026e8e9f1053276fae
92624723832,31104106243,ci-core,"core (windows-latest, py3.13)",completed,success,2026-08-06T13:03:03Z,2026-08-06T13:04:33Z,90,d9def3979f32bca248433bfe4079750f8386947b
92622129213,31103338742,ci-core,"core (windows-latest, py3.13)",completed,success,2026-08-06T12:52:58Z,2026-08-06T12:54:54Z,116,82973b93fd5d554bfcf894f7c8feac2d4ef89f91
92623366609,31103206925,ci-core,"core (windows-latest, py3.13)",completed,failure,2026-08-06T12:57:48Z,2026-08-06T12:58:54Z,66,c03ea5debe1cc6a62e258677ade215ac42ffbc8d
92621645955,31102900343,ci-core,"core (windows-latest, py3.13)",completed,success,2026-08-06T12:51:06Z,2026-08-06T12:52:30Z,84,6572f8f4387295f8d575ddd6c5df87b9f787f434
92222979382,30980261281,ci-core,"core (windows-latest, py3.13)",completed,success,2026-08-05T06:06:52Z,2026-08-05T06:08:43Z,111,a5fbc70510a34223a2baca8ba62a75109fa4b813
92222232244,30979475258,ci-core,"core (windows-latest, py3.13)",completed,success,2026-08-05T06:02:31Z,2026-08-05T06:03:59Z,88,23d89d443066104047cbd8cfbd1d077b3aaf7efa
92219773232,30979193947,ci-core,"core (windows-latest, py3.13)",completed,success,2026-08-05T05:47:36Z,2026-08-05T05:48:59Z,83,26666e3a1a0b733f1517dee8741fd6a244c145e8
92057736770,30928744353,ci-core,"core (windows-latest, py3.13)",completed,success,2026-08-04T16:21:46Z,2026-08-04T16:23:08Z,82,c7cbc5311ba82ed0006430725142021c308b6599
92050901241,30926741310,ci-core,"core (windows-latest, py3.13)",completed,failure,2026-08-04T15:57:10Z,2026-08-04T15:59:20Z,130,09274d79cb591acc78091370131618a2ae8b6472
92052254607,30926567725,ci-core,"core (windows-latest, py3.13)",completed,success,2026-08-04T16:01:50Z,2026-08-04T16:04:35Z,165,32cb6256ecae6f0887e7a93023e76bf22e9ff1a0
92049961492,30925502647,ci-core,"core (windows-latest, py3.13)",completed,success,2026-08-04T15:53:56Z,2026-08-04T15:55:37Z,101,401ac3e54772a47697432462921bade34ce32fc5
92042621235,30924318251,ci-core,"core (windows-latest, py3.13)",completed,success,2026-08-04T15:28:28Z,2026-08-04T15:30:58Z,150,7581ff5c112b6259192666267b2f7537c147cfde
92041845530,30923857720,ci-core,"core (windows-latest, py3.13)",completed,success,2026-08-04T15:25:46Z,2026-08-04T15:28:10Z,144,325ec32af3a972b5071b72c8eea95a7a5605bbde
92035250425,30921300726,ci-core,"core (windows-latest, py3.13)",completed,failure,2026-08-04T15:03:36Z,2026-08-04T15:04:51Z,75,b3e993c1e32bf225ac8886797a04926b84a2adc4
92016490580,30916686795,ci-core,"core (windows-latest, py3.13)",completed,success,2026-08-04T14:00:30Z,2026-08-04T14:02:43Z,133,4fd82e15a5bbabde16ab18581fb7a74f4d53cabb
92015723193,30916339922,ci-core,"core (windows-latest, py3.13)",completed,success,2026-08-04T13:57:56Z,2026-08-04T13:59:30Z,94,af68d6bb1930ccf39648b52f709c3cabda96a524
92005663813,30913477940,ci-core,"core (windows-latest, py3.13)",completed,success,2026-08-04T13:22:20Z,2026-08-04T13:23:50Z,90,63d8ab2cca09d65eb923e90fb8998c8753a25f06
92003995258,30912643798,ci-core,"core (windows-latest, py3.13)",completed,success,2026-08-04T13:16:10Z,2026-08-04T13:18:32Z,142,29c83b78ad56d103e74068b74df23789a704b3d8
92000390674,30911883543,ci-core,"core (windows-latest, py3.13)",completed,success,2026-08-04T13:02:44Z,2026-08-04T13:04:18Z,94,c5810be22f3d11077bb4ed5319fa11959cf77a26
91994063978,30909907894,ci-core,"core (windows-latest, py3.13)",completed,failure,2026-08-04T12:38:27Z,2026-08-04T12:39:31Z,64,cec005dae4f44188fa0ca7b51cada253deb1d488
91992512458,30909529019,ci-core,"core (windows-latest, py3.13)",completed,success,2026-08-04T12:32:13Z,2026-08-04T12:33:32Z,79,1af83f73751d5b83c97fa9c0285385f27d2abc64
91991865518,30906704868,ci-core,"core (windows-latest, py3.13)",completed,failure,2026-08-04T12:29:37Z,2026-08-04T12:30:54Z,77,a25a458d8d25c457586ebf7c9de6dec7619b1127
91991874369,30906616236,ci-core,"core (windows-latest, py3.13)",completed,success,2026-08-04T12:29:40Z,2026-08-04T12:31:14Z,94,f010a95f5148e1b27ef76cf44becb4596c38e187
91982340933,30906389244,ci-core,"core (windows-latest, py3.13)",completed,success,2026-08-04T11:49:03Z,2026-08-04T11:50:21Z,78,94a3c88c11b644e8172721308ab4c61bb397d57c
91979287862,30904372471,ci-core,"core (windows-latest, py3.13)",completed,success,2026-08-04T11:35:27Z,2026-08-04T11:37:01Z,94,3560d48ee6777f46a69b8912d5cf840ac67fd30a
91979484930,30904169238,ci-core,"core (windows-latest, py3.13)",completed,failure,2026-08-04T11:36:18Z,2026-08-04T11:37:41Z,83,0f1d9a675e5e0f548296d1a6c209b28b6734a03a
91979520372,30904105969,ci-core,"core (windows-latest, py3.13)",completed,success,2026-08-04T11:36:28Z,2026-08-04T11:37:45Z,77,734805a3ad4c0cd6c2af37ce62d9cabcde7f7ab1
91973592454,30903594957,ci-core,"core (windows-latest, py3.13)",completed,failure,2026-08-04T11:09:47Z,2026-08-04T11:11:24Z,97,e7bd9031cb02ab9e6ef9d29ed57cf7fa9216f4d7
91972457589,30902946841,ci-core,"core (windows-latest, py3.13)",completed,success,2026-08-04T11:04:51Z,2026-08-04T11:06:34Z,103,9dd44c8d82a1d611cd59abbdb1eea170eedeb6de
91970438832,30902693984,ci-core,"core (windows-latest, py3.13)",completed,success,2026-08-04T10:56:05Z,2026-08-04T10:57:26Z,81,8d9f451929296096259a0cde1f2f42832a02caad
91969094161,30902246590,ci-core,"core (windows-latest, py3.13)",completed,success,2026-08-04T10:50:02Z,2026-08-04T10:51:21Z,79,7586a49867f3b47033bf5408e931e3035714240c
91968416803,30901621314,ci-core,"core (windows-latest, py3.13)",completed,success,2026-08-04T10:46:54Z,2026-08-04T10:48:29Z,95,143ab5d0b569b46d2545022192d2720d3c13f3fa
91960551080,30899604065,ci-core,"core (windows-latest, py3.13)",completed,success,2026-08-04T10:11:39Z,2026-08-04T10:13:17Z,98,6dd99a328b01b85e21c5a698b0d1e7bb234990d8
91960078238,30898833362,ci-core,"core (windows-latest, py3.13)",completed,success,2026-08-04T10:09:32Z,2026-08-04T10:11:14Z,102,c8bb0c7f81781089aed79b5855cac5a030dcf6c2
91910574837,30883818977,ci-core,"core (windows-latest, py3.13)",completed,success,2026-08-04T06:23:17Z,2026-08-04T06:24:51Z,94,1094f4e0d9492628511c7dfeaa506e93d8440193
91907770152,30882721047,ci-core,"core (windows-latest, py3.13)",completed,success,2026-08-04T06:06:53Z,2026-08-04T06:08:24Z,91,b2f5fc68361e055390fed488bc106e14862dce52
91907016663,30882624169,ci-core,"core (windows-latest, py3.13)",completed,success,2026-08-04T06:02:35Z,2026-08-04T06:04:38Z,123,ec58cb5d1e4b74757cc0fcad73f7fdf72a654226
91904466252,30852843324,ci-core,"core (windows-latest, py3.13)",completed,success,2026-08-04T05:47:03Z,2026-08-04T05:48:43Z,100,cb44bfc70213bab16741215290f1fde4479dfd94
91904215475,30852388623,ci-core,"core (windows-latest, py3.13)",completed,failure,2026-08-04T05:45:25Z,2026-08-04T05:46:17Z,52,3f59e8d5a56387066cab8185ee900330d5424fc6
91757396309,30834847188,ci-core,"core (windows-latest, py3.13)",completed,success,2026-08-03T17:01:31Z,2026-08-03T17:04:26Z,175,3728ff472ab3eb1f7663a544ff74ad7af9316976
91754017606,30833664988,ci-core,"core (windows-latest, py3.13)",completed,success,2026-08-03T16:48:21Z,2026-08-03T16:50:31Z,130,65cf476ee53cbbffa3fedb6a2f9a48074721af7b
91601507819,30786708929,ci-core,"core (windows-latest, py3.13)",completed,success,2026-08-03T05:16:37Z,2026-08-03T05:18:10Z,93,78f55b0e374916d473da4cb479e96a7d10e58a4a
91597730178,30763893708,ci-core,"core (windows-latest, py3.13)",completed,success,2026-08-03T04:46:43Z,2026-08-03T04:48:51Z,128,088b2e59e9566c5d6d2c02017bb74825ecd39326
91518330237,30756071240,ci-core,"core (windows-latest, py3.13)",completed,success,2026-08-02T16:11:40Z,2026-08-02T16:13:16Z,96,efa6f51d788b641329959f621cde244b6b1cfa9e
91517420501,30755451292,ci-core,"core (windows-latest, py3.13)",completed,success,2026-08-02T16:02:39Z,2026-08-02T16:04:58Z,139,50bd09ec3380c8828f6c0dda3c362d55f8adcce4
91484320894,30742750225,ci-core,"core (windows-latest, py3.13)",completed,success,2026-08-02T10:11:41Z,2026-08-02T10:13:13Z,92,8042b837ce4587afaa0e6fb061e507129a874bac
91389692360,30707754917,ci-core,"core (windows-latest, py3.13)",completed,success,2026-08-01T16:16:06Z,2026-08-01T16:17:58Z,112,58b27368a2d0ae7470f67150c562e86004b0a6ae
91389474463,30707199209,ci-core,"core (windows-latest, py3.13)",completed,success,2026-08-01T16:13:49Z,2026-08-01T16:15:53Z,124,06be60bc57c74695370295a1f1233975e8a4e760
91358978778,30695914468,ci-core,"core (windows-latest, py3.13)",completed,success,2026-08-01T10:36:19Z,2026-08-01T10:37:39Z,80,bcb018e441da3ec770efacee348eec10c5f996ca
91355591864,30694758760,ci-core,"core (windows-latest, py3.13)",completed,success,2026-08-01T09:57:24Z,2026-08-01T09:58:44Z,80,3daabbba22f49abd6ad7fb4934a3e36217b6c485
91355200336,30694537400,ci-core,"core (windows-latest, py3.13)",completed,success,2026-08-01T09:52:52Z,2026-08-01T09:54:34Z,102,e06dd4a19f4c271c2f8a5f51b38df80f691716a8
91350628580,30692866069,ci-core,"core (windows-latest, py3.13)",completed,success,2026-08-01T09:00:04Z,2026-08-01T09:01:16Z,72,f197dee53e6dec1c5bb198ad5cd5aed5332c1675
91349641660,30692116651,ci-core,"core (windows-latest, py3.13)",completed,success,2026-08-01T08:49:15Z,2026-08-01T08:50:53Z,98,05ae8978e897595a9f610d4ad9f0a949a4fa914c
91347423787,30691685479,ci-core,"core (windows-latest, py3.13)",completed,success,2026-08-01T08:24:03Z,2026-08-01T08:25:45Z,102,478ea7d923a9dd965288b3c40e8059fc2a375b38
91347104845,30691103748,ci-core,"core (windows-latest, py3.13)",completed,success,2026-08-01T08:20:20Z,2026-08-01T08:21:43Z,83,20fee3b1114a8832b786292c93e066487f1a6d08
91339347187,30688663539,ci-core,"core (windows-latest, py3.13)",completed,success,2026-08-01T06:54:59Z,2026-08-01T06:56:42Z,103,b618ca4fd74dee762b43a010ff1c4951b150879a
91339129495,30688429760,ci-core,"core (windows-latest, py3.13)",completed,success,2026-08-01T06:52:43Z,2026-08-01T06:54:03Z,80,6e27e6e10aa06ed38bd0bcdf25917a12fda7ee1c
91337897133,30688158264,ci-core,"core (windows-latest, py3.13)",completed,success,2026-08-01T06:39:35Z,2026-08-01T06:40:50Z,75,ae8a5329e6be075a24938e941402a8f5256766f0
91094120851,30611198615,ci-core,"core (windows-latest, py3.13)",completed,success,2026-07-31T06:57:10Z,2026-07-31T06:58:57Z,107,f9dbec010d3df1ff9c4ec0e2d619a029c9362d57
91337467876,30610505269,ci-core,"core (windows-latest, py3.13)",completed,success,2026-08-01T06:34:30Z,2026-08-01T06:35:51Z,81,69064cd9e82a2c4cbb9d200098d78b9d907052de
91091508436,30610036445,ci-core,"core (windows-latest, py3.13)",completed,success,2026-07-31T06:40:17Z,2026-07-31T06:42:17Z,120,121bf21262cac86e6954926f128857c473249ee2
90956332263,30567727104,ci-core,"core (windows-latest, py3.13)",completed,success,2026-07-30T17:50:09Z,2026-07-30T17:51:29Z,80,d75f0bcf4bdee001394da9f9b31a1573138a11e6
90955821471,30567083697,ci-core,"core (windows-latest, py3.13)",completed,success,2026-07-30T17:48:07Z,2026-07-30T17:49:33Z,86,6b316adf22b75aafd34d4c3edbcd71aca9f7a88d
90952135182,30566473889,ci-core,"core (windows-latest, py3.13)",completed,success,2026-07-30T17:33:17Z,2026-07-30T17:34:34Z,77,85ed2f1a0f4503952d854bac6e00b6460af7463b
90949625665,30565557301,ci-core,"core (windows-latest, py3.13)",completed,success,2026-07-30T17:23:11Z,2026-07-30T17:24:39Z,88,9b202f40038d24a656d767ff90b2eb8cca510875
90947066626,30564961294,ci-core,"core (windows-latest, py3.13)",completed,success,2026-07-30T17:12:47Z,2026-07-30T17:15:14Z,147,01c9c7b6fab91398676c15946a02cb5c5c84c8f7
90946623555,30564423225,ci-core,"core (windows-latest, py3.13)",completed,success,2026-07-30T17:11:02Z,2026-07-30T17:12:33Z,91,56ede214cc16dafad6b64a28abb71c035d464b6b
90943109779,30563783921,ci-core,"core (windows-latest, py3.13)",completed,success,2026-07-30T16:57:09Z,2026-07-30T16:58:31Z,82,433d1f9100c46d7a3046d2f2779e7e89d25c3ee2
90942281687,30563415985,ci-core,"core (windows-latest, py3.13)",completed,success,2026-07-30T16:53:50Z,2026-07-30T16:55:54Z,124,3e4295fe90d029194e7bb3d0d580d4ce9450717e
90938388888,30555778638,ci-core,"core (windows-latest, py3.13)",completed,success,2026-07-30T16:38:35Z,2026-07-30T16:40:14Z,99,5f1ec77e0580a82c5ceb4b63c0107a5f328055ac
90886081055,30547139743,ci-core,"core (windows-latest, py3.13)",completed,success,2026-07-30T13:29:28Z,2026-07-30T13:30:49Z,81,01779be114235f68ec2c5073872b740fa9bd634f
90885472334,30544820650,ci-core,"core (windows-latest, py3.13)",completed,success,2026-07-30T13:27:08Z,2026-07-30T13:28:25Z,77,bd8db29ca15aa0b918fec4d420ddc6ff011908f8
90877514153,30544617443,ci-core,"core (windows-latest, py3.13)",completed,success,2026-07-30T12:55:37Z,2026-07-30T12:57:44Z,127,8367542db4cb23bc6945754847dabf9c0d7f8ee8
90876957246,30544247879,ci-core,"core (windows-latest, py3.13)",completed,success,2026-07-30T12:53:19Z,2026-07-30T12:54:34Z,75,b5c8e45fcfe4ab70dc75f48fa5555f59e0756f4a
90871787875,30542924673,ci-core,"core (windows-latest, py3.13)",completed,success,2026-07-30T12:31:55Z,2026-07-30T12:33:19Z,84,4b1f4a37c04f1dc95742c091f0758878e1c3d95c
90870740974,30542544138,ci-core,"core (windows-latest, py3.13)",completed,success,2026-07-30T12:27:22Z,2026-07-30T12:29:38Z,136,bb94b3b9d4036105b126e3bf50762f26628ac606
90867189023,30541522602,ci-core,"core (windows-latest, py3.13)",completed,success,2026-07-30T12:11:32Z,2026-07-30T12:12:54Z,82,aaafcd9025e6867758ad42ce1540fcb588d966ab
90867235290,30541356570,ci-core,"core (windows-latest, py3.13)",completed,success,2026-07-30T12:11:42Z,2026-07-30T12:13:08Z,86,e677c4d388ec9eee504a6d6b7276995cd0ed8a29
90866062596,30541180769,ci-core,"core (windows-latest, py3.13)",completed,success,2026-07-30T12:06:24Z,2026-07-30T12:07:44Z,80,50b3999c4357b7aef56294a99dc57740c745a94b
90866128311,30541095982,ci-core,"core (windows-latest, py3.13)",completed,success,2026-07-30T12:06:43Z,2026-07-30T12:08:07Z,84,15475c6527ac6f2b2935b6778b078170b0149dc3
90865138744,30540890230,ci-core,"core (windows-latest, py3.13)",completed,success,2026-07-30T12:02:15Z,2026-07-30T12:03:38Z,83,4e41fce57ac8af5a6c19a6d04a25451864075308
90865329293,30540614470,ci-core,"core (windows-latest, py3.13)",completed,success,2026-07-30T12:03:27Z,2026-07-30T12:04:50Z,83,4434273ebc848b4773cbdf992e49c1fb70f8d412
90864546747,30540526463,ci-core,"core (windows-latest, py3.13)",completed,success,2026-07-30T11:59:34Z,2026-07-30T12:00:53Z,79,8d57ee7a3a05ac1d120a1607c8c696a34a7eb941
90864596617,30540369745,ci-core,"core (windows-latest, py3.13)",completed,failure,2026-07-30T11:59:48Z,2026-07-30T12:01:01Z,73,9f95177845b238070d4270f11bf6ead9932487d0
90849612917,30536081605,ci-core,"core (windows-latest, py3.13)",completed,success,2026-07-30T10:48:31Z,2026-07-30T10:49:46Z,75,9337493a306a410025cb9aac5f046cc6e18e22b3
90849192469,30535954847,ci-core,"core (windows-latest, py3.13)",completed,success,2026-07-30T10:46:21Z,2026-07-30T10:48:01Z,100,8a74ed8dfc97cd10e9e26be612a80f68ddfb827a
90844027223,30534051852,ci-core,"core (windows-latest, py3.13)",completed,success,2026-07-30T10:22:00Z,2026-07-30T10:23:34Z,94,ff99f19460a21e6379429342edfd69f027d8f8b9
90842430861,30533901044,ci-core,"core (windows-latest, py3.13)",completed,success,2026-07-30T10:14:28Z,2026-07-30T10:15:52Z,84,20b4c51db2ed6155d315260d37cf4583f594ec64
90844159493,30533814455,ci-core,"core (windows-latest, py3.13)",completed,success,2026-07-30T10:22:37Z,2026-07-30T10:24:06Z,89,9f2b519603277c6dd297a825dc0740ee5223fb96
90841495895,30533615072,ci-core,"core (windows-latest, py3.13)",completed,success,2026-07-30T10:10:02Z,2026-07-30T10:11:19Z,77,16e69492ab896cf0443560eddc76c131cf105d29
90838972825,30532838117,ci-core,"core (windows-latest, py3.13)",completed,success,2026-07-30T09:58:40Z,2026-07-30T10:00:07Z,87,32cae5c7c8c466419f121e30d2adda48e7b043d8
90838491532,30532273331,ci-core,"core (windows-latest, py3.13)",completed,success,2026-07-30T09:56:21Z,2026-07-30T09:57:49Z,88,c23f3be5d195d16f19c8644baa681f3769ce28af
90830661820,30530260097,ci-core,"core (windows-latest, py3.13)",completed,success,2026-07-30T09:20:04Z,2026-07-30T09:21:53Z,109,4f23da6851d3dba7a3bcf56a6dfabd2df269adba
95345220263,32015343553,ci-core,"core (windows-latest, py3.13)",completed,success,2026-08-17T09:34:28Z,2026-08-17T09:36:25Z,117,95498862244632c2fed8b6e242eebc0b58db85b0
95340653746,32014398317,ci-core,"core (windows-latest, py3.13)",completed,success,2026-08-17T09:16:52Z,2026-08-17T09:18:51Z,119,99404704994a45200158a50b57468785570bc62a
95335821035,32011983578,ci-core,"core (windows-latest, py3.13)",completed,success,2026-08-17T08:57:29Z,2026-08-17T08:59:22Z,113,71c21294e5145d99e6d14c5110c7591c6ca7ec9f
95326413477,32009656666,ci-core,"core (windows-latest, py3.13)",completed,success,2026-08-17T08:18:03Z,2026-08-17T08:19:32Z,89,da452e1eacf241c2161a24f4922305376082fe13
95320798509,32007608129,ci-core,"core (windows-latest, py3.13)",completed,success,2026-08-17T07:53:36Z,2026-08-17T07:56:43Z,187,eb501eb7db0d0ac746af5acc903146c9fc8841ce
95319044012,32006232016,ci-core,"core (windows-latest, py3.13)",completed,success,2026-08-17T07:45:27Z,2026-08-17T07:48:01Z,154,e12265c92cdfbdbcfaea4316a651ea64d3f7ebc9
95313653140,32005380905,ci-core,"core (windows-latest, py3.13)",completed,success,2026-08-17T07:20:31Z,2026-08-17T07:22:33Z,122,d099db9aebe62fa8b76e1b0600430de854a9017b
95719943370,32139252480,ci-core,"core (windows-latest, py3.13)",completed,success,2026-08-18T13:00:51Z,2026-08-18T13:02:41Z,110,404020b86fa785563b9e073598134aa4ce99fdb6
95709429427,32136493553,ci-core,"core (windows-latest, py3.13)",completed,success,2026-08-18T12:24:18Z,2026-08-18T12:25:55Z,97,69886bc15cf1936b922eb59d10707fa40881d388
95691170598,32130260380,ci-core,"core (windows-latest, py3.13)",completed,failure,2026-08-18T11:14:43Z,2026-08-18T11:16:15Z,92,4fc17d264622d520c8ac021b87720b92d76a535c
95688507618,32124867304,ci-core,"core (windows-latest, py3.13)",completed,failure,2026-08-18T10:04:55Z,2026-08-18T10:06:37Z,102,2dbdc61fafc1306114e205fb1dff111dd54175db
95671759291,32123821085,ci-core,"core (windows-latest, py3.13)",completed,failure,2026-08-18T09:59:11Z,2026-08-18T09:59:55Z,44,ce91d5da562d7ca17ff6efca48534b27b531d1de
95626218369,32109152673,ci-core,"core (windows-latest, py3.13)",completed,success,2026-08-18T07:03:59Z,2026-08-18T07:05:47Z,108,21a35ae8f661afb4dc8b4ba81916964cb1432781
95624681296,32109038106,ci-core,"core (windows-latest, py3.13)",completed,success,2026-08-18T06:57:07Z,2026-08-18T07:00:05Z,178,9d08a8ccf5634fdedf79baf32b81b34f83767598
95624815911,32108357975,ci-core,"core (windows-latest, py3.13)",completed,failure,2026-08-18T06:57:43Z,2026-08-18T06:58:11Z,28,570c301e72ea11e570a1c2f88c636845fa64ca88
95617515796,32106392386,ci-core,"core (windows-latest, py3.13)",completed,success,2026-08-18T06:23:24Z,2026-08-18T06:26:42Z,198,15b9632b70777b5d57846b1fa61e711d4d33dc36
95617569974,32105847151,ci-core,"core (windows-latest, py3.13)",completed,failure,2026-08-18T06:23:39Z,2026-08-18T06:25:42Z,123,a34937da50caaa645fd4c2d14798803e23a8088b
95604894523,32071330018,ci-core,"core (windows-latest, py3.13)",completed,failure,2026-08-18T05:16:34Z,2026-08-18T05:18:41Z,127,d5723bf28ac50565dd3cf13631151fcf45ffa36d
95513891201,32070968537,ci-core,"core (windows-latest, py3.13)",completed,success,2026-08-17T21:24:57Z,2026-08-17T21:27:34Z,157,0c05b8f6c3f8b75b84bdd496ad59ffe46814e287
95455347079,32052592131,ci-core,"core (windows-latest, py3.13)",completed,success,2026-08-17T17:57:21Z,2026-08-17T17:59:49Z,148,355ab038a97e3829ccfb5051b7bd26c020b2fece
95455340944,32052570009,ci-core,"core (windows-latest, py3.13)",completed,success,2026-08-17T17:56:56Z,2026-08-17T17:59:03Z,127,0e4da54325e49ae4150c9b5bba25eda1b7e978d5
95449506429,32050823868,ci-core,"core (windows-latest, py3.13)",completed,success,2026-08-17T17:33:04Z,2026-08-17T17:34:56Z,112,307ee677ca521cb29e4b1ddd67603ebe1185ba4c
95449662127,32050242759,ci-core,"core (windows-latest, py3.13)",completed,success,2026-08-17T17:33:46Z,2026-08-17T17:35:52Z,126,f38eb1628fa5ca27f083c49d8847c76255c93065
95443232685,32048905600,ci-core,"core (windows-latest, py3.13)",completed,success,2026-08-17T17:07:12Z,2026-08-17T17:08:50Z,98,33bd69cfc78ff1dc4ee6b55c4b7937e2cccea2fd
95443321605,32048458386,ci-core,"core (windows-latest, py3.13)",completed,success,2026-08-17T17:07:34Z,2026-08-17T17:09:54Z,140,7ec006355379c117fc5a46d573be422eb9353da2
95435775081,32046577902,ci-core,"core (windows-latest, py3.13)",completed,success,2026-08-17T16:39:07Z,2026-08-17T16:41:07Z,120,530cfeeb7dd454d180ba17ace238f7cb6ad4ab0a
95435682138,32046548141,ci-core,"core (windows-latest, py3.13)",completed,success,2026-08-17T16:38:40Z,2026-08-17T16:40:20Z,100,d166f077229fd366960acf678ba7987f115dfc53
95409919629,32037189102,ci-core,"core (windows-latest, py3.13)",completed,success,2026-08-17T13:55:40Z,2026-08-17T13:58:09Z,149,5de218cd5d7387a03fb6133d7b22aeb7c35ce9f9
95409815512,32037161536,ci-core,"core (windows-latest, py3.13)",completed,cancelled,2026-08-17T13:55:05Z,2026-08-17T13:55:28Z,23,6bb0955f07c91a27cad489cbbaf426ca92c9b825
95409597363,32037080613,ci-core,"core (windows-latest, py3.13)",completed,success,2026-08-17T13:53:50Z,2026-08-17T13:55:38Z,108,28d3f27aba0cb8db5342a622db0c43baeca700ef
95428461267,32035457590,ci-core,"core (windows-latest, py3.13)",completed,success,2026-08-17T16:02:03Z,2026-08-17T16:04:50Z,167,4f6ef72dab7ae2b803f2c20c22e5773ff6ff3edd
95404100650,32034807889,ci-core,"core (windows-latest, py3.13)",completed,success,2026-08-17T13:28:10Z,2026-08-17T13:29:41Z,91,cd356e0dae3bf0918729e60669186bced216c63c
95402542600,32034781148,ci-core,"core (windows-latest, py3.13)",completed,success,2026-08-17T13:24:12Z,2026-08-17T13:26:45Z,153,efca133dcb3daf2152bb71538aa2ebd8a55f1cd3
95398512535,32033490097,ci-core,"core (windows-latest, py3.13)",completed,success,2026-08-17T13:08:56Z,2026-08-17T13:10:50Z,114,4e5bd8668ed9903ba03e658396e4b11797f358b6
95402308130,32033344132,ci-core,"core (windows-latest, py3.13)",completed,success,2026-08-17T13:21:59Z,2026-08-17T13:23:46Z,107,0fb9df490590d4ebc5759775dd849cad240b627d
95397518795,32033165823,ci-core,"core (windows-latest, py3.13)",completed,success,2026-08-17T13:05:20Z,2026-08-17T13:07:09Z,109,38cfbb1d7c8f818df2fe54afea235081282798c4
95396512456,32032841608,ci-core,"core (windows-latest, py3.13)",completed,success,2026-08-17T13:01:41Z,2026-08-17T13:03:33Z,112,fc173560ce1e40c7dc28a541d3166188ca757b3d
95392785314,32031378293,ci-core,"core (windows-latest, py3.13)",completed,success,2026-08-17T12:47:59Z,2026-08-17T12:49:46Z,107,27df3f33afde35e8a97d19b95473e85a3e666cae
95390588609,32030500901,ci-core,"core (windows-latest, py3.13)",completed,success,2026-08-17T12:39:30Z,2026-08-17T12:41:20Z,110,db4b62c8666e7fe8b14cb06891e0ea02a7e8f5c2
95389959761,32030429371,ci-core,"core (windows-latest, py3.13)",completed,success,2026-08-17T12:37:12Z,2026-08-17T12:39:00Z,108,0b086fe243bf3752e04609c5e4a3214cb9112e98
95386682616,32029692926,ci-core,"core (windows-latest, py3.13)",completed,success,2026-08-17T12:24:28Z,2026-08-17T12:26:25Z,117,5da1fe2905db7f03effe06b5d9afba6b8fb45142
95371261940,32024607884,ci-core,"core (windows-latest, py3.13)",completed,success,2026-08-17T11:22:23Z,2026-08-17T11:24:12Z,109,18970aeadcc08b262cb76c0d2288726669fd4bf6
95367259634,32023132056,ci-core,"core (windows-latest, py3.13)",completed,success,2026-08-17T11:06:07Z,2026-08-17T11:08:32Z,145,3f4dcbb566d0e26e155acd0453156ee7b0a58cd8
95366275479,32021048626,ci-core,"core (windows-latest, py3.13)",completed,success,2026-08-17T11:01:54Z,2026-08-17T11:03:36Z,102,c960123929d84d84a952e81b1debd28693b2fa74
95357494624,32019908177,ci-core,"core (windows-latest, py3.13)",completed,success,2026-08-17T10:25:08Z,2026-08-17T10:26:44Z,96,20d91cb9a7ddd4bfe2f2e1dcfaf7463e0470d16c
95865562767,32184560189,ci-core,"core (windows-latest, py3.13)",completed,success,2026-08-18T20:52:44Z,2026-08-18T20:54:12Z,88,4e56a040836c4cdcda5519a606a68b704eef75f3
95806960771,32166424334,ci-core,"core (windows-latest, py3.13)",completed,success,2026-08-18T17:35:40Z,2026-08-18T17:37:30Z,110,99e7cdae096fe15622f7fe0411deb618fe356259
95779021239,32157314875,ci-core,"core (windows-latest, py3.13)",completed,success,2026-08-18T16:04:23Z,2026-08-18T16:05:52Z,89,264dea76c47dd41adf7f796181c459d794033be7
95773816994,32156174399,ci-core,"core (windows-latest, py3.13)",completed,success,2026-08-18T15:46:33Z,2026-08-18T15:48:21Z,108,0c2c062fd56263e268be4957979da45e099767b2
95772728966,32155746924,ci-core,"core (windows-latest, py3.13)",completed,success,2026-08-18T15:40:09Z,2026-08-18T15:41:52Z,103,4b3a9ba3275a664cdf31dea7642cf7bf5533f542
95772072724,32155541838,ci-core,"core (windows-latest, py3.13)",completed,cancelled,2026-08-18T15:38:10Z,2026-08-18T15:40:00Z,110,0c4794f1c3029eb8f81de7e35f84f9ee191f8dff
95771667177,32155520311,ci-core,"core (windows-latest, py3.13)",completed,cancelled,2026-08-18T15:36:55Z,2026-08-18T15:37:51Z,56,138c0b6b146e31467f473a4629687b775e65ed97
95769689111,32154817432,ci-core,"core (windows-latest, py3.13)",completed,success,2026-08-18T15:31:00Z,2026-08-18T15:32:28Z,88,3dd3a6132757a8af89acebc774039ff0afad501d
95767904585,32154379789,ci-core,"core (windows-latest, py3.13)",completed,success,2026-08-18T15:25:40Z,2026-08-18T15:27:23Z,103,0bfea2a9c34e9b652efe3acf0c9165d6c3d7632d
95763528586,32152096524,ci-core,"core (windows-latest, py3.13)",completed,success,2026-08-18T15:12:48Z,2026-08-18T15:14:48Z,120,8e3e07e6550014da97ee3ea49126e1ef8e50fa93
95763564261,32151703095,ci-core,"core (windows-latest, py3.13)",completed,success,2026-08-18T15:12:58Z,2026-08-18T15:14:47Z,109,7bc242e744201cd112b384b3691554adb6a64d3e
95757165604,32151180764,ci-core,"core (windows-latest, py3.13)",completed,success,2026-08-18T14:56:38Z,2026-08-18T14:58:18Z,100,63deaa5728237c49530d3dc558a3e3bfc0af2bed
95765208726,32151055328,ci-core,"core (windows-latest, py3.13)",completed,success,2026-08-18T15:17:44Z,2026-08-18T15:19:50Z,126,afd3b5a73cefd60aee218e397cfe4f9c75d02a64
95750327276,32148027976,ci-core,"core (windows-latest, py3.13)",completed,success,2026-08-18T14:34:30Z,2026-08-18T14:36:02Z,92,0bbd657a0336b5eaa64aafc1bd55ef3592662038
95734627177,32144426824,ci-core,"core (windows-latest, py3.13)",completed,success,2026-08-18T13:50:49Z,2026-08-18T13:52:46Z,117,cba03506a1f6fa1bb1e74b7378dea08d2ba3d702
95739093485,32144386465,ci-core,"core (windows-latest, py3.13)",completed,success,2026-08-18T14:03:54Z,2026-08-18T14:05:50Z,116,4259b05e864ec1873a325e67080f19aa9e1aa555
95728744832,32142454301,ci-core,"core (windows-latest, py3.13)",completed,success,2026-08-18T13:34:48Z,2026-08-18T13:36:36Z,108,283f83b2d6f6e23d0378d956742a3e452b124b67
96331838167,32338206942,ci-core,"core (windows-latest, py3.13)",completed,success,2026-08-20T06:06:55Z,2026-08-20T06:08:59Z,124,c8f08d7453d907f647b6d70943d95271f775fd5d
96330872747,32337892933,ci-core,"core (windows-latest, py3.13)",completed,success,2026-08-20T06:01:50Z,2026-08-20T06:04:08Z,138,161ba2443629210e98dc760d3c93a2658fe58c16
96329535822,32337406334,ci-core,"core (windows-latest, py3.13)",completed,failure,2026-08-20T05:54:39Z,2026-08-20T05:55:36Z,57,f238e662267441b8cb204a86322381a6362d55a8
96328543389,32337056565,ci-core,"core (windows-latest, py3.13)",completed,success,2026-08-20T05:49:10Z,2026-08-20T05:51:23Z,133,8d0b0ce660dece383367f52cbe109343b2628a8d
96326055166,32336169421,ci-core,"core (windows-latest, py3.13)",completed,success,2026-08-20T05:35:20Z,2026-08-20T05:37:07Z,107,f8e9d7e72c77430c7d52c67bf98acc7084529aa8
96323956404,32335422657,ci-core,"core (windows-latest, py3.13)",completed,success,2026-08-20T05:23:41Z,2026-08-20T05:25:59Z,138,a47b1db2c4837bacd75f39f7c3a26de5fe390649
96224670843,32301422934,ci-core,"core (windows-latest, py3.13)",completed,success,2026-08-19T21:03:41Z,2026-08-19T21:05:22Z,101,4df1642975835150de7eaa43ea41f6161702b066
96222952798,32300863871,ci-core,"core (windows-latest, py3.13)",completed,success,2026-08-19T20:52:31Z,2026-08-19T20:55:07Z,156,681c4f0c005edae79bdeb470de9591cc2d30fe86
96222624341,32300737824,ci-core,"core (windows-latest, py3.13)",completed,cancelled,2026-08-19T20:51:21Z,2026-08-19T20:52:22Z,61,1b3992ea0bbc7ba1aa6f2d54b6179178aded7225
96221590188,32300435879,ci-core,"core (windows-latest, py3.13)",completed,success,2026-08-19T20:47:42Z,2026-08-19T20:49:29Z,107,b0323fb73053aa02be09bb724e93c9cb67cb059d
96214054308,32298082056,ci-core,"core (windows-latest, py3.13)",completed,success,2026-08-19T20:21:31Z,2026-08-19T20:23:18Z,107,03f6a638d5d58feeccb7461f7be080f71c06b486
96201494193,32294154532,ci-core,"core (windows-latest, py3.13)",completed,success,2026-08-19T19:38:41Z,2026-08-19T19:40:28Z,107,a508c886c66ea6c6761069e34f82335da7476d62
96189850546,32290472199,ci-core,"core (windows-latest, py3.13)",completed,success,2026-08-19T18:59:19Z,2026-08-19T19:01:57Z,158,00b7a9f5570c1a6037e2c5dff623f0cb1b045d71
96181477464,32287833592,ci-core,"core (windows-latest, py3.13)",completed,success,2026-08-19T18:31:41Z,2026-08-19T18:33:25Z,104,2bcd8cfa0d62b5e7f64c1c2933c0d79ad609138e
96163830135,32281868691,ci-core,"core (windows-latest, py3.13)",completed,success,2026-08-19T17:34:18Z,2026-08-19T17:35:59Z,101,c968ee223a2bc2945bf226aab982913d3cd4bd73
96162180687,32281832630,ci-core,"core (windows-latest, py3.13)",completed,cancelled,2026-08-19T17:28:56Z,2026-08-19T17:29:54Z,58,556f9f19c83ae8c0f842b6d4690a217fe27c1941
96143720612,32258973090,ci-core,"core (windows-latest, py3.13)",completed,success,2026-08-19T16:28:15Z,2026-08-19T16:30:30Z,135,484c0eb5520cc7d9e6013f9c032234779b2ce52b
96083599213,32257764436,ci-core,"core (windows-latest, py3.13)",completed,failure,2026-08-19T13:23:38Z,2026-08-19T13:24:50Z,72,8e9b132b24750f6b66b5d19e516f1ade29c7dc74
96081955333,32257217498,ci-core,"core (windows-latest, py3.13)",completed,failure,2026-08-19T13:18:19Z,2026-08-19T13:19:35Z,76,9815c2175240c126e0e6cfdcd76dbcbf4bab9fac
96081529695,32257192943,ci-core,"core (windows-latest, py3.13)",completed,cancelled,2026-08-19T13:16:56Z,2026-08-19T13:17:55Z,59,b96109007e597670ed5b5c19bc19be7e1e31d942
96069393600,32253396955,ci-core,"core (windows-latest, py3.13)",completed,success,2026-08-19T12:34:54Z,2026-08-19T12:36:24Z,90,6388f5d40fa3eeba1bad1b1adae527893e51125f
96048003337,32246478316,ci-core,"core (windows-latest, py3.13)",completed,success,2026-08-19T11:12:55Z,2026-08-19T11:15:01Z,126,86c41796fad1fa09b37db5ec171008cb287707fb
96045040305,32245443403,ci-core,"core (windows-latest, py3.13)",completed,success,2026-08-19T11:01:08Z,2026-08-19T11:03:16Z,128,a44b9e28b9615674c458b85106353d1c434d156c
96044728825,32245404712,ci-core,"core (windows-latest, py3.13)",completed,success,2026-08-19T10:59:55Z,2026-08-19T11:01:55Z,120,b6ea83460af24d833879287503f0af74edb74bf6
96044116761,32245202279,ci-core,"core (windows-latest, py3.13)",completed,success,2026-08-19T10:57:30Z,2026-08-19T10:59:27Z,117,b0aaa9cbb331a3f40f7b7dab52bcb68eff60ff22
96038004751,32243184515,ci-core,"core (windows-latest, py3.13)",completed,success,2026-08-19T10:32:34Z,2026-08-19T10:34:34Z,120,a4caba33bfe588af921e1664ae6d6ba82d29c6d1
96028065678,32239938151,ci-core,"core (windows-latest, py3.13)",completed,success,2026-08-19T09:53:43Z,2026-08-19T09:55:46Z,123,48711bc9bbe2861b88bee2aa5c5152966a4c7e5b
96013945774,32235316816,ci-core,"core (windows-latest, py3.13)",completed,success,2026-08-19T08:59:46Z,2026-08-19T09:01:33Z,107,cdb41d59aa729a35c4c3b9c965848838f684f81d
96010461035,32234114472,ci-core,"core (windows-latest, py3.13)",completed,success,2026-08-19T08:46:02Z,2026-08-19T08:47:44Z,102,6bb1cfc11178d086be663ac2db08cc37b427eb10
96011586721,32233984785,ci-core,"core (windows-latest, py3.13)",completed,success,2026-08-19T08:51:38Z,2026-08-19T08:53:19Z,101,15df564ac20f6d843ec82d57cacc439dcc925ff4
96009107658,32233689488,ci-core,"core (windows-latest, py3.13)",completed,success,2026-08-19T08:41:14Z,2026-08-19T08:43:50Z,156,bce2d6b8aab13ea102e3e0cae39b5ffd25ba7f3c
96008188622,32233413335,ci-core,"core (windows-latest, py3.13)",completed,success,2026-08-19T08:37:14Z,2026-08-19T08:38:50Z,96,d22fdfe8d7a8dc3075ce8044ba5150c16d2edf8b
96006800486,32232990979,ci-core,"core (windows-latest, py3.13)",completed,success,2026-08-19T08:32:13Z,2026-08-19T08:33:52Z,99,e6cfbc600bb99881a1a4f08ed6f9e3fb3733d30d
96003387758,32231915231,ci-core,"core (windows-latest, py3.13)",completed,success,2026-08-19T08:18:02Z,2026-08-19T08:19:39Z,97,5053ee4988f31069043c441b8598a31c97113044
96002360432,32231130967,ci-core,"core (windows-latest, py3.13)",completed,success,2026-08-19T08:13:52Z,2026-08-19T08:15:54Z,122,5bb80b0309a371123b0f846843052af93652fced
95995416168,32228874124,ci-core,"core (windows-latest, py3.13)",completed,success,2026-08-19T07:45:00Z,2026-08-19T07:47:40Z,160,f1af5a1f49e43f393b38bf499bf39523a3831ade
95990102844,32227457420,ci-core,"core (windows-latest, py3.13)",completed,success,2026-08-19T07:22:00Z,2026-08-19T07:23:44Z,104,695a134ca203866ca04fb48f9e8a25164bcafb9c
95989793637,32227385292,ci-core,"core (windows-latest, py3.13)",completed,cancelled,2026-08-19T07:20:45Z,2026-08-19T07:21:07Z,22,444c998af9dbaab4c54d046b6c63571594182969
95984102926,32225324785,ci-core,"core (windows-latest, py3.13)",completed,success,2026-08-19T06:55:01Z,2026-08-19T06:56:36Z,95,e2d866a3e052acbee4af076554e7500d7e393dfd
95984336894,32225218539,ci-core,"core (windows-latest, py3.13)",completed,success,2026-08-19T06:56:10Z,2026-08-19T06:58:08Z,118,88ea42953472b6b21422949273e82964d9da8581
95982736963,32224297987,ci-core,"core (windows-latest, py3.13)",completed,success,2026-08-19T06:48:26Z,2026-08-19T06:50:03Z,97,dcac6049cdfa4512bfc09ddf3b27783c7eb34318
95983072894,32224078407,ci-core,"core (windows-latest, py3.13)",completed,success,2026-08-19T06:50:05Z,2026-08-19T06:51:58Z,113,4f0549655b2cade968b52d608fd11a5ea87e992f
95982819524,32223994779,ci-core,"core (windows-latest, py3.13)",completed,success,2026-08-19T06:48:51Z,2026-08-19T06:50:17Z,86,95a83ec6dc9dccd762743ea355564d49b9070d80
95978200348,32223415727,ci-core,"core (windows-latest, py3.13)",completed,success,2026-08-19T06:26:27Z,2026-08-19T06:28:07Z,100,279c3a55efa574e3a535e488097b7ca63873cef7
95972824397,32220896029,ci-core,"core (windows-latest, py3.13)",completed,success,2026-08-19T05:59:42Z,2026-08-19T06:01:55Z,133,31771fdc4ce57a077a384747a5e1d78529e42a5e
95972896896,32220265207,ci-core,"core (windows-latest, py3.13)",completed,success,2026-08-19T06:00:07Z,2026-08-19T06:02:10Z,123,6ed53efe75f6ffa6b071d02614db7956501ab9e3
96719096634,32464820450,ci-core,"core (windows-latest, py3.13)",completed,success,2026-08-21T08:47:45Z,2026-08-21T08:49:58Z,133,a30c2e7d98e5c406ed3d19344d2c3de07843fca8
96711762063,32462378064,ci-core,"core (windows-latest, py3.13)",completed,success,2026-08-21T08:17:25Z,2026-08-21T08:19:57Z,152,a4bb2c1c58de045ce2e1b43a7ed23990c3c50148
96707923203,32461019606,ci-core,"core (windows-latest, py3.13)",completed,success,2026-08-21T07:59:43Z,2026-08-21T08:01:31Z,108,e61aa43230cdbcc4e8851ad378902a88df42efa3
96704550435,32459877817,ci-core,"core (windows-latest, py3.13)",completed,success,2026-08-21T07:46:39Z,2026-08-21T07:48:45Z,126,2e184c2253469566f4bce05842ec6bde793f3c89
96704545781,32458927334,ci-core,"core (windows-latest, py3.13)",completed,success,2026-08-21T07:44:44Z,2026-08-21T07:46:53Z,129,d1b17bcd68e8e484ea7185e86b9eadddc1b8e7cc
96699484033,32458171502,ci-core,"core (windows-latest, py3.13)",completed,success,2026-08-21T07:20:13Z,2026-08-21T07:22:27Z,134,e7ed1be4befe832b5f97dac54cf0142d61c5c8bf
96692249338,32426999222,ci-core,"core (windows-latest, py3.13)",completed,success,2026-08-21T06:44:56Z,2026-08-21T06:47:02Z,126,1ba5f6f98f18ce2825ef5c405ea7f4e462e4b8e4
96692211260,32425306166,ci-core,"core (windows-latest, py3.13)",completed,success,2026-08-21T06:44:29Z,2026-08-21T06:46:29Z,120,35141e5352195272293d20746ddf3d7086edbc74
96602528331,32424123612,ci-core,"core (windows-latest, py3.13)",completed,success,2026-08-20T22:25:33Z,2026-08-20T22:27:41Z,128,1ea52183830d1c600f6f3c24440c1f664b289082
96602263719,32424100589,ci-core,"core (windows-latest, py3.13)",completed,cancelled,2026-08-20T22:24:22Z,2026-08-20T22:24:48Z,26,d9db6ac9fe8c549e06ce22bc315d41c7a761620f
96590839699,32419593153,ci-core,"core (windows-latest, py3.13)",completed,success,2026-08-20T21:37:53Z,2026-08-20T21:39:41Z,108,0f8d39200cbf13aa0f5375dc24e3f146a6e63f86
96583581201,32417830824,ci-core,"core (windows-latest, py3.13)",completed,success,2026-08-20T21:15:35Z,2026-08-20T21:19:47Z,252,8a2787af93ef7c198ef01ce4138b52af1a90f91a
96581750536,32417403838,ci-core,"core (windows-latest, py3.13)",completed,failure,2026-08-20T21:04:02Z,2026-08-20T21:05:49Z,107,70f567aeba680a1379c581743f4f775c7f271cd2
96581075437,32417053015,ci-core,"core (windows-latest, py3.13)",completed,success,2026-08-20T21:01:37Z,2026-08-20T21:03:17Z,100,7132f0177150cb43d7f1dc2dcd22909abde1b596
96579875683,32416321272,ci-core,"core (windows-latest, py3.13)",completed,failure,2026-08-20T20:57:22Z,2026-08-20T20:59:43Z,141,b557bbd21f67925240860af1f854f4846f2392f5
96577498732,32415400704,ci-core,"core (windows-latest, py3.13)",completed,success,2026-08-20T20:48:50Z,2026-08-20T20:51:25Z,155,2410f05d22b074fec4a0818e656da801de0e60b2
96576060745,32415191837,ci-core,"core (windows-latest, py3.13)",completed,failure,2026-08-20T20:43:41Z,2026-08-20T20:45:12Z,91,6de2f03c21cfab107f8419d1b8bb79fa65bc3929
96573240918,32414153845,ci-core,"core (windows-latest, py3.13)",completed,failure,2026-08-20T20:33:49Z,2026-08-20T20:36:22Z,153,c0c558c4dea4ae9c433f749f90c6df685e8b6fa0
96568740760,32413338086,ci-core,"core (windows-latest, py3.13)",completed,success,2026-08-20T20:18:22Z,2026-08-20T20:20:57Z,155,47c5a85bc0ab98cff7739303634af78ee4d21fe4
96564782180,32412145049,ci-core,"core (windows-latest, py3.13)",completed,success,2026-08-20T20:04:57Z,2026-08-20T20:06:55Z,118,eca53d0ca395093599a345863fd5a815b17387a6
96565200740,32411478170,ci-core,"core (windows-latest, py3.13)",completed,success,2026-08-20T20:06:57Z,2026-08-20T20:09:17Z,140,889722e1765d26e486c121f02d22ee862239c9fb
96559906876,32399923502,ci-core,"core (windows-latest, py3.13)",completed,success,2026-08-20T19:48:36Z,2026-08-20T19:52:14Z,218,cbe489ff17d4e73ae79ae194d23b327671dd46a3
96559850399,32399854771,ci-core,"core (windows-latest, py3.13)",completed,success,2026-08-20T19:47:48Z,2026-08-20T19:49:35Z,107,6896989b39fe5b5ee6182f61434a410d483b1f38
96524422264,32399622578,ci-core,"core (windows-latest, py3.13)",completed,success,2026-08-20T17:48:11Z,2026-08-20T17:50:16Z,125,bf69afb40f3a23b34ad024f321bad061a5db5143
96560310179,32399283966,ci-core,"core (windows-latest, py3.13)",completed,success,2026-08-20T19:49:37Z,2026-08-20T19:51:30Z,113,b56e086290fba3ca22c83f7061da2ec15c4a0739
96520249638,32398317771,ci-core,"core (windows-latest, py3.13)",completed,success,2026-08-20T17:34:05Z,2026-08-20T17:36:07Z,122,ace613b45e1ed803e1a30a4252768b7294dfe142
96518982661,32397919637,ci-core,"core (windows-latest, py3.13)",completed,success,2026-08-20T17:29:50Z,2026-08-20T17:34:20Z,270,baf103cee67caa4e3654b11be1d993326331208f
96517016193,32396324035,ci-core,"core (windows-latest, py3.13)",completed,success,2026-08-20T17:23:18Z,2026-08-20T17:26:05Z,167,a64e911244144b62662a20e1ba9f02930c7f3a59
96516782853,32395969860,ci-core,"core (windows-latest, py3.13)",completed,success,2026-08-20T17:22:24Z,2026-08-20T17:25:41Z,197,4242d8c9ed72b151cbd39e8f88e515d4ee51e0f9
96510881368,32395333675,ci-core,"core (windows-latest, py3.13)",completed,success,2026-08-20T17:02:38Z,2026-08-20T17:05:43Z,185,b0b9d9b92e6391deaca39403907132b18f61d2a8
96508505429,32394550767,ci-core,"core (windows-latest, py3.13)",completed,success,2026-08-20T16:54:48Z,2026-08-20T16:57:37Z,169,e597c145b4b675be231f67b3feae1cd7316648e6
96508483593,32393814339,ci-core,"core (windows-latest, py3.13)",completed,success,2026-08-20T16:54:34Z,2026-08-20T16:58:07Z,213,4410952f6186d0c35930cb5b220440c005ae733d
96504698568,32393346432,ci-core,"core (windows-latest, py3.13)",completed,success,2026-08-20T16:41:53Z,2026-08-20T16:45:09Z,196,73826ec40cc30f4aabcdd531d46ab4b9fdfd5fa4
96502933788,32392894605,ci-core,"core (windows-latest, py3.13)",completed,success,2026-08-20T16:35:58Z,2026-08-20T16:38:30Z,152,fb9746c52385578629e1830ed2f440d660351220
96502998342,32376140951,ci-core,"core (windows-latest, py3.13)",completed,success,2026-08-20T16:36:11Z,2026-08-20T16:39:00Z,169,54124f3206d64229a668e8023eed8b5350bf7cc4
96443589152,32374827957,ci-core,"core (windows-latest, py3.13)",completed,success,2026-08-20T13:32:18Z,2026-08-20T13:34:49Z,151,286bfad8c2a03415d2d9d8d5e3d4696830739784
96443652933,32372373620,ci-core,"core (windows-latest, py3.13)",completed,success,2026-08-20T13:32:45Z,2026-08-20T13:34:47Z,122,3904db3a1e8922b1acad3b3a5d7cb7ca07800b08
96443745654,32372084864,ci-core,"core (windows-latest, py3.13)",completed,success,2026-08-20T13:32:48Z,2026-08-20T13:34:48Z,120,e63acdb16a46d533247f902c8f25c8d1d2064a6a
96432367365,32371335913,ci-core,"core (windows-latest, py3.13)",completed,success,2026-08-20T12:54:55Z,2026-08-20T12:56:44Z,109,87346200d69465b62de1e469d7462d255378c54b
96432500543,32368456110,ci-core,"core (windows-latest, py3.13)",completed,success,2026-08-20T12:55:38Z,2026-08-20T12:57:55Z,137,f8e7ce035aa6ffd3ee9b37b5921fee36efdfc8ed
96418537246,32366989169,ci-core,"core (windows-latest, py3.13)",completed,success,2026-08-20T12:04:54Z,2026-08-20T12:06:43Z,109,da46a2c2197d811270c3bdc4b3c4b1b2e3dc27e7
96418726931,32364296426,ci-core,"core (windows-latest, py3.13)",completed,success,2026-08-20T12:05:38Z,2026-08-20T12:08:58Z,200,b96425660f0221cc3d98105980ec54479e61604b
96405091805,32362561732,ci-core,"core (windows-latest, py3.13)",completed,success,2026-08-20T11:11:07Z,2026-08-20T11:12:53Z,106,af814cc692c616717b51f4fac5494dab459cdd10
96405164729,32360010308,ci-core,"core (windows-latest, py3.13)",completed,success,2026-08-20T11:11:28Z,2026-08-20T11:12:54Z,86,631954b342b65bc0a9201ff8bb0c7e181ef10aa1
96396702187,32359782046,ci-core,"core (windows-latest, py3.13)",completed,success,2026-08-20T10:36:51Z,2026-08-20T10:39:44Z,173,69459cd2b1b00bbdbda60a8a6fc98c130b83c68c
96396853760,32356226190,ci-core,"core (windows-latest, py3.13)",completed,success,2026-08-20T10:37:29Z,2026-08-20T10:39:47Z,138,7344e993165394cfcef3df4f96293aa9685b753a
96383068366,32354196972,ci-core,"core (windows-latest, py3.13)",completed,success,2026-08-20T09:43:02Z,2026-08-20T09:44:46Z,104,626b3f6ca6b3e19a213d4c0b01ca7d221defe63b
96382996597,32353137987,ci-core,"core (windows-latest, py3.13)",completed,success,2026-08-20T09:42:45Z,2026-08-20T09:47:21Z,276,e765992f78e8df9f38d89038c47ab21d4d48ed2b
96375643819,32352867325,ci-core,"core (windows-latest, py3.13)",completed,success,2026-08-20T09:14:36Z,2026-08-20T09:16:47Z,131,5e99689ad463d474f38c05e7b658d62c68b5e912
96371703991,32350317178,ci-core,"core (windows-latest, py3.13)",completed,failure,2026-08-20T08:59:47Z,2026-08-20T09:01:12Z,85,ba04a1a6a116c486146bacc6d1bad46f3fd8bbaa
96371739254,32349760416,ci-core,"core (windows-latest, py3.13)",completed,success,2026-08-20T08:59:58Z,2026-08-20T09:02:51Z,173,9b4bb34f4c14b7f6734068c5897a97b122f2d87e
96360602013,32347944300,ci-core,"core (windows-latest, py3.13)",completed,success,2026-08-20T08:15:55Z,2026-08-20T08:17:49Z,114,decbd7780fbaae3117bcefc2204064912be613a9
96359303579,32346934741,ci-core,"core (windows-latest, py3.13)",completed,success,2026-08-20T08:10:54Z,2026-08-20T08:12:51Z,117,a7bc4260935a8069a193fc562927b94dbc0b392a
96351403995,32344876680,ci-core,"core (windows-latest, py3.13)",completed,success,2026-08-20T07:37:43Z,2026-08-20T07:40:24Z,161,12af5db24763940479bde630a2e569bba60bcf46
96349910402,32344367127,ci-core,"core (windows-latest, py3.13)",completed,success,2026-08-20T07:31:46Z,2026-08-20T07:33:57Z,131,9ca205d08ba46cf75a905db25dcd77cda1c340e9
96349768610,32344340544,ci-core,"core (windows-latest, py3.13)",completed,cancelled,2026-08-20T07:30:36Z,2026-08-20T07:30:54Z,18,019e83cc76bdfe2750975135ab1db8c5ab918cbf
96348649445,32343971780,ci-core,"core (windows-latest, py3.13)",completed,success,2026-08-20T07:27:12Z,2026-08-20T07:29:09Z,117,48e99a2e4253347165bc9b8187ea11ec62b8c669
96346594463,32343271143,ci-core,"core (windows-latest, py3.13)",completed,success,2026-08-20T07:18:00Z,2026-08-20T07:21:08Z,188,5e67e43e647b15b5f93cedeca674b368468e6e65
96346409758,32343235936,ci-core,"core (windows-latest, py3.13)",completed,cancelled,2026-08-20T07:16:22Z,2026-08-20T07:16:59Z,37,e7b4478fd913f9fafa7144671e0f3ad7ac4450e9
96336307293,32339730049,ci-core,"core (windows-latest, py3.13)",completed,success,2026-08-20T06:31:00Z,2026-08-20T06:32:49Z,109,bebbd63f8bc56f9d28e881f47fb55adabb280719
96909577811,32526515141,ci-core,"core (windows-latest, py3.13)",completed,success,2026-08-21T21:01:51Z,2026-08-21T21:03:51Z,120,d5c4dd65457369f554f975a52aeccca47876f767
96870391359,32513689463,ci-core,"core (windows-latest, py3.13)",completed,success,2026-08-21T18:30:24Z,2026-08-21T18:32:34Z,130,8d615032991bdd47f9b6132e4106446b676a65eb
96868161772,32512981459,ci-core,"core (windows-latest, py3.13)",completed,success,2026-08-21T18:22:13Z,2026-08-21T18:24:34Z,141,05a1ed5ee2a8ad7a321de50cad061f4c9415821d
96864078956,32484051028,ci-core,"core (windows-latest, py3.13)",completed,success,2026-08-21T18:07:20Z,2026-08-21T18:10:45Z,205,87cd55e7a1657739f24f4a4870fe9256c7782c5c
96775089003,32483597976,ci-core,"core (windows-latest, py3.13)",completed,success,2026-08-21T12:47:44Z,2026-08-21T12:50:40Z,176,ca02a2077f758c72e30da9607a0187029350da85
96772734034,32482800996,ci-core,"core (windows-latest, py3.13)",completed,success,2026-08-21T12:38:20Z,2026-08-21T12:41:32Z,192,f823595cc2d2d7321a05dc8123c7047eddfcd992
96772364437,32482707713,ci-core,"core (windows-latest, py3.13)",completed,cancelled,2026-08-21T12:37:11Z,2026-08-21T12:38:04Z,53,c8587e9940269f710874f2eeb8633f9aa3bd871c
96772172319,32482646839,ci-core,"core (windows-latest, py3.13)",completed,success,2026-08-21T12:36:01Z,2026-08-21T12:37:54Z,113,da5c5462dd65b7b6c8fa1b6ca77f1d8855aad595
96752100276,32475891118,ci-core,"core (windows-latest, py3.13)",completed,success,2026-08-21T11:09:33Z,2026-08-21T11:11:57Z,144,15d8215a2e618d47662d55cc0c33dfc01ef702df
96751815452,32475819557,ci-core,"core (windows-latest, py3.13)",completed,cancelled,2026-08-21T11:08:18Z,2026-08-21T11:09:22Z,64,29b6180c7a3a4f812c52fc199ea1512d6e79415e
96747456388,32474333693,ci-core,"core (windows-latest, py3.13)",completed,success,2026-08-21T10:48:54Z,2026-08-21T10:50:50Z,116,621e2d65209d8e05ee784e975e9ced616e45f295
96745109014,32473408092,ci-core,"core (windows-latest, py3.13)",completed,success,2026-08-21T10:38:23Z,2026-08-21T10:40:45Z,142,6d0e4df9e467d049a52bb74c9fc384c5d6df834a
96744017726,32473163008,ci-core,"core (windows-latest, py3.13)",completed,success,2026-08-21T10:34:58Z,2026-08-21T10:36:42Z,104,7233acf5d08f23a9bd9e8caa6c78543cb5f279d3
96735129757,32466284439,ci-core,"core (windows-latest, py3.13)",completed,success,2026-08-21T09:55:15Z,2026-08-21T09:57:54Z,159,e82bc27f61332259a2f0b784b7d49e61d67f9821
97007722501,32563012560,ci-core,"core (windows-latest, py3.13)",completed,success,2026-08-22T08:46:16Z,2026-08-22T08:47:47Z,91,9c48491c366b57ea7852aab042a751804dfe42a9
97217616048,32647871422,ci-core,"core (windows-latest, py3.13)",completed,success,2026-08-23T15:35:20Z,2026-08-23T15:37:10Z,110,d368b1e7d3aeae369e68628c05b26a725789a028
97217649782,32647168707,ci-core,"core (windows-latest, py3.13)",completed,failure,2026-08-23T15:35:39Z,2026-08-23T15:37:47Z,128,bd34f4725b26a79ce672aa7408c2908011bac797
97211668640,32646588094,ci-core,"core (windows-latest, py3.13)",completed,success,2026-08-23T14:49:00Z,2026-08-23T14:51:06Z,126,d1c28c7acfd25f14769f2a6e89f9bc96ccd37a22
97194183970,32638736740,ci-core,"core (windows-latest, py3.13)",completed,success,2026-08-23T12:27:44Z,2026-08-23T12:30:00Z,136,21229b80a7d1398ee6511f5269ec088f6b7854d2
97194219853,32638566003,ci-core,"core (windows-latest, py3.13)",completed,success,2026-08-23T12:28:06Z,2026-08-23T12:30:43Z,157,af5328f3ea7a28d7bc890ad0f2e26dcf9b9a429a
97187722876,32633983643,ci-core,"core (windows-latest, py3.13)",completed,failure,2026-08-23T11:32:10Z,2026-08-23T11:33:30Z,80,a812e69f6ad407df4d4ac6366993294b3fb1734b
97187646173,32631332903,ci-core,"core (windows-latest, py3.13)",completed,success,2026-08-23T11:31:31Z,2026-08-23T11:34:02Z,151,777148a0b3dfe514e624def572f1555bf76385cc
97174195607,32631191134,ci-core,"core (windows-latest, py3.13)",completed,success,2026-08-23T09:30:51Z,2026-08-23T09:33:07Z,136,bfb126b31e36e90f2247172dc9b9ffb5f94a4c36
97174116000,32631171257,ci-core,"core (windows-latest, py3.13)",completed,cancelled,2026-08-23T09:30:11Z,2026-08-23T09:30:41Z,30,0c37a944d593c2ab5d64e2143d890d6aaf3866c6
97173905447,32630814458,ci-core,"core (windows-latest, py3.13)",completed,success,2026-08-23T09:28:20Z,2026-08-23T09:30:03Z,103,a4c5656b39fcba76e2cca90dceb80adf2c8b6315
97173229533,32630809857,ci-core,"core (windows-latest, py3.13)",completed,success,2026-08-23T09:22:21Z,2026-08-23T09:24:47Z,146,6f2d21eb5f34e3becb56c98518e1d4fa7deb4e4d
97172801662,32630639157,ci-core,"core (windows-latest, py3.13)",completed,success,2026-08-23T09:18:29Z,2026-08-23T09:20:27Z,118,a29b3c10b6899302e6d40238b38c1c33d60ba848
97169524803,32628472534,ci-core,"core (windows-latest, py3.13)",completed,success,2026-08-23T08:50:14Z,2026-08-23T08:52:22Z,128,9a98a7405a1731b84b168e015c88532d12826ed2
97164128338,32627162932,ci-core,"core (windows-latest, py3.13)",completed,success,2026-08-23T08:02:01Z,2026-08-23T08:04:09Z,128,5590d1651bf83750f3375410c154da4c912451e0
97161583808,32626087979,ci-core,"core (windows-latest, py3.13)",completed,success,2026-08-23T07:38:30Z,2026-08-23T07:40:55Z,145,1f5b88cec02d06e2840dca86486cddee734bee94
97161193404,32625936478,ci-core,"core (windows-latest, py3.13)",completed,success,2026-08-23T07:34:50Z,2026-08-23T07:36:49Z,119,52c22aba2ba5241165916298c9e679f9fc21f5a2
97160272388,32625563752,ci-core,"core (windows-latest, py3.13)",completed,success,2026-08-23T07:26:26Z,2026-08-23T07:28:23Z,117,9eb5e2a1b37651337b9a5409bb8999cc95d0408b
97159496740,32625239840,ci-core,"core (windows-latest, py3.13)",completed,success,2026-08-23T07:19:20Z,2026-08-23T07:21:06Z,106,7c256a1e5d59f14526700eb1e3d244cfc2a6252d
97159440570,32625228077,ci-core,"core (windows-latest, py3.13)",completed,cancelled,2026-08-23T07:18:49Z,2026-08-23T07:19:11Z,22,ddbccb8d40110d651155f7ecd5e616f4f9c7dfe8
97158561976,32624803827,ci-core,"core (windows-latest, py3.13)",completed,success,2026-08-23T07:11:02Z,2026-08-23T07:13:12Z,130,6aab55eb785a6b6ee8c273f25bced97479cc17c1
97157878150,32624603913,ci-core,"core (windows-latest, py3.13)",completed,success,2026-08-23T07:04:43Z,2026-08-23T07:07:04Z,141,61b584ecb294c59860fde418bd9c3a6e6f4901f5
97158034427,32624556761,ci-core,"core (windows-latest, py3.13)",completed,success,2026-08-23T07:06:11Z,2026-08-23T07:08:25Z,134,c4b6fe3a951f548e1d9ecaca434c40aca1cda47a
97154550166,32623225279,ci-core,"core (windows-latest, py3.13)",completed,success,2026-08-23T06:33:33Z,2026-08-23T06:36:10Z,157,64e0f799e33a132e7f47d8ce7e50cd40f065cc9c
97154495742,32623215759,ci-core,"core (windows-latest, py3.13)",completed,cancelled,2026-08-23T06:33:01Z,2026-08-23T06:33:22Z,21,58b77beee8baad8562ccdc79c7a09f4add607f2e
97153597557,32622282727,ci-core,"core (windows-latest, py3.13)",completed,success,2026-08-23T06:24:47Z,2026-08-23T06:27:10Z,143,1f89cff6e0dc0ba7adf9ef41bfc3dac55ca89ad1
97153554250,32622241591,ci-core,"core (windows-latest, py3.13)",completed,success,2026-08-23T06:24:20Z,2026-08-23T06:26:57Z,157,82584009d37b0b299d4ccc5e65ec235019b097e7
97104691916,32603310834,ci-core,"core (windows-latest, py3.13)",completed,success,2026-08-22T22:45:02Z,2026-08-22T22:46:54Z,112,10518ad2678515b9a660e8bafce5a595ff093193
97104755943,32588025790,ci-core,"core (windows-latest, py3.13)",completed,failure,2026-08-22T22:45:36Z,2026-08-22T22:47:41Z,125,960f77c61554d13cfddaf87a3a2340b74637720d
97104854970,32587437014,ci-core,"core (windows-latest, py3.13)",completed,success,2026-08-22T22:46:43Z,2026-08-22T22:49:23Z,160,fcfdb5ba58accda7061b77df7bf80cf14d0cf963
97063234723,32586355254,ci-core,"core (windows-latest, py3.13)",completed,success,2026-08-22T16:59:27Z,2026-08-22T17:01:55Z,148,28492a678d2d410ce89cf1a56f56d3b2797d8211
97063169631,32586344509,ci-core,"core (windows-latest, py3.13)",completed,cancelled,2026-08-22T16:58:56Z,2026-08-22T16:59:08Z,12,5af5454b26bb418dce67d0c992f034d9f60a5e8c
97063241305,32585630238,ci-core,"core (windows-latest, py3.13)",completed,success,2026-08-22T16:59:30Z,2026-08-22T17:01:57Z,147,b17243913ffc29cef63e1546f7dad08e324949a2
97061399814,32585594672,ci-core,"core (windows-latest, py3.13)",completed,success,2026-08-22T16:45:19Z,2026-08-22T16:47:50Z,151,fbc69196d9ed753a6100c8209f6b34c4e3076407
97060920426,32585391756,ci-core,"core (windows-latest, py3.13)",completed,success,2026-08-22T16:40:24Z,2026-08-22T16:42:48Z,144,ab9eb11dd4d7eb9904838f3decabbe705f65d9af
97060811143,32585366537,ci-core,"core (windows-latest, py3.13)",completed,success,2026-08-22T16:39:50Z,2026-08-22T16:42:33Z,163,91e75e853b6ba64b935f38084694eb561ca86da0
97060806390,32585364601,ci-core,"core (windows-latest, py3.13)",completed,cancelled,2026-08-22T16:39:29Z,2026-08-22T16:40:07Z,38,3c788f453a44523eb79127fc62cc5cf0f7160f72
97061071595,32582398684,ci-core,"core (windows-latest, py3.13)",completed,success,2026-08-22T16:41:46Z,2026-08-22T16:44:46Z,180,ed39ac9ef51ea45c0e56711299ab1d0b597eaf81
97051025058,32581324861,ci-core,"core (windows-latest, py3.13)",completed,success,2026-08-22T15:19:11Z,2026-08-22T15:21:08Z,117,588fd45e6ca3bcef27aba0d221d5fd7291da8e34
97052056019,32581255789,ci-core,"core (windows-latest, py3.13)",completed,success,2026-08-22T15:27:54Z,2026-08-22T15:29:58Z,124,b6efed54fb51e4cdd5ad2e2f7fad071139d6cf47
97052028970,32581252410,ci-core,"core (windows-latest, py3.13)",completed,success,2026-08-22T15:27:14Z,2026-08-22T15:28:57Z,103,65f1e39f7bc4e1b4cbcc2c1e413da3e33098916d
97050750287,32581194714,ci-core,"core (windows-latest, py3.13)",completed,success,2026-08-22T15:16:45Z,2026-08-22T15:18:47Z,122,8da38a52e3995d5c1817f5afd71c520a3d5f9146
97050084644,32580917912,ci-core,"core (windows-latest, py3.13)",completed,success,2026-08-22T15:11:22Z,2026-08-22T15:13:06Z,104,c7a50a4fa7232d6331737d4c61cbf434751b40f9
97049823652,32580821618,ci-core,"core (windows-latest, py3.13)",completed,cancelled,2026-08-22T15:09:18Z,2026-08-22T15:11:00Z,102,985436e84fe16d0f8cc162bd36a4e807400cd510
97047767963,32579946484,ci-core,"core (windows-latest, py3.13)",completed,success,2026-08-22T14:52:47Z,2026-08-22T14:54:49Z,122,d82d85c0924907b804ab5d2e3ec3de8aa0bda379
97046617618,32579319034,ci-core,"core (windows-latest, py3.13)",completed,success,2026-08-22T14:49:32Z,2026-08-22T14:51:34Z,122,801e16521e84eda2d1f05c50b1a72e71a25a7a2c
97046191337,32579164531,ci-core,"core (windows-latest, py3.13)",completed,success,2026-08-22T14:45:31Z,2026-08-22T14:47:22Z,111,4dcba309381b6b4de8c56b209269ac9273ee5e0a
97045572056,32579033499,ci-core,"core (windows-latest, py3.13)",completed,success,2026-08-22T14:34:16Z,2026-08-22T14:36:01Z,105,d26943bee78a5208225201906990a45f63cd7939
97045010942,32578798983,ci-core,"core (windows-latest, py3.13)",completed,success,2026-08-22T14:28:43Z,2026-08-22T14:30:23Z,100,dd053441b934ad3cdf36be0b467476136aed31af
97044895633,32578746008,ci-core,"core (windows-latest, py3.13)",completed,cancelled,2026-08-22T14:28:09Z,2026-08-22T14:28:32Z,23,5a4489d62dab548c4eeffe04fe543acaa65260ad
97044788508,32578719472,ci-core,"core (windows-latest, py3.13)",completed,success,2026-08-22T14:27:25Z,2026-08-22T14:29:16Z,111,4aec6dd79a3f1bcb2ac2f5e390c513e5f114ea0f
97044426443,32578553456,ci-core,"core (windows-latest, py3.13)",completed,success,2026-08-22T14:23:40Z,2026-08-22T14:26:00Z,140,178c2aeac510a140501406074f5f16b677651de2
97044181273,32578463109,ci-core,"core (windows-latest, py3.13)",completed,cancelled,2026-08-22T14:21:46Z,2026-08-22T14:23:24Z,98,d2e758829dd63dd037db036e18e0b967d9ee6007
97044089529,32578404996,ci-core,"core (windows-latest, py3.13)",completed,success,2026-08-22T14:20:47Z,2026-08-22T14:23:11Z,144,fd86ee1da9d14a9c59c029c0baddc484360370b7
97043748946,32578282930,ci-core,"core (windows-latest, py3.13)",completed,success,2026-08-22T14:18:07Z,2026-08-22T14:20:00Z,113,a43b7add567861171b4203e9354dfc4e658c2843
97043463093,32578163309,ci-core,"core (windows-latest, py3.13)",completed,success,2026-08-22T14:15:43Z,2026-08-22T14:18:05Z,142,66e398233520355f72d13bb68ef5d4ee96736d76
97043413979,32578143362,ci-core,"core (windows-latest, py3.13)",completed,success,2026-08-22T14:15:00Z,2026-08-22T14:16:56Z,116,8d8cbf5b7bc61f731c8a37a2af88a0307ef88d9a
97042727216,32577835213,ci-core,"core (windows-latest, py3.13)",completed,success,2026-08-22T14:09:09Z,2026-08-22T14:10:59Z,110,e1d0aeea11c1fe7a2b43daa9bb5a3c04189a4a3f
97043094140,32577825238,ci-core,"core (windows-latest, py3.13)",completed,success,2026-08-22T14:12:16Z,2026-08-22T14:13:49Z,93,7b4a453c7af3c78fcd97b7b6efdaf9fdbbd30d74
97042417644,32577727929,ci-core,"core (windows-latest, py3.13)",completed,cancelled,2026-08-22T14:07:12Z,2026-08-22T14:08:53Z,101,d4d10ed6bf138098c8621b05d54644343c1fe461
97042000726,32577562187,ci-core,"core (windows-latest, py3.13)",completed,success,2026-08-22T14:03:13Z,2026-08-22T14:04:47Z,94,dea8ff4b0a527aaccde20d6c6ed6c739568a6ea3
97042388150,32577291710,ci-core,"core (windows-latest, py3.13)",completed,success,2026-08-22T14:06:23Z,2026-08-22T14:09:21Z,178,c8ac01ecbf0bbd8825559b65d05f2505c6526f94
97041365115,32576856551,ci-core,"core (windows-latest, py3.13)",completed,success,2026-08-22T13:57:55Z,2026-08-22T13:59:47Z,112,d8aad2552c0911b23085da809cf5d680a3e562a6
97040306319,32576840550,ci-core,"core (windows-latest, py3.13)",completed,success,2026-08-22T13:48:32Z,2026-08-22T13:50:11Z,99,7f1c69b92b5bfce72d8ea8452799439e3f31d49d
97039508426,32576496478,ci-core,"core (windows-latest, py3.13)",completed,success,2026-08-22T13:41:38Z,2026-08-22T13:43:53Z,135,fbe9fe795e28ce4d7881b182a753dfee99f506bc
97033817821,32574100503,ci-core,"core (windows-latest, py3.13)",completed,success,2026-08-22T12:51:14Z,2026-08-22T12:52:56Z,102,0c79298731fe12c856675e2d4b065d2d016f11cf
97033753802,32574087842,ci-core,"core (windows-latest, py3.13)",completed,cancelled,2026-08-22T12:50:38Z,2026-08-22T12:51:01Z,23,df59ce831cf181bece78dfe1c48f56fdf1c79c02
97033222477,32573791832,ci-core,"core (windows-latest, py3.13)",completed,success,2026-08-22T12:45:47Z,2026-08-22T12:47:50Z,123,1de25939622297b62d2ffac1c6534246088880dc
97032849969,32573712804,ci-core,"core (windows-latest, py3.13)",completed,success,2026-08-22T12:42:25Z,2026-08-22T12:44:19Z,114,ab6d93f89eef3d97e8cf55b534e06e2b538d440c
97032204600,32572885454,ci-core,"core (windows-latest, py3.13)",completed,success,2026-08-22T12:36:25Z,2026-08-22T12:38:58Z,153,11ed64b8103d2d43c1816b26d1b719e855278f95
97030546093,32572746379,ci-core,"core (windows-latest, py3.13)",completed,success,2026-08-22T12:21:02Z,2026-08-22T12:23:05Z,123,7896ed459d7e33f6dba7183181af78e9aa309904
97026073596,32570889038,ci-core,"core (windows-latest, py3.13)",completed,success,2026-08-22T11:39:52Z,2026-08-22T11:41:55Z,123,b9dd41aa8636756f68a8d4fe3cb57e731fa55266
97025897745,32569170711,ci-core,"core (windows-latest, py3.13)",completed,success,2026-08-22T11:38:11Z,2026-08-22T11:39:59Z,108,14d4ce4ae902c0d60ae908a3183ae19251d7915d
97019938241,32568237569,ci-core,"core (windows-latest, py3.13)",completed,success,2026-08-22T10:41:12Z,2026-08-22T10:43:02Z,110,d7db22b4ba3a7325988fd80e251dfc9a4a78c12e
97019787115,32568192189,ci-core,"core (windows-latest, py3.13)",completed,cancelled,2026-08-22T10:39:49Z,2026-08-22T10:40:52Z,63,792df1ad638be7d8be736ce46c028bca60573de1
97017845871,32567365572,ci-core,"core (windows-latest, py3.13)",completed,success,2026-08-22T10:20:50Z,2026-08-22T10:22:30Z,100,54481d2b2fc9f83761570effa3470473a4881602
97017403571,32567181910,ci-core,"core (windows-latest, py3.13)",completed,success,2026-08-22T10:16:28Z,2026-08-22T10:18:54Z,146,316a2bbf9db12017c94cd512be95eb988c124146
97016413207,32566766163,ci-core,"core (windows-latest, py3.13)",completed,success,2026-08-22T10:07:11Z,2026-08-22T10:09:18Z,127,d7565f2fc7688c80d8b74273a24d047da56318f1
97015780217,32566333147,ci-core,"core (windows-latest, py3.13)",completed,success,2026-08-22T10:01:23Z,2026-08-22T10:03:53Z,150,f567f03c0e039fd70e3ec85aa50baa94e759624b
97014812363,32566088996,ci-core,"core (windows-latest, py3.13)",completed,success,2026-08-22T09:52:07Z,2026-08-22T09:53:54Z,107,bae90dccc3ace366f5b16c64b67a76fee5293395
97014275810,32565822580,ci-core,"core (windows-latest, py3.13)",completed,success,2026-08-22T09:46:56Z,2026-08-22T09:49:04Z,128,8e990710fd4a9ba18d2e27b2c8d8228ee1c151fd
97012863413,32565256982,ci-core,"core (windows-latest, py3.13)",completed,success,2026-08-22T09:33:27Z,2026-08-22T09:35:04Z,97,752ee469da2251c3f56c627138ce99064e083a4f
97010904041,32564198512,ci-core,"core (windows-latest, py3.13)",completed,success,2026-08-22T09:15:21Z,2026-08-22T09:17:16Z,115,70632bd8680b41cd4ee8a6167a0f8ec940b57036
97708037011,32817290301,ci-core,"core (windows-latest, py3.13)",completed,success,2026-08-25T06:30:50Z,2026-08-25T06:33:19Z,149,4bde7fbfdac33cbe1de7e57b5169a5b153e7736a
97706785703,32816856035,ci-core,"core (windows-latest, py3.13)",completed,success,2026-08-25T06:24:52Z,2026-08-25T06:27:20Z,148,f05d8da71d2af8039018e93d2d7601af1fa10e70
97536991221,32760202022,ci-core,"core (windows-latest, py3.13)",completed,success,2026-08-24T18:03:31Z,2026-08-24T18:05:33Z,122,8920f23afcb6956d1cc555c0e6a3c7948d21e2e2
97527201321,32757144346,ci-core,"core (windows-latest, py3.13)",completed,success,2026-08-24T17:31:57Z,2026-08-24T17:34:38Z,161,5705a4914cbdc49ac2ec44f954eb5af4aa62f2f6
97525875437,32756025873,ci-core,"core (windows-latest, py3.13)",completed,success,2026-08-24T17:27:27Z,2026-08-24T17:30:20Z,173,e90543d1a3ecd18f73aca9f4f046d86d2bf0eb2f
97523568469,32755997515,ci-core,"core (windows-latest, py3.13)",completed,success,2026-08-24T17:19:56Z,2026-08-24T17:22:33Z,157,19bf3ac2b5288ea3eb993b48076df82cb476fe8f
97516409337,32753740646,ci-core,"core (windows-latest, py3.13)",completed,success,2026-08-24T16:56:35Z,2026-08-24T16:58:48Z,133,b852b8400ed3ed5825599ec9109bfebf530c84fe
97515405312,32753420811,ci-core,"core (windows-latest, py3.13)",completed,success,2026-08-24T16:53:19Z,2026-08-24T16:55:48Z,149,f43db528f643d00bf176e7c6d2edfc27112768ab
97509228772,32751408367,ci-core,"core (windows-latest, py3.13)",completed,success,2026-08-24T16:33:11Z,2026-08-24T16:35:21Z,130,fdd960db658f2f8ecfb20f706683bfd017ce6152
97506256132,32750560000,ci-core,"core (windows-latest, py3.13)",completed,failure,2026-08-24T16:23:47Z,2026-08-24T16:26:16Z,149,fb5777b6be6f6e4eb5b6851c1ab43aeb1a1b16c9
97503566894,32749330395,ci-core,"core (windows-latest, py3.13)",completed,failure,2026-08-24T16:15:03Z,2026-08-24T16:18:20Z,197,2067676e0017762f502cce46c0e6052d9181fef7
97500583732,32748207267,ci-core,"core (windows-latest, py3.13)",completed,success,2026-08-24T16:05:41Z,2026-08-24T16:07:40Z,119,a3fafd30c0814671c1decce94c62f8d3d72a2b78
97495771117,32747298076,ci-core,"core (windows-latest, py3.13)",completed,success,2026-08-24T15:50:30Z,2026-08-24T15:53:13Z,163,2d85f9523cfac6ebfd343522a53509ef2c59bd4c
97483971181,32743691115,ci-core,"core (windows-latest, py3.13)",completed,success,2026-08-24T15:15:00Z,2026-08-24T15:16:58Z,118,4513a834f20197ececa5b0118c5f5826efe213fa
97479663177,32740542615,ci-core,"core (windows-latest, py3.13)",completed,success,2026-08-24T15:02:09Z,2026-08-24T15:04:03Z,114,559ad6c02da61efc82d1df8650119de182d95cde
97472916535,32740292458,ci-core,"core (windows-latest, py3.13)",completed,success,2026-08-24T14:42:00Z,2026-08-24T14:44:17Z,137,9fc81c1395ae927b0ee8972c00fe4ffb0d1b83b1
97471465731,32739865476,ci-core,"core (windows-latest, py3.13)",completed,success,2026-08-24T14:37:38Z,2026-08-24T14:39:21Z,103,026f7fce8b0c67b7411e9bcd7935fc3de446a3d0
97469007164,32739091004,ci-core,"core (windows-latest, py3.13)",completed,success,2026-08-24T14:30:23Z,2026-08-24T14:33:01Z,158,49fdd396415c74f042e8c52d6b4d8e40ed9a28b1
97462669045,32737139847,ci-core,"core (windows-latest, py3.13)",completed,success,2026-08-24T14:11:36Z,2026-08-24T14:14:15Z,159,7b613a4b9b3450247fe2345387970f1505dab22e
97459936163,32736299398,ci-core,"core (windows-latest, py3.13)",completed,success,2026-08-24T14:03:30Z,2026-08-24T14:05:37Z,127,313b773c73065f6138217d856d8006a76e6f99e5
97458868714,32735986356,ci-core,"core (windows-latest, py3.13)",completed,success,2026-08-24T14:00:18Z,2026-08-24T14:03:16Z,178,dad0ea5a8cbcdb03ec07cfc5b7ef4096ae7c9e14
97455461921,32734669080,ci-core,"core (windows-latest, py3.13)",completed,success,2026-08-24T13:49:32Z,2026-08-24T13:51:28Z,116,64989d41934dbf0ec4b80a0cd83fa143e42e649f
97455563964,32734544159,ci-core,"core (windows-latest, py3.13)",completed,success,2026-08-24T13:51:03Z,2026-08-24T13:53:11Z,128,1e85d43757d8b635547b0c1a05a29c4c3e08f618
97453861075,32734389460,ci-core,"core (windows-latest, py3.13)",completed,success,2026-08-24T13:44:22Z,2026-08-24T13:46:20Z,118,8dcd0cd46c2d18ef7b08514acb2e0762596bfe30
97452042843,32733830506,ci-core,"core (windows-latest, py3.13)",completed,success,2026-08-24T13:39:04Z,2026-08-24T13:41:49Z,165,0e385ffa5872382ff17ec9688578cb5affc183f3
97450474192,32733321190,ci-core,"core (windows-latest, py3.13)",completed,success,2026-08-24T13:33:26Z,2026-08-24T13:35:50Z,144,0552eda2ba579ce6317fa92b9695ebb09bd29701
97449185927,32732971087,ci-core,"core (windows-latest, py3.13)",completed,success,2026-08-24T13:29:21Z,2026-08-24T13:31:38Z,137,3341645911dc222222e1639c4192a16e14d6436b
97446466432,32732065289,ci-core,"core (windows-latest, py3.13)",completed,success,2026-08-24T13:20:38Z,2026-08-24T13:23:32Z,174,cdf802c473ce43c6139078e17aac80f73c5a0eb0
97445967152,32731718140,ci-core,"core (windows-latest, py3.13)",completed,success,2026-08-24T13:19:14Z,2026-08-24T13:21:09Z,115,e3dece08473b1f4a03042a4cafe656f893698e8c
97443116357,32731043431,ci-core,"core (windows-latest, py3.13)",completed,success,2026-08-24T13:09:42Z,2026-08-24T13:11:44Z,122,278e69b77164fe79e6f41efbd459f80c4f5d1f4e
97444477551,32730993584,ci-core,"core (windows-latest, py3.13)",completed,success,2026-08-24T13:14:09Z,2026-08-24T13:18:20Z,251,6fc820296c6b1b98f3be0aa2c2e14974d3b2813c
97441043416,32730088754,ci-core,"core (windows-latest, py3.13)",completed,success,2026-08-24T13:02:45Z,2026-08-24T13:05:19Z,154,bd207814c65e030d2b3a89da2e5f63f0d580636b
97437254753,32726702799,ci-core,"core (windows-latest, py3.13)",completed,success,2026-08-24T12:49:37Z,2026-08-24T12:52:11Z,154,1b390355c1643962de86c51a0434546409905748
97429050663,32726519142,ci-core,"core (windows-latest, py3.13)",completed,success,2026-08-24T12:20:18Z,2026-08-24T12:22:36Z,138,43c7899611d73c3ed41f82e89dd57e88e62a6379
97424114898,32724977661,ci-core,"core (windows-latest, py3.13)",completed,success,2026-08-24T12:02:44Z,2026-08-24T12:05:00Z,136,9093aa58195c7d35ca0127a0d79c5ac1ac0dcb9d
97423379658,32724586886,ci-core,"core (windows-latest, py3.13)",completed,success,2026-08-24T11:59:58Z,2026-08-24T12:01:54Z,116,2b538436a2f4c08ff21ecf463fa373b5b5ea18d9
97422193056,32724342269,ci-core,"core (windows-latest, py3.13)",completed,success,2026-08-24T11:55:27Z,2026-08-24T11:58:03Z,156,edcbacded782c263ee29591202dbd18910405767
97419943117,32723585022,ci-core,"core (windows-latest, py3.13)",completed,success,2026-08-24T11:46:36Z,2026-08-24T11:48:55Z,139,1a642cf055e206a0d39b30799c4c698f2b49ce10
97417587575,32722795405,ci-core,"core (windows-latest, py3.13)",completed,success,2026-08-24T11:37:26Z,2026-08-24T11:39:50Z,144,01bb322faea0af79efdbec0266dd777b5fb8ed12
97411327449,32720709356,ci-core,"core (windows-latest, py3.13)",completed,success,2026-08-24T11:13:00Z,2026-08-24T11:15:04Z,124,bbc8ad5651f1e5203acbddbf5f6c11e577aa6792
97409284134,32720033660,ci-core,"core (windows-latest, py3.13)",completed,success,2026-08-24T11:05:11Z,2026-08-24T11:07:02Z,111,dda8ef2c441b409603e1b8c5e4aac91bedf77b14
97407747129,32719518558,ci-core,"core (windows-latest, py3.13)",completed,success,2026-08-24T10:59:09Z,2026-08-24T11:01:29Z,140,0bb6518d6365a30e32739875e9339d2512decd66
97410209109,32719270238,ci-core,"core (windows-latest, py3.13)",completed,success,2026-08-24T11:08:47Z,2026-08-24T11:11:28Z,161,21c2d213045eedda25009fba500180e8c8babbb4
97404775106,32718498666,ci-core,"core (windows-latest, py3.13)",completed,success,2026-08-24T10:47:04Z,2026-08-24T10:48:55Z,111,0d464fd4a1775eef1dcc0fdcdbae5013a74ed4f1
97403574242,32718108080,ci-core,"core (windows-latest, py3.13)",completed,success,2026-08-24T10:42:18Z,2026-08-24T10:44:48Z,150,da050bed50be606b8948e5e5d751dd690872448d
97402948653,32717851015,ci-core,"core (windows-latest, py3.13)",completed,success,2026-08-24T10:39:47Z,2026-08-24T10:41:52Z,125,8a1114fdc5f7afdd3ca23ad6ee2001851232279e
97402729559,32717774845,ci-core,"core (windows-latest, py3.13)",completed,cancelled,2026-08-24T10:39:17Z,2026-08-24T10:39:36Z,19,ac80fcbaad273a3fb036bf737cc7d086d028f4ca
97401621268,32717452341,ci-core,"core (windows-latest, py3.13)",completed,success,2026-08-24T10:36:57Z,2026-08-24T10:40:01Z,184,1dce4768c967bacf8cc071318138cbcea0fe7f8c
97401495170,32717410921,ci-core,"core (windows-latest, py3.13)",completed,success,2026-08-24T10:34:09Z,2026-08-24T10:36:06Z,117,20a06afa09415b19238d04c0f1e5b12262b17a0e
97397114024,32715804369,ci-core,"core (windows-latest, py3.13)",completed,success,2026-08-24T10:16:48Z,2026-08-24T10:18:58Z,130,aab1a71cafa411f1f1eb96902f263bf4de2c5d07
97396557350,32715774590,ci-core,"core (windows-latest, py3.13)",completed,success,2026-08-24T10:14:32Z,2026-08-24T10:16:25Z,113,0379bc12dae21c7f41065e7e371636135057bb55
97394892695,32715182147,ci-core,"core (windows-latest, py3.13)",completed,success,2026-08-24T10:08:10Z,2026-08-24T10:10:59Z,169,e72b26503e718ccb609e3607a4f663d494faaecc
97394154407,32714972113,ci-core,"core (windows-latest, py3.13)",completed,cancelled,2026-08-24T10:05:24Z,2026-08-24T10:07:56Z,152,6e9436ca579ec4f912294f48db7caf33b44832ac
97391955192,32714225724,ci-core,"core (windows-latest, py3.13)",completed,success,2026-08-24T09:57:58Z,2026-08-24T09:59:57Z,119,c8c20b360d275e2c6966923dff08a120a92fa9f2
97399971234,32714126724,ci-core,"core (windows-latest, py3.13)",completed,success,2026-08-24T09:56:13Z,2026-08-24T09:58:11Z,118,39a651a8a652c57b5fc53c08218da82c31181806
97400828905,32713304484,ci-core,"core (windows-latest, py3.13)",completed,success,2026-08-24T10:31:14Z,2026-08-24T10:33:38Z,144,36125f6e7201d51016f8469fa03c44bedb50a7ba
97385735120,32712173850,ci-core,"core (windows-latest, py3.13)",completed,success,2026-08-24T09:37:18Z,2026-08-24T09:39:30Z,132,37a4ad15807279ff888adade761ee870471f728e
97385794018,32711687441,ci-core,"core (windows-latest, py3.13)",completed,success,2026-08-24T09:37:48Z,2026-08-24T09:39:42Z,114,87cddf9347fedcc162e1f7c9446005fd44182622
97381223168,32710687394,ci-core,"core (windows-latest, py3.13)",completed,success,2026-08-24T09:25:16Z,2026-08-24T09:27:37Z,141,b85827e10be072b4c6d81e3424200dd160d11178
97394298178,32710624905,ci-core,"core (windows-latest, py3.13)",completed,success,2026-08-24T10:06:02Z,2026-08-24T10:08:12Z,130,2f520c62bdf255c44bf5cbf5a42ff240373239e1
97381279992,32710499802,ci-core,"core (windows-latest, py3.13)",completed,success,2026-08-24T09:26:47Z,2026-08-24T09:28:49Z,122,7e983fbf8a9aaeea79e0d38d638251615703e04f
97378144984,32708605221,ci-core,"core (windows-latest, py3.13)",completed,success,2026-08-24T09:05:48Z,2026-08-24T09:07:35Z,107,77dbab32f68242ba8461b38f787b264cf493b5ca
97374318050,32707870989,ci-core,"core (windows-latest, py3.13)",completed,success,2026-08-24T08:51:20Z,2026-08-24T08:53:09Z,109,ba65e0ec6ddf9800c83794e7a31ca44cc8213395
97371550158,32707477054,ci-core,"core (windows-latest, py3.13)",completed,success,2026-08-24T08:40:17Z,2026-08-24T08:42:11Z,114,4fc914b545d2a4002cadfd2e09936958db8dffa0
97367679842,32706180591,ci-core,"core (windows-latest, py3.13)",completed,success,2026-08-24T08:24:53Z,2026-08-24T08:26:56Z,123,96af22676fa5fa1eb7be2b0cc0b2efc898c3263f
97387812881,32703816234,ci-core,"core (windows-latest, py3.13)",completed,success,2026-08-24T08:13:33Z,2026-08-24T08:15:40Z,127,7d52a223a9f000976a4f82752e5d4070033b18e9
97387790092,32703706226,ci-core,"core (windows-latest, py3.13)",completed,success,2026-08-24T08:10:59Z,2026-08-24T08:13:29Z,150,a569d2dc0f0c523f6cf44816ba6cbcb825528511
97356898904,32702554238,ci-core,"core (windows-latest, py3.13)",completed,success,2026-08-24T07:45:16Z,2026-08-24T07:47:31Z,135,4f1ae0195d2e99061fc3fa97b76fba15d7383dc2
97355024344,32701911639,ci-core,"core (windows-latest, py3.13)",completed,success,2026-08-24T07:31:58Z,2026-08-24T07:33:34Z,96,9a7871822991ae2f44714f4993e390b0efd26ec6
97355229475,32701423354,ci-core,"core (windows-latest, py3.13)",completed,success,2026-08-24T07:33:13Z,2026-08-24T07:35:54Z,161,843621f75cb0b59a8fbb98f845bb06f6321894dd
97353498315,32701155869,ci-core,"core (windows-latest, py3.13)",completed,success,2026-08-24T07:25:10Z,2026-08-24T07:26:51Z,101,5fb836c4d5d3565cfb9964cd206a9a0919124a64
97351021112,32700554216,ci-core,"core (windows-latest, py3.13)",completed,success,2026-08-24T07:13:30Z,2026-08-24T07:15:58Z,148,9a08ce7fbdd601bb4f4cd96273449075f166ba71
97349312380,32699957790,ci-core,"core (windows-latest, py3.13)",completed,success,2026-08-24T07:05:13Z,2026-08-24T07:06:54Z,101,9ce4894aedb415d3881f66fc876f6b0da2cd5a6c
97349489992,32699730710,ci-core,"core (windows-latest, py3.13)",completed,success,2026-08-24T07:06:13Z,2026-08-24T07:08:48Z,155,dafcc136f0f22047b3555f0e3fc66c469f66cba9
97347543267,32699346010,ci-core,"core (windows-latest, py3.13)",completed,success,2026-08-24T06:56:14Z,2026-08-24T06:57:59Z,105,d6dd235eaa708ca27c6bd1d91323ffdd4a5da271
97346762944,32699048716,ci-core,"core (windows-latest, py3.13)",completed,success,2026-08-24T06:52:17Z,2026-08-24T06:54:46Z,149,5a95b67da8afe5da67390d9e0b5f85779aa23178
97345084183,32698476110,ci-core,"core (windows-latest, py3.13)",completed,success,2026-08-24T06:43:26Z,2026-08-24T06:46:19Z,173,6be639c968ac77f14c130188738be32770b2469e
97345164680,32698031756,ci-core,"core (windows-latest, py3.13)",completed,failure,2026-08-24T06:45:14Z,2026-08-24T06:46:27Z,73,62bd26ce3e2959a6ba7dd008eb80d8ecb84da815
97345234230,32698002965,ci-core,"core (windows-latest, py3.13)",completed,success,2026-08-24T06:44:37Z,2026-08-24T06:46:52Z,135,872fd3faaa1d163ae44a1aa34110a75d260cd0d2
97342791385,32697672277,ci-core,"core (windows-latest, py3.13)",completed,success,2026-08-24T06:31:19Z,2026-08-24T06:33:18Z,119,769fa049ae9bf7b7cd73db3ac6cc7cd7203ad98a
97342953610,32697043753,ci-core,"core (windows-latest, py3.13)",completed,success,2026-08-24T06:32:24Z,2026-08-24T06:34:56Z,152,0bee40a954cd3994de55b821fff25be267684b5e
97340992907,32696101941,ci-core,"core (windows-latest, py3.13)",completed,success,2026-08-24T06:22:11Z,2026-08-24T06:24:50Z,159,73327a6112d99bc5c1bc4d91781b2b8153b67b47
97337304431,32695719045,ci-core,"core (windows-latest, py3.13)",completed,success,2026-08-24T06:03:00Z,2026-08-24T06:05:14Z,134,b66b1ad13feb18bb4ccee9bb411598747eb47074
99470830110,33386673531,ci-core,"core (windows-latest, py3.13)",completed,success,2026-08-31T11:23:10Z,2026-08-31T11:25:57Z,167,1b39b850ee06b7cc598b37d098f3136e7db809b2
99470638557,33386638607,ci-core,"core (windows-latest, py3.13)",completed,cancelled,2026-08-31T11:22:16Z,2026-08-31T11:22:52Z,36,681f70664e02e4691b07a2df5c46e1c6a7e31620
99470609226,33386629216,ci-core,"core (windows-latest, py3.13)",completed,success,2026-08-31T11:22:10Z,2026-08-31T11:26:01Z,231,e03f11407486e2f0d8bf1b01c3f7d2ec4e8e2e8c
