job_id,run_id,workflow,job_name,status,conclusion,started_at,completed_at,duration_seconds,head_sha
95311190943,32003639789,Spelling,spelling,completed,success,2026-08-17T07:08:48Z,2026-08-17T07:08:53Z,5,f060edef88c85c80e0a8d1b5348b9f7b1f2e9654
95305804744,32002636490,Spelling,spelling,completed,success,2026-08-17T06:41:05Z,2026-08-17T06:41:12Z,7,f841329a8f84fc9bfe712e6544874b50209d4368
95301724977,32000543107,Spelling,spelling,completed,success,2026-08-17T06:19:44Z,2026-08-17T06:19:51Z,7,98a9f22395ce5e3ca4e4ed4a97157a9d850177e6
95296614552,31999338299,Spelling,spelling,completed,success,2026-08-17T05:50:47Z,2026-08-17T05:50:56Z,9,5a45ff3fad36da8a1eb0534d36a6a6281aaea380
95289925314,31975375441,Spelling,spelling,completed,success,2026-08-17T05:08:47Z,2026-08-17T05:08:55Z,8,a1576ff952b7038abfb2f58052b62a0ea46213cf
95223666894,31971064251,Spelling,spelling,completed,success,2026-08-16T20:38:35Z,2026-08-16T20:38:46Z,11,10310a933feeafb59f2715717ce5468b82edd7f1
95222619801,31965725692,Spelling,spelling,completed,success,2026-08-16T20:29:55Z,2026-08-16T20:30:00Z,5,1e250d230f992cda87de5ef6671aac688f7e3900
95207283921,31964427525,Spelling,spelling,completed,success,2026-08-16T18:23:10Z,2026-08-16T18:23:17Z,7,42ac3adb59ddcabe3916d84ff3daf0f31c64e008
95207228899,31964403723,Spelling,spelling,completed,success,2026-08-16T18:22:42Z,2026-08-16T18:22:48Z,6,2a781f6608b8d4575df6b3c9118522072ea2cdc9
95205888176,31963864360,Spelling,spelling,completed,success,2026-08-16T18:11:43Z,2026-08-16T18:11:50Z,7,b330b9abce0a7006bb7fc0afbb0185be4df3a1a6
95205282531,31963624794,Spelling,spelling,completed,success,2026-08-16T18:06:55Z,2026-08-16T18:07:02Z,7,5a097e2a97d7c02e616cfb68d887e858f72fbad3
95203196093,31962570599,Spelling,spelling,completed,success,2026-08-16T17:49:50Z,2026-08-16T17:49:58Z,8,e13bd49cc9d036ffc6a18609cb6b0b98a2e1e02b
95202341004,31962433835,Spelling,spelling,completed,success,2026-08-16T17:43:03Z,2026-08-16T17:43:09Z,6,e40e77042c10c53b64cae4fb4a7b4be683c95431
95147285074,31939828555,Spelling,spelling,completed,success,2026-08-16T09:44:17Z,2026-08-16T09:44:24Z,7,2cc4e6156a6b441de70a9f07176d70718580fd6c
95145925582,31938960451,Spelling,spelling,completed,success,2026-08-16T09:31:04Z,2026-08-16T09:31:11Z,7,a9e73c4bb57f1da0e4bd171e1405da04e7b73c74
95143080285,31938093532,Spelling,spelling,completed,success,2026-08-16T09:04:52Z,2026-08-16T09:05:00Z,8,0f810c6d73f1f9416ff534eca8577d910645a336
95141088537,31937285654,Spelling,spelling,completed,success,2026-08-16T08:46:02Z,2026-08-16T08:46:08Z,6,f2db1384bb145e85eeb02e656e5744377b339458
95141060957,31937275550,Spelling,spelling,completed,cancelled,2026-08-16T08:45:43Z,2026-08-16T08:45:58Z,15,045bf1ba0f128ae6bc69e2551d22b061c1ac05d8
95140872735,31937055356,Spelling,spelling,completed,success,2026-08-16T08:44:02Z,2026-08-16T08:44:08Z,6,44dc426e9565fdcdfcdce7893ef0b203ce5ecba6
95140023105,31936366484,Spelling,spelling,completed,success,2026-08-16T08:35:49Z,2026-08-16T08:35:57Z,8,3036f35a6aa2429b1a4d0a53247f51330d18f2ac
95137613536,31935886182,Spelling,spelling,completed,success,2026-08-16T08:12:59Z,2026-08-16T08:13:06Z,7,4cec5d88df6472e0650a73b30ed3758c3e9d397d
95136332533,31935330433,Spelling,spelling,completed,success,2026-08-16T08:01:26Z,2026-08-16T08:01:34Z,8,1fa763ad699f2627c906c15c4062248d02830703
95135827867,31934558934,Spelling,spelling,completed,success,2026-08-16T07:56:37Z,2026-08-16T07:56:47Z,10,75891d36b9ef45a08e41a9a91d9ae805a46715b9
95131967588,31933572443,Spelling,spelling,completed,success,2026-08-16T07:19:11Z,2026-08-16T07:19:19Z,8,8575c96247ad128cf351e82a539ea80717f98238
95129260935,31931715347,Spelling,spelling,completed,success,2026-08-16T06:52:15Z,2026-08-16T06:52:23Z,8,9c59d78c79462d27bc286719a53834db49994cf3
95126328110,31931252781,Spelling,spelling,completed,success,2026-08-16T06:22:13Z,2026-08-16T06:22:21Z,8,8c0efd73e9522b0ea1b2b9a315c475abcd8ffc4f
95124008322,31929236185,Spelling,spelling,completed,success,2026-08-16T05:59:57Z,2026-08-16T06:00:03Z,6,f01bc6ee7bf05776ae2514871d78bf52ffc94ef7
95119783547,31928531649,Spelling,spelling,completed,success,2026-08-16T05:14:15Z,2026-08-16T05:14:25Z,10,e7d8fe7e391ed73e145060ca8ebd309b5a84d0a7
95119636940,31928473158,Spelling,spelling,completed,success,2026-08-16T05:12:43Z,2026-08-16T05:12:53Z,10,6f8418ea6f9790399d81b8fec59588349f6c6657
95066872996,31897559694,Spelling,spelling,completed,success,2026-08-15T20:38:39Z,2026-08-15T20:38:44Z,5,06e3bd61d19ae530a7e4240de1d24165262caa23
95066965692,31897446711,Spelling,spelling,completed,success,2026-08-15T20:39:28Z,2026-08-15T20:39:33Z,5,8ed73aa5cb68c587ba283b92e67d909845f2cf41
95041131514,31896754380,Spelling,spelling,completed,success,2026-08-15T16:53:22Z,2026-08-15T16:53:29Z,7,8b84bf24c2444abe4788955dcb7bf0501f54b35d
95030741080,31892488836,Spelling,spelling,completed,success,2026-08-15T15:21:37Z,2026-08-15T15:21:44Z,7,ee84d66f5075ce5f0e0452f9c684f1c28b4799e4
95030833941,31891073022,Spelling,spelling,completed,success,2026-08-15T15:22:28Z,2026-08-15T15:22:35Z,7,b6d20f8c319b60c41a0e4f5b2328839dca1c8b35
95027157689,31889268710,Spelling,spelling,completed,success,2026-08-15T14:50:07Z,2026-08-15T14:50:16Z,9,7b329c6605d91325f799fded4e2366d53e475915
95012877012,31884986960,Spelling,spelling,completed,success,2026-08-15T12:35:22Z,2026-08-15T12:35:31Z,9,f1f79309645cc8e3fdc858fbeef436fa9f794be9
95002336423,31880230769,Spelling,spelling,completed,success,2026-08-15T10:50:26Z,2026-08-15T10:50:33Z,7,1016a6c470ac1a86508273520ad7943308053fee
95000701451,31879806568,Spelling,spelling,completed,success,2026-08-15T10:33:25Z,2026-08-15T10:33:33Z,8,bf13c6866a3b755cb9fefe179d7b15956d460a71
94998864143,31878773533,Spelling,spelling,completed,success,2026-08-15T10:14:26Z,2026-08-15T10:14:32Z,6,cfd393816436ff5d3b501ca9451522a0c67ad9b7
94996350472,31877959360,Spelling,spelling,completed,success,2026-08-15T09:49:17Z,2026-08-15T09:49:24Z,7,bd51da25d1632a0337e50ba299dbd7a5c20c3c15
94996440094,31877526921,Spelling,spelling,completed,success,2026-08-15T09:50:11Z,2026-08-15T09:50:21Z,10,2ab065e7e03ebbcf899ed2fbfcbae58f33ce1f63
94992943304,31876510685,Spelling,spelling,completed,success,2026-08-15T09:15:00Z,2026-08-15T09:15:10Z,10,759d9aabea74ef124ac8f0c9563192c66de18b88
94992920547,31876501211,Spelling,spelling,completed,success,2026-08-15T09:14:44Z,2026-08-15T09:14:52Z,8,3f171ba270ccf6535232c1ae419f0d40ffba3edb
94993642592,31875379291,Spelling,spelling,completed,success,2026-08-15T09:21:53Z,2026-08-15T09:22:00Z,7,0106382fb2e61738c6b7b71fbd9a32685d83a333
94990273552,31875194651,Spelling,spelling,completed,success,2026-08-15T08:48:52Z,2026-08-15T08:49:04Z,12,f4902c9afbc078d46f07bf824a25ca9150d76e84
94990815363,31875155317,Spelling,spelling,completed,success,2026-08-15T08:54:09Z,2026-08-15T08:54:19Z,10,c521a22b2c26ab2d8dd519adf8f8dd0caf3be96d
94988820590,31874801391,Spelling,spelling,completed,success,2026-08-15T08:34:08Z,2026-08-15T08:34:15Z,7,c1f60621957396d20176e63c782617c1d70d21a4
94988798594,31874792222,Spelling,spelling,completed,success,2026-08-15T08:33:55Z,2026-08-15T08:34:03Z,8,e238ef08e1baed11880d64608ceb38454f924e10
94980596169,31871434968,Spelling,spelling,completed,success,2026-08-15T07:14:31Z,2026-08-15T07:14:39Z,8,70c455a9e9ed3bbc05821e8c5c4b3fc5850125e4
94980691750,31871245575,Spelling,spelling,completed,success,2026-08-15T07:15:28Z,2026-08-15T07:15:36Z,8,41606fb8505e3ab084f3c13ef24cede5faaabe77
94979648903,31871068586,Spelling,spelling,completed,success,2026-08-15T07:05:25Z,2026-08-15T07:05:32Z,7,1c9b8575f78a8b3136951f7efe8f715fb9c3f274
94978831744,31870727241,Spelling,spelling,completed,success,2026-08-15T06:57:36Z,2026-08-15T06:57:45Z,9,84cabb4078f685ba7732b91195f131baa9ea50df
94978356569,31870341862,Spelling,spelling,completed,success,2026-08-15T06:52:49Z,2026-08-15T06:52:57Z,8,95ae1ff48129e6349d512df18b19b396a415f37a
94976573866,31869805283,Spelling,spelling,completed,success,2026-08-15T06:35:01Z,2026-08-15T06:35:08Z,7,f3c31770cc1a255d77dc57e99ca4927d8a42d0de
94907539155,31844315867,Spelling,spelling,completed,success,2026-08-14T21:52:47Z,2026-08-14T21:52:55Z,8,9bbf8d91059ea6478b84b8cb05dda91d06398459
94903640657,31842989246,Spelling,spelling,completed,success,2026-08-14T21:34:14Z,2026-08-14T21:34:21Z,7,d5f9f71191e3603c74a13117c9fb9144dbfb53b2
94902517855,31842609528,Spelling,spelling,completed,success,2026-08-14T21:29:04Z,2026-08-14T21:29:15Z,11,84d428f41ab1af62a0b5fcd9beb9c0320ea4c2ec
94902436351,31842582840,Spelling,spelling,completed,success,2026-08-14T21:28:39Z,2026-08-14T21:28:50Z,11,0ca3398cd84dec1c298e5080fa7b4d7cae58affa
94811822588,31814199168,Spelling,spelling,completed,success,2026-08-14T15:22:59Z,2026-08-14T15:23:09Z,10,cef48297e21b9c4a54a50691990632412bde979d
94806957528,31812720264,Spelling,spelling,completed,success,2026-08-14T15:05:08Z,2026-08-14T15:05:16Z,8,9b06b31c720c367cdd02aad0ac477c75253ba99d
94806835495,31812682213,Spelling,spelling,completed,success,2026-08-14T15:04:40Z,2026-08-14T15:04:50Z,10,b8c7c1ead5ba2754c88674fdd53470c629d8b553
94798460712,31810123882,Spelling,spelling,completed,success,2026-08-14T14:33:55Z,2026-08-14T14:34:02Z,7,3172fe2c582d76480b3692c709fda7384faab350
94792943094,31808445816,Spelling,spelling,completed,success,2026-08-14T14:13:27Z,2026-08-14T14:13:33Z,6,056ebdb9a683e0e7fc396a84f3579021e2ef9bac
94792824564,31808409430,Spelling,spelling,completed,success,2026-08-14T14:13:01Z,2026-08-14T14:13:07Z,6,d27fe604d1601a07660c9debbad72c8f3efb2740
94789948552,31807531976,Spelling,spelling,completed,success,2026-08-14T14:02:07Z,2026-08-14T14:02:15Z,8,2e46610378d606d1fe0709ecf31ea16d0d014679
94784058903,31805726887,Spelling,spelling,completed,success,2026-08-14T13:39:22Z,2026-08-14T13:39:28Z,6,356b017e356d2b998fb20d35fb39a847599a864f
94782946326,31805387063,Spelling,spelling,completed,success,2026-08-14T13:35:01Z,2026-08-14T13:35:12Z,11,d7eaba09de8774720c7f8b5e41a72a1a880a1e17
94782843813,31805356534,Spelling,spelling,completed,success,2026-08-14T13:34:37Z,2026-08-14T13:34:47Z,10,3582ffa8e55273bc4b3585e9657b0d1ec72c2459
94777492189,31803722154,Spelling,spelling,completed,success,2026-08-14T13:13:16Z,2026-08-14T13:13:24Z,8,75a860a1788ea44bc146a75b2eed10eecfdd6b16
94770712870,31801623534,Spelling,spelling,completed,success,2026-08-14T12:45:39Z,2026-08-14T12:45:47Z,8,6231cad453e3f181af6537453303a9a83025bfde
94770435177,31801536009,Spelling,spelling,completed,cancelled,2026-08-14T12:43:25Z,2026-08-14T12:44:39Z,74,5587cceac23757789bb906e8858225c60e2a93b0
94760213756,31798311802,Spelling,spelling,completed,success,2026-08-14T11:57:38Z,2026-08-14T11:57:43Z,5,0745fe74ef9e24214c3751092fd2b1e1a9e4735a
94738049094,31791127843,Spelling,spelling,completed,success,2026-08-14T10:10:19Z,2026-08-14T10:10:30Z,11,82126b83c465961ee937fc0580212f2889ba9ead
94738167317,31791073239,Spelling,spelling,completed,success,2026-08-14T10:10:52Z,2026-08-14T10:11:00Z,8,4ed57f2a465b96a0eccf24eb8d48acadecd945a9
94735371310,31790269939,Spelling,spelling,completed,success,2026-08-14T09:59:27Z,2026-08-14T09:59:35Z,8,6c0e638e9ba8680c47edbe90ed7eaa748c89e99f
94734666523,31790044512,Spelling,spelling,completed,success,2026-08-14T09:54:41Z,2026-08-14T09:54:50Z,9,66309f7dcc0090a8f3b07d57bb0bacb74fff346c
94733300074,31789598946,Spelling,spelling,completed,success,2026-08-14T09:48:20Z,2026-08-14T09:48:28Z,8,256cc1824b6287e9eeb1bcbe6cbedd2714be9888
94733152948,31789552563,Spelling,spelling,completed,success,2026-08-14T09:47:38Z,2026-08-14T09:47:45Z,7,23b88b54065a778535c6fd48b5c3e7c2d0c24841
94733032922,31789514349,Spelling,spelling,completed,success,2026-08-14T09:47:04Z,2026-08-14T09:47:15Z,11,064ab9a436aa1841239428a7b0586a97d9992012
94732712084,31789414143,Spelling,spelling,completed,success,2026-08-14T09:45:37Z,2026-08-14T09:45:45Z,8,f5efb1d6e85f8773279fd9bdeb928098e638a6c9
94733350192,31789294251,Spelling,spelling,completed,success,2026-08-14T09:48:35Z,2026-08-14T09:48:45Z,10,8f61c5c0337cfd922e718b30ae3b80ae1bbd0214
94730266817,31788656980,Spelling,spelling,completed,success,2026-08-14T09:34:40Z,2026-08-14T09:34:49Z,9,04bcd7dc34b768a39c53fc48c26de0bbb3f0c20a
94729346207,31788218440,Spelling,spelling,completed,success,2026-08-14T09:30:34Z,2026-08-14T09:30:40Z,6,6bdb13cf8d972e68c97956bce2727ffc97abc87a
94728057361,31787959854,Spelling,spelling,completed,success,2026-08-14T09:24:49Z,2026-08-14T09:24:58Z,9,7e6b73d9a59f7170b91dcf6de9922d5cc539fc9c
94726295901,31787398751,Spelling,spelling,completed,success,2026-08-14T09:16:45Z,2026-08-14T09:16:55Z,10,f5c8f01e863eaf2562ed7d55af751ce943c19f05
94725440424,31787126878,Spelling,spelling,completed,success,2026-08-14T09:12:51Z,2026-08-14T09:12:59Z,8,60ec798bf42bf751636dc31b2c4f98990e297686
94724745855,31786906534,Spelling,spelling,completed,success,2026-08-14T09:09:38Z,2026-08-14T09:09:47Z,9,31c8424dce4b22876220db2a3daaad9e7125ce24
94724347814,31786778949,Spelling,spelling,completed,success,2026-08-14T09:07:46Z,2026-08-14T09:07:54Z,8,2d09d56d3fbf60805fc0cb04abe1960c40b2feb3
94723519069,31786511597,Spelling,spelling,completed,success,2026-08-14T09:03:58Z,2026-08-14T09:04:06Z,8,94560ebb2df468ed44cedc436fc7a5e17c83d4fd
94722672557,31786240113,Spelling,spelling,completed,success,2026-08-14T09:00:11Z,2026-08-14T09:00:18Z,7,93c0df41f28e9774913a65a36c5f361858529208
94720802597,31785634440,Spelling,spelling,completed,success,2026-08-14T08:51:26Z,2026-08-14T08:51:35Z,9,236993e2fb5e61a1c08d7925c4f060cfd562cdb0
94720753864,31785622249,Spelling,spelling,completed,cancelled,2026-08-14T08:51:18Z,2026-08-14T08:51:23Z,5,9b81835efffaf4bf524a5c8a1674cfecf3985aef
94719991977,31785374078,Spelling,spelling,completed,success,2026-08-14T08:47:40Z,2026-08-14T08:47:48Z,8,aec9efe0f6708f3f0629ffc43fd0733c02d7f19e
94719943954,31785358271,Spelling,spelling,completed,success,2026-08-14T08:47:26Z,2026-08-14T08:47:36Z,10,d502afb9c484e54abc9433a5521f3409213a63c7
94715980032,31784080741,Spelling,spelling,completed,success,2026-08-14T08:29:08Z,2026-08-14T08:29:15Z,7,955c720ac2c81ddfc462ccac90884fc0cb4aa60a
94715815412,31783898363,Spelling,spelling,completed,success,2026-08-14T08:28:24Z,2026-08-14T08:28:31Z,7,b16fb9b5e768e6e68ec8fc2a789766e2957b22d7
94714873209,31783731371,Spelling,spelling,completed,success,2026-08-14T08:23:57Z,2026-08-14T08:24:06Z,9,620f67391acf7cb564e40c4012be11f31c82ce80
94714833575,31783719321,Spelling,spelling,completed,cancelled,2026-08-14T08:23:42Z,2026-08-14T08:23:53Z,11,919f3c067942981de539cc2a1f194bf243130ab8
94713529923,31783296429,Spelling,spelling,completed,success,2026-08-14T08:17:21Z,2026-08-14T08:17:30Z,9,2e44e9c31b24d1b77cebb9894a4b75821c9fc08d
94713198571,31783187648,Spelling,spelling,completed,success,2026-08-14T08:15:50Z,2026-08-14T08:16:01Z,11,fe0cebd513b1e473a9c2cccd11ebffa52c4507e9
94708477560,31781510502,Spelling,spelling,completed,success,2026-08-14T07:52:39Z,2026-08-14T07:52:47Z,8,ac9d8ec5a48f67d6c188de1fcb8789f68a8bd2e8
94705415300,31780628082,Spelling,spelling,completed,success,2026-08-14T07:37:16Z,2026-08-14T07:37:21Z,5,730e4a6b956b01cacf202f68a2d943f01dc14842
94705375897,31780615962,Spelling,spelling,completed,success,2026-08-14T07:37:04Z,2026-08-14T07:37:11Z,7,ff8a94e96d8e89373cecbba2a53574e32ceb031b
94702904929,31779810645,Spelling,spelling,completed,success,2026-08-14T07:24:37Z,2026-08-14T07:24:44Z,7,35d227e133178187abb6ee309db5f6ffddd86a21
94702153011,31779165359,Spelling,spelling,completed,success,2026-08-14T07:20:45Z,2026-08-14T07:20:55Z,10,a4f0eb3a4b99d7e2d439f9f8dd1f5d5fede4fdba
94699649575,31778735373,Spelling,spelling,completed,success,2026-08-14T07:07:31Z,2026-08-14T07:07:39Z,8,4f8e39431c4a48fd6c548aba66653fd61f083bdb
94699600497,31778719273,Spelling,spelling,completed,success,2026-08-14T07:07:16Z,2026-08-14T07:07:23Z,7,c173487ebf7ad27c9be4fbfedd511fac8dba6b46
94699132174,31778561642,Spelling,spelling,completed,success,2026-08-14T07:04:49Z,2026-08-14T07:04:55Z,6,77f0bb6adba96abe667733b27b6172e0ffb6c0c7
94696269868,31777616632,Spelling,spelling,completed,success,2026-08-14T06:49:02Z,2026-08-14T06:49:12Z,10,073e9e73203ad49791759018e4bc1019396d9d71
94696112809,31777564274,Spelling,spelling,completed,success,2026-08-14T06:48:06Z,2026-08-14T06:48:11Z,5,16a63072d8a7f62eeda2078236e6f06f1d7665e9
94696065004,31777547750,Spelling,spelling,completed,success,2026-08-14T06:47:50Z,2026-08-14T06:47:59Z,9,8aae93df67a71874fe79c0587675025460dd7e7b
94695574392,31777382037,Spelling,spelling,completed,success,2026-08-14T06:45:07Z,2026-08-14T06:45:12Z,5,2e3df86ec9e9daebfd23bf359927d8944c0cdbc7
94691691771,31776086333,Spelling,spelling,completed,success,2026-08-14T06:23:01Z,2026-08-14T06:23:10Z,9,2f5c8c2d5ef13e8e1768c1e2e30aec069b6d7843
94691660519,31776075395,Spelling,spelling,completed,success,2026-08-14T06:22:49Z,2026-08-14T06:22:55Z,6,89616f241aa99d1469bcda8f03780d0bf6cf5b15
94691189243,31775907566,Spelling,spelling,completed,success,2026-08-14T06:19:54Z,2026-08-14T06:20:02Z,8,05496280045f6862520cb50d54696f1a3a9c3e49
94686703291,31774381880,Spelling,spelling,completed,success,2026-08-14T05:52:22Z,2026-08-14T05:52:30Z,8,fb4b9c59ccb70a6101b6359e7adf945b23375019
94686666615,31774370027,Spelling,spelling,completed,cancelled,2026-08-14T05:52:08Z,2026-08-14T05:52:19Z,11,3012b97a9262234bc9872357e17a5482491a5c99
94685112982,31773854840,Spelling,spelling,completed,success,2026-08-14T05:42:34Z,2026-08-14T05:42:41Z,7,3c52d8e806a06be343ea538b1c58b5ce19941384
94597524144,31744886256,Spelling,spelling,completed,success,2026-08-13T21:18:51Z,2026-08-13T21:18:57Z,6,e2b73b187a44fd1718db92ba10f14ab72a217d63
94581267594,31740141284,Spelling,spelling,completed,success,2026-08-13T20:17:51Z,2026-08-13T20:17:57Z,6,a7811d230e6e2eef3ff51094051774d3fc503a7d
94580318397,31739853840,Spelling,spelling,completed,success,2026-08-13T20:14:29Z,2026-08-13T20:14:37Z,8,10b27e5632fdc8d1b6e534e6868fa11748ff86ab
94578299658,31739254283,Spelling,spelling,completed,success,2026-08-13T20:07:10Z,2026-08-13T20:07:18Z,8,75a6dbf4bfc66a6fc7b966a9d05b713148189b60
94572199350,31737100470,Spelling,spelling,completed,success,2026-08-13T19:45:00Z,2026-08-13T19:45:06Z,6,7aa149505c383af5981dd5bc998d3cf31350e8cd
94569178357,31736464021,Spelling,spelling,completed,success,2026-08-13T19:33:52Z,2026-08-13T19:34:01Z,9,8779624ead307140ad3ca22ab7a93107da1b6a09
94565734640,31735417124,Spelling,spelling,completed,success,2026-08-13T19:21:26Z,2026-08-13T19:21:36Z,10,c1eb9ca4d01049c3081a36c6478b48e1ea509199
94481947659,31710216087,Spelling,spelling,completed,success,2026-08-13T14:30:04Z,2026-08-13T14:30:09Z,5,d2e6d27fd184261f7c6d83aa2f49f2996973a652
94479080988,31709679891,Spelling,spelling,completed,success,2026-08-13T14:20:45Z,2026-08-13T14:20:53Z,8,242940ee5ccfbc908a31cc082f63e4095bee801d
94475355616,31708591181,Spelling,spelling,completed,success,2026-08-13T14:08:27Z,2026-08-13T14:08:35Z,8,567bad04772f78b920eda36810bfed340c94197f
94471324750,31706391978,Spelling,spelling,completed,success,2026-08-13T13:55:13Z,2026-08-13T13:55:18Z,5,af4dc33969699c272f5ebded2518ad51f8856b6e
94461717286,31704555829,Spelling,spelling,completed,success,2026-08-13T13:22:10Z,2026-08-13T13:22:20Z,10,786ed579aec2f5ebde7df9aecfc90e1299651456
94457028466,31702977761,Spelling,spelling,completed,success,2026-08-13T13:05:17Z,2026-08-13T13:05:29Z,12,c2604f7457a695a585fa8641d9af07d4b943a1f3
94454009775,31702259378,Spelling,spelling,completed,success,2026-08-13T12:54:22Z,2026-08-13T12:54:29Z,7,a662531d9542239c863ab6ab4dc219579c34435f
94435555708,31696556150,Spelling,spelling,completed,success,2026-08-13T11:40:39Z,2026-08-13T11:40:48Z,9,7604e4cd90332faec2a38dab6b0da7f468208d82
94424626997,31693099810,Spelling,spelling,completed,success,2026-08-13T10:53:35Z,2026-08-13T10:53:43Z,8,1a2736a781f7a876ed1f964d78d53a06c78e54c7
94423867224,31692857103,Spelling,spelling,completed,success,2026-08-13T10:50:17Z,2026-08-13T10:50:30Z,13,beb191c880c1680254003f1175eddfcea0bf5c0c
94421323043,31692051355,Spelling,spelling,completed,success,2026-08-13T10:39:28Z,2026-08-13T10:39:37Z,9,b6e3e55d036f18c7f3e5ea3a0ebe020aa9d7adf9
94411510545,31688937453,Spelling,spelling,completed,success,2026-08-13T09:57:32Z,2026-08-13T09:57:39Z,7,8f272d5cd02894f90ab2ed0a411e1c3893685e9c
94404383587,31686716243,Spelling,spelling,completed,success,2026-08-13T09:28:08Z,2026-08-13T09:28:19Z,11,c14040904bd7d7b50b1c7ecbb4b2022650fcf773
94402498816,31686126797,Spelling,spelling,completed,success,2026-08-13T09:20:25Z,2026-08-13T09:20:32Z,7,d2c98a068bb166d1ef0f65697ecb2136e4e1d843
94399694882,31685254827,Spelling,spelling,completed,success,2026-08-13T09:08:52Z,2026-08-13T09:08:58Z,6,afe0918488249afc2431a9d6d4b6910c6426f0d4
94397801262,31683864605,Spelling,spelling,completed,success,2026-08-13T09:01:03Z,2026-08-13T09:01:25Z,22,5a529efbadd621fcb2e937cc0e520920cf81ce46
94394804475,31683458726,Spelling,spelling,completed,success,2026-08-13T08:48:38Z,2026-08-13T08:48:44Z,6,a6960e61ab38b359ec4fe096fb8b650ceb4c0930
94393495105,31683301915,Spelling,spelling,completed,success,2026-08-13T08:43:10Z,2026-08-13T08:43:18Z,8,7a49db8d64964126877bfa8f05314043b75c4ceb
94387390283,31681388066,Spelling,spelling,completed,success,2026-08-13T08:17:15Z,2026-08-13T08:17:21Z,6,99601476835b32d6e95422c31988075492d58369
94387249832,31681342982,Spelling,spelling,completed,success,2026-08-13T08:16:38Z,2026-08-13T08:16:45Z,7,c403d4e9c665798586e9639bdafd33318a27ad11
94382088743,31679693314,Spelling,spelling,completed,success,2026-08-13T07:53:58Z,2026-08-13T07:54:08Z,10,8d9b7696f5e460fbc4592553f47717f6b7031dc5
94381366988,31679466722,Spelling,spelling,completed,success,2026-08-13T07:50:45Z,2026-08-13T07:50:53Z,8,b57152649c93663a69ff4b6d02f0d442edfc2448
94380560579,31679212243,Spelling,spelling,completed,success,2026-08-13T07:47:08Z,2026-08-13T07:47:14Z,6,b62ceb83cabdf884dadbd9d267061d4214e0763a
94375565268,31677478229,Spelling,spelling,completed,success,2026-08-13T07:24:20Z,2026-08-13T07:24:28Z,8,c9ded1a91d24e48e3a3ddd4cd96c5fdb2b9dab3f
94263035337,31640351533,Spelling,spelling,completed,success,2026-08-12T21:06:39Z,2026-08-12T21:06:55Z,16,d956df06b8ddec00183629d3d618b1ea12409a65
94236215609,31632768788,Spelling,spelling,completed,success,2026-08-12T19:30:41Z,2026-08-12T19:30:49Z,8,64411725d3488c9301aa3b0b16ba19da797664ac
94210999929,31612473103,Spelling,spelling,completed,success,2026-08-12T18:01:45Z,2026-08-12T18:01:51Z,6,0858078f88339e0ef705baa111f02cc1f48744ed
94130698293,31601769844,Spelling,spelling,completed,success,2026-08-12T13:30:37Z,2026-08-12T13:30:44Z,7,12947df73e38c9351afc70855875e773980c7728
94123367481,31599590595,Spelling,spelling,completed,success,2026-08-12T13:04:45Z,2026-08-12T13:04:51Z,6,0c5f375b64a87e98620e353a9963e21e0af8c976
94122991680,31599476509,Spelling,spelling,completed,success,2026-08-12T13:03:24Z,2026-08-12T13:03:30Z,6,97f706c05c6bd2e9cac2da32f6d794ad7d0ef3b6
94122291215,31599266803,Spelling,spelling,completed,success,2026-08-12T13:00:56Z,2026-08-12T13:01:03Z,7,2d42f57b39a07fa9697c451c26fe796104216836
94117363072,31595231535,Spelling,spelling,completed,success,2026-08-12T12:42:54Z,2026-08-12T12:43:02Z,8,6b162b6bdfb8992f2ea6a2a7cd57de037a50a613
94118550195,31595127853,Spelling,spelling,completed,success,2026-08-12T12:47:11Z,2026-08-12T12:47:17Z,6,b167b82f96c33a283c06b43fa979d61f135629de
94081533414,31586297550,Spelling,spelling,completed,success,2026-08-12T10:14:26Z,2026-08-12T10:14:37Z,11,a567bfbba35d083b84eb3adbcfab8621071f31ca
94080409775,31586173002,Spelling,spelling,completed,success,2026-08-12T10:09:39Z,2026-08-12T10:09:47Z,8,c267074f2f5a1b3dc06327ea42826251ff82c5a2
94071650889,31581916294,Spelling,spelling,completed,success,2026-08-12T09:33:26Z,2026-08-12T09:33:36Z,10,eaf87f9c4b6e9029334e1ae7abcba6c70a573ce5
94064425566,31580949430,Spelling,spelling,completed,success,2026-08-12T09:03:47Z,2026-08-12T09:03:55Z,8,eed209df9f48d928febe40042889efb9304b0e53
94062223479,31580507942,Spelling,spelling,completed,success,2026-08-12T08:54:41Z,2026-08-12T08:54:49Z,8,dea06e8b2cc030f938b30977d456335da4dcf5d7
94062086835,31580463647,Spelling,spelling,completed,success,2026-08-12T08:54:06Z,2026-08-12T08:54:15Z,9,0153cb4afbcbaedfe4c199a342aeddbfa321ce08
94054901887,31578165192,Spelling,spelling,completed,success,2026-08-12T08:24:12Z,2026-08-12T08:24:21Z,9,82ea88543024cf59b23a7311678216f7bd7d2e4f
94055393804,31577873183,Spelling,spelling,completed,success,2026-08-12T08:26:19Z,2026-08-12T08:26:28Z,9,713709bd95c048314f5562f1e135089b226d2177
94055342618,31577316668,Spelling,spelling,completed,success,2026-08-12T08:26:06Z,2026-08-12T08:26:12Z,6,ab09419bad34361b79b86c34a5ef885df44b6f32
94051925570,31576488079,Spelling,spelling,completed,success,2026-08-12T08:11:27Z,2026-08-12T08:11:40Z,13,90c9df8389eaffce2f2bbffe262a244ae4d77c3b
94025288229,31509008390,Spelling,spelling,completed,success,2026-08-12T06:01:50Z,2026-08-12T06:01:57Z,7,b36e51399a50d2e03f553411748d7f0b8aca9e49
93746854839,31481376585,Spelling,spelling,completed,success,2026-08-11T10:15:13Z,2026-08-11T10:15:19Z,6,da5f07c8f88786978f5830d8bb01993dddfb21db
93742415478,31479929055,Spelling,spelling,completed,success,2026-08-11T09:56:41Z,2026-08-11T09:56:51Z,10,a7dc62a125983b3b5a62cc0821d530c85fb99069
93741086585,31479548530,Spelling,spelling,completed,success,2026-08-11T09:50:57Z,2026-08-11T09:51:04Z,7,940e10fa39389fc57fa05b468ee99a92b594cb1e
93740805813,31479460545,Spelling,spelling,completed,success,2026-08-11T09:49:54Z,2026-08-11T09:50:00Z,6,0ef4b286235fa59eb3c64771ac17317ddf7c72dc
93736230246,31477389498,Spelling,spelling,completed,success,2026-08-11T09:30:44Z,2026-08-11T09:30:57Z,13,e15689d454bbaf64dca8b6459fdedf81c18fe19b
93734257791,31477136699,Spelling,spelling,completed,success,2026-08-11T09:22:39Z,2026-08-11T09:22:48Z,9,cf8193a1651bd1ce6c2eb1e935ae8d7868fd211b
93725219693,31474577136,Spelling,spelling,completed,success,2026-08-11T08:44:54Z,2026-08-11T08:44:59Z,5,e6cff68b48c115a93121eeae9d631c8de9987d7b
93717712635,31472176254,Spelling,spelling,completed,success,2026-08-11T08:12:17Z,2026-08-11T08:12:26Z,9,08d58158b7e02045338a6d609959883879a07c17
93717658953,31471770842,Spelling,spelling,completed,success,2026-08-11T08:12:02Z,2026-08-11T08:12:08Z,6,7bea5f9054bdb0822926489505b653358e00635e
93714974140,31471291222,Spelling,spelling,completed,success,2026-08-11T08:00:02Z,2026-08-11T08:00:11Z,9,9fe877e3a6c7b680d95afcea96c6b190cb864fc8
93713976190,31470120855,Spelling,spelling,completed,success,2026-08-11T07:55:24Z,2026-08-11T07:55:32Z,8,8642a8fdbcdcf96f3a94e0712bd4881f5bf27a51
93711005286,31469997199,Spelling,spelling,completed,success,2026-08-11T07:41:33Z,2026-08-11T07:41:41Z,8,1bf78aa1da1cc4f0b79dd2ab4dc69836e908de53
93709553451,31469354009,Spelling,spelling,completed,success,2026-08-11T07:34:49Z,2026-08-11T07:34:55Z,6,28ae00420626e514a1f243da8b35ab41c94313b2
93707830121,31468963377,Spelling,spelling,completed,success,2026-08-11T07:26:46Z,2026-08-11T07:26:51Z,5,aafbf647d9cc1e2ad086f11f27175b30442a9df1
93706180140,31467065588,Spelling,spelling,completed,success,2026-08-11T07:18:37Z,2026-08-11T07:18:44Z,7,80e1edaa2e92d0d2b189e80c9c1579183551a228
93701183534,31466642085,Spelling,spelling,completed,success,2026-08-11T06:53:33Z,2026-08-11T06:53:43Z,10,31d1e6a155d688d21706cb4073d92be1c99089f3
93602526171,31433584935,Spelling,spelling,completed,success,2026-08-10T21:23:06Z,2026-08-10T21:23:12Z,6,30cd1e17b55bf8911a3e40f8568582b089430313
93546323226,31403820739,Spelling,spelling,completed,success,2026-08-10T17:54:41Z,2026-08-10T17:54:48Z,7,6a2577707b5eec46998820ce3ff0f1ad697947a2
93418459184,31377018756,Spelling,spelling,completed,success,2026-08-10T09:57:58Z,2026-08-10T09:58:05Z,7,7b86407639ed5bd51d4da72a39a685640a66975d
93408103223,31373694032,Spelling,spelling,completed,success,2026-08-10T09:14:56Z,2026-08-10T09:15:03Z,7,c9a158d27d739dea73a6f81fded44a047d7a9b48
93406923495,31373317265,Spelling,spelling,completed,success,2026-08-10T09:09:58Z,2026-08-10T09:10:04Z,6,cc115d16f638f54f55ee1a287f33d77cca97871f
93405387296,31372822947,Spelling,spelling,completed,success,2026-08-10T09:03:34Z,2026-08-10T09:03:40Z,6,7f798fc8877df5f6a40a86fb4a87bc9e4f54da3d
93385940404,31366511736,Spelling,spelling,completed,success,2026-08-10T07:36:00Z,2026-08-10T07:36:08Z,8,d91956f87cd8c0f1cc20b2e7c279e9bde8b45ba1
93382787698,31365343252,Spelling,spelling,completed,success,2026-08-10T07:20:35Z,2026-08-10T07:20:46Z,11,8ff7e265639a41ddaf85290da40153cff8bc9270
93372675423,31362049143,Spelling,spelling,completed,success,2026-08-10T06:27:32Z,2026-08-10T06:27:41Z,9,34bbbd91504f069a37ccaca8a48a6db34a1ae910
93250689135,31315483191,Spelling,spelling,completed,success,2026-08-09T13:26:04Z,2026-08-09T13:26:15Z,11,cc312fc224a53782ab44ded3ef478aa5df3d3dfe
93249298955,31315237697,Spelling,spelling,completed,success,2026-08-09T13:13:08Z,2026-08-09T13:13:17Z,9,b51c97b3ac79f2f599890828ecda31afc255d6b6
93247536753,31314278449,Spelling,spelling,completed,success,2026-08-09T12:56:28Z,2026-08-09T12:56:36Z,8,c86608c38d115061f2b4cb2d9718fcc9cc3704cf
93217766247,31302634416,Spelling,spelling,completed,success,2026-08-09T08:04:19Z,2026-08-09T08:04:25Z,6,643f417595d1de99673ff58042c1722ce8c59897
93214754116,31301211720,Spelling,spelling,completed,success,2026-08-09T07:33:48Z,2026-08-09T07:33:54Z,6,1ea0027c8df448b1ecb4129b6788a75893e93003
92952034474,31204471204,Spelling,spelling,completed,success,2026-08-07T17:54:28Z,2026-08-07T17:54:35Z,7,b9e76719ae59ca5d7668e1c31783f67f1b0ca169
92932073068,31197290012,Spelling,spelling,completed,success,2026-08-07T16:36:20Z,2026-08-07T16:36:26Z,6,3f5aa5f440d2fa90d99f7d7c534e1c1374b0cc74
92927911411,31197100725,Spelling,spelling,completed,success,2026-08-07T16:20:40Z,2026-08-07T16:20:47Z,7,95e527b5b2b7406e6cd777efbe2533efd452c624
92927840856,31197079854,Spelling,spelling,completed,success,2026-08-07T16:20:24Z,2026-08-07T16:20:35Z,11,a2f79d347657339305daa5819b4b2cf20288f083
92905736057,31190482672,Spelling,spelling,completed,success,2026-08-07T15:00:56Z,2026-08-07T15:01:06Z,10,82f88ce5905cea6e5933f516501ac06398973c0c
92905780275,31188271674,Spelling,spelling,completed,success,2026-08-07T15:01:00Z,2026-08-07T15:01:09Z,9,06161b4829b81a98487286a1dae80fb3663ecc9d
92895473400,31187445368,Spelling,spelling,completed,success,2026-08-07T14:24:48Z,2026-08-07T14:24:54Z,6,3cc68e0d1630dee4c72767efe132407eaec43956
92874512072,31181164180,Spelling,spelling,completed,success,2026-08-07T13:07:13Z,2026-08-07T13:07:23Z,10,c9d9679374f46d3724e45fb10f0c1355de641a6c
92835746630,31168826902,Spelling,spelling,completed,success,2026-08-07T10:08:05Z,2026-08-07T10:08:14Z,9,07eba8e8548c03b4d2db054d7cfd012b924fae9b
92825474089,31165577864,Spelling,spelling,completed,success,2026-08-07T09:22:04Z,2026-08-07T09:22:12Z,8,4667075f7231360d9e992b51c8b94a985bc8d00c
92824051198,31165133042,Spelling,spelling,completed,success,2026-08-07T09:15:38Z,2026-08-07T09:15:49Z,11,49634314227675416d49ad58a1e8ae8dcf619ef4
92812851509,31161334506,Spelling,spelling,completed,success,2026-08-07T08:24:34Z,2026-08-07T08:24:44Z,10,8ac6e20fcc07522a8f1e6520a2910dcbbbaba974
92811409731,31161106545,Spelling,spelling,completed,success,2026-08-07T08:17:55Z,2026-08-07T08:18:08Z,13,9ce2d650f2cb48e39df10f306a508910ed241061
92808363961,31160135225,Spelling,spelling,completed,success,2026-08-07T08:03:37Z,2026-08-07T08:03:45Z,8,674ea0be8e94acae9e88769c925ca36dfecf32f8
92804641352,31158945583,Spelling,spelling,completed,success,2026-08-07T07:45:52Z,2026-08-07T07:45:59Z,7,b895ff7bca3a5aed2497ff4cffe7e37f0ee55582
92804700629,31158436664,Spelling,spelling,completed,success,2026-08-07T07:46:10Z,2026-08-07T07:46:19Z,9,d5a41bf47a3bf0a9b7775bc0160ec4e236190b8a
92802578757,31158288363,Spelling,spelling,completed,success,2026-08-07T07:36:00Z,2026-08-07T07:36:05Z,5,77226608127d723dcad388c8bfdfc63f01c91068
92791485511,31154673126,Spelling,spelling,completed,success,2026-08-07T06:38:47Z,2026-08-07T06:38:57Z,10,c257d192aa5205f1ded54ddb380a7168a66f792b
92789711249,31154088119,Spelling,spelling,completed,success,2026-08-07T06:33:09Z,2026-08-07T06:33:18Z,9,557f36684054f06045ccfbf55b5a2c33921bf50c
92778657733,31150363509,Spelling,spelling,completed,success,2026-08-07T05:23:11Z,2026-08-07T05:23:18Z,7,67cbad2b70dfed76726ee59ed523de7677c3a2c3
92667353089,31116291201,Spelling,spelling,completed,success,2026-08-06T15:35:02Z,2026-08-06T15:35:51Z,49,a30dce15530698f5c007dc2548a5c4bd87c6fd99
92653511496,31112435514,Spelling,spelling,completed,success,2026-08-06T14:46:04Z,2026-08-06T14:46:15Z,11,b02f9a46fbf101510c3aaed0fbded55d66e7bcf6
92652296674,31112117911,Spelling,spelling,completed,success,2026-08-06T14:41:56Z,2026-08-06T14:42:06Z,10,70fdaccaddaea1ef1653ea5560a190c77881bac1
92651157017,31111474360,Spelling,spelling,completed,success,2026-08-06T14:37:59Z,2026-08-06T14:38:09Z,10,20a84c7c7c22e489a8288bf0289672454f0cc154
92650771698,31110905567,Spelling,spelling,completed,success,2026-08-06T14:36:44Z,2026-08-06T14:36:52Z,8,14ab6fa14306e328be385158dcb2c260d34ebf5a
92647037370,31110587554,Spelling,spelling,completed,success,2026-08-06T14:23:39Z,2026-08-06T14:23:45Z,6,b0ab87d0781dd4d68acbc6aa64895d09c0482682
92645247994,31109527518,Spelling,spelling,completed,success,2026-08-06T14:17:33Z,2026-08-06T14:17:39Z,6,dbeb8c00ad5e3e552574afff9c4e6f9adb06a5d0
92641441538,31108311700,Spelling,spelling,completed,success,2026-08-06T14:04:13Z,2026-08-06T14:04:22Z,9,b2c77b488b3a5209c644d4932e3b48e5bf042603
92632754896,31105940709,Spelling,spelling,completed,success,2026-08-06T13:33:13Z,2026-08-06T13:33:22Z,9,3099390df1eb0eca861a512eb7b36a5c44445909
92630920456,31105923143,Spelling,spelling,completed,success,2026-08-06T13:26:32Z,2026-08-06T13:26:38Z,6,fb0c575514e2411250f79470c6af48c4b35b9e01
92629623237,31105101517,Spelling,spelling,completed,success,2026-08-06T13:21:50Z,2026-08-06T13:21:58Z,8,696653680b6bef8490907a40049128b7d7bde6fc
92627118729,31104766728,Spelling,spelling,completed,success,2026-08-06T13:12:20Z,2026-08-06T13:12:30Z,10,da346074863b4975f49dcdfccb07f97aa9a31319
92627016104,31104372504,Spelling,spelling,completed,success,2026-08-06T13:11:50Z,2026-08-06T13:11:59Z,9,5361082498a4c2d9535385026e8e9f1053276fae
92624724011,31104106326,Spelling,spelling,completed,success,2026-08-06T13:03:10Z,2026-08-06T13:03:21Z,11,d9def3979f32bca248433bfe4079750f8386947b
92622129225,31103338767,Spelling,spelling,completed,success,2026-08-06T12:52:58Z,2026-08-06T12:53:08Z,10,82973b93fd5d554bfcf894f7c8feac2d4ef89f91
92623366888,31103206507,Spelling,spelling,completed,success,2026-08-06T12:57:54Z,2026-08-06T12:58:00Z,6,c03ea5debe1cc6a62e258677ade215ac42ffbc8d
92621644429,31102899981,Spelling,spelling,completed,success,2026-08-06T12:51:05Z,2026-08-06T12:51:13Z,8,6572f8f4387295f8d575ddd6c5df87b9f787f434
92222979628,30980261301,Spelling,spelling,completed,success,2026-08-05T06:06:58Z,2026-08-05T06:07:11Z,13,a5fbc70510a34223a2baca8ba62a75109fa4b813
92222233685,30979475296,Spelling,spelling,completed,success,2026-08-05T06:02:32Z,2026-08-05T06:02:40Z,8,23d89d443066104047cbd8cfbd1d077b3aaf7efa
92219773217,30979193968,Spelling,spelling,completed,success,2026-08-05T05:47:46Z,2026-08-05T05:47:54Z,8,26666e3a1a0b733f1517dee8741fd6a244c145e8
92057736484,30928744273,Spelling,spelling,completed,success,2026-08-04T16:21:43Z,2026-08-04T16:21:53Z,10,c7cbc5311ba82ed0006430725142021c308b6599
92050912264,30926744740,Spelling,spelling,completed,success,2026-08-04T15:57:19Z,2026-08-04T15:57:25Z,6,09274d79cb591acc78091370131618a2ae8b6472
92052255324,30926563804,Spelling,spelling,completed,success,2026-08-04T16:01:50Z,2026-08-04T16:01:55Z,5,32cb6256ecae6f0887e7a93023e76bf22e9ff1a0
92049976459,30925502957,Spelling,spelling,completed,success,2026-08-04T15:54:07Z,2026-08-04T15:54:17Z,10,401ac3e54772a47697432462921bade34ce32fc5
92042621601,30924318338,Spelling,spelling,completed,success,2026-08-04T15:28:34Z,2026-08-04T15:28:43Z,9,7581ff5c112b6259192666267b2f7537c147cfde
92041851118,30923858024,Spelling,spelling,completed,success,2026-08-04T15:25:47Z,2026-08-04T15:25:55Z,8,325ec32af3a972b5071b72c8eea95a7a5605bbde
92035248155,30921300771,Spelling,spelling,completed,success,2026-08-04T15:03:38Z,2026-08-04T15:03:44Z,6,b3e993c1e32bf225ac8886797a04926b84a2adc4
92016488477,30916686276,Spelling,spelling,completed,success,2026-08-04T14:00:30Z,2026-08-04T14:00:41Z,11,4fd82e15a5bbabde16ab18581fb7a74f4d53cabb
92015724743,30916342914,Spelling,spelling,completed,success,2026-08-04T13:58:02Z,2026-08-04T13:58:11Z,9,af68d6bb1930ccf39648b52f709c3cabda96a524
92005670386,30913480005,Spelling,spelling,completed,success,2026-08-04T13:22:22Z,2026-08-04T13:22:30Z,8,63d8ab2cca09d65eb923e90fb8998c8753a25f06
92003996880,30912647031,Spelling,spelling,completed,success,2026-08-04T13:16:17Z,2026-08-04T13:16:26Z,9,29c83b78ad56d103e74068b74df23789a704b3d8
92000392071,30911883926,Spelling,spelling,completed,success,2026-08-04T13:03:45Z,2026-08-04T13:03:55Z,10,c5810be22f3d11077bb4ed5319fa11959cf77a26
91994063337,30909907845,Spelling,spelling,completed,success,2026-08-04T12:38:32Z,2026-08-04T12:38:43Z,11,cec005dae4f44188fa0ca7b51cada253deb1d488
91992517805,30909531003,Spelling,spelling,completed,success,2026-08-04T12:32:21Z,2026-08-04T12:32:31Z,10,1af83f73751d5b83c97fa9c0285385f27d2abc64
91991864268,30906704881,Spelling,spelling,completed,success,2026-08-04T12:29:43Z,2026-08-04T12:29:52Z,9,a25a458d8d25c457586ebf7c9de6dec7619b1127
91991876483,30906616229,Spelling,spelling,completed,success,2026-08-04T12:29:39Z,2026-08-04T12:29:45Z,6,f010a95f5148e1b27ef76cf44becb4596c38e187
91982341303,30906389348,Spelling,spelling,completed,success,2026-08-04T11:49:03Z,2026-08-04T11:49:09Z,6,94a3c88c11b644e8172721308ab4c61bb397d57c
91979292072,30904372458,Spelling,spelling,completed,success,2026-08-04T11:35:33Z,2026-08-04T11:35:41Z,8,3560d48ee6777f46a69b8912d5cf840ac67fd30a
91979482199,30904169316,Spelling,spelling,completed,success,2026-08-04T11:36:18Z,2026-08-04T11:36:27Z,9,0f1d9a675e5e0f548296d1a6c209b28b6734a03a
91979524028,30904105999,Spelling,spelling,completed,success,2026-08-04T11:36:29Z,2026-08-04T11:36:36Z,7,734805a3ad4c0cd6c2af37ce62d9cabcde7f7ab1
91973595037,30903594968,Spelling,spelling,completed,success,2026-08-04T11:09:45Z,2026-08-04T11:09:51Z,6,e7bd9031cb02ab9e6ef9d29ed57cf7fa9216f4d7
91972458394,30902946860,Spelling,spelling,completed,success,2026-08-04T11:04:58Z,2026-08-04T11:05:03Z,5,9dd44c8d82a1d611cd59abbdb1eea170eedeb6de
91970438777,30902693952,Spelling,spelling,completed,success,2026-08-04T10:56:05Z,2026-08-04T10:56:14Z,9,8d9f451929296096259a0cde1f2f42832a02caad
91969093237,30902246585,Spelling,spelling,completed,success,2026-08-04T10:50:02Z,2026-08-04T10:50:12Z,10,7586a49867f3b47033bf5408e931e3035714240c
91968414138,30901621262,Spelling,spelling,completed,success,2026-08-04T10:46:59Z,2026-08-04T10:47:10Z,11,143ab5d0b569b46d2545022192d2720d3c13f3fa
91960551371,30899604205,Spelling,spelling,completed,success,2026-08-04T10:11:37Z,2026-08-04T10:11:47Z,10,6dd99a328b01b85e21c5a698b0d1e7bb234990d8
91960079039,30898833368,Spelling,spelling,completed,success,2026-08-04T10:09:37Z,2026-08-04T10:09:46Z,9,c8bb0c7f81781089aed79b5855cac5a030dcf6c2
91910575112,30883819018,Spelling,spelling,completed,success,2026-08-04T06:23:23Z,2026-08-04T06:23:32Z,9,1094f4e0d9492628511c7dfeaa506e93d8440193
91907768824,30882720912,Spelling,spelling,completed,success,2026-08-04T06:06:52Z,2026-08-04T06:07:01Z,9,b2f5fc68361e055390fed488bc106e14862dce52
91907016799,30882624135,Spelling,spelling,completed,success,2026-08-04T06:02:37Z,2026-08-04T06:02:47Z,10,ec58cb5d1e4b74757cc0fcad73f7fdf72a654226
91904466503,30852843400,Spelling,spelling,completed,success,2026-08-04T05:47:03Z,2026-08-04T05:47:13Z,10,cb44bfc70213bab16741215290f1fde4479dfd94
91904216997,30852388692,Spelling,spelling,completed,success,2026-08-04T05:45:26Z,2026-08-04T05:45:39Z,13,3f59e8d5a56387066cab8185ee900330d5424fc6
91757397054,30834847411,Spelling,spelling,completed,success,2026-08-03T17:01:38Z,2026-08-03T17:01:46Z,8,3728ff472ab3eb1f7663a544ff74ad7af9316976
91754016421,30833665007,Spelling,spelling,completed,success,2026-08-03T16:48:21Z,2026-08-03T16:48:29Z,8,65cf476ee53cbbffa3fedb6a2f9a48074721af7b
91601507728,30786708930,Spelling,spelling,completed,success,2026-08-03T05:16:37Z,2026-08-03T05:16:47Z,10,78f55b0e374916d473da4cb479e96a7d10e58a4a
91597729361,30763893671,Spelling,spelling,completed,success,2026-08-03T04:46:49Z,2026-08-03T04:46:55Z,6,088b2e59e9566c5d6d2c02017bb74825ecd39326
91518330269,30756071253,Spelling,spelling,completed,success,2026-08-02T16:11:43Z,2026-08-02T16:11:51Z,8,efa6f51d788b641329959f621cde244b6b1cfa9e
91517420541,30755451297,Spelling,spelling,completed,success,2026-08-02T16:02:36Z,2026-08-02T16:02:43Z,7,50bd09ec3380c8828f6c0dda3c362d55f8adcce4
91484320824,30742750189,Spelling,spelling,completed,failure,2026-08-02T10:11:41Z,2026-08-02T10:11:49Z,8,8042b837ce4587afaa0e6fb061e507129a874bac
91389692326,30707754902,Spelling,spelling,completed,success,2026-08-01T16:16:12Z,2026-08-01T16:16:18Z,6,58b27368a2d0ae7470f67150c562e86004b0a6ae
91389475394,30707199257,Spelling,spelling,completed,success,2026-08-01T16:13:49Z,2026-08-01T16:13:55Z,6,06be60bc57c74695370295a1f1233975e8a4e760
91358979784,30695914471,Spelling,spelling,completed,success,2026-08-01T10:36:22Z,2026-08-01T10:36:30Z,8,bcb018e441da3ec770efacee348eec10c5f996ca
91355591934,30694758767,Spelling,spelling,completed,success,2026-08-01T09:57:25Z,2026-08-01T09:57:34Z,9,3daabbba22f49abd6ad7fb4934a3e36217b6c485
91355200920,30694537403,Spelling,spelling,completed,success,2026-08-01T09:52:53Z,2026-08-01T09:53:02Z,9,e06dd4a19f4c271c2f8a5f51b38df80f691716a8
91350628538,30692866105,Spelling,spelling,completed,success,2026-08-01T09:00:04Z,2026-08-01T09:00:11Z,7,f197dee53e6dec1c5bb198ad5cd5aed5332c1675
91349641871,30692116663,Spelling,spelling,completed,success,2026-08-01T08:49:14Z,2026-08-01T08:49:23Z,9,05ae8978e897595a9f610d4ad9f0a949a4fa914c
91347423476,30691685465,Spelling,spelling,completed,success,2026-08-01T08:24:04Z,2026-08-01T08:24:11Z,7,478ea7d923a9dd965288b3c40e8059fc2a375b38
91347104007,30691103747,Spelling,spelling,completed,success,2026-08-01T08:20:20Z,2026-08-01T08:20:30Z,10,20fee3b1114a8832b786292c93e066487f1a6d08
91339347279,30688663534,Spelling,spelling,completed,success,2026-08-01T06:55:20Z,2026-08-01T06:55:30Z,10,b618ca4fd74dee762b43a010ff1c4951b150879a
91339129440,30688429725,Spelling,spelling,completed,success,2026-08-01T06:52:43Z,2026-08-01T06:52:49Z,6,6e27e6e10aa06ed38bd0bcdf25917a12fda7ee1c
91337897111,30688158250,Spelling,spelling,completed,success,2026-08-01T06:39:43Z,2026-08-01T06:39:53Z,10,ae8a5329e6be075a24938e941402a8f5256766f0
91094120577,30611198524,Spelling,spelling,completed,success,2026-07-31T06:57:13Z,2026-07-31T06:57:21Z,8,f9dbec010d3df1ff9c4ec0e2d619a029c9362d57
91337468476,30610505287,Spelling,spelling,completed,success,2026-08-01T06:34:31Z,2026-08-01T06:34:40Z,9,69064cd9e82a2c4cbb9d200098d78b9d907052de
91091506817,30610036420,Spelling,spelling,completed,success,2026-07-31T06:40:16Z,2026-07-31T06:40:26Z,10,121bf21262cac86e6954926f128857c473249ee2
90956332652,30567727030,Spelling,spelling,completed,success,2026-07-30T17:50:08Z,2026-07-30T17:50:16Z,8,d75f0bcf4bdee001394da9f9b31a1573138a11e6
90955826103,30567083918,Spelling,spelling,completed,success,2026-07-30T17:48:05Z,2026-07-30T17:48:13Z,8,6b316adf22b75aafd34d4c3edbcd71aca9f7a88d
90952134388,30566473834,Spelling,spelling,completed,success,2026-07-30T17:33:23Z,2026-07-30T17:33:31Z,8,85ed2f1a0f4503952d854bac6e00b6460af7463b
90949628171,30565557381,Spelling,spelling,completed,success,2026-07-30T17:23:18Z,2026-07-30T17:23:26Z,8,9b202f40038d24a656d767ff90b2eb8cca510875
90947065816,30564961230,Spelling,spelling,completed,success,2026-07-30T17:12:51Z,2026-07-30T17:13:02Z,11,01c9c7b6fab91398676c15946a02cb5c5c84c8f7
90946631788,30564422966,Spelling,spelling,completed,success,2026-07-30T17:11:03Z,2026-07-30T17:11:12Z,9,56ede214cc16dafad6b64a28abb71c035d464b6b
90943109941,30563784038,Spelling,spelling,completed,success,2026-07-30T16:57:11Z,2026-07-30T16:57:17Z,6,433d1f9100c46d7a3046d2f2779e7e89d25c3ee2
90942279451,30563416135,Spelling,spelling,completed,success,2026-07-30T16:53:51Z,2026-07-30T16:53:59Z,8,3e4295fe90d029194e7bb3d0d580d4ce9450717e
90938388099,30555778593,Spelling,spelling,completed,success,2026-07-30T16:38:34Z,2026-07-30T16:38:40Z,6,5f1ec77e0580a82c5ceb4b63c0107a5f328055ac
90886080847,30547139800,Spelling,spelling,completed,success,2026-07-30T13:29:28Z,2026-07-30T13:29:36Z,8,01779be114235f68ec2c5073872b740fa9bd634f
90885478570,30544820738,Spelling,spelling,completed,success,2026-07-30T13:27:09Z,2026-07-30T13:27:17Z,8,bd8db29ca15aa0b918fec4d420ddc6ff011908f8
90877513785,30544617357,Spelling,spelling,completed,success,2026-07-30T12:55:33Z,2026-07-30T12:55:40Z,7,8367542db4cb23bc6945754847dabf9c0d7f8ee8
90876971554,30544250633,Spelling,spelling,completed,success,2026-07-30T12:53:24Z,2026-07-30T12:53:32Z,8,b5c8e45fcfe4ab70dc75f48fa5555f59e0756f4a
90871788187,30542924711,Spelling,spelling,completed,success,2026-07-30T12:31:53Z,2026-07-30T12:31:59Z,6,4b1f4a37c04f1dc95742c091f0758878e1c3d95c
90870748345,30542541663,Spelling,spelling,completed,success,2026-07-30T12:27:24Z,2026-07-30T12:27:29Z,5,bb94b3b9d4036105b126e3bf50762f26628ac606
90867188656,30541522557,Spelling,spelling,completed,success,2026-07-30T12:11:28Z,2026-07-30T12:11:32Z,4,aaafcd9025e6867758ad42ce1540fcb588d966ab
90867233406,30541356447,Spelling,spelling,completed,success,2026-07-30T12:11:40Z,2026-07-30T12:11:49Z,9,e677c4d388ec9eee504a6d6b7276995cd0ed8a29
90866062351,30541180713,Spelling,spelling,completed,success,2026-07-30T12:06:25Z,2026-07-30T12:06:37Z,12,50b3999c4357b7aef56294a99dc57740c745a94b
90866126428,30541095908,Spelling,spelling,completed,success,2026-07-30T12:06:42Z,2026-07-30T12:06:50Z,8,15475c6527ac6f2b2935b6778b078170b0149dc3
90865138740,30540890232,Spelling,spelling,completed,success,2026-07-30T12:02:22Z,2026-07-30T12:02:32Z,10,4e41fce57ac8af5a6c19a6d04a25451864075308
90865331563,30540614521,Spelling,spelling,completed,success,2026-07-30T12:03:14Z,2026-07-30T12:03:19Z,5,4434273ebc848b4773cbdf992e49c1fb70f8d412
90864548551,30540526508,Spelling,spelling,completed,success,2026-07-30T11:59:35Z,2026-07-30T11:59:44Z,9,8d57ee7a3a05ac1d120a1607c8c696a34a7eb941
90864596582,30540369810,Spelling,spelling,completed,success,2026-07-30T11:59:48Z,2026-07-30T11:59:53Z,5,9f95177845b238070d4270f11bf6ead9932487d0
90849612536,30536081623,Spelling,spelling,completed,success,2026-07-30T10:48:17Z,2026-07-30T10:48:23Z,6,9337493a306a410025cb9aac5f046cc6e18e22b3
90849192372,30535954785,Spelling,spelling,completed,success,2026-07-30T10:46:17Z,2026-07-30T10:46:26Z,9,8a74ed8dfc97cd10e9e26be612a80f68ddfb827a
90844022159,30534051789,Spelling,spelling,completed,success,2026-07-30T10:22:03Z,2026-07-30T10:22:11Z,8,ff99f19460a21e6379429342edfd69f027d8f8b9
90842431296,30533901126,Spelling,spelling,completed,success,2026-07-30T10:14:27Z,2026-07-30T10:14:32Z,5,20b4c51db2ed6155d315260d37cf4583f594ec64
90841495173,30533615136,Spelling,spelling,completed,success,2026-07-30T10:10:01Z,2026-07-30T10:10:06Z,5,16e69492ab896cf0443560eddc76c131cf105d29
95345218584,32015343421,Spelling,spelling,completed,success,2026-08-17T09:34:27Z,2026-08-17T09:34:35Z,8,95498862244632c2fed8b6e242eebc0b58db85b0
95340653688,32014398327,Spelling,spelling,completed,success,2026-08-17T09:16:52Z,2026-08-17T09:16:58Z,6,99404704994a45200158a50b57468785570bc62a
95335819257,32011983574,Spelling,spelling,completed,success,2026-08-17T08:57:18Z,2026-08-17T08:57:25Z,7,71c21294e5145d99e6d14c5110c7591c6ca7ec9f
95326410494,32009656577,Spelling,spelling,completed,success,2026-08-17T08:17:54Z,2026-08-17T08:18:01Z,7,da452e1eacf241c2161a24f4922305376082fe13
95320731391,32007608094,Spelling,spelling,completed,success,2026-08-17T07:53:18Z,2026-08-17T07:53:25Z,7,eb501eb7db0d0ac746af5acc903146c9fc8841ce
95319045608,32006232030,Spelling,spelling,completed,success,2026-08-17T07:45:27Z,2026-08-17T07:45:35Z,8,e12265c92cdfbdbcfaea4316a651ea64d3f7ebc9
95313653331,32005380932,Spelling,spelling,completed,success,2026-08-17T07:20:32Z,2026-08-17T07:20:38Z,6,d099db9aebe62fa8b76e1b0600430de854a9017b
95727498793,32142262108,Spelling,spelling,completed,success,2026-08-18T13:26:52Z,2026-08-18T13:26:58Z,6,71ac7bd59b24e0a45c4c559d203ff38411da2022
95727424255,32142239800,Spelling,spelling,completed,success,2026-08-18T13:25:11Z,2026-08-18T13:25:21Z,10,60ab24c119c0a0d82a61f9d4be01ac5db4b43277
95726962337,32142097373,Spelling,spelling,completed,success,2026-08-18T13:23:44Z,2026-08-18T13:23:55Z,11,61ee94697edf717832345677c01a82931fa8d97e
95719944175,32139252261,Spelling,spelling,completed,success,2026-08-18T13:00:53Z,2026-08-18T13:01:03Z,10,404020b86fa785563b9e073598134aa4ce99fdb6
95709428912,32136493551,Spelling,spelling,completed,success,2026-08-18T12:24:18Z,2026-08-18T12:24:24Z,6,69886bc15cf1936b922eb59d10707fa40881d388
95691166573,32130260275,Spelling,spelling,completed,success,2026-08-18T11:14:43Z,2026-08-18T11:14:50Z,7,4fc17d264622d520c8ac021b87720b92d76a535c
95673212994,32124867220,Spelling,spelling,completed,success,2026-08-18T10:04:37Z,2026-08-18T10:04:43Z,6,2dbdc61fafc1306114e205fb1dff111dd54175db
95671757960,32123821025,Spelling,spelling,completed,success,2026-08-18T09:59:11Z,2026-08-18T09:59:18Z,7,ce91d5da562d7ca17ff6efca48534b27b531d1de
95626216918,32109152649,Spelling,spelling,completed,success,2026-08-18T07:03:59Z,2026-08-18T07:04:07Z,8,21a35ae8f661afb4dc8b4ba81916964cb1432781
95624683072,32109038128,Spelling,spelling,completed,success,2026-08-18T06:57:07Z,2026-08-18T06:57:17Z,10,9d08a8ccf5634fdedf79baf32b81b34f83767598
95624818704,32108357970,Spelling,spelling,completed,success,2026-08-18T06:57:44Z,2026-08-18T06:57:50Z,6,570c301e72ea11e570a1c2f88c636845fa64ca88
95617516483,32106392415,Spelling,spelling,completed,success,2026-08-18T06:23:24Z,2026-08-18T06:23:33Z,9,15b9632b70777b5d57846b1fa61e711d4d33dc36
95617571934,32105847154,Spelling,spelling,completed,success,2026-08-18T06:24:12Z,2026-08-18T06:24:21Z,9,a34937da50caaa645fd4c2d14798803e23a8088b
95604895166,32071330091,Spelling,spelling,completed,success,2026-08-18T05:16:32Z,2026-08-18T05:16:40Z,8,d5723bf28ac50565dd3cf13631151fcf45ffa36d
95513891200,32070968562,Spelling,spelling,completed,success,2026-08-17T21:24:57Z,2026-08-17T21:25:05Z,8,0c05b8f6c3f8b75b84bdd496ad59ffe46814e287
95455347028,32052592152,Spelling,spelling,completed,success,2026-08-17T17:57:10Z,2026-08-17T17:57:18Z,8,355ab038a97e3829ccfb5051b7bd26c020b2fece
95455266356,32052570012,Spelling,spelling,completed,success,2026-08-17T17:56:37Z,2026-08-17T17:56:45Z,8,0e4da54325e49ae4150c9b5bba25eda1b7e978d5
95449505280,32050823904,Spelling,spelling,completed,success,2026-08-17T17:33:04Z,2026-08-17T17:33:11Z,7,307ee677ca521cb29e4b1ddd67603ebe1185ba4c
95449664327,32050242801,Spelling,spelling,completed,success,2026-08-17T17:33:55Z,2026-08-17T17:34:03Z,8,f38eb1628fa5ca27f083c49d8847c76255c93065
95443232618,32048905587,Spelling,spelling,completed,success,2026-08-17T17:07:12Z,2026-08-17T17:07:18Z,6,33bd69cfc78ff1dc4ee6b55c4b7937e2cccea2fd
95443322504,32048458439,Spelling,spelling,completed,success,2026-08-17T17:07:45Z,2026-08-17T17:07:51Z,6,7ec006355379c117fc5a46d573be422eb9353da2
95435775064,32046577870,Spelling,spelling,completed,success,2026-08-17T16:39:07Z,2026-08-17T16:39:14Z,7,530cfeeb7dd454d180ba17ace238f7cb6ad4ab0a
95435681534,32046548049,Spelling,spelling,completed,success,2026-08-17T16:38:41Z,2026-08-17T16:38:49Z,8,d166f077229fd366960acf678ba7987f115dfc53
95409902104,32037189105,Spelling,spelling,completed,success,2026-08-17T13:55:34Z,2026-08-17T13:55:39Z,5,5de218cd5d7387a03fb6133d7b22aeb7c35ce9f9
95409860389,32037178083,Spelling,spelling,completed,cancelled,2026-08-17T13:55:22Z,2026-08-17T13:55:31Z,9,9322d0ebbeaa8ebff6d1b9e312fe59a321effbf7
95409815607,32037161531,Spelling,spelling,completed,success,2026-08-17T13:55:05Z,2026-08-17T13:55:13Z,8,6bb0955f07c91a27cad489cbbaf426ca92c9b825
95409595102,32037079787,Spelling,spelling,completed,success,2026-08-17T13:53:49Z,2026-08-17T13:53:57Z,8,28d3f27aba0cb8db5342a622db0c43baeca700ef
95428137536,32035457238,Spelling,spelling,completed,success,2026-08-17T15:59:53Z,2026-08-17T16:00:01Z,8,4f6ef72dab7ae2b803f2c20c22e5773ff6ff3edd
95404100580,32034807947,Spelling,spelling,completed,success,2026-08-17T13:28:10Z,2026-08-17T13:28:19Z,9,cd356e0dae3bf0918729e60669186bced216c63c
95402541429,32034780946,Spelling,spelling,completed,success,2026-08-17T13:23:47Z,2026-08-17T13:23:55Z,8,efca133dcb3daf2152bb71538aa2ebd8a55f1cd3
95398511796,32033489991,Spelling,spelling,completed,success,2026-08-17T13:08:55Z,2026-08-17T13:09:03Z,8,4e5bd8668ed9903ba03e658396e4b11797f358b6
95402323229,32033344149,Spelling,spelling,completed,success,2026-08-17T13:23:37Z,2026-08-17T13:23:45Z,8,0fb9df490590d4ebc5759775dd849cad240b627d
95397519624,32033165864,Spelling,spelling,completed,success,2026-08-17T13:05:21Z,2026-08-17T13:05:26Z,5,38cfbb1d7c8f818df2fe54afea235081282798c4
95396512058,32032841567,Spelling,spelling,completed,success,2026-08-17T13:01:41Z,2026-08-17T13:01:48Z,7,fc173560ce1e40c7dc28a541d3166188ca757b3d
95392784542,32031378195,Spelling,spelling,completed,success,2026-08-17T12:47:49Z,2026-08-17T12:47:56Z,7,27df3f33afde35e8a97d19b95473e85a3e666cae
95390589811,32030501046,Spelling,spelling,completed,success,2026-08-17T12:39:48Z,2026-08-17T12:39:53Z,5,db4b62c8666e7fe8b14cb06891e0ea02a7e8f5c2
95389959786,32030429331,Spelling,spelling,completed,success,2026-08-17T12:37:05Z,2026-08-17T12:37:10Z,5,0b086fe243bf3752e04609c5e4a3214cb9112e98
95386681812,32029692806,Spelling,spelling,completed,success,2026-08-17T12:24:28Z,2026-08-17T12:24:36Z,8,5da1fe2905db7f03effe06b5d9afba6b8fb45142
95371262006,32024607889,Spelling,spelling,completed,success,2026-08-17T11:22:22Z,2026-08-17T11:22:30Z,8,18970aeadcc08b262cb76c0d2288726669fd4bf6
95367256649,32023132026,Spelling,spelling,completed,success,2026-08-17T11:06:06Z,2026-08-17T11:06:12Z,6,3f4dcbb566d0e26e155acd0453156ee7b0a58cd8
95366274636,32021048589,Spelling,spelling,completed,success,2026-08-17T11:01:54Z,2026-08-17T11:02:00Z,6,c960123929d84d84a952e81b1debd28693b2fa74
95357493193,32019908154,Spelling,spelling,completed,success,2026-08-17T10:24:27Z,2026-08-17T10:24:34Z,7,20d91cb9a7ddd4bfe2f2e1dcfaf7463e0470d16c
95968097521,32219828411,Spelling,spelling,completed,success,2026-08-19T05:32:55Z,2026-08-19T05:33:01Z,6,3eb5faefc20b45bd3880d16e77d1b2a2be08bec4
95865559313,32184560040,Spelling,spelling,completed,success,2026-08-18T20:52:43Z,2026-08-18T20:52:52Z,9,4e56a040836c4cdcda5519a606a68b704eef75f3
95806959992,32166424283,Spelling,spelling,completed,success,2026-08-18T17:35:40Z,2026-08-18T17:35:45Z,5,99e7cdae096fe15622f7fe0411deb618fe356259
95779027706,32157314994,Spelling,spelling,completed,success,2026-08-18T16:06:39Z,2026-08-18T16:06:46Z,7,264dea76c47dd41adf7f796181c459d794033be7
95773816532,32156174393,Spelling,spelling,completed,success,2026-08-18T15:52:29Z,2026-08-18T15:52:37Z,8,0c2c062fd56263e268be4957979da45e099767b2
95772420836,32155747005,Spelling,spelling,completed,success,2026-08-18T15:39:14Z,2026-08-18T15:39:22Z,8,4b3a9ba3275a664cdf31dea7642cf7bf5533f542
95771741135,32155541847,Spelling,spelling,completed,success,2026-08-18T15:37:09Z,2026-08-18T15:37:16Z,7,0c4794f1c3029eb8f81de7e35f84f9ee191f8dff
95771665814,32155520239,Spelling,spelling,completed,success,2026-08-18T15:36:54Z,2026-08-18T15:37:01Z,7,138c0b6b146e31467f473a4629687b775e65ed97
95769363030,32154817438,Spelling,spelling,completed,success,2026-08-18T15:30:03Z,2026-08-18T15:30:10Z,7,3dd3a6132757a8af89acebc774039ff0afad501d
95767904956,32154379841,Spelling,spelling,completed,success,2026-08-18T15:26:48Z,2026-08-18T15:26:53Z,5,0bfea2a9c34e9b652efe3acf0c9165d6c3d7632d
95763539264,32152096597,Spelling,spelling,completed,success,2026-08-18T15:12:59Z,2026-08-18T15:13:08Z,9,8e3e07e6550014da97ee3ea49126e1ef8e50fa93
95763561654,32151703029,Spelling,spelling,completed,success,2026-08-18T15:13:17Z,2026-08-18T15:13:25Z,8,7bc242e744201cd112b384b3691554adb6a64d3e
95757165017,32151180521,Spelling,spelling,completed,success,2026-08-18T14:54:44Z,2026-08-18T14:54:51Z,7,63deaa5728237c49530d3dc558a3e3bfc0af2bed
95765211755,32151055394,Spelling,spelling,completed,success,2026-08-18T15:17:49Z,2026-08-18T15:17:55Z,6,afd3b5a73cefd60aee218e397cfe4f9c75d02a64
95750324398,32148027922,Spelling,spelling,completed,success,2026-08-18T14:34:21Z,2026-08-18T14:34:28Z,7,0bbd657a0336b5eaa64aafc1bd55ef3592662038
95734626891,32144426779,Spelling,spelling,completed,success,2026-08-18T13:52:48Z,2026-08-18T13:52:55Z,7,cba03506a1f6fa1bb1e74b7378dea08d2ba3d702
95739086637,32144386136,Spelling,spelling,completed,success,2026-08-18T14:07:17Z,2026-08-18T14:07:22Z,5,4259b05e864ec1873a325e67080f19aa9e1aa555
95728742576,32142454232,Spelling,spelling,completed,success,2026-08-18T13:40:27Z,2026-08-18T13:40:35Z,8,283f83b2d6f6e23d0378d956742a3e452b124b67
96335307519,32339412452,Spelling,spelling,completed,success,2026-08-20T06:23:49Z,2026-08-20T06:23:59Z,10,40586f3d577602715679b9f1c9e81164af4aeb06
96331749432,32338206895,Spelling,spelling,completed,success,2026-08-20T06:06:26Z,2026-08-20T06:06:38Z,12,c8f08d7453d907f647b6d70943d95271f775fd5d
96330872197,32337892866,Spelling,spelling,completed,success,2026-08-20T06:01:50Z,2026-08-20T06:01:58Z,8,161ba2443629210e98dc760d3c93a2658fe58c16
96329537120,32337406340,Spelling,spelling,completed,success,2026-08-20T05:54:40Z,2026-08-20T05:54:47Z,7,f238e662267441b8cb204a86322381a6362d55a8
96328543204,32337056549,Spelling,spelling,completed,success,2026-08-20T05:49:10Z,2026-08-20T05:49:19Z,9,8d0b0ce660dece383367f52cbe109343b2628a8d
96326054976,32336169411,Spelling,spelling,completed,success,2026-08-20T05:35:20Z,2026-08-20T05:35:27Z,7,f8e9d7e72c77430c7d52c67bf98acc7084529aa8
96323956145,32335422677,Spelling,spelling,completed,success,2026-08-20T05:23:41Z,2026-08-20T05:23:48Z,7,a47b1db2c4837bacd75f39f7c3a26de5fe390649
96224588903,32301422932,Spelling,spelling,completed,success,2026-08-19T20:58:23Z,2026-08-19T20:58:30Z,7,4df1642975835150de7eaa43ea41f6161702b066
96222831286,32300863779,Spelling,spelling,completed,success,2026-08-19T20:52:05Z,2026-08-19T20:52:13Z,8,681c4f0c005edae79bdeb470de9591cc2d30fe86
96222439566,32300737833,Spelling,spelling,completed,success,2026-08-19T20:50:41Z,2026-08-19T20:50:47Z,6,1b3992ea0bbc7ba1aa6f2d54b6179178aded7225
96221495615,32300435944,Spelling,spelling,completed,success,2026-08-19T20:47:22Z,2026-08-19T20:47:28Z,6,b0323fb73053aa02be09bb724e93c9cb67cb059d
96214053743,32298082087,Spelling,spelling,completed,success,2026-08-19T20:21:31Z,2026-08-19T20:21:39Z,8,03f6a638d5d58feeccb7461f7be080f71c06b486
96201494166,32294154806,Spelling,spelling,completed,success,2026-08-19T19:38:41Z,2026-08-19T19:38:48Z,7,a508c886c66ea6c6761069e34f82335da7476d62
96189850590,32290472343,Spelling,spelling,completed,success,2026-08-19T18:59:19Z,2026-08-19T18:59:35Z,16,00b7a9f5570c1a6037e2c5dff623f0cb1b045d71
96181476778,32287833529,Spelling,spelling,completed,success,2026-08-19T18:31:41Z,2026-08-19T18:31:49Z,8,2bcd8cfa0d62b5e7f64c1c2933c0d79ad609138e
96162292922,32281868745,Spelling,spelling,completed,success,2026-08-19T17:29:18Z,2026-08-19T17:29:28Z,10,c968ee223a2bc2945bf226aab982913d3cd4bd73
96162180672,32281832767,Spelling,spelling,completed,success,2026-08-19T17:28:56Z,2026-08-19T17:29:04Z,8,556f9f19c83ae8c0f842b6d4690a217fe27c1941
96143719933,32258973055,Spelling,spelling,completed,success,2026-08-19T16:28:14Z,2026-08-19T16:28:22Z,8,484c0eb5520cc7d9e6013f9c032234779b2ce52b
96083416537,32257764593,Spelling,spelling,completed,success,2026-08-19T13:23:00Z,2026-08-19T13:23:07Z,7,8e9b132b24750f6b66b5d19e516f1ade29c7dc74
96081614078,32257217533,Spelling,spelling,completed,success,2026-08-19T13:17:11Z,2026-08-19T13:17:18Z,7,9815c2175240c126e0e6cfdcd76dbcbf4bab9fac
96081529680,32257192884,Spelling,spelling,completed,success,2026-08-19T13:16:55Z,2026-08-19T13:17:06Z,11,b96109007e597670ed5b5c19bc19be7e1e31d942
96069392665,32253396934,Spelling,spelling,completed,success,2026-08-19T12:34:54Z,2026-08-19T12:35:01Z,7,6388f5d40fa3eeba1bad1b1adae527893e51125f
96048002612,32246478322,Spelling,spelling,completed,success,2026-08-19T11:12:54Z,2026-08-19T11:13:00Z,6,86c41796fad1fa09b37db5ec171008cb287707fb
96044842860,32245443383,Spelling,spelling,completed,success,2026-08-19T11:00:23Z,2026-08-19T11:00:30Z,7,a44b9e28b9615674c458b85106353d1c434d156c
96044728511,32245404720,Spelling,spelling,completed,success,2026-08-19T10:59:56Z,2026-08-19T11:00:02Z,6,b6ea83460af24d833879287503f0af74edb74bf6
96044116618,32245202214,Spelling,spelling,completed,success,2026-08-19T10:57:28Z,2026-08-19T10:57:34Z,6,b0aaa9cbb331a3f40f7b7dab52bcb68eff60ff22
96038005096,32243184615,Spelling,spelling,completed,success,2026-08-19T10:32:35Z,2026-08-19T10:32:43Z,8,a4caba33bfe588af921e1664ae6d6ba82d29c6d1
96028065714,32239938140,Spelling,spelling,completed,success,2026-08-19T09:53:44Z,2026-08-19T09:53:52Z,8,48711bc9bbe2861b88bee2aa5c5152966a4c7e5b
96013855505,32235316820,Spelling,spelling,completed,success,2026-08-19T08:59:24Z,2026-08-19T08:59:30Z,6,cdb41d59aa729a35c4c3b9c965848838f684f81d
96010172653,32234114435,Spelling,spelling,completed,success,2026-08-19T08:44:59Z,2026-08-19T08:45:14Z,15,6bb1cfc11178d086be663ac2db08cc37b427eb10
96011588904,32233984834,Spelling,spelling,completed,success,2026-08-19T08:50:30Z,2026-08-19T08:50:37Z,7,15df564ac20f6d843ec82d57cacc439dcc925ff4
96008847923,32233689470,Spelling,spelling,completed,success,2026-08-19T08:39:41Z,2026-08-19T08:39:50Z,9,bce2d6b8aab13ea102e3e0cae39b5ffd25ba7f3c
96007992956,32233413369,Spelling,spelling,completed,success,2026-08-19T08:36:17Z,2026-08-19T08:36:24Z,7,d22fdfe8d7a8dc3075ce8044ba5150c16d2edf8b
96006678870,32232990966,Spelling,spelling,completed,success,2026-08-19T08:31:47Z,2026-08-19T08:31:55Z,8,e6cfbc600bb99881a1a4f08ed6f9e3fb3733d30d
96003387817,32231915288,Spelling,spelling,completed,success,2026-08-19T08:19:43Z,2026-08-19T08:19:52Z,9,5053ee4988f31069043c441b8598a31c97113044
96002276087,32231130943,Spelling,spelling,completed,success,2026-08-19T08:13:32Z,2026-08-19T08:13:40Z,8,5bb80b0309a371123b0f846843052af93652fced
95995417464,32228874130,Spelling,spelling,completed,success,2026-08-19T07:44:58Z,2026-08-19T07:45:05Z,7,f1af5a1f49e43f393b38bf499bf39523a3831ade
95990019356,32227457523,Spelling,spelling,completed,success,2026-08-19T07:21:38Z,2026-08-19T07:21:48Z,10,695a134ca203866ca04fb48f9e8a25164bcafb9c
95989927683,32227428439,Spelling,spelling,completed,success,2026-08-19T07:21:16Z,2026-08-19T07:21:24Z,8,41dec0bff55c70d2423ad8cc54c936a1bf81d407
95989864085,32227408127,Spelling,spelling,completed,success,2026-08-19T07:21:01Z,2026-08-19T07:21:06Z,5,e83484333d43ba7f50b0706beddcb9eaeb444937
95989792868,32227385340,Spelling,spelling,completed,success,2026-08-19T07:20:42Z,2026-08-19T07:20:49Z,7,444c998af9dbaab4c54d046b6c63571594182969
95984102128,32225324818,Spelling,spelling,completed,success,2026-08-19T06:55:01Z,2026-08-19T06:55:07Z,6,e2d866a3e052acbee4af076554e7500d7e393dfd
95984204620,32225218554,Spelling,spelling,completed,success,2026-08-19T06:55:42Z,2026-08-19T06:55:49Z,7,88ea42953472b6b21422949273e82964d9da8581
95982737319,32224297956,Spelling,spelling,completed,success,2026-08-19T06:48:26Z,2026-08-19T06:48:39Z,13,dcac6049cdfa4512bfc09ddf3b27783c7eb34318
95983071478,32224078406,Spelling,spelling,completed,success,2026-08-19T06:50:05Z,2026-08-19T06:50:14Z,9,4f0549655b2cade968b52d608fd11a5ea87e992f
95982820406,32223994792,Spelling,spelling,completed,success,2026-08-19T06:49:02Z,2026-08-19T06:49:08Z,6,95a83ec6dc9dccd762743ea355564d49b9070d80
95978200211,32223415772,Spelling,spelling,completed,success,2026-08-19T06:26:27Z,2026-08-19T06:26:32Z,5,279c3a55efa574e3a535e488097b7ca63873cef7
95972826163,32220896091,Spelling,spelling,completed,success,2026-08-19T05:59:43Z,2026-08-19T05:59:50Z,7,31771fdc4ce57a077a384747a5e1d78529e42a5e
95972897924,32220265215,Spelling,spelling,completed,success,2026-08-19T06:00:15Z,2026-08-19T06:00:24Z,9,6ed53efe75f6ffa6b071d02614db7956501ab9e3
96721305863,32465566000,Spelling,spelling,completed,success,2026-08-21T08:57:20Z,2026-08-21T08:57:26Z,6,e6a37b85beb593e54d74767b2e438f541c017c88
96719096467,32464820456,Spelling,spelling,completed,success,2026-08-21T08:47:46Z,2026-08-21T08:47:58Z,12,a30c2e7d98e5c406ed3d19344d2c3de07843fca8
96711762316,32462378144,Spelling,spelling,completed,success,2026-08-21T08:16:16Z,2026-08-21T08:16:24Z,8,a4bb2c1c58de045ce2e1b43a7ed23990c3c50148
96707806148,32461019575,Spelling,spelling,completed,success,2026-08-21T07:58:43Z,2026-08-21T07:58:51Z,8,e61aa43230cdbcc4e8851ad378902a88df42efa3
96704501196,32459877814,Spelling,spelling,completed,success,2026-08-21T07:43:23Z,2026-08-21T07:43:28Z,5,2e184c2253469566f4bce05842ec6bde793f3c89
96704544419,32458927051,Spelling,spelling,completed,success,2026-08-21T07:43:36Z,2026-08-21T07:43:46Z,10,d1b17bcd68e8e484ea7185e86b9eadddc1b8e7cc
96699483768,32458171544,Spelling,spelling,completed,success,2026-08-21T07:20:13Z,2026-08-21T07:20:20Z,7,e7ed1be4befe832b5f97dac54cf0142d61c5c8bf
96692249658,32426999206,Spelling,spelling,completed,success,2026-08-21T06:45:37Z,2026-08-21T06:45:47Z,10,1ba5f6f98f18ce2825ef5c405ea7f4e462e4b8e4
96692212153,32425306202,Spelling,spelling,completed,success,2026-08-21T06:44:29Z,2026-08-21T06:44:34Z,5,35141e5352195272293d20746ddf3d7086edbc74
96602331870,32424123602,Spelling,spelling,completed,success,2026-08-20T22:24:40Z,2026-08-20T22:24:47Z,7,1ea52183830d1c600f6f3c24440c1f664b289082
96602263089,32424100577,Spelling,spelling,completed,success,2026-08-20T22:24:22Z,2026-08-20T22:24:34Z,12,d9db6ac9fe8c549e06ce22bc315d41c7a761620f
96590821195,32419593163,Spelling,spelling,completed,success,2026-08-20T21:37:49Z,2026-08-20T21:38:00Z,11,0f8d39200cbf13aa0f5375dc24e3f146a6e63f86
96583582998,32417830848,Spelling,spelling,completed,success,2026-08-20T21:10:35Z,2026-08-20T21:10:42Z,7,8a2787af93ef7c198ef01ce4138b52af1a90f91a
96581754363,32417404016,Spelling,spelling,completed,success,2026-08-20T21:04:12Z,2026-08-20T21:04:22Z,10,70f567aeba680a1379c581743f4f775c7f271cd2
96581074720,32417052987,Spelling,spelling,completed,success,2026-08-20T21:01:37Z,2026-08-20T21:01:42Z,5,7132f0177150cb43d7f1dc2dcd22909abde1b596
96579900519,32416321135,Spelling,spelling,completed,success,2026-08-20T20:57:26Z,2026-08-20T20:57:33Z,7,b557bbd21f67925240860af1f854f4846f2392f5
96577491023,32415400873,Spelling,spelling,completed,success,2026-08-20T20:48:49Z,2026-08-20T20:48:56Z,7,2410f05d22b074fec4a0818e656da801de0e60b2
96575982755,32415191605,Spelling,spelling,completed,success,2026-08-20T20:43:25Z,2026-08-20T20:43:32Z,7,6de2f03c21cfab107f8419d1b8bb79fa65bc3929
96573243631,32414153824,Spelling,spelling,completed,success,2026-08-20T20:33:50Z,2026-08-20T20:33:58Z,8,c0c558c4dea4ae9c433f749f90c6df685e8b6fa0
96568652881,32413337868,Spelling,spelling,completed,success,2026-08-20T20:18:04Z,2026-08-20T20:18:11Z,7,47c5a85bc0ab98cff7739303634af78ee4d21fe4
96564782111,32412145092,Spelling,spelling,completed,success,2026-08-20T20:04:58Z,2026-08-20T20:05:06Z,8,eca53d0ca395093599a345863fd5a815b17387a6
96565199589,32411478304,Spelling,spelling,completed,success,2026-08-20T20:06:21Z,2026-08-20T20:06:28Z,7,889722e1765d26e486c121f02d22ee862239c9fb
96559905625,32399923394,Spelling,spelling,completed,success,2026-08-20T19:48:06Z,2026-08-20T19:48:12Z,6,cbe489ff17d4e73ae79ae194d23b327671dd46a3
96559854286,32399855069,Spelling,spelling,completed,success,2026-08-20T19:47:53Z,2026-08-20T19:48:05Z,12,6896989b39fe5b5ee6182f61434a410d483b1f38
96524422109,32399622664,Spelling,spelling,completed,success,2026-08-20T17:48:11Z,2026-08-20T17:48:17Z,6,bf69afb40f3a23b34ad024f321bad061a5db5143
96560311597,32399284154,Spelling,spelling,completed,success,2026-08-20T19:49:59Z,2026-08-20T19:50:06Z,7,b56e086290fba3ca22c83f7061da2ec15c4a0739
96520249355,32398317648,Spelling,spelling,completed,success,2026-08-20T17:34:04Z,2026-08-20T17:34:11Z,7,ace613b45e1ed803e1a30a4252768b7294dfe142
96518982632,32397919887,Spelling,spelling,completed,success,2026-08-20T17:29:51Z,2026-08-20T17:29:57Z,6,baf103cee67caa4e3654b11be1d993326331208f
96517015200,32396323994,Spelling,spelling,completed,success,2026-08-20T17:23:10Z,2026-08-20T17:23:15Z,5,a64e911244144b62662a20e1ba9f02930c7f3a59
96516780583,32395969820,Spelling,spelling,completed,success,2026-08-20T17:22:23Z,2026-08-20T17:22:30Z,7,4242d8c9ed72b151cbd39e8f88e515d4ee51e0f9
96510707352,32395333744,Spelling,spelling,completed,success,2026-08-20T17:02:03Z,2026-08-20T17:02:11Z,8,b0b9d9b92e6391deaca39403907132b18f61d2a8
96508236666,32394550772,Spelling,spelling,completed,success,2026-08-20T16:53:44Z,2026-08-20T16:53:49Z,5,e597c145b4b675be231f67b3feae1cd7316648e6
96508483019,32393814338,Spelling,spelling,completed,success,2026-08-20T16:54:34Z,2026-08-20T16:54:42Z,8,4410952f6186d0c35930cb5b220440c005ae733d
96504699098,32393346453,Spelling,spelling,completed,success,2026-08-20T16:41:52Z,2026-08-20T16:42:11Z,19,73826ec40cc30f4aabcdd531d46ab4b9fdfd5fa4
96502934133,32392894949,Spelling,spelling,completed,success,2026-08-20T16:35:59Z,2026-08-20T16:36:08Z,9,fb9746c52385578629e1830ed2f440d660351220
96503001819,32376140956,Spelling,spelling,completed,success,2026-08-20T16:36:21Z,2026-08-20T16:36:28Z,7,54124f3206d64229a668e8023eed8b5350bf7cc4
96443588115,32374827741,Spelling,spelling,completed,success,2026-08-20T13:32:18Z,2026-08-20T13:32:23Z,5,286bfad8c2a03415d2d9d8d5e3d4696830739784
96443648603,32372373568,Spelling,spelling,completed,success,2026-08-20T13:32:30Z,2026-08-20T13:32:39Z,9,3904db3a1e8922b1acad3b3a5d7cb7ca07800b08
96443744759,32372084739,Spelling,spelling,completed,success,2026-08-20T13:33:23Z,2026-08-20T13:33:33Z,10,e63acdb16a46d533247f902c8f25c8d1d2064a6a
96432367136,32371335880,Spelling,spelling,completed,success,2026-08-20T12:54:55Z,2026-08-20T12:55:03Z,8,87346200d69465b62de1e469d7462d255378c54b
96432498084,32368456102,Spelling,spelling,completed,success,2026-08-20T12:55:22Z,2026-08-20T12:55:33Z,11,f8e7ce035aa6ffd3ee9b37b5921fee36efdfc8ed
96418536288,32366989040,Spelling,spelling,completed,success,2026-08-20T12:04:54Z,2026-08-20T12:05:00Z,6,da46a2c2197d811270c3bdc4b3c4b1b2e3dc27e7
96418728168,32364296459,Spelling,spelling,completed,success,2026-08-20T12:05:51Z,2026-08-20T12:05:58Z,7,b96425660f0221cc3d98105980ec54479e61604b
96405090311,32362561594,Spelling,spelling,completed,success,2026-08-20T11:11:07Z,2026-08-20T11:11:15Z,8,af814cc692c616717b51f4fac5494dab459cdd10
96405163452,32360010401,Spelling,spelling,completed,success,2026-08-20T11:11:25Z,2026-08-20T11:11:31Z,6,631954b342b65bc0a9201ff8bb0c7e181ef10aa1
96396702041,32359782058,Spelling,spelling,completed,success,2026-08-20T10:36:51Z,2026-08-20T10:36:57Z,6,69459cd2b1b00bbdbda60a8a6fc98c130b83c68c
96396854116,32356226203,Spelling,spelling,completed,success,2026-08-20T10:37:34Z,2026-08-20T10:37:41Z,7,7344e993165394cfcef3df4f96293aa9685b753a
96383067847,32354196940,Spelling,spelling,completed,success,2026-08-20T09:43:01Z,2026-08-20T09:43:10Z,9,626b3f6ca6b3e19a213d4c0b01ca7d221defe63b
96382993316,32353137917,Spelling,spelling,completed,success,2026-08-20T09:42:44Z,2026-08-20T09:42:50Z,6,e765992f78e8df9f38d89038c47ab21d4d48ed2b
96375644176,32352867349,Spelling,spelling,completed,success,2026-08-20T09:14:33Z,2026-08-20T09:14:41Z,8,5e99689ad463d474f38c05e7b658d62c68b5e912
96371710864,32350316502,Spelling,spelling,completed,success,2026-08-20T08:59:46Z,2026-08-20T08:59:52Z,6,ba04a1a6a116c486146bacc6d1bad46f3fd8bbaa
96371739793,32349760445,Spelling,spelling,completed,success,2026-08-20T08:59:54Z,2026-08-20T09:00:00Z,6,9b4bb34f4c14b7f6734068c5897a97b122f2d87e
96360600872,32347944216,Spelling,spelling,completed,success,2026-08-20T08:15:55Z,2026-08-20T08:16:02Z,7,decbd7780fbaae3117bcefc2204064912be613a9
96359302318,32346934729,Spelling,spelling,completed,success,2026-08-20T08:10:46Z,2026-08-20T08:10:52Z,6,a7bc4260935a8069a193fc562927b94dbc0b392a
96351404007,32344876798,Spelling,spelling,completed,success,2026-08-20T07:37:51Z,2026-08-20T07:38:02Z,11,12af5db24763940479bde630a2e569bba60bcf46
96349845413,32344367050,Spelling,spelling,completed,success,2026-08-20T07:31:04Z,2026-08-20T07:31:11Z,7,9ca205d08ba46cf75a905db25dcd77cda1c340e9
96349768611,32344340510,Spelling,spelling,completed,cancelled,2026-08-20T07:30:36Z,2026-08-20T07:30:54Z,18,019e83cc76bdfe2750975135ab1db8c5ab918cbf
96348649475,32343971815,Spelling,spelling,completed,success,2026-08-20T07:29:01Z,2026-08-20T07:29:08Z,7,48e99a2e4253347165bc9b8187ea11ec62b8c669
96346515697,32343271109,Spelling,spelling,completed,success,2026-08-20T07:16:57Z,2026-08-20T07:17:02Z,5,5e67e43e647b15b5f93cedeca674b368468e6e65
96346409039,32343235809,Spelling,spelling,completed,success,2026-08-20T07:16:22Z,2026-08-20T07:16:30Z,8,e7b4478fd913f9fafa7144671e0f3ad7ac4450e9
96336223156,32339730078,Spelling,spelling,completed,success,2026-08-20T06:30:56Z,2026-08-20T06:31:09Z,13,bebbd63f8bc56f9d28e881f47fb55adabb280719
96992703873,32532906310,Spelling,spelling,completed,success,2026-08-22T06:27:24Z,2026-08-22T06:27:31Z,7,f32e516171374d752112b09319f2e370a8c42f44
96909577207,32526515015,Spelling,spelling,completed,success,2026-08-21T21:01:50Z,2026-08-21T21:01:58Z,8,d5c4dd65457369f554f975a52aeccca47876f767
96870391039,32513689516,Spelling,spelling,completed,success,2026-08-21T18:30:24Z,2026-08-21T18:30:30Z,6,8d615032991bdd47f9b6132e4106446b676a65eb
96868162731,32512981843,Spelling,spelling,completed,success,2026-08-21T18:22:14Z,2026-08-21T18:22:25Z,11,05a1ed5ee2a8ad7a321de50cad061f4c9415821d
96864080492,32484051134,Spelling,spelling,completed,success,2026-08-21T18:07:20Z,2026-08-21T18:07:28Z,8,87cd55e7a1657739f24f4a4870fe9256c7782c5c
96775089754,32483598114,Spelling,spelling,completed,success,2026-08-21T12:47:43Z,2026-08-21T12:47:50Z,7,ca02a2077f758c72e30da9607a0187029350da85
96772650371,32482800995,Spelling,spelling,completed,success,2026-08-21T12:38:11Z,2026-08-21T12:38:20Z,9,f823595cc2d2d7321a05dc8123c7047eddfcd992
96772363991,32482707719,Spelling,spelling,completed,success,2026-08-21T12:36:45Z,2026-08-21T12:36:52Z,7,c8587e9940269f710874f2eeb8633f9aa3bd871c
96772172036,32482646834,Spelling,spelling,completed,success,2026-08-21T12:35:59Z,2026-08-21T12:36:06Z,7,da5c5462dd65b7b6c8fa1b6ca77f1d8855aad595
96752031403,32475891124,Spelling,spelling,completed,success,2026-08-21T11:09:14Z,2026-08-21T11:09:19Z,5,15d8215a2e618d47662d55cc0c33dfc01ef702df
96751814542,32475819486,Spelling,spelling,completed,success,2026-08-21T11:08:17Z,2026-08-21T11:08:24Z,7,29b6180c7a3a4f812c52fc199ea1512d6e79415e
96747456078,32474333808,Spelling,spelling,completed,success,2026-08-21T10:48:53Z,2026-08-21T10:49:01Z,8,621e2d65209d8e05ee784e975e9ced616e45f295
96745104240,32473408035,Spelling,spelling,completed,success,2026-08-21T10:38:12Z,2026-08-21T10:38:22Z,10,6d0e4df9e467d049a52bb74c9fc384c5d6df834a
96744017528,32473163028,Spelling,spelling,completed,success,2026-08-21T10:33:43Z,2026-08-21T10:33:49Z,6,7233acf5d08f23a9bd9e8caa6c78543cb5f279d3
96735127901,32466284361,Spelling,spelling,completed,success,2026-08-21T09:55:14Z,2026-08-21T09:55:35Z,21,e82bc27f61332259a2f0b784b7d49e61d67f9821
97008571676,32563487932,Spelling,spelling,completed,success,2026-08-22T08:53:55Z,2026-08-22T08:54:02Z,7,4be3fd6f48b48b6ac1bfc491ac0ecdb2f97a89d2
97007721163,32563012480,Spelling,spelling,completed,success,2026-08-22T08:45:55Z,2026-08-22T08:46:04Z,9,9c48491c366b57ea7852aab042a751804dfe42a9
97217615792,32647871428,Spelling,spelling,completed,success,2026-08-23T15:35:20Z,2026-08-23T15:35:28Z,8,d368b1e7d3aeae369e68628c05b26a725789a028
97217650066,32647168757,Spelling,spelling,completed,success,2026-08-23T15:35:55Z,2026-08-23T15:36:03Z,8,bd34f4725b26a79ce672aa7408c2908011bac797
97211668680,32646588105,Spelling,spelling,completed,success,2026-08-23T14:49:00Z,2026-08-23T14:49:06Z,6,d1c28c7acfd25f14769f2a6e89f9bc96ccd37a22
97194182637,32638736726,Spelling,spelling,completed,success,2026-08-23T12:27:43Z,2026-08-23T12:27:51Z,8,21229b80a7d1398ee6511f5269ec088f6b7854d2
97194221430,32638566038,Spelling,spelling,completed,success,2026-08-23T12:28:41Z,2026-08-23T12:28:47Z,6,af5328f3ea7a28d7bc890ad0f2e26dcf9b9a429a
97187722529,32633983625,Spelling,spelling,completed,success,2026-08-23T11:32:10Z,2026-08-23T11:32:19Z,9,a812e69f6ad407df4d4ac6366993294b3fb1734b
97187646350,32631332969,Spelling,spelling,completed,success,2026-08-23T11:31:32Z,2026-08-23T11:31:41Z,9,777148a0b3dfe514e624def572f1555bf76385cc
97174162582,32631191141,Spelling,spelling,completed,success,2026-08-23T09:30:34Z,2026-08-23T09:30:41Z,7,bfb126b31e36e90f2247172dc9b9ffb5f94a4c36
97174116275,32631171368,Spelling,spelling,completed,success,2026-08-23T09:30:12Z,2026-08-23T09:30:19Z,7,0c37a944d593c2ab5d64e2143d890d6aaf3866c6
97173906263,32630814498,Spelling,spelling,completed,success,2026-08-23T09:28:21Z,2026-08-23T09:28:29Z,8,a4c5656b39fcba76e2cca90dceb80adf2c8b6315
97173229410,32630809866,Spelling,spelling,completed,success,2026-08-23T09:22:21Z,2026-08-23T09:22:31Z,10,6f2d21eb5f34e3becb56c98518e1d4fa7deb4e4d
97172801618,32630639168,Spelling,spelling,completed,success,2026-08-23T09:18:30Z,2026-08-23T09:18:37Z,7,a29b3c10b6899302e6d40238b38c1c33d60ba848
97169525481,32628472582,Spelling,spelling,completed,success,2026-08-23T08:50:12Z,2026-08-23T08:50:20Z,8,9a98a7405a1731b84b168e015c88532d12826ed2
97164128438,32627162930,Spelling,spelling,completed,success,2026-08-23T08:02:03Z,2026-08-23T08:02:10Z,7,5590d1651bf83750f3375410c154da4c912451e0
97161561273,32626087968,Spelling,spelling,completed,success,2026-08-23T07:38:16Z,2026-08-23T07:38:25Z,9,1f5b88cec02d06e2840dca86486cddee734bee94
97161193384,32625936493,Spelling,spelling,completed,success,2026-08-23T07:34:52Z,2026-08-23T07:34:59Z,7,52c22aba2ba5241165916298c9e679f9fc21f5a2
97160271588,32625563616,Spelling,spelling,completed,success,2026-08-23T07:26:26Z,2026-08-23T07:26:32Z,6,9eb5e2a1b37651337b9a5409bb8999cc95d0408b
97159468349,32625239837,Spelling,spelling,completed,success,2026-08-23T07:19:07Z,2026-08-23T07:19:14Z,7,7c256a1e5d59f14526700eb1e3d244cfc2a6252d
97159440429,32625228088,Spelling,spelling,completed,success,2026-08-23T07:18:49Z,2026-08-23T07:18:55Z,6,ddbccb8d40110d651155f7ecd5e616f4f9c7dfe8
97158537043,32624803854,Spelling,spelling,completed,success,2026-08-23T07:10:49Z,2026-08-23T07:10:59Z,10,6aab55eb785a6b6ee8c273f25bced97479cc17c1
97157877845,32624603873,Spelling,spelling,completed,success,2026-08-23T07:04:42Z,2026-08-23T07:04:51Z,9,61b584ecb294c59860fde418bd9c3a6e6f4901f5
97158033907,32624556756,Spelling,spelling,completed,success,2026-08-23T07:06:11Z,2026-08-23T07:06:21Z,10,c4b6fe3a951f548e1d9ecaca434c40aca1cda47a
97154519217,32623225275,Spelling,spelling,completed,success,2026-08-23T06:33:16Z,2026-08-23T06:33:23Z,7,64e0f799e33a132e7f47d8ce7e50cd40f065cc9c
97154495496,32623215767,Spelling,spelling,completed,success,2026-08-23T06:33:01Z,2026-08-23T06:33:11Z,10,58b77beee8baad8562ccdc79c7a09f4add607f2e
97153598560,32622282731,Spelling,spelling,completed,success,2026-08-23T06:25:11Z,2026-08-23T06:25:19Z,8,1f89cff6e0dc0ba7adf9ef41bfc3dac55ca89ad1
97153554497,32622241603,Spelling,spelling,completed,success,2026-08-23T06:24:19Z,2026-08-23T06:24:25Z,6,82584009d37b0b299d4ccc5e65ec235019b097e7
97104691454,32603310775,Spelling,spelling,completed,success,2026-08-22T22:45:03Z,2026-08-22T22:45:10Z,7,10518ad2678515b9a660e8bafce5a595ff093193
97104756246,32588025861,Spelling,spelling,completed,success,2026-08-22T22:45:43Z,2026-08-22T22:45:49Z,6,960f77c61554d13cfddaf87a3a2340b74637720d
97104854647,32587437009,Spelling,spelling,completed,success,2026-08-22T22:46:28Z,2026-08-22T22:46:35Z,7,fcfdb5ba58accda7061b77df7bf80cf14d0cf963
97063196594,32586355257,Spelling,spelling,completed,success,2026-08-22T16:59:09Z,2026-08-22T16:59:15Z,6,28492a678d2d410ce89cf1a56f56d3b2797d8211
97063169490,32586344510,Spelling,spelling,completed,success,2026-08-22T16:58:55Z,2026-08-22T16:59:00Z,5,5af5454b26bb418dce67d0c992f034d9f60a5e8c
97063242588,32585630352,Spelling,spelling,completed,success,2026-08-22T17:00:05Z,2026-08-22T17:00:14Z,9,b17243913ffc29cef63e1546f7dad08e324949a2
97061362014,32585594765,Spelling,spelling,completed,success,2026-08-22T16:44:01Z,2026-08-22T16:44:12Z,11,fbc69196d9ed753a6100c8209f6b34c4e3076407
97060871254,32585391827,Spelling,spelling,completed,success,2026-08-22T16:40:15Z,2026-08-22T16:40:20Z,5,ab9eb11dd4d7eb9904838f3decabbe705f65d9af
97060811056,32585366540,Spelling,spelling,completed,success,2026-08-22T16:40:04Z,2026-08-22T16:40:09Z,5,91e75e853b6ba64b935f38084694eb561ca86da0
97060806566,32585364619,Spelling,spelling,completed,success,2026-08-22T16:39:30Z,2026-08-22T16:39:37Z,7,3c788f453a44523eb79127fc62cc5cf0f7160f72
97061071530,32582398724,Spelling,spelling,completed,success,2026-08-22T16:41:38Z,2026-08-22T16:41:43Z,5,ed39ac9ef51ea45c0e56711299ab1d0b597eaf81
97051024927,32581324838,Spelling,spelling,completed,success,2026-08-22T15:19:02Z,2026-08-22T15:19:10Z,8,588fd45e6ca3bcef27aba0d221d5fd7291da8e34
97052055263,32581255784,Spelling,spelling,completed,success,2026-08-22T15:27:49Z,2026-08-22T15:27:57Z,8,b6efed54fb51e4cdd5ad2e2f7fad071139d6cf47
97052030966,32581252504,Spelling,spelling,completed,success,2026-08-22T15:27:16Z,2026-08-22T15:27:22Z,6,65f1e39f7bc4e1b4cbcc2c1e413da3e33098916d
97050709715,32581194671,Spelling,spelling,completed,success,2026-08-22T15:16:26Z,2026-08-22T15:16:36Z,10,8da38a52e3995d5c1817f5afd71c520a3d5f9146
97050034468,32580917878,Spelling,spelling,completed,success,2026-08-22T15:10:57Z,2026-08-22T15:11:04Z,7,c7a50a4fa7232d6331737d4c61cbf434751b40f9
97049799582,32580821621,Spelling,spelling,completed,success,2026-08-22T15:09:06Z,2026-08-22T15:09:14Z,8,985436e84fe16d0f8cc162bd36a4e807400cd510
97047738886,32579946479,Spelling,spelling,completed,success,2026-08-22T14:51:58Z,2026-08-22T14:52:06Z,8,d82d85c0924907b804ab5d2e3ec3de8aa0bda379
97046617033,32579319058,Spelling,spelling,completed,success,2026-08-22T14:47:17Z,2026-08-22T14:47:26Z,9,801e16521e84eda2d1f05c50b1a72e71a25a7a2c
97046188724,32579164410,Spelling,spelling,completed,success,2026-08-22T14:41:19Z,2026-08-22T14:41:25Z,6,4dcba309381b6b4de8c56b209269ac9273ee5e0a
97045533470,32579033498,Spelling,spelling,completed,success,2026-08-22T14:33:34Z,2026-08-22T14:33:42Z,8,d26943bee78a5208225201906990a45f63cd7939
97044977247,32578799034,Spelling,spelling,completed,success,2026-08-22T14:28:26Z,2026-08-22T14:28:31Z,5,dd053441b934ad3cdf36be0b467476136aed31af
97044854028,32578745970,Spelling,spelling,completed,success,2026-08-22T14:27:59Z,2026-08-22T14:28:07Z,8,5a4489d62dab548c4eeffe04fe543acaa65260ad
97044788502,32578719514,Spelling,spelling,completed,success,2026-08-22T14:26:46Z,2026-08-22T14:26:52Z,6,4aec6dd79a3f1bcb2ac2f5e390c513e5f114ea0f
97044390577,32578553495,Spelling,spelling,completed,success,2026-08-22T14:23:23Z,2026-08-22T14:23:31Z,8,178c2aeac510a140501406074f5f16b677651de2
97044180955,32578463089,Spelling,spelling,completed,success,2026-08-22T14:21:35Z,2026-08-22T14:21:44Z,9,d2e758829dd63dd037db036e18e0b967d9ee6007
97044039682,32578404993,Spelling,spelling,completed,success,2026-08-22T14:20:22Z,2026-08-22T14:20:29Z,7,fd86ee1da9d14a9c59c029c0baddc484360370b7
97043749073,32578282988,Spelling,spelling,completed,success,2026-08-22T14:18:04Z,2026-08-22T14:18:13Z,9,a43b7add567861171b4203e9354dfc4e658c2843
97043463044,32578163340,Spelling,spelling,completed,success,2026-08-22T14:16:19Z,2026-08-22T14:16:27Z,8,66e398233520355f72d13bb68ef5d4ee96736d76
97043413893,32578143378,Spelling,spelling,completed,success,2026-08-22T14:15:00Z,2026-08-22T14:15:06Z,6,8d8cbf5b7bc61f731c8a37a2af88a0307ef88d9a
97042686311,32577835208,Spelling,spelling,completed,success,2026-08-22T14:08:50Z,2026-08-22T14:08:57Z,7,e1d0aeea11c1fe7a2b43daa9bb5a3c04189a4a3f
97043094710,32577825313,Spelling,spelling,completed,success,2026-08-22T14:12:16Z,2026-08-22T14:12:22Z,6,7b4a453c7af3c78fcd97b7b6efdaf9fdbbd30d74
97042417085,32577727835,Spelling,spelling,completed,success,2026-08-22T14:06:35Z,2026-08-22T14:06:40Z,5,d4d10ed6bf138098c8621b05d54644343c1fe461
97042000555,32577562188,Spelling,spelling,completed,success,2026-08-22T14:03:13Z,2026-08-22T14:03:22Z,9,dea8ff4b0a527aaccde20d6c6ed6c739568a6ea3
97042389393,32577291733,Spelling,spelling,completed,success,2026-08-22T14:06:23Z,2026-08-22T14:06:30Z,7,c8ac01ecbf0bbd8825559b65d05f2505c6526f94
97041365365,32576856594,Spelling,spelling,completed,success,2026-08-22T13:57:54Z,2026-08-22T13:58:02Z,8,d8aad2552c0911b23085da809cf5d680a3e562a6
97040306209,32576840552,Spelling,spelling,completed,success,2026-08-22T13:48:33Z,2026-08-22T13:48:42Z,9,7f1c69b92b5bfce72d8ea8452799439e3f31d49d
97039508152,32576496410,Spelling,spelling,completed,success,2026-08-22T13:41:37Z,2026-08-22T13:41:43Z,6,fbe9fe795e28ce4d7881b182a753dfee99f506bc
97033782946,32574100511,Spelling,spelling,completed,success,2026-08-22T12:50:55Z,2026-08-22T12:51:03Z,8,0c79298731fe12c856675e2d4b065d2d016f11cf
97033753672,32574087930,Spelling,spelling,completed,success,2026-08-22T12:50:38Z,2026-08-22T12:50:44Z,6,df59ce831cf181bece78dfe1c48f56fdf1c79c02
97033223943,32573792024,Spelling,spelling,completed,success,2026-08-22T12:45:48Z,2026-08-22T12:45:54Z,6,1de25939622297b62d2ffac1c6534246088880dc
97032849889,32573712782,Spelling,spelling,completed,success,2026-08-22T12:42:26Z,2026-08-22T12:42:34Z,8,ab6d93f89eef3d97e8cf55b534e06e2b538d440c
97032203789,32572885458,Spelling,spelling,completed,success,2026-08-22T12:36:23Z,2026-08-22T12:36:33Z,10,11ed64b8103d2d43c1816b26d1b719e855278f95
97030546043,32572746364,Spelling,spelling,completed,success,2026-08-22T12:21:02Z,2026-08-22T12:21:09Z,7,7896ed459d7e33f6dba7183181af78e9aa309904
97026073635,32570889050,Spelling,spelling,completed,success,2026-08-22T11:39:52Z,2026-08-22T11:40:00Z,8,b9dd41aa8636756f68a8d4fe3cb57e731fa55266
97025897812,32569170791,Spelling,spelling,completed,success,2026-08-22T11:38:13Z,2026-08-22T11:38:20Z,7,14d4ce4ae902c0d60ae908a3183ae19251d7915d
97019895825,32568237660,Spelling,spelling,completed,success,2026-08-22T10:40:49Z,2026-08-22T10:40:56Z,7,d7db22b4ba3a7325988fd80e251dfc9a4a78c12e
97019787055,32568192195,Spelling,spelling,completed,success,2026-08-22T10:39:49Z,2026-08-22T10:39:59Z,10,792df1ad638be7d8be736ce46c028bca60573de1
97017845502,32567365496,Spelling,spelling,completed,success,2026-08-22T10:20:50Z,2026-08-22T10:20:58Z,8,54481d2b2fc9f83761570effa3470473a4881602
97017403326,32567181913,Spelling,spelling,completed,success,2026-08-22T10:16:27Z,2026-08-22T10:16:36Z,9,316a2bbf9db12017c94cd512be95eb988c124146
97016413156,32566766133,Spelling,spelling,completed,success,2026-08-22T10:07:09Z,2026-08-22T10:07:16Z,7,d7565f2fc7688c80d8b74273a24d047da56318f1
97015779555,32566333104,Spelling,spelling,completed,success,2026-08-22T10:01:22Z,2026-08-22T10:01:28Z,6,f567f03c0e039fd70e3ec85aa50baa94e759624b
97014812626,32566089100,Spelling,spelling,completed,success,2026-08-22T09:52:07Z,2026-08-22T09:52:14Z,7,bae90dccc3ace366f5b16c64b67a76fee5293395
97014276770,32565822605,Spelling,spelling,completed,success,2026-08-22T09:46:55Z,2026-08-22T09:47:01Z,6,8e990710fd4a9ba18d2e27b2c8d8228ee1c151fd
97012863153,32565256946,Spelling,spelling,completed,success,2026-08-22T09:33:24Z,2026-08-22T09:33:30Z,6,752ee469da2251c3f56c627138ce99064e083a4f
97010905639,32564198575,Spelling,spelling,completed,success,2026-08-22T09:16:32Z,2026-08-22T09:16:42Z,10,70632bd8680b41cd4ee8a6167a0f8ec940b57036
97710909087,32818278969,Spelling,spelling,completed,success,2026-08-25T06:44:18Z,2026-08-25T06:44:27Z,9,0ae3468fce5255429fc2a5586fa999aa289be1bf
97708032547,32817290274,Spelling,spelling,completed,success,2026-08-25T06:30:47Z,2026-08-25T06:30:56Z,9,4bde7fbfdac33cbe1de7e57b5169a5b153e7736a
97706785253,32816855986,Spelling,spelling,completed,success,2026-08-25T06:24:53Z,2026-08-25T06:25:02Z,9,f05d8da71d2af8039018e93d2d7601af1fa10e70
97536990847,32760202038,Spelling,spelling,completed,success,2026-08-24T18:03:31Z,2026-08-24T18:03:38Z,7,8920f23afcb6956d1cc555c0e6a3c7948d21e2e2
97527201040,32757144257,Spelling,spelling,completed,success,2026-08-24T17:31:47Z,2026-08-24T17:31:55Z,8,5705a4914cbdc49ac2ec44f954eb5af4aa62f2f6
97525874132,32756025804,Spelling,spelling,completed,success,2026-08-24T17:27:27Z,2026-08-24T17:27:34Z,7,e90543d1a3ecd18f73aca9f4f046d86d2bf0eb2f
97523568286,32755997587,Spelling,spelling,completed,success,2026-08-24T17:19:55Z,2026-08-24T17:20:01Z,6,19bf3ac2b5288ea3eb993b48076df82cb476fe8f
97516409252,32753740751,Spelling,spelling,completed,success,2026-08-24T16:56:35Z,2026-08-24T16:56:47Z,12,b852b8400ed3ed5825599ec9109bfebf530c84fe
97515404475,32753420782,Spelling,spelling,completed,success,2026-08-24T16:53:19Z,2026-08-24T16:53:28Z,9,f43db528f643d00bf176e7c6d2edfc27112768ab
97509229647,32751408437,Spelling,spelling,completed,success,2026-08-24T16:33:11Z,2026-08-24T16:33:18Z,7,fdd960db658f2f8ecfb20f706683bfd017ce6152
97506255496,32750560011,Spelling,spelling,completed,success,2026-08-24T16:23:35Z,2026-08-24T16:23:43Z,8,fb5777b6be6f6e4eb5b6851c1ab43aeb1a1b16c9
97503567361,32749330304,Spelling,spelling,completed,success,2026-08-24T16:15:03Z,2026-08-24T16:15:11Z,8,2067676e0017762f502cce46c0e6052d9181fef7
97500583905,32748207243,Spelling,spelling,completed,success,2026-08-24T16:05:41Z,2026-08-24T16:05:48Z,7,a3fafd30c0814671c1decce94c62f8d3d72a2b78
97495770652,32747298080,Spelling,spelling,completed,success,2026-08-24T15:50:28Z,2026-08-24T15:50:35Z,7,2d85f9523cfac6ebfd343522a53509ef2c59bd4c
97483970918,32743691088,Spelling,spelling,completed,success,2026-08-24T15:14:59Z,2026-08-24T15:15:07Z,8,4513a834f20197ececa5b0118c5f5826efe213fa
97479665274,32740542602,Spelling,spelling,completed,success,2026-08-24T15:02:10Z,2026-08-24T15:02:18Z,8,559ad6c02da61efc82d1df8650119de182d95cde
97472862069,32740292558,Spelling,spelling,completed,success,2026-08-24T14:41:50Z,2026-08-24T14:41:57Z,7,9fc81c1395ae927b0ee8972c00fe4ffb0d1b83b1
97471464836,32739865416,Spelling,spelling,completed,success,2026-08-24T14:37:38Z,2026-08-24T14:37:46Z,8,026f7fce8b0c67b7411e9bcd7935fc3de446a3d0
97468947449,32739091069,Spelling,spelling,completed,success,2026-08-24T14:30:14Z,2026-08-24T14:30:22Z,8,49fdd396415c74f042e8c52d6b4d8e40ed9a28b1
97462553030,32737139721,Spelling,spelling,completed,success,2026-08-24T14:11:14Z,2026-08-24T14:11:23Z,9,7b613a4b9b3450247fe2345387970f1505dab22e
97459821397,32736299481,Spelling,spelling,completed,success,2026-08-24T14:03:07Z,2026-08-24T14:03:13Z,6,313b773c73065f6138217d856d8006a76e6f99e5
97458783894,32735986250,Spelling,spelling,completed,success,2026-08-24T14:00:06Z,2026-08-24T14:00:17Z,11,dad0ea5a8cbcdb03ec07cfc5b7ef4096ae7c9e14
97455385372,32734669020,Spelling,spelling,completed,success,2026-08-24T13:49:17Z,2026-08-24T13:49:27Z,10,64989d41934dbf0ec4b80a0cd83fa143e42e649f
97455562059,32734544091,Spelling,spelling,completed,success,2026-08-24T13:49:51Z,2026-08-24T13:50:00Z,9,1e85d43757d8b635547b0c1a05a29c4c3e08f618
97453668611,32734389443,Spelling,spelling,completed,success,2026-08-24T13:43:44Z,2026-08-24T13:43:52Z,8,8dcd0cd46c2d18ef7b08514acb2e0762596bfe30
97451913302,32733830258,Spelling,spelling,completed,success,2026-08-24T13:37:59Z,2026-08-24T13:38:05Z,6,0e385ffa5872382ff17ec9688578cb5affc183f3
97450305549,32733321186,Spelling,spelling,completed,success,2026-08-24T13:32:58Z,2026-08-24T13:33:06Z,8,0552eda2ba579ce6317fa92b9695ebb09bd29701
97449185066,32732970969,Spelling,spelling,completed,success,2026-08-24T13:29:20Z,2026-08-24T13:29:27Z,7,3341645911dc222222e1639c4192a16e14d6436b
97446285169,32732065276,Spelling,spelling,completed,success,2026-08-24T13:20:21Z,2026-08-24T13:20:29Z,8,cdf802c473ce43c6139078e17aac80f73c5a0eb0
97445966763,32731718172,Spelling,spelling,completed,success,2026-08-24T13:19:00Z,2026-08-24T13:19:06Z,6,e3dece08473b1f4a03042a4cafe656f893698e8c
97443116180,32731043317,Spelling,spelling,completed,success,2026-08-24T13:09:42Z,2026-08-24T13:09:49Z,7,278e69b77164fe79e6f41efbd459f80c4f5d1f4e
97444479494,32730993664,Spelling,spelling,completed,success,2026-08-24T13:14:10Z,2026-08-24T13:14:16Z,6,6fc820296c6b1b98f3be0aa2c2e14974d3b2813c
97440969047,32730088523,Spelling,spelling,completed,success,2026-08-24T13:02:27Z,2026-08-24T13:02:34Z,7,bd207814c65e030d2b3a89da2e5f63f0d580636b
97437188002,32726702870,Spelling,spelling,completed,success,2026-08-24T12:49:23Z,2026-08-24T12:49:32Z,9,1b390355c1643962de86c51a0434546409905748
97429047291,32726519023,Spelling,spelling,completed,success,2026-08-24T12:20:19Z,2026-08-24T12:20:29Z,10,43c7899611d73c3ed41f82e89dd57e88e62a6379
97424114584,32724977690,Spelling,spelling,completed,success,2026-08-24T12:02:43Z,2026-08-24T12:02:52Z,9,9093aa58195c7d35ca0127a0d79c5ac1ac0dcb9d
97423375754,32724586855,Spelling,spelling,completed,success,2026-08-24T11:59:58Z,2026-08-24T12:00:04Z,6,2b538436a2f4c08ff21ecf463fa373b5b5ea18d9
97422193189,32724342296,Spelling,spelling,completed,success,2026-08-24T11:55:25Z,2026-08-24T11:55:31Z,6,edcbacded782c263ee29591202dbd18910405767
97419943516,32723585179,Spelling,spelling,completed,success,2026-08-24T11:46:35Z,2026-08-24T11:46:42Z,7,1a642cf055e206a0d39b30799c4c698f2b49ce10
97417587199,32722795466,Spelling,spelling,completed,success,2026-08-24T11:37:26Z,2026-08-24T11:37:35Z,9,01bb322faea0af79efdbec0266dd777b5fb8ed12
97411325847,32720709206,Spelling,spelling,completed,success,2026-08-24T11:12:59Z,2026-08-24T11:13:07Z,8,bbc8ad5651f1e5203acbddbf5f6c11e577aa6792
97409284246,32720033786,Spelling,spelling,completed,success,2026-08-24T11:05:11Z,2026-08-24T11:05:17Z,6,dda8ef2c441b409603e1b8c5e4aac91bedf77b14
97407746853,32719518577,Spelling,spelling,completed,success,2026-08-24T10:59:09Z,2026-08-24T10:59:17Z,8,0bb6518d6365a30e32739875e9339d2512decd66
97410208681,32719270151,Spelling,spelling,completed,success,2026-08-24T11:08:47Z,2026-08-24T11:08:57Z,10,21c2d213045eedda25009fba500180e8c8babbb4
97404717499,32718498700,Spelling,spelling,completed,success,2026-08-24T10:46:51Z,2026-08-24T10:46:59Z,8,0d464fd4a1775eef1dcc0fdcdbae5013a74ed4f1
97403573866,32718108047,Spelling,spelling,completed,success,2026-08-24T10:42:18Z,2026-08-24T10:42:25Z,7,da050bed50be606b8948e5e5d751dd690872448d
97402879896,32717851029,Spelling,spelling,completed,success,2026-08-24T10:39:42Z,2026-08-24T10:39:51Z,9,8a1114fdc5f7afdd3ca23ad6ee2001851232279e
97402727574,32717774827,Spelling,spelling,completed,success,2026-08-24T10:38:53Z,2026-08-24T10:39:01Z,8,ac80fcbaad273a3fb036bf737cc7d086d028f4ca
97401620686,32717452339,Spelling,spelling,completed,success,2026-08-24T10:34:52Z,2026-08-24T10:35:00Z,8,1dce4768c967bacf8cc071318138cbcea0fe7f8c
97401494917,32717410899,Spelling,spelling,completed,success,2026-08-24T10:33:54Z,2026-08-24T10:34:01Z,7,20a06afa09415b19238d04c0f1e5b12262b17a0e
97397111298,32715804288,Spelling,spelling,completed,success,2026-08-24T10:16:38Z,2026-08-24T10:16:44Z,6,aab1a71cafa411f1f1eb96902f263bf4de2c5d07
97396557365,32715774518,Spelling,spelling,completed,success,2026-08-24T10:14:33Z,2026-08-24T10:14:39Z,6,0379bc12dae21c7f41065e7e371636135057bb55
97394784696,32715182132,Spelling,spelling,completed,success,2026-08-24T10:07:47Z,2026-08-24T10:07:55Z,8,e72b26503e718ccb609e3607a4f663d494faaecc
97394154851,32714972397,Spelling,spelling,completed,success,2026-08-24T10:05:21Z,2026-08-24T10:05:27Z,6,6e9436ca579ec4f912294f48db7caf33b44832ac
97391955398,32714225813,Spelling,spelling,completed,success,2026-08-24T09:59:39Z,2026-08-24T09:59:46Z,7,c8c20b360d275e2c6966923dff08a120a92fa9f2
97391662541,32714126738,Spelling,spelling,completed,success,2026-08-24T09:55:45Z,2026-08-24T09:55:52Z,7,39a651a8a652c57b5fc53c08218da82c31181806
97400831487,32713304567,Spelling,spelling,completed,success,2026-08-24T10:31:14Z,2026-08-24T10:31:22Z,8,36125f6e7201d51016f8469fa03c44bedb50a7ba
97385735131,32712173841,Spelling,spelling,completed,success,2026-08-24T09:33:53Z,2026-08-24T09:34:01Z,8,37a4ad15807279ff888adade761ee870471f728e
97385792949,32711687276,Spelling,spelling,completed,success,2026-08-24T09:34:03Z,2026-08-24T09:34:12Z,9,87cddf9347fedcc162e1f7c9446005fd44182622
97381222693,32710687396,Spelling,spelling,completed,success,2026-08-24T09:22:29Z,2026-08-24T09:22:38Z,9,b85827e10be072b4c6d81e3424200dd160d11178
97394301129,32710624926,Spelling,spelling,completed,success,2026-08-24T10:07:16Z,2026-08-24T10:07:22Z,6,2f520c62bdf255c44bf5cbf5a42ff240373239e1
97381281389,32710499842,Spelling,spelling,completed,success,2026-08-24T09:25:07Z,2026-08-24T09:25:14Z,7,7e983fbf8a9aaeea79e0d38d638251615703e04f
97378148930,32708605367,Spelling,spelling,completed,success,2026-08-24T09:10:19Z,2026-08-24T09:10:25Z,6,77dbab32f68242ba8461b38f787b264cf493b5ca
97374318153,32707870969,Spelling,spelling,completed,success,2026-08-24T08:51:12Z,2026-08-24T08:51:28Z,16,ba65e0ec6ddf9800c83794e7a31ca44cc8213395
97371550038,32707477086,Spelling,spelling,completed,success,2026-08-24T08:40:17Z,2026-08-24T08:40:26Z,9,4fc914b545d2a4002cadfd2e09936958db8dffa0
97367676410,32706180578,Spelling,spelling,completed,success,2026-08-24T08:24:52Z,2026-08-24T08:25:01Z,9,96af22676fa5fa1eb7be2b0cc0b2efc898c3263f
97361576199,32703816229,Spelling,spelling,completed,success,2026-08-24T08:06:46Z,2026-08-24T08:06:54Z,8,7d52a223a9f000976a4f82752e5d4070033b18e9
97361618110,32703706212,Spelling,spelling,completed,success,2026-08-24T08:04:34Z,2026-08-24T08:04:42Z,8,a569d2dc0f0c523f6cf44816ba6cbcb825528511
97356898721,32702554256,Spelling,spelling,completed,success,2026-08-24T07:43:37Z,2026-08-24T07:43:45Z,8,4f1ae0195d2e99061fc3fa97b76fba15d7383dc2
97355023731,32701911603,Spelling,spelling,completed,success,2026-08-24T07:31:58Z,2026-08-24T07:32:03Z,5,9a7871822991ae2f44714f4993e390b0efd26ec6
97355230466,32701423519,Spelling,spelling,completed,success,2026-08-24T07:33:41Z,2026-08-24T07:33:50Z,9,843621f75cb0b59a8fbb98f845bb06f6321894dd
97353500271,32701155967,Spelling,spelling,completed,success,2026-08-24T07:25:11Z,2026-08-24T07:25:18Z,7,5fb836c4d5d3565cfb9964cd206a9a0919124a64
97351021141,32700554230,Spelling,spelling,completed,success,2026-08-24T07:13:30Z,2026-08-24T07:13:40Z,10,9a08ce7fbdd601bb4f4cd96273449075f166ba71
97349313315,32699957834,Spelling,spelling,completed,success,2026-08-24T07:05:11Z,2026-08-24T07:05:17Z,6,9ce4894aedb415d3881f66fc876f6b0da2cd5a6c
97349486968,32699730688,Spelling,spelling,completed,success,2026-08-24T07:06:03Z,2026-08-24T07:06:11Z,8,dafcc136f0f22047b3555f0e3fc66c469f66cba9
97347542601,32699346037,Spelling,spelling,completed,success,2026-08-24T06:56:13Z,2026-08-24T06:56:20Z,7,d6dd235eaa708ca27c6bd1d91323ffdd4a5da271
97346759520,32699048604,Spelling,spelling,completed,success,2026-08-24T06:52:11Z,2026-08-24T06:52:21Z,10,5a95b67da8afe5da67390d9e0b5f85779aa23178
97345084082,32698476076,Spelling,spelling,completed,success,2026-08-24T06:43:27Z,2026-08-24T06:43:34Z,7,6be639c968ac77f14c130188738be32770b2469e
97345163966,32698031747,Spelling,spelling,completed,success,2026-08-24T06:43:53Z,2026-08-24T06:44:15Z,22,62bd26ce3e2959a6ba7dd008eb80d8ecb84da815
97345235113,32698003018,Spelling,spelling,completed,success,2026-08-24T06:47:11Z,2026-08-24T06:47:17Z,6,872fd3faaa1d163ae44a1aa34110a75d260cd0d2
97342791084,32697672215,Spelling,spelling,completed,success,2026-08-24T06:31:19Z,2026-08-24T06:31:27Z,8,769fa049ae9bf7b7cd73db3ac6cc7cd7203ad98a
97342953761,32697043783,Spelling,spelling,completed,success,2026-08-24T06:32:50Z,2026-08-24T06:32:58Z,8,0bee40a954cd3994de55b821fff25be267684b5e
97340995443,32696101983,Spelling,spelling,completed,success,2026-08-24T06:22:11Z,2026-08-24T06:22:20Z,9,73327a6112d99bc5c1bc4d91781b2b8153b67b47
97337304016,32695719004,Spelling,spelling,completed,success,2026-08-24T06:02:58Z,2026-08-24T06:03:07Z,9,b66b1ad13feb18bb4ccee9bb411598747eb47074
99470751957,33386673529,Spelling,spelling,completed,success,2026-08-31T11:22:49Z,2026-08-31T11:22:56Z,7,1b39b850ee06b7cc598b37d098f3136e7db809b2
99470638641,33386638623,Spelling,spelling,completed,success,2026-08-31T11:22:24Z,2026-08-31T11:22:32Z,8,681f70664e02e4691b07a2df5c46e1c6a7e31620
99470608753,33386629259,Spelling,spelling,completed,success,2026-08-31T11:22:09Z,2026-08-31T11:22:17Z,8,e03f11407486e2f0d8bf1b01c3f7d2ec4e8e2e8c
99468371129,33385625279,Spelling,spelling,completed,success,2026-08-31T11:12:52Z,2026-08-31T11:12:59Z,7,86f8d4200a345cdd4a9959f72d9807e88f01190b
99514421265,33400215382,Spelling,spelling,completed,success,2026-08-31T14:01:33Z,2026-08-31T14:01:42Z,9,444e7748487d8af03bcfd6bc86ce78d2841fd966
99501189587,33396198767,Spelling,spelling,completed,success,2026-08-31T13:18:01Z,2026-08-31T13:18:10Z,9,fc97089e7b46989ca3fb4c05275238221b5c3350
99494282136,33394070414,Spelling,spelling,completed,success,2026-08-31T12:54:02Z,2026-08-31T12:54:09Z,7,d9ac42be2e35ffb051c7c16c5f265f6fedd56b75
99478918936,33389286337,Spelling,spelling,completed,success,2026-08-31T12:22:07Z,2026-08-31T12:22:12Z,5,1100bb7f8c8d1f05098ce99b0e805514f0ae1e2a
