run_id,workflow,event,status,conclusion,created_at,updated_at,duration_seconds,head_sha
26625408796,Build,workflow_run,completed,action_required,2026-05-29T07:54:53Z,2026-05-29T07:54:53Z,0,a8dc7ffece98561f388b2ee34e715d9a97746920
26625221703,Build,workflow_run,completed,skipped,2026-05-29T07:50:30Z,2026-05-29T07:50:32Z,2,a8dc7ffece98561f388b2ee34e715d9a97746920
26625207847,Style,push,completed,success,2026-05-29T07:50:11Z,2026-05-29T07:51:28Z,77,a8dc7ffece98561f388b2ee34e715d9a97746920
26625207852,ci-no-onnx,push,completed,success,2026-05-29T07:50:11Z,2026-05-29T07:54:58Z,287,a8dc7ffece98561f388b2ee34e715d9a97746920
26625207862,Spelling,push,completed,success,2026-05-29T07:50:11Z,2026-05-29T07:55:02Z,291,a8dc7ffece98561f388b2ee34e715d9a97746920
26625207808,Standalone example,push,completed,success,2026-05-29T07:50:11Z,2026-05-29T07:55:19Z,308,a8dc7ffece98561f388b2ee34e715d9a97746920
26625207854,clang-format,push,completed,success,2026-05-29T07:50:11Z,2026-05-29T07:55:30Z,319,a8dc7ffece98561f388b2ee34e715d9a97746920
26625195617,ci-1-core,pull_request,completed,action_required,2026-05-29T07:49:54Z,2026-05-29T07:49:54Z,0,ec3f3a5ecb5b35570fad669c8661cb503c413e52
26625195583,clang-format,pull_request,completed,action_required,2026-05-29T07:49:54Z,2026-05-29T07:49:54Z,0,ec3f3a5ecb5b35570fad669c8661cb503c413e52
26625195597,ci-debug-ubuntu,pull_request,completed,action_required,2026-05-29T07:49:54Z,2026-05-29T07:49:54Z,0,ec3f3a5ecb5b35570fad669c8661cb503c413e52
26625195573,Style,pull_request,completed,action_required,2026-05-29T07:49:54Z,2026-05-29T07:49:54Z,0,ec3f3a5ecb5b35570fad669c8661cb503c413e52
26625195606,Pyrefly,pull_request,completed,action_required,2026-05-29T07:49:54Z,2026-05-29T07:49:54Z,0,ec3f3a5ecb5b35570fad669c8661cb503c413e52
26625195584,Mypy,pull_request,completed,action_required,2026-05-29T07:49:54Z,2026-05-29T07:49:54Z,0,ec3f3a5ecb5b35570fad669c8661cb503c413e52
26625195588,Standalone example,pull_request,completed,action_required,2026-05-29T07:49:54Z,2026-05-29T07:49:54Z,0,ec3f3a5ecb5b35570fad669c8661cb503c413e52
26625195576,ci-no-onnx,pull_request,completed,action_required,2026-05-29T07:49:54Z,2026-05-29T07:49:54Z,0,ec3f3a5ecb5b35570fad669c8661cb503c413e52
26625195574,Spelling,pull_request,completed,action_required,2026-05-29T07:49:54Z,2026-05-29T07:49:54Z,0,ec3f3a5ecb5b35570fad669c8661cb503c413e52
26625038917,Build,workflow_run,completed,skipped,2026-05-29T07:46:16Z,2026-05-29T07:46:18Z,2,d2d29cf6ec7a335bee888efe4749c8b1b2fcaebe
26624999417,clang-format,push,completed,success,2026-05-29T07:45:22Z,2026-05-29T07:45:33Z,11,d2d29cf6ec7a335bee888efe4749c8b1b2fcaebe
26624999428,Spelling,push,completed,success,2026-05-29T07:45:22Z,2026-05-29T07:45:32Z,10,d2d29cf6ec7a335bee888efe4749c8b1b2fcaebe
26624999434,Style,push,completed,success,2026-05-29T07:45:22Z,2026-05-29T07:45:36Z,14,d2d29cf6ec7a335bee888efe4749c8b1b2fcaebe
26624999405,ci-no-onnx,push,completed,success,2026-05-29T07:45:22Z,2026-05-29T07:50:03Z,281,d2d29cf6ec7a335bee888efe4749c8b1b2fcaebe
26624999402,ci-debug-ubuntu,push,completed,cancelled,2026-05-29T07:45:22Z,2026-05-29T07:50:28Z,306,d2d29cf6ec7a335bee888efe4749c8b1b2fcaebe
26624999426,Pyrefly,push,completed,cancelled,2026-05-29T07:45:22Z,2026-05-29T07:50:19Z,297,d2d29cf6ec7a335bee888efe4749c8b1b2fcaebe
26624999407,Mypy,push,completed,cancelled,2026-05-29T07:45:22Z,2026-05-29T07:50:19Z,297,d2d29cf6ec7a335bee888efe4749c8b1b2fcaebe
26624999415,Standalone example,push,completed,cancelled,2026-05-29T07:45:22Z,2026-05-29T07:50:22Z,300,d2d29cf6ec7a335bee888efe4749c8b1b2fcaebe
26624999424,ci-1-core,push,completed,cancelled,2026-05-29T07:45:22Z,2026-05-29T07:50:27Z,305,d2d29cf6ec7a335bee888efe4749c8b1b2fcaebe
26624871519,clang-format,pull_request,completed,success,2026-05-29T07:42:11Z,2026-05-29T07:50:11Z,480,5e7f59d09684319ac31e964f7d9be1739027db8e
26624871495,Style,pull_request,completed,success,2026-05-29T07:42:11Z,2026-05-29T07:51:36Z,565,5e7f59d09684319ac31e964f7d9be1739027db8e
26624871493,ci-debug-ubuntu,pull_request,completed,success,2026-05-29T07:42:11Z,2026-05-29T07:53:03Z,652,5e7f59d09684319ac31e964f7d9be1739027db8e
26624871523,Pyrefly,pull_request,completed,success,2026-05-29T07:42:11Z,2026-05-29T07:54:48Z,757,5e7f59d09684319ac31e964f7d9be1739027db8e
26624871513,ci-no-onnx,pull_request,completed,success,2026-05-29T07:42:11Z,2026-05-29T07:55:27Z,796,5e7f59d09684319ac31e964f7d9be1739027db8e
26624871527,Spelling,pull_request,completed,success,2026-05-29T07:42:11Z,2026-05-29T07:55:31Z,800,5e7f59d09684319ac31e964f7d9be1739027db8e
26624856515,Style,pull_request,completed,success,2026-05-29T07:41:49Z,2026-05-29T07:46:20Z,271,893d83d58c42c1616b7982b1b4c058288f6f2f4f
26624856492,Spelling,pull_request,completed,success,2026-05-29T07:41:49Z,2026-05-29T07:46:20Z,271,893d83d58c42c1616b7982b1b4c058288f6f2f4f
26624856535,clang-format,pull_request,completed,success,2026-05-29T07:41:49Z,2026-05-29T07:46:31Z,282,893d83d58c42c1616b7982b1b4c058288f6f2f4f
26624856555,Pyrefly,pull_request,completed,success,2026-05-29T07:41:49Z,2026-05-29T07:50:02Z,493,893d83d58c42c1616b7982b1b4c058288f6f2f4f
26624856536,Mypy,pull_request,completed,success,2026-05-29T07:41:49Z,2026-05-29T07:50:57Z,548,893d83d58c42c1616b7982b1b4c058288f6f2f4f
26624856512,Standalone example,pull_request,completed,success,2026-05-29T07:41:49Z,2026-05-29T07:51:04Z,555,893d83d58c42c1616b7982b1b4c058288f6f2f4f
26624856534,ci-no-onnx,pull_request,completed,success,2026-05-29T07:41:49Z,2026-05-29T07:51:20Z,571,893d83d58c42c1616b7982b1b4c058288f6f2f4f
26624856511,ci-debug-ubuntu,pull_request,completed,success,2026-05-29T07:41:49Z,2026-05-29T07:53:00Z,671,893d83d58c42c1616b7982b1b4c058288f6f2f4f
26624823646,Build,workflow_run,completed,action_required,2026-05-29T07:41:03Z,2026-05-29T07:41:03Z,0,b62b5d4466e70331baedd064467d0c9d45bbb863
26624806233,Build,workflow_run,completed,action_required,2026-05-29T07:40:39Z,2026-05-29T07:40:39Z,0,b62b5d4466e70331baedd064467d0c9d45bbb863
26624775782,Addressing comment on PR #1255,dynamic,completed,success,2026-05-29T07:39:58Z,2026-05-29T07:42:34Z,156,58c343067d0a34efa46a1a46e945dd5fada4a8e8
26624591454,Build,workflow_run,completed,action_required,2026-05-29T07:35:35Z,2026-05-29T07:35:35Z,0,b62b5d4466e70331baedd064467d0c9d45bbb863
26624472986,Build,workflow_run,completed,skipped,2026-05-29T07:32:48Z,2026-05-29T07:32:49Z,1,b62b5d4466e70331baedd064467d0c9d45bbb863
26624459912,clang-format,push,completed,success,2026-05-29T07:32:30Z,2026-05-29T07:32:43Z,13,b62b5d4466e70331baedd064467d0c9d45bbb863
26624459934,Spelling,push,completed,success,2026-05-29T07:32:30Z,2026-05-29T07:32:40Z,10,b62b5d4466e70331baedd064467d0c9d45bbb863
26624459915,Style,push,completed,success,2026-05-29T07:32:30Z,2026-05-29T07:32:41Z,11,b62b5d4466e70331baedd064467d0c9d45bbb863
26624459939,ci-no-onnx,push,completed,success,2026-05-29T07:32:30Z,2026-05-29T07:37:20Z,290,b62b5d4466e70331baedd064467d0c9d45bbb863
26624459944,Standalone example,push,completed,success,2026-05-29T07:32:30Z,2026-05-29T07:37:34Z,304,b62b5d4466e70331baedd064467d0c9d45bbb863
26624459955,ci-debug-ubuntu,push,completed,success,2026-05-29T07:32:30Z,2026-05-29T07:39:36Z,426,b62b5d4466e70331baedd064467d0c9d45bbb863
26624459893,Pyrefly,push,completed,success,2026-05-29T07:32:30Z,2026-05-29T07:37:50Z,320,b62b5d4466e70331baedd064467d0c9d45bbb863
26624459986,Mypy,push,completed,success,2026-05-29T07:32:30Z,2026-05-29T07:37:39Z,309,b62b5d4466e70331baedd064467d0c9d45bbb863
26624459889,ci-1-core,push,completed,cancelled,2026-05-29T07:32:30Z,2026-05-29T07:46:14Z,824,b62b5d4466e70331baedd064467d0c9d45bbb863
26624451436,Addressing comment on PR #1251,dynamic,completed,success,2026-05-29T07:32:18Z,2026-05-29T07:42:21Z,603,8f10db9a144c059be171f540bf37730929f1a8c8
26624430328,Build,workflow_run,completed,skipped,2026-05-29T07:31:48Z,2026-05-29T07:31:49Z,1,5e22cfe90623b877b58297b938f7545aceb0a9da
26624414691,Spelling,push,completed,success,2026-05-29T07:31:27Z,2026-05-29T07:31:36Z,9,5e22cfe90623b877b58297b938f7545aceb0a9da
26624414811,Style,push,completed,success,2026-05-29T07:31:27Z,2026-05-29T07:31:38Z,11,5e22cfe90623b877b58297b938f7545aceb0a9da
26624414853,clang-format,push,completed,success,2026-05-29T07:31:27Z,2026-05-29T07:31:39Z,12,5e22cfe90623b877b58297b938f7545aceb0a9da
26624414851,ci-1-core,push,completed,cancelled,2026-05-29T07:31:27Z,2026-05-29T07:32:46Z,79,5e22cfe90623b877b58297b938f7545aceb0a9da
26624414753,ci-debug-ubuntu,push,completed,cancelled,2026-05-29T07:31:27Z,2026-05-29T07:32:47Z,80,5e22cfe90623b877b58297b938f7545aceb0a9da
26624414774,Pyrefly,push,completed,cancelled,2026-05-29T07:31:27Z,2026-05-29T07:32:47Z,80,5e22cfe90623b877b58297b938f7545aceb0a9da
26624414756,ci-no-onnx,push,completed,cancelled,2026-05-29T07:31:27Z,2026-05-29T07:32:46Z,79,5e22cfe90623b877b58297b938f7545aceb0a9da
26624414766,Standalone example,push,completed,cancelled,2026-05-29T07:31:27Z,2026-05-29T07:32:46Z,79,5e22cfe90623b877b58297b938f7545aceb0a9da
26624414715,Mypy,push,completed,cancelled,2026-05-29T07:31:27Z,2026-05-29T07:32:46Z,79,5e22cfe90623b877b58297b938f7545aceb0a9da
26624302353,Build,workflow_run,completed,action_required,2026-05-29T07:28:53Z,2026-05-29T07:28:53Z,0,ae0aafa8a3216648f3dc92e3662cce51e321d578
26623763200,Build,workflow_run,completed,skipped,2026-05-29T07:15:46Z,2026-05-29T07:15:48Z,2,ae0aafa8a3216648f3dc92e3662cce51e321d578
26623749944,ci-1-core,push,completed,cancelled,2026-05-29T07:15:26Z,2026-05-29T07:31:46Z,980,ae0aafa8a3216648f3dc92e3662cce51e321d578
26623750094,Spelling,push,completed,success,2026-05-29T07:15:26Z,2026-05-29T07:15:38Z,12,ae0aafa8a3216648f3dc92e3662cce51e321d578
26623749984,Style,push,completed,success,2026-05-29T07:15:26Z,2026-05-29T07:15:38Z,12,ae0aafa8a3216648f3dc92e3662cce51e321d578
26623750004,clang-format,push,completed,success,2026-05-29T07:15:26Z,2026-05-29T07:15:40Z,14,ae0aafa8a3216648f3dc92e3662cce51e321d578
26623749967,ci-no-onnx,push,completed,success,2026-05-29T07:15:26Z,2026-05-29T07:20:23Z,297,ae0aafa8a3216648f3dc92e3662cce51e321d578
26623749943,Pyrefly,push,completed,success,2026-05-29T07:15:26Z,2026-05-29T07:20:10Z,284,ae0aafa8a3216648f3dc92e3662cce51e321d578
26623749965,Standalone example,push,completed,success,2026-05-29T07:15:26Z,2026-05-29T07:20:19Z,293,ae0aafa8a3216648f3dc92e3662cce51e321d578
26623749991,Mypy,push,completed,success,2026-05-29T07:15:26Z,2026-05-29T07:20:32Z,306,ae0aafa8a3216648f3dc92e3662cce51e321d578
26623750017,ci-debug-ubuntu,push,completed,success,2026-05-29T07:15:26Z,2026-05-29T07:22:00Z,394,ae0aafa8a3216648f3dc92e3662cce51e321d578
26623719984,clang-format,push,completed,success,2026-05-29T07:14:44Z,2026-05-29T07:14:58Z,14,ec56e31e6fce01c4f15988d9de6a334d22042c10
26623719946,Style,push,completed,success,2026-05-29T07:14:44Z,2026-05-29T07:14:55Z,11,ec56e31e6fce01c4f15988d9de6a334d22042c10
26623719958,Spelling,push,completed,success,2026-05-29T07:14:44Z,2026-05-29T07:14:59Z,15,ec56e31e6fce01c4f15988d9de6a334d22042c10
26623719985,Mypy,push,completed,cancelled,2026-05-29T07:14:44Z,2026-05-29T07:15:44Z,60,ec56e31e6fce01c4f15988d9de6a334d22042c10
26623719993,ci-debug-ubuntu,push,completed,cancelled,2026-05-29T07:14:44Z,2026-05-29T07:15:42Z,58,ec56e31e6fce01c4f15988d9de6a334d22042c10
26623719920,Pyrefly,push,completed,cancelled,2026-05-29T07:14:44Z,2026-05-29T07:15:43Z,59,ec56e31e6fce01c4f15988d9de6a334d22042c10
26623719919,Standalone example,push,completed,cancelled,2026-05-29T07:14:44Z,2026-05-29T07:15:43Z,59,ec56e31e6fce01c4f15988d9de6a334d22042c10
26623719930,ci-no-onnx,push,completed,cancelled,2026-05-29T07:14:44Z,2026-05-29T07:15:43Z,59,ec56e31e6fce01c4f15988d9de6a334d22042c10
26623719970,ci-1-core,push,completed,cancelled,2026-05-29T07:14:44Z,2026-05-29T07:15:44Z,60,ec56e31e6fce01c4f15988d9de6a334d22042c10
26623719979,Documentation,push,completed,success,2026-05-29T07:14:44Z,2026-05-29T07:23:31Z,527,ec56e31e6fce01c4f15988d9de6a334d22042c10
26608581917,Standalone example,pull_request,completed,action_required,2026-05-28T23:34:35Z,2026-05-28T23:34:35Z,0,0999d418eb26a2864ddab036e1dfdcd62e7b960e
26608581926,Spelling,pull_request,completed,action_required,2026-05-28T23:34:35Z,2026-05-28T23:34:35Z,0,0999d418eb26a2864ddab036e1dfdcd62e7b960e
26608581927,ci-1-core,pull_request,completed,action_required,2026-05-28T23:34:35Z,2026-05-28T23:34:35Z,0,0999d418eb26a2864ddab036e1dfdcd62e7b960e
26608581909,Mypy,pull_request,completed,action_required,2026-05-28T23:34:35Z,2026-05-28T23:34:35Z,0,0999d418eb26a2864ddab036e1dfdcd62e7b960e
26608581932,clang-format,pull_request,completed,action_required,2026-05-28T23:34:35Z,2026-05-28T23:34:35Z,0,0999d418eb26a2864ddab036e1dfdcd62e7b960e
26608581912,ci-debug-ubuntu,pull_request,completed,action_required,2026-05-28T23:34:35Z,2026-05-28T23:34:35Z,0,0999d418eb26a2864ddab036e1dfdcd62e7b960e
26608581922,ci-no-onnx,pull_request,completed,action_required,2026-05-28T23:34:35Z,2026-05-28T23:34:35Z,0,0999d418eb26a2864ddab036e1dfdcd62e7b960e
26608581925,Style,pull_request,completed,action_required,2026-05-28T23:34:35Z,2026-05-28T23:34:35Z,0,0999d418eb26a2864ddab036e1dfdcd62e7b960e
26608581950,Pyrefly,pull_request,completed,action_required,2026-05-28T23:34:35Z,2026-05-28T23:34:35Z,0,0999d418eb26a2864ddab036e1dfdcd62e7b960e
26608328994,Style,pull_request,completed,success,2026-05-28T23:27:58Z,2026-05-29T07:33:02Z,29104,58c343067d0a34efa46a1a46e945dd5fada4a8e8
26608328951,Spelling,pull_request,completed,success,2026-05-28T23:27:58Z,2026-05-29T07:32:56Z,29098,58c343067d0a34efa46a1a46e945dd5fada4a8e8
26608328946,clang-format,pull_request,completed,success,2026-05-28T23:27:58Z,2026-05-29T07:33:00Z,29102,58c343067d0a34efa46a1a46e945dd5fada4a8e8
26608328956,Pyrefly,pull_request,completed,success,2026-05-28T23:27:58Z,2026-05-29T07:37:13Z,29355,58c343067d0a34efa46a1a46e945dd5fada4a8e8
26608328961,ci-no-onnx,pull_request,completed,failure,2026-05-28T23:27:58Z,2026-05-29T07:37:38Z,29380,58c343067d0a34efa46a1a46e945dd5fada4a8e8
26608328960,Mypy,pull_request,completed,success,2026-05-28T23:27:58Z,2026-05-29T07:37:38Z,29380,58c343067d0a34efa46a1a46e945dd5fada4a8e8
26608328967,Standalone example,pull_request,completed,success,2026-05-28T23:27:58Z,2026-05-29T07:37:39Z,29381,58c343067d0a34efa46a1a46e945dd5fada4a8e8
26608328986,ci-debug-ubuntu,pull_request,completed,failure,2026-05-28T23:27:58Z,2026-05-29T07:39:46Z,29508,58c343067d0a34efa46a1a46e945dd5fada4a8e8
26608328955,ci-1-core,pull_request,completed,failure,2026-05-28T23:27:58Z,2026-05-29T07:40:37Z,29559,58c343067d0a34efa46a1a46e945dd5fada4a8e8
26608250540,Spelling,pull_request,completed,success,2026-05-28T23:25:53Z,2026-05-29T07:40:51Z,29698,1204f00a8199b0b2e8100f8e2a8aaabd55a263f4
26608250531,Style,pull_request,completed,success,2026-05-28T23:25:53Z,2026-05-29T07:40:48Z,29695,1204f00a8199b0b2e8100f8e2a8aaabd55a263f4
26608250551,clang-format,pull_request,completed,success,2026-05-28T23:25:53Z,2026-05-29T07:40:49Z,29696,1204f00a8199b0b2e8100f8e2a8aaabd55a263f4
26608250539,Mypy,pull_request,completed,success,2026-05-28T23:25:53Z,2026-05-29T07:45:09Z,29956,1204f00a8199b0b2e8100f8e2a8aaabd55a263f4
26608250548,Standalone example,pull_request,completed,success,2026-05-28T23:25:53Z,2026-05-29T07:45:34Z,29981,1204f00a8199b0b2e8100f8e2a8aaabd55a263f4
26608250538,ci-no-onnx,pull_request,completed,success,2026-05-28T23:25:53Z,2026-05-29T07:45:21Z,29968,1204f00a8199b0b2e8100f8e2a8aaabd55a263f4
26608250530,Pyrefly,pull_request,completed,success,2026-05-28T23:25:53Z,2026-05-29T07:45:19Z,29966,1204f00a8199b0b2e8100f8e2a8aaabd55a263f4
26608250549,ci-debug-ubuntu,pull_request,completed,success,2026-05-28T23:25:53Z,2026-05-29T07:47:49Z,30116,1204f00a8199b0b2e8100f8e2a8aaabd55a263f4
26608203857,Spelling,pull_request,completed,success,2026-05-28T23:24:36Z,2026-05-29T07:37:31Z,29575,f99cd5c9854b5c1d9ae62d8dfd9abacf2b15b536
26608203875,clang-format,pull_request,completed,success,2026-05-28T23:24:36Z,2026-05-29T07:37:33Z,29577,f99cd5c9854b5c1d9ae62d8dfd9abacf2b15b536
26608203852,Style,pull_request,completed,success,2026-05-28T23:24:36Z,2026-05-29T07:38:14Z,29618,f99cd5c9854b5c1d9ae62d8dfd9abacf2b15b536
26608203858,Standalone example,pull_request,completed,success,2026-05-28T23:24:36Z,2026-05-29T07:40:14Z,29738,f99cd5c9854b5c1d9ae62d8dfd9abacf2b15b536
26608203840,Pyrefly,pull_request,completed,success,2026-05-28T23:24:36Z,2026-05-29T07:41:53Z,29837,f99cd5c9854b5c1d9ae62d8dfd9abacf2b15b536
26608203838,Mypy,pull_request,completed,success,2026-05-28T23:24:36Z,2026-05-29T07:42:39Z,29883,f99cd5c9854b5c1d9ae62d8dfd9abacf2b15b536
26608203859,ci-no-onnx,pull_request,completed,success,2026-05-28T23:24:36Z,2026-05-29T07:42:06Z,29850,f99cd5c9854b5c1d9ae62d8dfd9abacf2b15b536
26608203865,ci-debug-ubuntu,pull_request,completed,success,2026-05-28T23:24:36Z,2026-05-29T07:45:11Z,30035,f99cd5c9854b5c1d9ae62d8dfd9abacf2b15b536
26608186796,Running Copilot cloud agent,dynamic,completed,success,2026-05-28T23:24:09Z,2026-05-28T23:38:04Z,835,204198004586d46465fb3ac510d0543cf2408eda
26608041864,Build,workflow_run,completed,action_required,2026-05-28T23:20:14Z,2026-05-28T23:20:14Z,0,1a5898dd9a4daf1f3d2e153023117ec60a8610bf
26608007122,clang-format,pull_request,completed,success,2026-05-28T23:19:18Z,2026-05-29T07:33:27Z,29649,01e712b050566520b5e98d10b437be7800aa1e14
26608007165,Style,pull_request,completed,success,2026-05-28T23:19:18Z,2026-05-29T07:34:28Z,29710,01e712b050566520b5e98d10b437be7800aa1e14
26608007136,Spelling,pull_request,completed,success,2026-05-28T23:19:18Z,2026-05-29T07:37:21Z,29883,01e712b050566520b5e98d10b437be7800aa1e14
26608007153,ci-no-onnx,pull_request,completed,success,2026-05-28T23:19:18Z,2026-05-29T07:39:10Z,29992,01e712b050566520b5e98d10b437be7800aa1e14
26608007119,Pyrefly,pull_request,completed,success,2026-05-28T23:19:18Z,2026-05-29T07:40:13Z,30055,01e712b050566520b5e98d10b437be7800aa1e14
26608007148,ci-debug-ubuntu,pull_request,completed,success,2026-05-28T23:19:18Z,2026-05-29T07:40:16Z,30058,01e712b050566520b5e98d10b437be7800aa1e14
26608007170,Mypy,pull_request,completed,success,2026-05-28T23:19:18Z,2026-05-29T07:42:22Z,30184,01e712b050566520b5e98d10b437be7800aa1e14
26608007156,Standalone example,pull_request,completed,success,2026-05-28T23:19:18Z,2026-05-29T07:42:46Z,30208,01e712b050566520b5e98d10b437be7800aa1e14
26608007138,ci-1-core,pull_request,completed,success,2026-05-28T23:19:18Z,2026-05-29T07:54:51Z,30933,01e712b050566520b5e98d10b437be7800aa1e14
26607848300,Running Copilot cloud agent,dynamic,completed,success,2026-05-28T23:14:53Z,2026-05-28T23:28:38Z,825,3016a5d9b187bbfef73d4791ec1fc1564d1323f1
26607785819,Running Copilot cloud agent,dynamic,completed,success,2026-05-28T23:13:09Z,2026-05-28T23:24:57Z,708,f38a028a9beaf42bc7f38c7db1bf4602f83c2390
26607783627,Running Copilot cloud agent,dynamic,completed,success,2026-05-28T23:13:05Z,2026-05-28T23:29:22Z,977,f597688a2f3abd5240a60f57caaed249834e6ad8
26607754421,clang-format,pull_request,completed,success,2026-05-28T23:12:18Z,2026-05-29T07:20:02Z,29264,8f10db9a144c059be171f540bf37730929f1a8c8
26607754424,Style,pull_request,completed,success,2026-05-28T23:12:18Z,2026-05-29T07:20:20Z,29282,8f10db9a144c059be171f540bf37730929f1a8c8
26607754426,Spelling,pull_request,completed,success,2026-05-28T23:12:18Z,2026-05-29T07:20:14Z,29276,8f10db9a144c059be171f540bf37730929f1a8c8
26607754422,Pyrefly,pull_request,completed,success,2026-05-28T23:12:18Z,2026-05-29T07:24:08Z,29510,8f10db9a144c059be171f540bf37730929f1a8c8
26607754420,Standalone example,pull_request,completed,success,2026-05-28T23:12:18Z,2026-05-29T07:24:00Z,29502,8f10db9a144c059be171f540bf37730929f1a8c8
26607754386,ci-no-onnx,pull_request,completed,success,2026-05-28T23:12:18Z,2026-05-29T07:24:25Z,29527,8f10db9a144c059be171f540bf37730929f1a8c8
26607754403,Mypy,pull_request,completed,success,2026-05-28T23:12:18Z,2026-05-29T07:24:31Z,29533,8f10db9a144c059be171f540bf37730929f1a8c8
26607754382,ci-debug-ubuntu,pull_request,completed,failure,2026-05-28T23:12:18Z,2026-05-29T07:26:05Z,29627,8f10db9a144c059be171f540bf37730929f1a8c8
26607754400,ci-1-core,pull_request,completed,failure,2026-05-28T23:12:18Z,2026-05-29T07:28:50Z,29792,8f10db9a144c059be171f540bf37730929f1a8c8
26607633809,ci-1-core,pull_request,completed,success,2026-05-28T23:09:02Z,2026-05-29T07:35:32Z,30390,5fc05b1d3f0f361a6398800dbb5187ffef37c81e
26607633837,Spelling,pull_request,completed,success,2026-05-28T23:09:02Z,2026-05-29T07:16:18Z,29236,5fc05b1d3f0f361a6398800dbb5187ffef37c81e
26607633817,Style,pull_request,completed,success,2026-05-28T23:09:02Z,2026-05-29T07:16:20Z,29238,5fc05b1d3f0f361a6398800dbb5187ffef37c81e
26607633781,clang-format,pull_request,completed,success,2026-05-28T23:09:02Z,2026-05-29T07:16:20Z,29238,5fc05b1d3f0f361a6398800dbb5187ffef37c81e
26607633890,Standalone example,pull_request,completed,success,2026-05-28T23:09:02Z,2026-05-29T07:20:48Z,29506,5fc05b1d3f0f361a6398800dbb5187ffef37c81e
26607633849,Mypy,pull_request,completed,success,2026-05-28T23:09:02Z,2026-05-29T07:20:43Z,29501,5fc05b1d3f0f361a6398800dbb5187ffef37c81e
26607633859,Pyrefly,pull_request,completed,success,2026-05-28T23:09:02Z,2026-05-29T07:20:51Z,29509,5fc05b1d3f0f361a6398800dbb5187ffef37c81e
26607633813,ci-no-onnx,pull_request,completed,success,2026-05-28T23:09:02Z,2026-05-29T07:20:40Z,29498,5fc05b1d3f0f361a6398800dbb5187ffef37c81e
26607633836,ci-debug-ubuntu,pull_request,completed,success,2026-05-28T23:09:02Z,2026-05-29T07:22:47Z,29625,5fc05b1d3f0f361a6398800dbb5187ffef37c81e
26607625451,Build,workflow_run,completed,action_required,2026-05-28T23:08:49Z,2026-05-28T23:08:49Z,0,1a5898dd9a4daf1f3d2e153023117ec60a8610bf
26607470193,Pyrefly,pull_request,completed,action_required,2026-05-28T23:04:41Z,2026-05-28T23:04:41Z,0,204198004586d46465fb3ac510d0543cf2408eda
26607470246,Standalone example,pull_request,completed,action_required,2026-05-28T23:04:41Z,2026-05-28T23:04:41Z,0,204198004586d46465fb3ac510d0543cf2408eda
26607470120,ci-no-onnx,pull_request,completed,action_required,2026-05-28T23:04:40Z,2026-05-28T23:04:40Z,0,204198004586d46465fb3ac510d0543cf2408eda
26607470142,Style,pull_request,completed,action_required,2026-05-28T23:04:40Z,2026-05-28T23:04:40Z,0,204198004586d46465fb3ac510d0543cf2408eda
26607470167,Mypy,pull_request,completed,action_required,2026-05-28T23:04:40Z,2026-05-28T23:04:40Z,0,204198004586d46465fb3ac510d0543cf2408eda
26607470169,Spelling,pull_request,completed,action_required,2026-05-28T23:04:40Z,2026-05-28T23:04:40Z,0,204198004586d46465fb3ac510d0543cf2408eda
26607470114,ci-debug-ubuntu,pull_request,completed,action_required,2026-05-28T23:04:40Z,2026-05-28T23:04:40Z,0,204198004586d46465fb3ac510d0543cf2408eda
26607470138,clang-format,pull_request,completed,action_required,2026-05-28T23:04:40Z,2026-05-28T23:04:40Z,0,204198004586d46465fb3ac510d0543cf2408eda
26607470171,ci-1-core,pull_request,completed,action_required,2026-05-28T23:04:40Z,2026-05-28T23:04:40Z,0,204198004586d46465fb3ac510d0543cf2408eda
26607416276,Spelling,pull_request,completed,success,2026-05-28T23:03:11Z,2026-05-29T07:20:33Z,29842,97190a5759e5d1f3c27c1ba8900ceaa7f0d7b627
26607416432,Style,pull_request,completed,success,2026-05-28T23:03:11Z,2026-05-29T07:20:42Z,29851,97190a5759e5d1f3c27c1ba8900ceaa7f0d7b627
26607416317,clang-format,pull_request,completed,success,2026-05-28T23:03:11Z,2026-05-29T07:20:44Z,29853,97190a5759e5d1f3c27c1ba8900ceaa7f0d7b627
26607416269,Standalone example,pull_request,completed,success,2026-05-28T23:03:11Z,2026-05-29T07:25:02Z,30111,97190a5759e5d1f3c27c1ba8900ceaa7f0d7b627
26607416282,Mypy,pull_request,completed,success,2026-05-28T23:03:11Z,2026-05-29T07:24:53Z,30102,97190a5759e5d1f3c27c1ba8900ceaa7f0d7b627
26607416274,ci-no-onnx,pull_request,completed,success,2026-05-28T23:03:11Z,2026-05-29T07:25:00Z,30109,97190a5759e5d1f3c27c1ba8900ceaa7f0d7b627
26607416453,Pyrefly,pull_request,completed,success,2026-05-28T23:03:11Z,2026-05-29T07:25:31Z,30140,97190a5759e5d1f3c27c1ba8900ceaa7f0d7b627
26607416336,ci-debug-ubuntu,pull_request,completed,success,2026-05-28T23:03:11Z,2026-05-29T07:27:26Z,30255,97190a5759e5d1f3c27c1ba8900ceaa7f0d7b627
26607416283,ci-1-core,pull_request,completed,success,2026-05-28T23:03:11Z,2026-05-29T07:41:01Z,31070,97190a5759e5d1f3c27c1ba8900ceaa7f0d7b627
26607319241,Running Copilot cloud agent,dynamic,completed,success,2026-05-28T23:00:36Z,2026-05-28T23:22:54Z,1338,224074f956802a8308ff51884e02916422774408
26607269786,clang-format,pull_request,completed,success,2026-05-28T22:59:28Z,2026-05-28T23:00:39Z,71,c21830e98e6dc42f660f5764b72424c7e559436f
26607269781,Style,pull_request,completed,success,2026-05-28T22:59:28Z,2026-05-28T23:00:39Z,71,c21830e98e6dc42f660f5764b72424c7e559436f
26607269779,Spelling,pull_request,completed,success,2026-05-28T22:59:28Z,2026-05-28T23:00:40Z,72,c21830e98e6dc42f660f5764b72424c7e559436f
26607269783,ci-1-core,pull_request,completed,success,2026-05-28T22:59:28Z,2026-05-28T23:20:12Z,1244,c21830e98e6dc42f660f5764b72424c7e559436f
26607269784,ci-no-onnx,pull_request,completed,success,2026-05-28T22:59:28Z,2026-05-28T23:05:03Z,335,c21830e98e6dc42f660f5764b72424c7e559436f
26607269804,Pyrefly,pull_request,completed,success,2026-05-28T22:59:28Z,2026-05-28T23:05:10Z,342,c21830e98e6dc42f660f5764b72424c7e559436f
26607269788,Standalone example,pull_request,completed,success,2026-05-28T22:59:28Z,2026-05-28T23:05:22Z,354,c21830e98e6dc42f660f5764b72424c7e559436f
26607269787,Mypy,pull_request,completed,success,2026-05-28T22:59:28Z,2026-05-28T23:05:15Z,347,c21830e98e6dc42f660f5764b72424c7e559436f
26607269785,ci-debug-ubuntu,pull_request,completed,success,2026-05-28T22:59:28Z,2026-05-28T23:07:29Z,481,c21830e98e6dc42f660f5764b72424c7e559436f
26607040894,ci-1-core,pull_request,completed,action_required,2026-05-28T22:53:37Z,2026-05-28T22:53:37Z,0,f597688a2f3abd5240a60f57caaed249834e6ad8
26607040938,ci-no-onnx,pull_request,completed,action_required,2026-05-28T22:53:37Z,2026-05-28T22:53:37Z,0,f597688a2f3abd5240a60f57caaed249834e6ad8
26607040934,Pyrefly,pull_request,completed,action_required,2026-05-28T22:53:37Z,2026-05-28T22:53:37Z,0,f597688a2f3abd5240a60f57caaed249834e6ad8
26607040941,Mypy,pull_request,completed,action_required,2026-05-28T22:53:37Z,2026-05-28T22:53:37Z,0,f597688a2f3abd5240a60f57caaed249834e6ad8
26607040952,Style,pull_request,completed,action_required,2026-05-28T22:53:37Z,2026-05-28T22:53:37Z,0,f597688a2f3abd5240a60f57caaed249834e6ad8
26607041001,clang-format,pull_request,completed,action_required,2026-05-28T22:53:37Z,2026-05-28T22:53:37Z,0,f597688a2f3abd5240a60f57caaed249834e6ad8
26607040530,Spelling,pull_request,completed,action_required,2026-05-28T22:53:36Z,2026-05-28T22:53:36Z,0,f597688a2f3abd5240a60f57caaed249834e6ad8
26607040559,Standalone example,pull_request,completed,action_required,2026-05-28T22:53:36Z,2026-05-28T22:53:36Z,0,f597688a2f3abd5240a60f57caaed249834e6ad8
26607040555,ci-debug-ubuntu,pull_request,completed,action_required,2026-05-28T22:53:36Z,2026-05-28T22:53:36Z,0,f597688a2f3abd5240a60f57caaed249834e6ad8
26606994560,Style,pull_request,completed,action_required,2026-05-28T22:52:23Z,2026-05-28T22:52:23Z,0,3016a5d9b187bbfef73d4791ec1fc1564d1323f1
26606994570,ci-no-onnx,pull_request,completed,action_required,2026-05-28T22:52:23Z,2026-05-28T22:52:23Z,0,3016a5d9b187bbfef73d4791ec1fc1564d1323f1
26606994561,ci-1-core,pull_request,completed,action_required,2026-05-28T22:52:23Z,2026-05-28T22:52:23Z,0,3016a5d9b187bbfef73d4791ec1fc1564d1323f1
26606994584,Mypy,pull_request,completed,action_required,2026-05-28T22:52:23Z,2026-05-28T22:52:23Z,0,3016a5d9b187bbfef73d4791ec1fc1564d1323f1
26606994585,clang-format,pull_request,completed,action_required,2026-05-28T22:52:23Z,2026-05-28T22:52:23Z,0,3016a5d9b187bbfef73d4791ec1fc1564d1323f1
26606994565,ci-debug-ubuntu,pull_request,completed,action_required,2026-05-28T22:52:23Z,2026-05-28T22:52:23Z,0,3016a5d9b187bbfef73d4791ec1fc1564d1323f1
26606994596,Spelling,pull_request,completed,action_required,2026-05-28T22:52:23Z,2026-05-28T22:52:23Z,0,3016a5d9b187bbfef73d4791ec1fc1564d1323f1
26606994611,Standalone example,pull_request,completed,action_required,2026-05-28T22:52:23Z,2026-05-28T22:52:23Z,0,3016a5d9b187bbfef73d4791ec1fc1564d1323f1
26606994609,Pyrefly,pull_request,completed,action_required,2026-05-28T22:52:23Z,2026-05-28T22:52:23Z,0,3016a5d9b187bbfef73d4791ec1fc1564d1323f1
26606961787,Running Copilot cloud agent,dynamic,completed,success,2026-05-28T22:51:35Z,2026-05-28T23:12:11Z,1236,cb6340b63cb11a0a626bdadd6e8e3b7edeb81e74
26606937713,Mypy,pull_request,completed,action_required,2026-05-28T22:51:00Z,2026-05-28T22:51:00Z,0,5b9e82a58b30b9543d8eb84aa7cdc4a3bbe9ee2e
26606937724,ci-no-onnx,pull_request,completed,action_required,2026-05-28T22:51:00Z,2026-05-28T22:51:00Z,0,5b9e82a58b30b9543d8eb84aa7cdc4a3bbe9ee2e
26606937732,Style,pull_request,completed,action_required,2026-05-28T22:51:00Z,2026-05-28T22:51:00Z,0,5b9e82a58b30b9543d8eb84aa7cdc4a3bbe9ee2e
26606937736,clang-format,pull_request,completed,action_required,2026-05-28T22:51:00Z,2026-05-28T22:51:00Z,0,5b9e82a58b30b9543d8eb84aa7cdc4a3bbe9ee2e
26606937723,Pyrefly,pull_request,completed,action_required,2026-05-28T22:51:00Z,2026-05-28T22:51:00Z,0,5b9e82a58b30b9543d8eb84aa7cdc4a3bbe9ee2e
26606937720,ci-debug-ubuntu,pull_request,completed,action_required,2026-05-28T22:51:00Z,2026-05-28T22:51:00Z,0,5b9e82a58b30b9543d8eb84aa7cdc4a3bbe9ee2e
26606937726,Spelling,pull_request,completed,action_required,2026-05-28T22:51:00Z,2026-05-28T22:51:00Z,0,5b9e82a58b30b9543d8eb84aa7cdc4a3bbe9ee2e
26606937741,ci-1-core,pull_request,completed,action_required,2026-05-28T22:51:00Z,2026-05-28T22:51:00Z,0,5b9e82a58b30b9543d8eb84aa7cdc4a3bbe9ee2e
26606937756,Standalone example,pull_request,completed,action_required,2026-05-28T22:51:00Z,2026-05-28T22:51:00Z,0,5b9e82a58b30b9543d8eb84aa7cdc4a3bbe9ee2e
26606936755,Running Copilot cloud agent,dynamic,completed,success,2026-05-28T22:50:58Z,2026-05-28T23:12:41Z,1303,5b9e82a58b30b9543d8eb84aa7cdc4a3bbe9ee2e
26606920393,clang-format,pull_request,completed,success,2026-05-28T22:50:33Z,2026-05-28T22:59:11Z,518,7f7359cbaf5e6254c8e0e47bde55033a340c1af4
26606920397,Spelling,pull_request,completed,success,2026-05-28T22:50:33Z,2026-05-28T22:59:07Z,514,7f7359cbaf5e6254c8e0e47bde55033a340c1af4
26606920432,Style,pull_request,completed,success,2026-05-28T22:50:33Z,2026-05-28T22:59:07Z,514,7f7359cbaf5e6254c8e0e47bde55033a340c1af4
26606920446,ci-no-onnx,pull_request,completed,success,2026-05-28T22:50:33Z,2026-05-28T23:03:34Z,781,7f7359cbaf5e6254c8e0e47bde55033a340c1af4
26606920434,Standalone example,pull_request,completed,success,2026-05-28T22:50:33Z,2026-05-28T23:03:25Z,772,7f7359cbaf5e6254c8e0e47bde55033a340c1af4
26606920436,Mypy,pull_request,completed,success,2026-05-28T22:50:33Z,2026-05-28T23:03:35Z,782,7f7359cbaf5e6254c8e0e47bde55033a340c1af4
26606920395,Pyrefly,pull_request,completed,success,2026-05-28T22:50:33Z,2026-05-28T23:03:36Z,783,7f7359cbaf5e6254c8e0e47bde55033a340c1af4
26606920420,ci-debug-ubuntu,pull_request,completed,success,2026-05-28T22:50:33Z,2026-05-28T23:05:40Z,907,7f7359cbaf5e6254c8e0e47bde55033a340c1af4
26606920402,Documentation,pull_request,completed,success,2026-05-28T22:50:33Z,2026-05-28T23:07:13Z,1000,7f7359cbaf5e6254c8e0e47bde55033a340c1af4
26606920419,ci-1-core,pull_request,completed,success,2026-05-28T22:50:33Z,2026-05-28T23:08:47Z,1094,7f7359cbaf5e6254c8e0e47bde55033a340c1af4
26606914929,Running Copilot cloud agent,dynamic,completed,success,2026-05-28T22:50:24Z,2026-05-28T23:12:53Z,1349,2d082af5a180644dbc5392380e3976267e054471
26606879461,Running Copilot cloud agent,dynamic,completed,success,2026-05-28T22:49:32Z,2026-05-28T23:00:00Z,628,0993ce682a2bd36b721a4dcc937324424b8be7a1
26606865509,Running Copilot cloud agent,dynamic,completed,success,2026-05-28T22:49:12Z,2026-05-28T22:50:53Z,101,643c2b2ee1a6f69fed57e67f3c252304083c8bd0
26603662298,Build,workflow_run,completed,success,2026-05-28T21:35:22Z,2026-05-28T22:09:23Z,2041,1a5898dd9a4daf1f3d2e153023117ec60a8610bf
26602703165,ci-no-onnx,push,completed,success,2026-05-28T21:14:55Z,2026-05-28T21:19:35Z,280,1a5898dd9a4daf1f3d2e153023117ec60a8610bf
26602703168,Pyrefly,push,completed,success,2026-05-28T21:14:55Z,2026-05-28T21:19:20Z,265,1a5898dd9a4daf1f3d2e153023117ec60a8610bf
26602703197,Mypy,push,completed,success,2026-05-28T21:14:55Z,2026-05-28T21:19:54Z,299,1a5898dd9a4daf1f3d2e153023117ec60a8610bf
26602703123,Standalone example,push,completed,success,2026-05-28T21:14:55Z,2026-05-28T21:19:38Z,283,1a5898dd9a4daf1f3d2e153023117ec60a8610bf
26602703081,ci-debug-ubuntu,push,completed,success,2026-05-28T21:14:55Z,2026-05-28T21:21:42Z,407,1a5898dd9a4daf1f3d2e153023117ec60a8610bf
26602703164,Documentation,push,completed,success,2026-05-28T21:14:55Z,2026-05-28T21:23:52Z,537,1a5898dd9a4daf1f3d2e153023117ec60a8610bf
26602703121,ci-1-core,push,completed,success,2026-05-28T21:14:55Z,2026-05-28T21:35:20Z,1225,1a5898dd9a4daf1f3d2e153023117ec60a8610bf
26602703171,clang-format,push,completed,success,2026-05-28T21:14:55Z,2026-05-28T21:15:07Z,12,1a5898dd9a4daf1f3d2e153023117ec60a8610bf
26602703192,Spelling,push,completed,success,2026-05-28T21:14:55Z,2026-05-28T21:15:08Z,13,1a5898dd9a4daf1f3d2e153023117ec60a8610bf
26602703170,Style,push,completed,success,2026-05-28T21:14:55Z,2026-05-28T21:15:08Z,13,1a5898dd9a4daf1f3d2e153023117ec60a8610bf
26600168362,Build,workflow_run,completed,action_required,2026-05-28T20:25:25Z,2026-05-28T20:25:25Z,0,c77b5ad3e43f9595d8c9ec92eb00be452fe0611b
26641661267,Build,workflow_run,completed,action_required,2026-05-29T14:00:35Z,2026-05-29T14:00:35Z,0,496bdd5f99872681c3f4e0a05aa000effb99bf79
26641627773,ci-debug-ubuntu,pull_request,completed,action_required,2026-05-29T14:00:01Z,2026-05-29T14:00:01Z,0,129e48a51b0433676a093fcafbc16d02e5a3263f
26641627758,ci-no-onnx,pull_request,completed,action_required,2026-05-29T14:00:01Z,2026-05-29T14:00:01Z,0,129e48a51b0433676a093fcafbc16d02e5a3263f
26641627777,Pyrefly,pull_request,completed,action_required,2026-05-29T14:00:01Z,2026-05-29T14:00:01Z,0,129e48a51b0433676a093fcafbc16d02e5a3263f
26641627828,Style,pull_request,completed,action_required,2026-05-29T14:00:01Z,2026-05-29T14:00:01Z,0,129e48a51b0433676a093fcafbc16d02e5a3263f
26641627786,Standalone example,pull_request,completed,action_required,2026-05-29T14:00:01Z,2026-05-29T14:00:01Z,0,129e48a51b0433676a093fcafbc16d02e5a3263f
26641627782,ci-1-core,pull_request,completed,action_required,2026-05-29T14:00:01Z,2026-05-29T14:00:01Z,0,129e48a51b0433676a093fcafbc16d02e5a3263f
26641627818,Spelling,pull_request,completed,action_required,2026-05-29T14:00:01Z,2026-05-29T14:00:01Z,0,129e48a51b0433676a093fcafbc16d02e5a3263f
26641627739,Mypy,pull_request,completed,action_required,2026-05-29T14:00:00Z,2026-05-29T14:00:00Z,0,129e48a51b0433676a093fcafbc16d02e5a3263f
26641627753,clang-format,pull_request,completed,action_required,2026-05-29T14:00:00Z,2026-05-29T14:00:00Z,0,129e48a51b0433676a093fcafbc16d02e5a3263f
26641624109,Build,workflow_run,completed,skipped,2026-05-29T13:59:56Z,2026-05-29T13:59:58Z,2,496bdd5f99872681c3f4e0a05aa000effb99bf79
26641594322,Style,push,completed,success,2026-05-29T13:59:21Z,2026-05-29T13:59:32Z,11,496bdd5f99872681c3f4e0a05aa000effb99bf79
26641594311,clang-format,push,completed,success,2026-05-29T13:59:21Z,2026-05-29T13:59:33Z,12,496bdd5f99872681c3f4e0a05aa000effb99bf79
26641594250,Spelling,push,completed,success,2026-05-29T13:59:21Z,2026-05-29T13:59:37Z,16,496bdd5f99872681c3f4e0a05aa000effb99bf79
26641511220,Addressing comment on PR #1286,dynamic,completed,success,2026-05-29T13:57:45Z,2026-05-29T14:00:29Z,164,b7599aa6900770c8ef8f947e39b2f4952021b160
26641500241,Style,pull_request,completed,success,2026-05-29T13:57:32Z,2026-05-29T13:59:18Z,106,a53068ddfccdd7d607518e62b3fda84a2b7ea510
26641500243,clang-format,pull_request,completed,success,2026-05-29T13:57:32Z,2026-05-29T13:59:17Z,105,a53068ddfccdd7d607518e62b3fda84a2b7ea510
26641500234,Spelling,pull_request,completed,success,2026-05-29T13:57:32Z,2026-05-29T13:59:15Z,103,a53068ddfccdd7d607518e62b3fda84a2b7ea510
26641388101,Build,workflow_run,completed,action_required,2026-05-29T13:55:18Z,2026-05-29T13:55:18Z,0,5e3c232b61ecad87426b8dd5457160c1fb4e9e8e
26640884501,Build,workflow_run,completed,skipped,2026-05-29T13:45:19Z,2026-05-29T13:45:21Z,2,5e3c232b61ecad87426b8dd5457160c1fb4e9e8e
26640878603,Spelling,push,completed,success,2026-05-29T13:45:13Z,2026-05-29T13:45:23Z,10,5e3c232b61ecad87426b8dd5457160c1fb4e9e8e
26640878686,clang-format,push,completed,success,2026-05-29T13:45:13Z,2026-05-29T13:45:28Z,15,5e3c232b61ecad87426b8dd5457160c1fb4e9e8e
26640878675,Style,push,completed,success,2026-05-29T13:45:13Z,2026-05-29T13:45:28Z,15,5e3c232b61ecad87426b8dd5457160c1fb4e9e8e
26640878849,ci-no-onnx,push,completed,success,2026-05-29T13:45:13Z,2026-05-29T13:50:44Z,331,5e3c232b61ecad87426b8dd5457160c1fb4e9e8e
26640878777,Mypy,push,completed,success,2026-05-29T13:45:13Z,2026-05-29T13:50:48Z,335,5e3c232b61ecad87426b8dd5457160c1fb4e9e8e
26640878619,Standalone example,push,completed,success,2026-05-29T13:45:13Z,2026-05-29T13:50:38Z,325,5e3c232b61ecad87426b8dd5457160c1fb4e9e8e
26640878676,Pyrefly,push,completed,success,2026-05-29T13:45:13Z,2026-05-29T13:50:40Z,327,5e3c232b61ecad87426b8dd5457160c1fb4e9e8e
26640878725,ci-debug-ubuntu,push,completed,success,2026-05-29T13:45:13Z,2026-05-29T13:52:30Z,437,5e3c232b61ecad87426b8dd5457160c1fb4e9e8e
26640878628,ci-1-core,push,completed,cancelled,2026-05-29T13:45:13Z,2026-05-29T13:59:53Z,880,5e3c232b61ecad87426b8dd5457160c1fb4e9e8e
26640878203,Build,workflow_run,completed,skipped,2026-05-29T13:45:12Z,2026-05-29T13:45:14Z,2,5e3c232b61ecad87426b8dd5457160c1fb4e9e8e
26640860648,Style,push,completed,success,2026-05-29T13:44:53Z,2026-05-29T13:45:03Z,10,d77789c7a5a49064c37e7f4ed247892c03f88db9
26640860560,clang-format,push,completed,success,2026-05-29T13:44:53Z,2026-05-29T13:45:04Z,11,d77789c7a5a49064c37e7f4ed247892c03f88db9
26640860618,Spelling,push,completed,success,2026-05-29T13:44:53Z,2026-05-29T13:45:03Z,10,d77789c7a5a49064c37e7f4ed247892c03f88db9
26640860619,Standalone example,push,completed,cancelled,2026-05-29T13:44:53Z,2026-05-29T13:45:30Z,37,d77789c7a5a49064c37e7f4ed247892c03f88db9
26640860469,ci-no-onnx,push,completed,cancelled,2026-05-29T13:44:52Z,2026-05-29T13:45:30Z,38,d77789c7a5a49064c37e7f4ed247892c03f88db9
26640860551,Pyrefly,push,completed,cancelled,2026-05-29T13:44:52Z,2026-05-29T13:45:30Z,38,d77789c7a5a49064c37e7f4ed247892c03f88db9
26640860482,Mypy,push,completed,cancelled,2026-05-29T13:44:52Z,2026-05-29T13:45:30Z,38,d77789c7a5a49064c37e7f4ed247892c03f88db9
26640860463,ci-1-core,push,completed,cancelled,2026-05-29T13:44:52Z,2026-05-29T13:45:17Z,25,d77789c7a5a49064c37e7f4ed247892c03f88db9
26640860493,ci-debug-ubuntu,push,completed,cancelled,2026-05-29T13:44:52Z,2026-05-29T13:45:18Z,26,d77789c7a5a49064c37e7f4ed247892c03f88db9
26640817787,clang-format,pull_request,completed,action_required,2026-05-29T13:43:59Z,2026-05-29T13:43:59Z,0,42d05670daf9f8e7948ecf10b7a4a8dceeafcad4
26640817862,Mypy,pull_request,completed,action_required,2026-05-29T13:43:59Z,2026-05-29T13:43:59Z,0,42d05670daf9f8e7948ecf10b7a4a8dceeafcad4
26640817805,ci-1-core,pull_request,completed,action_required,2026-05-29T13:43:59Z,2026-05-29T13:43:59Z,0,42d05670daf9f8e7948ecf10b7a4a8dceeafcad4
26640817777,ci-no-onnx,pull_request,completed,action_required,2026-05-29T13:43:59Z,2026-05-29T13:43:59Z,0,42d05670daf9f8e7948ecf10b7a4a8dceeafcad4
26640817788,Style,pull_request,completed,action_required,2026-05-29T13:43:59Z,2026-05-29T13:43:59Z,0,42d05670daf9f8e7948ecf10b7a4a8dceeafcad4
26640817808,Pyrefly,pull_request,completed,action_required,2026-05-29T13:43:59Z,2026-05-29T13:43:59Z,0,42d05670daf9f8e7948ecf10b7a4a8dceeafcad4
26640817827,ci-debug-ubuntu,pull_request,completed,action_required,2026-05-29T13:43:59Z,2026-05-29T13:43:59Z,0,42d05670daf9f8e7948ecf10b7a4a8dceeafcad4
26640817831,Standalone example,pull_request,completed,action_required,2026-05-29T13:43:59Z,2026-05-29T13:43:59Z,0,42d05670daf9f8e7948ecf10b7a4a8dceeafcad4
26640817900,Spelling,pull_request,completed,action_required,2026-05-29T13:43:59Z,2026-05-29T13:43:59Z,0,42d05670daf9f8e7948ecf10b7a4a8dceeafcad4
26640817442,Running Copilot cloud agent,dynamic,completed,success,2026-05-29T13:43:58Z,2026-05-29T13:57:44Z,826,42d05670daf9f8e7948ecf10b7a4a8dceeafcad4
26640782386,Build,workflow_run,completed,action_required,2026-05-29T13:43:17Z,2026-05-29T13:43:17Z,0,7975d598649ccb9b1cc76c242381b72bdb059506
26640571776,Build,workflow_run,completed,skipped,2026-05-29T13:39:04Z,2026-05-29T13:39:06Z,2,7975d598649ccb9b1cc76c242381b72bdb059506
26640559485,Style,push,completed,success,2026-05-29T13:38:50Z,2026-05-29T13:39:11Z,21,7975d598649ccb9b1cc76c242381b72bdb059506
26640559507,clang-format,push,completed,success,2026-05-29T13:38:50Z,2026-05-29T13:39:03Z,13,7975d598649ccb9b1cc76c242381b72bdb059506
26640559468,Spelling,push,completed,success,2026-05-29T13:38:50Z,2026-05-29T13:39:18Z,28,7975d598649ccb9b1cc76c242381b72bdb059506
26640559524,Standalone example,push,completed,success,2026-05-29T13:38:50Z,2026-05-29T13:43:01Z,251,7975d598649ccb9b1cc76c242381b72bdb059506
26640559467,ci-no-onnx,push,completed,success,2026-05-29T13:38:50Z,2026-05-29T13:43:46Z,296,7975d598649ccb9b1cc76c242381b72bdb059506
26640559708,Pyrefly,push,completed,success,2026-05-29T13:38:50Z,2026-05-29T13:43:57Z,307,7975d598649ccb9b1cc76c242381b72bdb059506
26640559497,Mypy,push,completed,success,2026-05-29T13:38:50Z,2026-05-29T13:44:01Z,311,7975d598649ccb9b1cc76c242381b72bdb059506
26640559490,ci-debug-ubuntu,push,completed,cancelled,2026-05-29T13:38:50Z,2026-05-29T13:45:09Z,379,7975d598649ccb9b1cc76c242381b72bdb059506
26640559466,ci-1-core,push,completed,cancelled,2026-05-29T13:38:50Z,2026-05-29T13:45:10Z,380,7975d598649ccb9b1cc76c242381b72bdb059506
26640526651,Mypy,pull_request,completed,action_required,2026-05-29T13:38:11Z,2026-05-29T13:38:11Z,0,b7599aa6900770c8ef8f947e39b2f4952021b160
26640526680,clang-format,pull_request,completed,action_required,2026-05-29T13:38:11Z,2026-05-29T13:38:11Z,0,b7599aa6900770c8ef8f947e39b2f4952021b160
26640526637,Pyrefly,pull_request,completed,action_required,2026-05-29T13:38:11Z,2026-05-29T13:38:11Z,0,b7599aa6900770c8ef8f947e39b2f4952021b160
26640526688,Spelling,pull_request,completed,action_required,2026-05-29T13:38:11Z,2026-05-29T13:38:11Z,0,b7599aa6900770c8ef8f947e39b2f4952021b160
26640526652,Standalone example,pull_request,completed,action_required,2026-05-29T13:38:11Z,2026-05-29T13:38:11Z,0,b7599aa6900770c8ef8f947e39b2f4952021b160
26640526700,ci-debug-ubuntu,pull_request,completed,action_required,2026-05-29T13:38:11Z,2026-05-29T13:38:11Z,0,b7599aa6900770c8ef8f947e39b2f4952021b160
26640526712,Style,pull_request,completed,action_required,2026-05-29T13:38:11Z,2026-05-29T13:38:11Z,0,b7599aa6900770c8ef8f947e39b2f4952021b160
26640526747,ci-1-core,pull_request,completed,action_required,2026-05-29T13:38:11Z,2026-05-29T13:38:11Z,0,b7599aa6900770c8ef8f947e39b2f4952021b160
26640526691,ci-no-onnx,pull_request,completed,action_required,2026-05-29T13:38:11Z,2026-05-29T13:38:11Z,0,b7599aa6900770c8ef8f947e39b2f4952021b160
26640524754,Running Copilot cloud agent,dynamic,completed,success,2026-05-29T13:38:09Z,2026-05-29T13:51:18Z,789,b7599aa6900770c8ef8f947e39b2f4952021b160
26640465950,Build,workflow_run,completed,action_required,2026-05-29T13:37:00Z,2026-05-29T13:37:00Z,0,6a952987a2d47216fea8b497d1eab956fb90b21c
26640439752,clang-format,pull_request,completed,success,2026-05-29T13:36:29Z,2026-05-29T13:43:31Z,422,e61ee35f4e4e5bff11f6ff6db868554fc8e8c0a9
26640439704,Mypy,pull_request,completed,success,2026-05-29T13:36:29Z,2026-05-29T13:44:43Z,494,e61ee35f4e4e5bff11f6ff6db868554fc8e8c0a9
26640439712,ci-no-onnx,pull_request,completed,success,2026-05-29T13:36:29Z,2026-05-29T13:47:47Z,678,e61ee35f4e4e5bff11f6ff6db868554fc8e8c0a9
26640439711,ci-debug-ubuntu,pull_request,completed,success,2026-05-29T13:36:29Z,2026-05-29T13:48:40Z,731,e61ee35f4e4e5bff11f6ff6db868554fc8e8c0a9
26640439578,clang-format,pull_request,completed,success,2026-05-29T13:36:28Z,2026-05-29T13:38:51Z,143,3cf79fa2f93aff09670e786abf75a50d9e39d98a
26640438959,Style,pull_request,completed,success,2026-05-29T13:36:28Z,2026-05-29T13:38:49Z,141,3cf79fa2f93aff09670e786abf75a50d9e39d98a
26640439482,Spelling,pull_request,completed,success,2026-05-29T13:36:28Z,2026-05-29T13:38:49Z,141,3cf79fa2f93aff09670e786abf75a50d9e39d98a
26640439371,Spelling,pull_request,completed,success,2026-05-29T13:36:28Z,2026-05-29T13:39:44Z,196,e61ee35f4e4e5bff11f6ff6db868554fc8e8c0a9
26640439508,Style,pull_request,completed,success,2026-05-29T13:36:28Z,2026-05-29T13:39:52Z,204,e61ee35f4e4e5bff11f6ff6db868554fc8e8c0a9
26640439071,Standalone example,pull_request,completed,success,2026-05-29T13:36:28Z,2026-05-29T13:43:17Z,409,3cf79fa2f93aff09670e786abf75a50d9e39d98a
26640439033,ci-no-onnx,pull_request,completed,success,2026-05-29T13:36:28Z,2026-05-29T13:43:34Z,426,3cf79fa2f93aff09670e786abf75a50d9e39d98a
26640439504,Pyrefly,pull_request,completed,success,2026-05-29T13:36:28Z,2026-05-29T13:43:23Z,415,3cf79fa2f93aff09670e786abf75a50d9e39d98a
26640439349,Mypy,pull_request,completed,success,2026-05-29T13:36:28Z,2026-05-29T13:43:24Z,416,3cf79fa2f93aff09670e786abf75a50d9e39d98a
26640439426,Pyrefly,pull_request,completed,success,2026-05-29T13:36:28Z,2026-05-29T13:44:08Z,460,e61ee35f4e4e5bff11f6ff6db868554fc8e8c0a9
26640439559,ci-debug-ubuntu,pull_request,completed,success,2026-05-29T13:36:28Z,2026-05-29T13:45:23Z,535,3cf79fa2f93aff09670e786abf75a50d9e39d98a
26640439600,Standalone example,pull_request,completed,success,2026-05-29T13:36:28Z,2026-05-29T13:45:05Z,517,e61ee35f4e4e5bff11f6ff6db868554fc8e8c0a9
26640439611,ci-1-core,pull_request,completed,success,2026-05-29T13:36:28Z,2026-05-29T14:00:32Z,1444,3cf79fa2f93aff09670e786abf75a50d9e39d98a
26640011400,Spelling,pull_request,completed,success,2026-05-29T13:27:51Z,2026-05-29T13:34:09Z,378,a29cea852b112ed4bd9064e9254ea7348adb3620
26640011475,Style,pull_request,completed,success,2026-05-29T13:27:51Z,2026-05-29T13:34:11Z,380,a29cea852b112ed4bd9064e9254ea7348adb3620
26640011399,clang-format,pull_request,completed,success,2026-05-29T13:27:51Z,2026-05-29T13:34:11Z,380,a29cea852b112ed4bd9064e9254ea7348adb3620
26640011419,ci-no-onnx,pull_request,completed,success,2026-05-29T13:27:51Z,2026-05-29T13:37:54Z,603,a29cea852b112ed4bd9064e9254ea7348adb3620
26640011381,Pyrefly,pull_request,completed,success,2026-05-29T13:27:51Z,2026-05-29T13:39:06Z,675,a29cea852b112ed4bd9064e9254ea7348adb3620
26640011469,Standalone example,pull_request,completed,success,2026-05-29T13:27:51Z,2026-05-29T13:39:26Z,695,a29cea852b112ed4bd9064e9254ea7348adb3620
26640011428,Mypy,pull_request,completed,success,2026-05-29T13:27:51Z,2026-05-29T13:39:08Z,677,a29cea852b112ed4bd9064e9254ea7348adb3620
26640011437,ci-debug-ubuntu,pull_request,completed,success,2026-05-29T13:27:51Z,2026-05-29T13:41:26Z,815,a29cea852b112ed4bd9064e9254ea7348adb3620
26640011423,ci-1-core,pull_request,completed,success,2026-05-29T13:27:51Z,2026-05-29T13:55:13Z,1642,a29cea852b112ed4bd9064e9254ea7348adb3620
26640006835,Addressing comment on PR #1278,dynamic,completed,success,2026-05-29T13:27:45Z,2026-05-29T13:36:36Z,531,2d54e11017258caaff74c3a6dbae8d9c67243099
26639754692,Addressing comment on PR #1280,dynamic,completed,success,2026-05-29T13:22:39Z,2026-05-29T13:24:04Z,85,b08e6d3a5d7a9e013cc86de45eff23109c639702
26639739764,ci-no-onnx,pull_request,completed,success,2026-05-29T13:22:20Z,2026-05-29T13:28:30Z,370,b08e6d3a5d7a9e013cc86de45eff23109c639702
26639739711,Standalone example,pull_request,completed,success,2026-05-29T13:22:20Z,2026-05-29T13:28:27Z,367,b08e6d3a5d7a9e013cc86de45eff23109c639702
26639739753,Spelling,pull_request,completed,success,2026-05-29T13:22:20Z,2026-05-29T13:23:34Z,74,b08e6d3a5d7a9e013cc86de45eff23109c639702
26639739757,Style,pull_request,completed,success,2026-05-29T13:22:20Z,2026-05-29T13:23:35Z,75,b08e6d3a5d7a9e013cc86de45eff23109c639702
26639739742,clang-format,pull_request,completed,success,2026-05-29T13:22:20Z,2026-05-29T13:23:43Z,83,b08e6d3a5d7a9e013cc86de45eff23109c639702
26639739705,Pyrefly,pull_request,completed,success,2026-05-29T13:22:20Z,2026-05-29T13:28:06Z,346,b08e6d3a5d7a9e013cc86de45eff23109c639702
26639739801,Mypy,pull_request,completed,success,2026-05-29T13:22:20Z,2026-05-29T13:28:38Z,378,b08e6d3a5d7a9e013cc86de45eff23109c639702
26639739829,ci-debug-ubuntu,pull_request,completed,success,2026-05-29T13:22:20Z,2026-05-29T13:30:33Z,493,b08e6d3a5d7a9e013cc86de45eff23109c639702
26639739771,ci-1-core,pull_request,completed,success,2026-05-29T13:22:20Z,2026-05-29T13:43:14Z,1254,b08e6d3a5d7a9e013cc86de45eff23109c639702
26639624632,Mypy,pull_request,completed,action_required,2026-05-29T13:19:59Z,2026-05-29T13:19:59Z,0,be97cb87973d80f5c6288098de8fa4937a51f685
26639624691,Standalone example,pull_request,completed,action_required,2026-05-29T13:19:59Z,2026-05-29T13:19:59Z,0,be97cb87973d80f5c6288098de8fa4937a51f685
26639624708,ci-1-core,pull_request,completed,action_required,2026-05-29T13:19:59Z,2026-05-29T13:19:59Z,0,be97cb87973d80f5c6288098de8fa4937a51f685
26639624702,Spelling,pull_request,completed,action_required,2026-05-29T13:19:59Z,2026-05-29T13:19:59Z,0,be97cb87973d80f5c6288098de8fa4937a51f685
26639624652,Pyrefly,pull_request,completed,action_required,2026-05-29T13:19:59Z,2026-05-29T13:19:59Z,0,be97cb87973d80f5c6288098de8fa4937a51f685
26639624666,clang-format,pull_request,completed,action_required,2026-05-29T13:19:59Z,2026-05-29T13:19:59Z,0,be97cb87973d80f5c6288098de8fa4937a51f685
26639624752,Style,pull_request,completed,action_required,2026-05-29T13:19:59Z,2026-05-29T13:19:59Z,0,be97cb87973d80f5c6288098de8fa4937a51f685
26639624636,ci-debug-ubuntu,pull_request,completed,action_required,2026-05-29T13:19:59Z,2026-05-29T13:19:59Z,0,be97cb87973d80f5c6288098de8fa4937a51f685
26639625009,ci-no-onnx,pull_request,completed,action_required,2026-05-29T13:19:59Z,2026-05-29T13:19:59Z,0,be97cb87973d80f5c6288098de8fa4937a51f685
26639623367,Running Copilot cloud agent,dynamic,completed,success,2026-05-29T13:19:57Z,2026-05-29T13:37:09Z,1032,be97cb87973d80f5c6288098de8fa4937a51f685
26639496089,Build,workflow_run,completed,action_required,2026-05-29T13:17:19Z,2026-05-29T13:17:19Z,0,6a952987a2d47216fea8b497d1eab956fb90b21c
26639477847,Addressing comment on PR #1280,dynamic,completed,success,2026-05-29T13:16:57Z,2026-05-29T13:22:33Z,336,88ff9d09e1a4976e7fa5a5b9ff2d31465de7fdf2
26639472571,Build,workflow_run,completed,action_required,2026-05-29T13:16:51Z,2026-05-29T13:16:51Z,0,6a952987a2d47216fea8b497d1eab956fb90b21c
26639467556,Addressing comment on PR #1276,dynamic,completed,success,2026-05-29T13:16:45Z,2026-05-29T13:28:12Z,687,e3b85dedcfeb1a5eaead1042770919e62ced708e
26639463505,Build,workflow_run,completed,skipped,2026-05-29T13:16:40Z,2026-05-29T13:16:42Z,2,6a952987a2d47216fea8b497d1eab956fb90b21c
26639445560,Pyrefly,push,completed,success,2026-05-29T13:16:18Z,2026-05-29T13:21:34Z,316,6a952987a2d47216fea8b497d1eab956fb90b21c
26639445574,ci-1-core,push,completed,cancelled,2026-05-29T13:16:18Z,2026-05-29T13:39:01Z,1363,6a952987a2d47216fea8b497d1eab956fb90b21c
26639445438,Standalone example,push,completed,success,2026-05-29T13:16:17Z,2026-05-29T13:21:30Z,313,6a952987a2d47216fea8b497d1eab956fb90b21c
26639445296,Mypy,push,completed,success,2026-05-29T13:16:17Z,2026-05-29T13:21:32Z,315,6a952987a2d47216fea8b497d1eab956fb90b21c
26639445479,ci-no-onnx,push,completed,success,2026-05-29T13:16:17Z,2026-05-29T13:21:32Z,315,6a952987a2d47216fea8b497d1eab956fb90b21c
26639445415,ci-debug-ubuntu,push,completed,success,2026-05-29T13:16:17Z,2026-05-29T13:23:23Z,426,6a952987a2d47216fea8b497d1eab956fb90b21c
26639445424,clang-format,push,completed,success,2026-05-29T13:16:17Z,2026-05-29T13:16:32Z,15,6a952987a2d47216fea8b497d1eab956fb90b21c
26639445353,Style,push,completed,success,2026-05-29T13:16:17Z,2026-05-29T13:16:33Z,16,6a952987a2d47216fea8b497d1eab956fb90b21c
26639445166,Spelling,push,completed,success,2026-05-29T13:16:17Z,2026-05-29T13:16:29Z,12,6a952987a2d47216fea8b497d1eab956fb90b21c
26639439956,Build,workflow_run,completed,skipped,2026-05-29T13:16:11Z,2026-05-29T13:16:13Z,2,60383436780fc1e6021e91c99c9ce341e97d98aa
26639428455,clang-format,push,completed,success,2026-05-29T13:15:57Z,2026-05-29T13:16:11Z,14,60383436780fc1e6021e91c99c9ce341e97d98aa
26639428350,Standalone example,push,completed,cancelled,2026-05-29T13:15:57Z,2026-05-29T13:16:24Z,27,60383436780fc1e6021e91c99c9ce341e97d98aa
26639428311,ci-debug-ubuntu,push,completed,cancelled,2026-05-29T13:15:57Z,2026-05-29T13:16:35Z,38,60383436780fc1e6021e91c99c9ce341e97d98aa
26639428287,Pyrefly,push,completed,cancelled,2026-05-29T13:15:57Z,2026-05-29T13:16:35Z,38,60383436780fc1e6021e91c99c9ce341e97d98aa
26639428331,ci-no-onnx,push,completed,cancelled,2026-05-29T13:15:57Z,2026-05-29T13:16:35Z,38,60383436780fc1e6021e91c99c9ce341e97d98aa
26639428295,Mypy,push,completed,cancelled,2026-05-29T13:15:57Z,2026-05-29T13:16:35Z,38,60383436780fc1e6021e91c99c9ce341e97d98aa
26639428401,ci-1-core,push,completed,cancelled,2026-05-29T13:15:57Z,2026-05-29T13:16:36Z,39,60383436780fc1e6021e91c99c9ce341e97d98aa
26639428296,Spelling,push,completed,success,2026-05-29T13:15:57Z,2026-05-29T13:16:08Z,11,60383436780fc1e6021e91c99c9ce341e97d98aa
26639428309,Style,push,completed,success,2026-05-29T13:15:57Z,2026-05-29T13:16:10Z,13,60383436780fc1e6021e91c99c9ce341e97d98aa
26638475030,Spelling,push,completed,success,2026-05-29T12:55:32Z,2026-05-29T12:55:44Z,12,b1bb48d98c229dac8bf9fa7038ec671b569af65c
26638474993,Style,push,completed,success,2026-05-29T12:55:32Z,2026-05-29T12:55:45Z,13,b1bb48d98c229dac8bf9fa7038ec671b569af65c
26638474892,clang-format,push,completed,success,2026-05-29T12:55:32Z,2026-05-29T12:55:57Z,25,b1bb48d98c229dac8bf9fa7038ec671b569af65c
26638475013,ci-no-onnx,push,completed,success,2026-05-29T12:55:32Z,2026-05-29T12:59:44Z,252,b1bb48d98c229dac8bf9fa7038ec671b569af65c
26638475101,Mypy,push,completed,success,2026-05-29T12:55:32Z,2026-05-29T13:00:24Z,292,b1bb48d98c229dac8bf9fa7038ec671b569af65c
26638474891,Pyrefly,push,completed,success,2026-05-29T12:55:32Z,2026-05-29T13:00:31Z,299,b1bb48d98c229dac8bf9fa7038ec671b569af65c
26638474949,Standalone example,push,completed,success,2026-05-29T12:55:32Z,2026-05-29T13:00:32Z,300,b1bb48d98c229dac8bf9fa7038ec671b569af65c
26638475113,ci-debug-ubuntu,push,completed,success,2026-05-29T12:55:32Z,2026-05-29T13:02:36Z,424,b1bb48d98c229dac8bf9fa7038ec671b569af65c
26638474947,ci-1-core,push,completed,cancelled,2026-05-29T12:55:32Z,2026-05-29T13:16:08Z,1236,b1bb48d98c229dac8bf9fa7038ec671b569af65c
26630218488,Style,pull_request,completed,success,2026-05-29T09:44:22Z,2026-05-29T13:17:56Z,12814,e7f1633416d74f977f34d30f4a308e08618d8d14
26630218500,clang-format,pull_request,completed,success,2026-05-29T09:44:22Z,2026-05-29T13:17:58Z,12816,e7f1633416d74f977f34d30f4a308e08618d8d14
26630218489,Spelling,pull_request,completed,success,2026-05-29T09:44:22Z,2026-05-29T13:17:55Z,12813,e7f1633416d74f977f34d30f4a308e08618d8d14
26630218536,Pyrefly,pull_request,completed,success,2026-05-29T09:44:22Z,2026-05-29T13:22:20Z,13078,e7f1633416d74f977f34d30f4a308e08618d8d14
26630218519,ci-no-onnx,pull_request,completed,success,2026-05-29T09:44:22Z,2026-05-29T13:22:51Z,13109,e7f1633416d74f977f34d30f4a308e08618d8d14
26630218665,Mypy,pull_request,completed,success,2026-05-29T09:44:22Z,2026-05-29T13:22:59Z,13117,e7f1633416d74f977f34d30f4a308e08618d8d14
26630218440,ci-debug-ubuntu,pull_request,completed,success,2026-05-29T09:44:22Z,2026-05-29T13:24:45Z,13223,e7f1633416d74f977f34d30f4a308e08618d8d14
26630218563,Standalone example,pull_request,completed,success,2026-05-29T09:44:22Z,2026-05-29T13:22:39Z,13097,e7f1633416d74f977f34d30f4a308e08618d8d14
26630218463,ci-1-core,pull_request,completed,success,2026-05-29T09:44:22Z,2026-05-29T13:36:56Z,13954,e7f1633416d74f977f34d30f4a308e08618d8d14
26629488583,Running Copilot cloud agent,dynamic,completed,success,2026-05-29T09:28:15Z,2026-05-29T09:53:30Z,1515,eefd278614ede002b3b00807e56bb15b5e11fcf4
26629465493,Running Copilot cloud agent,dynamic,completed,success,2026-05-29T09:27:44Z,2026-05-29T09:48:02Z,1218,30bb66a7900a0ed395f0db60e50aaba0dc832d3a
26629367502,Addressing comment on PR #1272,dynamic,completed,success,2026-05-29T09:25:34Z,2026-05-29T09:27:09Z,95,f4281ed468c9881bdc034d047e3d37e2346d8413
26629259476,Style,pull_request,completed,success,2026-05-29T09:23:10Z,2026-05-29T12:56:34Z,12804,203852291a5ebaef83639d1e4d5df43d0ab8fc4e
26629259552,clang-format,pull_request,completed,success,2026-05-29T09:23:10Z,2026-05-29T12:56:37Z,12807,203852291a5ebaef83639d1e4d5df43d0ab8fc4e
26629259495,Spelling,pull_request,completed,success,2026-05-29T09:23:10Z,2026-05-29T12:56:32Z,12802,203852291a5ebaef83639d1e4d5df43d0ab8fc4e
26629259524,Pyrefly,pull_request,completed,success,2026-05-29T09:23:10Z,2026-05-29T13:00:27Z,13037,203852291a5ebaef83639d1e4d5df43d0ab8fc4e
26629259546,Standalone example,pull_request,completed,success,2026-05-29T09:23:10Z,2026-05-29T13:00:40Z,13050,203852291a5ebaef83639d1e4d5df43d0ab8fc4e
26629259478,Mypy,pull_request,completed,success,2026-05-29T09:23:10Z,2026-05-29T13:01:15Z,13085,203852291a5ebaef83639d1e4d5df43d0ab8fc4e
26629259484,ci-no-onnx,pull_request,completed,success,2026-05-29T09:23:10Z,2026-05-29T13:01:08Z,13078,203852291a5ebaef83639d1e4d5df43d0ab8fc4e
26629259498,ci-debug-ubuntu,pull_request,completed,success,2026-05-29T09:23:10Z,2026-05-29T13:03:23Z,13213,203852291a5ebaef83639d1e4d5df43d0ab8fc4e
26629259491,ci-1-core,pull_request,completed,success,2026-05-29T09:23:10Z,2026-05-29T13:17:11Z,14041,203852291a5ebaef83639d1e4d5df43d0ab8fc4e
26629190800,clang-format,pull_request,completed,success,2026-05-29T09:21:36Z,2026-05-29T12:55:06Z,12810,f4281ed468c9881bdc034d047e3d37e2346d8413
26629190805,Spelling,pull_request,completed,success,2026-05-29T09:21:36Z,2026-05-29T12:55:07Z,12811,f4281ed468c9881bdc034d047e3d37e2346d8413
26629190816,Style,pull_request,completed,success,2026-05-29T09:21:36Z,2026-05-29T12:55:08Z,12812,f4281ed468c9881bdc034d047e3d37e2346d8413
26629190836,Pyrefly,pull_request,completed,success,2026-05-29T09:21:36Z,2026-05-29T12:59:45Z,13089,f4281ed468c9881bdc034d047e3d37e2346d8413
26629190860,ci-no-onnx,pull_request,completed,success,2026-05-29T09:21:36Z,2026-05-29T13:00:54Z,13158,f4281ed468c9881bdc034d047e3d37e2346d8413
26629190830,Standalone example,pull_request,completed,success,2026-05-29T09:21:36Z,2026-05-29T13:00:06Z,13110,f4281ed468c9881bdc034d047e3d37e2346d8413
26629190842,Mypy,pull_request,completed,success,2026-05-29T09:21:36Z,2026-05-29T12:59:52Z,13096,f4281ed468c9881bdc034d047e3d37e2346d8413
26629190844,ci-debug-ubuntu,pull_request,completed,success,2026-05-29T09:21:36Z,2026-05-29T13:02:12Z,13236,f4281ed468c9881bdc034d047e3d37e2346d8413
26629190837,ci-1-core,pull_request,completed,success,2026-05-29T09:21:36Z,2026-05-29T13:16:48Z,14112,f4281ed468c9881bdc034d047e3d37e2346d8413
26629134663,Build,workflow_run,completed,action_required,2026-05-29T09:20:21Z,2026-05-29T09:20:21Z,0,0014445c83944e9e304777ef34fd0c50dc6f0e2f
26629070523,Build,workflow_run,completed,success,2026-05-29T09:18:54Z,2026-05-29T09:54:20Z,2126,0014445c83944e9e304777ef34fd0c50dc6f0e2f
26628912382,Running Copilot cloud agent,dynamic,completed,success,2026-05-29T09:15:15Z,2026-05-29T09:39:58Z,1483,cfc9c6450c2b93407f04371bf7d7ce814a622d71
26628889452,Running Copilot cloud agent,dynamic,completed,success,2026-05-29T09:14:44Z,2026-05-29T09:41:03Z,1579,8ef7383c7c7e10f404f4d3088d7b02f828c5cede
26628843581,Running Copilot cloud agent,dynamic,completed,success,2026-05-29T09:13:42Z,2026-05-29T09:26:57Z,795,4b0b89c1257f3a5136eaaf446d25cd2a8b543581
26628295729,Addressing comment on PR #1272,dynamic,completed,success,2026-05-29T09:01:02Z,2026-05-29T09:25:27Z,1465,58734a12b150219b265acc85cb2a50209d97a571
26628162675,Build,workflow_run,completed,skipped,2026-05-29T08:58:09Z,2026-05-29T08:58:16Z,7,0014445c83944e9e304777ef34fd0c50dc6f0e2f
26628157672,ci-1-core,push,completed,success,2026-05-29T08:58:03Z,2026-05-29T09:18:51Z,1248,0014445c83944e9e304777ef34fd0c50dc6f0e2f
26628157675,Spelling,push,completed,success,2026-05-29T08:58:03Z,2026-05-29T08:58:14Z,11,0014445c83944e9e304777ef34fd0c50dc6f0e2f
26628157665,Pyrefly,push,completed,success,2026-05-29T08:58:03Z,2026-05-29T09:03:18Z,315,0014445c83944e9e304777ef34fd0c50dc6f0e2f
26628157686,Standalone example,push,completed,success,2026-05-29T08:58:03Z,2026-05-29T09:03:28Z,325,0014445c83944e9e304777ef34fd0c50dc6f0e2f
26628157655,Mypy,push,completed,success,2026-05-29T08:58:03Z,2026-05-29T09:03:36Z,333,0014445c83944e9e304777ef34fd0c50dc6f0e2f
26628157671,ci-debug-ubuntu,push,completed,success,2026-05-29T08:58:03Z,2026-05-29T09:05:13Z,430,0014445c83944e9e304777ef34fd0c50dc6f0e2f
26628157661,clang-format,push,completed,success,2026-05-29T08:58:02Z,2026-05-29T08:58:13Z,11,0014445c83944e9e304777ef34fd0c50dc6f0e2f
26628157628,Style,push,completed,success,2026-05-29T08:58:02Z,2026-05-29T08:58:16Z,14,0014445c83944e9e304777ef34fd0c50dc6f0e2f
26628157636,ci-no-onnx,push,completed,success,2026-05-29T08:58:02Z,2026-05-29T09:02:59Z,297,0014445c83944e9e304777ef34fd0c50dc6f0e2f
26628154708,Build,workflow_run,completed,cancelled,2026-05-29T08:57:58Z,2026-05-29T08:58:11Z,13,2790c5a03694c1d42ba293b1e3df0eee0967fc1f
26628140461,Spelling,push,completed,success,2026-05-29T08:57:39Z,2026-05-29T08:57:49Z,10,2790c5a03694c1d42ba293b1e3df0eee0967fc1f
26628140362,Style,push,completed,success,2026-05-29T08:57:39Z,2026-05-29T08:57:50Z,11,2790c5a03694c1d42ba293b1e3df0eee0967fc1f
26628140413,clang-format,push,completed,success,2026-05-29T08:57:39Z,2026-05-29T08:57:51Z,12,2790c5a03694c1d42ba293b1e3df0eee0967fc1f
26628140381,Standalone example,push,completed,cancelled,2026-05-29T08:57:39Z,2026-05-29T08:58:07Z,28,2790c5a03694c1d42ba293b1e3df0eee0967fc1f
26628140383,ci-1-core,push,completed,cancelled,2026-05-29T08:57:39Z,2026-05-29T08:58:07Z,28,2790c5a03694c1d42ba293b1e3df0eee0967fc1f
26628140391,ci-no-onnx,push,completed,cancelled,2026-05-29T08:57:39Z,2026-05-29T08:58:19Z,40,2790c5a03694c1d42ba293b1e3df0eee0967fc1f
26628140396,ci-debug-ubuntu,push,completed,cancelled,2026-05-29T08:57:39Z,2026-05-29T08:58:19Z,40,2790c5a03694c1d42ba293b1e3df0eee0967fc1f
26628140390,Pyrefly,push,completed,cancelled,2026-05-29T08:57:39Z,2026-05-29T08:58:20Z,41,2790c5a03694c1d42ba293b1e3df0eee0967fc1f
26628140471,Mypy,push,completed,cancelled,2026-05-29T08:57:39Z,2026-05-29T08:58:19Z,40,2790c5a03694c1d42ba293b1e3df0eee0967fc1f
26628123408,Style,push,completed,success,2026-05-29T08:57:16Z,2026-05-29T08:57:29Z,13,f1920b0c03ecab0f637988685638d9ec481f3948
26628123410,clang-format,push,completed,success,2026-05-29T08:57:16Z,2026-05-29T08:57:30Z,14,f1920b0c03ecab0f637988685638d9ec481f3948
26628123379,Spelling,push,completed,success,2026-05-29T08:57:16Z,2026-05-29T08:57:28Z,12,f1920b0c03ecab0f637988685638d9ec481f3948
26628123377,Mypy,push,completed,cancelled,2026-05-29T08:57:16Z,2026-05-29T08:57:55Z,39,f1920b0c03ecab0f637988685638d9ec481f3948
26628123449,Standalone example,push,completed,cancelled,2026-05-29T08:57:16Z,2026-05-29T08:57:55Z,39,f1920b0c03ecab0f637988685638d9ec481f3948
26628123420,Pyrefly,push,completed,cancelled,2026-05-29T08:57:16Z,2026-05-29T08:57:55Z,39,f1920b0c03ecab0f637988685638d9ec481f3948
26628123423,ci-debug-ubuntu,push,completed,cancelled,2026-05-29T08:57:16Z,2026-05-29T08:57:55Z,39,f1920b0c03ecab0f637988685638d9ec481f3948
26628123382,ci-no-onnx,push,completed,cancelled,2026-05-29T08:57:16Z,2026-05-29T08:57:55Z,39,f1920b0c03ecab0f637988685638d9ec481f3948
26628123427,ci-1-core,push,completed,cancelled,2026-05-29T08:57:16Z,2026-05-29T08:57:56Z,40,f1920b0c03ecab0f637988685638d9ec481f3948
26627457251,Build,workflow_run,completed,action_required,2026-05-29T08:42:27Z,2026-05-29T08:42:27Z,0,f1c24737acb11289d641ab455732fb9891d048ba
26627380544,Build,workflow_run,completed,cancelled,2026-05-29T08:40:44Z,2026-05-29T08:58:16Z,1052,f1c24737acb11289d641ab455732fb9891d048ba
26627380044,Build,workflow_run,completed,action_required,2026-05-29T08:40:43Z,2026-05-29T08:40:43Z,0,f1c24737acb11289d641ab455732fb9891d048ba
26626968673,ci-1-core,pull_request,completed,success,2026-05-29T08:31:24Z,2026-05-29T09:20:18Z,2934,e9cb21970872993a5c53541a6a113a0bd9564b22
26626968659,clang-format,pull_request,completed,success,2026-05-29T08:31:24Z,2026-05-29T08:58:58Z,1654,e9cb21970872993a5c53541a6a113a0bd9564b22
26626968687,Style,pull_request,completed,success,2026-05-29T08:31:24Z,2026-05-29T08:58:57Z,1653,e9cb21970872993a5c53541a6a113a0bd9564b22
26626968694,Spelling,pull_request,completed,success,2026-05-29T08:31:24Z,2026-05-29T08:58:54Z,1650,e9cb21970872993a5c53541a6a113a0bd9564b22
26626968705,Mypy,pull_request,completed,success,2026-05-29T08:31:24Z,2026-05-29T09:03:34Z,1930,e9cb21970872993a5c53541a6a113a0bd9564b22
26626968664,Standalone example,pull_request,completed,success,2026-05-29T08:31:24Z,2026-05-29T09:03:32Z,1928,e9cb21970872993a5c53541a6a113a0bd9564b22
26626968761,Pyrefly,pull_request,completed,success,2026-05-29T08:31:24Z,2026-05-29T09:03:42Z,1938,e9cb21970872993a5c53541a6a113a0bd9564b22
26626968685,ci-no-onnx,pull_request,completed,success,2026-05-29T08:31:24Z,2026-05-29T09:03:54Z,1950,e9cb21970872993a5c53541a6a113a0bd9564b22
26626968699,ci-debug-ubuntu,pull_request,completed,success,2026-05-29T08:31:24Z,2026-05-29T09:06:00Z,2076,e9cb21970872993a5c53541a6a113a0bd9564b22
26626798050,Build,workflow_run,completed,action_required,2026-05-29T08:27:37Z,2026-05-29T08:27:37Z,0,f1c24737acb11289d641ab455732fb9891d048ba
26626773665,Build,workflow_run,completed,action_required,2026-05-29T08:27:04Z,2026-05-29T08:27:04Z,0,f1c24737acb11289d641ab455732fb9891d048ba
26626501023,Running Copilot cloud agent,dynamic,completed,success,2026-05-29T08:20:45Z,2026-05-29T08:35:47Z,902,260379ceb57925471b49001df277186c10258764
26626421137,Build,workflow_run,completed,skipped,2026-05-29T08:18:55Z,2026-05-29T08:18:56Z,1,f1c24737acb11289d641ab455732fb9891d048ba
26626413345,Style,push,completed,success,2026-05-29T08:18:44Z,2026-05-29T08:18:56Z,12,f1c24737acb11289d641ab455732fb9891d048ba
26626413291,Pyrefly,push,completed,success,2026-05-29T08:18:44Z,2026-05-29T08:23:44Z,300,f1c24737acb11289d641ab455732fb9891d048ba
26626413293,ci-no-onnx,push,completed,success,2026-05-29T08:18:44Z,2026-05-29T08:23:47Z,303,f1c24737acb11289d641ab455732fb9891d048ba
26626413309,Standalone example,push,completed,success,2026-05-29T08:18:44Z,2026-05-29T08:24:00Z,316,f1c24737acb11289d641ab455732fb9891d048ba
26626413290,ci-1-core,push,completed,success,2026-05-29T08:18:44Z,2026-05-29T08:40:41Z,1317,f1c24737acb11289d641ab455732fb9891d048ba
26626413277,Spelling,push,completed,success,2026-05-29T08:18:43Z,2026-05-29T08:18:53Z,10,f1c24737acb11289d641ab455732fb9891d048ba
26626413248,clang-format,push,completed,success,2026-05-29T08:18:43Z,2026-05-29T08:18:58Z,15,f1c24737acb11289d641ab455732fb9891d048ba
26626413281,Mypy,push,completed,success,2026-05-29T08:18:43Z,2026-05-29T08:23:43Z,300,f1c24737acb11289d641ab455732fb9891d048ba
26626413280,ci-debug-ubuntu,push,completed,success,2026-05-29T08:18:43Z,2026-05-29T08:25:31Z,408,f1c24737acb11289d641ab455732fb9891d048ba
26626265947,Running Copilot cloud agent,dynamic,completed,success,2026-05-29T08:15:14Z,2026-05-29T08:31:50Z,996,e0af27bf782878c6ee45f7e74d64681407bc85f1
26626140005,clang-format,pull_request,completed,success,2026-05-29T08:12:16Z,2026-05-29T08:19:41Z,445,bcb61104a50775e6bd49783c5da84946849927b3
26626140044,Style,pull_request,completed,success,2026-05-29T08:12:16Z,2026-05-29T08:19:51Z,455,bcb61104a50775e6bd49783c5da84946849927b3
26626140088,Spelling,pull_request,completed,success,2026-05-29T08:12:16Z,2026-05-29T08:19:52Z,456,bcb61104a50775e6bd49783c5da84946849927b3
26626140018,Standalone example,pull_request,completed,success,2026-05-29T08:12:16Z,2026-05-29T08:24:25Z,729,bcb61104a50775e6bd49783c5da84946849927b3
26626140032,Mypy,pull_request,completed,success,2026-05-29T08:12:16Z,2026-05-29T08:24:29Z,733,bcb61104a50775e6bd49783c5da84946849927b3
26626140070,ci-no-onnx,pull_request,completed,success,2026-05-29T08:12:16Z,2026-05-29T08:24:48Z,752,bcb61104a50775e6bd49783c5da84946849927b3
26626140027,Pyrefly,pull_request,completed,success,2026-05-29T08:12:16Z,2026-05-29T08:24:15Z,719,bcb61104a50775e6bd49783c5da84946849927b3
26626139997,ci-debug-ubuntu,pull_request,completed,success,2026-05-29T08:12:16Z,2026-05-29T08:26:28Z,852,bcb61104a50775e6bd49783c5da84946849927b3
26626140082,ci-1-core,pull_request,completed,success,2026-05-29T08:12:16Z,2026-05-29T08:40:40Z,1704,bcb61104a50775e6bd49783c5da84946849927b3
26625919931,Build,workflow_run,completed,action_required,2026-05-29T08:07:01Z,2026-05-29T08:07:01Z,0,9fb486c3f9c14d7d8a72d70c896f3dce77197b38
26625899780,Build,workflow_run,completed,action_required,2026-05-29T08:06:30Z,2026-05-29T08:06:30Z,0,9fb486c3f9c14d7d8a72d70c896f3dce77197b38
26625897270,Spelling,pull_request,completed,success,2026-05-29T08:06:27Z,2026-05-29T08:06:52Z,25,3fe3dff83bba047977b03613cf6a8418ed7f9cca
26625897199,clang-format,pull_request,completed,success,2026-05-29T08:06:27Z,2026-05-29T08:06:52Z,25,3fe3dff83bba047977b03613cf6a8418ed7f9cca
26625897410,Style,pull_request,completed,success,2026-05-29T08:06:27Z,2026-05-29T08:06:54Z,27,3fe3dff83bba047977b03613cf6a8418ed7f9cca
26625897368,Standalone example,pull_request,completed,success,2026-05-29T08:06:27Z,2026-05-29T08:11:20Z,293,3fe3dff83bba047977b03613cf6a8418ed7f9cca
26625897411,ci-no-onnx,pull_request,completed,success,2026-05-29T08:06:27Z,2026-05-29T08:11:46Z,319,3fe3dff83bba047977b03613cf6a8418ed7f9cca
26625897315,Mypy,pull_request,completed,success,2026-05-29T08:06:27Z,2026-05-29T08:11:58Z,331,3fe3dff83bba047977b03613cf6a8418ed7f9cca
26625897211,Pyrefly,pull_request,completed,success,2026-05-29T08:06:27Z,2026-05-29T08:11:33Z,306,3fe3dff83bba047977b03613cf6a8418ed7f9cca
26625897337,ci-debug-ubuntu,pull_request,completed,success,2026-05-29T08:06:27Z,2026-05-29T08:13:25Z,418,3fe3dff83bba047977b03613cf6a8418ed7f9cca
26625897318,ci-1-core,pull_request,completed,success,2026-05-29T08:06:27Z,2026-05-29T08:27:32Z,1265,3fe3dff83bba047977b03613cf6a8418ed7f9cca
26625802224,Build,workflow_run,completed,action_required,2026-05-29T08:04:11Z,2026-05-29T08:04:11Z,0,9fb486c3f9c14d7d8a72d70c896f3dce77197b38
26625732664,ci-no-onnx,pull_request,completed,success,2026-05-29T08:02:30Z,2026-05-29T08:09:09Z,399,22c82b479e891c799cc9b5e9ef963816737dcb0a
26625732734,Pyrefly,pull_request,completed,success,2026-05-29T08:02:30Z,2026-05-29T08:09:30Z,420,22c82b479e891c799cc9b5e9ef963816737dcb0a
26625732745,Mypy,pull_request,completed,success,2026-05-29T08:02:30Z,2026-05-29T08:09:42Z,432,22c82b479e891c799cc9b5e9ef963816737dcb0a
26625732777,Standalone example,pull_request,completed,success,2026-05-29T08:02:30Z,2026-05-29T08:10:25Z,475,22c82b479e891c799cc9b5e9ef963816737dcb0a
26625732723,ci-debug-ubuntu,pull_request,completed,success,2026-05-29T08:02:30Z,2026-05-29T08:11:54Z,564,22c82b479e891c799cc9b5e9ef963816737dcb0a
26625732700,clang-format,pull_request,completed,success,2026-05-29T08:02:30Z,2026-05-29T08:05:12Z,162,22c82b479e891c799cc9b5e9ef963816737dcb0a
26625732625,Style,pull_request,completed,success,2026-05-29T08:02:30Z,2026-05-29T08:05:05Z,155,22c82b479e891c799cc9b5e9ef963816737dcb0a
26625732668,Spelling,pull_request,completed,success,2026-05-29T08:02:30Z,2026-05-29T08:05:00Z,150,22c82b479e891c799cc9b5e9ef963816737dcb0a
26625732754,ci-1-core,pull_request,completed,success,2026-05-29T08:02:30Z,2026-05-29T08:27:01Z,1471,22c82b479e891c799cc9b5e9ef963816737dcb0a
26625667148,Build,workflow_run,completed,action_required,2026-05-29T08:00:56Z,2026-05-29T08:00:56Z,0,9fb486c3f9c14d7d8a72d70c896f3dce77197b38
26625644515,Build,workflow_run,completed,action_required,2026-05-29T08:00:26Z,2026-05-29T08:00:26Z,0,9fb486c3f9c14d7d8a72d70c896f3dce77197b38
26625639434,Addressing comment on PR #1255,dynamic,completed,success,2026-05-29T08:00:19Z,2026-05-29T08:02:40Z,141,5e7f59d09684319ac31e964f7d9be1739027db8e
26625633533,Build,workflow_run,completed,skipped,2026-05-29T08:00:11Z,2026-05-29T08:00:13Z,2,9fb486c3f9c14d7d8a72d70c896f3dce77197b38
26625619163,ci-debug-ubuntu,push,completed,success,2026-05-29T07:59:53Z,2026-05-29T08:06:40Z,407,9fb486c3f9c14d7d8a72d70c896f3dce77197b38
26625619133,clang-format,push,completed,success,2026-05-29T07:59:53Z,2026-05-29T08:00:06Z,13,9fb486c3f9c14d7d8a72d70c896f3dce77197b38
26625619143,Spelling,push,completed,success,2026-05-29T07:59:53Z,2026-05-29T08:00:05Z,12,9fb486c3f9c14d7d8a72d70c896f3dce77197b38
26625619121,Style,push,completed,success,2026-05-29T07:59:53Z,2026-05-29T08:00:03Z,10,9fb486c3f9c14d7d8a72d70c896f3dce77197b38
26625619152,ci-no-onnx,push,completed,success,2026-05-29T07:59:53Z,2026-05-29T08:04:35Z,282,9fb486c3f9c14d7d8a72d70c896f3dce77197b38
26625619150,Mypy,push,completed,success,2026-05-29T07:59:53Z,2026-05-29T08:04:32Z,279,9fb486c3f9c14d7d8a72d70c896f3dce77197b38
26625619142,Pyrefly,push,completed,success,2026-05-29T07:59:53Z,2026-05-29T08:04:53Z,300,9fb486c3f9c14d7d8a72d70c896f3dce77197b38
26625619137,Standalone example,push,completed,success,2026-05-29T07:59:53Z,2026-05-29T08:05:01Z,308,9fb486c3f9c14d7d8a72d70c896f3dce77197b38
26625619135,ci-1-core,push,completed,cancelled,2026-05-29T07:59:53Z,2026-05-29T08:18:53Z,1140,9fb486c3f9c14d7d8a72d70c896f3dce77197b38
26625544842,Addressing comment on PR #1259,dynamic,completed,success,2026-05-29T07:58:05Z,2026-05-29T08:06:48Z,523,18a79884262961e974d647b3b34257005dab3a3c
26625524345,Style,pull_request,completed,success,2026-05-29T07:57:36Z,2026-05-29T08:01:00Z,204,18a79884262961e974d647b3b34257005dab3a3c
26625524320,clang-format,pull_request,completed,success,2026-05-29T07:57:36Z,2026-05-29T08:01:04Z,208,18a79884262961e974d647b3b34257005dab3a3c
26625524335,Mypy,pull_request,completed,success,2026-05-29T07:57:36Z,2026-05-29T08:04:51Z,435,18a79884262961e974d647b3b34257005dab3a3c
26625524327,Standalone example,pull_request,completed,success,2026-05-29T07:57:36Z,2026-05-29T08:06:00Z,504,18a79884262961e974d647b3b34257005dab3a3c
26625524290,ci-debug-ubuntu,pull_request,completed,cancelled,2026-05-29T07:57:35Z,2026-05-29T08:06:46Z,551,18a79884262961e974d647b3b34257005dab3a3c
26625524310,ci-1-core,pull_request,completed,cancelled,2026-05-29T07:57:35Z,2026-05-29T08:06:58Z,563,18a79884262961e974d647b3b34257005dab3a3c
26625524316,Spelling,pull_request,completed,success,2026-05-29T07:57:35Z,2026-05-29T08:00:55Z,200,18a79884262961e974d647b3b34257005dab3a3c
26625524289,ci-no-onnx,pull_request,completed,success,2026-05-29T07:57:35Z,2026-05-29T08:05:39Z,484,18a79884262961e974d647b3b34257005dab3a3c
26625524328,Pyrefly,pull_request,completed,success,2026-05-29T07:57:35Z,2026-05-29T08:05:45Z,490,18a79884262961e974d647b3b34257005dab3a3c
26663368644,Standalone example,pull_request,completed,action_required,2026-05-29T21:34:40Z,2026-05-29T21:34:40Z,0,600c5fd1968a6cf620875b4fcec2759c340be61f
26663368665,ci-no-onnx,pull_request,completed,action_required,2026-05-29T21:34:40Z,2026-05-29T21:34:40Z,0,600c5fd1968a6cf620875b4fcec2759c340be61f
26663368662,Style,pull_request,completed,action_required,2026-05-29T21:34:40Z,2026-05-29T21:34:40Z,0,600c5fd1968a6cf620875b4fcec2759c340be61f
26663368692,clang-format,pull_request,completed,action_required,2026-05-29T21:34:40Z,2026-05-29T21:34:40Z,0,600c5fd1968a6cf620875b4fcec2759c340be61f
26663368718,Pyrefly,pull_request,completed,action_required,2026-05-29T21:34:40Z,2026-05-29T21:34:40Z,0,600c5fd1968a6cf620875b4fcec2759c340be61f
26663368705,Spelling,pull_request,completed,action_required,2026-05-29T21:34:40Z,2026-05-29T21:34:40Z,0,600c5fd1968a6cf620875b4fcec2759c340be61f
26663368652,ci-debug-ubuntu,pull_request,completed,action_required,2026-05-29T21:34:40Z,2026-05-29T21:34:40Z,0,600c5fd1968a6cf620875b4fcec2759c340be61f
26663368679,ci-1-core,pull_request,completed,action_required,2026-05-29T21:34:40Z,2026-05-29T21:34:40Z,0,600c5fd1968a6cf620875b4fcec2759c340be61f
26663368726,Mypy,pull_request,completed,action_required,2026-05-29T21:34:40Z,2026-05-29T21:34:40Z,0,600c5fd1968a6cf620875b4fcec2759c340be61f
26663260745,Spelling,push,completed,success,2026-05-29T21:32:05Z,2026-05-29T21:32:16Z,11,8a1dbd0724e27b91a4004febd1d5151bf69ad0d1
26663260813,Style,push,completed,success,2026-05-29T21:32:05Z,2026-05-29T21:32:16Z,11,8a1dbd0724e27b91a4004febd1d5151bf69ad0d1
26663260763,clang-format,push,completed,success,2026-05-29T21:32:05Z,2026-05-29T21:32:21Z,16,8a1dbd0724e27b91a4004febd1d5151bf69ad0d1
26663260787,ci-no-onnx,push,completed,success,2026-05-29T21:32:05Z,2026-05-29T21:36:04Z,239,8a1dbd0724e27b91a4004febd1d5151bf69ad0d1
26663260769,Standalone example,push,completed,success,2026-05-29T21:32:05Z,2026-05-29T21:37:22Z,317,8a1dbd0724e27b91a4004febd1d5151bf69ad0d1
26663260755,Pyrefly,push,completed,success,2026-05-29T21:32:05Z,2026-05-29T21:37:14Z,309,8a1dbd0724e27b91a4004febd1d5151bf69ad0d1
26663260773,Mypy,push,completed,success,2026-05-29T21:32:05Z,2026-05-29T21:37:19Z,314,8a1dbd0724e27b91a4004febd1d5151bf69ad0d1
26661596020,Build,workflow_run,completed,action_required,2026-05-29T20:52:30Z,2026-05-29T20:52:30Z,0,9a48dd1326408984037ee710bb5b364ff76dd284
26659252675,Build,workflow_run,completed,success,2026-05-29T20:00:06Z,2026-05-29T20:36:20Z,2174,9a48dd1326408984037ee710bb5b364ff76dd284
26658548173,Standalone example,pull_request,completed,success,2026-05-29T19:45:02Z,2026-05-29T20:37:13Z,3131,f9e6fec892d1308255ab305890be7acd7c6f4fd6
26658548191,Mypy,pull_request,completed,success,2026-05-29T19:45:02Z,2026-05-29T20:37:22Z,3140,f9e6fec892d1308255ab305890be7acd7c6f4fd6
26658548179,ci-no-onnx,pull_request,completed,success,2026-05-29T19:45:02Z,2026-05-29T20:37:08Z,3126,f9e6fec892d1308255ab305890be7acd7c6f4fd6
26658548170,Pyrefly,pull_request,completed,success,2026-05-29T19:45:02Z,2026-05-29T20:37:09Z,3127,f9e6fec892d1308255ab305890be7acd7c6f4fd6
26658548166,ci-debug-ubuntu,pull_request,completed,success,2026-05-29T19:45:02Z,2026-05-29T20:37:47Z,3165,f9e6fec892d1308255ab305890be7acd7c6f4fd6
26658548180,Style,pull_request,completed,success,2026-05-29T19:45:02Z,2026-05-29T20:32:03Z,2821,f9e6fec892d1308255ab305890be7acd7c6f4fd6
26658548176,clang-format,pull_request,completed,success,2026-05-29T19:45:02Z,2026-05-29T20:32:08Z,2826,f9e6fec892d1308255ab305890be7acd7c6f4fd6
26658548187,Spelling,pull_request,completed,success,2026-05-29T19:45:02Z,2026-05-29T20:32:05Z,2823,f9e6fec892d1308255ab305890be7acd7c6f4fd6
26658548177,ci-1-core,pull_request,completed,success,2026-05-29T19:45:02Z,2026-05-29T20:52:28Z,4046,f9e6fec892d1308255ab305890be7acd7c6f4fd6
26658429633,Addressing comment on PR #1289,dynamic,completed,success,2026-05-29T19:42:27Z,2026-05-29T19:45:55Z,208,b2c45758d8b1f8109ffb194e35be8f5d3b77c234
26658351025,ci-1-core,push,completed,success,2026-05-29T19:40:44Z,2026-05-29T20:00:03Z,1159,9a48dd1326408984037ee710bb5b364ff76dd284
26658351008,Style,push,completed,success,2026-05-29T19:40:44Z,2026-05-29T19:40:56Z,12,9a48dd1326408984037ee710bb5b364ff76dd284
26658350975,Spelling,push,completed,success,2026-05-29T19:40:44Z,2026-05-29T19:40:56Z,12,9a48dd1326408984037ee710bb5b364ff76dd284
26658350987,clang-format,push,completed,success,2026-05-29T19:40:44Z,2026-05-29T19:40:59Z,15,9a48dd1326408984037ee710bb5b364ff76dd284
26658351003,ci-no-onnx,push,completed,success,2026-05-29T19:40:44Z,2026-05-29T19:45:54Z,310,9a48dd1326408984037ee710bb5b364ff76dd284
26658351004,Mypy,push,completed,success,2026-05-29T19:40:44Z,2026-05-29T19:45:55Z,311,9a48dd1326408984037ee710bb5b364ff76dd284
26658350998,Pyrefly,push,completed,success,2026-05-29T19:40:44Z,2026-05-29T19:45:38Z,294,9a48dd1326408984037ee710bb5b364ff76dd284
26658350967,Standalone example,push,completed,success,2026-05-29T19:40:44Z,2026-05-29T19:45:59Z,315,9a48dd1326408984037ee710bb5b364ff76dd284
26658350996,ci-debug-ubuntu,push,completed,success,2026-05-29T19:40:44Z,2026-05-29T19:47:50Z,426,9a48dd1326408984037ee710bb5b364ff76dd284
26657504654,Build,workflow_run,completed,action_required,2026-05-29T19:22:50Z,2026-05-29T19:22:50Z,0,13d71c909633eedc680623b6548985851c6a6d7a
26657405495,Build,workflow_run,completed,action_required,2026-05-29T19:20:40Z,2026-05-29T19:20:40Z,0,13d71c909633eedc680623b6548985851c6a6d7a
26656387990,ci-1-core,pull_request,completed,success,2026-05-29T18:58:59Z,2026-05-29T19:20:37Z,1298,b2c45758d8b1f8109ffb194e35be8f5d3b77c234
26656387998,clang-format,pull_request,completed,success,2026-05-29T18:58:59Z,2026-05-29T19:03:47Z,288,b2c45758d8b1f8109ffb194e35be8f5d3b77c234
26656387987,Style,pull_request,completed,success,2026-05-29T18:58:59Z,2026-05-29T19:03:44Z,285,b2c45758d8b1f8109ffb194e35be8f5d3b77c234
26656387997,Spelling,pull_request,completed,failure,2026-05-29T18:58:59Z,2026-05-29T19:03:45Z,286,b2c45758d8b1f8109ffb194e35be8f5d3b77c234
26656388032,ci-no-onnx,pull_request,completed,success,2026-05-29T18:58:59Z,2026-05-29T19:08:32Z,573,b2c45758d8b1f8109ffb194e35be8f5d3b77c234
26656388028,Pyrefly,pull_request,completed,success,2026-05-29T18:58:59Z,2026-05-29T19:08:34Z,575,b2c45758d8b1f8109ffb194e35be8f5d3b77c234
26656387991,Mypy,pull_request,completed,success,2026-05-29T18:58:59Z,2026-05-29T19:08:58Z,599,b2c45758d8b1f8109ffb194e35be8f5d3b77c234
26656387985,Standalone example,pull_request,completed,success,2026-05-29T18:58:59Z,2026-05-29T19:08:35Z,576,b2c45758d8b1f8109ffb194e35be8f5d3b77c234
26656388019,ci-debug-ubuntu,pull_request,completed,success,2026-05-29T18:58:59Z,2026-05-29T19:10:20Z,681,b2c45758d8b1f8109ffb194e35be8f5d3b77c234
26656234461,Build,workflow_run,completed,success,2026-05-29T18:55:44Z,2026-05-29T19:28:01Z,1937,13d71c909633eedc680623b6548985851c6a6d7a
26656147623,ci-debug-ubuntu,pull_request,completed,success,2026-05-29T18:54:00Z,2026-05-29T19:11:43Z,1063,2732a858ca9215157823e302d8efb726a321593b
26656147648,Spelling,pull_request,completed,success,2026-05-29T18:54:00Z,2026-05-29T19:04:14Z,614,2732a858ca9215157823e302d8efb726a321593b
26656147613,Style,pull_request,completed,success,2026-05-29T18:54:00Z,2026-05-29T19:04:16Z,616,2732a858ca9215157823e302d8efb726a321593b
26656147627,clang-format,pull_request,completed,success,2026-05-29T18:54:00Z,2026-05-29T19:04:17Z,617,2732a858ca9215157823e302d8efb726a321593b
26656147704,Mypy,pull_request,completed,success,2026-05-29T18:54:00Z,2026-05-29T19:09:15Z,915,2732a858ca9215157823e302d8efb726a321593b
26656147620,Standalone example,pull_request,completed,success,2026-05-29T18:54:00Z,2026-05-29T19:09:31Z,931,2732a858ca9215157823e302d8efb726a321593b
26656147896,ci-no-onnx,pull_request,completed,success,2026-05-29T18:54:00Z,2026-05-29T19:09:44Z,944,2732a858ca9215157823e302d8efb726a321593b
26656147919,Pyrefly,pull_request,completed,success,2026-05-29T18:54:00Z,2026-05-29T19:09:44Z,944,2732a858ca9215157823e302d8efb726a321593b
26656147783,ci-1-core,pull_request,completed,success,2026-05-29T18:54:00Z,2026-05-29T19:22:47Z,1727,2732a858ca9215157823e302d8efb726a321593b
26655578239,Build,workflow_run,completed,action_required,2026-05-29T18:42:08Z,2026-05-29T18:42:08Z,0,13d71c909633eedc680623b6548985851c6a6d7a
26655325464,Running Copilot cloud agent,dynamic,completed,success,2026-05-29T18:36:47Z,2026-05-29T18:57:45Z,1258,1c0cfb52f76dcdb70a8e4c63b78a24c882986dd9
26655316358,Running Copilot cloud agent,dynamic,completed,success,2026-05-29T18:36:36Z,2026-05-29T18:59:30Z,1374,dfbd39d2308d50bc3db91aee707c1934e4f2cf7e
26655309094,Build,workflow_run,completed,action_required,2026-05-29T18:36:27Z,2026-05-29T18:36:27Z,0,13d71c909633eedc680623b6548985851c6a6d7a
26655298738,Build,workflow_run,completed,skipped,2026-05-29T18:36:14Z,2026-05-29T18:36:15Z,1,13d71c909633eedc680623b6548985851c6a6d7a
26655281931,clang-format,push,completed,success,2026-05-29T18:35:53Z,2026-05-29T18:36:10Z,17,13d71c909633eedc680623b6548985851c6a6d7a
26655281924,Spelling,push,completed,success,2026-05-29T18:35:53Z,2026-05-29T18:36:03Z,10,13d71c909633eedc680623b6548985851c6a6d7a
26655281897,Style,push,completed,success,2026-05-29T18:35:53Z,2026-05-29T18:36:06Z,13,13d71c909633eedc680623b6548985851c6a6d7a
26655281891,Mypy,push,completed,success,2026-05-29T18:35:53Z,2026-05-29T18:41:25Z,332,13d71c909633eedc680623b6548985851c6a6d7a
26655281892,Standalone example,push,completed,success,2026-05-29T18:35:53Z,2026-05-29T18:41:27Z,334,13d71c909633eedc680623b6548985851c6a6d7a
26655281873,ci-no-onnx,push,completed,success,2026-05-29T18:35:53Z,2026-05-29T18:41:30Z,337,13d71c909633eedc680623b6548985851c6a6d7a
26655281881,Pyrefly,push,completed,success,2026-05-29T18:35:53Z,2026-05-29T18:41:10Z,317,13d71c909633eedc680623b6548985851c6a6d7a
26655281843,ci-debug-ubuntu,push,completed,success,2026-05-29T18:35:53Z,2026-05-29T18:43:39Z,466,13d71c909633eedc680623b6548985851c6a6d7a
26655281959,ci-1-core,push,completed,success,2026-05-29T18:35:53Z,2026-05-29T18:55:42Z,1189,13d71c909633eedc680623b6548985851c6a6d7a
26655255326,Style,push,completed,success,2026-05-29T18:35:19Z,2026-05-29T18:35:29Z,10,222b9a2054fc78f6421181336ddc67abfda461a2
26655255319,clang-format,push,completed,success,2026-05-29T18:35:19Z,2026-05-29T18:35:32Z,13,222b9a2054fc78f6421181336ddc67abfda461a2
26655255171,Spelling,push,completed,success,2026-05-29T18:35:18Z,2026-05-29T18:35:31Z,13,222b9a2054fc78f6421181336ddc67abfda461a2
26655255257,Standalone example,push,completed,cancelled,2026-05-29T18:35:18Z,2026-05-29T18:36:09Z,51,222b9a2054fc78f6421181336ddc67abfda461a2
26655255127,Mypy,push,completed,cancelled,2026-05-29T18:35:18Z,2026-05-29T18:36:09Z,51,222b9a2054fc78f6421181336ddc67abfda461a2
26655255212,Pyrefly,push,completed,cancelled,2026-05-29T18:35:18Z,2026-05-29T18:36:09Z,51,222b9a2054fc78f6421181336ddc67abfda461a2
26655255185,ci-no-onnx,push,completed,cancelled,2026-05-29T18:35:18Z,2026-05-29T18:36:09Z,51,222b9a2054fc78f6421181336ddc67abfda461a2
26655255129,ci-debug-ubuntu,push,completed,cancelled,2026-05-29T18:35:18Z,2026-05-29T18:36:09Z,51,222b9a2054fc78f6421181336ddc67abfda461a2
26655255200,ci-1-core,push,completed,cancelled,2026-05-29T18:35:18Z,2026-05-29T18:36:11Z,53,222b9a2054fc78f6421181336ddc67abfda461a2
26642788498,Build,workflow_run,completed,skipped,2026-05-29T14:22:43Z,2026-05-29T14:22:46Z,3,24ac1055101b0e15abe5cb26d725b8b6488ad1fb
26642741069,Pyrefly,pull_request,completed,success,2026-05-29T14:21:47Z,2026-05-29T18:25:04Z,14597,373aff69a803bb5c9abbe85761849aee3331fc31
26642741119,ci-no-onnx,pull_request,completed,success,2026-05-29T14:21:47Z,2026-05-29T18:25:14Z,14607,373aff69a803bb5c9abbe85761849aee3331fc31
26642741106,Mypy,pull_request,completed,success,2026-05-29T14:21:47Z,2026-05-29T18:25:08Z,14601,373aff69a803bb5c9abbe85761849aee3331fc31
26642741065,Standalone example,pull_request,completed,success,2026-05-29T14:21:47Z,2026-05-29T18:25:09Z,14602,373aff69a803bb5c9abbe85761849aee3331fc31
26642741056,ci-debug-ubuntu,pull_request,completed,success,2026-05-29T14:21:47Z,2026-05-29T18:27:07Z,14720,373aff69a803bb5c9abbe85761849aee3331fc31
26642741151,ci-1-core,pull_request,completed,success,2026-05-29T14:21:47Z,2026-05-29T18:42:05Z,15618,373aff69a803bb5c9abbe85761849aee3331fc31
26642741105,clang-format,pull_request,completed,success,2026-05-29T14:21:47Z,2026-05-29T18:19:59Z,14292,373aff69a803bb5c9abbe85761849aee3331fc31
26642741057,Spelling,pull_request,completed,success,2026-05-29T14:21:47Z,2026-05-29T18:19:58Z,14291,373aff69a803bb5c9abbe85761849aee3331fc31
26642741102,Style,pull_request,completed,success,2026-05-29T14:21:47Z,2026-05-29T18:20:00Z,14293,373aff69a803bb5c9abbe85761849aee3331fc31
26642316283,Pyrefly,pull_request,completed,success,2026-05-29T14:13:27Z,2026-05-29T18:23:18Z,14991,db663929d1b2ace0cbbada9c6ece73b0ea4f8ca8
26642316247,ci-no-onnx,pull_request,completed,success,2026-05-29T14:13:27Z,2026-05-29T18:23:41Z,15014,db663929d1b2ace0cbbada9c6ece73b0ea4f8ca8
26642316284,Mypy,pull_request,completed,success,2026-05-29T14:13:27Z,2026-05-29T18:23:52Z,15025,db663929d1b2ace0cbbada9c6ece73b0ea4f8ca8
26642316290,Standalone example,pull_request,completed,success,2026-05-29T14:13:27Z,2026-05-29T18:23:58Z,15031,db663929d1b2ace0cbbada9c6ece73b0ea4f8ca8
26642316261,ci-debug-ubuntu,pull_request,completed,success,2026-05-29T14:13:27Z,2026-05-29T18:25:47Z,15140,db663929d1b2ace0cbbada9c6ece73b0ea4f8ca8
26642316198,ci-1-core,pull_request,completed,success,2026-05-29T14:13:27Z,2026-05-29T18:36:24Z,15777,db663929d1b2ace0cbbada9c6ece73b0ea4f8ca8
26642316207,Spelling,pull_request,completed,success,2026-05-29T14:13:27Z,2026-05-29T18:18:37Z,14710,db663929d1b2ace0cbbada9c6ece73b0ea4f8ca8
26642316173,clang-format,pull_request,completed,success,2026-05-29T14:13:27Z,2026-05-29T18:18:34Z,14707,db663929d1b2ace0cbbada9c6ece73b0ea4f8ca8
26642316129,Style,pull_request,completed,success,2026-05-29T14:13:27Z,2026-05-29T18:18:35Z,14708,db663929d1b2ace0cbbada9c6ece73b0ea4f8ca8
26642305045,Addressing comment on PR #1288,dynamic,completed,success,2026-05-29T14:13:14Z,2026-05-29T14:21:59Z,525,a53068ddfccdd7d607518e62b3fda84a2b7ea510
26642244936,Addressing comment on PR #1286,dynamic,completed,success,2026-05-29T14:12:02Z,2026-05-29T14:13:52Z,110,129e48a51b0433676a093fcafbc16d02e5a3263f
26642168101,Build,workflow_run,completed,skipped,2026-05-29T14:10:31Z,2026-05-29T14:10:34Z,3,24ac1055101b0e15abe5cb26d725b8b6488ad1fb
26642146810,ci-debug-ubuntu,push,completed,success,2026-05-29T14:10:08Z,2026-05-29T14:16:56Z,408,24ac1055101b0e15abe5cb26d725b8b6488ad1fb
26642146348,clang-format,push,completed,success,2026-05-29T14:10:07Z,2026-05-29T14:10:19Z,12,24ac1055101b0e15abe5cb26d725b8b6488ad1fb
26642146489,Style,push,completed,success,2026-05-29T14:10:07Z,2026-05-29T14:10:27Z,20,24ac1055101b0e15abe5cb26d725b8b6488ad1fb
26642146402,Spelling,push,completed,success,2026-05-29T14:10:07Z,2026-05-29T14:10:36Z,29,24ac1055101b0e15abe5cb26d725b8b6488ad1fb
26642146626,Pyrefly,push,completed,success,2026-05-29T14:10:07Z,2026-05-29T14:15:02Z,295,24ac1055101b0e15abe5cb26d725b8b6488ad1fb
26642146412,Standalone example,push,completed,success,2026-05-29T14:10:07Z,2026-05-29T14:15:27Z,320,24ac1055101b0e15abe5cb26d725b8b6488ad1fb
26642146488,ci-no-onnx,push,completed,success,2026-05-29T14:10:07Z,2026-05-29T14:15:36Z,329,24ac1055101b0e15abe5cb26d725b8b6488ad1fb
26642146389,Mypy,push,completed,success,2026-05-29T14:10:07Z,2026-05-29T14:15:30Z,323,24ac1055101b0e15abe5cb26d725b8b6488ad1fb
26642146452,ci-1-core,push,completed,cancelled,2026-05-29T14:10:07Z,2026-05-29T14:22:40Z,753,24ac1055101b0e15abe5cb26d725b8b6488ad1fb
26641830457,Build,workflow_run,completed,action_required,2026-05-29T14:03:53Z,2026-05-29T14:03:53Z,0,496bdd5f99872681c3f4e0a05aa000effb99bf79
26641813710,Build,workflow_run,completed,action_required,2026-05-29T14:03:33Z,2026-05-29T14:03:33Z,0,496bdd5f99872681c3f4e0a05aa000effb99bf79
26685984632,Style,pull_request,completed,success,2026-05-30T14:13:58Z,2026-05-30T17:13:56Z,10798,1c0ddd622d24c96844ae592eced890e01936e22f
26685984643,Spelling,pull_request,completed,success,2026-05-30T14:13:58Z,2026-05-30T17:14:03Z,10805,1c0ddd622d24c96844ae592eced890e01936e22f
26685984673,clang-format,pull_request,completed,success,2026-05-30T14:13:58Z,2026-05-30T17:14:01Z,10803,1c0ddd622d24c96844ae592eced890e01936e22f
26685974741,ci-1-core,pull_request,completed,failure,2026-05-30T14:13:27Z,2026-05-30T17:16:12Z,10965,a7751c3b71db0028c1d056dde64f3dec10c12587
26685974735,Spelling,pull_request,completed,success,2026-05-30T14:13:27Z,2026-05-30T17:07:54Z,10467,a7751c3b71db0028c1d056dde64f3dec10c12587
26685974739,Style,pull_request,completed,success,2026-05-30T14:13:27Z,2026-05-30T17:07:53Z,10466,a7751c3b71db0028c1d056dde64f3dec10c12587
26685974738,clang-format,pull_request,completed,success,2026-05-30T14:13:27Z,2026-05-30T17:07:53Z,10466,a7751c3b71db0028c1d056dde64f3dec10c12587
26685974764,Mypy,pull_request,completed,success,2026-05-30T14:13:27Z,2026-05-30T17:12:18Z,10731,a7751c3b71db0028c1d056dde64f3dec10c12587
26685974757,Pyrefly,pull_request,completed,success,2026-05-30T14:13:27Z,2026-05-30T17:13:17Z,10790,a7751c3b71db0028c1d056dde64f3dec10c12587
26685974774,Standalone example,pull_request,completed,success,2026-05-30T14:13:27Z,2026-05-30T17:13:45Z,10818,a7751c3b71db0028c1d056dde64f3dec10c12587
26685974726,ci-no-onnx,pull_request,completed,success,2026-05-30T14:13:27Z,2026-05-30T17:13:49Z,10822,a7751c3b71db0028c1d056dde64f3dec10c12587
26685974746,ci-debug-ubuntu,pull_request,completed,failure,2026-05-30T14:13:27Z,2026-05-30T17:15:23Z,10916,a7751c3b71db0028c1d056dde64f3dec10c12587
26685908595,Build,workflow_run,completed,success,2026-05-30T14:10:16Z,2026-05-30T14:50:22Z,2406,8ca4ec977d0d6a3ed626e93d8fe2a547e32b84ca
26685902110,Style,pull_request,completed,action_required,2026-05-30T14:10:00Z,2026-05-30T14:10:00Z,0,653862329989748d92a50cca8ee5e5915331129e
26685902111,Pyrefly,pull_request,completed,action_required,2026-05-30T14:10:00Z,2026-05-30T14:10:00Z,0,653862329989748d92a50cca8ee5e5915331129e
26685902115,ci-debug-ubuntu,pull_request,completed,action_required,2026-05-30T14:10:00Z,2026-05-30T14:10:00Z,0,653862329989748d92a50cca8ee5e5915331129e
26685902108,Mypy,pull_request,completed,action_required,2026-05-30T14:10:00Z,2026-05-30T14:10:00Z,0,653862329989748d92a50cca8ee5e5915331129e
26685902133,ci-1-core,pull_request,completed,action_required,2026-05-30T14:10:00Z,2026-05-30T14:10:00Z,0,653862329989748d92a50cca8ee5e5915331129e
26685902118,ci-no-onnx,pull_request,completed,action_required,2026-05-30T14:10:00Z,2026-05-30T14:10:00Z,0,653862329989748d92a50cca8ee5e5915331129e
26685902132,Standalone example,pull_request,completed,action_required,2026-05-30T14:10:00Z,2026-05-30T14:10:00Z,0,653862329989748d92a50cca8ee5e5915331129e
26685902113,clang-format,pull_request,completed,action_required,2026-05-30T14:10:00Z,2026-05-30T14:10:00Z,0,653862329989748d92a50cca8ee5e5915331129e
26685902124,Spelling,pull_request,completed,action_required,2026-05-30T14:10:00Z,2026-05-30T14:10:00Z,0,653862329989748d92a50cca8ee5e5915331129e
26685544127,Running Copilot cloud agent,dynamic,completed,success,2026-05-30T13:53:16Z,2026-05-30T14:14:24Z,1268,bcfdc1c2838a6a567d0043c04f1b077a47889edc
26685537313,Style,pull_request,completed,success,2026-05-30T13:52:56Z,2026-05-30T17:08:37Z,11741,2d54994f2c395727b730dcace4d5a36875886f2b
26685537311,clang-format,pull_request,completed,success,2026-05-30T13:52:56Z,2026-05-30T17:08:37Z,11741,2d54994f2c395727b730dcace4d5a36875886f2b
26685537297,Spelling,pull_request,completed,success,2026-05-30T13:52:56Z,2026-05-30T17:08:40Z,11744,2d54994f2c395727b730dcace4d5a36875886f2b
26685537316,Pyrefly,pull_request,completed,success,2026-05-30T13:52:56Z,2026-05-30T17:14:11Z,12075,2d54994f2c395727b730dcace4d5a36875886f2b
26685537324,ci-no-onnx,pull_request,completed,success,2026-05-30T13:52:56Z,2026-05-30T17:14:19Z,12083,2d54994f2c395727b730dcace4d5a36875886f2b
26685537309,Mypy,pull_request,completed,success,2026-05-30T13:52:56Z,2026-05-30T17:14:14Z,12078,2d54994f2c395727b730dcace4d5a36875886f2b
26685537322,Standalone example,pull_request,completed,success,2026-05-30T13:52:56Z,2026-05-30T17:14:40Z,12104,2d54994f2c395727b730dcace4d5a36875886f2b
26685524492,clang-format,pull_request,completed,success,2026-05-30T13:52:21Z,2026-05-30T17:08:30Z,11769,d380e40004fbf5a769455477c77dac51e6b6ae32
26685524499,Style,pull_request,completed,success,2026-05-30T13:52:21Z,2026-05-30T17:08:25Z,11764,d380e40004fbf5a769455477c77dac51e6b6ae32
26685524491,Spelling,pull_request,completed,success,2026-05-30T13:52:21Z,2026-05-30T17:08:25Z,11764,d380e40004fbf5a769455477c77dac51e6b6ae32
26685524489,Mypy,pull_request,completed,success,2026-05-30T13:52:21Z,2026-05-30T17:13:08Z,12047,d380e40004fbf5a769455477c77dac51e6b6ae32
26685524486,Standalone example,pull_request,completed,success,2026-05-30T13:52:21Z,2026-05-30T17:13:59Z,12098,d380e40004fbf5a769455477c77dac51e6b6ae32
26685524508,Pyrefly,pull_request,completed,success,2026-05-30T13:52:21Z,2026-05-30T17:13:52Z,12091,d380e40004fbf5a769455477c77dac51e6b6ae32
26685524507,ci-no-onnx,pull_request,completed,success,2026-05-30T13:52:21Z,2026-05-30T17:14:03Z,12102,d380e40004fbf5a769455477c77dac51e6b6ae32
26685480206,Spelling,pull_request,completed,action_required,2026-05-30T13:50:17Z,2026-05-30T13:50:17Z,0,bcfdc1c2838a6a567d0043c04f1b077a47889edc
26685480194,Standalone example,pull_request,completed,action_required,2026-05-30T13:50:17Z,2026-05-30T13:50:17Z,0,bcfdc1c2838a6a567d0043c04f1b077a47889edc
26685480208,Pyrefly,pull_request,completed,action_required,2026-05-30T13:50:17Z,2026-05-30T13:50:17Z,0,bcfdc1c2838a6a567d0043c04f1b077a47889edc
26685480198,clang-format,pull_request,completed,action_required,2026-05-30T13:50:17Z,2026-05-30T13:50:17Z,0,bcfdc1c2838a6a567d0043c04f1b077a47889edc
26685480226,ci-no-onnx,pull_request,completed,action_required,2026-05-30T13:50:17Z,2026-05-30T13:50:17Z,0,bcfdc1c2838a6a567d0043c04f1b077a47889edc
26685480191,Mypy,pull_request,completed,action_required,2026-05-30T13:50:17Z,2026-05-30T13:50:17Z,0,bcfdc1c2838a6a567d0043c04f1b077a47889edc
26685480209,ci-debug-ubuntu,pull_request,completed,action_required,2026-05-30T13:50:17Z,2026-05-30T13:50:17Z,0,bcfdc1c2838a6a567d0043c04f1b077a47889edc
26685480204,ci-1-core,pull_request,completed,action_required,2026-05-30T13:50:17Z,2026-05-30T13:50:17Z,0,bcfdc1c2838a6a567d0043c04f1b077a47889edc
26685480216,Style,pull_request,completed,action_required,2026-05-30T13:50:17Z,2026-05-30T13:50:17Z,0,bcfdc1c2838a6a567d0043c04f1b077a47889edc
26685452532,Addressing comment on PR #1384,dynamic,completed,success,2026-05-30T13:49:00Z,2026-05-30T13:52:59Z,239,d650db3a7f8963143cd7614f8841afb09b510ce5
26685442692,Addressing comment on PR #1383,dynamic,completed,success,2026-05-30T13:48:31Z,2026-05-30T14:17:05Z,1714,4119b84ae0f8960199aa5bf799fde6648d1a4473
26685437868,Build,workflow_run,completed,skipped,2026-05-30T13:48:16Z,2026-05-30T13:48:33Z,17,8ca4ec977d0d6a3ed626e93d8fe2a547e32b84ca
26685431693,Spelling,push,completed,success,2026-05-30T13:47:58Z,2026-05-30T13:48:09Z,11,8ca4ec977d0d6a3ed626e93d8fe2a547e32b84ca
26685431686,Style,push,completed,success,2026-05-30T13:47:58Z,2026-05-30T13:48:06Z,8,8ca4ec977d0d6a3ed626e93d8fe2a547e32b84ca
26685431682,clang-format,push,completed,success,2026-05-30T13:47:58Z,2026-05-30T13:48:12Z,14,8ca4ec977d0d6a3ed626e93d8fe2a547e32b84ca
26685431684,ci-1-core,push,completed,success,2026-05-30T13:47:58Z,2026-05-30T14:10:14Z,1336,8ca4ec977d0d6a3ed626e93d8fe2a547e32b84ca
26685431692,Standalone example,push,completed,success,2026-05-30T13:47:58Z,2026-05-30T13:54:01Z,363,8ca4ec977d0d6a3ed626e93d8fe2a547e32b84ca
26685431690,Mypy,push,completed,success,2026-05-30T13:47:58Z,2026-05-30T13:53:56Z,358,8ca4ec977d0d6a3ed626e93d8fe2a547e32b84ca
26685431685,Pyrefly,push,completed,success,2026-05-30T13:47:58Z,2026-05-30T13:54:05Z,367,8ca4ec977d0d6a3ed626e93d8fe2a547e32b84ca
26685431729,ci-no-onnx,push,completed,success,2026-05-30T13:47:58Z,2026-05-30T13:54:19Z,381,8ca4ec977d0d6a3ed626e93d8fe2a547e32b84ca
26685431679,ci-debug-ubuntu,push,completed,success,2026-05-30T13:47:58Z,2026-05-30T13:56:19Z,501,8ca4ec977d0d6a3ed626e93d8fe2a547e32b84ca
26685425868,clang-format,push,completed,success,2026-05-30T13:47:39Z,2026-05-30T13:47:53Z,14,c702171d3e2db5eba47fe620c9f1cfaa750f7cdc
26685425863,Spelling,push,completed,success,2026-05-30T13:47:39Z,2026-05-30T13:47:51Z,12,c702171d3e2db5eba47fe620c9f1cfaa750f7cdc
26685425869,Style,push,completed,success,2026-05-30T13:47:39Z,2026-05-30T13:47:48Z,9,c702171d3e2db5eba47fe620c9f1cfaa750f7cdc
26685425857,Standalone example,push,completed,cancelled,2026-05-30T13:47:39Z,2026-05-30T13:48:14Z,35,c702171d3e2db5eba47fe620c9f1cfaa750f7cdc
26685425855,Pyrefly,push,completed,cancelled,2026-05-30T13:47:39Z,2026-05-30T13:48:14Z,35,c702171d3e2db5eba47fe620c9f1cfaa750f7cdc
26685425882,ci-1-core,push,completed,cancelled,2026-05-30T13:47:39Z,2026-05-30T13:48:14Z,35,c702171d3e2db5eba47fe620c9f1cfaa750f7cdc
26685425854,Mypy,push,completed,cancelled,2026-05-30T13:47:39Z,2026-05-30T13:48:14Z,35,c702171d3e2db5eba47fe620c9f1cfaa750f7cdc
26685425856,ci-no-onnx,push,completed,cancelled,2026-05-30T13:47:39Z,2026-05-30T13:48:14Z,35,c702171d3e2db5eba47fe620c9f1cfaa750f7cdc
26685425861,ci-debug-ubuntu,push,completed,cancelled,2026-05-30T13:47:39Z,2026-05-30T13:48:15Z,36,c702171d3e2db5eba47fe620c9f1cfaa750f7cdc
26685403672,Build,workflow_run,completed,action_required,2026-05-30T13:46:35Z,2026-05-30T13:46:35Z,0,ab8f793a4e94ebbb583dd1f7c7ec447dae68a843
26685355862,Build,workflow_run,completed,cancelled,2026-05-30T13:44:21Z,2026-05-30T13:48:33Z,252,ab8f793a4e94ebbb583dd1f7c7ec447dae68a843
26685342031,Build,workflow_run,completed,action_required,2026-05-30T13:43:40Z,2026-05-30T13:43:40Z,0,ab8f793a4e94ebbb583dd1f7c7ec447dae68a843
26685236673,Build,workflow_run,completed,action_required,2026-05-30T13:38:38Z,2026-05-30T13:38:38Z,0,ab8f793a4e94ebbb583dd1f7c7ec447dae68a843
26685230760,Build,workflow_run,completed,action_required,2026-05-30T13:38:22Z,2026-05-30T13:38:22Z,0,ab8f793a4e94ebbb583dd1f7c7ec447dae68a843
26684971104,Style,pull_request,completed,action_required,2026-05-30T13:26:13Z,2026-05-30T13:26:13Z,0,038aa9255aa0451e6626e9ebe888160ada2721d2
26684971097,Standalone example,pull_request,completed,action_required,2026-05-30T13:26:13Z,2026-05-30T13:26:13Z,0,038aa9255aa0451e6626e9ebe888160ada2721d2
26684971110,Spelling,pull_request,completed,action_required,2026-05-30T13:26:13Z,2026-05-30T13:26:13Z,0,038aa9255aa0451e6626e9ebe888160ada2721d2
26684971109,ci-1-core,pull_request,completed,action_required,2026-05-30T13:26:13Z,2026-05-30T13:26:13Z,0,038aa9255aa0451e6626e9ebe888160ada2721d2
26684971095,Mypy,pull_request,completed,action_required,2026-05-30T13:26:13Z,2026-05-30T13:26:13Z,0,038aa9255aa0451e6626e9ebe888160ada2721d2
26684971112,ci-debug-ubuntu,pull_request,completed,action_required,2026-05-30T13:26:13Z,2026-05-30T13:26:13Z,0,038aa9255aa0451e6626e9ebe888160ada2721d2
26684971113,clang-format,pull_request,completed,action_required,2026-05-30T13:26:13Z,2026-05-30T13:26:13Z,0,038aa9255aa0451e6626e9ebe888160ada2721d2
26684971082,ci-no-onnx,pull_request,completed,action_required,2026-05-30T13:26:12Z,2026-05-30T13:26:12Z,0,038aa9255aa0451e6626e9ebe888160ada2721d2
26684971093,Pyrefly,pull_request,completed,action_required,2026-05-30T13:26:12Z,2026-05-30T13:26:12Z,0,038aa9255aa0451e6626e9ebe888160ada2721d2
26684970744,Running Copilot cloud agent,dynamic,completed,success,2026-05-30T13:26:12Z,2026-05-30T13:56:43Z,1831,038aa9255aa0451e6626e9ebe888160ada2721d2
26684967162,Style,pull_request,completed,action_required,2026-05-30T13:26:02Z,2026-05-30T13:26:02Z,0,838ed67cefef6d193eecb98dfccf5434b21828f9
26684967177,Spelling,pull_request,completed,action_required,2026-05-30T13:26:02Z,2026-05-30T13:26:02Z,0,838ed67cefef6d193eecb98dfccf5434b21828f9
26684967188,clang-format,pull_request,completed,action_required,2026-05-30T13:26:02Z,2026-05-30T13:26:02Z,0,838ed67cefef6d193eecb98dfccf5434b21828f9
26684967191,ci-no-onnx,pull_request,completed,action_required,2026-05-30T13:26:02Z,2026-05-30T13:26:02Z,0,838ed67cefef6d193eecb98dfccf5434b21828f9
26684967205,Mypy,pull_request,completed,action_required,2026-05-30T13:26:02Z,2026-05-30T13:26:02Z,0,838ed67cefef6d193eecb98dfccf5434b21828f9
26684967167,ci-debug-ubuntu,pull_request,completed,action_required,2026-05-30T13:26:02Z,2026-05-30T13:26:02Z,0,838ed67cefef6d193eecb98dfccf5434b21828f9
26684967185,Standalone example,pull_request,completed,action_required,2026-05-30T13:26:02Z,2026-05-30T13:26:02Z,0,838ed67cefef6d193eecb98dfccf5434b21828f9
26684967170,ci-1-core,pull_request,completed,action_required,2026-05-30T13:26:02Z,2026-05-30T13:26:02Z,0,838ed67cefef6d193eecb98dfccf5434b21828f9
26684967184,Pyrefly,pull_request,completed,action_required,2026-05-30T13:26:02Z,2026-05-30T13:26:02Z,0,838ed67cefef6d193eecb98dfccf5434b21828f9
26684966785,Running Copilot cloud agent,dynamic,completed,success,2026-05-30T13:26:01Z,2026-05-30T13:59:47Z,2026,838ed67cefef6d193eecb98dfccf5434b21828f9
26684930992,Style,push,completed,success,2026-05-30T13:24:17Z,2026-05-30T13:24:28Z,11,ab8f793a4e94ebbb583dd1f7c7ec447dae68a843
26684930982,Mypy,push,completed,success,2026-05-30T13:24:17Z,2026-05-30T13:28:46Z,269,ab8f793a4e94ebbb583dd1f7c7ec447dae68a843
26684930983,ci-no-onnx,push,completed,success,2026-05-30T13:24:17Z,2026-05-30T13:30:02Z,345,ab8f793a4e94ebbb583dd1f7c7ec447dae68a843
26684930995,ci-debug-ubuntu,push,completed,success,2026-05-30T13:24:17Z,2026-05-30T13:32:12Z,475,ab8f793a4e94ebbb583dd1f7c7ec447dae68a843
26684930979,clang-format,push,completed,success,2026-05-30T13:24:16Z,2026-05-30T13:24:28Z,12,ab8f793a4e94ebbb583dd1f7c7ec447dae68a843
26684930974,Spelling,push,completed,success,2026-05-30T13:24:16Z,2026-05-30T13:24:28Z,12,ab8f793a4e94ebbb583dd1f7c7ec447dae68a843
26684930981,Pyrefly,push,completed,success,2026-05-30T13:24:16Z,2026-05-30T13:30:00Z,344,ab8f793a4e94ebbb583dd1f7c7ec447dae68a843
26684930977,Standalone example,push,completed,success,2026-05-30T13:24:16Z,2026-05-30T13:29:56Z,340,ab8f793a4e94ebbb583dd1f7c7ec447dae68a843
26684930978,ci-1-core,push,completed,success,2026-05-30T13:24:16Z,2026-05-30T13:44:19Z,1203,ab8f793a4e94ebbb583dd1f7c7ec447dae68a843
26684749715,Spelling,pull_request,completed,success,2026-05-30T13:15:14Z,2026-05-30T13:24:58Z,584,209bd26e8b10263fb0340d993f2899ea455b5dbd
26684749707,Style,pull_request,completed,success,2026-05-30T13:15:14Z,2026-05-30T13:24:59Z,585,209bd26e8b10263fb0340d993f2899ea455b5dbd
26684749711,clang-format,pull_request,completed,success,2026-05-30T13:15:14Z,2026-05-30T13:25:05Z,591,209bd26e8b10263fb0340d993f2899ea455b5dbd
26684749702,ci-no-onnx,pull_request,completed,success,2026-05-30T13:15:14Z,2026-05-30T13:29:16Z,842,209bd26e8b10263fb0340d993f2899ea455b5dbd
26684749700,Pyrefly,pull_request,completed,success,2026-05-30T13:15:14Z,2026-05-30T13:30:06Z,892,209bd26e8b10263fb0340d993f2899ea455b5dbd
26684749714,Standalone example,pull_request,completed,success,2026-05-30T13:15:14Z,2026-05-30T13:30:27Z,913,209bd26e8b10263fb0340d993f2899ea455b5dbd
26684749722,Mypy,pull_request,completed,success,2026-05-30T13:15:14Z,2026-05-30T13:30:54Z,940,209bd26e8b10263fb0340d993f2899ea455b5dbd
26684749699,ci-debug-ubuntu,pull_request,completed,success,2026-05-30T13:15:14Z,2026-05-30T13:32:47Z,1053,209bd26e8b10263fb0340d993f2899ea455b5dbd
26684749721,ci-1-core,pull_request,completed,success,2026-05-30T13:15:14Z,2026-05-30T13:46:33Z,1879,209bd26e8b10263fb0340d993f2899ea455b5dbd
26684551027,Build,workflow_run,completed,action_required,2026-05-30T13:04:55Z,2026-05-30T13:04:55Z,0,8801ca672e938090a55263b26bb8341b7d3f9e39
26684505091,Style,pull_request,completed,success,2026-05-30T13:02:30Z,2026-05-30T13:29:27Z,1617,4119b84ae0f8960199aa5bf799fde6648d1a4473
26684505099,Spelling,pull_request,completed,success,2026-05-30T13:02:30Z,2026-05-30T13:30:38Z,1688,4119b84ae0f8960199aa5bf799fde6648d1a4473
26684505103,clang-format,pull_request,completed,success,2026-05-30T13:02:30Z,2026-05-30T13:30:34Z,1684,4119b84ae0f8960199aa5bf799fde6648d1a4473
26684505100,ci-no-onnx,pull_request,completed,failure,2026-05-30T13:02:30Z,2026-05-30T13:31:18Z,1728,4119b84ae0f8960199aa5bf799fde6648d1a4473
26684505092,Standalone example,pull_request,completed,success,2026-05-30T13:02:30Z,2026-05-30T13:35:15Z,1965,4119b84ae0f8960199aa5bf799fde6648d1a4473
26684505098,Mypy,pull_request,completed,success,2026-05-30T13:02:30Z,2026-05-30T13:35:51Z,2001,4119b84ae0f8960199aa5bf799fde6648d1a4473
26684505093,Pyrefly,pull_request,completed,success,2026-05-30T13:02:30Z,2026-05-30T13:36:37Z,2047,4119b84ae0f8960199aa5bf799fde6648d1a4473
26684505095,ci-debug-ubuntu,pull_request,completed,failure,2026-05-30T13:02:30Z,2026-05-30T13:37:38Z,2108,4119b84ae0f8960199aa5bf799fde6648d1a4473
26684505106,ci-1-core,pull_request,completed,failure,2026-05-30T13:02:30Z,2026-05-30T13:38:37Z,2167,4119b84ae0f8960199aa5bf799fde6648d1a4473
26684471860,Build,workflow_run,completed,success,2026-05-30T13:00:54Z,2026-05-30T13:39:22Z,2308,8801ca672e938090a55263b26bb8341b7d3f9e39
26684390484,clang-format,pull_request,completed,success,2026-05-30T12:57:00Z,2026-05-30T13:24:47Z,1667,71d301d0705a2bc53c02bfe91a3098658ef7a9a4
26684390479,Spelling,pull_request,completed,success,2026-05-30T12:57:00Z,2026-05-30T13:24:48Z,1668,71d301d0705a2bc53c02bfe91a3098658ef7a9a4
26684390485,Style,pull_request,completed,success,2026-05-30T12:57:00Z,2026-05-30T13:24:45Z,1665,71d301d0705a2bc53c02bfe91a3098658ef7a9a4
26684390500,Pyrefly,pull_request,completed,success,2026-05-30T12:57:00Z,2026-05-30T13:29:18Z,1938,71d301d0705a2bc53c02bfe91a3098658ef7a9a4
26684390483,ci-no-onnx,pull_request,completed,success,2026-05-30T12:57:00Z,2026-05-30T13:30:15Z,1995,71d301d0705a2bc53c02bfe91a3098658ef7a9a4
26684390488,Mypy,pull_request,completed,success,2026-05-30T12:57:00Z,2026-05-30T13:30:22Z,2002,71d301d0705a2bc53c02bfe91a3098658ef7a9a4
26684390527,Standalone example,pull_request,completed,success,2026-05-30T12:57:00Z,2026-05-30T13:30:27Z,2007,71d301d0705a2bc53c02bfe91a3098658ef7a9a4
26684390499,ci-debug-ubuntu,pull_request,completed,success,2026-05-30T12:57:00Z,2026-05-30T13:32:31Z,2131,71d301d0705a2bc53c02bfe91a3098658ef7a9a4
26684390505,ci-1-core,pull_request,completed,success,2026-05-30T12:57:00Z,2026-05-30T13:43:38Z,2798,71d301d0705a2bc53c02bfe91a3098658ef7a9a4
26684367481,Style,pull_request,completed,success,2026-05-30T12:55:50Z,2026-05-30T13:25:12Z,1762,d650db3a7f8963143cd7614f8841afb09b510ce5
26684367466,clang-format,pull_request,completed,success,2026-05-30T12:55:50Z,2026-05-30T13:25:31Z,1781,d650db3a7f8963143cd7614f8841afb09b510ce5
26684367475,Spelling,pull_request,completed,success,2026-05-30T12:55:50Z,2026-05-30T13:28:55Z,1985,d650db3a7f8963143cd7614f8841afb09b510ce5
26684367472,Pyrefly,pull_request,completed,success,2026-05-30T12:55:50Z,2026-05-30T13:34:45Z,2335,d650db3a7f8963143cd7614f8841afb09b510ce5
26684367487,ci-no-onnx,pull_request,completed,failure,2026-05-30T12:55:50Z,2026-05-30T13:35:21Z,2371,d650db3a7f8963143cd7614f8841afb09b510ce5
26684367479,Mypy,pull_request,completed,success,2026-05-30T12:55:50Z,2026-05-30T13:35:43Z,2393,d650db3a7f8963143cd7614f8841afb09b510ce5
26684367491,Standalone example,pull_request,completed,success,2026-05-30T12:55:50Z,2026-05-30T13:36:20Z,2430,d650db3a7f8963143cd7614f8841afb09b510ce5
26684367502,ci-debug-ubuntu,pull_request,completed,failure,2026-05-30T12:55:50Z,2026-05-30T13:36:40Z,2450,d650db3a7f8963143cd7614f8841afb09b510ce5
26684367482,ci-1-core,pull_request,completed,failure,2026-05-30T12:55:50Z,2026-05-30T13:38:20Z,2550,d650db3a7f8963143cd7614f8841afb09b510ce5
26684127402,Running Copilot cloud agent,dynamic,completed,success,2026-05-30T12:44:04Z,2026-05-30T13:18:50Z,2086,7aeb2ff19b0f1b1642f20e6a5311a35fbfad0c0e
26684120437,Pyrefly,pull_request,completed,action_required,2026-05-30T12:43:44Z,2026-05-30T12:43:44Z,0,31896cfde4164f61413c61a2dc7d412b3ac3bebe
26684120434,ci-no-onnx,pull_request,completed,action_required,2026-05-30T12:43:44Z,2026-05-30T12:43:44Z,0,31896cfde4164f61413c61a2dc7d412b3ac3bebe
26684120442,Style,pull_request,completed,action_required,2026-05-30T12:43:44Z,2026-05-30T12:43:44Z,0,31896cfde4164f61413c61a2dc7d412b3ac3bebe
26684120454,Mypy,pull_request,completed,action_required,2026-05-30T12:43:44Z,2026-05-30T12:43:44Z,0,31896cfde4164f61413c61a2dc7d412b3ac3bebe
26684120444,ci-1-core,pull_request,completed,action_required,2026-05-30T12:43:44Z,2026-05-30T12:43:44Z,0,31896cfde4164f61413c61a2dc7d412b3ac3bebe
26684120463,ci-debug-ubuntu,pull_request,completed,action_required,2026-05-30T12:43:44Z,2026-05-30T12:43:44Z,0,31896cfde4164f61413c61a2dc7d412b3ac3bebe
26684120450,Standalone example,pull_request,completed,action_required,2026-05-30T12:43:44Z,2026-05-30T12:43:44Z,0,31896cfde4164f61413c61a2dc7d412b3ac3bebe
26684120457,Spelling,pull_request,completed,action_required,2026-05-30T12:43:44Z,2026-05-30T12:43:44Z,0,31896cfde4164f61413c61a2dc7d412b3ac3bebe
26684120448,clang-format,pull_request,completed,action_required,2026-05-30T12:43:44Z,2026-05-30T12:43:44Z,0,31896cfde4164f61413c61a2dc7d412b3ac3bebe
26684119818,Running Copilot cloud agent,dynamic,completed,success,2026-05-30T12:43:43Z,2026-05-30T12:59:25Z,942,31896cfde4164f61413c61a2dc7d412b3ac3bebe
26684116525,clang-format,pull_request,completed,action_required,2026-05-30T12:43:34Z,2026-05-30T12:43:34Z,0,7fcdc3309e53f95f3f16ccc31a93bdf0e41235e1
26684116538,ci-1-core,pull_request,completed,action_required,2026-05-30T12:43:34Z,2026-05-30T12:43:34Z,0,7fcdc3309e53f95f3f16ccc31a93bdf0e41235e1
26684116555,ci-no-onnx,pull_request,completed,action_required,2026-05-30T12:43:34Z,2026-05-30T12:43:34Z,0,7fcdc3309e53f95f3f16ccc31a93bdf0e41235e1
26684116547,Standalone example,pull_request,completed,action_required,2026-05-30T12:43:34Z,2026-05-30T12:43:34Z,0,7fcdc3309e53f95f3f16ccc31a93bdf0e41235e1
26684116556,Pyrefly,pull_request,completed,action_required,2026-05-30T12:43:34Z,2026-05-30T12:43:34Z,0,7fcdc3309e53f95f3f16ccc31a93bdf0e41235e1
26684116535,Mypy,pull_request,completed,action_required,2026-05-30T12:43:34Z,2026-05-30T12:43:34Z,0,7fcdc3309e53f95f3f16ccc31a93bdf0e41235e1
26684116549,ci-debug-ubuntu,pull_request,completed,action_required,2026-05-30T12:43:34Z,2026-05-30T12:43:34Z,0,7fcdc3309e53f95f3f16ccc31a93bdf0e41235e1
26684116524,Style,pull_request,completed,action_required,2026-05-30T12:43:34Z,2026-05-30T12:43:34Z,0,7fcdc3309e53f95f3f16ccc31a93bdf0e41235e1
26684116545,Spelling,pull_request,completed,action_required,2026-05-30T12:43:34Z,2026-05-30T12:43:34Z,0,7fcdc3309e53f95f3f16ccc31a93bdf0e41235e1
26684116174,Running Copilot cloud agent,dynamic,completed,success,2026-05-30T12:43:33Z,2026-05-30T13:06:25Z,1372,7fcdc3309e53f95f3f16ccc31a93bdf0e41235e1
26684110006,Addressing comment on PR #1381,dynamic,completed,success,2026-05-30T12:43:15Z,2026-05-30T12:57:20Z,845,0e00cca91388b944ed06028acf86e296ae16c219
26684080310,Build,workflow_run,completed,skipped,2026-05-30T12:41:51Z,2026-05-30T12:41:58Z,7,8801ca672e938090a55263b26bb8341b7d3f9e39
26684078740,Spelling,push,completed,success,2026-05-30T12:41:46Z,2026-05-30T12:42:02Z,16,8801ca672e938090a55263b26bb8341b7d3f9e39
26684078733,clang-format,push,completed,success,2026-05-30T12:41:46Z,2026-05-30T12:42:02Z,16,8801ca672e938090a55263b26bb8341b7d3f9e39
26684078749,Style,push,completed,success,2026-05-30T12:41:46Z,2026-05-30T12:41:55Z,9,8801ca672e938090a55263b26bb8341b7d3f9e39
26684078728,Pyrefly,push,completed,success,2026-05-30T12:41:46Z,2026-05-30T12:47:46Z,360,8801ca672e938090a55263b26bb8341b7d3f9e39
26684078746,ci-no-onnx,push,completed,success,2026-05-30T12:41:46Z,2026-05-30T12:47:48Z,362,8801ca672e938090a55263b26bb8341b7d3f9e39
26684078742,Mypy,push,completed,success,2026-05-30T12:41:46Z,2026-05-30T12:47:48Z,362,8801ca672e938090a55263b26bb8341b7d3f9e39
26684078741,Standalone example,push,completed,success,2026-05-30T12:41:46Z,2026-05-30T12:47:54Z,368,8801ca672e938090a55263b26bb8341b7d3f9e39
26684078735,ci-debug-ubuntu,push,completed,success,2026-05-30T12:41:46Z,2026-05-30T12:49:49Z,483,8801ca672e938090a55263b26bb8341b7d3f9e39
26684078734,ci-1-core,push,completed,success,2026-05-30T12:41:46Z,2026-05-30T13:00:52Z,1146,8801ca672e938090a55263b26bb8341b7d3f9e39
26684077272,Build,workflow_run,completed,cancelled,2026-05-30T12:41:42Z,2026-05-30T12:41:52Z,10,862d61351e39adf0ab94b95adcb1277be2602400
26684071671,Pyrefly,push,completed,cancelled,2026-05-30T12:41:23Z,2026-05-30T12:42:02Z,39,862d61351e39adf0ab94b95adcb1277be2602400
26684071654,ci-debug-ubuntu,push,completed,cancelled,2026-05-30T12:41:23Z,2026-05-30T12:42:02Z,39,862d61351e39adf0ab94b95adcb1277be2602400
26684071673,ci-no-onnx,push,completed,cancelled,2026-05-30T12:41:23Z,2026-05-30T12:42:02Z,39,862d61351e39adf0ab94b95adcb1277be2602400
26684071660,Mypy,push,completed,cancelled,2026-05-30T12:41:23Z,2026-05-30T12:42:02Z,39,862d61351e39adf0ab94b95adcb1277be2602400
26684071659,Spelling,push,completed,success,2026-05-30T12:41:23Z,2026-05-30T12:41:34Z,11,862d61351e39adf0ab94b95adcb1277be2602400
26684071662,clang-format,push,completed,success,2026-05-30T12:41:23Z,2026-05-30T12:41:34Z,11,862d61351e39adf0ab94b95adcb1277be2602400
26684071655,Style,push,completed,success,2026-05-30T12:41:23Z,2026-05-30T12:41:33Z,10,862d61351e39adf0ab94b95adcb1277be2602400
26684071663,Standalone example,push,completed,cancelled,2026-05-30T12:41:23Z,2026-05-30T12:41:58Z,35,862d61351e39adf0ab94b95adcb1277be2602400
26684071670,ci-1-core,push,completed,cancelled,2026-05-30T12:41:23Z,2026-05-30T12:41:49Z,26,862d61351e39adf0ab94b95adcb1277be2602400
26684062905,Mypy,push,completed,cancelled,2026-05-30T12:40:58Z,2026-05-30T12:41:38Z,40,6f1e47198ac258feb2ca97c75b023b6d2c0e9209
26684062892,ci-1-core,push,completed,cancelled,2026-05-30T12:40:58Z,2026-05-30T12:41:40Z,42,6f1e47198ac258feb2ca97c75b023b6d2c0e9209
26684062907,ci-debug-ubuntu,push,completed,cancelled,2026-05-30T12:40:58Z,2026-05-30T12:41:39Z,41,6f1e47198ac258feb2ca97c75b023b6d2c0e9209
26684062921,Standalone example,push,completed,cancelled,2026-05-30T12:40:58Z,2026-05-30T12:41:39Z,41,6f1e47198ac258feb2ca97c75b023b6d2c0e9209
26684062900,Pyrefly,push,completed,cancelled,2026-05-30T12:40:58Z,2026-05-30T12:41:40Z,42,6f1e47198ac258feb2ca97c75b023b6d2c0e9209
26684062886,Style,push,completed,success,2026-05-30T12:40:58Z,2026-05-30T12:41:10Z,12,6f1e47198ac258feb2ca97c75b023b6d2c0e9209
26684062895,clang-format,push,completed,success,2026-05-30T12:40:58Z,2026-05-30T12:41:13Z,15,6f1e47198ac258feb2ca97c75b023b6d2c0e9209
26684062912,Spelling,push,completed,success,2026-05-30T12:40:58Z,2026-05-30T12:41:09Z,11,6f1e47198ac258feb2ca97c75b023b6d2c0e9209
26684062903,ci-no-onnx,push,completed,cancelled,2026-05-30T12:40:58Z,2026-05-30T12:41:39Z,41,6f1e47198ac258feb2ca97c75b023b6d2c0e9209
26684038774,Build,workflow_run,completed,action_required,2026-05-30T12:39:51Z,2026-05-30T12:39:51Z,0,88b86aaced357586377ffa1cab9409725dd160b3
26684025681,Build,workflow_run,completed,action_required,2026-05-30T12:39:13Z,2026-05-30T12:39:13Z,0,88b86aaced357586377ffa1cab9409725dd160b3
26683970923,Style,pull_request,completed,success,2026-05-30T12:36:26Z,2026-05-30T12:42:35Z,369,2e857991dd4ffe48a4c15a670c4dd16978be370b
26683970892,Spelling,pull_request,completed,success,2026-05-30T12:36:26Z,2026-05-30T12:42:33Z,367,2e857991dd4ffe48a4c15a670c4dd16978be370b
26683970901,clang-format,pull_request,completed,success,2026-05-30T12:36:26Z,2026-05-30T12:42:35Z,369,2e857991dd4ffe48a4c15a670c4dd16978be370b
26683970913,ci-no-onnx,pull_request,completed,success,2026-05-30T12:36:26Z,2026-05-30T12:47:59Z,693,2e857991dd4ffe48a4c15a670c4dd16978be370b
26683970903,Pyrefly,pull_request,completed,success,2026-05-30T12:36:26Z,2026-05-30T12:48:00Z,694,2e857991dd4ffe48a4c15a670c4dd16978be370b
26683970915,Mypy,pull_request,completed,success,2026-05-30T12:36:26Z,2026-05-30T12:47:53Z,687,2e857991dd4ffe48a4c15a670c4dd16978be370b
26683970891,Standalone example,pull_request,completed,success,2026-05-30T12:36:26Z,2026-05-30T12:48:31Z,725,2e857991dd4ffe48a4c15a670c4dd16978be370b
26683970907,ci-debug-ubuntu,pull_request,completed,success,2026-05-30T12:36:26Z,2026-05-30T12:50:01Z,815,2e857991dd4ffe48a4c15a670c4dd16978be370b
26683970895,ci-1-core,pull_request,completed,success,2026-05-30T12:36:26Z,2026-05-30T13:04:52Z,1706,2e857991dd4ffe48a4c15a670c4dd16978be370b
26683951985,Build,workflow_run,completed,action_required,2026-05-30T12:35:30Z,2026-05-30T12:35:30Z,0,88b86aaced357586377ffa1cab9409725dd160b3
26683923855,Build,workflow_run,completed,cancelled,2026-05-30T12:34:08Z,2026-05-30T12:41:58Z,470,88b86aaced357586377ffa1cab9409725dd160b3
26683728679,Build,workflow_run,completed,action_required,2026-05-30T12:24:10Z,2026-05-30T12:24:10Z,0,88b86aaced357586377ffa1cab9409725dd160b3
26683606085,Running Copilot cloud agent,dynamic,completed,success,2026-05-30T12:17:43Z,2026-05-30T12:40:26Z,1363,583476b513df2f29f473fc72800bb45eabbfd624
26683548058,Build,workflow_run,completed,skipped,2026-05-30T12:14:45Z,2026-05-30T12:14:46Z,1,88b86aaced357586377ffa1cab9409725dd160b3
26683542541,ci-1-core,push,completed,success,2026-05-30T12:14:28Z,2026-05-30T12:34:06Z,1178,88b86aaced357586377ffa1cab9409725dd160b3
26683542530,Spelling,push,completed,success,2026-05-30T12:14:28Z,2026-05-30T12:14:39Z,11,88b86aaced357586377ffa1cab9409725dd160b3
26683542554,clang-format,push,completed,success,2026-05-30T12:14:28Z,2026-05-30T12:14:41Z,13,88b86aaced357586377ffa1cab9409725dd160b3
26683542545,Style,push,completed,success,2026-05-30T12:14:28Z,2026-05-30T12:14:38Z,10,88b86aaced357586377ffa1cab9409725dd160b3
26683542534,Mypy,push,completed,success,2026-05-30T12:14:28Z,2026-05-30T12:20:05Z,337,88b86aaced357586377ffa1cab9409725dd160b3
26683542547,Pyrefly,push,completed,success,2026-05-30T12:14:28Z,2026-05-30T12:20:11Z,343,88b86aaced357586377ffa1cab9409725dd160b3
26683542543,ci-no-onnx,push,completed,success,2026-05-30T12:14:28Z,2026-05-30T12:20:15Z,347,88b86aaced357586377ffa1cab9409725dd160b3
26683542553,Standalone example,push,completed,success,2026-05-30T12:14:28Z,2026-05-30T12:20:28Z,360,88b86aaced357586377ffa1cab9409725dd160b3
26683542529,ci-debug-ubuntu,push,completed,success,2026-05-30T12:14:28Z,2026-05-30T12:22:39Z,491,88b86aaced357586377ffa1cab9409725dd160b3
26683540170,Build,workflow_run,completed,skipped,2026-05-30T12:14:20Z,2026-05-30T12:14:30Z,10,a80c0fd12b2d3a5c67db54cb249f78cf7a3c2f24
26683534778,Standalone example,push,completed,cancelled,2026-05-30T12:14:01Z,2026-05-30T12:14:32Z,31,a80c0fd12b2d3a5c67db54cb249f78cf7a3c2f24
26683534783,clang-format,push,completed,success,2026-05-30T12:14:01Z,2026-05-30T12:14:15Z,14,a80c0fd12b2d3a5c67db54cb249f78cf7a3c2f24
26683534791,Spelling,push,completed,success,2026-05-30T12:14:01Z,2026-05-30T12:14:10Z,9,a80c0fd12b2d3a5c67db54cb249f78cf7a3c2f24
26683534777,Style,push,completed,success,2026-05-30T12:14:01Z,2026-05-30T12:14:10Z,9,a80c0fd12b2d3a5c67db54cb249f78cf7a3c2f24
26683534753,ci-1-core,push,completed,cancelled,2026-05-30T12:14:01Z,2026-05-30T12:14:43Z,42,a80c0fd12b2d3a5c67db54cb249f78cf7a3c2f24
26683534781,Pyrefly,push,completed,cancelled,2026-05-30T12:14:01Z,2026-05-30T12:14:43Z,42,a80c0fd12b2d3a5c67db54cb249f78cf7a3c2f24
26683534756,Mypy,push,completed,cancelled,2026-05-30T12:14:01Z,2026-05-30T12:14:44Z,43,a80c0fd12b2d3a5c67db54cb249f78cf7a3c2f24
26683534774,ci-debug-ubuntu,push,completed,cancelled,2026-05-30T12:14:01Z,2026-05-30T12:14:44Z,43,a80c0fd12b2d3a5c67db54cb249f78cf7a3c2f24
26683534764,ci-no-onnx,push,completed,cancelled,2026-05-30T12:14:01Z,2026-05-30T12:14:44Z,43,a80c0fd12b2d3a5c67db54cb249f78cf7a3c2f24
26683528689,ci-debug-ubuntu,push,completed,cancelled,2026-05-30T12:13:44Z,2026-05-30T12:14:17Z,33,b4bc8d6fea7aa1af286a3f92caf03f1343528838
26683528690,Pyrefly,push,completed,cancelled,2026-05-30T12:13:44Z,2026-05-30T12:14:17Z,33,b4bc8d6fea7aa1af286a3f92caf03f1343528838
26683528650,Mypy,push,completed,cancelled,2026-05-30T12:13:44Z,2026-05-30T12:14:17Z,33,b4bc8d6fea7aa1af286a3f92caf03f1343528838
26683528666,ci-no-onnx,push,completed,cancelled,2026-05-30T12:13:44Z,2026-05-30T12:14:18Z,34,b4bc8d6fea7aa1af286a3f92caf03f1343528838
26683528655,Standalone example,push,completed,cancelled,2026-05-30T12:13:44Z,2026-05-30T12:14:18Z,34,b4bc8d6fea7aa1af286a3f92caf03f1343528838
26683528686,ci-1-core,push,completed,cancelled,2026-05-30T12:13:44Z,2026-05-30T12:14:18Z,34,b4bc8d6fea7aa1af286a3f92caf03f1343528838
26683528660,clang-format,push,completed,success,2026-05-30T12:13:44Z,2026-05-30T12:13:55Z,11,b4bc8d6fea7aa1af286a3f92caf03f1343528838
26683528652,Spelling,push,completed,success,2026-05-30T12:13:44Z,2026-05-30T12:13:56Z,12,b4bc8d6fea7aa1af286a3f92caf03f1343528838
26683528679,Style,push,completed,success,2026-05-30T12:13:44Z,2026-05-30T12:13:57Z,13,b4bc8d6fea7aa1af286a3f92caf03f1343528838
26683121208,Spelling,pull_request,completed,success,2026-05-30T11:52:46Z,2026-05-30T12:16:30Z,1424,0e00cca91388b944ed06028acf86e296ae16c219
26683121206,clang-format,pull_request,completed,success,2026-05-30T11:52:46Z,2026-05-30T12:16:32Z,1426,0e00cca91388b944ed06028acf86e296ae16c219
26683121204,Style,pull_request,completed,success,2026-05-30T11:52:46Z,2026-05-30T12:16:35Z,1429,0e00cca91388b944ed06028acf86e296ae16c219
26683121203,Mypy,pull_request,completed,success,2026-05-30T11:52:46Z,2026-05-30T12:21:44Z,1738,0e00cca91388b944ed06028acf86e296ae16c219
26683121212,Pyrefly,pull_request,completed,success,2026-05-30T11:52:46Z,2026-05-30T12:22:02Z,1756,0e00cca91388b944ed06028acf86e296ae16c219
26683121210,ci-no-onnx,pull_request,completed,failure,2026-05-30T11:52:46Z,2026-05-30T12:22:04Z,1758,0e00cca91388b944ed06028acf86e296ae16c219
26683121205,Standalone example,pull_request,completed,success,2026-05-30T11:52:46Z,2026-05-30T12:22:08Z,1762,0e00cca91388b944ed06028acf86e296ae16c219
26683121207,ci-1-core,pull_request,completed,failure,2026-05-30T11:52:46Z,2026-05-30T12:24:08Z,1882,0e00cca91388b944ed06028acf86e296ae16c219
26683121218,ci-debug-ubuntu,pull_request,completed,failure,2026-05-30T11:52:46Z,2026-05-30T12:24:27Z,1901,0e00cca91388b944ed06028acf86e296ae16c219
26683041323,Standalone example,pull_request,completed,success,2026-05-30T11:48:36Z,2026-05-30T12:27:05Z,2309,36c7e0c2d3d2c3dc2fedd60597642cff5a309dbf
26683041316,ci-no-onnx,pull_request,completed,success,2026-05-30T11:48:36Z,2026-05-30T12:27:23Z,2327,36c7e0c2d3d2c3dc2fedd60597642cff5a309dbf
26683041327,ci-1-core,pull_request,completed,success,2026-05-30T11:48:36Z,2026-05-30T12:39:11Z,3035,36c7e0c2d3d2c3dc2fedd60597642cff5a309dbf
26683041332,Style,pull_request,completed,success,2026-05-30T11:48:36Z,2026-05-30T12:20:17Z,1901,36c7e0c2d3d2c3dc2fedd60597642cff5a309dbf
26683041324,clang-format,pull_request,completed,success,2026-05-30T11:48:36Z,2026-05-30T12:20:42Z,1926,36c7e0c2d3d2c3dc2fedd60597642cff5a309dbf
26683041312,Mypy,pull_request,completed,success,2026-05-30T11:48:36Z,2026-05-30T12:20:52Z,1936,36c7e0c2d3d2c3dc2fedd60597642cff5a309dbf
26683041341,Spelling,pull_request,completed,success,2026-05-30T11:48:36Z,2026-05-30T12:21:02Z,1946,36c7e0c2d3d2c3dc2fedd60597642cff5a309dbf
26683041320,Pyrefly,pull_request,completed,success,2026-05-30T11:48:36Z,2026-05-30T12:23:59Z,2123,36c7e0c2d3d2c3dc2fedd60597642cff5a309dbf
26683041314,ci-debug-ubuntu,pull_request,completed,success,2026-05-30T11:48:36Z,2026-05-30T12:24:21Z,2145,36c7e0c2d3d2c3dc2fedd60597642cff5a309dbf
26682987737,Build,workflow_run,completed,action_required,2026-05-30T11:45:47Z,2026-05-30T11:45:47Z,0,afd7c8aef057a35d29c8ec786237150a6896fbd5
26682934467,Mypy,pull_request,completed,success,2026-05-30T11:43:03Z,2026-05-30T12:25:57Z,2574,869d4095b0197441aa9e218ff8a4bb5133029783
26682934464,Standalone example,pull_request,completed,success,2026-05-30T11:43:03Z,2026-05-30T12:25:56Z,2573,869d4095b0197441aa9e218ff8a4bb5133029783
26682934505,ci-no-onnx,pull_request,completed,success,2026-05-30T11:43:03Z,2026-05-30T12:26:44Z,2621,869d4095b0197441aa9e218ff8a4bb5133029783
26682934469,Pyrefly,pull_request,completed,success,2026-05-30T11:43:03Z,2026-05-30T12:27:02Z,2639,869d4095b0197441aa9e218ff8a4bb5133029783
26682934462,ci-debug-ubuntu,pull_request,completed,success,2026-05-30T11:43:03Z,2026-05-30T12:28:59Z,2756,869d4095b0197441aa9e218ff8a4bb5133029783
26682934480,ci-1-core,pull_request,completed,success,2026-05-30T11:43:03Z,2026-05-30T12:39:48Z,3405,869d4095b0197441aa9e218ff8a4bb5133029783
26682934492,Spelling,pull_request,completed,success,2026-05-30T11:43:03Z,2026-05-30T12:21:14Z,2291,869d4095b0197441aa9e218ff8a4bb5133029783
26682934470,clang-format,pull_request,completed,success,2026-05-30T11:43:03Z,2026-05-30T12:21:36Z,2313,869d4095b0197441aa9e218ff8a4bb5133029783
26682934456,Style,pull_request,completed,success,2026-05-30T11:43:03Z,2026-05-30T12:21:53Z,2330,869d4095b0197441aa9e218ff8a4bb5133029783
26682911006,Build,workflow_run,completed,action_required,2026-05-30T11:41:49Z,2026-05-30T11:41:49Z,0,afd7c8aef057a35d29c8ec786237150a6896fbd5
26682900601,Build,workflow_run,completed,action_required,2026-05-30T11:41:17Z,2026-05-30T11:41:17Z,0,afd7c8aef057a35d29c8ec786237150a6896fbd5
26682872967,Build,workflow_run,completed,cancelled,2026-05-30T11:39:52Z,2026-05-30T12:14:29Z,2077,afd7c8aef057a35d29c8ec786237150a6896fbd5
26682820980,ci-1-core,pull_request,completed,success,2026-05-30T11:36:59Z,2026-05-30T12:35:28Z,3509,783df139d02d56da6eee7c372601d647eec7bf76
26682820984,Spelling,pull_request,completed,success,2026-05-30T11:36:59Z,2026-05-30T12:16:08Z,2349,783df139d02d56da6eee7c372601d647eec7bf76
26682820978,Style,pull_request,completed,success,2026-05-30T11:36:59Z,2026-05-30T12:16:14Z,2355,783df139d02d56da6eee7c372601d647eec7bf76
26682820982,clang-format,pull_request,completed,success,2026-05-30T11:36:59Z,2026-05-30T12:16:13Z,2354,783df139d02d56da6eee7c372601d647eec7bf76
26682820985,Standalone example,pull_request,completed,success,2026-05-30T11:36:59Z,2026-05-30T12:21:22Z,2663,783df139d02d56da6eee7c372601d647eec7bf76
26682820991,Mypy,pull_request,completed,success,2026-05-30T11:36:59Z,2026-05-30T12:21:25Z,2666,783df139d02d56da6eee7c372601d647eec7bf76
26682820989,Pyrefly,pull_request,completed,success,2026-05-30T11:36:59Z,2026-05-30T12:21:25Z,2666,783df139d02d56da6eee7c372601d647eec7bf76
26682820976,ci-no-onnx,pull_request,completed,success,2026-05-30T11:36:59Z,2026-05-30T12:21:32Z,2673,783df139d02d56da6eee7c372601d647eec7bf76
26682820992,ci-debug-ubuntu,pull_request,completed,success,2026-05-30T11:36:59Z,2026-05-30T12:23:34Z,2795,783df139d02d56da6eee7c372601d647eec7bf76
26682573199,Running Copilot cloud agent,dynamic,completed,success,2026-05-30T11:24:12Z,2026-05-30T11:56:28Z,1936,bad265d4f33f1cd563108590f9bf0eb87e1854ef
26682567422,Running Copilot cloud agent,dynamic,completed,success,2026-05-30T11:23:51Z,2026-05-30T11:49:03Z,1512,f919c7c278814c243bbbd1aa52271189bb944678
26682561850,Running Copilot cloud agent,dynamic,completed,success,2026-05-30T11:23:32Z,2026-05-30T11:43:31Z,1199,3b01395a88e2e3915f4e395a67df2c85e6a28bb8
26682524665,Addressing comment on PR #1373,dynamic,completed,success,2026-05-30T11:21:33Z,2026-05-30T11:37:31Z,958,1653bcd4a80d85b14beb3feae072fe91a126101c
26682509620,Build,workflow_run,completed,skipped,2026-05-30T11:20:44Z,2026-05-30T11:20:45Z,1,afd7c8aef057a35d29c8ec786237150a6896fbd5
26682504419,clang-format,push,completed,success,2026-05-30T11:20:27Z,2026-05-30T11:20:40Z,13,afd7c8aef057a35d29c8ec786237150a6896fbd5
26682504429,Spelling,push,completed,success,2026-05-30T11:20:27Z,2026-05-30T11:20:40Z,13,afd7c8aef057a35d29c8ec786237150a6896fbd5
26682504402,Style,push,completed,success,2026-05-30T11:20:27Z,2026-05-30T11:20:36Z,9,afd7c8aef057a35d29c8ec786237150a6896fbd5
26682504407,Pyrefly,push,completed,success,2026-05-30T11:20:27Z,2026-05-30T11:26:07Z,340,afd7c8aef057a35d29c8ec786237150a6896fbd5
26682504424,Mypy,push,completed,success,2026-05-30T11:20:27Z,2026-05-30T11:26:15Z,348,afd7c8aef057a35d29c8ec786237150a6896fbd5
26682504399,Standalone example,push,completed,success,2026-05-30T11:20:27Z,2026-05-30T11:26:22Z,355,afd7c8aef057a35d29c8ec786237150a6896fbd5
26682504411,ci-no-onnx,push,completed,success,2026-05-30T11:20:27Z,2026-05-30T11:26:27Z,360,afd7c8aef057a35d29c8ec786237150a6896fbd5
26682504416,ci-debug-ubuntu,push,completed,success,2026-05-30T11:20:27Z,2026-05-30T11:26:56Z,389,afd7c8aef057a35d29c8ec786237150a6896fbd5
26682504395,ci-1-core,push,completed,success,2026-05-30T11:20:27Z,2026-05-30T11:39:50Z,1163,afd7c8aef057a35d29c8ec786237150a6896fbd5
26682501467,Build,workflow_run,completed,skipped,2026-05-30T11:20:18Z,2026-05-30T11:20:20Z,2,1b5acd071f3a8f3d944eef2b5d87550f901c1e51
26682494272,Style,push,completed,success,2026-05-30T11:20:01Z,2026-05-30T11:20:11Z,10,1b5acd071f3a8f3d944eef2b5d87550f901c1e51
26682494287,clang-format,push,completed,success,2026-05-30T11:20:01Z,2026-05-30T11:20:14Z,13,1b5acd071f3a8f3d944eef2b5d87550f901c1e51
26682494275,Spelling,push,completed,success,2026-05-30T11:20:01Z,2026-05-30T11:20:10Z,9,1b5acd071f3a8f3d944eef2b5d87550f901c1e51
26682494274,ci-1-core,push,completed,cancelled,2026-05-30T11:20:01Z,2026-05-30T11:20:42Z,41,1b5acd071f3a8f3d944eef2b5d87550f901c1e51
26682494286,ci-no-onnx,push,completed,cancelled,2026-05-30T11:20:01Z,2026-05-30T11:20:43Z,42,1b5acd071f3a8f3d944eef2b5d87550f901c1e51
26682494331,Mypy,push,completed,cancelled,2026-05-30T11:20:01Z,2026-05-30T11:20:43Z,42,1b5acd071f3a8f3d944eef2b5d87550f901c1e51
26682494279,Pyrefly,push,completed,cancelled,2026-05-30T11:20:01Z,2026-05-30T11:20:43Z,42,1b5acd071f3a8f3d944eef2b5d87550f901c1e51
26682494297,Standalone example,push,completed,cancelled,2026-05-30T11:20:01Z,2026-05-30T11:20:38Z,37,1b5acd071f3a8f3d944eef2b5d87550f901c1e51
26682494278,ci-debug-ubuntu,push,completed,cancelled,2026-05-30T11:20:01Z,2026-05-30T11:20:43Z,42,1b5acd071f3a8f3d944eef2b5d87550f901c1e51
26682493221,Style,pull_request,completed,success,2026-05-30T11:19:57Z,2026-05-30T11:22:59Z,182,d06967b68e79ac5247d9b5e38b358473bedfe9d2
26682493246,clang-format,pull_request,completed,success,2026-05-30T11:19:57Z,2026-05-30T11:27:33Z,456,d06967b68e79ac5247d9b5e38b358473bedfe9d2
26682493231,Spelling,pull_request,completed,success,2026-05-30T11:19:57Z,2026-05-30T11:27:29Z,452,d06967b68e79ac5247d9b5e38b358473bedfe9d2
26682493262,Pyrefly,pull_request,completed,success,2026-05-30T11:19:57Z,2026-05-30T11:28:31Z,514,d06967b68e79ac5247d9b5e38b358473bedfe9d2
26682493227,ci-no-onnx,pull_request,completed,success,2026-05-30T11:19:57Z,2026-05-30T11:31:53Z,716,d06967b68e79ac5247d9b5e38b358473bedfe9d2
26682493228,Standalone example,pull_request,completed,success,2026-05-30T11:19:57Z,2026-05-30T11:31:34Z,697,d06967b68e79ac5247d9b5e38b358473bedfe9d2
26682493244,Mypy,pull_request,completed,success,2026-05-30T11:19:57Z,2026-05-30T11:32:56Z,779,d06967b68e79ac5247d9b5e38b358473bedfe9d2
26682493247,ci-debug-ubuntu,pull_request,completed,success,2026-05-30T11:19:57Z,2026-05-30T11:33:58Z,841,d06967b68e79ac5247d9b5e38b358473bedfe9d2
26682493233,ci-1-core,pull_request,completed,success,2026-05-30T11:19:57Z,2026-05-30T11:45:44Z,1547,d06967b68e79ac5247d9b5e38b358473bedfe9d2
26682487028,Spelling,push,completed,success,2026-05-30T11:19:37Z,2026-05-30T11:19:50Z,13,544a04b5d422f9162993e0909483948837d677ac
26682487037,clang-format,push,completed,success,2026-05-30T11:19:37Z,2026-05-30T11:19:48Z,11,544a04b5d422f9162993e0909483948837d677ac
26682487027,Style,push,completed,success,2026-05-30T11:19:37Z,2026-05-30T11:19:49Z,12,544a04b5d422f9162993e0909483948837d677ac
26682487024,Standalone example,push,completed,cancelled,2026-05-30T11:19:37Z,2026-05-30T11:20:16Z,39,544a04b5d422f9162993e0909483948837d677ac
26682487021,ci-debug-ubuntu,push,completed,cancelled,2026-05-30T11:19:37Z,2026-05-30T11:20:16Z,39,544a04b5d422f9162993e0909483948837d677ac
26682487013,ci-1-core,push,completed,cancelled,2026-05-30T11:19:37Z,2026-05-30T11:20:17Z,40,544a04b5d422f9162993e0909483948837d677ac
26682487029,Pyrefly,push,completed,cancelled,2026-05-30T11:19:37Z,2026-05-30T11:20:17Z,40,544a04b5d422f9162993e0909483948837d677ac
26682487031,ci-no-onnx,push,completed,cancelled,2026-05-30T11:19:37Z,2026-05-30T11:20:17Z,40,544a04b5d422f9162993e0909483948837d677ac
26682487030,Mypy,push,completed,cancelled,2026-05-30T11:19:37Z,2026-05-30T11:20:18Z,41,544a04b5d422f9162993e0909483948837d677ac
26682365857,Style,pull_request,completed,success,2026-05-30T11:13:09Z,2026-05-30T11:22:06Z,537,cbefd16af9281739d265602328dfb59607df7092
26682365839,clang-format,pull_request,completed,success,2026-05-30T11:13:09Z,2026-05-30T11:22:13Z,544,cbefd16af9281739d265602328dfb59607df7092
26682365841,Spelling,pull_request,completed,success,2026-05-30T11:13:09Z,2026-05-30T11:22:11Z,542,cbefd16af9281739d265602328dfb59607df7092
26682365834,Pyrefly,pull_request,completed,success,2026-05-30T11:13:09Z,2026-05-30T11:27:05Z,836,cbefd16af9281739d265602328dfb59607df7092
26682365836,Standalone example,pull_request,completed,success,2026-05-30T11:13:09Z,2026-05-30T11:27:14Z,845,cbefd16af9281739d265602328dfb59607df7092
26682365845,ci-no-onnx,pull_request,completed,success,2026-05-30T11:13:09Z,2026-05-30T11:27:20Z,851,cbefd16af9281739d265602328dfb59607df7092
26682365868,Mypy,pull_request,completed,success,2026-05-30T11:13:09Z,2026-05-30T11:27:27Z,858,cbefd16af9281739d265602328dfb59607df7092
26682365832,ci-debug-ubuntu,pull_request,completed,success,2026-05-30T11:13:09Z,2026-05-30T11:29:43Z,994,cbefd16af9281739d265602328dfb59607df7092
26682365835,ci-1-core,pull_request,completed,success,2026-05-30T11:13:09Z,2026-05-30T11:41:47Z,1718,cbefd16af9281739d265602328dfb59607df7092
26682339348,Spelling,pull_request,completed,success,2026-05-30T11:11:44Z,2026-05-30T11:22:33Z,649,f2a13ba8312bc085084aac4e56fea58bf9763f4a
26682339335,Style,pull_request,completed,success,2026-05-30T11:11:44Z,2026-05-30T11:22:33Z,649,f2a13ba8312bc085084aac4e56fea58bf9763f4a
26682339338,clang-format,pull_request,completed,success,2026-05-30T11:11:44Z,2026-05-30T11:22:34Z,650,f2a13ba8312bc085084aac4e56fea58bf9763f4a
26682339337,Mypy,pull_request,completed,success,2026-05-30T11:11:44Z,2026-05-30T11:26:41Z,897,f2a13ba8312bc085084aac4e56fea58bf9763f4a
26682339350,Pyrefly,pull_request,completed,success,2026-05-30T11:11:44Z,2026-05-30T11:27:32Z,948,f2a13ba8312bc085084aac4e56fea58bf9763f4a
26682339332,ci-no-onnx,pull_request,completed,success,2026-05-30T11:11:44Z,2026-05-30T11:28:16Z,992,f2a13ba8312bc085084aac4e56fea58bf9763f4a
26682339334,Standalone example,pull_request,completed,success,2026-05-30T11:11:44Z,2026-05-30T11:28:25Z,1001,f2a13ba8312bc085084aac4e56fea58bf9763f4a
26682339349,ci-debug-ubuntu,pull_request,completed,success,2026-05-30T11:11:44Z,2026-05-30T11:29:52Z,1088,f2a13ba8312bc085084aac4e56fea58bf9763f4a
26682339355,ci-1-core,pull_request,completed,success,2026-05-30T11:11:44Z,2026-05-30T11:41:15Z,1771,f2a13ba8312bc085084aac4e56fea58bf9763f4a
26682317120,Build,workflow_run,completed,action_required,2026-05-30T11:10:31Z,2026-05-30T11:10:31Z,0,44923e6c7369b81ddd64a5e581acdf21be67095b
26682305841,Build,workflow_run,completed,action_required,2026-05-30T11:09:58Z,2026-05-30T11:09:58Z,0,44923e6c7369b81ddd64a5e581acdf21be67095b
26682302210,Build,workflow_run,completed,action_required,2026-05-30T11:09:46Z,2026-05-30T11:09:46Z,0,44923e6c7369b81ddd64a5e581acdf21be67095b
26681992316,Running Copilot cloud agent,dynamic,completed,success,2026-05-30T10:53:23Z,2026-05-30T11:20:23Z,1620,cbd02e2cec4ba09386f4b60558ccfc6a1457419e
26681979172,Running Copilot cloud agent,dynamic,completed,success,2026-05-30T10:52:45Z,2026-05-30T11:12:18Z,1173,91c050ca2e7deb401a1b5f8dc92bdd7ee911dc0a
26681970914,Running Copilot cloud agent,dynamic,completed,success,2026-05-30T10:52:18Z,2026-05-30T11:13:33Z,1275,cd262cb93164419019e7e98d487ff7454d7e7a2a
26681947228,Addressing comment on PR #1373,dynamic,completed,success,2026-05-30T10:51:05Z,2026-05-30T10:52:44Z,99,1653bcd4a80d85b14beb3feae072fe91a126101c
26680707872,Build,workflow_run,completed,success,2026-05-30T09:44:44Z,2026-05-30T10:21:01Z,2177,44923e6c7369b81ddd64a5e581acdf21be67095b
26680694198,clang-format,pull_request,completed,success,2026-05-30T09:43:58Z,2026-05-30T10:51:52Z,4074,53a5e366af8cda091aac7d6f9fed773416cdc6a4
26680694203,Style,pull_request,completed,success,2026-05-30T09:43:58Z,2026-05-30T10:51:47Z,4069,53a5e366af8cda091aac7d6f9fed773416cdc6a4
26680694202,Spelling,pull_request,completed,success,2026-05-30T09:43:58Z,2026-05-30T10:51:56Z,4078,53a5e366af8cda091aac7d6f9fed773416cdc6a4
26680694194,Mypy,pull_request,completed,success,2026-05-30T09:43:58Z,2026-05-30T10:56:47Z,4369,53a5e366af8cda091aac7d6f9fed773416cdc6a4
26680694220,ci-no-onnx,pull_request,completed,success,2026-05-30T09:43:58Z,2026-05-30T10:57:01Z,4383,53a5e366af8cda091aac7d6f9fed773416cdc6a4
26680694218,Pyrefly,pull_request,completed,success,2026-05-30T09:43:58Z,2026-05-30T10:56:58Z,4380,53a5e366af8cda091aac7d6f9fed773416cdc6a4
26680694201,Standalone example,pull_request,completed,success,2026-05-30T09:43:58Z,2026-05-30T10:57:11Z,4393,53a5e366af8cda091aac7d6f9fed773416cdc6a4
26680694186,ci-debug-ubuntu,pull_request,completed,success,2026-05-30T09:43:58Z,2026-05-30T10:59:12Z,4514,53a5e366af8cda091aac7d6f9fed773416cdc6a4
26680694216,ci-1-core,pull_request,completed,success,2026-05-30T09:43:58Z,2026-05-30T11:09:43Z,5145,53a5e366af8cda091aac7d6f9fed773416cdc6a4
26680646108,clang-format,pull_request,completed,success,2026-05-30T09:41:36Z,2026-05-30T10:51:29Z,4193,f88b88a88f32dece25c077b5ee3829b6fdb2205f
26680646128,Spelling,pull_request,completed,success,2026-05-30T09:41:36Z,2026-05-30T10:51:30Z,4194,f88b88a88f32dece25c077b5ee3829b6fdb2205f
26680646111,Style,pull_request,completed,success,2026-05-30T09:41:36Z,2026-05-30T10:51:25Z,4189,f88b88a88f32dece25c077b5ee3829b6fdb2205f
26680646115,ci-no-onnx,pull_request,completed,success,2026-05-30T09:41:36Z,2026-05-30T10:56:40Z,4504,f88b88a88f32dece25c077b5ee3829b6fdb2205f
26680646123,Pyrefly,pull_request,completed,success,2026-05-30T09:41:36Z,2026-05-30T10:56:31Z,4495,f88b88a88f32dece25c077b5ee3829b6fdb2205f
26680646122,Mypy,pull_request,completed,success,2026-05-30T09:41:36Z,2026-05-30T10:56:47Z,4511,f88b88a88f32dece25c077b5ee3829b6fdb2205f
26680646107,Standalone example,pull_request,completed,success,2026-05-30T09:41:36Z,2026-05-30T10:57:03Z,4527,f88b88a88f32dece25c077b5ee3829b6fdb2205f
26680646125,ci-debug-ubuntu,pull_request,completed,success,2026-05-30T09:41:36Z,2026-05-30T10:58:49Z,4633,f88b88a88f32dece25c077b5ee3829b6fdb2205f
26680646105,ci-1-core,pull_request,completed,success,2026-05-30T09:41:36Z,2026-05-30T11:10:28Z,5332,f88b88a88f32dece25c077b5ee3829b6fdb2205f
26680469802,Style,pull_request,completed,success,2026-05-30T09:32:13Z,2026-05-30T10:50:20Z,4687,08ddea7d205548658eadd1f1718b43f20e13c1f8
26680469846,clang-format,pull_request,completed,success,2026-05-30T09:32:13Z,2026-05-30T10:50:26Z,4693,08ddea7d205548658eadd1f1718b43f20e13c1f8
26680469786,Spelling,pull_request,completed,success,2026-05-30T09:32:13Z,2026-05-30T10:50:22Z,4689,08ddea7d205548658eadd1f1718b43f20e13c1f8
26680469792,Pyrefly,pull_request,completed,success,2026-05-30T09:32:13Z,2026-05-30T10:55:19Z,4986,08ddea7d205548658eadd1f1718b43f20e13c1f8
26680469790,Mypy,pull_request,completed,success,2026-05-30T09:32:13Z,2026-05-30T10:55:42Z,5009,08ddea7d205548658eadd1f1718b43f20e13c1f8
26680469801,ci-no-onnx,pull_request,completed,success,2026-05-30T09:32:13Z,2026-05-30T10:55:39Z,5006,08ddea7d205548658eadd1f1718b43f20e13c1f8
26680469793,Standalone example,pull_request,completed,success,2026-05-30T09:32:13Z,2026-05-30T10:56:07Z,5034,08ddea7d205548658eadd1f1718b43f20e13c1f8
26680469789,ci-debug-ubuntu,pull_request,completed,success,2026-05-30T09:32:13Z,2026-05-30T10:57:42Z,5129,08ddea7d205548658eadd1f1718b43f20e13c1f8
26680469785,ci-1-core,pull_request,completed,success,2026-05-30T09:32:13Z,2026-05-30T11:09:56Z,5863,08ddea7d205548658eadd1f1718b43f20e13c1f8
26680408837,Build,workflow_run,completed,action_required,2026-05-30T09:29:10Z,2026-05-30T09:29:10Z,0,44923e6c7369b81ddd64a5e581acdf21be67095b
26680369303,Running Copilot cloud agent,dynamic,completed,success,2026-05-30T09:27:05Z,2026-05-30T09:44:23Z,1038,bba2d88136deca1a4e7bc6fcd07c992ab3db8488
26680366234,Running Copilot cloud agent,dynamic,completed,success,2026-05-30T09:26:55Z,2026-05-30T09:44:57Z,1082,8037e02c7e97d5c4fd9d260c7b63e9746061113b
26680361417,Running Copilot cloud agent,dynamic,completed,failure,2026-05-30T09:26:40Z,2026-05-30T09:32:18Z,338,1653bcd4a80d85b14beb3feae072fe91a126101c
26680349419,clang-format,push,completed,success,2026-05-30T09:26:04Z,2026-05-30T09:26:16Z,12,44923e6c7369b81ddd64a5e581acdf21be67095b
26680349434,Style,push,completed,success,2026-05-30T09:26:04Z,2026-05-30T09:26:16Z,12,44923e6c7369b81ddd64a5e581acdf21be67095b
26680349423,Spelling,push,completed,success,2026-05-30T09:26:04Z,2026-05-30T09:26:17Z,13,44923e6c7369b81ddd64a5e581acdf21be67095b
26680349425,Pyrefly,push,completed,success,2026-05-30T09:26:04Z,2026-05-30T09:31:03Z,299,44923e6c7369b81ddd64a5e581acdf21be67095b
26680349415,Mypy,push,completed,success,2026-05-30T09:26:04Z,2026-05-30T09:31:30Z,326,44923e6c7369b81ddd64a5e581acdf21be67095b
26680349444,ci-no-onnx,push,completed,success,2026-05-30T09:26:04Z,2026-05-30T09:31:30Z,326,44923e6c7369b81ddd64a5e581acdf21be67095b
26680349428,Standalone example,push,completed,success,2026-05-30T09:26:04Z,2026-05-30T09:31:23Z,319,44923e6c7369b81ddd64a5e581acdf21be67095b
26680349430,ci-debug-ubuntu,push,completed,success,2026-05-30T09:26:04Z,2026-05-30T09:33:34Z,450,44923e6c7369b81ddd64a5e581acdf21be67095b
26680349417,ci-1-core,push,completed,success,2026-05-30T09:26:04Z,2026-05-30T09:44:43Z,1119,44923e6c7369b81ddd64a5e581acdf21be67095b
26680118671,Running Copilot cloud agent,dynamic,completed,success,2026-05-30T09:14:01Z,2026-05-30T09:32:33Z,1112,9abc27798836ae412ea1a10d51cd5f2e8d4f9612
26680062370,Build,workflow_run,completed,cancelled,2026-05-30T09:11:03Z,2026-05-30T09:44:55Z,2032,68e02ca2168f2939d961299c37d1544f2c860a52
26679894643,Mypy,pull_request,completed,success,2026-05-30T09:02:15Z,2026-05-30T09:17:32Z,917,266ed3e7e1e34de4ce54bc0b086ebc54861080cd
26679894641,Pyrefly,pull_request,completed,success,2026-05-30T09:02:15Z,2026-05-30T09:17:34Z,919,266ed3e7e1e34de4ce54bc0b086ebc54861080cd
26679894646,ci-no-onnx,pull_request,completed,success,2026-05-30T09:02:15Z,2026-05-30T09:17:19Z,904,266ed3e7e1e34de4ce54bc0b086ebc54861080cd
26679894652,Standalone example,pull_request,completed,success,2026-05-30T09:02:15Z,2026-05-30T09:17:28Z,913,266ed3e7e1e34de4ce54bc0b086ebc54861080cd
26679894635,ci-debug-ubuntu,pull_request,completed,success,2026-05-30T09:02:15Z,2026-05-30T09:19:37Z,1042,266ed3e7e1e34de4ce54bc0b086ebc54861080cd
26679894636,ci-1-core,pull_request,completed,success,2026-05-30T09:02:15Z,2026-05-30T09:29:08Z,1613,266ed3e7e1e34de4ce54bc0b086ebc54861080cd
26679894632,Spelling,pull_request,completed,success,2026-05-30T09:02:15Z,2026-05-30T09:12:19Z,604,266ed3e7e1e34de4ce54bc0b086ebc54861080cd
26679894642,Style,pull_request,completed,success,2026-05-30T09:02:15Z,2026-05-30T09:12:21Z,606,266ed3e7e1e34de4ce54bc0b086ebc54861080cd
26679894654,clang-format,pull_request,completed,success,2026-05-30T09:02:15Z,2026-05-30T09:12:25Z,610,266ed3e7e1e34de4ce54bc0b086ebc54861080cd
26679700086,Running Copilot cloud agent,dynamic,completed,success,2026-05-30T08:52:13Z,2026-05-30T09:02:53Z,640,6f020c62d6ae0379102996a0d1d2cec0543ea783
26679698169,Build,workflow_run,completed,skipped,2026-05-30T08:52:07Z,2026-05-30T08:52:08Z,1,68e02ca2168f2939d961299c37d1544f2c860a52
26679692550,Style,push,completed,success,2026-05-30T08:51:50Z,2026-05-30T08:52:03Z,13,68e02ca2168f2939d961299c37d1544f2c860a52
26679692537,clang-format,push,completed,success,2026-05-30T08:51:50Z,2026-05-30T08:52:05Z,15,68e02ca2168f2939d961299c37d1544f2c860a52
26679692543,Spelling,push,completed,success,2026-05-30T08:51:50Z,2026-05-30T08:52:01Z,11,68e02ca2168f2939d961299c37d1544f2c860a52
26679692534,ci-no-onnx,push,completed,success,2026-05-30T08:51:50Z,2026-05-30T08:57:21Z,331,68e02ca2168f2939d961299c37d1544f2c860a52
26679692542,Mypy,push,completed,success,2026-05-30T08:51:50Z,2026-05-30T08:57:26Z,336,68e02ca2168f2939d961299c37d1544f2c860a52
26679692533,Pyrefly,push,completed,success,2026-05-30T08:51:50Z,2026-05-30T08:57:14Z,324,68e02ca2168f2939d961299c37d1544f2c860a52
26679692532,Standalone example,push,completed,success,2026-05-30T08:51:50Z,2026-05-30T08:57:52Z,362,68e02ca2168f2939d961299c37d1544f2c860a52
26679692531,ci-debug-ubuntu,push,completed,success,2026-05-30T08:51:50Z,2026-05-30T08:59:18Z,448,68e02ca2168f2939d961299c37d1544f2c860a52
26679692530,ci-1-core,push,completed,success,2026-05-30T08:51:50Z,2026-05-30T09:11:00Z,1150,68e02ca2168f2939d961299c37d1544f2c860a52
26679688697,Build,workflow_run,completed,skipped,2026-05-30T08:51:38Z,2026-05-30T08:51:39Z,1,b7c4cb7a1df41da8bcf5e03686b2cdf3bad7cc8f
26679687468,Build,workflow_run,completed,skipped,2026-05-30T08:51:34Z,2026-05-30T08:51:35Z,1,b7c4cb7a1df41da8bcf5e03686b2cdf3bad7cc8f
26679686755,clang-format,push,completed,cancelled,2026-05-30T08:51:31Z,2026-05-30T08:51:53Z,22,b7c4cb7a1df41da8bcf5e03686b2cdf3bad7cc8f
26679686732,Spelling,push,completed,success,2026-05-30T08:51:31Z,2026-05-30T08:51:41Z,10,b7c4cb7a1df41da8bcf5e03686b2cdf3bad7cc8f
26679686733,Standalone example,push,completed,cancelled,2026-05-30T08:51:31Z,2026-05-30T08:51:58Z,27,b7c4cb7a1df41da8bcf5e03686b2cdf3bad7cc8f
26679686739,Style,push,completed,success,2026-05-30T08:51:31Z,2026-05-30T08:51:42Z,11,b7c4cb7a1df41da8bcf5e03686b2cdf3bad7cc8f
26679686730,ci-1-core,push,completed,cancelled,2026-05-30T08:51:31Z,2026-05-30T08:52:05Z,34,b7c4cb7a1df41da8bcf5e03686b2cdf3bad7cc8f
26679686750,ci-debug-ubuntu,push,completed,cancelled,2026-05-30T08:51:31Z,2026-05-30T08:52:06Z,35,b7c4cb7a1df41da8bcf5e03686b2cdf3bad7cc8f
26679686741,Mypy,push,completed,cancelled,2026-05-30T08:51:31Z,2026-05-30T08:52:06Z,35,b7c4cb7a1df41da8bcf5e03686b2cdf3bad7cc8f
26679686740,ci-no-onnx,push,completed,cancelled,2026-05-30T08:51:31Z,2026-05-30T08:52:06Z,35,b7c4cb7a1df41da8bcf5e03686b2cdf3bad7cc8f
26679686748,Pyrefly,push,completed,cancelled,2026-05-30T08:51:31Z,2026-05-30T08:52:06Z,35,b7c4cb7a1df41da8bcf5e03686b2cdf3bad7cc8f
26679683313,ci-debug-ubuntu,push,completed,cancelled,2026-05-30T08:51:20Z,2026-05-30T08:51:33Z,13,9ecdeab85a7f8e1a1bc7e7b74e6634b0e66943b3
26679683312,clang-format,push,completed,cancelled,2026-05-30T08:51:20Z,2026-05-30T08:51:39Z,19,9ecdeab85a7f8e1a1bc7e7b74e6634b0e66943b3
26679683310,Standalone example,push,completed,cancelled,2026-05-30T08:51:20Z,2026-05-30T08:51:41Z,21,9ecdeab85a7f8e1a1bc7e7b74e6634b0e66943b3
26679683304,Mypy,push,completed,cancelled,2026-05-30T08:51:20Z,2026-05-30T08:51:32Z,12,9ecdeab85a7f8e1a1bc7e7b74e6634b0e66943b3
26679683305,ci-1-core,push,completed,cancelled,2026-05-30T08:51:20Z,2026-05-30T08:51:32Z,12,9ecdeab85a7f8e1a1bc7e7b74e6634b0e66943b3
26679683306,ci-no-onnx,push,completed,cancelled,2026-05-30T08:51:20Z,2026-05-30T08:51:32Z,12,9ecdeab85a7f8e1a1bc7e7b74e6634b0e66943b3
26679683318,Pyrefly,push,completed,cancelled,2026-05-30T08:51:20Z,2026-05-30T08:51:33Z,13,9ecdeab85a7f8e1a1bc7e7b74e6634b0e66943b3
26679683308,Spelling,push,completed,success,2026-05-30T08:51:20Z,2026-05-30T08:51:30Z,10,9ecdeab85a7f8e1a1bc7e7b74e6634b0e66943b3
26679683309,Style,push,completed,success,2026-05-30T08:51:20Z,2026-05-30T08:51:31Z,11,9ecdeab85a7f8e1a1bc7e7b74e6634b0e66943b3
26679680680,Spelling,push,completed,success,2026-05-30T08:51:11Z,2026-05-30T08:51:20Z,9,e8721d949a2300f4d54af4dbe8c7cb21f2172f82
26679680671,ci-no-onnx,push,completed,cancelled,2026-05-30T08:51:11Z,2026-05-30T08:51:36Z,25,e8721d949a2300f4d54af4dbe8c7cb21f2172f82
26679680693,ci-debug-ubuntu,push,completed,cancelled,2026-05-30T08:51:11Z,2026-05-30T08:51:36Z,25,e8721d949a2300f4d54af4dbe8c7cb21f2172f82
26679680678,ci-1-core,push,completed,cancelled,2026-05-30T08:51:11Z,2026-05-30T08:51:36Z,25,e8721d949a2300f4d54af4dbe8c7cb21f2172f82
26679680675,Mypy,push,completed,cancelled,2026-05-30T08:51:11Z,2026-05-30T08:51:36Z,25,e8721d949a2300f4d54af4dbe8c7cb21f2172f82
26679680670,Pyrefly,push,completed,cancelled,2026-05-30T08:51:11Z,2026-05-30T08:51:37Z,26,e8721d949a2300f4d54af4dbe8c7cb21f2172f82
26679680683,Standalone example,push,completed,cancelled,2026-05-30T08:51:11Z,2026-05-30T08:51:26Z,15,e8721d949a2300f4d54af4dbe8c7cb21f2172f82
26679680677,clang-format,push,completed,cancelled,2026-05-30T08:51:11Z,2026-05-30T08:51:26Z,15,e8721d949a2300f4d54af4dbe8c7cb21f2172f82
26679680686,Style,push,completed,cancelled,2026-05-30T08:51:11Z,2026-05-30T08:51:22Z,11,e8721d949a2300f4d54af4dbe8c7cb21f2172f82
26679644144,Build,workflow_run,completed,action_required,2026-05-30T08:49:17Z,2026-05-30T08:49:17Z,0,8a1dbd0724e27b91a4004febd1d5151bf69ad0d1
26679621561,Build,workflow_run,completed,action_required,2026-05-30T08:48:13Z,2026-05-30T08:48:13Z,0,8a1dbd0724e27b91a4004febd1d5151bf69ad0d1
26679305066,Build,workflow_run,completed,action_required,2026-05-30T08:31:35Z,2026-05-30T08:31:35Z,0,8a1dbd0724e27b91a4004febd1d5151bf69ad0d1
26679282714,Build,workflow_run,completed,action_required,2026-05-30T08:30:29Z,2026-05-30T08:30:29Z,0,8a1dbd0724e27b91a4004febd1d5151bf69ad0d1
26679238718,Spelling,pull_request,completed,success,2026-05-30T08:28:08Z,2026-05-30T08:29:35Z,87,faaa3cb8b2812a32ce0a637fd6172de81ecf1303
26679238733,clang-format,pull_request,completed,success,2026-05-30T08:28:08Z,2026-05-30T08:29:37Z,89,faaa3cb8b2812a32ce0a637fd6172de81ecf1303
26679238719,Style,pull_request,completed,success,2026-05-30T08:28:08Z,2026-05-30T08:29:33Z,85,faaa3cb8b2812a32ce0a637fd6172de81ecf1303
26679238715,ci-no-onnx,pull_request,completed,success,2026-05-30T08:28:08Z,2026-05-30T08:34:50Z,402,faaa3cb8b2812a32ce0a637fd6172de81ecf1303
26679238716,Mypy,pull_request,completed,success,2026-05-30T08:28:08Z,2026-05-30T08:34:24Z,376,faaa3cb8b2812a32ce0a637fd6172de81ecf1303
26679238720,Pyrefly,pull_request,completed,success,2026-05-30T08:28:08Z,2026-05-30T08:34:42Z,394,faaa3cb8b2812a32ce0a637fd6172de81ecf1303
26679238724,Standalone example,pull_request,completed,success,2026-05-30T08:28:08Z,2026-05-30T08:34:38Z,390,faaa3cb8b2812a32ce0a637fd6172de81ecf1303
26679238714,ci-debug-ubuntu,pull_request,completed,success,2026-05-30T08:28:08Z,2026-05-30T08:36:41Z,513,faaa3cb8b2812a32ce0a637fd6172de81ecf1303
26679238727,ci-1-core,pull_request,completed,success,2026-05-30T08:28:08Z,2026-05-30T08:49:15Z,1267,faaa3cb8b2812a32ce0a637fd6172de81ecf1303
26679211614,Addressing comment on PR #1325,dynamic,completed,success,2026-05-30T08:26:45Z,2026-05-30T08:28:15Z,90,b27f2f4cf771eef34040d5a1589febc2c204ec83
26679121842,Spelling,pull_request,completed,success,2026-05-30T08:22:04Z,2026-05-30T08:29:24Z,440,5173f1313dab03ccbcdf863da6ddee8212c597e1
26679121854,Style,pull_request,completed,success,2026-05-30T08:22:04Z,2026-05-30T08:29:20Z,436,5173f1313dab03ccbcdf863da6ddee8212c597e1
26679121837,clang-format,pull_request,completed,success,2026-05-30T08:22:04Z,2026-05-30T08:29:24Z,440,5173f1313dab03ccbcdf863da6ddee8212c597e1
26679121849,ci-no-onnx,pull_request,completed,success,2026-05-30T08:22:04Z,2026-05-30T08:33:16Z,672,5173f1313dab03ccbcdf863da6ddee8212c597e1
26679121848,Pyrefly,pull_request,completed,success,2026-05-30T08:22:04Z,2026-05-30T08:34:23Z,739,5173f1313dab03ccbcdf863da6ddee8212c597e1
26679121845,Standalone example,pull_request,completed,success,2026-05-30T08:22:04Z,2026-05-30T08:33:30Z,686,5173f1313dab03ccbcdf863da6ddee8212c597e1
26679121827,Mypy,pull_request,completed,success,2026-05-30T08:22:04Z,2026-05-30T08:34:49Z,765,5173f1313dab03ccbcdf863da6ddee8212c597e1
26679121841,ci-debug-ubuntu,pull_request,completed,success,2026-05-30T08:22:04Z,2026-05-30T08:36:48Z,884,5173f1313dab03ccbcdf863da6ddee8212c597e1
26679121852,ci-1-core,pull_request,completed,success,2026-05-30T08:22:04Z,2026-05-30T08:48:11Z,1567,5173f1313dab03ccbcdf863da6ddee8212c597e1
26679117937,Build,workflow_run,completed,action_required,2026-05-30T08:21:54Z,2026-05-30T08:21:54Z,0,8a1dbd0724e27b91a4004febd1d5151bf69ad0d1
26678989142,Running Copilot cloud agent,dynamic,completed,success,2026-05-30T08:15:13Z,2026-05-30T08:26:02Z,649,0c6d022376bfb82e0105178975ca04d1fa2abed8
26678933411,Addressing comment on PR #1291,dynamic,completed,success,2026-05-30T08:12:21Z,2026-05-30T08:25:39Z,798,343c09a72760bceea11b312a11b1aef808f43fa0
26678454530,Spelling,pull_request,completed,success,2026-05-30T07:47:43Z,2026-05-30T08:13:12Z,1529,7c94eb114900da2cca3b9251abe1c188ce34af7f
26678454527,clang-format,pull_request,completed,success,2026-05-30T07:47:43Z,2026-05-30T08:13:12Z,1529,7c94eb114900da2cca3b9251abe1c188ce34af7f
26678454518,Style,pull_request,completed,success,2026-05-30T07:47:43Z,2026-05-30T08:13:06Z,1523,7c94eb114900da2cca3b9251abe1c188ce34af7f
26678454523,ci-no-onnx,pull_request,completed,success,2026-05-30T07:47:43Z,2026-05-30T08:17:33Z,1790,7c94eb114900da2cca3b9251abe1c188ce34af7f
26678454522,Mypy,pull_request,completed,success,2026-05-30T07:47:43Z,2026-05-30T08:18:03Z,1820,7c94eb114900da2cca3b9251abe1c188ce34af7f
26678454526,Pyrefly,pull_request,completed,success,2026-05-30T07:47:43Z,2026-05-30T08:18:01Z,1818,7c94eb114900da2cca3b9251abe1c188ce34af7f
26678454524,Standalone example,pull_request,completed,success,2026-05-30T07:47:43Z,2026-05-30T08:18:12Z,1829,7c94eb114900da2cca3b9251abe1c188ce34af7f
26678454520,ci-debug-ubuntu,pull_request,completed,success,2026-05-30T07:47:43Z,2026-05-30T08:20:26Z,1963,7c94eb114900da2cca3b9251abe1c188ce34af7f
26678454519,ci-1-core,pull_request,completed,success,2026-05-30T07:47:43Z,2026-05-30T08:30:27Z,2564,7c94eb114900da2cca3b9251abe1c188ce34af7f
26678374089,Build,workflow_run,completed,action_required,2026-05-30T07:43:30Z,2026-05-30T07:43:30Z,0,8a1dbd0724e27b91a4004febd1d5151bf69ad0d1
26678247678,Addressing comment on PR #1293,dynamic,completed,success,2026-05-30T07:36:57Z,2026-05-30T07:48:09Z,672,c1560416dcd419ffc84963867dcf72a4334f379e
26677277121,clang-format,pull_request,completed,success,2026-05-30T06:48:17Z,2026-05-30T07:36:22Z,2885,343c09a72760bceea11b312a11b1aef808f43fa0
26677277107,Style,pull_request,completed,success,2026-05-30T06:48:17Z,2026-05-30T07:36:23Z,2886,343c09a72760bceea11b312a11b1aef808f43fa0
26677277111,Spelling,pull_request,completed,success,2026-05-30T06:48:17Z,2026-05-30T07:36:23Z,2886,343c09a72760bceea11b312a11b1aef808f43fa0
26677277109,Pyrefly,pull_request,completed,success,2026-05-30T06:48:17Z,2026-05-30T07:41:12Z,3175,343c09a72760bceea11b312a11b1aef808f43fa0
26677277108,ci-no-onnx,pull_request,completed,failure,2026-05-30T06:48:17Z,2026-05-30T07:41:16Z,3179,343c09a72760bceea11b312a11b1aef808f43fa0
26677277106,Mypy,pull_request,completed,success,2026-05-30T06:48:17Z,2026-05-30T07:41:27Z,3190,343c09a72760bceea11b312a11b1aef808f43fa0
26677277115,Standalone example,pull_request,completed,success,2026-05-30T06:48:17Z,2026-05-30T07:41:47Z,3210,343c09a72760bceea11b312a11b1aef808f43fa0
26677277104,ci-debug-ubuntu,pull_request,completed,failure,2026-05-30T06:48:17Z,2026-05-30T07:43:07Z,3290,343c09a72760bceea11b312a11b1aef808f43fa0
26677277105,ci-1-core,pull_request,completed,failure,2026-05-30T06:48:17Z,2026-05-30T07:43:28Z,3311,343c09a72760bceea11b312a11b1aef808f43fa0
26677248583,Build,workflow_run,completed,action_required,2026-05-30T06:46:44Z,2026-05-30T06:46:44Z,0,8a1dbd0724e27b91a4004febd1d5151bf69ad0d1
26677199290,clang-format,pull_request,completed,success,2026-05-30T06:44:12Z,2026-05-30T08:13:45Z,5373,727dd0f5e0b262366f35fd1dbba687c6a4af9353
26677199306,Spelling,pull_request,completed,success,2026-05-30T06:44:12Z,2026-05-30T08:13:43Z,5371,727dd0f5e0b262366f35fd1dbba687c6a4af9353
26677199287,Style,pull_request,completed,success,2026-05-30T06:44:12Z,2026-05-30T08:13:42Z,5370,727dd0f5e0b262366f35fd1dbba687c6a4af9353
26677199295,Standalone example,pull_request,completed,success,2026-05-30T06:44:12Z,2026-05-30T08:17:48Z,5616,727dd0f5e0b262366f35fd1dbba687c6a4af9353
26677199286,Pyrefly,pull_request,completed,success,2026-05-30T06:44:12Z,2026-05-30T08:18:28Z,5656,727dd0f5e0b262366f35fd1dbba687c6a4af9353
26677199289,ci-no-onnx,pull_request,completed,success,2026-05-30T06:44:12Z,2026-05-30T08:18:52Z,5680,727dd0f5e0b262366f35fd1dbba687c6a4af9353
26677199294,Mypy,pull_request,completed,success,2026-05-30T06:44:12Z,2026-05-30T08:18:46Z,5674,727dd0f5e0b262366f35fd1dbba687c6a4af9353
26677199297,ci-debug-ubuntu,pull_request,completed,success,2026-05-30T06:44:12Z,2026-05-30T08:21:02Z,5810,727dd0f5e0b262366f35fd1dbba687c6a4af9353
26677199300,ci-1-core,pull_request,completed,success,2026-05-30T06:44:12Z,2026-05-30T08:31:33Z,6441,727dd0f5e0b262366f35fd1dbba687c6a4af9353
26677153286,Spelling,pull_request,completed,success,2026-05-30T06:41:53Z,2026-05-30T08:13:53Z,5520,b27f2f4cf771eef34040d5a1589febc2c204ec83
26677153274,Style,pull_request,completed,success,2026-05-30T06:41:53Z,2026-05-30T08:13:55Z,5522,b27f2f4cf771eef34040d5a1589febc2c204ec83
26677153279,clang-format,pull_request,completed,success,2026-05-30T06:41:53Z,2026-05-30T08:14:00Z,5527,b27f2f4cf771eef34040d5a1589febc2c204ec83
26677153280,Pyrefly,pull_request,completed,success,2026-05-30T06:41:53Z,2026-05-30T08:18:34Z,5801,b27f2f4cf771eef34040d5a1589febc2c204ec83
26677153281,Mypy,pull_request,completed,success,2026-05-30T06:41:53Z,2026-05-30T08:18:55Z,5822,b27f2f4cf771eef34040d5a1589febc2c204ec83
26677153288,ci-no-onnx,pull_request,completed,failure,2026-05-30T06:41:53Z,2026-05-30T08:19:11Z,5838,b27f2f4cf771eef34040d5a1589febc2c204ec83
26677153289,Standalone example,pull_request,completed,success,2026-05-30T06:41:53Z,2026-05-30T08:19:21Z,5848,b27f2f4cf771eef34040d5a1589febc2c204ec83
26677153268,ci-debug-ubuntu,pull_request,completed,failure,2026-05-30T06:41:53Z,2026-05-30T08:20:33Z,5920,b27f2f4cf771eef34040d5a1589febc2c204ec83
26677153267,ci-1-core,pull_request,completed,failure,2026-05-30T06:41:53Z,2026-05-30T08:21:52Z,5999,b27f2f4cf771eef34040d5a1589febc2c204ec83
26677137852,Running Copilot cloud agent,dynamic,completed,success,2026-05-30T06:41:06Z,2026-05-30T06:52:04Z,658,8121326ae0537ea5dc0972ad284367d9ff344dfa
26677058571,Mypy,pull_request,completed,success,2026-05-30T06:36:55Z,2026-05-30T06:44:10Z,435,c1560416dcd419ffc84963867dcf72a4334f379e
26677058568,Pyrefly,pull_request,completed,success,2026-05-30T06:36:55Z,2026-05-30T06:44:28Z,453,c1560416dcd419ffc84963867dcf72a4334f379e
26677058564,Standalone example,pull_request,completed,success,2026-05-30T06:36:55Z,2026-05-30T06:44:15Z,440,c1560416dcd419ffc84963867dcf72a4334f379e
26677058577,ci-no-onnx,pull_request,completed,success,2026-05-30T06:36:55Z,2026-05-30T06:44:34Z,459,c1560416dcd419ffc84963867dcf72a4334f379e
26677058560,ci-debug-ubuntu,pull_request,completed,failure,2026-05-30T06:36:55Z,2026-05-30T06:45:57Z,542,c1560416dcd419ffc84963867dcf72a4334f379e
26677058567,ci-1-core,pull_request,completed,failure,2026-05-30T06:36:55Z,2026-05-30T06:46:42Z,587,c1560416dcd419ffc84963867dcf72a4334f379e
26677058584,clang-format,pull_request,completed,success,2026-05-30T06:36:55Z,2026-05-30T06:39:24Z,149,c1560416dcd419ffc84963867dcf72a4334f379e
26677058569,Style,pull_request,completed,success,2026-05-30T06:36:55Z,2026-05-30T06:39:22Z,147,c1560416dcd419ffc84963867dcf72a4334f379e
26677058580,Spelling,pull_request,completed,success,2026-05-30T06:36:55Z,2026-05-30T06:39:22Z,147,c1560416dcd419ffc84963867dcf72a4334f379e
26676942499,coverage,schedule,completed,success,2026-05-30T06:31:05Z,2026-05-30T06:42:28Z,683,8a1dbd0724e27b91a4004febd1d5151bf69ad0d1
26676874079,Running Copilot cloud agent,dynamic,completed,success,2026-05-30T06:27:42Z,2026-05-30T06:45:25Z,1063,99a54e57512dd5057db9556f7ec84758315750c2
26676869190,Running Copilot cloud agent,dynamic,completed,success,2026-05-30T06:27:28Z,2026-05-30T06:47:59Z,1231,baed0a05b2ab3ca21008c920db6f06636f305121
26676861808,Addressing comment on PR #1291,dynamic,completed,success,2026-05-30T06:27:05Z,2026-05-30T06:48:50Z,1305,c103527281f0711f8f733aa4ad8cc8a78a924a88
26676566655,Running Copilot cloud agent,dynamic,completed,success,2026-05-30T06:12:11Z,2026-05-30T06:37:22Z,1511,153cb7ae566b74b44bda6338431c29adda2d6c65
26676515253,Addressing comment on PR #1291,dynamic,completed,success,2026-05-30T06:09:38Z,2026-05-30T06:24:23Z,885,03a209e7330bf816d86f83fcd54c19c38f91ed56
26663970613,Build,workflow_run,completed,success,2026-05-29T21:49:16Z,2026-05-29T22:24:50Z,2134,8a1dbd0724e27b91a4004febd1d5151bf69ad0d1
26709715170,Pyrefly,pull_request,completed,action_required,2026-05-31T10:08:10Z,2026-05-31T10:08:10Z,0,0a550edab2e26e4232bf1b50bddb122296a6c01e
26709715184,clang-format,pull_request,completed,action_required,2026-05-31T10:08:10Z,2026-05-31T10:08:10Z,0,0a550edab2e26e4232bf1b50bddb122296a6c01e
26709715201,ci-no-onnx,pull_request,completed,action_required,2026-05-31T10:08:10Z,2026-05-31T10:08:10Z,0,0a550edab2e26e4232bf1b50bddb122296a6c01e
26709715207,ci-1-core,pull_request,completed,action_required,2026-05-31T10:08:10Z,2026-05-31T10:08:10Z,0,0a550edab2e26e4232bf1b50bddb122296a6c01e
26709715212,Mypy,pull_request,completed,action_required,2026-05-31T10:08:10Z,2026-05-31T10:08:10Z,0,0a550edab2e26e4232bf1b50bddb122296a6c01e
26709715214,Standalone example,pull_request,completed,action_required,2026-05-31T10:08:10Z,2026-05-31T10:08:10Z,0,0a550edab2e26e4232bf1b50bddb122296a6c01e
26709715242,ci-debug-ubuntu,pull_request,completed,action_required,2026-05-31T10:08:10Z,2026-05-31T10:08:10Z,0,0a550edab2e26e4232bf1b50bddb122296a6c01e
26709715234,Spelling,pull_request,completed,action_required,2026-05-31T10:08:10Z,2026-05-31T10:08:10Z,0,0a550edab2e26e4232bf1b50bddb122296a6c01e
26709715202,Style,pull_request,completed,action_required,2026-05-31T10:08:10Z,2026-05-31T10:08:10Z,0,0a550edab2e26e4232bf1b50bddb122296a6c01e
26709707788,Spelling,push,completed,success,2026-05-31T10:07:49Z,2026-05-31T10:07:59Z,10,2d30e751fbdbc42be8dd27660d7a98f55b0150ac
26709707791,Style,push,completed,success,2026-05-31T10:07:49Z,2026-05-31T10:08:01Z,12,2d30e751fbdbc42be8dd27660d7a98f55b0150ac
26709707797,clang-format,push,completed,success,2026-05-31T10:07:49Z,2026-05-31T10:08:03Z,14,2d30e751fbdbc42be8dd27660d7a98f55b0150ac
26708992621,Build,workflow_run,completed,action_required,2026-05-31T09:32:21Z,2026-05-31T09:32:21Z,0,13ac754df3153524336ebeb48da19432ecdbba7c
26708874419,Style,pull_request,completed,success,2026-05-31T09:26:44Z,2026-05-31T10:10:39Z,2635,1df1a2f977dc87cabbd64d6b8c94ee20f69b7771
26708874423,clang-format,pull_request,completed,success,2026-05-31T09:26:44Z,2026-05-31T10:10:44Z,2640,1df1a2f977dc87cabbd64d6b8c94ee20f69b7771
26708874415,Spelling,pull_request,completed,success,2026-05-31T09:26:44Z,2026-05-31T10:10:40Z,2636,1df1a2f977dc87cabbd64d6b8c94ee20f69b7771
26708853997,Style,pull_request,completed,success,2026-05-31T09:25:40Z,2026-05-31T10:10:49Z,2709,99566e16cf0768a24b392206b34b2c7af5ed3ef4
26708624307,Build,workflow_run,completed,success,2026-05-31T09:14:02Z,2026-05-31T09:55:40Z,2498,13ac754df3153524336ebeb48da19432ecdbba7c
26708552325,Standalone example,pull_request,completed,action_required,2026-05-31T09:10:27Z,2026-05-31T09:10:27Z,0,aef70f745ae8bdb5d33436fa59f9a3251583c0db
26708552332,Mypy,pull_request,completed,action_required,2026-05-31T09:10:27Z,2026-05-31T09:10:27Z,0,aef70f745ae8bdb5d33436fa59f9a3251583c0db
26708552328,ci-no-onnx,pull_request,completed,action_required,2026-05-31T09:10:27Z,2026-05-31T09:10:27Z,0,aef70f745ae8bdb5d33436fa59f9a3251583c0db
26708552354,ci-debug-ubuntu,pull_request,completed,action_required,2026-05-31T09:10:27Z,2026-05-31T09:10:27Z,0,aef70f745ae8bdb5d33436fa59f9a3251583c0db
26708552338,Style,pull_request,completed,action_required,2026-05-31T09:10:27Z,2026-05-31T09:10:27Z,0,aef70f745ae8bdb5d33436fa59f9a3251583c0db
26708552322,Spelling,pull_request,completed,action_required,2026-05-31T09:10:27Z,2026-05-31T09:10:27Z,0,aef70f745ae8bdb5d33436fa59f9a3251583c0db
26708552333,clang-format,pull_request,completed,action_required,2026-05-31T09:10:27Z,2026-05-31T09:10:27Z,0,aef70f745ae8bdb5d33436fa59f9a3251583c0db
26708552370,ci-1-core,pull_request,completed,action_required,2026-05-31T09:10:27Z,2026-05-31T09:10:27Z,0,aef70f745ae8bdb5d33436fa59f9a3251583c0db
26708552342,Pyrefly,pull_request,completed,action_required,2026-05-31T09:10:27Z,2026-05-31T09:10:27Z,0,aef70f745ae8bdb5d33436fa59f9a3251583c0db
26708551743,Running Copilot cloud agent,dynamic,completed,success,2026-05-31T09:10:25Z,2026-05-31T09:24:25Z,840,aef70f745ae8bdb5d33436fa59f9a3251583c0db
26708546689,ci-1-core,pull_request,completed,action_required,2026-05-31T09:10:10Z,2026-05-31T09:10:10Z,0,673d8c5393f356083c8f2ccd8d7fad82d0894e08
26708546700,Standalone example,pull_request,completed,action_required,2026-05-31T09:10:10Z,2026-05-31T09:10:10Z,0,673d8c5393f356083c8f2ccd8d7fad82d0894e08
26708546706,Mypy,pull_request,completed,action_required,2026-05-31T09:10:10Z,2026-05-31T09:10:10Z,0,673d8c5393f356083c8f2ccd8d7fad82d0894e08
26708546694,Style,pull_request,completed,action_required,2026-05-31T09:10:10Z,2026-05-31T09:10:10Z,0,673d8c5393f356083c8f2ccd8d7fad82d0894e08
26708546718,clang-format,pull_request,completed,action_required,2026-05-31T09:10:10Z,2026-05-31T09:10:10Z,0,673d8c5393f356083c8f2ccd8d7fad82d0894e08
26708546716,Spelling,pull_request,completed,action_required,2026-05-31T09:10:10Z,2026-05-31T09:10:10Z,0,673d8c5393f356083c8f2ccd8d7fad82d0894e08
26708546715,ci-debug-ubuntu,pull_request,completed,action_required,2026-05-31T09:10:10Z,2026-05-31T09:10:10Z,0,673d8c5393f356083c8f2ccd8d7fad82d0894e08
26708546722,ci-no-onnx,pull_request,completed,action_required,2026-05-31T09:10:10Z,2026-05-31T09:10:10Z,0,673d8c5393f356083c8f2ccd8d7fad82d0894e08
26708546739,Pyrefly,pull_request,completed,action_required,2026-05-31T09:10:10Z,2026-05-31T09:10:10Z,0,673d8c5393f356083c8f2ccd8d7fad82d0894e08
26708546545,Running Copilot cloud agent,dynamic,completed,success,2026-05-31T09:10:10Z,2026-05-31T09:29:04Z,1134,673d8c5393f356083c8f2ccd8d7fad82d0894e08
26708544180,Pyrefly,pull_request,completed,action_required,2026-05-31T09:10:03Z,2026-05-31T09:10:03Z,0,b0e3b77e2c39a05d026bace5b2a59e73ec9c8dea
26708544184,Mypy,pull_request,completed,action_required,2026-05-31T09:10:03Z,2026-05-31T09:10:03Z,0,b0e3b77e2c39a05d026bace5b2a59e73ec9c8dea
26708544188,clang-format,pull_request,completed,action_required,2026-05-31T09:10:03Z,2026-05-31T09:10:03Z,0,b0e3b77e2c39a05d026bace5b2a59e73ec9c8dea
26708544187,Standalone example,pull_request,completed,action_required,2026-05-31T09:10:03Z,2026-05-31T09:10:03Z,0,b0e3b77e2c39a05d026bace5b2a59e73ec9c8dea
26708544182,ci-1-core,pull_request,completed,action_required,2026-05-31T09:10:03Z,2026-05-31T09:10:03Z,0,b0e3b77e2c39a05d026bace5b2a59e73ec9c8dea
26708544183,ci-no-onnx,pull_request,completed,action_required,2026-05-31T09:10:03Z,2026-05-31T09:10:03Z,0,b0e3b77e2c39a05d026bace5b2a59e73ec9c8dea
26708544186,Style,pull_request,completed,action_required,2026-05-31T09:10:03Z,2026-05-31T09:10:03Z,0,b0e3b77e2c39a05d026bace5b2a59e73ec9c8dea
26708544191,Spelling,pull_request,completed,action_required,2026-05-31T09:10:03Z,2026-05-31T09:10:03Z,0,b0e3b77e2c39a05d026bace5b2a59e73ec9c8dea
26708544199,ci-debug-ubuntu,pull_request,completed,action_required,2026-05-31T09:10:03Z,2026-05-31T09:10:03Z,0,b0e3b77e2c39a05d026bace5b2a59e73ec9c8dea
26708544076,Running Copilot cloud agent,dynamic,completed,success,2026-05-31T09:10:03Z,2026-05-31T09:30:09Z,1206,b0e3b77e2c39a05d026bace5b2a59e73ec9c8dea
26708540848,ci-debug-ubuntu,pull_request,completed,action_required,2026-05-31T09:09:54Z,2026-05-31T09:09:54Z,0,8eaf40071daeb89dba126b939a763a4a77c031fb
26708540817,ci-1-core,pull_request,completed,action_required,2026-05-31T09:09:53Z,2026-05-31T09:09:53Z,0,8eaf40071daeb89dba126b939a763a4a77c031fb
26708540814,ci-no-onnx,pull_request,completed,action_required,2026-05-31T09:09:53Z,2026-05-31T09:09:53Z,0,8eaf40071daeb89dba126b939a763a4a77c031fb
26708540822,Standalone example,pull_request,completed,action_required,2026-05-31T09:09:53Z,2026-05-31T09:09:53Z,0,8eaf40071daeb89dba126b939a763a4a77c031fb
26708540827,Pyrefly,pull_request,completed,action_required,2026-05-31T09:09:53Z,2026-05-31T09:09:53Z,0,8eaf40071daeb89dba126b939a763a4a77c031fb
26708540834,Spelling,pull_request,completed,action_required,2026-05-31T09:09:53Z,2026-05-31T09:09:53Z,0,8eaf40071daeb89dba126b939a763a4a77c031fb
26708540833,Style,pull_request,completed,action_required,2026-05-31T09:09:53Z,2026-05-31T09:09:53Z,0,8eaf40071daeb89dba126b939a763a4a77c031fb
26708540842,clang-format,pull_request,completed,action_required,2026-05-31T09:09:53Z,2026-05-31T09:09:53Z,0,8eaf40071daeb89dba126b939a763a4a77c031fb
26708540829,Mypy,pull_request,completed,action_required,2026-05-31T09:09:53Z,2026-05-31T09:09:53Z,0,8eaf40071daeb89dba126b939a763a4a77c031fb
26708540348,Running Copilot cloud agent,dynamic,completed,failure,2026-05-31T09:09:52Z,2026-05-31T09:19:04Z,552,8eaf40071daeb89dba126b939a763a4a77c031fb
26708370172,Spelling,pull_request,completed,success,2026-05-31T09:01:20Z,2026-05-31T09:09:20Z,480,adea407fb20c283527a8275f391953ca4b1f198a
26708370134,clang-format,pull_request,completed,success,2026-05-31T09:01:20Z,2026-05-31T09:09:29Z,489,adea407fb20c283527a8275f391953ca4b1f198a
26708370133,Mypy,pull_request,completed,success,2026-05-31T09:01:20Z,2026-05-31T09:15:05Z,825,adea407fb20c283527a8275f391953ca4b1f198a
26708370094,Style,pull_request,completed,success,2026-05-31T09:01:19Z,2026-05-31T09:09:22Z,483,adea407fb20c283527a8275f391953ca4b1f198a
26708370109,ci-no-onnx,pull_request,completed,success,2026-05-31T09:01:19Z,2026-05-31T09:15:05Z,826,adea407fb20c283527a8275f391953ca4b1f198a
26708370112,Pyrefly,pull_request,completed,success,2026-05-31T09:01:19Z,2026-05-31T09:14:56Z,817,adea407fb20c283527a8275f391953ca4b1f198a
26708370085,Standalone example,pull_request,completed,success,2026-05-31T09:01:19Z,2026-05-31T09:15:44Z,865,adea407fb20c283527a8275f391953ca4b1f198a
26708370099,ci-debug-ubuntu,pull_request,completed,success,2026-05-31T09:01:19Z,2026-05-31T09:17:26Z,967,adea407fb20c283527a8275f391953ca4b1f198a
26708370097,ci-1-core,pull_request,completed,success,2026-05-31T09:01:19Z,2026-05-31T09:32:19Z,1860,adea407fb20c283527a8275f391953ca4b1f198a
26708369609,Build,workflow_run,completed,action_required,2026-05-31T09:01:18Z,2026-05-31T09:01:18Z,0,13ac754df3153524336ebeb48da19432ecdbba7c
26708170987,Running Copilot cloud agent,dynamic,completed,success,2026-05-31T08:51:23Z,2026-05-31T09:01:51Z,628,1aea61c709f908d17637ec396b89dae52f3cd43f
26708164866,Spelling,push,completed,success,2026-05-31T08:51:05Z,2026-05-31T08:51:20Z,15,13ac754df3153524336ebeb48da19432ecdbba7c
26708164883,clang-format,push,completed,success,2026-05-31T08:51:05Z,2026-05-31T08:51:18Z,13,13ac754df3153524336ebeb48da19432ecdbba7c
26708164868,Style,push,completed,success,2026-05-31T08:51:05Z,2026-05-31T08:51:16Z,11,13ac754df3153524336ebeb48da19432ecdbba7c
26708164869,ci-no-onnx,push,completed,success,2026-05-31T08:51:05Z,2026-05-31T08:57:04Z,359,13ac754df3153524336ebeb48da19432ecdbba7c
26708164874,Pyrefly,push,completed,success,2026-05-31T08:51:05Z,2026-05-31T08:57:15Z,370,13ac754df3153524336ebeb48da19432ecdbba7c
26708164877,Standalone example,push,completed,success,2026-05-31T08:51:05Z,2026-05-31T08:57:28Z,383,13ac754df3153524336ebeb48da19432ecdbba7c
26708164875,Mypy,push,completed,success,2026-05-31T08:51:05Z,2026-05-31T08:57:14Z,369,13ac754df3153524336ebeb48da19432ecdbba7c
26708164876,ci-debug-ubuntu,push,completed,success,2026-05-31T08:51:05Z,2026-05-31T08:59:27Z,502,13ac754df3153524336ebeb48da19432ecdbba7c
26708164872,ci-1-core,push,completed,success,2026-05-31T08:51:05Z,2026-05-31T09:14:00Z,1375,13ac754df3153524336ebeb48da19432ecdbba7c
26708019404,Build,workflow_run,completed,cancelled,2026-05-31T08:43:47Z,2026-05-31T09:14:18Z,1831,2563efcc092ac619d4f877bb01a5a6de42bbb3bc
26707903587,Style,pull_request,completed,success,2026-05-31T08:38:01Z,2026-05-31T08:40:57Z,176,b72237e7c58833c43122d1f80f9854d547b770ba
26707903593,Spelling,pull_request,completed,success,2026-05-31T08:38:01Z,2026-05-31T08:41:00Z,179,b72237e7c58833c43122d1f80f9854d547b770ba
26707903601,clang-format,pull_request,completed,success,2026-05-31T08:38:01Z,2026-05-31T08:41:00Z,179,b72237e7c58833c43122d1f80f9854d547b770ba
26707903600,Standalone example,pull_request,completed,success,2026-05-31T08:38:01Z,2026-05-31T08:46:50Z,529,b72237e7c58833c43122d1f80f9854d547b770ba
26707903588,Pyrefly,pull_request,completed,success,2026-05-31T08:38:01Z,2026-05-31T08:46:48Z,527,b72237e7c58833c43122d1f80f9854d547b770ba
26707903591,ci-no-onnx,pull_request,completed,success,2026-05-31T08:38:01Z,2026-05-31T08:46:46Z,525,b72237e7c58833c43122d1f80f9854d547b770ba
26707903589,Mypy,pull_request,completed,success,2026-05-31T08:38:01Z,2026-05-31T08:46:59Z,538,b72237e7c58833c43122d1f80f9854d547b770ba
26707903595,ci-debug-ubuntu,pull_request,completed,success,2026-05-31T08:38:01Z,2026-05-31T08:49:36Z,695,b72237e7c58833c43122d1f80f9854d547b770ba
26707903590,ci-1-core,pull_request,completed,success,2026-05-31T08:38:01Z,2026-05-31T09:01:16Z,1395,b72237e7c58833c43122d1f80f9854d547b770ba
26707664757,Running Copilot cloud agent,dynamic,completed,success,2026-05-31T08:26:05Z,2026-05-31T08:38:21Z,736,849d942dd56b668634a86257ac7f2b174e13de99
26707633252,Build,workflow_run,completed,skipped,2026-05-31T08:24:27Z,2026-05-31T08:24:28Z,1,2563efcc092ac619d4f877bb01a5a6de42bbb3bc
26707631803,Style,push,completed,success,2026-05-31T08:24:22Z,2026-05-31T08:24:31Z,9,2563efcc092ac619d4f877bb01a5a6de42bbb3bc
26707631793,Spelling,push,completed,success,2026-05-31T08:24:22Z,2026-05-31T08:24:35Z,13,2563efcc092ac619d4f877bb01a5a6de42bbb3bc
26707631828,clang-format,push,completed,success,2026-05-31T08:24:22Z,2026-05-31T08:24:35Z,13,2563efcc092ac619d4f877bb01a5a6de42bbb3bc
26707631804,Pyrefly,push,completed,success,2026-05-31T08:24:22Z,2026-05-31T08:30:24Z,362,2563efcc092ac619d4f877bb01a5a6de42bbb3bc
26707631797,ci-no-onnx,push,completed,success,2026-05-31T08:24:22Z,2026-05-31T08:30:48Z,386,2563efcc092ac619d4f877bb01a5a6de42bbb3bc
26707631794,Mypy,push,completed,success,2026-05-31T08:24:22Z,2026-05-31T08:30:59Z,397,2563efcc092ac619d4f877bb01a5a6de42bbb3bc
26707631788,Standalone example,push,completed,success,2026-05-31T08:24:22Z,2026-05-31T08:31:07Z,405,2563efcc092ac619d4f877bb01a5a6de42bbb3bc
26707631802,ci-debug-ubuntu,push,completed,success,2026-05-31T08:24:22Z,2026-05-31T08:33:23Z,541,2563efcc092ac619d4f877bb01a5a6de42bbb3bc
26707631798,ci-1-core,push,completed,success,2026-05-31T08:24:22Z,2026-05-31T08:43:45Z,1163,2563efcc092ac619d4f877bb01a5a6de42bbb3bc
26707631040,Build,workflow_run,completed,skipped,2026-05-31T08:24:19Z,2026-05-31T08:24:21Z,2,099b39a02b85d30e63dc6a1795912791abb1b5b4
26707625641,clang-format,push,completed,success,2026-05-31T08:24:01Z,2026-05-31T08:24:15Z,14,099b39a02b85d30e63dc6a1795912791abb1b5b4
26707625652,Style,push,completed,success,2026-05-31T08:24:01Z,2026-05-31T08:24:13Z,12,099b39a02b85d30e63dc6a1795912791abb1b5b4
26707625654,ci-1-core,push,completed,cancelled,2026-05-31T08:24:01Z,2026-05-31T08:24:25Z,24,099b39a02b85d30e63dc6a1795912791abb1b5b4
26707625657,ci-no-onnx,push,completed,cancelled,2026-05-31T08:24:01Z,2026-05-31T08:24:27Z,26,099b39a02b85d30e63dc6a1795912791abb1b5b4
26707625643,ci-debug-ubuntu,push,completed,cancelled,2026-05-31T08:24:01Z,2026-05-31T08:24:38Z,37,099b39a02b85d30e63dc6a1795912791abb1b5b4
26707625645,Pyrefly,push,completed,cancelled,2026-05-31T08:24:01Z,2026-05-31T08:24:38Z,37,099b39a02b85d30e63dc6a1795912791abb1b5b4
26707625640,Mypy,push,completed,cancelled,2026-05-31T08:24:01Z,2026-05-31T08:24:38Z,37,099b39a02b85d30e63dc6a1795912791abb1b5b4
26707625632,Standalone example,push,completed,cancelled,2026-05-31T08:24:01Z,2026-05-31T08:24:39Z,38,099b39a02b85d30e63dc6a1795912791abb1b5b4
26707625635,Spelling,push,completed,success,2026-05-31T08:24:01Z,2026-05-31T08:24:10Z,9,099b39a02b85d30e63dc6a1795912791abb1b5b4
26707622276,Build,workflow_run,completed,skipped,2026-05-31T08:23:51Z,2026-05-31T08:23:52Z,1,549112232834374f3e1003f0439eb45a5f3c5a6d
26707620645,Style,push,completed,success,2026-05-31T08:23:46Z,2026-05-31T08:23:57Z,11,549112232834374f3e1003f0439eb45a5f3c5a6d
26707620665,clang-format,push,completed,success,2026-05-31T08:23:46Z,2026-05-31T08:23:58Z,12,549112232834374f3e1003f0439eb45a5f3c5a6d
26707620644,Spelling,push,completed,success,2026-05-31T08:23:46Z,2026-05-31T08:23:58Z,12,549112232834374f3e1003f0439eb45a5f3c5a6d
26707620658,Standalone example,push,completed,cancelled,2026-05-31T08:23:46Z,2026-05-31T08:24:05Z,19,549112232834374f3e1003f0439eb45a5f3c5a6d
26707620646,ci-debug-ubuntu,push,completed,cancelled,2026-05-31T08:23:46Z,2026-05-31T08:24:17Z,31,549112232834374f3e1003f0439eb45a5f3c5a6d
26707620651,Mypy,push,completed,cancelled,2026-05-31T08:23:46Z,2026-05-31T08:24:18Z,32,549112232834374f3e1003f0439eb45a5f3c5a6d
26707620647,Pyrefly,push,completed,cancelled,2026-05-31T08:23:46Z,2026-05-31T08:24:18Z,32,549112232834374f3e1003f0439eb45a5f3c5a6d
26707620652,ci-no-onnx,push,completed,cancelled,2026-05-31T08:23:46Z,2026-05-31T08:24:18Z,32,549112232834374f3e1003f0439eb45a5f3c5a6d
26707620650,ci-1-core,push,completed,cancelled,2026-05-31T08:23:46Z,2026-05-31T08:24:18Z,32,549112232834374f3e1003f0439eb45a5f3c5a6d
26707620283,Build,workflow_run,completed,skipped,2026-05-31T08:23:45Z,2026-05-31T08:23:46Z,1,549112232834374f3e1003f0439eb45a5f3c5a6d
26707614088,Spelling,push,completed,success,2026-05-31T08:23:28Z,2026-05-31T08:23:38Z,10,207005b5fd2bacdebf029a398d928ff95be58e0a
26707614111,clang-format,push,completed,success,2026-05-31T08:23:28Z,2026-05-31T08:23:38Z,10,207005b5fd2bacdebf029a398d928ff95be58e0a
26707614096,Style,push,completed,success,2026-05-31T08:23:28Z,2026-05-31T08:23:39Z,11,207005b5fd2bacdebf029a398d928ff95be58e0a
26707614101,ci-debug-ubuntu,push,completed,cancelled,2026-05-31T08:23:28Z,2026-05-31T08:23:49Z,21,207005b5fd2bacdebf029a398d928ff95be58e0a
26707614087,ci-1-core,push,completed,cancelled,2026-05-31T08:23:28Z,2026-05-31T08:23:49Z,21,207005b5fd2bacdebf029a398d928ff95be58e0a
26707614080,Standalone example,push,completed,cancelled,2026-05-31T08:23:28Z,2026-05-31T08:23:50Z,22,207005b5fd2bacdebf029a398d928ff95be58e0a
26707614099,Pyrefly,push,completed,cancelled,2026-05-31T08:23:28Z,2026-05-31T08:23:50Z,22,207005b5fd2bacdebf029a398d928ff95be58e0a
26707614104,ci-no-onnx,push,completed,cancelled,2026-05-31T08:23:28Z,2026-05-31T08:23:49Z,21,207005b5fd2bacdebf029a398d928ff95be58e0a
26707614090,Mypy,push,completed,cancelled,2026-05-31T08:23:28Z,2026-05-31T08:23:49Z,21,207005b5fd2bacdebf029a398d928ff95be58e0a
26707606156,ci-no-onnx,push,completed,cancelled,2026-05-31T08:23:05Z,2026-05-31T08:23:44Z,39,d961ee1e79bd2c8feb4dcf3824fb8b561d4ed1c6
26707606162,ci-1-core,push,completed,cancelled,2026-05-31T08:23:05Z,2026-05-31T08:23:43Z,38,d961ee1e79bd2c8feb4dcf3824fb8b561d4ed1c6
26707606183,Mypy,push,completed,cancelled,2026-05-31T08:23:05Z,2026-05-31T08:23:44Z,39,d961ee1e79bd2c8feb4dcf3824fb8b561d4ed1c6
26707606163,ci-debug-ubuntu,push,completed,cancelled,2026-05-31T08:23:05Z,2026-05-31T08:23:44Z,39,d961ee1e79bd2c8feb4dcf3824fb8b561d4ed1c6
26707606159,Standalone example,push,completed,cancelled,2026-05-31T08:23:05Z,2026-05-31T08:23:44Z,39,d961ee1e79bd2c8feb4dcf3824fb8b561d4ed1c6
26707606164,Pyrefly,push,completed,cancelled,2026-05-31T08:23:05Z,2026-05-31T08:23:44Z,39,d961ee1e79bd2c8feb4dcf3824fb8b561d4ed1c6
26707606172,Spelling,push,completed,success,2026-05-31T08:23:05Z,2026-05-31T08:23:15Z,10,d961ee1e79bd2c8feb4dcf3824fb8b561d4ed1c6
26707606166,Style,push,completed,success,2026-05-31T08:23:05Z,2026-05-31T08:23:15Z,10,d961ee1e79bd2c8feb4dcf3824fb8b561d4ed1c6
26707606157,clang-format,push,completed,success,2026-05-31T08:23:05Z,2026-05-31T08:23:19Z,14,d961ee1e79bd2c8feb4dcf3824fb8b561d4ed1c6
26707599307,Build,workflow_run,completed,action_required,2026-05-31T08:22:44Z,2026-05-31T08:22:44Z,0,e4c6cad6ee4a2147c3863a9f9b5a9678e711af53
26707588541,Build,workflow_run,completed,action_required,2026-05-31T08:22:11Z,2026-05-31T08:22:11Z,0,e4c6cad6ee4a2147c3863a9f9b5a9678e711af53
26707517897,Build,workflow_run,completed,action_required,2026-05-31T08:18:45Z,2026-05-31T08:18:45Z,0,e4c6cad6ee4a2147c3863a9f9b5a9678e711af53
26707491421,Build,workflow_run,completed,action_required,2026-05-31T08:17:23Z,2026-05-31T08:17:23Z,0,e4c6cad6ee4a2147c3863a9f9b5a9678e711af53
26707442168,Build,workflow_run,completed,action_required,2026-05-31T08:14:58Z,2026-05-31T08:14:58Z,0,e4c6cad6ee4a2147c3863a9f9b5a9678e711af53
26706098600,coverage,schedule,completed,success,2026-05-31T07:06:43Z,2026-05-31T07:19:30Z,767,e4c6cad6ee4a2147c3863a9f9b5a9678e711af53
26705683381,clang-format,pull_request,completed,success,2026-05-31T06:45:01Z,2026-05-31T08:01:03Z,4562,82c36ef598e0c86f71712971ebe87771b86eed35
26705683386,Spelling,pull_request,completed,success,2026-05-31T06:45:01Z,2026-05-31T08:02:57Z,4676,82c36ef598e0c86f71712971ebe87771b86eed35
26705683393,Style,pull_request,completed,success,2026-05-31T06:45:01Z,2026-05-31T08:04:16Z,4755,82c36ef598e0c86f71712971ebe87771b86eed35
26705683383,Standalone example,pull_request,completed,success,2026-05-31T06:45:01Z,2026-05-31T08:05:50Z,4849,82c36ef598e0c86f71712971ebe87771b86eed35
26705683418,Pyrefly,pull_request,completed,success,2026-05-31T06:45:01Z,2026-05-31T08:07:02Z,4921,82c36ef598e0c86f71712971ebe87771b86eed35
26705683388,ci-no-onnx,pull_request,completed,success,2026-05-31T06:45:01Z,2026-05-31T08:09:26Z,5065,82c36ef598e0c86f71712971ebe87771b86eed35
26705683400,ci-debug-ubuntu,pull_request,completed,success,2026-05-31T06:45:01Z,2026-05-31T08:09:39Z,5078,82c36ef598e0c86f71712971ebe87771b86eed35
26705683398,Mypy,pull_request,completed,success,2026-05-31T06:45:01Z,2026-05-31T08:09:32Z,5071,82c36ef598e0c86f71712971ebe87771b86eed35
26705683380,ci-1-core,pull_request,completed,success,2026-05-31T06:45:01Z,2026-05-31T08:22:42Z,5861,82c36ef598e0c86f71712971ebe87771b86eed35
26705531789,Spelling,pull_request,completed,success,2026-05-31T06:36:44Z,2026-05-31T07:58:05Z,4881,f3f28f426a2cc3539ad157278a37088752141c28
26705531803,Style,pull_request,completed,success,2026-05-31T06:36:44Z,2026-05-31T07:58:11Z,4887,f3f28f426a2cc3539ad157278a37088752141c28
26705531797,clang-format,pull_request,completed,success,2026-05-31T06:36:44Z,2026-05-31T07:58:08Z,4884,f3f28f426a2cc3539ad157278a37088752141c28
26705531801,ci-no-onnx,pull_request,completed,success,2026-05-31T06:36:44Z,2026-05-31T08:03:43Z,5219,f3f28f426a2cc3539ad157278a37088752141c28
26705531794,Mypy,pull_request,completed,success,2026-05-31T06:36:44Z,2026-05-31T08:04:07Z,5243,f3f28f426a2cc3539ad157278a37088752141c28
26705531781,Standalone example,pull_request,completed,success,2026-05-31T06:36:44Z,2026-05-31T08:04:05Z,5241,f3f28f426a2cc3539ad157278a37088752141c28
26705531799,Pyrefly,pull_request,completed,success,2026-05-31T06:36:44Z,2026-05-31T08:03:56Z,5232,f3f28f426a2cc3539ad157278a37088752141c28
26705531790,ci-debug-ubuntu,pull_request,completed,success,2026-05-31T06:36:44Z,2026-05-31T08:05:58Z,5354,f3f28f426a2cc3539ad157278a37088752141c28
26705531798,ci-1-core,pull_request,completed,success,2026-05-31T06:36:44Z,2026-05-31T08:14:56Z,5892,f3f28f426a2cc3539ad157278a37088752141c28
26705501883,Build,workflow_run,completed,success,2026-05-31T06:35:05Z,2026-05-31T07:14:36Z,2371,e4c6cad6ee4a2147c3863a9f9b5a9678e711af53
26705434571,clang-format,pull_request,completed,success,2026-05-31T06:31:30Z,2026-05-31T08:03:26Z,5516,3d70ab4703693088a1516c35e669f9192fa28c85
26705434572,Spelling,pull_request,completed,success,2026-05-31T06:31:30Z,2026-05-31T08:04:20Z,5570,3d70ab4703693088a1516c35e669f9192fa28c85
26705434565,Style,pull_request,completed,success,2026-05-31T06:31:30Z,2026-05-31T08:04:14Z,5564,3d70ab4703693088a1516c35e669f9192fa28c85
26705434581,Mypy,pull_request,completed,success,2026-05-31T06:31:30Z,2026-05-31T08:08:30Z,5820,3d70ab4703693088a1516c35e669f9192fa28c85
26705434576,Standalone example,pull_request,completed,success,2026-05-31T06:31:30Z,2026-05-31T08:09:11Z,5861,3d70ab4703693088a1516c35e669f9192fa28c85
26705434566,Pyrefly,pull_request,completed,success,2026-05-31T06:31:30Z,2026-05-31T08:09:25Z,5875,3d70ab4703693088a1516c35e669f9192fa28c85
26705434554,ci-no-onnx,pull_request,completed,success,2026-05-31T06:31:30Z,2026-05-31T08:10:06Z,5916,3d70ab4703693088a1516c35e669f9192fa28c85
26705434556,ci-debug-ubuntu,pull_request,completed,success,2026-05-31T06:31:30Z,2026-05-31T08:11:02Z,5972,3d70ab4703693088a1516c35e669f9192fa28c85
26705434557,ci-1-core,pull_request,completed,success,2026-05-31T06:31:30Z,2026-05-31T08:22:09Z,6639,3d70ab4703693088a1516c35e669f9192fa28c85
26705358642,Running Copilot cloud agent,dynamic,completed,success,2026-05-31T06:27:27Z,2026-05-31T06:45:25Z,1078,8ad9b875bfa7dfb795000e74ff57e079c4b63296
26705352326,clang-format,pull_request,completed,success,2026-05-31T06:27:08Z,2026-05-31T07:57:47Z,5439,e92df729286029e90a24d31844d9c5b903f151a5
26705352301,Spelling,pull_request,completed,success,2026-05-31T06:27:08Z,2026-05-31T07:57:42Z,5434,e92df729286029e90a24d31844d9c5b903f151a5
26705352319,Style,pull_request,completed,success,2026-05-31T06:27:08Z,2026-05-31T07:57:44Z,5436,e92df729286029e90a24d31844d9c5b903f151a5
26705352304,Mypy,pull_request,completed,success,2026-05-31T06:27:08Z,2026-05-31T08:03:13Z,5765,e92df729286029e90a24d31844d9c5b903f151a5
26705352305,Pyrefly,pull_request,completed,success,2026-05-31T06:27:08Z,2026-05-31T08:03:15Z,5767,e92df729286029e90a24d31844d9c5b903f151a5
26705352299,ci-no-onnx,pull_request,completed,success,2026-05-31T06:27:08Z,2026-05-31T08:03:33Z,5785,e92df729286029e90a24d31844d9c5b903f151a5
26705352310,Standalone example,pull_request,completed,success,2026-05-31T06:27:08Z,2026-05-31T08:04:03Z,5815,e92df729286029e90a24d31844d9c5b903f151a5
26705352293,ci-debug-ubuntu,pull_request,completed,success,2026-05-31T06:27:08Z,2026-05-31T08:05:40Z,5912,e92df729286029e90a24d31844d9c5b903f151a5
26705352309,ci-1-core,pull_request,completed,success,2026-05-31T06:27:08Z,2026-05-31T08:18:43Z,6695,e92df729286029e90a24d31844d9c5b903f151a5
26705339926,Style,pull_request,completed,success,2026-05-31T06:26:25Z,2026-05-31T07:56:36Z,5411,50b1a7d11840cbade7b2636b8803a68ae1dca51d
26705339942,Spelling,pull_request,completed,success,2026-05-31T06:26:25Z,2026-05-31T07:56:37Z,5412,50b1a7d11840cbade7b2636b8803a68ae1dca51d
26705339923,clang-format,pull_request,completed,success,2026-05-31T06:26:25Z,2026-05-31T07:56:40Z,5415,50b1a7d11840cbade7b2636b8803a68ae1dca51d
26705339934,Pyrefly,pull_request,completed,success,2026-05-31T06:26:25Z,2026-05-31T08:01:20Z,5695,50b1a7d11840cbade7b2636b8803a68ae1dca51d
26705339931,Mypy,pull_request,completed,success,2026-05-31T06:26:25Z,2026-05-31T08:01:16Z,5691,50b1a7d11840cbade7b2636b8803a68ae1dca51d
26705339921,Standalone example,pull_request,completed,success,2026-05-31T06:26:25Z,2026-05-31T08:02:49Z,5784,50b1a7d11840cbade7b2636b8803a68ae1dca51d
26705339936,ci-no-onnx,pull_request,completed,success,2026-05-31T06:26:25Z,2026-05-31T08:02:46Z,5781,50b1a7d11840cbade7b2636b8803a68ae1dca51d
26705339920,ci-debug-ubuntu,pull_request,completed,success,2026-05-31T06:26:25Z,2026-05-31T08:04:47Z,5902,50b1a7d11840cbade7b2636b8803a68ae1dca51d
26705339930,ci-1-core,pull_request,completed,success,2026-05-31T06:26:25Z,2026-05-31T08:17:21Z,6656,50b1a7d11840cbade7b2636b8803a68ae1dca51d
26705161912,Running Copilot cloud agent,dynamic,completed,success,2026-05-31T06:16:45Z,2026-05-31T06:37:05Z,1220,cc2427520741650cb61d2f3536b97302a7107c3f
26705156153,Running Copilot cloud agent,dynamic,completed,success,2026-05-31T06:16:26Z,2026-05-31T06:31:50Z,924,f4b3d72da6b7434ea4a031ae36b70cd378511d7e
26705142514,Addressing comment on PR #1386,dynamic,completed,success,2026-05-31T06:15:40Z,2026-05-31T06:28:05Z,745,5c9158edbe4d9ba4fe0f2787f7add711cd9d53fa
26705133886,Addressing comment on PR #1383,dynamic,completed,success,2026-05-31T06:15:14Z,2026-05-31T06:26:51Z,697,9d3ae5639540fed5e112464b0b42c5e8ae657b40
26705125249,ci-1-core,push,completed,success,2026-05-31T06:14:50Z,2026-05-31T06:35:03Z,1213,e4c6cad6ee4a2147c3863a9f9b5a9678e711af53
26705125242,Style,push,completed,success,2026-05-31T06:14:50Z,2026-05-31T06:15:00Z,10,e4c6cad6ee4a2147c3863a9f9b5a9678e711af53
26705125246,Spelling,push,completed,success,2026-05-31T06:14:50Z,2026-05-31T06:15:04Z,14,e4c6cad6ee4a2147c3863a9f9b5a9678e711af53
26705125245,clang-format,push,completed,success,2026-05-31T06:14:50Z,2026-05-31T06:15:02Z,12,e4c6cad6ee4a2147c3863a9f9b5a9678e711af53
26705125239,Mypy,push,completed,success,2026-05-31T06:14:50Z,2026-05-31T06:20:31Z,341,e4c6cad6ee4a2147c3863a9f9b5a9678e711af53
26705125244,Pyrefly,push,completed,success,2026-05-31T06:14:50Z,2026-05-31T06:20:25Z,335,e4c6cad6ee4a2147c3863a9f9b5a9678e711af53
26705125248,ci-no-onnx,push,completed,success,2026-05-31T06:14:50Z,2026-05-31T06:20:39Z,349,e4c6cad6ee4a2147c3863a9f9b5a9678e711af53
26705125261,Standalone example,push,completed,success,2026-05-31T06:14:50Z,2026-05-31T06:21:24Z,394,e4c6cad6ee4a2147c3863a9f9b5a9678e711af53
26705125253,ci-debug-ubuntu,push,completed,success,2026-05-31T06:14:50Z,2026-05-31T06:22:43Z,473,e4c6cad6ee4a2147c3863a9f9b5a9678e711af53
26691464370,Build,workflow_run,completed,success,2026-05-30T18:22:57Z,2026-05-30T19:03:18Z,2421,d819123803d87199ab6737196212ecae42973eda
26691214662,Build,workflow_run,completed,action_required,2026-05-30T18:11:07Z,2026-05-30T18:11:07Z,0,d819123803d87199ab6737196212ecae42973eda
26691052921,Addressing comment on PR #1383,dynamic,completed,success,2026-05-30T18:03:26Z,2026-05-30T18:15:54Z,748,a7751c3b71db0028c1d056dde64f3dec10c12587
26691022544,Build,workflow_run,completed,skipped,2026-05-30T18:02:01Z,2026-05-30T18:02:02Z,1,d819123803d87199ab6737196212ecae42973eda
26691015463,Style,push,completed,success,2026-05-30T18:01:44Z,2026-05-30T18:01:53Z,9,d819123803d87199ab6737196212ecae42973eda
26691015424,clang-format,push,completed,success,2026-05-30T18:01:43Z,2026-05-30T18:01:54Z,11,d819123803d87199ab6737196212ecae42973eda
26691015438,Spelling,push,completed,success,2026-05-30T18:01:43Z,2026-05-30T18:01:53Z,10,d819123803d87199ab6737196212ecae42973eda
26691015427,Pyrefly,push,completed,success,2026-05-30T18:01:43Z,2026-05-30T18:07:32Z,349,d819123803d87199ab6737196212ecae42973eda
26691015432,Mypy,push,completed,success,2026-05-30T18:01:43Z,2026-05-30T18:07:50Z,367,d819123803d87199ab6737196212ecae42973eda
26691015437,ci-no-onnx,push,completed,success,2026-05-30T18:01:43Z,2026-05-30T18:07:46Z,363,d819123803d87199ab6737196212ecae42973eda
26691015449,Standalone example,push,completed,success,2026-05-30T18:01:43Z,2026-05-30T18:08:01Z,378,d819123803d87199ab6737196212ecae42973eda
26691015426,ci-debug-ubuntu,push,completed,success,2026-05-30T18:01:43Z,2026-05-30T18:09:47Z,484,d819123803d87199ab6737196212ecae42973eda
26691015455,ci-1-core,push,completed,success,2026-05-30T18:01:43Z,2026-05-30T18:22:56Z,1273,d819123803d87199ab6737196212ecae42973eda
26690988621,Style,push,completed,success,2026-05-30T18:00:32Z,2026-05-30T18:00:43Z,11,53ce15eae857181e9c73d01f006ee3c197c63bbc
26690988607,Spelling,push,completed,success,2026-05-30T18:00:32Z,2026-05-30T18:00:44Z,12,53ce15eae857181e9c73d01f006ee3c197c63bbc
26690988611,clang-format,push,completed,success,2026-05-30T18:00:32Z,2026-05-30T18:00:45Z,13,53ce15eae857181e9c73d01f006ee3c197c63bbc
26690988638,Standalone example,push,completed,cancelled,2026-05-30T18:00:32Z,2026-05-30T18:01:59Z,87,53ce15eae857181e9c73d01f006ee3c197c63bbc
26690988617,ci-no-onnx,push,completed,cancelled,2026-05-30T18:00:32Z,2026-05-30T18:01:59Z,87,53ce15eae857181e9c73d01f006ee3c197c63bbc
26690988608,Pyrefly,push,completed,cancelled,2026-05-30T18:00:32Z,2026-05-30T18:01:59Z,87,53ce15eae857181e9c73d01f006ee3c197c63bbc
26690988615,Mypy,push,completed,cancelled,2026-05-30T18:00:32Z,2026-05-30T18:02:00Z,88,53ce15eae857181e9c73d01f006ee3c197c63bbc
26690988629,ci-debug-ubuntu,push,completed,cancelled,2026-05-30T18:00:32Z,2026-05-30T18:02:00Z,88,53ce15eae857181e9c73d01f006ee3c197c63bbc
26690988613,ci-1-core,push,completed,cancelled,2026-05-30T18:00:32Z,2026-05-30T18:02:00Z,88,53ce15eae857181e9c73d01f006ee3c197c63bbc
26690437950,Build,workflow_run,completed,action_required,2026-05-30T17:34:48Z,2026-05-30T17:34:48Z,0,8ca4ec977d0d6a3ed626e93d8fe2a547e32b84ca
26690308043,Build,workflow_run,completed,action_required,2026-05-30T17:28:46Z,2026-05-30T17:28:46Z,0,8ca4ec977d0d6a3ed626e93d8fe2a547e32b84ca
26690305581,Build,workflow_run,completed,action_required,2026-05-30T17:28:39Z,2026-05-30T17:28:39Z,0,8ca4ec977d0d6a3ed626e93d8fe2a547e32b84ca
26690212098,clang-format,pull_request,completed,success,2026-05-30T17:24:29Z,2026-05-30T18:02:29Z,2280,5c9158edbe4d9ba4fe0f2787f7add711cd9d53fa
26690212092,Style,pull_request,completed,success,2026-05-30T17:24:29Z,2026-05-30T18:02:27Z,2278,5c9158edbe4d9ba4fe0f2787f7add711cd9d53fa
26690212090,Spelling,pull_request,completed,success,2026-05-30T17:24:29Z,2026-05-30T18:02:25Z,2276,5c9158edbe4d9ba4fe0f2787f7add711cd9d53fa
26690212109,Standalone example,pull_request,completed,success,2026-05-30T17:24:29Z,2026-05-30T18:07:50Z,2601,5c9158edbe4d9ba4fe0f2787f7add711cd9d53fa
26690212124,ci-no-onnx,pull_request,completed,success,2026-05-30T17:24:29Z,2026-05-30T18:08:12Z,2623,5c9158edbe4d9ba4fe0f2787f7add711cd9d53fa
26690212129,Mypy,pull_request,completed,success,2026-05-30T17:24:29Z,2026-05-30T18:08:34Z,2645,5c9158edbe4d9ba4fe0f2787f7add711cd9d53fa
26690212101,Pyrefly,pull_request,completed,success,2026-05-30T17:24:29Z,2026-05-30T18:08:27Z,2638,5c9158edbe4d9ba4fe0f2787f7add711cd9d53fa
26690212102,ci-debug-ubuntu,pull_request,completed,failure,2026-05-30T17:24:29Z,2026-05-30T18:09:53Z,2724,5c9158edbe4d9ba4fe0f2787f7add711cd9d53fa
26690212097,ci-1-core,pull_request,completed,failure,2026-05-30T17:24:29Z,2026-05-30T18:11:05Z,2796,5c9158edbe4d9ba4fe0f2787f7add711cd9d53fa
26690036144,Build,workflow_run,completed,action_required,2026-05-30T17:16:14Z,2026-05-30T17:16:14Z,0,8ca4ec977d0d6a3ed626e93d8fe2a547e32b84ca
26739571107,Standalone example,pull_request,completed,action_required,2026-06-01T06:45:35Z,2026-06-01T06:45:35Z,0,e8f35263b92f7cee2864692e17e2312378ebdb5e
26739571108,Spelling,pull_request,completed,action_required,2026-06-01T06:45:35Z,2026-06-01T06:45:35Z,0,e8f35263b92f7cee2864692e17e2312378ebdb5e
26739571139,Style,pull_request,completed,action_required,2026-06-01T06:45:35Z,2026-06-01T06:45:35Z,0,e8f35263b92f7cee2864692e17e2312378ebdb5e
26739571145,clang-format,pull_request,completed,action_required,2026-06-01T06:45:35Z,2026-06-01T06:45:35Z,0,e8f35263b92f7cee2864692e17e2312378ebdb5e
26739571115,ci-1-core,pull_request,completed,action_required,2026-06-01T06:45:35Z,2026-06-01T06:45:35Z,0,e8f35263b92f7cee2864692e17e2312378ebdb5e
26739571150,Pyrefly,pull_request,completed,action_required,2026-06-01T06:45:35Z,2026-06-01T06:45:35Z,0,e8f35263b92f7cee2864692e17e2312378ebdb5e
26739571167,Mypy,pull_request,completed,action_required,2026-06-01T06:45:35Z,2026-06-01T06:45:35Z,0,e8f35263b92f7cee2864692e17e2312378ebdb5e
26739571137,ci-debug-ubuntu,pull_request,completed,action_required,2026-06-01T06:45:35Z,2026-06-01T06:45:35Z,0,e8f35263b92f7cee2864692e17e2312378ebdb5e
26739571161,ci-no-onnx,pull_request,completed,action_required,2026-06-01T06:45:35Z,2026-06-01T06:45:35Z,0,e8f35263b92f7cee2864692e17e2312378ebdb5e
26739570727,ci-no-onnx,pull_request,completed,action_required,2026-06-01T06:45:34Z,2026-06-01T06:45:34Z,0,05d8aa8cc742e5937505409c8a5104d54c7a00fd
26739570698,Style,pull_request,completed,action_required,2026-06-01T06:45:34Z,2026-06-01T06:45:34Z,0,05d8aa8cc742e5937505409c8a5104d54c7a00fd
26739570697,clang-format,pull_request,completed,action_required,2026-06-01T06:45:34Z,2026-06-01T06:45:34Z,0,05d8aa8cc742e5937505409c8a5104d54c7a00fd
26739570716,Mypy,pull_request,completed,action_required,2026-06-01T06:45:34Z,2026-06-01T06:45:34Z,0,05d8aa8cc742e5937505409c8a5104d54c7a00fd
26739570754,ci-debug-ubuntu,pull_request,completed,action_required,2026-06-01T06:45:34Z,2026-06-01T06:45:34Z,0,05d8aa8cc742e5937505409c8a5104d54c7a00fd
26739570700,Pyrefly,pull_request,completed,action_required,2026-06-01T06:45:34Z,2026-06-01T06:45:34Z,0,05d8aa8cc742e5937505409c8a5104d54c7a00fd
26739570704,ci-1-core,pull_request,completed,action_required,2026-06-01T06:45:34Z,2026-06-01T06:45:34Z,0,05d8aa8cc742e5937505409c8a5104d54c7a00fd
26739570718,Spelling,pull_request,completed,action_required,2026-06-01T06:45:34Z,2026-06-01T06:45:34Z,0,05d8aa8cc742e5937505409c8a5104d54c7a00fd
26739570712,Standalone example,pull_request,completed,action_required,2026-06-01T06:45:34Z,2026-06-01T06:45:34Z,0,05d8aa8cc742e5937505409c8a5104d54c7a00fd
26739422618,Build,workflow_run,completed,skipped,2026-06-01T06:41:38Z,2026-06-01T06:41:39Z,1,30ce988cac033e6bb555cacf9f509831e662b8fb
26739411182,Style,push,completed,success,2026-06-01T06:41:20Z,2026-06-01T06:41:31Z,11,30ce988cac033e6bb555cacf9f509831e662b8fb
26739411163,Spelling,push,completed,success,2026-06-01T06:41:20Z,2026-06-01T06:41:32Z,12,30ce988cac033e6bb555cacf9f509831e662b8fb
26739411145,clang-format,push,completed,success,2026-06-01T06:41:20Z,2026-06-01T06:41:36Z,16,30ce988cac033e6bb555cacf9f509831e662b8fb
26739411179,Standalone example,push,completed,success,2026-06-01T06:41:20Z,2026-06-01T06:49:31Z,491,30ce988cac033e6bb555cacf9f509831e662b8fb
26739405084,clang-format,push,completed,cancelled,2026-06-01T06:41:11Z,2026-06-01T06:41:24Z,13,f5a7a6d2f21f3ab2a21cf90f05608c0f6c7dde16
26739405080,Standalone example,push,completed,cancelled,2026-06-01T06:41:11Z,2026-06-01T06:41:26Z,15,f5a7a6d2f21f3ab2a21cf90f05608c0f6c7dde16
26739405043,Style,push,completed,success,2026-06-01T06:41:11Z,2026-06-01T06:41:20Z,9,f5a7a6d2f21f3ab2a21cf90f05608c0f6c7dde16
26739405048,Spelling,push,completed,cancelled,2026-06-01T06:41:11Z,2026-06-01T06:41:22Z,11,f5a7a6d2f21f3ab2a21cf90f05608c0f6c7dde16
26739405046,Pyrefly,push,completed,cancelled,2026-06-01T06:41:11Z,2026-06-01T06:41:36Z,25,f5a7a6d2f21f3ab2a21cf90f05608c0f6c7dde16
26739405038,ci-no-onnx,push,completed,cancelled,2026-06-01T06:41:11Z,2026-06-01T06:41:36Z,25,f5a7a6d2f21f3ab2a21cf90f05608c0f6c7dde16
26739405045,ci-1-core,push,completed,cancelled,2026-06-01T06:41:11Z,2026-06-01T06:41:35Z,24,f5a7a6d2f21f3ab2a21cf90f05608c0f6c7dde16
26739405050,ci-debug-ubuntu,push,completed,cancelled,2026-06-01T06:41:11Z,2026-06-01T06:41:36Z,25,f5a7a6d2f21f3ab2a21cf90f05608c0f6c7dde16
26739405054,Mypy,push,completed,cancelled,2026-06-01T06:41:11Z,2026-06-01T06:41:37Z,26,f5a7a6d2f21f3ab2a21cf90f05608c0f6c7dde16
26738484869,Build,workflow_run,completed,action_required,2026-06-01T06:15:08Z,2026-06-01T06:15:08Z,0,f79e627fd0acf6e8d88ae76dc5e5c2be8290c6fc
26738436235,Build,workflow_run,completed,action_required,2026-06-01T06:13:38Z,2026-06-01T06:13:38Z,0,f79e627fd0acf6e8d88ae76dc5e5c2be8290c6fc
26738284740,clang-format,pull_request,completed,success,2026-06-01T06:08:59Z,2026-06-01T06:41:44Z,1965,c518b78c0009b33d6aca153333b8b6588d3d6f9d
26738284741,Spelling,pull_request,completed,success,2026-06-01T06:08:59Z,2026-06-01T06:41:41Z,1962,c518b78c0009b33d6aca153333b8b6588d3d6f9d
26738284783,Style,pull_request,completed,success,2026-06-01T06:08:59Z,2026-06-01T06:41:45Z,1966,c518b78c0009b33d6aca153333b8b6588d3d6f9d
26738284761,Pyrefly,pull_request,completed,success,2026-06-01T06:08:59Z,2026-06-01T06:48:12Z,2353,c518b78c0009b33d6aca153333b8b6588d3d6f9d
26738284749,ci-no-onnx,pull_request,completed,failure,2026-06-01T06:08:59Z,2026-06-01T06:48:16Z,2357,c518b78c0009b33d6aca153333b8b6588d3d6f9d
26738284780,Mypy,pull_request,completed,success,2026-06-01T06:08:59Z,2026-06-01T06:48:45Z,2386,c518b78c0009b33d6aca153333b8b6588d3d6f9d
26738284774,Standalone example,pull_request,completed,success,2026-06-01T06:08:59Z,2026-06-01T06:49:03Z,2404,c518b78c0009b33d6aca153333b8b6588d3d6f9d
26737964065,Build,workflow_run,completed,success,2026-06-01T05:59:25Z,2026-06-01T06:36:08Z,2203,f79e627fd0acf6e8d88ae76dc5e5c2be8290c6fc
26737730213,clang-format,pull_request,completed,success,2026-06-01T05:52:22Z,2026-06-01T06:41:39Z,2957,80d3daf4cd7ca806bd7295efc1c054bdab2c657d
26737730210,Spelling,pull_request,completed,success,2026-06-01T05:52:22Z,2026-06-01T06:41:36Z,2954,80d3daf4cd7ca806bd7295efc1c054bdab2c657d
26737730239,Style,pull_request,completed,success,2026-06-01T05:52:22Z,2026-06-01T06:41:36Z,2954,80d3daf4cd7ca806bd7295efc1c054bdab2c657d
26737730228,Pyrefly,pull_request,completed,success,2026-06-01T05:52:22Z,2026-06-01T06:47:52Z,3330,80d3daf4cd7ca806bd7295efc1c054bdab2c657d
26737730216,Mypy,pull_request,completed,success,2026-06-01T05:52:22Z,2026-06-01T06:48:03Z,3341,80d3daf4cd7ca806bd7295efc1c054bdab2c657d
26737730206,Standalone example,pull_request,completed,success,2026-06-01T05:52:22Z,2026-06-01T06:48:43Z,3381,80d3daf4cd7ca806bd7295efc1c054bdab2c657d
26737730230,ci-no-onnx,pull_request,completed,success,2026-06-01T05:52:22Z,2026-06-01T06:48:44Z,3382,80d3daf4cd7ca806bd7295efc1c054bdab2c657d
26737728122,Spelling,pull_request,completed,success,2026-06-01T05:52:18Z,2026-06-01T06:41:54Z,2976,407a93a2d17d9b60aa64d564b90994c70fb87367
26737728133,clang-format,pull_request,completed,success,2026-06-01T05:52:18Z,2026-06-01T06:42:00Z,2982,407a93a2d17d9b60aa64d564b90994c70fb87367
26737728141,Style,pull_request,completed,success,2026-06-01T05:52:18Z,2026-06-01T06:48:20Z,3362,407a93a2d17d9b60aa64d564b90994c70fb87367
26737728131,Mypy,pull_request,completed,success,2026-06-01T05:52:18Z,2026-06-01T06:48:15Z,3357,407a93a2d17d9b60aa64d564b90994c70fb87367
26737728140,ci-no-onnx,pull_request,completed,success,2026-06-01T05:52:18Z,2026-06-01T06:48:34Z,3376,407a93a2d17d9b60aa64d564b90994c70fb87367
26737728143,Pyrefly,pull_request,completed,success,2026-06-01T05:52:18Z,2026-06-01T06:48:29Z,3371,407a93a2d17d9b60aa64d564b90994c70fb87367
26737727262,Running Copilot cloud agent,dynamic,completed,success,2026-06-01T05:52:16Z,2026-06-01T06:08:04Z,948,407a93a2d17d9b60aa64d564b90994c70fb87367
26737701995,Addressing comment on PR #1427,dynamic,completed,success,2026-06-01T05:51:29Z,2026-06-01T06:09:26Z,1077,ea417bbad75d46edc7c459936417c3d8749e6f55
26737654277,Addressing comment on PR #1423,dynamic,completed,success,2026-06-01T05:50:02Z,2026-06-01T05:52:42Z,160,4b18a026132767db2a2b20a6fcc5629fbc6b8f65
26737645467,Build,workflow_run,completed,skipped,2026-06-01T05:49:46Z,2026-06-01T05:49:47Z,1,f79e627fd0acf6e8d88ae76dc5e5c2be8290c6fc
26737635913,Spelling,push,completed,success,2026-06-01T05:49:28Z,2026-06-01T05:49:40Z,12,f79e627fd0acf6e8d88ae76dc5e5c2be8290c6fc
26737635912,Style,push,completed,success,2026-06-01T05:49:28Z,2026-06-01T05:49:37Z,9,f79e627fd0acf6e8d88ae76dc5e5c2be8290c6fc
26737635938,clang-format,push,completed,success,2026-06-01T05:49:28Z,2026-06-01T05:49:40Z,12,f79e627fd0acf6e8d88ae76dc5e5c2be8290c6fc
26737635928,Pyrefly,push,completed,success,2026-06-01T05:49:28Z,2026-06-01T05:56:36Z,428,f79e627fd0acf6e8d88ae76dc5e5c2be8290c6fc
26737635941,Mypy,push,completed,success,2026-06-01T05:49:28Z,2026-06-01T05:56:47Z,439,f79e627fd0acf6e8d88ae76dc5e5c2be8290c6fc
26737635919,Standalone example,push,completed,success,2026-06-01T05:49:28Z,2026-06-01T05:57:16Z,468,f79e627fd0acf6e8d88ae76dc5e5c2be8290c6fc
26737635920,ci-no-onnx,push,completed,success,2026-06-01T05:49:28Z,2026-06-01T05:56:51Z,443,f79e627fd0acf6e8d88ae76dc5e5c2be8290c6fc
26737635911,ci-debug-ubuntu,push,completed,success,2026-06-01T05:49:28Z,2026-06-01T05:58:54Z,566,f79e627fd0acf6e8d88ae76dc5e5c2be8290c6fc
26737635903,ci-1-core,push,completed,success,2026-06-01T05:49:28Z,2026-06-01T05:59:23Z,595,f79e627fd0acf6e8d88ae76dc5e5c2be8290c6fc
26737623106,Style,push,completed,success,2026-06-01T05:49:04Z,2026-06-01T05:49:16Z,12,33d9551eafa4a60df54e433196b8b946fe31bde4
26737623099,Spelling,push,completed,success,2026-06-01T05:49:04Z,2026-06-01T05:49:16Z,12,33d9551eafa4a60df54e433196b8b946fe31bde4
26737623111,clang-format,push,completed,success,2026-06-01T05:49:04Z,2026-06-01T05:49:19Z,15,33d9551eafa4a60df54e433196b8b946fe31bde4
26737623120,ci-1-core,push,completed,cancelled,2026-06-01T05:49:04Z,2026-06-01T05:49:44Z,40,33d9551eafa4a60df54e433196b8b946fe31bde4
26737623154,ci-no-onnx,push,completed,cancelled,2026-06-01T05:49:04Z,2026-06-01T05:49:44Z,40,33d9551eafa4a60df54e433196b8b946fe31bde4
26737623114,ci-debug-ubuntu,push,completed,cancelled,2026-06-01T05:49:04Z,2026-06-01T05:49:44Z,40,33d9551eafa4a60df54e433196b8b946fe31bde4
26737623132,Mypy,push,completed,cancelled,2026-06-01T05:49:04Z,2026-06-01T05:49:44Z,40,33d9551eafa4a60df54e433196b8b946fe31bde4
26737623115,Standalone example,push,completed,cancelled,2026-06-01T05:49:04Z,2026-06-01T05:49:45Z,41,33d9551eafa4a60df54e433196b8b946fe31bde4
26737623134,Pyrefly,push,completed,cancelled,2026-06-01T05:49:04Z,2026-06-01T05:49:45Z,41,33d9551eafa4a60df54e433196b8b946fe31bde4
26722038022,clang-format,pull_request,completed,action_required,2026-05-31T19:19:18Z,2026-05-31T19:19:18Z,0,ea417bbad75d46edc7c459936417c3d8749e6f55
26722038017,Mypy,pull_request,completed,action_required,2026-05-31T19:19:18Z,2026-05-31T19:19:18Z,0,ea417bbad75d46edc7c459936417c3d8749e6f55
26722038019,ci-debug-ubuntu,pull_request,completed,action_required,2026-05-31T19:19:18Z,2026-05-31T19:19:18Z,0,ea417bbad75d46edc7c459936417c3d8749e6f55
26722038023,ci-no-onnx,pull_request,completed,action_required,2026-05-31T19:19:18Z,2026-05-31T19:19:18Z,0,ea417bbad75d46edc7c459936417c3d8749e6f55
26722038029,Style,pull_request,completed,action_required,2026-05-31T19:19:18Z,2026-05-31T19:19:18Z,0,ea417bbad75d46edc7c459936417c3d8749e6f55
26722038035,ci-1-core,pull_request,completed,action_required,2026-05-31T19:19:18Z,2026-05-31T19:19:18Z,0,ea417bbad75d46edc7c459936417c3d8749e6f55
26722038037,Spelling,pull_request,completed,action_required,2026-05-31T19:19:18Z,2026-05-31T19:19:18Z,0,ea417bbad75d46edc7c459936417c3d8749e6f55
26722038034,Pyrefly,pull_request,completed,action_required,2026-05-31T19:19:18Z,2026-05-31T19:19:18Z,0,ea417bbad75d46edc7c459936417c3d8749e6f55
26722038041,Standalone example,pull_request,completed,action_required,2026-05-31T19:19:18Z,2026-05-31T19:19:18Z,0,ea417bbad75d46edc7c459936417c3d8749e6f55
26721955554,ci-1-core,pull_request,completed,action_required,2026-05-31T19:15:37Z,2026-05-31T19:15:37Z,0,6f5a3bc629cb27565cd08f1d9fb12a1738518144
26721955563,Standalone example,pull_request,completed,action_required,2026-05-31T19:15:37Z,2026-05-31T19:15:37Z,0,6f5a3bc629cb27565cd08f1d9fb12a1738518144
26721955552,ci-no-onnx,pull_request,completed,action_required,2026-05-31T19:15:37Z,2026-05-31T19:15:37Z,0,6f5a3bc629cb27565cd08f1d9fb12a1738518144
26721955576,clang-format,pull_request,completed,action_required,2026-05-31T19:15:37Z,2026-05-31T19:15:37Z,0,6f5a3bc629cb27565cd08f1d9fb12a1738518144
26721955551,Pyrefly,pull_request,completed,action_required,2026-05-31T19:15:37Z,2026-05-31T19:15:37Z,0,6f5a3bc629cb27565cd08f1d9fb12a1738518144
26721955558,Spelling,pull_request,completed,action_required,2026-05-31T19:15:37Z,2026-05-31T19:15:37Z,0,6f5a3bc629cb27565cd08f1d9fb12a1738518144
26721955564,Mypy,pull_request,completed,action_required,2026-05-31T19:15:37Z,2026-05-31T19:15:37Z,0,6f5a3bc629cb27565cd08f1d9fb12a1738518144
26721955580,Style,pull_request,completed,action_required,2026-05-31T19:15:37Z,2026-05-31T19:15:37Z,0,6f5a3bc629cb27565cd08f1d9fb12a1738518144
26721955602,ci-debug-ubuntu,pull_request,completed,action_required,2026-05-31T19:15:37Z,2026-05-31T19:15:37Z,0,6f5a3bc629cb27565cd08f1d9fb12a1738518144
26721731517,Spelling,pull_request,completed,success,2026-05-31T19:05:47Z,2026-06-01T05:51:03Z,38716,b68fa53d771ff5dfd64946b05bc4d6ffcf4eaaf4
26721731526,Style,pull_request,completed,success,2026-05-31T19:05:47Z,2026-06-01T05:51:15Z,38728,b68fa53d771ff5dfd64946b05bc4d6ffcf4eaaf4
26721731548,clang-format,pull_request,completed,success,2026-05-31T19:05:47Z,2026-06-01T05:51:27Z,38740,b68fa53d771ff5dfd64946b05bc4d6ffcf4eaaf4
26721731518,Mypy,pull_request,completed,success,2026-05-31T19:05:47Z,2026-06-01T05:56:25Z,39038,b68fa53d771ff5dfd64946b05bc4d6ffcf4eaaf4
26721731514,ci-no-onnx,pull_request,completed,success,2026-05-31T19:05:47Z,2026-06-01T05:57:29Z,39102,b68fa53d771ff5dfd64946b05bc4d6ffcf4eaaf4
26721731513,Pyrefly,pull_request,completed,success,2026-05-31T19:05:47Z,2026-06-01T05:57:47Z,39120,b68fa53d771ff5dfd64946b05bc4d6ffcf4eaaf4
26721731516,Standalone example,pull_request,completed,success,2026-05-31T19:05:47Z,2026-06-01T05:58:19Z,39152,b68fa53d771ff5dfd64946b05bc4d6ffcf4eaaf4
26721731515,ci-debug-ubuntu,pull_request,completed,success,2026-05-31T19:05:47Z,2026-06-01T06:00:15Z,39268,b68fa53d771ff5dfd64946b05bc4d6ffcf4eaaf4
26721731523,ci-1-core,pull_request,completed,success,2026-05-31T19:05:47Z,2026-06-01T06:15:06Z,40159,b68fa53d771ff5dfd64946b05bc4d6ffcf4eaaf4
26721662352,Build,workflow_run,completed,action_required,2026-05-31T19:02:56Z,2026-05-31T19:02:56Z,0,f91ef67f828eb9471152b98e8a4984c789e37dde
26721641627,Build,workflow_run,completed,success,2026-05-31T19:02:05Z,2026-05-31T19:47:02Z,2697,f91ef67f828eb9471152b98e8a4984c789e37dde
26721367073,clang-format,pull_request,completed,success,2026-05-31T18:50:56Z,2026-06-01T05:50:44Z,39588,d6176aea93e7dfccf11a1df6474193f27743cd59
26721367087,Style,pull_request,completed,success,2026-05-31T18:50:56Z,2026-06-01T05:50:45Z,39589,d6176aea93e7dfccf11a1df6474193f27743cd59
26721367068,Spelling,pull_request,completed,success,2026-05-31T18:50:56Z,2026-06-01T05:50:46Z,39590,d6176aea93e7dfccf11a1df6474193f27743cd59
26721367074,ci-no-onnx,pull_request,completed,success,2026-05-31T18:50:56Z,2026-06-01T05:57:12Z,39976,d6176aea93e7dfccf11a1df6474193f27743cd59
26721367094,Pyrefly,pull_request,completed,success,2026-05-31T18:50:56Z,2026-06-01T05:57:30Z,39994,d6176aea93e7dfccf11a1df6474193f27743cd59
26721367079,Mypy,pull_request,completed,success,2026-05-31T18:50:56Z,2026-06-01T05:57:06Z,39970,d6176aea93e7dfccf11a1df6474193f27743cd59
26721367067,ci-debug-ubuntu,pull_request,completed,success,2026-05-31T18:50:56Z,2026-06-01T05:59:41Z,40125,d6176aea93e7dfccf11a1df6474193f27743cd59
26721367065,Standalone example,pull_request,completed,success,2026-05-31T18:50:56Z,2026-06-01T05:59:10Z,40094,d6176aea93e7dfccf11a1df6474193f27743cd59
26721367080,ci-1-core,pull_request,completed,success,2026-05-31T18:50:56Z,2026-06-01T06:13:36Z,40960,d6176aea93e7dfccf11a1df6474193f27743cd59
26721275566,ci-1-core,pull_request,completed,action_required,2026-05-31T18:46:55Z,2026-05-31T18:46:55Z,0,4b18a026132767db2a2b20a6fcc5629fbc6b8f65
26721275571,ci-debug-ubuntu,pull_request,completed,action_required,2026-05-31T18:46:55Z,2026-05-31T18:46:55Z,0,4b18a026132767db2a2b20a6fcc5629fbc6b8f65
26721275568,Standalone example,pull_request,completed,action_required,2026-05-31T18:46:55Z,2026-05-31T18:46:55Z,0,4b18a026132767db2a2b20a6fcc5629fbc6b8f65
26721275575,Style,pull_request,completed,action_required,2026-05-31T18:46:55Z,2026-05-31T18:46:55Z,0,4b18a026132767db2a2b20a6fcc5629fbc6b8f65
26721275570,Spelling,pull_request,completed,action_required,2026-05-31T18:46:55Z,2026-05-31T18:46:55Z,0,4b18a026132767db2a2b20a6fcc5629fbc6b8f65
26721275574,clang-format,pull_request,completed,action_required,2026-05-31T18:46:55Z,2026-05-31T18:46:55Z,0,4b18a026132767db2a2b20a6fcc5629fbc6b8f65
26721275572,Pyrefly,pull_request,completed,action_required,2026-05-31T18:46:55Z,2026-05-31T18:46:55Z,0,4b18a026132767db2a2b20a6fcc5629fbc6b8f65
26721275578,ci-no-onnx,pull_request,completed,action_required,2026-05-31T18:46:55Z,2026-05-31T18:46:55Z,0,4b18a026132767db2a2b20a6fcc5629fbc6b8f65
26721275573,Mypy,pull_request,completed,action_required,2026-05-31T18:46:55Z,2026-05-31T18:46:55Z,0,4b18a026132767db2a2b20a6fcc5629fbc6b8f65
26721180482,ci-no-onnx,pull_request,completed,action_required,2026-05-31T18:42:49Z,2026-05-31T18:42:49Z,0,ecad461fc5da82497e006b6ca4d15f27de3e8678
26721180491,Spelling,pull_request,completed,action_required,2026-05-31T18:42:49Z,2026-05-31T18:42:49Z,0,ecad461fc5da82497e006b6ca4d15f27de3e8678
26721180481,Style,pull_request,completed,action_required,2026-05-31T18:42:49Z,2026-05-31T18:42:49Z,0,ecad461fc5da82497e006b6ca4d15f27de3e8678
26721180487,clang-format,pull_request,completed,action_required,2026-05-31T18:42:49Z,2026-05-31T18:42:49Z,0,ecad461fc5da82497e006b6ca4d15f27de3e8678
26721180498,ci-debug-ubuntu,pull_request,completed,action_required,2026-05-31T18:42:49Z,2026-05-31T18:42:49Z,0,ecad461fc5da82497e006b6ca4d15f27de3e8678
26721180496,Pyrefly,pull_request,completed,action_required,2026-05-31T18:42:49Z,2026-05-31T18:42:49Z,0,ecad461fc5da82497e006b6ca4d15f27de3e8678
26721180522,Mypy,pull_request,completed,action_required,2026-05-31T18:42:49Z,2026-05-31T18:42:49Z,0,ecad461fc5da82497e006b6ca4d15f27de3e8678
26721180473,ci-1-core,pull_request,completed,action_required,2026-05-31T18:42:49Z,2026-05-31T18:42:49Z,0,ecad461fc5da82497e006b6ca4d15f27de3e8678
26721180484,Standalone example,pull_request,completed,action_required,2026-05-31T18:42:49Z,2026-05-31T18:42:49Z,0,ecad461fc5da82497e006b6ca4d15f27de3e8678
26721179334,Running Copilot cloud agent,dynamic,completed,success,2026-05-31T18:42:46Z,2026-05-31T19:19:53Z,2227,ecad461fc5da82497e006b6ca4d15f27de3e8678
26721169644,Running Copilot cloud agent,dynamic,completed,success,2026-05-31T18:42:24Z,2026-05-31T19:06:17Z,1433,3919e5f43df36937314973dcdeaf5df37502a2a5
26721143098,Addressing comment on PR #1423,dynamic,completed,success,2026-05-31T18:41:17Z,2026-05-31T18:47:28Z,371,3526ad7b442183e26af4e66747af0620f373b518
26721090533,Addressing comment on PR #1424,dynamic,completed,success,2026-05-31T18:38:58Z,2026-05-31T18:54:28Z,930,4fcee4128024c3076d2f861d8de853bd670ed328
26721079788,clang-format,push,completed,success,2026-05-31T18:38:30Z,2026-05-31T18:38:43Z,13,f91ef67f828eb9471152b98e8a4984c789e37dde
26721079810,Style,push,completed,success,2026-05-31T18:38:30Z,2026-05-31T18:38:41Z,11,f91ef67f828eb9471152b98e8a4984c789e37dde
26721079787,Spelling,push,completed,success,2026-05-31T18:38:30Z,2026-05-31T18:38:38Z,8,f91ef67f828eb9471152b98e8a4984c789e37dde
26721079808,Mypy,push,completed,success,2026-05-31T18:38:30Z,2026-05-31T18:45:23Z,413,f91ef67f828eb9471152b98e8a4984c789e37dde
26721079819,ci-no-onnx,push,completed,success,2026-05-31T18:38:30Z,2026-05-31T18:45:38Z,428,f91ef67f828eb9471152b98e8a4984c789e37dde
26721079820,Pyrefly,push,completed,success,2026-05-31T18:38:30Z,2026-05-31T18:45:35Z,425,f91ef67f828eb9471152b98e8a4984c789e37dde
26721079814,ci-debug-ubuntu,push,completed,success,2026-05-31T18:38:30Z,2026-05-31T18:47:57Z,567,f91ef67f828eb9471152b98e8a4984c789e37dde
26721079786,Standalone example,push,completed,success,2026-05-31T18:38:30Z,2026-05-31T18:45:49Z,439,f91ef67f828eb9471152b98e8a4984c789e37dde
26721079802,ci-1-core,push,completed,success,2026-05-31T18:38:30Z,2026-05-31T19:02:03Z,1413,f91ef67f828eb9471152b98e8a4984c789e37dde
26720672075,Build,workflow_run,completed,action_required,2026-05-31T18:20:43Z,2026-05-31T18:20:43Z,0,8b72eb9d17bd351c7644f99aa35c3bda91a2e5f7
26720569922,Build,workflow_run,completed,action_required,2026-05-31T18:16:10Z,2026-05-31T18:16:10Z,0,8b72eb9d17bd351c7644f99aa35c3bda91a2e5f7
26720407222,Build,workflow_run,completed,success,2026-05-31T18:09:09Z,2026-05-31T18:51:43Z,2554,8b72eb9d17bd351c7644f99aa35c3bda91a2e5f7
26720165344,Build,workflow_run,completed,action_required,2026-05-31T17:59:02Z,2026-05-31T17:59:02Z,0,8b72eb9d17bd351c7644f99aa35c3bda91a2e5f7
26719998107,Spelling,pull_request,completed,success,2026-05-31T17:51:51Z,2026-05-31T18:39:32Z,2861,734a4d45495dfcac117c95983ee4ed14ff846505
26719998110,clang-format,pull_request,completed,success,2026-05-31T17:51:51Z,2026-05-31T18:39:35Z,2864,734a4d45495dfcac117c95983ee4ed14ff846505
26719998103,Style,pull_request,completed,success,2026-05-31T17:51:51Z,2026-05-31T18:39:37Z,2866,734a4d45495dfcac117c95983ee4ed14ff846505
26719998104,Standalone example,pull_request,completed,success,2026-05-31T17:51:51Z,2026-05-31T18:45:10Z,3199,734a4d45495dfcac117c95983ee4ed14ff846505
26719998106,Pyrefly,pull_request,completed,success,2026-05-31T17:51:51Z,2026-05-31T18:45:43Z,3232,734a4d45495dfcac117c95983ee4ed14ff846505
26719998123,Mypy,pull_request,completed,success,2026-05-31T17:51:51Z,2026-05-31T18:46:08Z,3257,734a4d45495dfcac117c95983ee4ed14ff846505
26719998117,ci-no-onnx,pull_request,completed,success,2026-05-31T17:51:51Z,2026-05-31T18:46:25Z,3274,734a4d45495dfcac117c95983ee4ed14ff846505
26719998115,ci-debug-ubuntu,pull_request,completed,success,2026-05-31T17:51:51Z,2026-05-31T18:48:27Z,3396,734a4d45495dfcac117c95983ee4ed14ff846505
26719998105,ci-1-core,pull_request,completed,success,2026-05-31T17:51:51Z,2026-05-31T19:02:53Z,4262,734a4d45495dfcac117c95983ee4ed14ff846505
26719945921,Addressing comment on PR #1419,dynamic,completed,success,2026-05-31T17:49:39Z,2026-05-31T17:52:04Z,145,5df4528713ca89c94094b1484c7d02a95e601d90
26719933995,Spelling,push,completed,success,2026-05-31T17:49:07Z,2026-05-31T17:49:17Z,10,8b72eb9d17bd351c7644f99aa35c3bda91a2e5f7
26719934001,Style,push,completed,success,2026-05-31T17:49:07Z,2026-05-31T17:49:18Z,11,8b72eb9d17bd351c7644f99aa35c3bda91a2e5f7
26719934027,clang-format,push,completed,success,2026-05-31T17:49:07Z,2026-05-31T17:49:19Z,12,8b72eb9d17bd351c7644f99aa35c3bda91a2e5f7
26719934004,ci-no-onnx,push,completed,success,2026-05-31T17:49:07Z,2026-05-31T17:55:31Z,384,8b72eb9d17bd351c7644f99aa35c3bda91a2e5f7
26719934011,Pyrefly,push,completed,success,2026-05-31T17:49:07Z,2026-05-31T17:55:47Z,400,8b72eb9d17bd351c7644f99aa35c3bda91a2e5f7
26719933994,Mypy,push,completed,success,2026-05-31T17:49:07Z,2026-05-31T17:56:03Z,416,8b72eb9d17bd351c7644f99aa35c3bda91a2e5f7
26719934002,Standalone example,push,completed,success,2026-05-31T17:49:07Z,2026-05-31T17:56:12Z,425,8b72eb9d17bd351c7644f99aa35c3bda91a2e5f7
26719934014,ci-debug-ubuntu,push,completed,success,2026-05-31T17:49:07Z,2026-05-31T17:57:54Z,527,8b72eb9d17bd351c7644f99aa35c3bda91a2e5f7
26719933998,ci-1-core,push,completed,success,2026-05-31T17:49:07Z,2026-05-31T18:09:06Z,1199,8b72eb9d17bd351c7644f99aa35c3bda91a2e5f7
26719930748,Style,pull_request,completed,success,2026-05-31T17:48:58Z,2026-05-31T17:50:04Z,66,3526ad7b442183e26af4e66747af0620f373b518
26719930752,clang-format,pull_request,completed,success,2026-05-31T17:48:58Z,2026-05-31T17:50:07Z,69,3526ad7b442183e26af4e66747af0620f373b518
26719930763,Spelling,pull_request,completed,failure,2026-05-31T17:48:58Z,2026-05-31T17:50:08Z,70,3526ad7b442183e26af4e66747af0620f373b518
26719930762,Mypy,pull_request,completed,success,2026-05-31T17:48:58Z,2026-05-31T17:55:15Z,377,3526ad7b442183e26af4e66747af0620f373b518
26719930761,Pyrefly,pull_request,completed,success,2026-05-31T17:48:58Z,2026-05-31T17:56:40Z,462,3526ad7b442183e26af4e66747af0620f373b518
26719930758,ci-no-onnx,pull_request,completed,failure,2026-05-31T17:48:58Z,2026-05-31T17:56:40Z,462,3526ad7b442183e26af4e66747af0620f373b518
26719930771,Standalone example,pull_request,completed,success,2026-05-31T17:48:58Z,2026-05-31T17:57:32Z,514,3526ad7b442183e26af4e66747af0620f373b518
26719930751,ci-debug-ubuntu,pull_request,completed,failure,2026-05-31T17:48:58Z,2026-05-31T17:58:28Z,570,3526ad7b442183e26af4e66747af0620f373b518
26719930774,ci-1-core,pull_request,completed,failure,2026-05-31T17:48:58Z,2026-05-31T17:58:59Z,601,3526ad7b442183e26af4e66747af0620f373b518
26719861504,Style,pull_request,completed,success,2026-05-31T17:45:52Z,2026-05-31T17:56:10Z,618,9aa86eb74faae0aa1aa69d05afade5b11d1ce5e4
26719861531,Spelling,pull_request,completed,success,2026-05-31T17:45:52Z,2026-05-31T17:56:20Z,628,9aa86eb74faae0aa1aa69d05afade5b11d1ce5e4
26719861514,clang-format,pull_request,completed,success,2026-05-31T17:45:52Z,2026-05-31T17:56:20Z,628,9aa86eb74faae0aa1aa69d05afade5b11d1ce5e4
26719861519,Pyrefly,pull_request,completed,success,2026-05-31T17:45:52Z,2026-05-31T17:58:36Z,764,9aa86eb74faae0aa1aa69d05afade5b11d1ce5e4
26719861506,Standalone example,pull_request,completed,success,2026-05-31T17:45:52Z,2026-05-31T18:01:06Z,914,9aa86eb74faae0aa1aa69d05afade5b11d1ce5e4
26719861536,ci-no-onnx,pull_request,completed,success,2026-05-31T17:45:52Z,2026-05-31T18:02:53Z,1021,9aa86eb74faae0aa1aa69d05afade5b11d1ce5e4
26719861530,Mypy,pull_request,completed,success,2026-05-31T17:45:52Z,2026-05-31T18:02:50Z,1018,9aa86eb74faae0aa1aa69d05afade5b11d1ce5e4
26719861558,ci-debug-ubuntu,pull_request,completed,success,2026-05-31T17:45:52Z,2026-05-31T18:03:51Z,1079,9aa86eb74faae0aa1aa69d05afade5b11d1ce5e4
26719861508,ci-1-core,pull_request,completed,success,2026-05-31T17:45:52Z,2026-05-31T18:20:41Z,2089,9aa86eb74faae0aa1aa69d05afade5b11d1ce5e4
26719835058,ci-debug-ubuntu,pull_request,completed,action_required,2026-05-31T17:44:47Z,2026-05-31T17:44:47Z,0,96629d820f1ddc1516bd2ec6a8adf690b9be543a
26719835052,Spelling,pull_request,completed,action_required,2026-05-31T17:44:47Z,2026-05-31T17:44:47Z,0,96629d820f1ddc1516bd2ec6a8adf690b9be543a
26719835059,Style,pull_request,completed,action_required,2026-05-31T17:44:47Z,2026-05-31T17:44:47Z,0,96629d820f1ddc1516bd2ec6a8adf690b9be543a
26719835060,ci-1-core,pull_request,completed,action_required,2026-05-31T17:44:47Z,2026-05-31T17:44:47Z,0,96629d820f1ddc1516bd2ec6a8adf690b9be543a
26719835064,clang-format,pull_request,completed,action_required,2026-05-31T17:44:47Z,2026-05-31T17:44:47Z,0,96629d820f1ddc1516bd2ec6a8adf690b9be543a
26719835046,Pyrefly,pull_request,completed,action_required,2026-05-31T17:44:47Z,2026-05-31T17:44:47Z,0,96629d820f1ddc1516bd2ec6a8adf690b9be543a
26719835053,Standalone example,pull_request,completed,action_required,2026-05-31T17:44:47Z,2026-05-31T17:44:47Z,0,96629d820f1ddc1516bd2ec6a8adf690b9be543a
26719835063,ci-no-onnx,pull_request,completed,action_required,2026-05-31T17:44:47Z,2026-05-31T17:44:47Z,0,96629d820f1ddc1516bd2ec6a8adf690b9be543a
26719835067,Mypy,pull_request,completed,action_required,2026-05-31T17:44:47Z,2026-05-31T17:44:47Z,0,96629d820f1ddc1516bd2ec6a8adf690b9be543a
26719802650,Build,workflow_run,completed,cancelled,2026-05-31T17:43:22Z,2026-05-31T18:09:25Z,1563,4be0ad2d71e117506c84696332e62cac00b91aff
26719791016,Style,pull_request,completed,success,2026-05-31T17:42:52Z,2026-05-31T17:56:01Z,789,4fcee4128024c3076d2f861d8de853bd670ed328
26719790994,Spelling,pull_request,completed,success,2026-05-31T17:42:51Z,2026-05-31T17:50:26Z,455,4fcee4128024c3076d2f861d8de853bd670ed328
26719790997,clang-format,pull_request,completed,success,2026-05-31T17:42:51Z,2026-05-31T17:50:37Z,466,4fcee4128024c3076d2f861d8de853bd670ed328
26719790984,ci-no-onnx,pull_request,completed,success,2026-05-31T17:42:51Z,2026-05-31T17:56:41Z,830,4fcee4128024c3076d2f861d8de853bd670ed328
26719791000,Mypy,pull_request,completed,success,2026-05-31T17:42:51Z,2026-05-31T17:56:48Z,837,4fcee4128024c3076d2f861d8de853bd670ed328
26719790982,Pyrefly,pull_request,completed,success,2026-05-31T17:42:51Z,2026-05-31T17:56:55Z,844,4fcee4128024c3076d2f861d8de853bd670ed328
26719790990,Standalone example,pull_request,completed,success,2026-05-31T17:42:51Z,2026-05-31T17:57:39Z,888,4fcee4128024c3076d2f861d8de853bd670ed328
26719790991,ci-debug-ubuntu,pull_request,completed,success,2026-05-31T17:42:51Z,2026-05-31T17:59:25Z,994,4fcee4128024c3076d2f861d8de853bd670ed328
26719790996,ci-1-core,pull_request,completed,success,2026-05-31T17:42:51Z,2026-05-31T18:16:07Z,1996,4fcee4128024c3076d2f861d8de853bd670ed328
26719748360,Build,workflow_run,completed,action_required,2026-05-31T17:41:02Z,2026-05-31T17:41:02Z,0,4be0ad2d71e117506c84696332e62cac00b91aff
26719339082,Running Copilot cloud agent,dynamic,completed,success,2026-05-31T17:23:20Z,2026-05-31T17:49:45Z,1585,aa52f94050a7412a72e152c8a5a28f713528818c
26719326144,Running Copilot cloud agent,dynamic,completed,success,2026-05-31T17:22:48Z,2026-05-31T17:43:24Z,1236,6efe0158117632c79db318242abf22797b03946e
26719313638,Spelling,pull_request,completed,action_required,2026-05-31T17:22:14Z,2026-05-31T17:22:14Z,0,9d8d4421996f1bb7d860ba79a8ed445f9bf5ca0e
26719313634,Mypy,pull_request,completed,action_required,2026-05-31T17:22:14Z,2026-05-31T17:22:14Z,0,9d8d4421996f1bb7d860ba79a8ed445f9bf5ca0e
26719313635,clang-format,pull_request,completed,action_required,2026-05-31T17:22:14Z,2026-05-31T17:22:14Z,0,9d8d4421996f1bb7d860ba79a8ed445f9bf5ca0e
26719313636,ci-no-onnx,pull_request,completed,action_required,2026-05-31T17:22:14Z,2026-05-31T17:22:14Z,0,9d8d4421996f1bb7d860ba79a8ed445f9bf5ca0e
26719313637,Style,pull_request,completed,action_required,2026-05-31T17:22:14Z,2026-05-31T17:22:14Z,0,9d8d4421996f1bb7d860ba79a8ed445f9bf5ca0e
26719313647,ci-debug-ubuntu,pull_request,completed,action_required,2026-05-31T17:22:14Z,2026-05-31T17:22:14Z,0,9d8d4421996f1bb7d860ba79a8ed445f9bf5ca0e
26719313649,Standalone example,pull_request,completed,action_required,2026-05-31T17:22:14Z,2026-05-31T17:22:14Z,0,9d8d4421996f1bb7d860ba79a8ed445f9bf5ca0e
26719313641,Pyrefly,pull_request,completed,action_required,2026-05-31T17:22:14Z,2026-05-31T17:22:14Z,0,9d8d4421996f1bb7d860ba79a8ed445f9bf5ca0e
26719313651,ci-1-core,pull_request,completed,action_required,2026-05-31T17:22:14Z,2026-05-31T17:22:14Z,0,9d8d4421996f1bb7d860ba79a8ed445f9bf5ca0e
26719311991,Running Copilot cloud agent,dynamic,completed,success,2026-05-31T17:22:10Z,2026-05-31T17:49:33Z,1643,9d8d4421996f1bb7d860ba79a8ed445f9bf5ca0e
26719293937,Addressing comment on PR #1419,dynamic,completed,success,2026-05-31T17:21:26Z,2026-05-31T17:25:03Z,217,cfc45de5eaa780762c74bdfcd9b093dc0786228c
26719270755,ci-1-core,push,completed,success,2026-05-31T17:20:24Z,2026-05-31T17:43:20Z,1376,4be0ad2d71e117506c84696332e62cac00b91aff
26719270745,Style,push,completed,success,2026-05-31T17:20:24Z,2026-05-31T17:20:32Z,8,4be0ad2d71e117506c84696332e62cac00b91aff
26719270748,Spelling,push,completed,success,2026-05-31T17:20:24Z,2026-05-31T17:20:33Z,9,4be0ad2d71e117506c84696332e62cac00b91aff
26719270737,clang-format,push,completed,success,2026-05-31T17:20:24Z,2026-05-31T17:20:38Z,14,4be0ad2d71e117506c84696332e62cac00b91aff
26719270742,Pyrefly,push,completed,success,2026-05-31T17:20:24Z,2026-05-31T17:26:39Z,375,4be0ad2d71e117506c84696332e62cac00b91aff
26719270736,ci-no-onnx,push,completed,success,2026-05-31T17:20:24Z,2026-05-31T17:26:53Z,389,4be0ad2d71e117506c84696332e62cac00b91aff
26719270760,Mypy,push,completed,success,2026-05-31T17:20:24Z,2026-05-31T17:26:57Z,393,4be0ad2d71e117506c84696332e62cac00b91aff
26719270750,Standalone example,push,completed,success,2026-05-31T17:20:24Z,2026-05-31T17:27:49Z,445,4be0ad2d71e117506c84696332e62cac00b91aff
26719270746,ci-debug-ubuntu,push,completed,success,2026-05-31T17:20:24Z,2026-05-31T17:29:38Z,554,4be0ad2d71e117506c84696332e62cac00b91aff
26719270733,Documentation,push,completed,failure,2026-05-31T17:20:24Z,2026-05-31T17:30:50Z,626,4be0ad2d71e117506c84696332e62cac00b91aff
26718884066,Build,workflow_run,completed,cancelled,2026-05-31T17:03:04Z,2026-05-31T17:43:31Z,2427,98ee2c341245b3820eb6b6694c15e5a4cc4b4c61
26718314638,Build,workflow_run,completed,skipped,2026-05-31T16:38:37Z,2026-05-31T16:38:38Z,1,98ee2c341245b3820eb6b6694c15e5a4cc4b4c61
26718308092,ci-1-core,push,completed,success,2026-05-31T16:38:18Z,2026-05-31T17:03:02Z,1484,98ee2c341245b3820eb6b6694c15e5a4cc4b4c61
26718308091,Style,push,completed,success,2026-05-31T16:38:18Z,2026-05-31T16:38:28Z,10,98ee2c341245b3820eb6b6694c15e5a4cc4b4c61
26718308067,Spelling,push,completed,success,2026-05-31T16:38:18Z,2026-05-31T16:38:29Z,11,98ee2c341245b3820eb6b6694c15e5a4cc4b4c61
26718308087,clang-format,push,completed,success,2026-05-31T16:38:18Z,2026-05-31T16:38:30Z,12,98ee2c341245b3820eb6b6694c15e5a4cc4b4c61
26718308082,Pyrefly,push,completed,success,2026-05-31T16:38:18Z,2026-05-31T16:44:58Z,400,98ee2c341245b3820eb6b6694c15e5a4cc4b4c61
26718308064,ci-no-onnx,push,completed,success,2026-05-31T16:38:18Z,2026-05-31T16:45:11Z,413,98ee2c341245b3820eb6b6694c15e5a4cc4b4c61
26718308086,Mypy,push,completed,success,2026-05-31T16:38:18Z,2026-05-31T16:45:02Z,404,98ee2c341245b3820eb6b6694c15e5a4cc4b4c61
26718308078,Standalone example,push,completed,success,2026-05-31T16:38:18Z,2026-05-31T16:45:40Z,442,98ee2c341245b3820eb6b6694c15e5a4cc4b4c61
26718308069,ci-debug-ubuntu,push,completed,success,2026-05-31T16:38:18Z,2026-05-31T16:47:31Z,553,98ee2c341245b3820eb6b6694c15e5a4cc4b4c61
26718297152,Build,workflow_run,completed,skipped,2026-05-31T16:37:48Z,2026-05-31T16:37:49Z,1,12cba20e350b67f8d666a425e598f31a2ebdad0f
26718290019,Spelling,push,completed,success,2026-05-31T16:37:31Z,2026-05-31T16:37:41Z,10,12cba20e350b67f8d666a425e598f31a2ebdad0f
26718289997,Style,push,completed,success,2026-05-31T16:37:31Z,2026-05-31T16:37:42Z,11,12cba20e350b67f8d666a425e598f31a2ebdad0f
26718290006,clang-format,push,completed,success,2026-05-31T16:37:31Z,2026-05-31T16:37:44Z,13,12cba20e350b67f8d666a425e598f31a2ebdad0f
26718290013,Pyrefly,push,completed,cancelled,2026-05-31T16:37:31Z,2026-05-31T16:38:34Z,63,12cba20e350b67f8d666a425e598f31a2ebdad0f
26718290010,ci-debug-ubuntu,push,completed,cancelled,2026-05-31T16:37:31Z,2026-05-31T16:38:34Z,63,12cba20e350b67f8d666a425e598f31a2ebdad0f
26718290017,ci-no-onnx,push,completed,cancelled,2026-05-31T16:37:31Z,2026-05-31T16:38:35Z,64,12cba20e350b67f8d666a425e598f31a2ebdad0f
26718290003,ci-1-core,push,completed,cancelled,2026-05-31T16:37:31Z,2026-05-31T16:38:35Z,64,12cba20e350b67f8d666a425e598f31a2ebdad0f
26718289995,Standalone example,push,completed,cancelled,2026-05-31T16:37:31Z,2026-05-31T16:38:33Z,62,12cba20e350b67f8d666a425e598f31a2ebdad0f
26718290014,Mypy,push,completed,cancelled,2026-05-31T16:37:31Z,2026-05-31T16:38:34Z,63,12cba20e350b67f8d666a425e598f31a2ebdad0f
26718280730,Build,workflow_run,completed,skipped,2026-05-31T16:37:07Z,2026-05-31T16:37:08Z,1,608c6093f1c9bfb8b2aaca37ece003b58018a75e
26718273572,clang-format,push,completed,success,2026-05-31T16:36:46Z,2026-05-31T16:36:58Z,12,608c6093f1c9bfb8b2aaca37ece003b58018a75e
26718273570,Style,push,completed,success,2026-05-31T16:36:46Z,2026-05-31T16:36:55Z,9,608c6093f1c9bfb8b2aaca37ece003b58018a75e
26718273573,Spelling,push,completed,success,2026-05-31T16:36:46Z,2026-05-31T16:36:57Z,11,608c6093f1c9bfb8b2aaca37ece003b58018a75e
26718273589,ci-debug-ubuntu,push,completed,cancelled,2026-05-31T16:36:46Z,2026-05-31T16:37:46Z,60,608c6093f1c9bfb8b2aaca37ece003b58018a75e
26718273592,ci-1-core,push,completed,cancelled,2026-05-31T16:36:46Z,2026-05-31T16:37:46Z,60,608c6093f1c9bfb8b2aaca37ece003b58018a75e
26718273588,Pyrefly,push,completed,cancelled,2026-05-31T16:36:46Z,2026-05-31T16:37:46Z,60,608c6093f1c9bfb8b2aaca37ece003b58018a75e
26718273575,Mypy,push,completed,cancelled,2026-05-31T16:36:46Z,2026-05-31T16:37:47Z,61,608c6093f1c9bfb8b2aaca37ece003b58018a75e
26718273584,Standalone example,push,completed,cancelled,2026-05-31T16:36:46Z,2026-05-31T16:37:47Z,61,608c6093f1c9bfb8b2aaca37ece003b58018a75e
26718273576,ci-no-onnx,push,completed,cancelled,2026-05-31T16:36:46Z,2026-05-31T16:37:47Z,61,608c6093f1c9bfb8b2aaca37ece003b58018a75e
26718236630,Spelling,push,completed,success,2026-05-31T16:35:12Z,2026-05-31T16:35:25Z,13,77f18a10cfbaa1c33252d07f8baba39286083dd4
26718236639,Style,push,completed,success,2026-05-31T16:35:12Z,2026-05-31T16:35:22Z,10,77f18a10cfbaa1c33252d07f8baba39286083dd4
26718236631,clang-format,push,completed,success,2026-05-31T16:35:12Z,2026-05-31T16:35:27Z,15,77f18a10cfbaa1c33252d07f8baba39286083dd4
26718236633,Pyrefly,push,completed,cancelled,2026-05-31T16:35:12Z,2026-05-31T16:37:04Z,112,77f18a10cfbaa1c33252d07f8baba39286083dd4
26718236648,Standalone example,push,completed,cancelled,2026-05-31T16:35:12Z,2026-05-31T16:37:01Z,109,77f18a10cfbaa1c33252d07f8baba39286083dd4
26718236627,ci-no-onnx,push,completed,cancelled,2026-05-31T16:35:12Z,2026-05-31T16:37:03Z,111,77f18a10cfbaa1c33252d07f8baba39286083dd4
26718236643,ci-1-core,push,completed,cancelled,2026-05-31T16:35:12Z,2026-05-31T16:37:03Z,111,77f18a10cfbaa1c33252d07f8baba39286083dd4
26718236628,Mypy,push,completed,cancelled,2026-05-31T16:35:12Z,2026-05-31T16:37:02Z,110,77f18a10cfbaa1c33252d07f8baba39286083dd4
26718236645,ci-debug-ubuntu,push,completed,cancelled,2026-05-31T16:35:12Z,2026-05-31T16:37:04Z,112,77f18a10cfbaa1c33252d07f8baba39286083dd4
26718047991,Build,workflow_run,completed,action_required,2026-05-31T16:27:12Z,2026-05-31T16:27:12Z,0,8968b9d3768d6728e887e36019cf1846553010a9
26717993996,Build,workflow_run,completed,action_required,2026-05-31T16:24:55Z,2026-05-31T16:24:55Z,0,8968b9d3768d6728e887e36019cf1846553010a9
26717949591,ci-1-core,pull_request,completed,success,2026-05-31T16:23:01Z,2026-05-31T17:41:00Z,4679,d0e479763d6b27aa8df5399a9b65c9932d2c2d95
26717949583,Style,pull_request,completed,success,2026-05-31T16:23:01Z,2026-05-31T17:19:01Z,3360,d0e479763d6b27aa8df5399a9b65c9932d2c2d95
26717949599,clang-format,pull_request,completed,success,2026-05-31T16:23:01Z,2026-05-31T17:19:04Z,3363,d0e479763d6b27aa8df5399a9b65c9932d2c2d95
26717949578,Spelling,pull_request,completed,success,2026-05-31T16:23:01Z,2026-05-31T17:19:02Z,3361,d0e479763d6b27aa8df5399a9b65c9932d2c2d95
26717949581,Pyrefly,pull_request,completed,success,2026-05-31T16:23:01Z,2026-05-31T17:25:32Z,3751,d0e479763d6b27aa8df5399a9b65c9932d2c2d95
26717949588,ci-no-onnx,pull_request,completed,success,2026-05-31T16:23:01Z,2026-05-31T17:25:33Z,3752,d0e479763d6b27aa8df5399a9b65c9932d2c2d95
26717949592,Mypy,pull_request,completed,success,2026-05-31T16:23:01Z,2026-05-31T17:25:17Z,3736,d0e479763d6b27aa8df5399a9b65c9932d2c2d95
26717949580,Standalone example,pull_request,completed,success,2026-05-31T16:23:01Z,2026-05-31T17:26:06Z,3785,d0e479763d6b27aa8df5399a9b65c9932d2c2d95
26717949607,ci-debug-ubuntu,pull_request,completed,success,2026-05-31T16:23:01Z,2026-05-31T17:27:53Z,3892,d0e479763d6b27aa8df5399a9b65c9932d2c2d95
26717936446,Build,workflow_run,completed,action_required,2026-05-31T16:22:23Z,2026-05-31T16:22:23Z,0,8968b9d3768d6728e887e36019cf1846553010a9
26717670742,Build,workflow_run,completed,action_required,2026-05-31T16:10:53Z,2026-05-31T16:10:53Z,0,8968b9d3768d6728e887e36019cf1846553010a9
26717592502,Build,workflow_run,completed,action_required,2026-05-31T16:07:33Z,2026-05-31T16:07:33Z,0,8968b9d3768d6728e887e36019cf1846553010a9
26717416107,Build,workflow_run,completed,action_required,2026-05-31T16:00:13Z,2026-05-31T16:00:13Z,0,8968b9d3768d6728e887e36019cf1846553010a9
26717414687,Build,workflow_run,completed,action_required,2026-05-31T16:00:10Z,2026-05-31T16:00:10Z,0,8968b9d3768d6728e887e36019cf1846553010a9
26717248589,Addressing comment on PR #1414,dynamic,completed,success,2026-05-31T15:53:09Z,2026-05-31T16:26:32Z,2003,01afda590c396eb8022c48e649f3ad6f54b9bf8b
26715571420,ci-debug-ubuntu,pull_request,completed,success,2026-05-31T14:40:37Z,2026-05-31T15:59:46Z,4749,0d4348ea46233bb107e0607219ab24fb86e10be3
26715571419,Documentation,pull_request,completed,failure,2026-05-31T14:40:37Z,2026-05-31T16:00:50Z,4813,0d4348ea46233bb107e0607219ab24fb86e10be3
26715571403,ci-1-core,pull_request,completed,success,2026-05-31T14:40:37Z,2026-05-31T16:07:30Z,5213,0d4348ea46233bb107e0607219ab24fb86e10be3
26715571407,Style,pull_request,completed,success,2026-05-31T14:40:37Z,2026-05-31T15:50:45Z,4208,0d4348ea46233bb107e0607219ab24fb86e10be3
26715571409,clang-format,pull_request,completed,success,2026-05-31T14:40:37Z,2026-05-31T15:50:46Z,4209,0d4348ea46233bb107e0607219ab24fb86e10be3
26715571405,Spelling,pull_request,completed,success,2026-05-31T14:40:37Z,2026-05-31T15:50:46Z,4209,0d4348ea46233bb107e0607219ab24fb86e10be3
26715571417,ci-no-onnx,pull_request,completed,success,2026-05-31T14:40:37Z,2026-05-31T15:57:05Z,4588,0d4348ea46233bb107e0607219ab24fb86e10be3
26715571429,Pyrefly,pull_request,completed,success,2026-05-31T14:40:37Z,2026-05-31T15:57:00Z,4583,0d4348ea46233bb107e0607219ab24fb86e10be3
26715571402,Mypy,pull_request,completed,success,2026-05-31T14:40:37Z,2026-05-31T15:56:56Z,4579,0d4348ea46233bb107e0607219ab24fb86e10be3
26715571404,Standalone example,pull_request,completed,success,2026-05-31T14:40:37Z,2026-05-31T15:57:30Z,4613,0d4348ea46233bb107e0607219ab24fb86e10be3
26715297206,Style,pull_request,completed,success,2026-05-31T14:28:40Z,2026-05-31T15:59:54Z,5474,b6f9535135d5ddbe1afe1fcbddc99bff0f2fb6bf
26715297194,ci-debug-ubuntu,pull_request,completed,success,2026-05-31T14:28:40Z,2026-05-31T16:00:49Z,5529,b6f9535135d5ddbe1afe1fcbddc99bff0f2fb6bf
26715297199,Pyrefly,pull_request,completed,success,2026-05-31T14:28:40Z,2026-05-31T16:02:26Z,5626,b6f9535135d5ddbe1afe1fcbddc99bff0f2fb6bf
26715297195,ci-no-onnx,pull_request,completed,success,2026-05-31T14:28:40Z,2026-05-31T16:03:41Z,5701,b6f9535135d5ddbe1afe1fcbddc99bff0f2fb6bf
26715297210,Mypy,pull_request,completed,success,2026-05-31T14:28:40Z,2026-05-31T16:03:48Z,5708,b6f9535135d5ddbe1afe1fcbddc99bff0f2fb6bf
26715297201,Standalone example,pull_request,completed,success,2026-05-31T14:28:40Z,2026-05-31T16:04:07Z,5727,b6f9535135d5ddbe1afe1fcbddc99bff0f2fb6bf
26715297190,clang-format,pull_request,completed,success,2026-05-31T14:28:40Z,2026-05-31T15:51:37Z,4977,b6f9535135d5ddbe1afe1fcbddc99bff0f2fb6bf
26715297202,Spelling,pull_request,completed,success,2026-05-31T14:28:40Z,2026-05-31T15:57:39Z,5339,b6f9535135d5ddbe1afe1fcbddc99bff0f2fb6bf
26715297208,ci-1-core,pull_request,completed,success,2026-05-31T14:28:40Z,2026-05-31T16:22:21Z,6821,b6f9535135d5ddbe1afe1fcbddc99bff0f2fb6bf
26715207714,Spelling,pull_request,completed,success,2026-05-31T14:24:43Z,2026-05-31T15:59:51Z,5708,cfc45de5eaa780762c74bdfcd9b093dc0786228c
26715207728,clang-format,pull_request,completed,success,2026-05-31T14:24:43Z,2026-05-31T16:00:15Z,5732,cfc45de5eaa780762c74bdfcd9b093dc0786228c
26715207716,ci-no-onnx,pull_request,completed,failure,2026-05-31T14:24:43Z,2026-05-31T16:03:30Z,5927,cfc45de5eaa780762c74bdfcd9b093dc0786228c
26715207736,Pyrefly,pull_request,completed,success,2026-05-31T14:24:43Z,2026-05-31T16:03:50Z,5947,cfc45de5eaa780762c74bdfcd9b093dc0786228c
26715207734,Mypy,pull_request,completed,success,2026-05-31T14:24:43Z,2026-05-31T16:06:11Z,6088,cfc45de5eaa780762c74bdfcd9b093dc0786228c
26715207746,Standalone example,pull_request,completed,success,2026-05-31T14:24:43Z,2026-05-31T16:09:21Z,6278,cfc45de5eaa780762c74bdfcd9b093dc0786228c
26715207724,ci-debug-ubuntu,pull_request,completed,failure,2026-05-31T14:24:43Z,2026-05-31T16:09:44Z,6301,cfc45de5eaa780762c74bdfcd9b093dc0786228c
26715207732,ci-1-core,pull_request,completed,failure,2026-05-31T14:24:43Z,2026-05-31T16:10:51Z,6368,cfc45de5eaa780762c74bdfcd9b093dc0786228c
26715207727,Style,pull_request,completed,success,2026-05-31T14:24:43Z,2026-05-31T15:57:39Z,5576,cfc45de5eaa780762c74bdfcd9b093dc0786228c
26715202934,Addressing comment on PR #1416,dynamic,completed,success,2026-05-31T14:24:30Z,2026-05-31T14:41:00Z,990,144145fd7eec36473c876d6373bc18b28728cc4f
26715196871,Running Copilot cloud agent,dynamic,completed,success,2026-05-31T14:24:13Z,2026-05-31T14:42:02Z,1069,ef4da5900b5c2ad56a4d1e74b196357e4eecc733
26715182275,clang-format,pull_request,completed,success,2026-05-31T14:23:35Z,2026-05-31T15:59:44Z,5769,0cfd0eac8be9fe82c41e50f138b6f6b9dcebc75d
26715182279,Spelling,pull_request,completed,success,2026-05-31T14:23:35Z,2026-05-31T16:00:17Z,5802,0cfd0eac8be9fe82c41e50f138b6f6b9dcebc75d
26715182271,ci-no-onnx,pull_request,completed,success,2026-05-31T14:23:35Z,2026-05-31T16:02:38Z,5943,0cfd0eac8be9fe82c41e50f138b6f6b9dcebc75d
26715182273,Pyrefly,pull_request,completed,success,2026-05-31T14:23:35Z,2026-05-31T16:04:32Z,6057,0cfd0eac8be9fe82c41e50f138b6f6b9dcebc75d
26715182284,Standalone example,pull_request,completed,success,2026-05-31T14:23:35Z,2026-05-31T16:06:22Z,6167,0cfd0eac8be9fe82c41e50f138b6f6b9dcebc75d
26715182292,Mypy,pull_request,completed,success,2026-05-31T14:23:35Z,2026-05-31T16:06:53Z,6198,0cfd0eac8be9fe82c41e50f138b6f6b9dcebc75d
26715182268,ci-debug-ubuntu,pull_request,completed,success,2026-05-31T14:23:35Z,2026-05-31T16:07:11Z,6216,0cfd0eac8be9fe82c41e50f138b6f6b9dcebc75d
26715182283,Style,pull_request,completed,success,2026-05-31T14:23:35Z,2026-05-31T15:57:27Z,5632,0cfd0eac8be9fe82c41e50f138b6f6b9dcebc75d
26715182267,ci-1-core,pull_request,completed,success,2026-05-31T14:23:35Z,2026-05-31T16:27:10Z,7415,0cfd0eac8be9fe82c41e50f138b6f6b9dcebc75d
26715087857,Running Copilot cloud agent,dynamic,completed,success,2026-05-31T14:19:30Z,2026-05-31T14:23:01Z,211,69c290c638ecc2480c639bab4454affc2a9b1a0e
26715069782,Style,pull_request,completed,success,2026-05-31T14:18:38Z,2026-05-31T16:00:26Z,6108,d771b174d93cd1c958e04df463b1615f03e77652
26715069770,ci-no-onnx,pull_request,completed,success,2026-05-31T14:18:38Z,2026-05-31T16:03:56Z,6318,d771b174d93cd1c958e04df463b1615f03e77652
26715069776,Spelling,pull_request,completed,success,2026-05-31T14:18:38Z,2026-05-31T16:04:15Z,6337,d771b174d93cd1c958e04df463b1615f03e77652
26715069772,Pyrefly,pull_request,completed,success,2026-05-31T14:18:38Z,2026-05-31T16:04:42Z,6364,d771b174d93cd1c958e04df463b1615f03e77652
26715069763,ci-debug-ubuntu,pull_request,completed,success,2026-05-31T14:18:38Z,2026-05-31T16:05:50Z,6432,d771b174d93cd1c958e04df463b1615f03e77652
26715069761,Mypy,pull_request,completed,success,2026-05-31T14:18:38Z,2026-05-31T16:10:25Z,6707,d771b174d93cd1c958e04df463b1615f03e77652
26715069765,Standalone example,pull_request,completed,success,2026-05-31T14:18:38Z,2026-05-31T16:10:43Z,6725,d771b174d93cd1c958e04df463b1615f03e77652
26715069768,clang-format,pull_request,completed,success,2026-05-31T14:18:38Z,2026-05-31T15:57:15Z,5917,d771b174d93cd1c958e04df463b1615f03e77652
26715069769,ci-1-core,pull_request,completed,success,2026-05-31T14:18:38Z,2026-05-31T16:24:53Z,7575,d771b174d93cd1c958e04df463b1615f03e77652
26715040486,Build,workflow_run,completed,success,2026-05-31T14:17:16Z,2026-05-31T15:01:26Z,2650,8968b9d3768d6728e887e36019cf1846553010a9
26714795376,Build,workflow_run,completed,action_required,2026-05-31T14:06:15Z,2026-05-31T14:06:15Z,0,8968b9d3768d6728e887e36019cf1846553010a9
26714618108,ci-1-core,pull_request,completed,success,2026-05-31T13:58:42Z,2026-05-31T16:00:11Z,7289,ef4da5900b5c2ad56a4d1e74b196357e4eecc733
26714618120,ci-debug-ubuntu,pull_request,completed,success,2026-05-31T13:58:42Z,2026-05-31T16:00:20Z,7298,ef4da5900b5c2ad56a4d1e74b196357e4eecc733
26714618112,Style,pull_request,completed,success,2026-05-31T13:58:42Z,2026-05-31T15:51:03Z,6741,ef4da5900b5c2ad56a4d1e74b196357e4eecc733
26714618130,clang-format,pull_request,completed,success,2026-05-31T13:58:42Z,2026-05-31T15:51:05Z,6743,ef4da5900b5c2ad56a4d1e74b196357e4eecc733
26714618115,Spelling,pull_request,completed,success,2026-05-31T13:58:42Z,2026-05-31T15:51:01Z,6739,ef4da5900b5c2ad56a4d1e74b196357e4eecc733
26714618132,Pyrefly,pull_request,completed,success,2026-05-31T13:58:42Z,2026-05-31T15:56:59Z,7097,ef4da5900b5c2ad56a4d1e74b196357e4eecc733
26714618123,ci-no-onnx,pull_request,completed,success,2026-05-31T13:58:42Z,2026-05-31T15:57:19Z,7117,ef4da5900b5c2ad56a4d1e74b196357e4eecc733
26714618125,Mypy,pull_request,completed,success,2026-05-31T13:58:42Z,2026-05-31T15:57:21Z,7119,ef4da5900b5c2ad56a4d1e74b196357e4eecc733
26714618113,Standalone example,pull_request,completed,success,2026-05-31T13:58:42Z,2026-05-31T15:57:57Z,7155,ef4da5900b5c2ad56a4d1e74b196357e4eecc733
26714613320,Mypy,pull_request,completed,success,2026-05-31T13:58:29Z,2026-05-31T15:57:38Z,7149,69c290c638ecc2480c639bab4454affc2a9b1a0e
26714613279,Standalone example,pull_request,completed,success,2026-05-31T13:58:28Z,2026-05-31T15:58:19Z,7191,69c290c638ecc2480c639bab4454affc2a9b1a0e
26714613269,ci-debug-ubuntu,pull_request,completed,success,2026-05-31T13:58:28Z,2026-05-31T15:59:31Z,7263,69c290c638ecc2480c639bab4454affc2a9b1a0e
26714613263,ci-1-core,pull_request,completed,success,2026-05-31T13:58:28Z,2026-05-31T16:00:08Z,7300,69c290c638ecc2480c639bab4454affc2a9b1a0e
26714613268,Spelling,pull_request,completed,success,2026-05-31T13:58:28Z,2026-05-31T15:51:16Z,6768,69c290c638ecc2480c639bab4454affc2a9b1a0e
26714613274,Style,pull_request,completed,success,2026-05-31T13:58:28Z,2026-05-31T15:51:18Z,6770,69c290c638ecc2480c639bab4454affc2a9b1a0e
26714613303,clang-format,pull_request,completed,success,2026-05-31T13:58:28Z,2026-05-31T15:51:22Z,6774,69c290c638ecc2480c639bab4454affc2a9b1a0e
26714613270,ci-no-onnx,pull_request,completed,success,2026-05-31T13:58:28Z,2026-05-31T15:57:22Z,7134,69c290c638ecc2480c639bab4454affc2a9b1a0e
26714613264,Pyrefly,pull_request,completed,success,2026-05-31T13:58:28Z,2026-05-31T15:57:31Z,7143,69c290c638ecc2480c639bab4454affc2a9b1a0e
26714606717,Running Copilot cloud agent,dynamic,completed,success,2026-05-31T13:58:10Z,2026-05-31T14:29:06Z,1856,a6a3121eb40d609c8f5278ff718c762f1d921c8f
26714599506,Running Copilot cloud agent,dynamic,completed,success,2026-05-31T13:57:49Z,2026-05-31T14:25:08Z,1639,21c6cfdc800f5953c46b0854eb2629453a638016
26714594135,Running Copilot cloud agent,dynamic,completed,success,2026-05-31T13:57:35Z,2026-05-31T14:24:10Z,1595,06e8ad65e526470a8d1764f52369e7b2e88ac738
26714589121,Running Copilot cloud agent,dynamic,completed,success,2026-05-31T13:57:22Z,2026-05-31T14:19:15Z,1313,3af9c756a0e4a335eb3b4d99f10f2865b01dbca5
26714577410,Build,workflow_run,completed,skipped,2026-05-31T13:56:53Z,2026-05-31T13:56:54Z,1,8968b9d3768d6728e887e36019cf1846553010a9
26714571467,ci-debug-ubuntu,push,completed,success,2026-05-31T13:56:35Z,2026-05-31T14:06:18Z,583,8968b9d3768d6728e887e36019cf1846553010a9
26714571472,ci-1-core,push,completed,success,2026-05-31T13:56:35Z,2026-05-31T14:17:14Z,1239,8968b9d3768d6728e887e36019cf1846553010a9
26714571474,clang-format,push,completed,success,2026-05-31T13:56:35Z,2026-05-31T13:56:46Z,11,8968b9d3768d6728e887e36019cf1846553010a9
26714571476,Style,push,completed,success,2026-05-31T13:56:35Z,2026-05-31T13:56:47Z,12,8968b9d3768d6728e887e36019cf1846553010a9
26714571477,Spelling,push,completed,success,2026-05-31T13:56:35Z,2026-05-31T13:56:47Z,12,8968b9d3768d6728e887e36019cf1846553010a9
26714571468,Pyrefly,push,completed,success,2026-05-31T13:56:35Z,2026-05-31T14:03:13Z,398,8968b9d3768d6728e887e36019cf1846553010a9
26714571473,Mypy,push,completed,success,2026-05-31T13:56:35Z,2026-05-31T14:03:29Z,414,8968b9d3768d6728e887e36019cf1846553010a9
26714571470,ci-no-onnx,push,completed,success,2026-05-31T13:56:35Z,2026-05-31T14:03:51Z,436,8968b9d3768d6728e887e36019cf1846553010a9
26714571469,Standalone example,push,completed,success,2026-05-31T13:56:35Z,2026-05-31T14:03:58Z,443,8968b9d3768d6728e887e36019cf1846553010a9
26714565015,Build,workflow_run,completed,skipped,2026-05-31T13:56:17Z,2026-05-31T13:56:18Z,1,6b3b8c38fe9b54008edb25e88ed02117f493c500
26714562146,Spelling,push,completed,success,2026-05-31T13:56:09Z,2026-05-31T13:56:22Z,13,6b3b8c38fe9b54008edb25e88ed02117f493c500
26714562157,clang-format,push,completed,success,2026-05-31T13:56:09Z,2026-05-31T13:56:23Z,14,6b3b8c38fe9b54008edb25e88ed02117f493c500
26714562151,Style,push,completed,success,2026-05-31T13:56:09Z,2026-05-31T13:56:21Z,12,6b3b8c38fe9b54008edb25e88ed02117f493c500
26714562165,ci-no-onnx,push,completed,cancelled,2026-05-31T13:56:09Z,2026-05-31T13:56:52Z,43,6b3b8c38fe9b54008edb25e88ed02117f493c500
26714562166,Mypy,push,completed,cancelled,2026-05-31T13:56:09Z,2026-05-31T13:56:51Z,42,6b3b8c38fe9b54008edb25e88ed02117f493c500
26714562133,ci-debug-ubuntu,push,completed,cancelled,2026-05-31T13:56:09Z,2026-05-31T13:56:51Z,42,6b3b8c38fe9b54008edb25e88ed02117f493c500
26714562158,Pyrefly,push,completed,cancelled,2026-05-31T13:56:09Z,2026-05-31T13:56:51Z,42,6b3b8c38fe9b54008edb25e88ed02117f493c500
26714562154,ci-1-core,push,completed,cancelled,2026-05-31T13:56:09Z,2026-05-31T13:56:51Z,42,6b3b8c38fe9b54008edb25e88ed02117f493c500
26714562145,Standalone example,push,completed,cancelled,2026-05-31T13:56:09Z,2026-05-31T13:56:51Z,42,6b3b8c38fe9b54008edb25e88ed02117f493c500
26714560502,Build,workflow_run,completed,skipped,2026-05-31T13:56:05Z,2026-05-31T13:56:06Z,1,202c7007ce7319527a29fdf57d25fc6e1c000f3c
26714553689,Style,push,completed,success,2026-05-31T13:55:47Z,2026-05-31T13:55:58Z,11,202c7007ce7319527a29fdf57d25fc6e1c000f3c
26714553684,Spelling,push,completed,success,2026-05-31T13:55:47Z,2026-05-31T13:55:58Z,11,202c7007ce7319527a29fdf57d25fc6e1c000f3c
26714553706,clang-format,push,completed,success,2026-05-31T13:55:47Z,2026-05-31T13:56:01Z,14,202c7007ce7319527a29fdf57d25fc6e1c000f3c
26714553683,Pyrefly,push,completed,cancelled,2026-05-31T13:55:47Z,2026-05-31T13:56:25Z,38,202c7007ce7319527a29fdf57d25fc6e1c000f3c
26714553690,ci-debug-ubuntu,push,completed,cancelled,2026-05-31T13:55:47Z,2026-05-31T13:56:12Z,25,202c7007ce7319527a29fdf57d25fc6e1c000f3c
26714553673,Mypy,push,completed,cancelled,2026-05-31T13:55:47Z,2026-05-31T13:56:27Z,40,202c7007ce7319527a29fdf57d25fc6e1c000f3c
26714553676,ci-1-core,push,completed,cancelled,2026-05-31T13:55:47Z,2026-05-31T13:56:15Z,28,202c7007ce7319527a29fdf57d25fc6e1c000f3c
26714553693,ci-no-onnx,push,completed,cancelled,2026-05-31T13:55:47Z,2026-05-31T13:56:15Z,28,202c7007ce7319527a29fdf57d25fc6e1c000f3c
26714553678,Standalone example,push,completed,cancelled,2026-05-31T13:55:47Z,2026-05-31T13:56:16Z,29,202c7007ce7319527a29fdf57d25fc6e1c000f3c
26714542483,Spelling,push,completed,success,2026-05-31T13:55:18Z,2026-05-31T13:55:31Z,13,e64faada6e70a53627810134176994031b4cc913
26714542490,ci-no-onnx,push,completed,cancelled,2026-05-31T13:55:18Z,2026-05-31T13:56:05Z,47,e64faada6e70a53627810134176994031b4cc913
26714542484,Mypy,push,completed,cancelled,2026-05-31T13:55:18Z,2026-05-31T13:56:03Z,45,e64faada6e70a53627810134176994031b4cc913
26714542465,clang-format,push,completed,success,2026-05-31T13:55:17Z,2026-05-31T13:55:32Z,15,e64faada6e70a53627810134176994031b4cc913
26714542455,Style,push,completed,success,2026-05-31T13:55:17Z,2026-05-31T13:55:26Z,9,e64faada6e70a53627810134176994031b4cc913
26714542463,ci-debug-ubuntu,push,completed,cancelled,2026-05-31T13:55:17Z,2026-05-31T13:56:04Z,47,e64faada6e70a53627810134176994031b4cc913
26714542458,Standalone example,push,completed,cancelled,2026-05-31T13:55:17Z,2026-05-31T13:56:02Z,45,e64faada6e70a53627810134176994031b4cc913
26714542474,ci-1-core,push,completed,cancelled,2026-05-31T13:55:17Z,2026-05-31T13:56:03Z,46,e64faada6e70a53627810134176994031b4cc913
26714542450,Pyrefly,push,completed,cancelled,2026-05-31T13:55:17Z,2026-05-31T13:56:03Z,46,e64faada6e70a53627810134176994031b4cc913
26712838215,Build,workflow_run,completed,action_required,2026-05-31T12:38:57Z,2026-05-31T12:38:57Z,0,8970de0f11b9d9603bc6a3de491dcd0bb63d344d
26712687427,Build,workflow_run,completed,action_required,2026-05-31T12:32:02Z,2026-05-31T12:32:02Z,0,8970de0f11b9d9603bc6a3de491dcd0bb63d344d
26712536922,Build,workflow_run,completed,action_required,2026-05-31T12:25:02Z,2026-05-31T12:25:02Z,0,8970de0f11b9d9603bc6a3de491dcd0bb63d344d
26712478168,Build,workflow_run,completed,success,2026-05-31T12:22:08Z,2026-05-31T13:08:52Z,2804,8970de0f11b9d9603bc6a3de491dcd0bb63d344d
26712408891,ci-1-core,pull_request,completed,failure,2026-05-31T12:18:51Z,2026-05-31T14:06:13Z,6442,01afda590c396eb8022c48e649f3ad6f54b9bf8b
26712408871,clang-format,pull_request,completed,success,2026-05-31T12:18:51Z,2026-05-31T13:57:12Z,5901,01afda590c396eb8022c48e649f3ad6f54b9bf8b
26712408885,Spelling,pull_request,completed,success,2026-05-31T12:18:51Z,2026-05-31T13:57:08Z,5897,01afda590c396eb8022c48e649f3ad6f54b9bf8b
26712408889,Style,pull_request,completed,success,2026-05-31T12:18:51Z,2026-05-31T13:57:06Z,5895,01afda590c396eb8022c48e649f3ad6f54b9bf8b
26712408882,Pyrefly,pull_request,completed,success,2026-05-31T12:18:51Z,2026-05-31T14:03:06Z,6255,01afda590c396eb8022c48e649f3ad6f54b9bf8b
26712408878,Mypy,pull_request,completed,success,2026-05-31T12:18:51Z,2026-05-31T14:03:38Z,6287,01afda590c396eb8022c48e649f3ad6f54b9bf8b
26712408893,ci-no-onnx,pull_request,completed,failure,2026-05-31T12:18:51Z,2026-05-31T14:03:24Z,6273,01afda590c396eb8022c48e649f3ad6f54b9bf8b
26712408876,Standalone example,pull_request,completed,success,2026-05-31T12:18:51Z,2026-05-31T14:04:03Z,6312,01afda590c396eb8022c48e649f3ad6f54b9bf8b
26712408884,ci-debug-ubuntu,pull_request,completed,failure,2026-05-31T12:18:51Z,2026-05-31T14:05:21Z,6390,01afda590c396eb8022c48e649f3ad6f54b9bf8b
26712394940,Build,workflow_run,completed,action_required,2026-05-31T12:18:08Z,2026-05-31T12:18:08Z,0,8970de0f11b9d9603bc6a3de491dcd0bb63d344d
26712319414,Addressing comment on PR #1416,dynamic,completed,success,2026-05-31T12:14:30Z,2026-05-31T12:16:08Z,98,144145fd7eec36473c876d6373bc18b28728cc4f
26712246744,ci-debug-ubuntu,pull_request,completed,success,2026-05-31T12:11:01Z,2026-05-31T12:24:21Z,800,6a7b391c2d226534bf719938362149c958fc6106
26712246786,ci-1-core,pull_request,completed,success,2026-05-31T12:11:01Z,2026-05-31T12:38:55Z,1674,6a7b391c2d226534bf719938362149c958fc6106
26712246753,Style,pull_request,completed,success,2026-05-31T12:11:01Z,2026-05-31T12:15:37Z,276,6a7b391c2d226534bf719938362149c958fc6106
26712246757,Spelling,pull_request,completed,success,2026-05-31T12:11:01Z,2026-05-31T12:15:35Z,274,6a7b391c2d226534bf719938362149c958fc6106
26712246763,clang-format,pull_request,completed,success,2026-05-31T12:11:01Z,2026-05-31T12:15:47Z,286,6a7b391c2d226534bf719938362149c958fc6106
26712246775,Pyrefly,pull_request,completed,success,2026-05-31T12:11:01Z,2026-05-31T12:21:58Z,657,6a7b391c2d226534bf719938362149c958fc6106
26712246749,Mypy,pull_request,completed,success,2026-05-31T12:11:01Z,2026-05-31T12:21:35Z,634,6a7b391c2d226534bf719938362149c958fc6106
26712246743,ci-no-onnx,pull_request,completed,success,2026-05-31T12:11:01Z,2026-05-31T12:22:09Z,668,6a7b391c2d226534bf719938362149c958fc6106
26712246759,Standalone example,pull_request,completed,success,2026-05-31T12:11:01Z,2026-05-31T12:22:25Z,684,6a7b391c2d226534bf719938362149c958fc6106
26712210268,ci-1-core,pull_request,completed,success,2026-05-31T12:09:17Z,2026-05-31T12:32:00Z,1363,21f15d795f5d710c7fec785d908f9fe2c2d50cc4
26712210264,Style,pull_request,completed,success,2026-05-31T12:09:17Z,2026-05-31T12:10:32Z,75,21f15d795f5d710c7fec785d908f9fe2c2d50cc4
26712210267,clang-format,pull_request,completed,success,2026-05-31T12:09:17Z,2026-05-31T12:10:34Z,77,21f15d795f5d710c7fec785d908f9fe2c2d50cc4
26712210271,Spelling,pull_request,completed,success,2026-05-31T12:09:17Z,2026-05-31T12:11:02Z,105,21f15d795f5d710c7fec785d908f9fe2c2d50cc4
26712210270,Mypy,pull_request,completed,success,2026-05-31T12:09:17Z,2026-05-31T12:16:39Z,442,21f15d795f5d710c7fec785d908f9fe2c2d50cc4
26712210277,Pyrefly,pull_request,completed,success,2026-05-31T12:09:17Z,2026-05-31T12:16:39Z,442,21f15d795f5d710c7fec785d908f9fe2c2d50cc4
26712210275,ci-no-onnx,pull_request,completed,success,2026-05-31T12:09:17Z,2026-05-31T12:16:51Z,454,21f15d795f5d710c7fec785d908f9fe2c2d50cc4
26712210269,Standalone example,pull_request,completed,success,2026-05-31T12:09:17Z,2026-05-31T12:17:40Z,503,21f15d795f5d710c7fec785d908f9fe2c2d50cc4
26712210266,ci-debug-ubuntu,pull_request,completed,success,2026-05-31T12:09:17Z,2026-05-31T12:19:16Z,599,21f15d795f5d710c7fec785d908f9fe2c2d50cc4
26712174701,Running Copilot cloud agent,dynamic,completed,success,2026-05-31T12:07:30Z,2026-05-31T12:11:58Z,268,3eaf5e697e159904a1a568d5d7116841c19b1bde
26712083306,ci-1-core,pull_request,completed,success,2026-05-31T12:03:17Z,2026-05-31T12:25:00Z,1303,dd8591fbb33ad0c07bab17956735e7a5ab84dfdf
26712083351,clang-format,pull_request,completed,success,2026-05-31T12:03:17Z,2026-05-31T12:04:59Z,102,dd8591fbb33ad0c07bab17956735e7a5ab84dfdf
26712083326,Style,pull_request,completed,success,2026-05-31T12:03:17Z,2026-05-31T12:04:51Z,94,dd8591fbb33ad0c07bab17956735e7a5ab84dfdf
26712083309,Spelling,pull_request,completed,success,2026-05-31T12:03:17Z,2026-05-31T12:04:50Z,93,dd8591fbb33ad0c07bab17956735e7a5ab84dfdf
26712083298,ci-no-onnx,pull_request,completed,success,2026-05-31T12:03:17Z,2026-05-31T12:10:55Z,458,dd8591fbb33ad0c07bab17956735e7a5ab84dfdf
26712083316,Mypy,pull_request,completed,success,2026-05-31T12:03:17Z,2026-05-31T12:10:51Z,454,dd8591fbb33ad0c07bab17956735e7a5ab84dfdf
26712083294,Pyrefly,pull_request,completed,success,2026-05-31T12:03:17Z,2026-05-31T12:10:47Z,450,dd8591fbb33ad0c07bab17956735e7a5ab84dfdf
26712083322,Standalone example,pull_request,completed,success,2026-05-31T12:03:17Z,2026-05-31T12:11:58Z,521,dd8591fbb33ad0c07bab17956735e7a5ab84dfdf
26712083291,ci-debug-ubuntu,pull_request,completed,success,2026-05-31T12:03:17Z,2026-05-31T12:13:30Z,613,dd8591fbb33ad0c07bab17956735e7a5ab84dfdf
26712017730,Running Copilot cloud agent,dynamic,completed,success,2026-05-31T12:00:20Z,2026-05-31T12:19:10Z,1130,5543fb06a40e8233a52e4b42dfd9c1f90b8c6c53
26711991394,Build,workflow_run,completed,skipped,2026-05-31T11:59:12Z,2026-05-31T11:59:14Z,2,8970de0f11b9d9603bc6a3de491dcd0bb63d344d
26711984476,Standalone example,push,completed,success,2026-05-31T11:58:53Z,2026-05-31T12:04:15Z,322,8970de0f11b9d9603bc6a3de491dcd0bb63d344d
26711984477,Pyrefly,push,completed,success,2026-05-31T11:58:53Z,2026-05-31T12:04:59Z,366,8970de0f11b9d9603bc6a3de491dcd0bb63d344d
26711984457,ci-no-onnx,push,completed,success,2026-05-31T11:58:53Z,2026-05-31T12:05:21Z,388,8970de0f11b9d9603bc6a3de491dcd0bb63d344d
26711984464,Mypy,push,completed,success,2026-05-31T11:58:53Z,2026-05-31T12:05:12Z,379,8970de0f11b9d9603bc6a3de491dcd0bb63d344d
26711984493,ci-debug-ubuntu,push,completed,success,2026-05-31T11:58:53Z,2026-05-31T12:06:09Z,436,8970de0f11b9d9603bc6a3de491dcd0bb63d344d
26711984472,ci-1-core,push,completed,success,2026-05-31T11:58:53Z,2026-05-31T12:22:06Z,1393,8970de0f11b9d9603bc6a3de491dcd0bb63d344d
26711984468,clang-format,push,completed,success,2026-05-31T11:58:53Z,2026-05-31T11:59:05Z,12,8970de0f11b9d9603bc6a3de491dcd0bb63d344d
26711984475,Style,push,completed,success,2026-05-31T11:58:53Z,2026-05-31T11:59:05Z,12,8970de0f11b9d9603bc6a3de491dcd0bb63d344d
26711984461,Spelling,push,completed,success,2026-05-31T11:58:53Z,2026-05-31T11:59:03Z,10,8970de0f11b9d9603bc6a3de491dcd0bb63d344d
26711980760,Addressing comment on PR #1412,dynamic,completed,success,2026-05-31T11:58:41Z,2026-05-31T12:09:32Z,651,8e5970cbbdc90dbbea8016a3c34034225f13b6b0
26711962779,Build,workflow_run,completed,action_required,2026-05-31T11:57:50Z,2026-05-31T11:57:50Z,0,18703cd9607f8031a79d541a72e36f580918d7ef
26711838368,Addressing comment on PR #1407,dynamic,completed,success,2026-05-31T11:51:52Z,2026-05-31T12:03:30Z,698,d747f48e1e4fb6b591f2b72c0cce4dfa80c44b21
26711834004,Build,workflow_run,completed,skipped,2026-05-31T11:51:40Z,2026-05-31T11:51:41Z,1,18703cd9607f8031a79d541a72e36f580918d7ef
26711827616,Spelling,push,completed,success,2026-05-31T11:51:23Z,2026-05-31T11:51:32Z,9,18703cd9607f8031a79d541a72e36f580918d7ef
26711827628,clang-format,push,completed,success,2026-05-31T11:51:23Z,2026-05-31T11:51:37Z,14,18703cd9607f8031a79d541a72e36f580918d7ef
26711827619,Style,push,completed,success,2026-05-31T11:51:23Z,2026-05-31T11:51:36Z,13,18703cd9607f8031a79d541a72e36f580918d7ef
26711827612,Pyrefly,push,completed,success,2026-05-31T11:51:23Z,2026-05-31T11:57:40Z,377,18703cd9607f8031a79d541a72e36f580918d7ef
26711827623,ci-no-onnx,push,completed,success,2026-05-31T11:51:23Z,2026-05-31T11:57:49Z,386,18703cd9607f8031a79d541a72e36f580918d7ef
26711827622,Standalone example,push,completed,success,2026-05-31T11:51:23Z,2026-05-31T11:58:09Z,406,18703cd9607f8031a79d541a72e36f580918d7ef
26711827626,ci-debug-ubuntu,push,completed,cancelled,2026-05-31T11:51:23Z,2026-05-31T11:59:09Z,466,18703cd9607f8031a79d541a72e36f580918d7ef
26711827627,ci-1-core,push,completed,cancelled,2026-05-31T11:51:23Z,2026-05-31T11:59:10Z,467,18703cd9607f8031a79d541a72e36f580918d7ef
26711827609,Mypy,push,completed,success,2026-05-31T11:51:22Z,2026-05-31T11:57:47Z,385,18703cd9607f8031a79d541a72e36f580918d7ef
26711800069,Mypy,pull_request,completed,success,2026-05-31T11:50:09Z,2026-05-31T12:04:01Z,832,9071425b94e3cf46ee26fe20a050708b5b2b333f
26711800073,Pyrefly,pull_request,completed,success,2026-05-31T11:50:09Z,2026-05-31T12:04:07Z,838,9071425b94e3cf46ee26fe20a050708b5b2b333f
26711800070,ci-no-onnx,pull_request,completed,success,2026-05-31T11:50:09Z,2026-05-31T12:03:56Z,827,9071425b94e3cf46ee26fe20a050708b5b2b333f
26711800076,Standalone example,pull_request,completed,success,2026-05-31T11:50:09Z,2026-05-31T12:04:49Z,880,9071425b94e3cf46ee26fe20a050708b5b2b333f
26711800075,ci-debug-ubuntu,pull_request,completed,success,2026-05-31T11:50:09Z,2026-05-31T12:06:15Z,966,9071425b94e3cf46ee26fe20a050708b5b2b333f
26711800067,ci-1-core,pull_request,completed,success,2026-05-31T11:50:09Z,2026-05-31T12:18:06Z,1677,9071425b94e3cf46ee26fe20a050708b5b2b333f
26711800077,Spelling,pull_request,completed,success,2026-05-31T11:50:09Z,2026-05-31T11:57:43Z,454,9071425b94e3cf46ee26fe20a050708b5b2b333f
26711800061,Style,pull_request,completed,success,2026-05-31T11:50:09Z,2026-05-31T11:57:43Z,454,9071425b94e3cf46ee26fe20a050708b5b2b333f
26711800062,clang-format,pull_request,completed,success,2026-05-31T11:50:09Z,2026-05-31T11:57:46Z,457,9071425b94e3cf46ee26fe20a050708b5b2b333f
26711760766,Running Copilot cloud agent,dynamic,completed,success,2026-05-31T11:48:13Z,2026-05-31T11:53:51Z,338,8ee7451d4ba7ebb5d07f5adf3c73e8c37cc3c1d1
26711736073,Build,workflow_run,completed,action_required,2026-05-31T11:47:00Z,2026-05-31T11:47:00Z,0,d559e805303fca61b2b9ba2f3debeae0144b32c3
26711730668,Build,workflow_run,completed,action_required,2026-05-31T11:46:42Z,2026-05-31T11:46:42Z,0,d559e805303fca61b2b9ba2f3debeae0144b32c3
26711728273,Running Copilot cloud agent,dynamic,completed,success,2026-05-31T11:46:36Z,2026-05-31T12:14:42Z,1686,0ae25c6703c91314f94a44e59edf9a0d3d745d77
26711682997,Build,workflow_run,completed,skipped,2026-05-31T11:44:26Z,2026-05-31T11:44:27Z,1,d559e805303fca61b2b9ba2f3debeae0144b32c3
26711676752,Spelling,push,completed,success,2026-05-31T11:44:08Z,2026-05-31T11:44:16Z,8,d559e805303fca61b2b9ba2f3debeae0144b32c3
26711676734,Style,push,completed,success,2026-05-31T11:44:08Z,2026-05-31T11:44:17Z,9,d559e805303fca61b2b9ba2f3debeae0144b32c3
26711676744,clang-format,push,completed,success,2026-05-31T11:44:08Z,2026-05-31T11:44:22Z,14,d559e805303fca61b2b9ba2f3debeae0144b32c3
26711676737,Mypy,push,completed,success,2026-05-31T11:44:08Z,2026-05-31T11:50:35Z,387,d559e805303fca61b2b9ba2f3debeae0144b32c3
26711676733,Pyrefly,push,completed,success,2026-05-31T11:44:08Z,2026-05-31T11:50:38Z,390,d559e805303fca61b2b9ba2f3debeae0144b32c3
26711676736,ci-no-onnx,push,completed,success,2026-05-31T11:44:08Z,2026-05-31T11:50:45Z,397,d559e805303fca61b2b9ba2f3debeae0144b32c3
26711676740,Standalone example,push,completed,success,2026-05-31T11:44:08Z,2026-05-31T11:50:57Z,409,d559e805303fca61b2b9ba2f3debeae0144b32c3
26711676775,ci-debug-ubuntu,push,completed,cancelled,2026-05-31T11:44:08Z,2026-05-31T11:51:38Z,450,d559e805303fca61b2b9ba2f3debeae0144b32c3
26711676729,ci-1-core,push,completed,cancelled,2026-05-31T11:44:08Z,2026-05-31T11:51:39Z,451,d559e805303fca61b2b9ba2f3debeae0144b32c3
26711667658,Build,workflow_run,completed,action_required,2026-05-31T11:43:40Z,2026-05-31T11:43:40Z,0,1d18184d8640478c4d360f53b65dda8f3cd04aa6
26711565025,Build,workflow_run,completed,skipped,2026-05-31T11:38:51Z,2026-05-31T11:38:53Z,2,1d18184d8640478c4d360f53b65dda8f3cd04aa6
26711542506,Spelling,push,completed,success,2026-05-31T11:37:46Z,2026-05-31T11:38:13Z,27,1d18184d8640478c4d360f53b65dda8f3cd04aa6
26711542526,clang-format,push,completed,success,2026-05-31T11:37:46Z,2026-05-31T11:39:26Z,100,1d18184d8640478c4d360f53b65dda8f3cd04aa6
26711542518,Style,push,completed,success,2026-05-31T11:37:46Z,2026-05-31T11:40:57Z,191,1d18184d8640478c4d360f53b65dda8f3cd04aa6
26711542508,ci-no-onnx,push,completed,cancelled,2026-05-31T11:37:46Z,2026-05-31T11:44:23Z,397,1d18184d8640478c4d360f53b65dda8f3cd04aa6
26711542507,ci-1-core,push,completed,cancelled,2026-05-31T11:37:46Z,2026-05-31T11:44:24Z,398,1d18184d8640478c4d360f53b65dda8f3cd04aa6
26711542511,Mypy,push,completed,cancelled,2026-05-31T11:37:46Z,2026-05-31T11:44:24Z,398,1d18184d8640478c4d360f53b65dda8f3cd04aa6
26711542514,Standalone example,push,completed,cancelled,2026-05-31T11:37:46Z,2026-05-31T11:44:24Z,398,1d18184d8640478c4d360f53b65dda8f3cd04aa6
26711542519,ci-debug-ubuntu,push,completed,cancelled,2026-05-31T11:37:46Z,2026-05-31T11:44:25Z,399,1d18184d8640478c4d360f53b65dda8f3cd04aa6
26711542516,Pyrefly,push,completed,cancelled,2026-05-31T11:37:46Z,2026-05-31T11:44:25Z,399,1d18184d8640478c4d360f53b65dda8f3cd04aa6
26711484303,Addressing comment on PR #1407,dynamic,completed,success,2026-05-31T11:35:04Z,2026-05-31T11:47:25Z,741,555af18909028b9bbf26d5a3322a4f12c8b0b817
26711398163,Style,pull_request,completed,success,2026-05-31T11:31:05Z,2026-05-31T11:35:23Z,258,853d66e44dbbd979a22c0c03e5c6db1c633ef393
26711398154,Spelling,pull_request,completed,success,2026-05-31T11:31:05Z,2026-05-31T11:34:52Z,227,853d66e44dbbd979a22c0c03e5c6db1c633ef393
26711398172,clang-format,pull_request,completed,success,2026-05-31T11:31:05Z,2026-05-31T11:35:07Z,242,853d66e44dbbd979a22c0c03e5c6db1c633ef393
26711398151,Pyrefly,pull_request,completed,success,2026-05-31T11:31:05Z,2026-05-31T11:40:38Z,573,853d66e44dbbd979a22c0c03e5c6db1c633ef393
26711398156,Mypy,pull_request,completed,success,2026-05-31T11:31:05Z,2026-05-31T11:40:45Z,580,853d66e44dbbd979a22c0c03e5c6db1c633ef393
26711398153,ci-no-onnx,pull_request,completed,success,2026-05-31T11:31:05Z,2026-05-31T11:41:11Z,606,853d66e44dbbd979a22c0c03e5c6db1c633ef393
26711398152,Standalone example,pull_request,completed,success,2026-05-31T11:31:05Z,2026-05-31T11:41:27Z,622,853d66e44dbbd979a22c0c03e5c6db1c633ef393
26711398161,ci-debug-ubuntu,pull_request,completed,success,2026-05-31T11:31:05Z,2026-05-31T11:44:05Z,780,853d66e44dbbd979a22c0c03e5c6db1c633ef393
26711398162,ci-1-core,pull_request,completed,success,2026-05-31T11:31:05Z,2026-05-31T11:57:48Z,1603,853d66e44dbbd979a22c0c03e5c6db1c633ef393
26711337177,Running Copilot cloud agent,dynamic,completed,success,2026-05-31T11:28:11Z,2026-05-31T11:53:47Z,1536,496e8852341e950b1131521d2466e71cf50c0433
26711322449,Addressing comment on PR #1405,dynamic,completed,success,2026-05-31T11:27:25Z,2026-05-31T11:31:30Z,245,0373c77efeed3215bd8933e38547febc91b0b28f
26711285848,Build,workflow_run,completed,skipped,2026-05-31T11:25:35Z,2026-05-31T11:25:36Z,1,a39b25ce1ef0102fb3e51585777d90d80d861aad
26711279668,Spelling,push,completed,success,2026-05-31T11:25:17Z,2026-05-31T11:25:26Z,9,a39b25ce1ef0102fb3e51585777d90d80d861aad
26711279654,clang-format,push,completed,success,2026-05-31T11:25:17Z,2026-05-31T11:25:30Z,13,a39b25ce1ef0102fb3e51585777d90d80d861aad
26711279677,Style,push,completed,success,2026-05-31T11:25:17Z,2026-05-31T11:25:27Z,10,a39b25ce1ef0102fb3e51585777d90d80d861aad
26711279657,Pyrefly,push,completed,success,2026-05-31T11:25:17Z,2026-05-31T11:31:39Z,382,a39b25ce1ef0102fb3e51585777d90d80d861aad
26711279663,ci-no-onnx,push,completed,success,2026-05-31T11:25:17Z,2026-05-31T11:31:51Z,394,a39b25ce1ef0102fb3e51585777d90d80d861aad
26711279680,Mypy,push,completed,success,2026-05-31T11:25:17Z,2026-05-31T11:32:01Z,404,a39b25ce1ef0102fb3e51585777d90d80d861aad
26711279665,Standalone example,push,completed,success,2026-05-31T11:25:17Z,2026-05-31T11:32:22Z,425,a39b25ce1ef0102fb3e51585777d90d80d861aad
26711279675,ci-debug-ubuntu,push,completed,success,2026-05-31T11:25:17Z,2026-05-31T11:34:24Z,547,a39b25ce1ef0102fb3e51585777d90d80d861aad
26711279672,ci-1-core,push,completed,cancelled,2026-05-31T11:25:17Z,2026-05-31T11:38:49Z,812,a39b25ce1ef0102fb3e51585777d90d80d861aad
26711266167,Build,workflow_run,completed,action_required,2026-05-31T11:24:40Z,2026-05-31T11:24:40Z,0,e946f6bf73c3c9dea6d407fbb928e30f9a4aae5c
26711263705,Spelling,pull_request,completed,success,2026-05-31T11:24:32Z,2026-05-31T11:26:10Z,98,2a9c6d73f739fec7b26fc9f7fd78dabf9566e10c
26711263702,Style,pull_request,completed,success,2026-05-31T11:24:32Z,2026-05-31T11:26:10Z,98,2a9c6d73f739fec7b26fc9f7fd78dabf9566e10c
26711263695,clang-format,pull_request,completed,success,2026-05-31T11:24:32Z,2026-05-31T11:26:11Z,99,2a9c6d73f739fec7b26fc9f7fd78dabf9566e10c
26711263704,ci-no-onnx,pull_request,completed,success,2026-05-31T11:24:32Z,2026-05-31T11:30:00Z,328,2a9c6d73f739fec7b26fc9f7fd78dabf9566e10c
26711263697,Mypy,pull_request,completed,success,2026-05-31T11:24:32Z,2026-05-31T11:31:53Z,441,2a9c6d73f739fec7b26fc9f7fd78dabf9566e10c
26711263698,Standalone example,pull_request,completed,success,2026-05-31T11:24:32Z,2026-05-31T11:32:13Z,461,2a9c6d73f739fec7b26fc9f7fd78dabf9566e10c
26711263709,Pyrefly,pull_request,completed,success,2026-05-31T11:24:32Z,2026-05-31T11:32:08Z,456,2a9c6d73f739fec7b26fc9f7fd78dabf9566e10c
26711263700,ci-debug-ubuntu,pull_request,completed,success,2026-05-31T11:24:32Z,2026-05-31T11:34:31Z,599,2a9c6d73f739fec7b26fc9f7fd78dabf9566e10c
26711263707,ci-1-core,pull_request,completed,success,2026-05-31T11:24:32Z,2026-05-31T11:46:41Z,1329,2a9c6d73f739fec7b26fc9f7fd78dabf9566e10c
26711252416,Build,workflow_run,completed,skipped,2026-05-31T11:23:57Z,2026-05-31T11:24:15Z,18,e946f6bf73c3c9dea6d407fbb928e30f9a4aae5c
26711236273,Style,push,completed,success,2026-05-31T11:23:13Z,2026-05-31T11:23:23Z,10,e946f6bf73c3c9dea6d407fbb928e30f9a4aae5c
26711236254,clang-format,push,completed,success,2026-05-31T11:23:13Z,2026-05-31T11:23:25Z,12,e946f6bf73c3c9dea6d407fbb928e30f9a4aae5c
26711236259,Spelling,push,completed,success,2026-05-31T11:23:13Z,2026-05-31T11:23:30Z,17,e946f6bf73c3c9dea6d407fbb928e30f9a4aae5c
26711236269,Standalone example,push,completed,cancelled,2026-05-31T11:23:13Z,2026-05-31T11:25:33Z,140,e946f6bf73c3c9dea6d407fbb928e30f9a4aae5c
26711236246,ci-debug-ubuntu,push,completed,cancelled,2026-05-31T11:23:13Z,2026-05-31T11:25:33Z,140,e946f6bf73c3c9dea6d407fbb928e30f9a4aae5c
26711236267,Pyrefly,push,completed,cancelled,2026-05-31T11:23:13Z,2026-05-31T11:25:33Z,140,e946f6bf73c3c9dea6d407fbb928e30f9a4aae5c
26711236249,ci-1-core,push,completed,cancelled,2026-05-31T11:23:13Z,2026-05-31T11:25:33Z,140,e946f6bf73c3c9dea6d407fbb928e30f9a4aae5c
26711236262,ci-no-onnx,push,completed,cancelled,2026-05-31T11:23:13Z,2026-05-31T11:25:34Z,141,e946f6bf73c3c9dea6d407fbb928e30f9a4aae5c
26711236253,Mypy,push,completed,cancelled,2026-05-31T11:23:13Z,2026-05-31T11:25:33Z,140,e946f6bf73c3c9dea6d407fbb928e30f9a4aae5c
26711231511,Addressing comment on PR #1402,dynamic,completed,success,2026-05-31T11:22:57Z,2026-05-31T11:24:51Z,114,8c044a84e1e83644f8387af5e4719f7d3c2d8776
26711207965,Spelling,pull_request,completed,success,2026-05-31T11:21:51Z,2026-05-31T11:28:01Z,370,528225eeebc032cffda3bca4eb79d6afe674d386
26711207950,Style,pull_request,completed,success,2026-05-31T11:21:51Z,2026-05-31T11:27:59Z,368,528225eeebc032cffda3bca4eb79d6afe674d386
26711207975,clang-format,pull_request,completed,success,2026-05-31T11:21:51Z,2026-05-31T11:31:54Z,603,528225eeebc032cffda3bca4eb79d6afe674d386
26711207974,Pyrefly,pull_request,completed,success,2026-05-31T11:21:51Z,2026-05-31T11:33:57Z,726,528225eeebc032cffda3bca4eb79d6afe674d386
26711207964,ci-no-onnx,pull_request,completed,success,2026-05-31T11:21:51Z,2026-05-31T11:33:58Z,727,528225eeebc032cffda3bca4eb79d6afe674d386
26711207973,Standalone example,pull_request,completed,success,2026-05-31T11:21:51Z,2026-05-31T11:34:47Z,776,528225eeebc032cffda3bca4eb79d6afe674d386
26711207980,Mypy,pull_request,completed,success,2026-05-31T11:21:51Z,2026-05-31T11:35:44Z,833,528225eeebc032cffda3bca4eb79d6afe674d386
26711207970,ci-debug-ubuntu,pull_request,completed,success,2026-05-31T11:21:51Z,2026-05-31T11:37:53Z,962,528225eeebc032cffda3bca4eb79d6afe674d386
26711207967,ci-1-core,pull_request,completed,success,2026-05-31T11:21:51Z,2026-05-31T11:46:58Z,1507,528225eeebc032cffda3bca4eb79d6afe674d386
26711142960,Build,workflow_run,completed,action_required,2026-05-31T11:18:43Z,2026-05-31T11:18:43Z,0,e654aaa3a55fc084de08530f534f8b25d43baa41
26711122791,Build,workflow_run,completed,success,2026-05-31T11:17:44Z,2026-05-31T12:01:28Z,2624,e654aaa3a55fc084de08530f534f8b25d43baa41
26711004551,Style,push,completed,success,2026-05-31T11:12:04Z,2026-05-31T11:12:13Z,9,e654aaa3a55fc084de08530f534f8b25d43baa41
26711004587,clang-format,push,completed,success,2026-05-31T11:12:04Z,2026-05-31T11:12:17Z,13,e654aaa3a55fc084de08530f534f8b25d43baa41
26711004576,Spelling,push,completed,success,2026-05-31T11:12:04Z,2026-05-31T11:12:18Z,14,e654aaa3a55fc084de08530f534f8b25d43baa41
26711004554,Standalone example,push,completed,success,2026-05-31T11:12:04Z,2026-05-31T11:16:10Z,246,e654aaa3a55fc084de08530f534f8b25d43baa41
26711004568,ci-no-onnx,push,completed,success,2026-05-31T11:12:04Z,2026-05-31T11:18:18Z,374,e654aaa3a55fc084de08530f534f8b25d43baa41
26711004556,Pyrefly,push,completed,success,2026-05-31T11:12:04Z,2026-05-31T11:18:18Z,374,e654aaa3a55fc084de08530f534f8b25d43baa41
26711004593,Mypy,push,completed,success,2026-05-31T11:12:04Z,2026-05-31T11:18:38Z,394,e654aaa3a55fc084de08530f534f8b25d43baa41
26711004541,ci-debug-ubuntu,push,completed,success,2026-05-31T11:12:04Z,2026-05-31T11:20:40Z,516,e654aaa3a55fc084de08530f534f8b25d43baa41
26711004559,ci-1-core,push,completed,cancelled,2026-05-31T11:12:04Z,2026-05-31T11:23:55Z,711,e654aaa3a55fc084de08530f534f8b25d43baa41
26710963751,Build,workflow_run,completed,action_required,2026-05-31T11:10:04Z,2026-05-31T11:10:04Z,0,cf782bd70c6e35f66221035f615b7655eec82feb
26710900469,Build,workflow_run,completed,action_required,2026-05-31T11:06:52Z,2026-05-31T11:06:52Z,0,cf782bd70c6e35f66221035f615b7655eec82feb
26710892836,clang-format,pull_request,completed,success,2026-05-31T11:06:30Z,2026-05-31T11:21:13Z,883,7079cc4317e64bbec70e908e1672851fc77a3ff2
26710892696,Style,pull_request,completed,success,2026-05-31T11:06:29Z,2026-05-31T11:21:05Z,876,7079cc4317e64bbec70e908e1672851fc77a3ff2
26710892702,Spelling,pull_request,completed,success,2026-05-31T11:06:29Z,2026-05-31T11:21:09Z,880,7079cc4317e64bbec70e908e1672851fc77a3ff2
26710892698,Mypy,pull_request,completed,success,2026-05-31T11:06:29Z,2026-05-31T11:26:56Z,1227,7079cc4317e64bbec70e908e1672851fc77a3ff2
26710892694,ci-no-onnx,pull_request,completed,success,2026-05-31T11:06:29Z,2026-05-31T11:27:06Z,1237,7079cc4317e64bbec70e908e1672851fc77a3ff2
26710892682,Pyrefly,pull_request,completed,success,2026-05-31T11:06:29Z,2026-05-31T11:27:09Z,1240,7079cc4317e64bbec70e908e1672851fc77a3ff2
26710892706,Standalone example,pull_request,completed,success,2026-05-31T11:06:29Z,2026-05-31T11:27:44Z,1275,7079cc4317e64bbec70e908e1672851fc77a3ff2
26710892709,ci-debug-ubuntu,pull_request,completed,success,2026-05-31T11:06:29Z,2026-05-31T11:29:33Z,1384,7079cc4317e64bbec70e908e1672851fc77a3ff2
26710892705,ci-1-core,pull_request,completed,success,2026-05-31T11:06:29Z,2026-05-31T11:43:38Z,2229,7079cc4317e64bbec70e908e1672851fc77a3ff2
26710720925,Spelling,pull_request,completed,success,2026-05-31T10:58:29Z,2026-05-31T11:03:57Z,328,07c6df606f4a4139396639c4a63aa5ac74f601b2
26710720930,clang-format,pull_request,completed,success,2026-05-31T10:58:29Z,2026-05-31T11:03:32Z,303,07c6df606f4a4139396639c4a63aa5ac74f601b2
26710720933,Style,pull_request,completed,success,2026-05-31T10:58:29Z,2026-05-31T11:04:01Z,332,07c6df606f4a4139396639c4a63aa5ac74f601b2
26710720928,Mypy,pull_request,completed,success,2026-05-31T10:58:29Z,2026-05-31T11:10:25Z,716,07c6df606f4a4139396639c4a63aa5ac74f601b2
26710720940,Pyrefly,pull_request,completed,success,2026-05-31T10:58:29Z,2026-05-31T11:10:08Z,699,07c6df606f4a4139396639c4a63aa5ac74f601b2
26710720927,ci-no-onnx,pull_request,completed,success,2026-05-31T10:58:29Z,2026-05-31T11:09:57Z,688,07c6df606f4a4139396639c4a63aa5ac74f601b2
26710720922,Standalone example,pull_request,completed,success,2026-05-31T10:58:29Z,2026-05-31T11:10:47Z,738,07c6df606f4a4139396639c4a63aa5ac74f601b2
26710720938,ci-debug-ubuntu,pull_request,completed,success,2026-05-31T10:58:29Z,2026-05-31T11:12:40Z,851,07c6df606f4a4139396639c4a63aa5ac74f601b2
26710720923,ci-1-core,pull_request,completed,success,2026-05-31T10:58:29Z,2026-05-31T11:24:39Z,1570,07c6df606f4a4139396639c4a63aa5ac74f601b2
26710712879,Running Copilot cloud agent,dynamic,completed,success,2026-05-31T10:58:01Z,2026-05-31T11:25:27Z,1646,f38afc82a2ca675003ad5467a5e2c812ea592bbc
26710680212,Build,workflow_run,completed,action_required,2026-05-31T10:56:24Z,2026-05-31T10:56:24Z,0,cf782bd70c6e35f66221035f615b7655eec82feb
26710675902,Build,workflow_run,completed,cancelled,2026-05-31T10:56:12Z,2026-05-31T11:24:14Z,1682,cf782bd70c6e35f66221035f615b7655eec82feb
26710668259,Style,pull_request,completed,success,2026-05-31T10:55:53Z,2026-05-31T10:56:02Z,9,8c044a84e1e83644f8387af5e4719f7d3c2d8776
26710668250,Spelling,pull_request,completed,success,2026-05-31T10:55:53Z,2026-05-31T10:56:03Z,10,8c044a84e1e83644f8387af5e4719f7d3c2d8776
26710668255,clang-format,pull_request,completed,success,2026-05-31T10:55:53Z,2026-05-31T10:56:04Z,11,8c044a84e1e83644f8387af5e4719f7d3c2d8776
26710668264,Pyrefly,pull_request,completed,success,2026-05-31T10:55:53Z,2026-05-31T11:00:35Z,282,8c044a84e1e83644f8387af5e4719f7d3c2d8776
26710668257,ci-no-onnx,pull_request,completed,success,2026-05-31T10:55:53Z,2026-05-31T11:00:36Z,283,8c044a84e1e83644f8387af5e4719f7d3c2d8776
26710668263,Mypy,pull_request,completed,success,2026-05-31T10:55:53Z,2026-05-31T11:02:09Z,376,8c044a84e1e83644f8387af5e4719f7d3c2d8776
26710668269,Standalone example,pull_request,completed,success,2026-05-31T10:55:53Z,2026-05-31T11:02:03Z,370,8c044a84e1e83644f8387af5e4719f7d3c2d8776
26710668258,ci-debug-ubuntu,pull_request,completed,success,2026-05-31T10:55:53Z,2026-05-31T11:04:17Z,504,8c044a84e1e83644f8387af5e4719f7d3c2d8776
26710668261,ci-1-core,pull_request,completed,success,2026-05-31T10:55:53Z,2026-05-31T11:17:42Z,1309,8c044a84e1e83644f8387af5e4719f7d3c2d8776
26710625116,Spelling,pull_request,completed,success,2026-05-31T10:53:45Z,2026-05-31T10:58:03Z,258,0373c77efeed3215bd8933e38547febc91b0b28f
26710625112,Style,pull_request,completed,success,2026-05-31T10:53:45Z,2026-05-31T10:58:05Z,260,0373c77efeed3215bd8933e38547febc91b0b28f
26710625129,clang-format,pull_request,completed,success,2026-05-31T10:53:45Z,2026-05-31T10:59:11Z,326,0373c77efeed3215bd8933e38547febc91b0b28f
26710625127,Pyrefly,pull_request,completed,success,2026-05-31T10:53:45Z,2026-05-31T11:04:07Z,622,0373c77efeed3215bd8933e38547febc91b0b28f
26710625123,Mypy,pull_request,completed,success,2026-05-31T10:53:45Z,2026-05-31T11:04:24Z,639,0373c77efeed3215bd8933e38547febc91b0b28f
26710625111,ci-1-core,pull_request,completed,failure,2026-05-31T10:53:45Z,2026-05-31T11:06:50Z,785,0373c77efeed3215bd8933e38547febc91b0b28f
26710625119,Standalone example,pull_request,completed,success,2026-05-31T10:53:45Z,2026-05-31T11:08:43Z,898,0373c77efeed3215bd8933e38547febc91b0b28f
26710625130,ci-no-onnx,pull_request,completed,failure,2026-05-31T10:53:45Z,2026-05-31T11:10:05Z,980,0373c77efeed3215bd8933e38547febc91b0b28f
26710625122,ci-debug-ubuntu,pull_request,completed,failure,2026-05-31T10:53:45Z,2026-05-31T11:10:48Z,1023,0373c77efeed3215bd8933e38547febc91b0b28f
26710615884,Running Copilot cloud agent,dynamic,completed,success,2026-05-31T10:53:18Z,2026-05-31T11:20:50Z,1652,d70b2534a7fc0a02ac6adabbfdde4f11bac13160
26710366959,Running Copilot cloud agent,dynamic,completed,success,2026-05-31T10:41:04Z,2026-05-31T11:06:57Z,1553,654dff84d2fb5a65e9da50cdacae7cbfaf839fdd
26710366260,Addressing comment on PR #1400,dynamic,completed,success,2026-05-31T10:41:02Z,2026-05-31T10:52:52Z,710,6627cda23579be6a23b78a57c6291fef37c1f75e
26710305591,Running Copilot cloud agent,dynamic,completed,success,2026-05-31T10:37:58Z,2026-05-31T10:57:18Z,1160,6464d7884d17f5b663fc4a57239aa18562ca195b
26710299585,clang-format,pull_request,completed,success,2026-05-31T10:37:38Z,2026-05-31T10:57:30Z,1192,6627cda23579be6a23b78a57c6291fef37c1f75e
26710299589,Spelling,pull_request,completed,success,2026-05-31T10:37:38Z,2026-05-31T10:57:28Z,1190,6627cda23579be6a23b78a57c6291fef37c1f75e
26710299596,Style,pull_request,completed,success,2026-05-31T10:37:38Z,2026-05-31T10:57:28Z,1190,6627cda23579be6a23b78a57c6291fef37c1f75e
26710299592,Pyrefly,pull_request,completed,success,2026-05-31T10:37:38Z,2026-05-31T11:03:21Z,1543,6627cda23579be6a23b78a57c6291fef37c1f75e
26710299599,Standalone example,pull_request,completed,success,2026-05-31T10:37:38Z,2026-05-31T11:03:49Z,1571,6627cda23579be6a23b78a57c6291fef37c1f75e
26710299598,Mypy,pull_request,completed,success,2026-05-31T10:37:38Z,2026-05-31T11:03:43Z,1565,6627cda23579be6a23b78a57c6291fef37c1f75e
26710299613,ci-no-onnx,pull_request,completed,success,2026-05-31T10:37:38Z,2026-05-31T11:03:53Z,1575,6627cda23579be6a23b78a57c6291fef37c1f75e
26710299605,ci-debug-ubuntu,pull_request,completed,success,2026-05-31T10:37:38Z,2026-05-31T11:06:07Z,1709,6627cda23579be6a23b78a57c6291fef37c1f75e
26710299602,ci-1-core,pull_request,completed,success,2026-05-31T10:37:38Z,2026-05-31T11:18:41Z,2463,6627cda23579be6a23b78a57c6291fef37c1f75e
26710284986,ci-no-onnx,pull_request,completed,success,2026-05-31T10:36:53Z,2026-05-31T10:54:46Z,1073,d964bbbc50f3368529376809333f55c79d2cd1b8
26710285005,Mypy,pull_request,completed,success,2026-05-31T10:36:53Z,2026-05-31T10:55:04Z,1091,d964bbbc50f3368529376809333f55c79d2cd1b8
26710284991,Pyrefly,pull_request,completed,success,2026-05-31T10:36:53Z,2026-05-31T10:55:25Z,1112,d964bbbc50f3368529376809333f55c79d2cd1b8
26710284974,Standalone example,pull_request,completed,success,2026-05-31T10:36:53Z,2026-05-31T10:55:19Z,1106,d964bbbc50f3368529376809333f55c79d2cd1b8
26710284976,ci-debug-ubuntu,pull_request,completed,success,2026-05-31T10:36:53Z,2026-05-31T10:57:04Z,1211,d964bbbc50f3368529376809333f55c79d2cd1b8
26710284992,ci-1-core,pull_request,completed,success,2026-05-31T10:36:53Z,2026-05-31T11:10:02Z,1989,d964bbbc50f3368529376809333f55c79d2cd1b8
26710284979,Spelling,pull_request,completed,success,2026-05-31T10:36:53Z,2026-05-31T10:48:56Z,723,d964bbbc50f3368529376809333f55c79d2cd1b8
26710284975,Style,pull_request,completed,success,2026-05-31T10:36:53Z,2026-05-31T10:48:54Z,721,d964bbbc50f3368529376809333f55c79d2cd1b8
26710285029,clang-format,pull_request,completed,success,2026-05-31T10:36:53Z,2026-05-31T10:49:05Z,732,d964bbbc50f3368529376809333f55c79d2cd1b8
26710284588,ci-debug-ubuntu,pull_request,completed,success,2026-05-31T10:36:52Z,2026-05-31T10:52:27Z,935,52df4dbf059fe7f136eae984c122321fa877ea0b
26710284587,ci-1-core,pull_request,completed,cancelled,2026-05-31T10:36:52Z,2026-05-31T10:56:22Z,1170,52df4dbf059fe7f136eae984c122321fa877ea0b
26710284586,Spelling,pull_request,completed,success,2026-05-31T10:36:52Z,2026-05-31T10:44:14Z,442,52df4dbf059fe7f136eae984c122321fa877ea0b
26710284607,clang-format,pull_request,completed,success,2026-05-31T10:36:52Z,2026-05-31T10:44:16Z,444,52df4dbf059fe7f136eae984c122321fa877ea0b
26710284609,Style,pull_request,completed,failure,2026-05-31T10:36:52Z,2026-05-31T10:44:13Z,441,52df4dbf059fe7f136eae984c122321fa877ea0b
26710284605,Pyrefly,pull_request,completed,success,2026-05-31T10:36:52Z,2026-05-31T10:49:53Z,781,52df4dbf059fe7f136eae984c122321fa877ea0b
26710284600,Mypy,pull_request,completed,success,2026-05-31T10:36:52Z,2026-05-31T10:50:18Z,806,52df4dbf059fe7f136eae984c122321fa877ea0b
26710284596,ci-no-onnx,pull_request,completed,success,2026-05-31T10:36:52Z,2026-05-31T10:50:20Z,808,52df4dbf059fe7f136eae984c122321fa877ea0b
26710284598,Standalone example,pull_request,completed,success,2026-05-31T10:36:52Z,2026-05-31T10:50:13Z,801,52df4dbf059fe7f136eae984c122321fa877ea0b
26710230337,Addressing comment on PR #1398,dynamic,completed,success,2026-05-31T10:34:03Z,2026-05-31T10:59:00Z,1497,8eaf40071daeb89dba126b939a763a4a77c031fb
26710221558,Build,workflow_run,completed,skipped,2026-05-31T10:33:38Z,2026-05-31T10:33:55Z,17,cf782bd70c6e35f66221035f615b7655eec82feb
26710215790,ci-1-core,push,completed,success,2026-05-31T10:33:20Z,2026-05-31T10:56:11Z,1371,cf782bd70c6e35f66221035f615b7655eec82feb
26710215791,Spelling,push,completed,success,2026-05-31T10:33:20Z,2026-05-31T10:33:34Z,14,cf782bd70c6e35f66221035f615b7655eec82feb
26710215798,Style,push,completed,success,2026-05-31T10:33:20Z,2026-05-31T10:33:32Z,12,cf782bd70c6e35f66221035f615b7655eec82feb
26710215794,clang-format,push,completed,success,2026-05-31T10:33:20Z,2026-05-31T10:33:32Z,12,cf782bd70c6e35f66221035f615b7655eec82feb
26710215808,ci-no-onnx,push,completed,success,2026-05-31T10:33:20Z,2026-05-31T10:39:44Z,384,cf782bd70c6e35f66221035f615b7655eec82feb
26710215796,Pyrefly,push,completed,success,2026-05-31T10:33:20Z,2026-05-31T10:39:35Z,375,cf782bd70c6e35f66221035f615b7655eec82feb
26710215788,Standalone example,push,completed,success,2026-05-31T10:33:20Z,2026-05-31T10:40:04Z,404,cf782bd70c6e35f66221035f615b7655eec82feb
26710215789,Mypy,push,completed,success,2026-05-31T10:33:20Z,2026-05-31T10:39:51Z,391,cf782bd70c6e35f66221035f615b7655eec82feb
26710215809,ci-debug-ubuntu,push,completed,success,2026-05-31T10:33:20Z,2026-05-31T10:41:46Z,506,cf782bd70c6e35f66221035f615b7655eec82feb
26710213120,Spelling,push,completed,cancelled,2026-05-31T10:33:11Z,2026-05-31T10:33:22Z,11,387e805a3b5ba351544e3a75697898b0e85a12c1
26710213125,clang-format,push,completed,cancelled,2026-05-31T10:33:11Z,2026-05-31T10:33:22Z,11,387e805a3b5ba351544e3a75697898b0e85a12c1
26710213153,Style,push,completed,success,2026-05-31T10:33:11Z,2026-05-31T10:33:20Z,9,387e805a3b5ba351544e3a75697898b0e85a12c1
26710213119,Pyrefly,push,completed,cancelled,2026-05-31T10:33:11Z,2026-05-31T10:33:36Z,25,387e805a3b5ba351544e3a75697898b0e85a12c1
26710213138,ci-1-core,push,completed,cancelled,2026-05-31T10:33:11Z,2026-05-31T10:33:36Z,25,387e805a3b5ba351544e3a75697898b0e85a12c1
26710213121,Mypy,push,completed,cancelled,2026-05-31T10:33:11Z,2026-05-31T10:33:37Z,26,387e805a3b5ba351544e3a75697898b0e85a12c1
26710213139,ci-debug-ubuntu,push,completed,cancelled,2026-05-31T10:33:11Z,2026-05-31T10:33:35Z,24,387e805a3b5ba351544e3a75697898b0e85a12c1
26710213129,ci-no-onnx,push,completed,cancelled,2026-05-31T10:33:11Z,2026-05-31T10:33:35Z,24,387e805a3b5ba351544e3a75697898b0e85a12c1
26710213111,Standalone example,push,completed,cancelled,2026-05-31T10:33:11Z,2026-05-31T10:33:35Z,24,387e805a3b5ba351544e3a75697898b0e85a12c1
26710206687,Build,workflow_run,completed,action_required,2026-05-31T10:32:50Z,2026-05-31T10:32:50Z,0,2d30e751fbdbc42be8dd27660d7a98f55b0150ac
26710203323,Build,workflow_run,completed,action_required,2026-05-31T10:32:40Z,2026-05-31T10:32:40Z,0,2d30e751fbdbc42be8dd27660d7a98f55b0150ac
26710128977,Build,workflow_run,completed,cancelled,2026-05-31T10:29:11Z,2026-05-31T10:33:55Z,284,2d30e751fbdbc42be8dd27660d7a98f55b0150ac
26710123568,Addressing comment on PR #1402,dynamic,completed,success,2026-05-31T10:28:51Z,2026-05-31T10:37:12Z,501,aef361d18eab95fdc4b8c6db30b6dffbe3f1ec59
26710036512,Build,workflow_run,completed,action_required,2026-05-31T10:24:34Z,2026-05-31T10:24:34Z,0,2d30e751fbdbc42be8dd27660d7a98f55b0150ac
26709934919,Addressing comment on PR #1400,dynamic,completed,success,2026-05-31T10:19:32Z,2026-05-31T10:40:58Z,1286,99566e16cf0768a24b392206b34b2c7af5ed3ef4
26709800778,Running Copilot cloud agent,dynamic,completed,success,2026-05-31T10:12:38Z,2026-05-31T10:40:25Z,1667,54b2372198fedaabbb1992d2916980bd9b587617
26746952320,Style,pull_request,completed,action_required,2026-06-01T09:35:07Z,2026-06-01T09:35:07Z,0,1f881ba742da1bd0ce18e0cccd8170af1804f73c
26746952325,ci-1-core,pull_request,completed,action_required,2026-06-01T09:35:07Z,2026-06-01T09:35:07Z,0,1f881ba742da1bd0ce18e0cccd8170af1804f73c
26746952334,Mypy,pull_request,completed,action_required,2026-06-01T09:35:07Z,2026-06-01T09:35:07Z,0,1f881ba742da1bd0ce18e0cccd8170af1804f73c
26746952319,Pyrefly,pull_request,completed,action_required,2026-06-01T09:35:07Z,2026-06-01T09:35:07Z,0,1f881ba742da1bd0ce18e0cccd8170af1804f73c
26746952357,Spelling,pull_request,completed,action_required,2026-06-01T09:35:07Z,2026-06-01T09:35:07Z,0,1f881ba742da1bd0ce18e0cccd8170af1804f73c
26746952304,ci-no-onnx,pull_request,completed,action_required,2026-06-01T09:35:07Z,2026-06-01T09:35:07Z,0,1f881ba742da1bd0ce18e0cccd8170af1804f73c
26746952318,ci-debug-ubuntu,pull_request,completed,action_required,2026-06-01T09:35:07Z,2026-06-01T09:35:07Z,0,1f881ba742da1bd0ce18e0cccd8170af1804f73c
26746952358,Standalone example,pull_request,completed,action_required,2026-06-01T09:35:07Z,2026-06-01T09:35:07Z,0,1f881ba742da1bd0ce18e0cccd8170af1804f73c
26746952330,clang-format,pull_request,completed,action_required,2026-06-01T09:35:07Z,2026-06-01T09:35:07Z,0,1f881ba742da1bd0ce18e0cccd8170af1804f73c
26746744335,ci-debug-ubuntu,pull_request,completed,action_required,2026-06-01T09:30:40Z,2026-06-01T09:30:40Z,0,4f855754b1d6b52dfe698034c08cb532e86f969b
26746743561,Spelling,pull_request,completed,action_required,2026-06-01T09:30:39Z,2026-06-01T09:30:39Z,0,4f855754b1d6b52dfe698034c08cb532e86f969b
26746743768,Standalone example,pull_request,completed,action_required,2026-06-01T09:30:39Z,2026-06-01T09:30:39Z,0,4f855754b1d6b52dfe698034c08cb532e86f969b
26746743786,Mypy,pull_request,completed,action_required,2026-06-01T09:30:39Z,2026-06-01T09:30:39Z,0,4f855754b1d6b52dfe698034c08cb532e86f969b
26746743775,ci-1-core,pull_request,completed,action_required,2026-06-01T09:30:39Z,2026-06-01T09:30:39Z,0,4f855754b1d6b52dfe698034c08cb532e86f969b
26746744139,Pyrefly,pull_request,completed,action_required,2026-06-01T09:30:39Z,2026-06-01T09:30:39Z,0,4f855754b1d6b52dfe698034c08cb532e86f969b
26746742989,clang-format,pull_request,completed,action_required,2026-06-01T09:30:38Z,2026-06-01T09:30:38Z,0,4f855754b1d6b52dfe698034c08cb532e86f969b
26746742974,Style,pull_request,completed,action_required,2026-06-01T09:30:38Z,2026-06-01T09:30:38Z,0,4f855754b1d6b52dfe698034c08cb532e86f969b
26746743183,ci-no-onnx,pull_request,completed,action_required,2026-06-01T09:30:38Z,2026-06-01T09:30:38Z,0,4f855754b1d6b52dfe698034c08cb532e86f969b
26746700598,Build,workflow_run,completed,action_required,2026-06-01T09:29:47Z,2026-06-01T09:29:47Z,0,a4f22536d9d32204becda6efd1a03641fbb221c3
26746543842,Build,workflow_run,completed,action_required,2026-06-01T09:26:28Z,2026-06-01T09:26:28Z,0,a4f22536d9d32204becda6efd1a03641fbb221c3
26746467918,Style,pull_request,completed,action_required,2026-06-01T09:24:50Z,2026-06-01T09:24:50Z,0,cfe8580379a70716e42d836596b3bb8b2674a154
26746467879,ci-debug-ubuntu,pull_request,completed,action_required,2026-06-01T09:24:50Z,2026-06-01T09:24:50Z,0,cfe8580379a70716e42d836596b3bb8b2674a154
26746467862,ci-1-core,pull_request,completed,action_required,2026-06-01T09:24:50Z,2026-06-01T09:24:50Z,0,cfe8580379a70716e42d836596b3bb8b2674a154
26746467820,ci-no-onnx,pull_request,completed,action_required,2026-06-01T09:24:50Z,2026-06-01T09:24:50Z,0,cfe8580379a70716e42d836596b3bb8b2674a154
26746467827,Spelling,pull_request,completed,action_required,2026-06-01T09:24:50Z,2026-06-01T09:24:50Z,0,cfe8580379a70716e42d836596b3bb8b2674a154
26746467896,Mypy,pull_request,completed,action_required,2026-06-01T09:24:50Z,2026-06-01T09:24:50Z,0,cfe8580379a70716e42d836596b3bb8b2674a154
26746467885,Standalone example,pull_request,completed,action_required,2026-06-01T09:24:50Z,2026-06-01T09:24:50Z,0,cfe8580379a70716e42d836596b3bb8b2674a154
26746467923,clang-format,pull_request,completed,action_required,2026-06-01T09:24:50Z,2026-06-01T09:24:50Z,0,cfe8580379a70716e42d836596b3bb8b2674a154
26746467949,Pyrefly,pull_request,completed,action_required,2026-06-01T09:24:50Z,2026-06-01T09:24:50Z,0,cfe8580379a70716e42d836596b3bb8b2674a154
26746170086,Spelling,pull_request,completed,success,2026-06-01T09:18:25Z,2026-06-01T09:25:20Z,415,e22e5faeeabdd4a11a6f583fe4c877be73c05bc0
26746170061,Style,pull_request,completed,success,2026-06-01T09:18:25Z,2026-06-01T09:25:35Z,430,e22e5faeeabdd4a11a6f583fe4c877be73c05bc0
26746170032,clang-format,pull_request,completed,success,2026-06-01T09:18:25Z,2026-06-01T09:25:22Z,417,e22e5faeeabdd4a11a6f583fe4c877be73c05bc0
26746170091,Pyrefly,pull_request,completed,success,2026-06-01T09:18:25Z,2026-06-01T09:32:20Z,835,e22e5faeeabdd4a11a6f583fe4c877be73c05bc0
26746170046,Mypy,pull_request,completed,success,2026-06-01T09:18:25Z,2026-06-01T09:32:46Z,861,e22e5faeeabdd4a11a6f583fe4c877be73c05bc0
26746170060,ci-no-onnx,pull_request,completed,success,2026-06-01T09:18:25Z,2026-06-01T09:32:58Z,873,e22e5faeeabdd4a11a6f583fe4c877be73c05bc0
26746170156,Standalone example,pull_request,completed,success,2026-06-01T09:18:25Z,2026-06-01T09:33:36Z,911,e22e5faeeabdd4a11a6f583fe4c877be73c05bc0
26746170045,ci-debug-ubuntu,pull_request,completed,success,2026-06-01T09:18:25Z,2026-06-01T09:35:12Z,1007,e22e5faeeabdd4a11a6f583fe4c877be73c05bc0
26745852696,ci-debug-ubuntu,pull_request,completed,action_required,2026-06-01T09:11:39Z,2026-06-01T09:11:39Z,0,8a6cab4c51def7a60566f6784340197790bb53d4
26745852728,Standalone example,pull_request,completed,action_required,2026-06-01T09:11:39Z,2026-06-01T09:11:39Z,0,8a6cab4c51def7a60566f6784340197790bb53d4
26745852702,Mypy,pull_request,completed,action_required,2026-06-01T09:11:39Z,2026-06-01T09:11:39Z,0,8a6cab4c51def7a60566f6784340197790bb53d4
26745852677,clang-format,pull_request,completed,action_required,2026-06-01T09:11:39Z,2026-06-01T09:11:39Z,0,8a6cab4c51def7a60566f6784340197790bb53d4
26745852701,Pyrefly,pull_request,completed,action_required,2026-06-01T09:11:39Z,2026-06-01T09:11:39Z,0,8a6cab4c51def7a60566f6784340197790bb53d4
26745852750,Style,pull_request,completed,action_required,2026-06-01T09:11:39Z,2026-06-01T09:11:39Z,0,8a6cab4c51def7a60566f6784340197790bb53d4
26745852799,ci-no-onnx,pull_request,completed,action_required,2026-06-01T09:11:39Z,2026-06-01T09:11:39Z,0,8a6cab4c51def7a60566f6784340197790bb53d4
26745852847,Spelling,pull_request,completed,action_required,2026-06-01T09:11:39Z,2026-06-01T09:11:39Z,0,8a6cab4c51def7a60566f6784340197790bb53d4
26745852890,ci-1-core,pull_request,completed,action_required,2026-06-01T09:11:39Z,2026-06-01T09:11:39Z,0,8a6cab4c51def7a60566f6784340197790bb53d4
26745849865,Running Copilot cloud agent,dynamic,completed,success,2026-06-01T09:11:35Z,2026-06-01T09:25:38Z,843,8a6cab4c51def7a60566f6784340197790bb53d4
26745677074,Spelling,pull_request,completed,action_required,2026-06-01T09:07:48Z,2026-06-01T09:07:48Z,0,22541a7f695c4c2513b2ac0b625b6c38b45d8a8a
26745677072,Mypy,pull_request,completed,action_required,2026-06-01T09:07:48Z,2026-06-01T09:07:48Z,0,22541a7f695c4c2513b2ac0b625b6c38b45d8a8a
26745677123,Style,pull_request,completed,action_required,2026-06-01T09:07:48Z,2026-06-01T09:07:48Z,0,22541a7f695c4c2513b2ac0b625b6c38b45d8a8a
26745677099,ci-1-core,pull_request,completed,action_required,2026-06-01T09:07:48Z,2026-06-01T09:07:48Z,0,22541a7f695c4c2513b2ac0b625b6c38b45d8a8a
26745677107,ci-no-onnx,pull_request,completed,action_required,2026-06-01T09:07:48Z,2026-06-01T09:07:48Z,0,22541a7f695c4c2513b2ac0b625b6c38b45d8a8a
26745677091,ci-debug-ubuntu,pull_request,completed,action_required,2026-06-01T09:07:48Z,2026-06-01T09:07:48Z,0,22541a7f695c4c2513b2ac0b625b6c38b45d8a8a
26745677163,Pyrefly,pull_request,completed,action_required,2026-06-01T09:07:48Z,2026-06-01T09:07:48Z,0,22541a7f695c4c2513b2ac0b625b6c38b45d8a8a
26745677265,Standalone example,pull_request,completed,action_required,2026-06-01T09:07:48Z,2026-06-01T09:07:48Z,0,22541a7f695c4c2513b2ac0b625b6c38b45d8a8a
26745677249,clang-format,pull_request,completed,action_required,2026-06-01T09:07:48Z,2026-06-01T09:07:48Z,0,22541a7f695c4c2513b2ac0b625b6c38b45d8a8a
26745612665,Addressing comment on PR #1435,dynamic,completed,success,2026-06-01T09:06:24Z,2026-06-01T09:18:35Z,731,1b6ac13e2b3b645069eee54b7e0295f0eb456245
26745590867,Build,workflow_run,completed,skipped,2026-06-01T09:05:56Z,2026-06-01T09:06:01Z,5,a4f22536d9d32204becda6efd1a03641fbb221c3
26745586196,Style,push,completed,success,2026-06-01T09:05:50Z,2026-06-01T09:06:07Z,17,a4f22536d9d32204becda6efd1a03641fbb221c3
26745586263,clang-format,push,completed,success,2026-06-01T09:05:50Z,2026-06-01T09:06:14Z,24,a4f22536d9d32204becda6efd1a03641fbb221c3
26745586236,Spelling,push,completed,success,2026-06-01T09:05:50Z,2026-06-01T09:06:05Z,15,a4f22536d9d32204becda6efd1a03641fbb221c3
26745586294,Pyrefly,push,completed,success,2026-06-01T09:05:50Z,2026-06-01T09:13:34Z,464,a4f22536d9d32204becda6efd1a03641fbb221c3
26745586131,Mypy,push,completed,success,2026-06-01T09:05:50Z,2026-06-01T09:13:31Z,461,a4f22536d9d32204becda6efd1a03641fbb221c3
26745586288,ci-no-onnx,push,completed,success,2026-06-01T09:05:50Z,2026-06-01T09:13:50Z,480,a4f22536d9d32204becda6efd1a03641fbb221c3
26745586149,Standalone example,push,completed,success,2026-06-01T09:05:50Z,2026-06-01T09:14:21Z,511,a4f22536d9d32204becda6efd1a03641fbb221c3
26745586202,ci-debug-ubuntu,push,completed,success,2026-06-01T09:05:50Z,2026-06-01T09:16:04Z,614,a4f22536d9d32204becda6efd1a03641fbb221c3
26745586152,ci-1-core,push,completed,success,2026-06-01T09:05:50Z,2026-06-01T09:31:22Z,1532,a4f22536d9d32204becda6efd1a03641fbb221c3
26745585135,Build,workflow_run,completed,cancelled,2026-06-01T09:05:49Z,2026-06-01T09:05:58Z,9,a4f22536d9d32204becda6efd1a03641fbb221c3
26745579648,Build,workflow_run,completed,cancelled,2026-06-01T09:05:42Z,2026-06-01T09:05:50Z,8,2f534605976dd90e606e4fdd5a935dd4936eea55
26745576742,clang-format,push,completed,cancelled,2026-06-01T09:05:38Z,2026-06-01T09:06:00Z,22,2f534605976dd90e606e4fdd5a935dd4936eea55
26745576653,Standalone example,push,completed,cancelled,2026-06-01T09:05:38Z,2026-06-01T09:06:01Z,23,2f534605976dd90e606e4fdd5a935dd4936eea55
26745576676,ci-1-core,push,completed,cancelled,2026-06-01T09:05:38Z,2026-06-01T09:05:54Z,16,2f534605976dd90e606e4fdd5a935dd4936eea55
26745576640,ci-no-onnx,push,completed,cancelled,2026-06-01T09:05:38Z,2026-06-01T09:05:54Z,16,2f534605976dd90e606e4fdd5a935dd4936eea55
26745576688,Style,push,completed,cancelled,2026-06-01T09:05:38Z,2026-06-01T09:05:54Z,16,2f534605976dd90e606e4fdd5a935dd4936eea55
26745576790,Spelling,push,completed,cancelled,2026-06-01T09:05:38Z,2026-06-01T09:05:56Z,18,2f534605976dd90e606e4fdd5a935dd4936eea55
26745576738,Mypy,push,completed,cancelled,2026-06-01T09:05:38Z,2026-06-01T09:06:06Z,28,2f534605976dd90e606e4fdd5a935dd4936eea55
26745576748,ci-debug-ubuntu,push,completed,cancelled,2026-06-01T09:05:38Z,2026-06-01T09:06:07Z,29,2f534605976dd90e606e4fdd5a935dd4936eea55
26745576627,Pyrefly,push,completed,cancelled,2026-06-01T09:05:38Z,2026-06-01T09:06:07Z,29,2f534605976dd90e606e4fdd5a935dd4936eea55
26745568942,Spelling,push,completed,cancelled,2026-06-01T09:05:28Z,2026-06-01T09:05:46Z,18,20c319c8a48320e22b8bfc3cc2c88207aa0d6d99
26745568848,clang-format,push,completed,cancelled,2026-06-01T09:05:28Z,2026-06-01T09:05:42Z,14,20c319c8a48320e22b8bfc3cc2c88207aa0d6d99
26745568794,Pyrefly,push,completed,cancelled,2026-06-01T09:05:28Z,2026-06-01T09:05:39Z,11,20c319c8a48320e22b8bfc3cc2c88207aa0d6d99
26745568802,ci-no-onnx,push,completed,cancelled,2026-06-01T09:05:28Z,2026-06-01T09:05:40Z,12,20c319c8a48320e22b8bfc3cc2c88207aa0d6d99
26745568812,Mypy,push,completed,cancelled,2026-06-01T09:05:28Z,2026-06-01T09:05:40Z,12,20c319c8a48320e22b8bfc3cc2c88207aa0d6d99
26745568845,ci-debug-ubuntu,push,completed,cancelled,2026-06-01T09:05:28Z,2026-06-01T09:05:40Z,12,20c319c8a48320e22b8bfc3cc2c88207aa0d6d99
26745568849,Standalone example,push,completed,cancelled,2026-06-01T09:05:28Z,2026-06-01T09:05:41Z,13,20c319c8a48320e22b8bfc3cc2c88207aa0d6d99
26745568850,ci-1-core,push,completed,cancelled,2026-06-01T09:05:28Z,2026-06-01T09:05:39Z,11,20c319c8a48320e22b8bfc3cc2c88207aa0d6d99
26745568779,Style,push,completed,cancelled,2026-06-01T09:05:28Z,2026-06-01T09:05:45Z,17,20c319c8a48320e22b8bfc3cc2c88207aa0d6d99
26745561452,Spelling,push,completed,success,2026-06-01T09:05:18Z,2026-06-01T09:05:28Z,10,0eeee3dcd770cca45b780f2c34148d09db27408c
26745561381,Style,push,completed,cancelled,2026-06-01T09:05:18Z,2026-06-01T09:05:30Z,12,0eeee3dcd770cca45b780f2c34148d09db27408c
26745561369,ci-1-core,push,completed,cancelled,2026-06-01T09:05:18Z,2026-06-01T09:05:45Z,27,0eeee3dcd770cca45b780f2c34148d09db27408c
26745561295,ci-debug-ubuntu,push,completed,cancelled,2026-06-01T09:05:18Z,2026-06-01T09:05:46Z,28,0eeee3dcd770cca45b780f2c34148d09db27408c
26745561362,Pyrefly,push,completed,cancelled,2026-06-01T09:05:18Z,2026-06-01T09:05:44Z,26,0eeee3dcd770cca45b780f2c34148d09db27408c
26745561322,Mypy,push,completed,cancelled,2026-06-01T09:05:18Z,2026-06-01T09:05:45Z,27,0eeee3dcd770cca45b780f2c34148d09db27408c
26745561370,ci-no-onnx,push,completed,cancelled,2026-06-01T09:05:18Z,2026-06-01T09:05:45Z,27,0eeee3dcd770cca45b780f2c34148d09db27408c
26745561339,Standalone example,push,completed,cancelled,2026-06-01T09:05:18Z,2026-06-01T09:05:35Z,17,0eeee3dcd770cca45b780f2c34148d09db27408c
26745561372,clang-format,push,completed,cancelled,2026-06-01T09:05:18Z,2026-06-01T09:05:34Z,16,0eeee3dcd770cca45b780f2c34148d09db27408c
26745172067,Build,workflow_run,completed,action_required,2026-06-01T08:57:10Z,2026-06-01T08:57:10Z,0,d52ad4994465a9b5f32a4ce92ea863f5af596409
26745086047,Build,workflow_run,completed,cancelled,2026-06-01T08:55:19Z,2026-06-01T09:06:00Z,641,d52ad4994465a9b5f32a4ce92ea863f5af596409
26744999798,Build,workflow_run,completed,action_required,2026-06-01T08:53:32Z,2026-06-01T08:53:32Z,0,d52ad4994465a9b5f32a4ce92ea863f5af596409
26744960020,Spelling,pull_request,completed,success,2026-06-01T08:52:41Z,2026-06-01T09:06:36Z,835,584c7ad7a275377307ad3b2e4fd386df1d321591
26744959991,Style,pull_request,completed,success,2026-06-01T08:52:41Z,2026-06-01T09:06:34Z,833,584c7ad7a275377307ad3b2e4fd386df1d321591
26744959967,clang-format,pull_request,completed,success,2026-06-01T08:52:41Z,2026-06-01T09:06:47Z,846,584c7ad7a275377307ad3b2e4fd386df1d321591
26744960030,Pyrefly,pull_request,completed,success,2026-06-01T08:52:41Z,2026-06-01T09:13:34Z,1253,584c7ad7a275377307ad3b2e4fd386df1d321591
26744959970,Mypy,pull_request,completed,success,2026-06-01T08:52:41Z,2026-06-01T09:13:29Z,1248,584c7ad7a275377307ad3b2e4fd386df1d321591
26744959973,ci-no-onnx,pull_request,completed,success,2026-06-01T08:52:41Z,2026-06-01T09:13:58Z,1277,584c7ad7a275377307ad3b2e4fd386df1d321591
26744960021,Standalone example,pull_request,completed,success,2026-06-01T08:52:41Z,2026-06-01T09:14:18Z,1297,584c7ad7a275377307ad3b2e4fd386df1d321591
26744959962,ci-debug-ubuntu,pull_request,completed,success,2026-06-01T08:52:41Z,2026-06-01T09:16:04Z,1403,584c7ad7a275377307ad3b2e4fd386df1d321591
26744959963,ci-1-core,pull_request,completed,success,2026-06-01T08:52:41Z,2026-06-01T09:26:25Z,2024,584c7ad7a275377307ad3b2e4fd386df1d321591
26744952104,Build,workflow_run,completed,action_required,2026-06-01T08:52:31Z,2026-06-01T08:52:31Z,0,d52ad4994465a9b5f32a4ce92ea863f5af596409
26744830547,Build,workflow_run,completed,action_required,2026-06-01T08:50:01Z,2026-06-01T08:50:01Z,0,d52ad4994465a9b5f32a4ce92ea863f5af596409
26744764278,Spelling,pull_request,completed,action_required,2026-06-01T08:48:36Z,2026-06-01T08:48:36Z,0,f18ef9ca52efbb510eea266b93cea6faa8ec67fa
26744764286,ci-1-core,pull_request,completed,action_required,2026-06-01T08:48:36Z,2026-06-01T08:48:36Z,0,f18ef9ca52efbb510eea266b93cea6faa8ec67fa
26744764283,Pyrefly,pull_request,completed,action_required,2026-06-01T08:48:36Z,2026-06-01T08:48:36Z,0,f18ef9ca52efbb510eea266b93cea6faa8ec67fa
26744764345,ci-debug-ubuntu,pull_request,completed,action_required,2026-06-01T08:48:36Z,2026-06-01T08:48:36Z,0,f18ef9ca52efbb510eea266b93cea6faa8ec67fa
26744764356,Style,pull_request,completed,action_required,2026-06-01T08:48:36Z,2026-06-01T08:48:36Z,0,f18ef9ca52efbb510eea266b93cea6faa8ec67fa
26744764358,clang-format,pull_request,completed,action_required,2026-06-01T08:48:36Z,2026-06-01T08:48:36Z,0,f18ef9ca52efbb510eea266b93cea6faa8ec67fa
26744764354,Mypy,pull_request,completed,action_required,2026-06-01T08:48:36Z,2026-06-01T08:48:36Z,0,f18ef9ca52efbb510eea266b93cea6faa8ec67fa
26744764400,Standalone example,pull_request,completed,action_required,2026-06-01T08:48:36Z,2026-06-01T08:48:36Z,0,f18ef9ca52efbb510eea266b93cea6faa8ec67fa
26744764331,ci-no-onnx,pull_request,completed,action_required,2026-06-01T08:48:36Z,2026-06-01T08:48:36Z,0,f18ef9ca52efbb510eea266b93cea6faa8ec67fa
26744613868,coverage,schedule,completed,success,2026-06-01T08:45:26Z,2026-06-01T09:01:12Z,946,d52ad4994465a9b5f32a4ce92ea863f5af596409
26744493514,clang-format,pull_request,completed,success,2026-06-01T08:42:55Z,2026-06-01T09:06:24Z,1409,c0d2d3f85ec46bb24b8e76e8006d40a2a92abadb
26744493558,Spelling,pull_request,completed,success,2026-06-01T08:42:55Z,2026-06-01T09:06:25Z,1410,c0d2d3f85ec46bb24b8e76e8006d40a2a92abadb
26744493556,Style,pull_request,completed,success,2026-06-01T08:42:55Z,2026-06-01T09:06:21Z,1406,c0d2d3f85ec46bb24b8e76e8006d40a2a92abadb
26744493565,Pyrefly,pull_request,completed,success,2026-06-01T08:42:55Z,2026-06-01T09:13:11Z,1816,c0d2d3f85ec46bb24b8e76e8006d40a2a92abadb
26744493575,Mypy,pull_request,completed,success,2026-06-01T08:42:55Z,2026-06-01T09:13:15Z,1820,c0d2d3f85ec46bb24b8e76e8006d40a2a92abadb
26744493552,ci-no-onnx,pull_request,completed,success,2026-06-01T08:42:55Z,2026-06-01T09:13:23Z,1828,c0d2d3f85ec46bb24b8e76e8006d40a2a92abadb
26744493508,Standalone example,pull_request,completed,success,2026-06-01T08:42:55Z,2026-06-01T09:14:28Z,1893,c0d2d3f85ec46bb24b8e76e8006d40a2a92abadb
26744493559,ci-debug-ubuntu,pull_request,completed,success,2026-06-01T08:42:55Z,2026-06-01T09:16:24Z,2009,c0d2d3f85ec46bb24b8e76e8006d40a2a92abadb
26744493554,ci-1-core,pull_request,completed,success,2026-06-01T08:42:55Z,2026-06-01T09:29:42Z,2807,c0d2d3f85ec46bb24b8e76e8006d40a2a92abadb
26744187858,ci-1-core,pull_request,completed,action_required,2026-06-01T08:36:26Z,2026-06-01T08:36:26Z,0,1b6ac13e2b3b645069eee54b7e0295f0eb456245
26744187869,ci-no-onnx,pull_request,completed,action_required,2026-06-01T08:36:26Z,2026-06-01T08:36:26Z,0,1b6ac13e2b3b645069eee54b7e0295f0eb456245
26744187857,Mypy,pull_request,completed,action_required,2026-06-01T08:36:26Z,2026-06-01T08:36:26Z,0,1b6ac13e2b3b645069eee54b7e0295f0eb456245
26744187855,Spelling,pull_request,completed,action_required,2026-06-01T08:36:26Z,2026-06-01T08:36:26Z,0,1b6ac13e2b3b645069eee54b7e0295f0eb456245
26744187846,Style,pull_request,completed,action_required,2026-06-01T08:36:26Z,2026-06-01T08:36:26Z,0,1b6ac13e2b3b645069eee54b7e0295f0eb456245
26744187885,clang-format,pull_request,completed,action_required,2026-06-01T08:36:26Z,2026-06-01T08:36:26Z,0,1b6ac13e2b3b645069eee54b7e0295f0eb456245
26744187867,ci-debug-ubuntu,pull_request,completed,action_required,2026-06-01T08:36:26Z,2026-06-01T08:36:26Z,0,1b6ac13e2b3b645069eee54b7e0295f0eb456245
26744187849,Pyrefly,pull_request,completed,action_required,2026-06-01T08:36:26Z,2026-06-01T08:36:26Z,0,1b6ac13e2b3b645069eee54b7e0295f0eb456245
26744187884,Standalone example,pull_request,completed,action_required,2026-06-01T08:36:26Z,2026-06-01T08:36:26Z,0,1b6ac13e2b3b645069eee54b7e0295f0eb456245
26743775353,Spelling,push,completed,success,2026-06-01T08:27:13Z,2026-06-01T08:30:51Z,218,d52ad4994465a9b5f32a4ce92ea863f5af596409
26743775191,Style,push,completed,success,2026-06-01T08:27:13Z,2026-06-01T08:32:59Z,346,d52ad4994465a9b5f32a4ce92ea863f5af596409
26743775172,clang-format,push,completed,success,2026-06-01T08:27:13Z,2026-06-01T08:33:12Z,359,d52ad4994465a9b5f32a4ce92ea863f5af596409
26743775177,Standalone example,push,completed,success,2026-06-01T08:27:13Z,2026-06-01T08:38:17Z,664,d52ad4994465a9b5f32a4ce92ea863f5af596409
26743775253,Pyrefly,push,completed,success,2026-06-01T08:27:13Z,2026-06-01T08:38:40Z,687,d52ad4994465a9b5f32a4ce92ea863f5af596409
26743775187,Mypy,push,completed,success,2026-06-01T08:27:13Z,2026-06-01T08:39:37Z,744,d52ad4994465a9b5f32a4ce92ea863f5af596409
26743775354,ci-debug-ubuntu,push,completed,success,2026-06-01T08:27:13Z,2026-06-01T08:40:30Z,797,d52ad4994465a9b5f32a4ce92ea863f5af596409
26743775181,ci-no-onnx,push,completed,success,2026-06-01T08:27:13Z,2026-06-01T08:42:54Z,941,d52ad4994465a9b5f32a4ce92ea863f5af596409
26743775159,ci-1-core,push,completed,success,2026-06-01T08:27:13Z,2026-06-01T08:55:15Z,1682,d52ad4994465a9b5f32a4ce92ea863f5af596409
26743775161,Documentation,push,completed,failure,2026-06-01T08:27:13Z,2026-06-01T08:45:15Z,1082,d52ad4994465a9b5f32a4ce92ea863f5af596409
26743711102,Addressing comment on PR #1433,dynamic,completed,success,2026-06-01T08:25:42Z,2026-06-01T08:43:22Z,1060,87c3411c71b49d780b7ccc36cca19b54479262a2
26743703755,Build,workflow_run,completed,failure,2026-06-01T08:25:32Z,2026-06-01T08:33:41Z,489,7371bf250cc22eaacbc5c6d3ac1e9608c4f44365
26743624229,Addressing comment on PR #1437,dynamic,completed,success,2026-06-01T08:23:42Z,2026-06-01T08:53:20Z,1778,9c0488aacba65112f51d6b5b580cc4f103937bef
26743615563,Spelling,pull_request,completed,success,2026-06-01T08:23:30Z,2026-06-01T08:30:10Z,400,0105129dba6ebc135758cbb0dd8b330b9cda88a0
26743615459,Style,pull_request,completed,success,2026-06-01T08:23:30Z,2026-06-01T08:31:10Z,460,0105129dba6ebc135758cbb0dd8b330b9cda88a0
26743615638,clang-format,pull_request,completed,success,2026-06-01T08:23:30Z,2026-06-01T08:32:12Z,522,0105129dba6ebc135758cbb0dd8b330b9cda88a0
26743615467,Mypy,pull_request,completed,success,2026-06-01T08:23:30Z,2026-06-01T08:32:45Z,555,0105129dba6ebc135758cbb0dd8b330b9cda88a0
26743615458,ci-no-onnx,pull_request,completed,success,2026-06-01T08:23:30Z,2026-06-01T08:37:47Z,857,0105129dba6ebc135758cbb0dd8b330b9cda88a0
26743615470,Standalone example,pull_request,completed,success,2026-06-01T08:23:30Z,2026-06-01T08:38:01Z,871,0105129dba6ebc135758cbb0dd8b330b9cda88a0
26743615530,Pyrefly,pull_request,completed,success,2026-06-01T08:23:30Z,2026-06-01T08:38:19Z,889,0105129dba6ebc135758cbb0dd8b330b9cda88a0
26743615567,ci-debug-ubuntu,pull_request,completed,success,2026-06-01T08:23:30Z,2026-06-01T08:41:26Z,1076,0105129dba6ebc135758cbb0dd8b330b9cda88a0
26743615443,ci-1-core,pull_request,completed,success,2026-06-01T08:23:30Z,2026-06-01T08:57:07Z,2017,0105129dba6ebc135758cbb0dd8b330b9cda88a0
26743610557,Pyrefly,pull_request,completed,success,2026-06-01T08:23:23Z,2026-06-01T08:31:25Z,482,27945d2ff15c7d70581e0d7d6da8f00aa7c01a4a
26743610627,ci-no-onnx,pull_request,completed,success,2026-06-01T08:23:23Z,2026-06-01T08:32:01Z,518,27945d2ff15c7d70581e0d7d6da8f00aa7c01a4a
26743610587,Mypy,pull_request,completed,success,2026-06-01T08:23:23Z,2026-06-01T08:31:44Z,501,27945d2ff15c7d70581e0d7d6da8f00aa7c01a4a
26743610623,ci-debug-ubuntu,pull_request,completed,success,2026-06-01T08:23:23Z,2026-06-01T08:34:20Z,657,27945d2ff15c7d70581e0d7d6da8f00aa7c01a4a
26743610483,Spelling,pull_request,completed,success,2026-06-01T08:23:23Z,2026-06-01T08:24:32Z,69,27945d2ff15c7d70581e0d7d6da8f00aa7c01a4a
26743610555,clang-format,pull_request,completed,success,2026-06-01T08:23:23Z,2026-06-01T08:24:34Z,71,27945d2ff15c7d70581e0d7d6da8f00aa7c01a4a
26743610572,Style,pull_request,completed,success,2026-06-01T08:23:23Z,2026-06-01T08:24:40Z,77,27945d2ff15c7d70581e0d7d6da8f00aa7c01a4a
26743610563,Standalone example,pull_request,completed,success,2026-06-01T08:23:23Z,2026-06-01T08:38:10Z,887,27945d2ff15c7d70581e0d7d6da8f00aa7c01a4a
26743610534,ci-1-core,pull_request,completed,success,2026-06-01T08:23:23Z,2026-06-01T08:52:28Z,1745,27945d2ff15c7d70581e0d7d6da8f00aa7c01a4a
26743597972,Build,workflow_run,completed,action_required,2026-06-01T08:23:06Z,2026-06-01T08:23:06Z,0,7371bf250cc22eaacbc5c6d3ac1e9608c4f44365
26743593416,Addressing comment on PR #1435,dynamic,completed,success,2026-06-01T08:22:59Z,2026-06-01T08:36:39Z,820,cb8633e9516667cf0b959c5ceab7e87aff914b0f
26743381884,Pyrefly,pull_request,completed,success,2026-06-01T08:18:07Z,2026-06-01T08:29:56Z,709,a4ca8b6b53fc367f7b23bb3aeed3438c5ac25019
26743381820,Mypy,pull_request,completed,success,2026-06-01T08:18:07Z,2026-06-01T08:30:43Z,756,a4ca8b6b53fc367f7b23bb3aeed3438c5ac25019
26743381847,ci-no-onnx,pull_request,completed,success,2026-06-01T08:18:07Z,2026-06-01T08:30:41Z,754,a4ca8b6b53fc367f7b23bb3aeed3438c5ac25019
26743381816,Standalone example,pull_request,completed,success,2026-06-01T08:18:07Z,2026-06-01T08:30:49Z,762,a4ca8b6b53fc367f7b23bb3aeed3438c5ac25019
26743381831,ci-debug-ubuntu,pull_request,completed,success,2026-06-01T08:18:07Z,2026-06-01T08:32:50Z,883,a4ca8b6b53fc367f7b23bb3aeed3438c5ac25019
26743381851,Spelling,pull_request,completed,success,2026-06-01T08:18:07Z,2026-06-01T08:22:52Z,285,a4ca8b6b53fc367f7b23bb3aeed3438c5ac25019
26743381810,Style,pull_request,completed,success,2026-06-01T08:18:07Z,2026-06-01T08:22:54Z,287,a4ca8b6b53fc367f7b23bb3aeed3438c5ac25019
26743381874,clang-format,pull_request,completed,success,2026-06-01T08:18:07Z,2026-06-01T08:22:55Z,288,a4ca8b6b53fc367f7b23bb3aeed3438c5ac25019
26743381836,ci-1-core,pull_request,completed,success,2026-06-01T08:18:07Z,2026-06-01T08:49:58Z,1911,a4ca8b6b53fc367f7b23bb3aeed3438c5ac25019
26743039474,ci-no-onnx,pull_request,completed,success,2026-06-01T08:10:17Z,2026-06-01T08:30:00Z,1183,e269d19427291732603e070e1b50f879485ffeb1
26743039532,ci-debug-ubuntu,pull_request,completed,success,2026-06-01T08:10:17Z,2026-06-01T08:30:10Z,1193,e269d19427291732603e070e1b50f879485ffeb1
26743039444,Mypy,pull_request,completed,success,2026-06-01T08:10:17Z,2026-06-01T08:31:00Z,1243,e269d19427291732603e070e1b50f879485ffeb1
26743039533,Pyrefly,pull_request,completed,success,2026-06-01T08:10:17Z,2026-06-01T08:30:53Z,1236,e269d19427291732603e070e1b50f879485ffeb1
26743039441,Standalone example,pull_request,completed,success,2026-06-01T08:10:17Z,2026-06-01T08:31:41Z,1284,e269d19427291732603e070e1b50f879485ffeb1
26743039469,Spelling,pull_request,completed,success,2026-06-01T08:10:17Z,2026-06-01T08:24:00Z,823,e269d19427291732603e070e1b50f879485ffeb1
26743039443,Style,pull_request,completed,success,2026-06-01T08:10:17Z,2026-06-01T08:24:01Z,824,e269d19427291732603e070e1b50f879485ffeb1
26743039504,clang-format,pull_request,completed,success,2026-06-01T08:10:17Z,2026-06-01T08:24:08Z,831,e269d19427291732603e070e1b50f879485ffeb1
26743039435,ci-1-core,pull_request,completed,success,2026-06-01T08:10:17Z,2026-06-01T08:53:28Z,2591,e269d19427291732603e070e1b50f879485ffeb1
26743024020,Running Copilot cloud agent,dynamic,completed,success,2026-06-01T08:09:56Z,2026-06-01T08:24:09Z,853,2b301c4a7d29e10e80027dcd3b5b5e73c5fdc6ba
26742994983,Build,workflow_run,completed,action_required,2026-06-01T08:09:15Z,2026-06-01T08:09:15Z,0,7371bf250cc22eaacbc5c6d3ac1e9608c4f44365
26742951100,ci-1-core,pull_request,completed,action_required,2026-06-01T08:08:11Z,2026-06-01T08:08:11Z,0,9c0488aacba65112f51d6b5b580cc4f103937bef
26742951171,Standalone example,pull_request,completed,action_required,2026-06-01T08:08:11Z,2026-06-01T08:08:11Z,0,9c0488aacba65112f51d6b5b580cc4f103937bef
26742951205,ci-debug-ubuntu,pull_request,completed,action_required,2026-06-01T08:08:11Z,2026-06-01T08:08:11Z,0,9c0488aacba65112f51d6b5b580cc4f103937bef
26742951156,Mypy,pull_request,completed,action_required,2026-06-01T08:08:11Z,2026-06-01T08:08:11Z,0,9c0488aacba65112f51d6b5b580cc4f103937bef
26742951212,clang-format,pull_request,completed,action_required,2026-06-01T08:08:11Z,2026-06-01T08:08:11Z,0,9c0488aacba65112f51d6b5b580cc4f103937bef
26742951191,Pyrefly,pull_request,completed,action_required,2026-06-01T08:08:11Z,2026-06-01T08:08:11Z,0,9c0488aacba65112f51d6b5b580cc4f103937bef
26742951250,Spelling,pull_request,completed,action_required,2026-06-01T08:08:11Z,2026-06-01T08:08:11Z,0,9c0488aacba65112f51d6b5b580cc4f103937bef
26742951115,Style,pull_request,completed,action_required,2026-06-01T08:08:11Z,2026-06-01T08:08:11Z,0,9c0488aacba65112f51d6b5b580cc4f103937bef
26742951190,ci-no-onnx,pull_request,completed,action_required,2026-06-01T08:08:11Z,2026-06-01T08:08:11Z,0,9c0488aacba65112f51d6b5b580cc4f103937bef
26742598788,Addressing comment on PR #1437,dynamic,completed,success,2026-06-01T08:00:04Z,2026-06-01T08:08:37Z,513,e7b3314736738e1e1cc28f26053a0ff3c2615040
26742571507,Addressing comment on PR #1434,dynamic,completed,success,2026-06-01T07:59:27Z,2026-06-01T08:18:24Z,1137,7adc9e79ff89d00389d1115e1f98675f2851968d
26742523167,Build,workflow_run,completed,skipped,2026-06-01T07:58:20Z,2026-06-01T07:58:22Z,2,7371bf250cc22eaacbc5c6d3ac1e9608c4f44365
26742509506,clang-format,push,completed,success,2026-06-01T07:58:02Z,2026-06-01T07:58:17Z,15,7371bf250cc22eaacbc5c6d3ac1e9608c4f44365
26742509493,Style,push,completed,success,2026-06-01T07:58:02Z,2026-06-01T07:58:13Z,11,7371bf250cc22eaacbc5c6d3ac1e9608c4f44365
26742509511,Spelling,push,completed,success,2026-06-01T07:58:02Z,2026-06-01T07:58:13Z,11,7371bf250cc22eaacbc5c6d3ac1e9608c4f44365
26742509507,Mypy,push,completed,success,2026-06-01T07:58:02Z,2026-06-01T08:05:31Z,449,7371bf250cc22eaacbc5c6d3ac1e9608c4f44365
26742509500,ci-no-onnx,push,completed,success,2026-06-01T07:58:02Z,2026-06-01T08:05:38Z,456,7371bf250cc22eaacbc5c6d3ac1e9608c4f44365
26742509525,Pyrefly,push,completed,success,2026-06-01T07:58:02Z,2026-06-01T08:05:53Z,471,7371bf250cc22eaacbc5c6d3ac1e9608c4f44365
26742509487,Standalone example,push,completed,success,2026-06-01T07:58:02Z,2026-06-01T08:06:26Z,504,7371bf250cc22eaacbc5c6d3ac1e9608c4f44365
26742509488,ci-1-core,push,completed,success,2026-06-01T07:58:02Z,2026-06-01T08:25:27Z,1645,7371bf250cc22eaacbc5c6d3ac1e9608c4f44365
26742509508,ci-debug-ubuntu,push,completed,success,2026-06-01T07:58:02Z,2026-06-01T08:08:06Z,604,7371bf250cc22eaacbc5c6d3ac1e9608c4f44365
26742480817,Build,workflow_run,completed,skipped,2026-06-01T07:57:22Z,2026-06-01T07:57:39Z,17,2e96938841dfbe10a2c316077c7b6cc18c61a65d
26742479205,Build,workflow_run,completed,cancelled,2026-06-01T07:57:20Z,2026-06-01T07:57:23Z,3,2e96938841dfbe10a2c316077c7b6cc18c61a65d
26742475901,Spelling,push,completed,success,2026-06-01T07:57:15Z,2026-06-01T07:57:26Z,11,2e96938841dfbe10a2c316077c7b6cc18c61a65d
26742475964,clang-format,push,completed,success,2026-06-01T07:57:15Z,2026-06-01T07:57:30Z,15,2e96938841dfbe10a2c316077c7b6cc18c61a65d
26742475939,Style,push,completed,success,2026-06-01T07:57:15Z,2026-06-01T07:57:24Z,9,2e96938841dfbe10a2c316077c7b6cc18c61a65d
26742475912,Standalone example,push,completed,cancelled,2026-06-01T07:57:15Z,2026-06-01T07:58:18Z,63,2e96938841dfbe10a2c316077c7b6cc18c61a65d
26742475913,ci-no-onnx,push,completed,cancelled,2026-06-01T07:57:15Z,2026-06-01T07:58:18Z,63,2e96938841dfbe10a2c316077c7b6cc18c61a65d
26742475909,ci-1-core,push,completed,cancelled,2026-06-01T07:57:15Z,2026-06-01T07:58:18Z,63,2e96938841dfbe10a2c316077c7b6cc18c61a65d
26742475899,Pyrefly,push,completed,cancelled,2026-06-01T07:57:15Z,2026-06-01T07:58:19Z,64,2e96938841dfbe10a2c316077c7b6cc18c61a65d
26742475930,ci-debug-ubuntu,push,completed,cancelled,2026-06-01T07:57:15Z,2026-06-01T07:58:19Z,64,2e96938841dfbe10a2c316077c7b6cc18c61a65d
26742475954,Mypy,push,completed,cancelled,2026-06-01T07:57:15Z,2026-06-01T07:58:19Z,64,2e96938841dfbe10a2c316077c7b6cc18c61a65d
26742467916,Style,push,completed,success,2026-06-01T07:57:04Z,2026-06-01T07:57:13Z,9,53a0a25ad2045fc16d1cab5c18d1a5858f698c4b
26742467913,Spelling,push,completed,success,2026-06-01T07:57:04Z,2026-06-01T07:57:15Z,11,53a0a25ad2045fc16d1cab5c18d1a5858f698c4b
26742467909,Pyrefly,push,completed,cancelled,2026-06-01T07:57:04Z,2026-06-01T07:57:16Z,12,53a0a25ad2045fc16d1cab5c18d1a5858f698c4b
26742467934,Standalone example,push,completed,cancelled,2026-06-01T07:57:04Z,2026-06-01T07:57:16Z,12,53a0a25ad2045fc16d1cab5c18d1a5858f698c4b
26742467942,ci-1-core,push,completed,cancelled,2026-06-01T07:57:04Z,2026-06-01T07:57:16Z,12,53a0a25ad2045fc16d1cab5c18d1a5858f698c4b
26742467933,ci-debug-ubuntu,push,completed,cancelled,2026-06-01T07:57:04Z,2026-06-01T07:57:16Z,12,53a0a25ad2045fc16d1cab5c18d1a5858f698c4b
26742467980,ci-no-onnx,push,completed,cancelled,2026-06-01T07:57:04Z,2026-06-01T07:57:16Z,12,53a0a25ad2045fc16d1cab5c18d1a5858f698c4b
26742467910,clang-format,push,completed,success,2026-06-01T07:57:04Z,2026-06-01T07:57:16Z,12,53a0a25ad2045fc16d1cab5c18d1a5858f698c4b
26742467962,Mypy,push,completed,cancelled,2026-06-01T07:57:04Z,2026-06-01T07:57:16Z,12,53a0a25ad2045fc16d1cab5c18d1a5858f698c4b
26742456186,Spelling,push,completed,success,2026-06-01T07:56:47Z,2026-06-01T07:57:01Z,14,d413732eded6fdfaf5f487e27722224ebde5bfd6
26742456208,Style,push,completed,success,2026-06-01T07:56:47Z,2026-06-01T07:56:58Z,11,d413732eded6fdfaf5f487e27722224ebde5bfd6
26742456221,clang-format,push,completed,success,2026-06-01T07:56:47Z,2026-06-01T07:57:00Z,13,d413732eded6fdfaf5f487e27722224ebde5bfd6
26742456190,Mypy,push,completed,cancelled,2026-06-01T07:56:47Z,2026-06-01T07:57:21Z,34,d413732eded6fdfaf5f487e27722224ebde5bfd6
26742456236,Pyrefly,push,completed,cancelled,2026-06-01T07:56:47Z,2026-06-01T07:57:21Z,34,d413732eded6fdfaf5f487e27722224ebde5bfd6
26742456212,Standalone example,push,completed,cancelled,2026-06-01T07:56:47Z,2026-06-01T07:57:19Z,32,d413732eded6fdfaf5f487e27722224ebde5bfd6
26742456195,ci-no-onnx,push,completed,cancelled,2026-06-01T07:56:47Z,2026-06-01T07:57:19Z,32,d413732eded6fdfaf5f487e27722224ebde5bfd6
26742456229,ci-debug-ubuntu,push,completed,cancelled,2026-06-01T07:56:47Z,2026-06-01T07:57:20Z,33,d413732eded6fdfaf5f487e27722224ebde5bfd6
26742456210,ci-1-core,push,completed,cancelled,2026-06-01T07:56:47Z,2026-06-01T07:57:20Z,33,d413732eded6fdfaf5f487e27722224ebde5bfd6
26742447743,Build,workflow_run,completed,action_required,2026-06-01T07:56:35Z,2026-06-01T07:56:35Z,0,4b05629bfe35da94896bff4469de0ad7fbbb6d84
26742427774,Build,workflow_run,completed,action_required,2026-06-01T07:56:08Z,2026-06-01T07:56:08Z,0,4b05629bfe35da94896bff4469de0ad7fbbb6d84
26742322163,Build,workflow_run,completed,action_required,2026-06-01T07:53:39Z,2026-06-01T07:53:39Z,0,4b05629bfe35da94896bff4469de0ad7fbbb6d84
26742309146,ci-1-core,pull_request,completed,action_required,2026-06-01T07:53:21Z,2026-06-01T07:53:21Z,0,cb8633e9516667cf0b959c5ceab7e87aff914b0f
26742309043,Mypy,pull_request,completed,action_required,2026-06-01T07:53:20Z,2026-06-01T07:53:20Z,0,cb8633e9516667cf0b959c5ceab7e87aff914b0f
26742309054,Style,pull_request,completed,action_required,2026-06-01T07:53:20Z,2026-06-01T07:53:20Z,0,cb8633e9516667cf0b959c5ceab7e87aff914b0f
26742309068,Pyrefly,pull_request,completed,action_required,2026-06-01T07:53:20Z,2026-06-01T07:53:20Z,0,cb8633e9516667cf0b959c5ceab7e87aff914b0f
26742309076,clang-format,pull_request,completed,action_required,2026-06-01T07:53:20Z,2026-06-01T07:53:20Z,0,cb8633e9516667cf0b959c5ceab7e87aff914b0f
26742309074,Spelling,pull_request,completed,action_required,2026-06-01T07:53:20Z,2026-06-01T07:53:20Z,0,cb8633e9516667cf0b959c5ceab7e87aff914b0f
26742309077,Standalone example,pull_request,completed,action_required,2026-06-01T07:53:20Z,2026-06-01T07:53:20Z,0,cb8633e9516667cf0b959c5ceab7e87aff914b0f
26742309061,ci-no-onnx,pull_request,completed,action_required,2026-06-01T07:53:20Z,2026-06-01T07:53:20Z,0,cb8633e9516667cf0b959c5ceab7e87aff914b0f
26742309106,ci-debug-ubuntu,pull_request,completed,action_required,2026-06-01T07:53:20Z,2026-06-01T07:53:20Z,0,cb8633e9516667cf0b959c5ceab7e87aff914b0f
26742296518,Build,workflow_run,completed,action_required,2026-06-01T07:53:03Z,2026-06-01T07:53:03Z,0,4b05629bfe35da94896bff4469de0ad7fbbb6d84
26742242109,Pyrefly,pull_request,completed,success,2026-06-01T07:51:46Z,2026-06-01T08:05:47Z,841,87c3411c71b49d780b7ccc36cca19b54479262a2
26742242115,clang-format,pull_request,completed,success,2026-06-01T07:51:46Z,2026-06-01T08:05:51Z,845,87c3411c71b49d780b7ccc36cca19b54479262a2
26742242190,Style,pull_request,completed,success,2026-06-01T07:51:46Z,2026-06-01T08:05:56Z,850,87c3411c71b49d780b7ccc36cca19b54479262a2
26742242158,Spelling,pull_request,completed,success,2026-06-01T07:51:46Z,2026-06-01T08:05:58Z,852,87c3411c71b49d780b7ccc36cca19b54479262a2
26742242118,Standalone example,pull_request,completed,success,2026-06-01T07:51:46Z,2026-06-01T08:06:51Z,905,87c3411c71b49d780b7ccc36cca19b54479262a2
26742242129,ci-debug-ubuntu,pull_request,completed,failure,2026-06-01T07:51:46Z,2026-06-01T08:08:55Z,1029,87c3411c71b49d780b7ccc36cca19b54479262a2
26742242138,ci-1-core,pull_request,completed,failure,2026-06-01T07:51:46Z,2026-06-01T08:09:12Z,1046,87c3411c71b49d780b7ccc36cca19b54479262a2
26742242167,Mypy,pull_request,completed,success,2026-06-01T07:51:46Z,2026-06-01T08:12:49Z,1263,87c3411c71b49d780b7ccc36cca19b54479262a2
26742242100,ci-no-onnx,pull_request,completed,failure,2026-06-01T07:51:46Z,2026-06-01T08:13:16Z,1290,87c3411c71b49d780b7ccc36cca19b54479262a2
26742229263,Running Copilot cloud agent,dynamic,completed,success,2026-06-01T07:51:28Z,2026-06-01T08:10:50Z,1162,890f7f97a1271a4ba1b4135481be980c5de48535
26742187574,Style,pull_request,completed,success,2026-06-01T07:50:30Z,2026-06-01T07:58:47Z,497,cd72ede4aced1982257418d38f7b64c92674b839
26742187589,clang-format,pull_request,completed,success,2026-06-01T07:50:30Z,2026-06-01T07:58:49Z,499,cd72ede4aced1982257418d38f7b64c92674b839
26742187575,Spelling,pull_request,completed,success,2026-06-01T07:50:30Z,2026-06-01T07:58:50Z,500,cd72ede4aced1982257418d38f7b64c92674b839
26742187547,Mypy,pull_request,completed,success,2026-06-01T07:50:30Z,2026-06-01T08:05:47Z,917,cd72ede4aced1982257418d38f7b64c92674b839
26742187546,ci-no-onnx,pull_request,completed,success,2026-06-01T07:50:30Z,2026-06-01T08:05:36Z,906,cd72ede4aced1982257418d38f7b64c92674b839
26742187554,Pyrefly,pull_request,completed,success,2026-06-01T07:50:30Z,2026-06-01T08:05:55Z,925,cd72ede4aced1982257418d38f7b64c92674b839
26742187533,ci-debug-ubuntu,pull_request,completed,success,2026-06-01T07:50:30Z,2026-06-01T08:06:23Z,953,cd72ede4aced1982257418d38f7b64c92674b839
26742187582,ci-1-core,pull_request,completed,success,2026-06-01T07:50:30Z,2026-06-01T08:23:03Z,1953,cd72ede4aced1982257418d38f7b64c92674b839
26742187549,Standalone example,pull_request,completed,success,2026-06-01T07:50:30Z,2026-06-01T08:06:22Z,952,cd72ede4aced1982257418d38f7b64c92674b839
26742187542,Documentation,pull_request,completed,failure,2026-06-01T07:50:30Z,2026-06-01T08:09:35Z,1145,cd72ede4aced1982257418d38f7b64c92674b839
26742129188,Running Copilot cloud agent,dynamic,completed,success,2026-06-01T07:49:09Z,2026-06-01T08:23:49Z,2080,df2063ea828466a87dbfe3a3111d615eb226d614
26742117046,Addressing comment on PR #1431,dynamic,completed,success,2026-06-01T07:48:51Z,2026-06-01T07:50:41Z,110,68c95a1c674599cf164fdf1bfbf5434f6238c77e
26742071826,Mypy,pull_request,completed,action_required,2026-06-01T07:47:49Z,2026-06-01T07:47:49Z,0,e7b3314736738e1e1cc28f26053a0ff3c2615040
26742071846,ci-debug-ubuntu,pull_request,completed,action_required,2026-06-01T07:47:49Z,2026-06-01T07:47:49Z,0,e7b3314736738e1e1cc28f26053a0ff3c2615040
26742071855,Standalone example,pull_request,completed,action_required,2026-06-01T07:47:49Z,2026-06-01T07:47:49Z,0,e7b3314736738e1e1cc28f26053a0ff3c2615040
26742071839,Pyrefly,pull_request,completed,action_required,2026-06-01T07:47:49Z,2026-06-01T07:47:49Z,0,e7b3314736738e1e1cc28f26053a0ff3c2615040
26742071835,ci-no-onnx,pull_request,completed,action_required,2026-06-01T07:47:49Z,2026-06-01T07:47:49Z,0,e7b3314736738e1e1cc28f26053a0ff3c2615040
26742071869,Spelling,pull_request,completed,action_required,2026-06-01T07:47:49Z,2026-06-01T07:47:49Z,0,e7b3314736738e1e1cc28f26053a0ff3c2615040
26742071854,ci-1-core,pull_request,completed,action_required,2026-06-01T07:47:49Z,2026-06-01T07:47:49Z,0,e7b3314736738e1e1cc28f26053a0ff3c2615040
26742071830,clang-format,pull_request,completed,action_required,2026-06-01T07:47:49Z,2026-06-01T07:47:49Z,0,e7b3314736738e1e1cc28f26053a0ff3c2615040
26742071851,Style,pull_request,completed,action_required,2026-06-01T07:47:49Z,2026-06-01T07:47:49Z,0,e7b3314736738e1e1cc28f26053a0ff3c2615040
26742044088,Build,workflow_run,completed,failure,2026-06-01T07:47:08Z,2026-06-01T08:14:43Z,1655,4b05629bfe35da94896bff4469de0ad7fbbb6d84
26741445194,Build,workflow_run,completed,cancelled,2026-06-01T07:33:05Z,2026-06-01T07:57:38Z,1473,4b05629bfe35da94896bff4469de0ad7fbbb6d84
26741381175,ci-no-onnx,pull_request,completed,action_required,2026-06-01T07:31:31Z,2026-06-01T07:31:31Z,0,f0b7743e691aa7f1359093c492e50d7c6f09f9cc
26741381198,ci-1-core,pull_request,completed,action_required,2026-06-01T07:31:31Z,2026-06-01T07:31:31Z,0,f0b7743e691aa7f1359093c492e50d7c6f09f9cc
26741381212,Mypy,pull_request,completed,action_required,2026-06-01T07:31:31Z,2026-06-01T07:31:31Z,0,f0b7743e691aa7f1359093c492e50d7c6f09f9cc
26741381221,Style,pull_request,completed,action_required,2026-06-01T07:31:31Z,2026-06-01T07:31:31Z,0,f0b7743e691aa7f1359093c492e50d7c6f09f9cc
26741381183,clang-format,pull_request,completed,action_required,2026-06-01T07:31:31Z,2026-06-01T07:31:31Z,0,f0b7743e691aa7f1359093c492e50d7c6f09f9cc
26741381235,Spelling,pull_request,completed,action_required,2026-06-01T07:31:31Z,2026-06-01T07:31:31Z,0,f0b7743e691aa7f1359093c492e50d7c6f09f9cc
26741381239,Pyrefly,pull_request,completed,action_required,2026-06-01T07:31:31Z,2026-06-01T07:31:31Z,0,f0b7743e691aa7f1359093c492e50d7c6f09f9cc
26741381218,Standalone example,pull_request,completed,action_required,2026-06-01T07:31:31Z,2026-06-01T07:31:31Z,0,f0b7743e691aa7f1359093c492e50d7c6f09f9cc
26741381272,ci-debug-ubuntu,pull_request,completed,action_required,2026-06-01T07:31:31Z,2026-06-01T07:31:31Z,0,f0b7743e691aa7f1359093c492e50d7c6f09f9cc
26741380298,Running Copilot cloud agent,dynamic,completed,success,2026-06-01T07:31:29Z,2026-06-01T07:48:46Z,1037,f0b7743e691aa7f1359093c492e50d7c6f09f9cc
26741074523,Mypy,pull_request,completed,action_required,2026-06-01T07:24:11Z,2026-06-01T07:24:11Z,0,bb6ed4d643e6d975b922dcfbf421715c78a64742
26741074291,ci-no-onnx,pull_request,completed,action_required,2026-06-01T07:24:10Z,2026-06-01T07:24:10Z,0,bb6ed4d643e6d975b922dcfbf421715c78a64742
26741074286,Pyrefly,pull_request,completed,action_required,2026-06-01T07:24:10Z,2026-06-01T07:24:10Z,0,bb6ed4d643e6d975b922dcfbf421715c78a64742
26741074318,clang-format,pull_request,completed,action_required,2026-06-01T07:24:10Z,2026-06-01T07:24:10Z,0,bb6ed4d643e6d975b922dcfbf421715c78a64742
26741074310,ci-debug-ubuntu,pull_request,completed,action_required,2026-06-01T07:24:10Z,2026-06-01T07:24:10Z,0,bb6ed4d643e6d975b922dcfbf421715c78a64742
26741074317,Style,pull_request,completed,action_required,2026-06-01T07:24:10Z,2026-06-01T07:24:10Z,0,bb6ed4d643e6d975b922dcfbf421715c78a64742
26741074375,Standalone example,pull_request,completed,action_required,2026-06-01T07:24:10Z,2026-06-01T07:24:10Z,0,bb6ed4d643e6d975b922dcfbf421715c78a64742
26741074432,ci-1-core,pull_request,completed,action_required,2026-06-01T07:24:10Z,2026-06-01T07:24:10Z,0,bb6ed4d643e6d975b922dcfbf421715c78a64742
26741074435,Spelling,pull_request,completed,action_required,2026-06-01T07:24:10Z,2026-06-01T07:24:10Z,0,bb6ed4d643e6d975b922dcfbf421715c78a64742
26741073971,Running Copilot cloud agent,dynamic,completed,success,2026-06-01T07:24:10Z,2026-06-01T07:57:04Z,1974,bb6ed4d643e6d975b922dcfbf421715c78a64742
26741066816,Running Copilot cloud agent,dynamic,completed,success,2026-06-01T07:23:59Z,2026-06-01T07:48:52Z,1493,4ffb292c2cf156c8bbac7e783c5544f16b67ce98
26741059946,Running Copilot cloud agent,dynamic,completed,success,2026-06-01T07:23:49Z,2026-06-01T07:52:15Z,1706,73bde28a1482368f610d125ccb0838bd82d92ce4
26741060348,ci-debug-ubuntu,pull_request,completed,action_required,2026-06-01T07:23:49Z,2026-06-01T07:23:49Z,0,73bde28a1482368f610d125ccb0838bd82d92ce4
26741060365,ci-no-onnx,pull_request,completed,action_required,2026-06-01T07:23:49Z,2026-06-01T07:23:49Z,0,73bde28a1482368f610d125ccb0838bd82d92ce4
26741060382,Mypy,pull_request,completed,action_required,2026-06-01T07:23:49Z,2026-06-01T07:23:49Z,0,73bde28a1482368f610d125ccb0838bd82d92ce4
26741060356,Standalone example,pull_request,completed,action_required,2026-06-01T07:23:49Z,2026-06-01T07:23:49Z,0,73bde28a1482368f610d125ccb0838bd82d92ce4
26741060366,Pyrefly,pull_request,completed,action_required,2026-06-01T07:23:49Z,2026-06-01T07:23:49Z,0,73bde28a1482368f610d125ccb0838bd82d92ce4
26741060369,ci-1-core,pull_request,completed,action_required,2026-06-01T07:23:49Z,2026-06-01T07:23:49Z,0,73bde28a1482368f610d125ccb0838bd82d92ce4
26741060372,clang-format,pull_request,completed,action_required,2026-06-01T07:23:49Z,2026-06-01T07:23:49Z,0,73bde28a1482368f610d125ccb0838bd82d92ce4
26741060370,Style,pull_request,completed,action_required,2026-06-01T07:23:49Z,2026-06-01T07:23:49Z,0,73bde28a1482368f610d125ccb0838bd82d92ce4
26741060399,Spelling,pull_request,completed,action_required,2026-06-01T07:23:49Z,2026-06-01T07:23:49Z,0,73bde28a1482368f610d125ccb0838bd82d92ce4
26741022970,Build,workflow_run,completed,skipped,2026-06-01T07:22:54Z,2026-06-01T07:23:11Z,17,4b05629bfe35da94896bff4469de0ad7fbbb6d84
26741010636,Standalone example,push,completed,success,2026-06-01T07:22:35Z,2026-06-01T07:28:51Z,376,4b05629bfe35da94896bff4469de0ad7fbbb6d84
26741010629,ci-no-onnx,push,completed,success,2026-06-01T07:22:35Z,2026-06-01T07:29:33Z,418,4b05629bfe35da94896bff4469de0ad7fbbb6d84
26741010649,Pyrefly,push,completed,success,2026-06-01T07:22:35Z,2026-06-01T07:29:50Z,435,4b05629bfe35da94896bff4469de0ad7fbbb6d84
26741010605,Mypy,push,completed,success,2026-06-01T07:22:35Z,2026-06-01T07:30:12Z,457,4b05629bfe35da94896bff4469de0ad7fbbb6d84
26741010619,ci-debug-ubuntu,push,completed,success,2026-06-01T07:22:35Z,2026-06-01T07:33:11Z,636,4b05629bfe35da94896bff4469de0ad7fbbb6d84
26741010641,ci-1-core,push,completed,success,2026-06-01T07:22:35Z,2026-06-01T07:33:03Z,628,4b05629bfe35da94896bff4469de0ad7fbbb6d84
26741010633,Spelling,push,completed,success,2026-06-01T07:22:35Z,2026-06-01T07:22:45Z,10,4b05629bfe35da94896bff4469de0ad7fbbb6d84
26741010612,Style,push,completed,success,2026-06-01T07:22:35Z,2026-06-01T07:22:46Z,11,4b05629bfe35da94896bff4469de0ad7fbbb6d84
26741010652,clang-format,push,completed,success,2026-06-01T07:22:35Z,2026-06-01T07:22:49Z,14,4b05629bfe35da94896bff4469de0ad7fbbb6d84
26740997480,clang-format,push,completed,success,2026-06-01T07:22:14Z,2026-06-01T07:22:29Z,15,26f82a156b528d2e116fe294496401ebc9875ddf
26740997489,Style,push,completed,success,2026-06-01T07:22:14Z,2026-06-01T07:22:25Z,11,26f82a156b528d2e116fe294496401ebc9875ddf
26740997542,Spelling,push,completed,success,2026-06-01T07:22:14Z,2026-06-01T07:22:25Z,11,26f82a156b528d2e116fe294496401ebc9875ddf
26740997447,Pyrefly,push,completed,cancelled,2026-06-01T07:22:14Z,2026-06-01T07:22:51Z,37,26f82a156b528d2e116fe294496401ebc9875ddf
26740997461,ci-1-core,push,completed,cancelled,2026-06-01T07:22:14Z,2026-06-01T07:22:52Z,38,26f82a156b528d2e116fe294496401ebc9875ddf
26740997487,Standalone example,push,completed,cancelled,2026-06-01T07:22:14Z,2026-06-01T07:22:52Z,38,26f82a156b528d2e116fe294496401ebc9875ddf
26740997445,ci-no-onnx,push,completed,cancelled,2026-06-01T07:22:14Z,2026-06-01T07:22:52Z,38,26f82a156b528d2e116fe294496401ebc9875ddf
26740997435,ci-debug-ubuntu,push,completed,cancelled,2026-06-01T07:22:14Z,2026-06-01T07:22:52Z,38,26f82a156b528d2e116fe294496401ebc9875ddf
26740997441,Mypy,push,completed,cancelled,2026-06-01T07:22:14Z,2026-06-01T07:22:52Z,38,26f82a156b528d2e116fe294496401ebc9875ddf
26740992797,ci-1-core,pull_request,completed,success,2026-06-01T07:22:07Z,2026-06-01T07:47:06Z,1499,8dc7e7a9c2fc13d092185d0ce7693d937a376320
26740992795,ci-no-onnx,pull_request,completed,success,2026-06-01T07:22:07Z,2026-06-01T07:29:07Z,420,8dc7e7a9c2fc13d092185d0ce7693d937a376320
26740992764,Mypy,pull_request,completed,success,2026-06-01T07:22:07Z,2026-06-01T07:29:26Z,439,8dc7e7a9c2fc13d092185d0ce7693d937a376320
26740992782,Pyrefly,pull_request,completed,success,2026-06-01T07:22:07Z,2026-06-01T07:29:15Z,428,8dc7e7a9c2fc13d092185d0ce7693d937a376320
26740992786,Standalone example,pull_request,completed,success,2026-06-01T07:22:07Z,2026-06-01T07:29:44Z,457,8dc7e7a9c2fc13d092185d0ce7693d937a376320
26740992864,ci-debug-ubuntu,pull_request,completed,success,2026-06-01T07:22:07Z,2026-06-01T07:31:16Z,549,8dc7e7a9c2fc13d092185d0ce7693d937a376320
26740992846,Style,pull_request,completed,success,2026-06-01T07:22:07Z,2026-06-01T07:22:17Z,10,8dc7e7a9c2fc13d092185d0ce7693d937a376320
26740992806,Spelling,pull_request,completed,success,2026-06-01T07:22:07Z,2026-06-01T07:22:18Z,11,8dc7e7a9c2fc13d092185d0ce7693d937a376320
26740992818,clang-format,pull_request,completed,success,2026-06-01T07:22:07Z,2026-06-01T07:22:20Z,13,8dc7e7a9c2fc13d092185d0ce7693d937a376320
26740869198,Pyrefly,pull_request,completed,success,2026-06-01T07:19:03Z,2026-06-01T07:29:46Z,643,e3e0ffb2b8c29c46786013cd919040755e2a9aa3
26740869184,Mypy,pull_request,completed,success,2026-06-01T07:19:03Z,2026-06-01T07:30:07Z,664,e3e0ffb2b8c29c46786013cd919040755e2a9aa3
26740869173,ci-no-onnx,pull_request,completed,success,2026-06-01T07:19:03Z,2026-06-01T07:30:21Z,678,e3e0ffb2b8c29c46786013cd919040755e2a9aa3
26740869139,Standalone example,pull_request,completed,success,2026-06-01T07:19:03Z,2026-06-01T07:30:49Z,706,e3e0ffb2b8c29c46786013cd919040755e2a9aa3
26740869186,ci-debug-ubuntu,pull_request,completed,success,2026-06-01T07:19:03Z,2026-06-01T07:32:28Z,805,e3e0ffb2b8c29c46786013cd919040755e2a9aa3
26740869155,ci-1-core,pull_request,completed,success,2026-06-01T07:19:03Z,2026-06-01T07:53:01Z,2038,e3e0ffb2b8c29c46786013cd919040755e2a9aa3
26740869189,Style,pull_request,completed,success,2026-06-01T07:19:03Z,2026-06-01T07:23:06Z,243,e3e0ffb2b8c29c46786013cd919040755e2a9aa3
26740869179,Spelling,pull_request,completed,success,2026-06-01T07:19:03Z,2026-06-01T07:23:03Z,240,e3e0ffb2b8c29c46786013cd919040755e2a9aa3
26740869172,clang-format,pull_request,completed,success,2026-06-01T07:19:03Z,2026-06-01T07:23:08Z,245,e3e0ffb2b8c29c46786013cd919040755e2a9aa3
26740577917,Style,pull_request,completed,success,2026-06-01T07:11:40Z,2026-06-01T07:30:31Z,1131,29383fd0d4e13f2b4111f63915873b4bdc8fbc76
26740577901,Spelling,pull_request,completed,success,2026-06-01T07:11:40Z,2026-06-01T07:30:23Z,1123,29383fd0d4e13f2b4111f63915873b4bdc8fbc76
26740577903,clang-format,pull_request,completed,success,2026-06-01T07:11:40Z,2026-06-01T07:30:39Z,1139,29383fd0d4e13f2b4111f63915873b4bdc8fbc76
26740577936,Pyrefly,pull_request,completed,success,2026-06-01T07:11:40Z,2026-06-01T07:36:29Z,1489,29383fd0d4e13f2b4111f63915873b4bdc8fbc76
26740577922,ci-no-onnx,pull_request,completed,success,2026-06-01T07:11:40Z,2026-06-01T07:36:51Z,1511,29383fd0d4e13f2b4111f63915873b4bdc8fbc76
26740577977,Mypy,pull_request,completed,success,2026-06-01T07:11:40Z,2026-06-01T07:37:38Z,1558,29383fd0d4e13f2b4111f63915873b4bdc8fbc76
26740577979,ci-debug-ubuntu,pull_request,completed,success,2026-06-01T07:11:40Z,2026-06-01T07:39:58Z,1698,29383fd0d4e13f2b4111f63915873b4bdc8fbc76
26740577956,Standalone example,pull_request,completed,success,2026-06-01T07:11:40Z,2026-06-01T07:40:25Z,1725,29383fd0d4e13f2b4111f63915873b4bdc8fbc76
26740577964,ci-1-core,pull_request,completed,success,2026-06-01T07:11:40Z,2026-06-01T07:56:31Z,2691,29383fd0d4e13f2b4111f63915873b4bdc8fbc76
26740432854,clang-format,pull_request,completed,success,2026-06-01T07:07:50Z,2026-06-01T07:29:59Z,1329,1d82405d7be6416dc6c2d42e9e296115ef43af3a
26740432866,Style,pull_request,completed,success,2026-06-01T07:07:50Z,2026-06-01T07:30:16Z,1346,1d82405d7be6416dc6c2d42e9e296115ef43af3a
26740433051,ci-no-onnx,pull_request,completed,success,2026-06-01T07:07:50Z,2026-06-01T07:31:11Z,1401,1d82405d7be6416dc6c2d42e9e296115ef43af3a
26740432775,Pyrefly,pull_request,completed,success,2026-06-01T07:07:50Z,2026-06-01T07:30:15Z,1345,1d82405d7be6416dc6c2d42e9e296115ef43af3a
26740432784,ci-1-core,pull_request,completed,success,2026-06-01T07:07:50Z,2026-06-01T07:53:37Z,2747,1d82405d7be6416dc6c2d42e9e296115ef43af3a
26740432780,Spelling,pull_request,completed,success,2026-06-01T07:07:50Z,2026-06-01T07:23:31Z,941,1d82405d7be6416dc6c2d42e9e296115ef43af3a
26740432949,Mypy,pull_request,completed,success,2026-06-01T07:07:50Z,2026-06-01T07:36:17Z,1707,1d82405d7be6416dc6c2d42e9e296115ef43af3a
26740432806,Standalone example,pull_request,completed,success,2026-06-01T07:07:50Z,2026-06-01T07:36:07Z,1697,1d82405d7be6416dc6c2d42e9e296115ef43af3a
26740432837,ci-debug-ubuntu,pull_request,completed,success,2026-06-01T07:07:50Z,2026-06-01T07:39:58Z,1928,1d82405d7be6416dc6c2d42e9e296115ef43af3a
26740361987,Documentation,pull_request,completed,failure,2026-06-01T07:05:56Z,2026-06-01T07:47:23Z,2487,68c95a1c674599cf164fdf1bfbf5434f6238c77e
26740361978,Style,pull_request,completed,success,2026-06-01T07:05:56Z,2026-06-01T07:30:26Z,1470,68c95a1c674599cf164fdf1bfbf5434f6238c77e
26740361986,Spelling,pull_request,completed,success,2026-06-01T07:05:56Z,2026-06-01T07:30:47Z,1491,68c95a1c674599cf164fdf1bfbf5434f6238c77e
26740361982,ci-no-onnx,pull_request,completed,success,2026-06-01T07:05:56Z,2026-06-01T07:36:51Z,1855,68c95a1c674599cf164fdf1bfbf5434f6238c77e
26740361988,clang-format,pull_request,completed,success,2026-06-01T07:05:56Z,2026-06-01T07:37:12Z,1876,68c95a1c674599cf164fdf1bfbf5434f6238c77e
26740361980,Mypy,pull_request,completed,success,2026-06-01T07:05:56Z,2026-06-01T07:37:53Z,1917,68c95a1c674599cf164fdf1bfbf5434f6238c77e
26740362049,Pyrefly,pull_request,completed,failure,2026-06-01T07:05:56Z,2026-06-01T07:37:48Z,1912,68c95a1c674599cf164fdf1bfbf5434f6238c77e
26740362016,Standalone example,pull_request,completed,success,2026-06-01T07:05:56Z,2026-06-01T07:38:07Z,1931,68c95a1c674599cf164fdf1bfbf5434f6238c77e
26740361994,ci-debug-ubuntu,pull_request,completed,success,2026-06-01T07:05:56Z,2026-06-01T07:40:50Z,2094,68c95a1c674599cf164fdf1bfbf5434f6238c77e
26740361998,ci-1-core,pull_request,completed,success,2026-06-01T07:05:56Z,2026-06-01T07:56:05Z,3009,68c95a1c674599cf164fdf1bfbf5434f6238c77e
26740330532,Build,workflow_run,completed,action_required,2026-06-01T07:05:06Z,2026-06-01T07:05:06Z,0,30ce988cac033e6bb555cacf9f509831e662b8fb
26740325163,Build,workflow_run,completed,cancelled,2026-06-01T07:04:58Z,2026-06-01T07:23:11Z,1093,30ce988cac033e6bb555cacf9f509831e662b8fb
26739936965,Addressing comment on PR #1427,dynamic,completed,success,2026-06-01T06:55:07Z,2026-06-01T07:19:56Z,1489,c518b78c0009b33d6aca153333b8b6588d3d6f9d
26739915465,Running Copilot cloud agent,dynamic,completed,success,2026-06-01T06:54:36Z,2026-06-01T07:09:25Z,889,f0c1ef1d6dc34643e348a3a1fee8dd4e1155fe32
26739791563,Build,workflow_run,completed,action_required,2026-06-01T06:51:24Z,2026-06-01T06:51:24Z,0,30ce988cac033e6bb555cacf9f509831e662b8fb
26739779455,Build,workflow_run,completed,action_required,2026-06-01T06:51:05Z,2026-06-01T06:51:05Z,0,30ce988cac033e6bb555cacf9f509831e662b8fb
26808467263,Build,workflow_run,completed,skipped,2026-06-02T08:38:23Z,2026-06-02T08:38:25Z,2,fef7503e8dc03ca3d855c1649d78845e239943fe
26808453308,Build,workflow_run,completed,skipped,2026-06-02T08:38:07Z,2026-06-02T08:38:09Z,2,f9e92d33201b6a9c0c298113cc0cf7b1b96d108c
26808449123,ci-debug-ubuntu,push,completed,cancelled,2026-06-02T08:38:02Z,2026-06-02T08:38:20Z,18,f9e92d33201b6a9c0c298113cc0cf7b1b96d108c
26808449078,Mypy,push,completed,cancelled,2026-06-02T08:38:02Z,2026-06-02T08:38:20Z,18,f9e92d33201b6a9c0c298113cc0cf7b1b96d108c
26808449091,clang-format,push,completed,cancelled,2026-06-02T08:38:02Z,2026-06-02T08:38:20Z,18,f9e92d33201b6a9c0c298113cc0cf7b1b96d108c
26808449094,Style,push,completed,cancelled,2026-06-02T08:38:02Z,2026-06-02T08:38:20Z,18,f9e92d33201b6a9c0c298113cc0cf7b1b96d108c
26808449105,Spelling,push,completed,cancelled,2026-06-02T08:38:02Z,2026-06-02T08:38:20Z,18,f9e92d33201b6a9c0c298113cc0cf7b1b96d108c
26808449106,Standalone example,push,completed,cancelled,2026-06-02T08:38:02Z,2026-06-02T08:38:21Z,19,f9e92d33201b6a9c0c298113cc0cf7b1b96d108c
26808449063,ci-1-core,push,completed,cancelled,2026-06-02T08:38:02Z,2026-06-02T08:38:20Z,18,f9e92d33201b6a9c0c298113cc0cf7b1b96d108c
26808449072,Pyrefly,push,completed,cancelled,2026-06-02T08:38:02Z,2026-06-02T08:38:20Z,18,f9e92d33201b6a9c0c298113cc0cf7b1b96d108c
26808449102,ci-no-onnx,push,completed,cancelled,2026-06-02T08:38:02Z,2026-06-02T08:38:20Z,18,f9e92d33201b6a9c0c298113cc0cf7b1b96d108c
26808436509,Build,workflow_run,completed,action_required,2026-06-02T08:37:46Z,2026-06-02T08:37:46Z,0,a58567a9c53575401073690f5feecdf93fd0b793
26808340461,Build,workflow_run,completed,action_required,2026-06-02T08:35:49Z,2026-06-02T08:35:49Z,0,a58567a9c53575401073690f5feecdf93fd0b793
26808108917,Build,workflow_run,completed,skipped,2026-06-02T08:31:08Z,2026-06-02T08:31:26Z,18,a58567a9c53575401073690f5feecdf93fd0b793
26808106850,Build,workflow_run,completed,action_required,2026-06-02T08:31:06Z,2026-06-02T08:31:06Z,0,a58567a9c53575401073690f5feecdf93fd0b793
26808013223,Spelling,push,completed,success,2026-06-02T08:29:16Z,2026-06-02T08:31:47Z,151,a58567a9c53575401073690f5feecdf93fd0b793
26808013213,clang-format,push,completed,cancelled,2026-06-02T08:29:16Z,2026-06-02T08:38:04Z,528,a58567a9c53575401073690f5feecdf93fd0b793
26808013173,Style,push,completed,success,2026-06-02T08:29:15Z,2026-06-02T08:33:35Z,260,a58567a9c53575401073690f5feecdf93fd0b793
26808013186,Mypy,push,completed,cancelled,2026-06-02T08:29:15Z,2026-06-02T08:38:04Z,529,a58567a9c53575401073690f5feecdf93fd0b793
26808013174,Pyrefly,push,completed,cancelled,2026-06-02T08:29:15Z,2026-06-02T08:38:04Z,529,a58567a9c53575401073690f5feecdf93fd0b793
26808013206,ci-no-onnx,push,completed,success,2026-06-02T08:29:15Z,2026-06-02T08:38:02Z,527,a58567a9c53575401073690f5feecdf93fd0b793
26808013165,ci-1-core,push,completed,cancelled,2026-06-02T08:29:15Z,2026-06-02T08:38:04Z,529,a58567a9c53575401073690f5feecdf93fd0b793
26808013168,ci-debug-ubuntu,push,completed,cancelled,2026-06-02T08:29:15Z,2026-06-02T08:38:20Z,545,a58567a9c53575401073690f5feecdf93fd0b793
26808013196,Standalone example,push,completed,cancelled,2026-06-02T08:29:15Z,2026-06-02T08:38:20Z,545,a58567a9c53575401073690f5feecdf93fd0b793
26807946113,Spelling,pull_request,completed,success,2026-06-02T08:27:53Z,2026-06-02T08:31:34Z,221,c1508ceeb0cfb3ffd9054214fe99d244d4015a19
26807946169,clang-format,pull_request,completed,success,2026-06-02T08:27:53Z,2026-06-02T08:32:00Z,247,c1508ceeb0cfb3ffd9054214fe99d244d4015a19
26807946148,Style,pull_request,completed,success,2026-06-02T08:27:53Z,2026-06-02T08:36:55Z,542,c1508ceeb0cfb3ffd9054214fe99d244d4015a19
26807946179,ci-no-onnx,pull_request,completed,success,2026-06-02T08:27:53Z,2026-06-02T08:41:03Z,790,c1508ceeb0cfb3ffd9054214fe99d244d4015a19
26807806086,Addressing comment on PR #1480,dynamic,completed,success,2026-06-02T08:25:04Z,2026-06-02T08:33:25Z,501,0b1b55765b8686ab4f1e1c3f3a5965bcdecaab9f
26807768268,Build,workflow_run,completed,action_required,2026-06-02T08:24:17Z,2026-06-02T08:24:17Z,0,3144bd76b49317ca1ec1d93c69fb40e4986e3945
26807764359,clang-format,pull_request,completed,success,2026-06-02T08:24:12Z,2026-06-02T08:31:34Z,442,0b1b55765b8686ab4f1e1c3f3a5965bcdecaab9f
26807764308,Style,pull_request,completed,success,2026-06-02T08:24:12Z,2026-06-02T08:36:13Z,721,0b1b55765b8686ab4f1e1c3f3a5965bcdecaab9f
26807687680,Addressing comment on PR #1489,dynamic,completed,success,2026-06-02T08:22:35Z,2026-06-02T08:28:08Z,333,da6cb62e6e33690c04be91c78c02c6d0db7592be
26807322564,ci-no-onnx,pull_request,completed,success,2026-06-02T08:14:54Z,2026-06-02T08:32:26Z,1052,4f429730e70477694d214989cd58a8dc16d3325e
26807322480,Style,pull_request,completed,success,2026-06-02T08:14:54Z,2026-06-02T08:33:45Z,1131,4f429730e70477694d214989cd58a8dc16d3325e
26807322467,clang-format,pull_request,completed,success,2026-06-02T08:14:54Z,2026-06-02T08:36:12Z,1278,4f429730e70477694d214989cd58a8dc16d3325e
26807322517,Pyrefly,pull_request,completed,success,2026-06-02T08:14:54Z,2026-06-02T08:36:45Z,1311,4f429730e70477694d214989cd58a8dc16d3325e
26807322536,Spelling,pull_request,completed,success,2026-06-02T08:14:54Z,2026-06-02T08:24:35Z,581,4f429730e70477694d214989cd58a8dc16d3325e
26807322465,ci-debug-ubuntu,pull_request,completed,success,2026-06-02T08:14:54Z,2026-06-02T08:29:02Z,848,4f429730e70477694d214989cd58a8dc16d3325e
26807322544,Standalone example,pull_request,completed,success,2026-06-02T08:14:54Z,2026-06-02T08:40:50Z,1556,4f429730e70477694d214989cd58a8dc16d3325e
26807322484,Mypy,pull_request,completed,success,2026-06-02T08:14:54Z,2026-06-02T08:40:47Z,1553,4f429730e70477694d214989cd58a8dc16d3325e
26807049642,Addressing comment on PR #1480,dynamic,completed,success,2026-06-02T08:09:08Z,2026-06-02T08:24:58Z,950,ce1566ef5ad391b6547fc076829967655d19b4a7
26806974689,Addressing comment on PR #1482,dynamic,completed,success,2026-06-02T08:07:32Z,2026-06-02T08:15:10Z,458,f7834eef3b464a683db7730eb11b3bc82d593e7d
26806960603,Standalone example,pull_request,completed,action_required,2026-06-02T08:07:14Z,2026-06-02T08:07:14Z,0,f7834eef3b464a683db7730eb11b3bc82d593e7d
26806960909,ci-1-core,pull_request,completed,action_required,2026-06-02T08:07:14Z,2026-06-02T08:07:14Z,0,f7834eef3b464a683db7730eb11b3bc82d593e7d
26806960270,Spelling,pull_request,completed,action_required,2026-06-02T08:07:13Z,2026-06-02T08:07:13Z,0,f7834eef3b464a683db7730eb11b3bc82d593e7d
26806960262,ci-debug-ubuntu,pull_request,completed,action_required,2026-06-02T08:07:13Z,2026-06-02T08:07:13Z,0,f7834eef3b464a683db7730eb11b3bc82d593e7d
26806960277,ci-no-onnx,pull_request,completed,action_required,2026-06-02T08:07:13Z,2026-06-02T08:07:13Z,0,f7834eef3b464a683db7730eb11b3bc82d593e7d
26806960331,clang-format,pull_request,completed,action_required,2026-06-02T08:07:13Z,2026-06-02T08:07:13Z,0,f7834eef3b464a683db7730eb11b3bc82d593e7d
26806960353,Pyrefly,pull_request,completed,action_required,2026-06-02T08:07:13Z,2026-06-02T08:07:13Z,0,f7834eef3b464a683db7730eb11b3bc82d593e7d
26806960357,Mypy,pull_request,completed,action_required,2026-06-02T08:07:13Z,2026-06-02T08:07:13Z,0,f7834eef3b464a683db7730eb11b3bc82d593e7d
26806960380,Style,pull_request,completed,action_required,2026-06-02T08:07:13Z,2026-06-02T08:07:13Z,0,f7834eef3b464a683db7730eb11b3bc82d593e7d
26806960304,Documentation,pull_request,completed,action_required,2026-06-02T08:07:13Z,2026-06-02T08:07:13Z,0,f7834eef3b464a683db7730eb11b3bc82d593e7d
26806943012,coverage,schedule,completed,success,2026-06-02T08:06:51Z,2026-06-02T08:34:15Z,1644,3144bd76b49317ca1ec1d93c69fb40e4986e3945
26806871467,Addressing comment on PR #1482,dynamic,completed,success,2026-06-02T08:05:18Z,2026-06-02T08:07:26Z,128,bdbde1ea78bf038ce036e62299795e42fce546fe
26806821914,Style,push,completed,success,2026-06-02T08:04:14Z,2026-06-02T08:04:29Z,15,3144bd76b49317ca1ec1d93c69fb40e4986e3945
26806821956,clang-format,push,completed,success,2026-06-02T08:04:14Z,2026-06-02T08:04:29Z,15,3144bd76b49317ca1ec1d93c69fb40e4986e3945
26806821828,Spelling,push,completed,success,2026-06-02T08:04:14Z,2026-06-02T08:04:24Z,10,3144bd76b49317ca1ec1d93c69fb40e4986e3945
26806822039,Standalone example,push,completed,success,2026-06-02T08:04:14Z,2026-06-02T08:12:05Z,471,3144bd76b49317ca1ec1d93c69fb40e4986e3945
26806821854,Pyrefly,push,completed,success,2026-06-02T08:04:14Z,2026-06-02T08:12:27Z,493,3144bd76b49317ca1ec1d93c69fb40e4986e3945
26806821945,ci-no-onnx,push,completed,success,2026-06-02T08:04:14Z,2026-06-02T08:12:30Z,496,3144bd76b49317ca1ec1d93c69fb40e4986e3945
26806821837,Mypy,push,completed,success,2026-06-02T08:04:14Z,2026-06-02T08:13:16Z,542,3144bd76b49317ca1ec1d93c69fb40e4986e3945
26806821875,ci-debug-ubuntu,push,completed,success,2026-06-02T08:04:14Z,2026-06-02T08:17:57Z,823,3144bd76b49317ca1ec1d93c69fb40e4986e3945
26806821935,ci-1-core,push,completed,cancelled,2026-06-02T08:04:14Z,2026-06-02T08:31:05Z,1611,3144bd76b49317ca1ec1d93c69fb40e4986e3945
26806674679,Build,workflow_run,completed,action_required,2026-06-02T08:01:01Z,2026-06-02T08:01:01Z,0,c28f9c7854a9b45024a5a1222e1d3eee1b0325ba
26806664851,Build,workflow_run,completed,action_required,2026-06-02T08:00:49Z,2026-06-02T08:00:49Z,0,c28f9c7854a9b45024a5a1222e1d3eee1b0325ba
26806422426,Build,workflow_run,completed,cancelled,2026-06-02T07:55:50Z,2026-06-02T08:31:25Z,2135,c28f9c7854a9b45024a5a1222e1d3eee1b0325ba
26806393711,Spelling,pull_request,completed,success,2026-06-02T07:55:14Z,2026-06-02T08:12:36Z,1042,da6cb62e6e33690c04be91c78c02c6d0db7592be
26806393639,Style,pull_request,completed,success,2026-06-02T07:55:14Z,2026-06-02T08:15:11Z,1197,da6cb62e6e33690c04be91c78c02c6d0db7592be
26806393613,clang-format,pull_request,completed,success,2026-06-02T07:55:14Z,2026-06-02T08:15:29Z,1215,da6cb62e6e33690c04be91c78c02c6d0db7592be
26806393616,ci-1-core,pull_request,completed,cancelled,2026-06-02T07:55:14Z,2026-06-02T08:31:02Z,2148,da6cb62e6e33690c04be91c78c02c6d0db7592be
26806393619,ci-no-onnx,pull_request,completed,failure,2026-06-02T07:55:14Z,2026-06-02T08:21:27Z,1573,da6cb62e6e33690c04be91c78c02c6d0db7592be
26806393674,Pyrefly,pull_request,completed,success,2026-06-02T07:55:14Z,2026-06-02T08:21:23Z,1569,da6cb62e6e33690c04be91c78c02c6d0db7592be
26806393637,Standalone example,pull_request,completed,success,2026-06-02T07:55:14Z,2026-06-02T08:22:12Z,1618,da6cb62e6e33690c04be91c78c02c6d0db7592be
26806393722,Mypy,pull_request,completed,success,2026-06-02T07:55:14Z,2026-06-02T08:23:27Z,1693,da6cb62e6e33690c04be91c78c02c6d0db7592be
26806393770,ci-debug-ubuntu,pull_request,completed,failure,2026-06-02T07:55:14Z,2026-06-02T08:24:33Z,1759,da6cb62e6e33690c04be91c78c02c6d0db7592be
26806388186,Style,pull_request,completed,success,2026-06-02T07:55:08Z,2026-06-02T08:04:49Z,581,ef3c506607428a1e98f337292cc56fbafc3f9bcb
26806388218,Spelling,pull_request,completed,success,2026-06-02T07:55:08Z,2026-06-02T08:04:58Z,590,ef3c506607428a1e98f337292cc56fbafc3f9bcb
26806388349,clang-format,pull_request,completed,success,2026-06-02T07:55:08Z,2026-06-02T08:05:13Z,605,ef3c506607428a1e98f337292cc56fbafc3f9bcb
26806388251,Pyrefly,pull_request,completed,success,2026-06-02T07:55:08Z,2026-06-02T08:13:09Z,1081,ef3c506607428a1e98f337292cc56fbafc3f9bcb
26806388190,ci-no-onnx,pull_request,completed,success,2026-06-02T07:55:08Z,2026-06-02T08:13:09Z,1081,ef3c506607428a1e98f337292cc56fbafc3f9bcb
26806388274,Standalone example,pull_request,completed,success,2026-06-02T07:55:08Z,2026-06-02T08:13:17Z,1089,ef3c506607428a1e98f337292cc56fbafc3f9bcb
26806388376,Mypy,pull_request,completed,success,2026-06-02T07:55:08Z,2026-06-02T08:13:28Z,1100,ef3c506607428a1e98f337292cc56fbafc3f9bcb
26806388212,ci-debug-ubuntu,pull_request,completed,success,2026-06-02T07:55:08Z,2026-06-02T08:15:46Z,1238,ef3c506607428a1e98f337292cc56fbafc3f9bcb
26806388279,ci-1-core,pull_request,completed,success,2026-06-02T07:55:08Z,2026-06-02T08:37:43Z,2555,ef3c506607428a1e98f337292cc56fbafc3f9bcb
26806301377,Addressing comment on PR #1489,dynamic,completed,success,2026-06-02T07:53:20Z,2026-06-02T07:55:31Z,131,ed6deb133da0ae33512f4181c03e376edbf0d91f
26806292126,Addressing comment on PR #1487,dynamic,completed,success,2026-06-02T07:53:09Z,2026-06-02T07:55:22Z,133,b5c8264f20c3a6df96ee23f4a37b5007bdc285a3
26806222673,Spelling,pull_request,completed,success,2026-06-02T07:51:38Z,2026-06-02T08:07:05Z,927,9464bcd458d357247d847ce581f1aa89d0d2acfa
26806222677,Style,pull_request,completed,success,2026-06-02T07:51:38Z,2026-06-02T08:07:13Z,935,9464bcd458d357247d847ce581f1aa89d0d2acfa
26806222670,clang-format,pull_request,completed,success,2026-06-02T07:51:38Z,2026-06-02T08:13:22Z,1304,9464bcd458d357247d847ce581f1aa89d0d2acfa
26806222674,Pyrefly,pull_request,completed,success,2026-06-02T07:51:38Z,2026-06-02T08:15:02Z,1404,9464bcd458d357247d847ce581f1aa89d0d2acfa
26806222680,ci-no-onnx,pull_request,completed,success,2026-06-02T07:51:38Z,2026-06-02T08:15:22Z,1424,9464bcd458d357247d847ce581f1aa89d0d2acfa
26806222675,Standalone example,pull_request,completed,success,2026-06-02T07:51:38Z,2026-06-02T08:15:59Z,1461,9464bcd458d357247d847ce581f1aa89d0d2acfa
26806222691,ci-debug-ubuntu,pull_request,completed,success,2026-06-02T07:51:38Z,2026-06-02T08:18:09Z,1591,9464bcd458d357247d847ce581f1aa89d0d2acfa
26806222702,Mypy,pull_request,completed,success,2026-06-02T07:51:38Z,2026-06-02T08:20:40Z,1742,9464bcd458d357247d847ce581f1aa89d0d2acfa
26806222666,ci-1-core,pull_request,completed,success,2026-06-02T07:51:38Z,2026-06-02T08:35:44Z,2646,9464bcd458d357247d847ce581f1aa89d0d2acfa
26806181397,Mypy,pull_request,completed,success,2026-06-02T07:50:46Z,2026-06-02T08:04:08Z,802,59fe6d0365330d60297cd598ed3352e1fa080efb
26806181400,ci-no-onnx,pull_request,completed,success,2026-06-02T07:50:46Z,2026-06-02T08:03:59Z,793,59fe6d0365330d60297cd598ed3352e1fa080efb
26806181456,Pyrefly,pull_request,completed,success,2026-06-02T07:50:46Z,2026-06-02T08:03:48Z,782,59fe6d0365330d60297cd598ed3352e1fa080efb
26806181429,Standalone example,pull_request,completed,success,2026-06-02T07:50:46Z,2026-06-02T08:05:38Z,892,59fe6d0365330d60297cd598ed3352e1fa080efb
26806181462,ci-debug-ubuntu,pull_request,completed,success,2026-06-02T07:50:46Z,2026-06-02T08:06:49Z,963,59fe6d0365330d60297cd598ed3352e1fa080efb
26806181381,Spelling,pull_request,completed,success,2026-06-02T07:50:46Z,2026-06-02T07:55:57Z,311,59fe6d0365330d60297cd598ed3352e1fa080efb
26806181451,Style,pull_request,completed,success,2026-06-02T07:50:46Z,2026-06-02T07:55:59Z,313,59fe6d0365330d60297cd598ed3352e1fa080efb
26806181442,clang-format,pull_request,completed,success,2026-06-02T07:50:46Z,2026-06-02T07:56:06Z,320,59fe6d0365330d60297cd598ed3352e1fa080efb
26806181385,ci-1-core,pull_request,completed,success,2026-06-02T07:50:46Z,2026-06-02T08:24:14Z,2008,59fe6d0365330d60297cd598ed3352e1fa080efb
26806112286,Addressing comment on PR #1479,dynamic,completed,success,2026-06-02T07:49:18Z,2026-06-02T07:51:58Z,160,80b15cc2b054946a923a9030df8b7005dd3d6ec3
26806066134,Build,workflow_run,completed,action_required,2026-06-02T07:48:18Z,2026-06-02T07:48:18Z,0,c28f9c7854a9b45024a5a1222e1d3eee1b0325ba
26805900333,Build,workflow_run,completed,action_required,2026-06-02T07:44:41Z,2026-06-02T07:44:41Z,0,c28f9c7854a9b45024a5a1222e1d3eee1b0325ba
26805632652,Build,workflow_run,completed,skipped,2026-06-02T07:38:53Z,2026-06-02T07:38:55Z,2,c28f9c7854a9b45024a5a1222e1d3eee1b0325ba
26805551520,Addressing comment on PR #1480,dynamic,completed,success,2026-06-02T07:37:04Z,2026-06-02T07:52:08Z,904,ce1566ef5ad391b6547fc076829967655d19b4a7
26805524264,Spelling,pull_request,completed,success,2026-06-02T07:36:27Z,2026-06-02T07:49:34Z,787,ce1566ef5ad391b6547fc076829967655d19b4a7
26805524215,Style,pull_request,completed,success,2026-06-02T07:36:27Z,2026-06-02T07:49:35Z,788,ce1566ef5ad391b6547fc076829967655d19b4a7
26805524272,clang-format,pull_request,completed,success,2026-06-02T07:36:27Z,2026-06-02T07:49:37Z,790,ce1566ef5ad391b6547fc076829967655d19b4a7
26805524234,ci-debug-ubuntu,pull_request,completed,failure,2026-06-02T07:36:27Z,2026-06-02T08:00:40Z,1453,ce1566ef5ad391b6547fc076829967655d19b4a7
26805524266,ci-1-core,pull_request,completed,failure,2026-06-02T07:36:27Z,2026-06-02T08:00:46Z,1459,ce1566ef5ad391b6547fc076829967655d19b4a7
26805524211,Pyrefly,pull_request,completed,success,2026-06-02T07:36:27Z,2026-06-02T07:57:40Z,1273,ce1566ef5ad391b6547fc076829967655d19b4a7
26805524196,Mypy,pull_request,completed,success,2026-06-02T07:36:27Z,2026-06-02T07:57:51Z,1284,ce1566ef5ad391b6547fc076829967655d19b4a7
26805524251,Standalone example,pull_request,completed,success,2026-06-02T07:36:27Z,2026-06-02T07:57:59Z,1292,ce1566ef5ad391b6547fc076829967655d19b4a7
26805524271,ci-no-onnx,pull_request,completed,success,2026-06-02T07:36:27Z,2026-06-02T07:58:26Z,1319,ce1566ef5ad391b6547fc076829967655d19b4a7
26805257399,Running Copilot cloud agent,dynamic,completed,success,2026-06-02T07:30:44Z,2026-06-02T07:54:40Z,1436,b2ced2162792621f5be207ed2550d13b284bff8c
26805168436,clang-format,pull_request,completed,success,2026-06-02T07:28:52Z,2026-06-02T07:34:14Z,322,1819d9e004dc19b73985efd540cfbe8af3629ed7
26805168489,Spelling,pull_request,completed,success,2026-06-02T07:28:52Z,2026-06-02T07:36:37Z,465,1819d9e004dc19b73985efd540cfbe8af3629ed7
26805168509,Style,pull_request,completed,success,2026-06-02T07:28:52Z,2026-06-02T07:37:31Z,519,1819d9e004dc19b73985efd540cfbe8af3629ed7
26805168464,Pyrefly,pull_request,completed,success,2026-06-02T07:28:52Z,2026-06-02T07:39:42Z,650,1819d9e004dc19b73985efd540cfbe8af3629ed7
26805168479,ci-no-onnx,pull_request,completed,success,2026-06-02T07:28:52Z,2026-06-02T07:43:23Z,871,1819d9e004dc19b73985efd540cfbe8af3629ed7
26805168487,Mypy,pull_request,completed,success,2026-06-02T07:28:52Z,2026-06-02T07:43:56Z,904,1819d9e004dc19b73985efd540cfbe8af3629ed7
26805168470,Standalone example,pull_request,completed,success,2026-06-02T07:28:52Z,2026-06-02T07:43:58Z,906,1819d9e004dc19b73985efd540cfbe8af3629ed7
26805168460,ci-debug-ubuntu,pull_request,completed,success,2026-06-02T07:28:52Z,2026-06-02T07:44:46Z,954,1819d9e004dc19b73985efd540cfbe8af3629ed7
26805168443,ci-1-core,pull_request,completed,success,2026-06-02T07:28:52Z,2026-06-02T08:00:58Z,1926,1819d9e004dc19b73985efd540cfbe8af3629ed7
26805076659,Build,workflow_run,completed,skipped,2026-06-02T07:26:49Z,2026-06-02T07:26:51Z,2,c28f9c7854a9b45024a5a1222e1d3eee1b0325ba
26805063056,Spelling,pull_request,completed,success,2026-06-02T07:26:32Z,2026-06-02T07:34:46Z,494,b5c8264f20c3a6df96ee23f4a37b5007bdc285a3
26805063033,clang-format,pull_request,completed,success,2026-06-02T07:26:32Z,2026-06-02T07:35:39Z,547,b5c8264f20c3a6df96ee23f4a37b5007bdc285a3
26805063025,Pyrefly,pull_request,completed,success,2026-06-02T07:26:32Z,2026-06-02T07:37:20Z,648,b5c8264f20c3a6df96ee23f4a37b5007bdc285a3
26805063028,Style,pull_request,completed,success,2026-06-02T07:26:32Z,2026-06-02T07:34:02Z,450,b5c8264f20c3a6df96ee23f4a37b5007bdc285a3
26805063040,ci-debug-ubuntu,pull_request,completed,failure,2026-06-02T07:26:32Z,2026-06-02T07:40:45Z,853,b5c8264f20c3a6df96ee23f4a37b5007bdc285a3
26805063042,Standalone example,pull_request,completed,success,2026-06-02T07:26:32Z,2026-06-02T07:42:14Z,942,b5c8264f20c3a6df96ee23f4a37b5007bdc285a3
26805063029,Mypy,pull_request,completed,success,2026-06-02T07:26:32Z,2026-06-02T07:42:42Z,970,b5c8264f20c3a6df96ee23f4a37b5007bdc285a3
26805063053,ci-no-onnx,pull_request,completed,failure,2026-06-02T07:26:32Z,2026-06-02T07:44:45Z,1093,b5c8264f20c3a6df96ee23f4a37b5007bdc285a3
26805063045,ci-1-core,pull_request,completed,failure,2026-06-02T07:26:32Z,2026-06-02T07:48:15Z,1303,b5c8264f20c3a6df96ee23f4a37b5007bdc285a3
26805061487,Pyrefly,pull_request,completed,success,2026-06-02T07:26:30Z,2026-06-02T07:34:34Z,484,bdbde1ea78bf038ce036e62299795e42fce546fe
26805061559,Mypy,pull_request,completed,success,2026-06-02T07:26:30Z,2026-06-02T07:35:06Z,516,bdbde1ea78bf038ce036e62299795e42fce546fe
26805061540,ci-no-onnx,pull_request,completed,success,2026-06-02T07:26:30Z,2026-06-02T07:35:26Z,536,bdbde1ea78bf038ce036e62299795e42fce546fe
26805061513,Standalone example,pull_request,completed,success,2026-06-02T07:26:30Z,2026-06-02T07:36:22Z,592,bdbde1ea78bf038ce036e62299795e42fce546fe
26805061496,ci-debug-ubuntu,pull_request,completed,success,2026-06-02T07:26:30Z,2026-06-02T07:37:51Z,681,bdbde1ea78bf038ce036e62299795e42fce546fe
26805061524,Spelling,pull_request,completed,success,2026-06-02T07:26:30Z,2026-06-02T07:26:56Z,26,bdbde1ea78bf038ce036e62299795e42fce546fe
26805061842,Style,pull_request,completed,success,2026-06-02T07:26:30Z,2026-06-02T07:26:53Z,23,bdbde1ea78bf038ce036e62299795e42fce546fe
26805061588,clang-format,pull_request,completed,success,2026-06-02T07:26:30Z,2026-06-02T07:26:45Z,15,bdbde1ea78bf038ce036e62299795e42fce546fe
26805061633,ci-1-core,pull_request,completed,cancelled,2026-06-02T07:26:30Z,2026-06-02T07:38:51Z,741,bdbde1ea78bf038ce036e62299795e42fce546fe
26805061617,Documentation,pull_request,completed,failure,2026-06-02T07:26:30Z,2026-06-02T07:39:15Z,765,bdbde1ea78bf038ce036e62299795e42fce546fe
26804996568,Build,workflow_run,completed,skipped,2026-06-02T07:25:05Z,2026-06-02T07:25:06Z,1,c28f9c7854a9b45024a5a1222e1d3eee1b0325ba
26804980894,Standalone example,push,completed,success,2026-06-02T07:24:44Z,2026-06-02T07:32:06Z,442,c28f9c7854a9b45024a5a1222e1d3eee1b0325ba
26804980909,ci-no-onnx,push,completed,success,2026-06-02T07:24:44Z,2026-06-02T07:33:04Z,500,c28f9c7854a9b45024a5a1222e1d3eee1b0325ba
26804980889,Pyrefly,push,completed,success,2026-06-02T07:24:44Z,2026-06-02T07:32:55Z,491,c28f9c7854a9b45024a5a1222e1d3eee1b0325ba
26804980858,Mypy,push,completed,success,2026-06-02T07:24:44Z,2026-06-02T07:33:23Z,519,c28f9c7854a9b45024a5a1222e1d3eee1b0325ba
26804980991,ci-debug-ubuntu,push,completed,success,2026-06-02T07:24:44Z,2026-06-02T07:36:28Z,704,c28f9c7854a9b45024a5a1222e1d3eee1b0325ba
26804980965,Spelling,push,completed,success,2026-06-02T07:24:44Z,2026-06-02T07:24:53Z,9,c28f9c7854a9b45024a5a1222e1d3eee1b0325ba
26804980934,clang-format,push,completed,success,2026-06-02T07:24:44Z,2026-06-02T07:25:13Z,29,c28f9c7854a9b45024a5a1222e1d3eee1b0325ba
26804980940,Style,push,completed,success,2026-06-02T07:24:44Z,2026-06-02T07:24:58Z,14,c28f9c7854a9b45024a5a1222e1d3eee1b0325ba
26804980922,ci-1-core,push,completed,success,2026-06-02T07:24:44Z,2026-06-02T07:55:48Z,1864,c28f9c7854a9b45024a5a1222e1d3eee1b0325ba
26804957689,Build,workflow_run,completed,action_required,2026-06-02T07:24:12Z,2026-06-02T07:24:12Z,0,cc40fc6abf0c7685e64edaae58efa3b1999a4e21
26804954634,Style,pull_request,completed,success,2026-06-02T07:24:08Z,2026-06-02T07:24:29Z,21,2d8198307b45571e7333f019af6ee7e0b6af885c
26804954582,clang-format,pull_request,completed,success,2026-06-02T07:24:08Z,2026-06-02T07:24:37Z,29,2d8198307b45571e7333f019af6ee7e0b6af885c
26804954657,Spelling,pull_request,completed,failure,2026-06-02T07:24:08Z,2026-06-02T07:24:35Z,27,2d8198307b45571e7333f019af6ee7e0b6af885c
26804954606,Pyrefly,pull_request,completed,cancelled,2026-06-02T07:24:08Z,2026-06-02T07:26:46Z,158,2d8198307b45571e7333f019af6ee7e0b6af885c
26804954578,ci-1-core,pull_request,completed,cancelled,2026-06-02T07:24:08Z,2026-06-02T07:26:46Z,158,2d8198307b45571e7333f019af6ee7e0b6af885c
26804954580,Documentation,pull_request,completed,cancelled,2026-06-02T07:24:08Z,2026-06-02T07:26:47Z,159,2d8198307b45571e7333f019af6ee7e0b6af885c
26804954622,Mypy,pull_request,completed,cancelled,2026-06-02T07:24:08Z,2026-06-02T07:26:47Z,159,2d8198307b45571e7333f019af6ee7e0b6af885c
26804954641,ci-no-onnx,pull_request,completed,cancelled,2026-06-02T07:24:08Z,2026-06-02T07:26:47Z,159,2d8198307b45571e7333f019af6ee7e0b6af885c
26804954615,ci-debug-ubuntu,pull_request,completed,cancelled,2026-06-02T07:24:08Z,2026-06-02T07:26:47Z,159,2d8198307b45571e7333f019af6ee7e0b6af885c
26804954660,Standalone example,pull_request,completed,cancelled,2026-06-02T07:24:08Z,2026-06-02T07:26:46Z,158,2d8198307b45571e7333f019af6ee7e0b6af885c
26804798013,Build,workflow_run,completed,action_required,2026-06-02T07:20:37Z,2026-06-02T07:20:37Z,0,cc40fc6abf0c7685e64edaae58efa3b1999a4e21
26804753259,Build,workflow_run,completed,action_required,2026-06-02T07:19:37Z,2026-06-02T07:19:37Z,0,cc40fc6abf0c7685e64edaae58efa3b1999a4e21
26804734739,Addressing comment on PR #1485,dynamic,completed,success,2026-06-02T07:19:12Z,2026-06-02T07:29:03Z,591,d981343ec5b87708d3b687e845f6bcf9f2068d6d
26804660808,Addressing comment on PR #1480,dynamic,completed,success,2026-06-02T07:17:30Z,2026-06-02T07:36:58Z,1168,3047bf5db489b8bc6994c1ce2aaee3486c7e59df
26804612069,clang-format,push,completed,success,2026-06-02T07:16:21Z,2026-06-02T07:16:36Z,15,cc40fc6abf0c7685e64edaae58efa3b1999a4e21
26804611969,Spelling,push,completed,success,2026-06-02T07:16:20Z,2026-06-02T07:16:34Z,14,cc40fc6abf0c7685e64edaae58efa3b1999a4e21
26804611974,Style,push,completed,success,2026-06-02T07:16:20Z,2026-06-02T07:16:31Z,11,cc40fc6abf0c7685e64edaae58efa3b1999a4e21
26804611987,Pyrefly,push,completed,success,2026-06-02T07:16:20Z,2026-06-02T07:24:25Z,485,cc40fc6abf0c7685e64edaae58efa3b1999a4e21
26804612032,Mypy,push,completed,success,2026-06-02T07:16:20Z,2026-06-02T07:24:22Z,482,cc40fc6abf0c7685e64edaae58efa3b1999a4e21
26804611956,ci-debug-ubuntu,push,completed,cancelled,2026-06-02T07:16:20Z,2026-06-02T07:24:59Z,519,cc40fc6abf0c7685e64edaae58efa3b1999a4e21
26804611955,Standalone example,push,completed,cancelled,2026-06-02T07:16:20Z,2026-06-02T07:25:00Z,520,cc40fc6abf0c7685e64edaae58efa3b1999a4e21
26804611954,ci-1-core,push,completed,cancelled,2026-06-02T07:16:20Z,2026-06-02T07:25:02Z,522,cc40fc6abf0c7685e64edaae58efa3b1999a4e21
26804612025,ci-no-onnx,push,completed,cancelled,2026-06-02T07:16:20Z,2026-06-02T07:24:59Z,519,cc40fc6abf0c7685e64edaae58efa3b1999a4e21
26804594854,ci-debug-ubuntu,pull_request,completed,success,2026-06-02T07:15:56Z,2026-06-02T07:28:02Z,726,80b15cc2b054946a923a9030df8b7005dd3d6ec3
26804594771,Spelling,pull_request,completed,success,2026-06-02T07:15:56Z,2026-06-02T07:16:39Z,43,80b15cc2b054946a923a9030df8b7005dd3d6ec3
26804594773,clang-format,pull_request,completed,success,2026-06-02T07:15:56Z,2026-06-02T07:16:40Z,44,80b15cc2b054946a923a9030df8b7005dd3d6ec3
26804594848,Style,pull_request,completed,success,2026-06-02T07:15:56Z,2026-06-02T07:16:42Z,46,80b15cc2b054946a923a9030df8b7005dd3d6ec3
26804594839,ci-no-onnx,pull_request,completed,success,2026-06-02T07:15:56Z,2026-06-02T07:21:37Z,341,80b15cc2b054946a923a9030df8b7005dd3d6ec3
26804594807,Pyrefly,pull_request,completed,success,2026-06-02T07:15:56Z,2026-06-02T07:24:07Z,491,80b15cc2b054946a923a9030df8b7005dd3d6ec3
26804594875,Mypy,pull_request,completed,success,2026-06-02T07:15:56Z,2026-06-02T07:24:45Z,529,80b15cc2b054946a923a9030df8b7005dd3d6ec3
26804594787,Standalone example,pull_request,completed,success,2026-06-02T07:15:56Z,2026-06-02T07:25:48Z,592,80b15cc2b054946a923a9030df8b7005dd3d6ec3
26804594757,ci-1-core,pull_request,completed,success,2026-06-02T07:15:56Z,2026-06-02T07:44:38Z,1722,80b15cc2b054946a923a9030df8b7005dd3d6ec3
26804518478,Addressing comment on PR #1479,dynamic,completed,success,2026-06-02T07:14:11Z,2026-06-02T07:16:15Z,124,48ca56c1540fa24cd7afead2a74014b7a0451eaf
26804472699,Style,pull_request,completed,failure,2026-06-02T07:13:08Z,2026-06-02T07:22:44Z,576,cd8e264c45fa71dd000e2bf711bf1fff3d02de72
26804472827,clang-format,pull_request,completed,success,2026-06-02T07:13:08Z,2026-06-02T07:23:00Z,592,cd8e264c45fa71dd000e2bf711bf1fff3d02de72
26804472820,ci-no-onnx,pull_request,completed,cancelled,2026-06-02T07:13:08Z,2026-06-02T07:24:25Z,677,cd8e264c45fa71dd000e2bf711bf1fff3d02de72
26804472707,Documentation,pull_request,completed,cancelled,2026-06-02T07:13:08Z,2026-06-02T07:24:25Z,677,cd8e264c45fa71dd000e2bf711bf1fff3d02de72
26804472524,ci-debug-ubuntu,pull_request,completed,cancelled,2026-06-02T07:13:08Z,2026-06-02T07:24:25Z,677,cd8e264c45fa71dd000e2bf711bf1fff3d02de72
26804472613,Standalone example,pull_request,completed,cancelled,2026-06-02T07:13:08Z,2026-06-02T07:24:25Z,677,cd8e264c45fa71dd000e2bf711bf1fff3d02de72
26804472623,Mypy,pull_request,completed,cancelled,2026-06-02T07:13:08Z,2026-06-02T07:24:26Z,678,cd8e264c45fa71dd000e2bf711bf1fff3d02de72
26804472651,ci-1-core,pull_request,completed,cancelled,2026-06-02T07:13:08Z,2026-06-02T07:24:10Z,662,cd8e264c45fa71dd000e2bf711bf1fff3d02de72
26804472756,Pyrefly,pull_request,completed,cancelled,2026-06-02T07:13:08Z,2026-06-02T07:24:13Z,665,cd8e264c45fa71dd000e2bf711bf1fff3d02de72
26804472796,Spelling,pull_request,completed,cancelled,2026-06-02T07:13:08Z,2026-06-02T07:24:10Z,662,cd8e264c45fa71dd000e2bf711bf1fff3d02de72
26804443883,ci-1-core,pull_request,completed,action_required,2026-06-02T07:12:27Z,2026-06-02T07:12:27Z,0,4b47b2126728bc0fdda77c708fc801c32e850bc4
26804443916,Style,pull_request,completed,action_required,2026-06-02T07:12:27Z,2026-06-02T07:12:27Z,0,4b47b2126728bc0fdda77c708fc801c32e850bc4
26804443959,ci-debug-ubuntu,pull_request,completed,action_required,2026-06-02T07:12:27Z,2026-06-02T07:12:27Z,0,4b47b2126728bc0fdda77c708fc801c32e850bc4
26804443803,Documentation,pull_request,completed,action_required,2026-06-02T07:12:27Z,2026-06-02T07:12:27Z,0,4b47b2126728bc0fdda77c708fc801c32e850bc4
26804443851,Pyrefly,pull_request,completed,action_required,2026-06-02T07:12:27Z,2026-06-02T07:12:27Z,0,4b47b2126728bc0fdda77c708fc801c32e850bc4
26804443840,Spelling,pull_request,completed,action_required,2026-06-02T07:12:27Z,2026-06-02T07:12:27Z,0,4b47b2126728bc0fdda77c708fc801c32e850bc4
26804443881,Mypy,pull_request,completed,action_required,2026-06-02T07:12:27Z,2026-06-02T07:12:27Z,0,4b47b2126728bc0fdda77c708fc801c32e850bc4
26804443859,ci-no-onnx,pull_request,completed,action_required,2026-06-02T07:12:27Z,2026-06-02T07:12:27Z,0,4b47b2126728bc0fdda77c708fc801c32e850bc4
26804443853,Standalone example,pull_request,completed,action_required,2026-06-02T07:12:27Z,2026-06-02T07:12:27Z,0,4b47b2126728bc0fdda77c708fc801c32e850bc4
26804443862,clang-format,pull_request,completed,action_required,2026-06-02T07:12:27Z,2026-06-02T07:12:27Z,0,4b47b2126728bc0fdda77c708fc801c32e850bc4
26804442301,Build,workflow_run,completed,action_required,2026-06-02T07:12:25Z,2026-06-02T07:12:25Z,0,6f7b4f8652c8f8d9b8b7c1ab7e27d1b3f33dc46d
26804197283,Style,pull_request,completed,action_required,2026-06-02T07:06:34Z,2026-06-02T07:06:34Z,0,aaa1e8c89d27ac396ae94ae24cd54ce4ef599cc3
26804197245,Mypy,pull_request,completed,action_required,2026-06-02T07:06:34Z,2026-06-02T07:06:34Z,0,aaa1e8c89d27ac396ae94ae24cd54ce4ef599cc3
26804197344,Pyrefly,pull_request,completed,action_required,2026-06-02T07:06:34Z,2026-06-02T07:06:34Z,0,aaa1e8c89d27ac396ae94ae24cd54ce4ef599cc3
26804197307,ci-1-core,pull_request,completed,action_required,2026-06-02T07:06:34Z,2026-06-02T07:06:34Z,0,aaa1e8c89d27ac396ae94ae24cd54ce4ef599cc3
26804197290,clang-format,pull_request,completed,action_required,2026-06-02T07:06:34Z,2026-06-02T07:06:34Z,0,aaa1e8c89d27ac396ae94ae24cd54ce4ef599cc3
26804197285,Standalone example,pull_request,completed,action_required,2026-06-02T07:06:34Z,2026-06-02T07:06:34Z,0,aaa1e8c89d27ac396ae94ae24cd54ce4ef599cc3
26804197382,Spelling,pull_request,completed,action_required,2026-06-02T07:06:34Z,2026-06-02T07:06:34Z,0,aaa1e8c89d27ac396ae94ae24cd54ce4ef599cc3
26804197362,ci-no-onnx,pull_request,completed,action_required,2026-06-02T07:06:34Z,2026-06-02T07:06:34Z,0,aaa1e8c89d27ac396ae94ae24cd54ce4ef599cc3
26804197579,ci-debug-ubuntu,pull_request,completed,action_required,2026-06-02T07:06:34Z,2026-06-02T07:06:34Z,0,aaa1e8c89d27ac396ae94ae24cd54ce4ef599cc3
26804195148,Running Copilot cloud agent,dynamic,completed,success,2026-06-02T07:06:30Z,2026-06-02T07:33:52Z,1642,aaa1e8c89d27ac396ae94ae24cd54ce4ef599cc3
26804159739,Running Copilot cloud agent,dynamic,completed,success,2026-06-02T07:05:39Z,2026-06-02T07:26:58Z,1279,e0f7bd861e3a7804bc76add05e31bed2f0139795
26804106558,Running Copilot cloud agent,dynamic,completed,success,2026-06-02T07:04:25Z,2026-06-02T07:17:38Z,793,84775b1a0ae2e71474bf863b7642430bd8587707
26804095880,Build,workflow_run,completed,action_required,2026-06-02T07:04:11Z,2026-06-02T07:04:11Z,0,6f7b4f8652c8f8d9b8b7c1ab7e27d1b3f33dc46d
26803963695,Style,pull_request,completed,action_required,2026-06-02T07:01:00Z,2026-06-02T07:01:00Z,0,bdaa331d1ec0332a7908f3551948fbc8d2e6ac26
26803963710,Standalone example,pull_request,completed,action_required,2026-06-02T07:01:00Z,2026-06-02T07:01:00Z,0,bdaa331d1ec0332a7908f3551948fbc8d2e6ac26
26803963720,clang-format,pull_request,completed,action_required,2026-06-02T07:01:00Z,2026-06-02T07:01:00Z,0,bdaa331d1ec0332a7908f3551948fbc8d2e6ac26
26803963696,ci-no-onnx,pull_request,completed,action_required,2026-06-02T07:01:00Z,2026-06-02T07:01:00Z,0,bdaa331d1ec0332a7908f3551948fbc8d2e6ac26
26803963740,ci-debug-ubuntu,pull_request,completed,action_required,2026-06-02T07:01:00Z,2026-06-02T07:01:00Z,0,bdaa331d1ec0332a7908f3551948fbc8d2e6ac26
26803963742,Pyrefly,pull_request,completed,action_required,2026-06-02T07:01:00Z,2026-06-02T07:01:00Z,0,bdaa331d1ec0332a7908f3551948fbc8d2e6ac26
26803963727,Spelling,pull_request,completed,action_required,2026-06-02T07:01:00Z,2026-06-02T07:01:00Z,0,bdaa331d1ec0332a7908f3551948fbc8d2e6ac26
26803963763,Mypy,pull_request,completed,action_required,2026-06-02T07:01:00Z,2026-06-02T07:01:00Z,0,bdaa331d1ec0332a7908f3551948fbc8d2e6ac26
26803963781,ci-1-core,pull_request,completed,action_required,2026-06-02T07:01:00Z,2026-06-02T07:01:00Z,0,bdaa331d1ec0332a7908f3551948fbc8d2e6ac26
26803961655,Running Copilot cloud agent,dynamic,completed,success,2026-06-02T07:00:57Z,2026-06-02T07:13:25Z,748,bdaa331d1ec0332a7908f3551948fbc8d2e6ac26
26782746059,clang-format,pull_request,completed,success,2026-06-01T21:19:55Z,2026-06-02T06:52:41Z,34366,48ca56c1540fa24cd7afead2a74014b7a0451eaf
26782746052,Spelling,pull_request,completed,success,2026-06-01T21:19:55Z,2026-06-02T06:53:07Z,34392,48ca56c1540fa24cd7afead2a74014b7a0451eaf
26782745998,Mypy,pull_request,completed,success,2026-06-01T21:19:55Z,2026-06-02T07:00:42Z,34847,48ca56c1540fa24cd7afead2a74014b7a0451eaf
26782746012,Style,pull_request,completed,success,2026-06-01T21:19:55Z,2026-06-02T07:00:55Z,34860,48ca56c1540fa24cd7afead2a74014b7a0451eaf
26782745987,ci-no-onnx,pull_request,completed,success,2026-06-01T21:19:55Z,2026-06-02T07:01:02Z,34867,48ca56c1540fa24cd7afead2a74014b7a0451eaf
26782745999,ci-debug-ubuntu,pull_request,completed,failure,2026-06-01T21:19:55Z,2026-06-02T07:03:34Z,35019,48ca56c1540fa24cd7afead2a74014b7a0451eaf
26782746041,ci-1-core,pull_request,completed,failure,2026-06-01T21:19:55Z,2026-06-02T07:04:07Z,35052,48ca56c1540fa24cd7afead2a74014b7a0451eaf
26782746013,Pyrefly,pull_request,completed,success,2026-06-01T21:19:55Z,2026-06-02T07:08:31Z,35316,48ca56c1540fa24cd7afead2a74014b7a0451eaf
26782745993,Standalone example,pull_request,completed,success,2026-06-01T21:19:55Z,2026-06-02T07:10:27Z,35432,48ca56c1540fa24cd7afead2a74014b7a0451eaf
26782648578,Build,workflow_run,completed,success,2026-06-01T21:17:53Z,2026-06-01T22:15:52Z,3479,6f7b4f8652c8f8d9b8b7c1ab7e27d1b3f33dc46d
26782588988,Spelling,pull_request,completed,success,2026-06-01T21:16:41Z,2026-06-02T06:52:27Z,34546,58b818185b8a8197fe10adff582b015cf8d54f19
26782589008,Style,pull_request,completed,success,2026-06-01T21:16:41Z,2026-06-02T06:52:29Z,34548,58b818185b8a8197fe10adff582b015cf8d54f19
26782588975,clang-format,pull_request,completed,success,2026-06-01T21:16:41Z,2026-06-02T06:52:29Z,34548,58b818185b8a8197fe10adff582b015cf8d54f19
26782588993,Pyrefly,pull_request,completed,success,2026-06-01T21:16:41Z,2026-06-02T07:00:07Z,35006,58b818185b8a8197fe10adff582b015cf8d54f19
26782589024,ci-no-onnx,pull_request,completed,success,2026-06-01T21:16:41Z,2026-06-02T07:00:42Z,35041,58b818185b8a8197fe10adff582b015cf8d54f19
26782588981,Standalone example,pull_request,completed,cancelled,2026-06-01T21:16:41Z,2026-06-02T07:02:27Z,35146,58b818185b8a8197fe10adff582b015cf8d54f19
26782589022,ci-debug-ubuntu,pull_request,completed,success,2026-06-01T21:16:41Z,2026-06-02T07:03:14Z,35193,58b818185b8a8197fe10adff582b015cf8d54f19
26782589023,Mypy,pull_request,completed,success,2026-06-01T21:16:41Z,2026-06-02T07:09:04Z,35543,58b818185b8a8197fe10adff582b015cf8d54f19
26782589038,ci-1-core,pull_request,completed,success,2026-06-01T21:16:41Z,2026-06-02T07:20:35Z,36234,58b818185b8a8197fe10adff582b015cf8d54f19
26782515295,Spelling,pull_request,completed,success,2026-06-01T21:15:12Z,2026-06-02T06:52:33Z,34641,3047bf5db489b8bc6994c1ce2aaee3486c7e59df
26782515279,clang-format,pull_request,completed,success,2026-06-01T21:15:12Z,2026-06-02T06:52:55Z,34663,3047bf5db489b8bc6994c1ce2aaee3486c7e59df
26782515258,Mypy,pull_request,completed,success,2026-06-01T21:15:12Z,2026-06-02T07:00:39Z,35127,3047bf5db489b8bc6994c1ce2aaee3486c7e59df
26782515266,ci-no-onnx,pull_request,completed,success,2026-06-01T21:15:12Z,2026-06-02T07:00:40Z,35128,3047bf5db489b8bc6994c1ce2aaee3486c7e59df
26782515254,Style,pull_request,completed,success,2026-06-01T21:15:12Z,2026-06-02T07:00:44Z,35132,3047bf5db489b8bc6994c1ce2aaee3486c7e59df
26782515285,Pyrefly,pull_request,completed,success,2026-06-01T21:15:12Z,2026-06-02T07:01:01Z,35149,3047bf5db489b8bc6994c1ce2aaee3486c7e59df
26782515267,ci-debug-ubuntu,pull_request,completed,failure,2026-06-01T21:15:12Z,2026-06-02T07:03:31Z,35299,3047bf5db489b8bc6994c1ce2aaee3486c7e59df
26782515280,Standalone example,pull_request,completed,success,2026-06-01T21:15:12Z,2026-06-02T07:09:42Z,35670,3047bf5db489b8bc6994c1ce2aaee3486c7e59df
26782515269,ci-1-core,pull_request,completed,failure,2026-06-01T21:15:12Z,2026-06-02T07:12:22Z,35830,3047bf5db489b8bc6994c1ce2aaee3486c7e59df
26781841030,Style,pull_request,completed,success,2026-06-01T21:01:45Z,2026-06-02T06:52:21Z,35436,022bdc83046a18dd605488483a30264bd11d14c6
26781840977,Mypy,pull_request,completed,success,2026-06-01T21:01:45Z,2026-06-02T07:00:51Z,35946,022bdc83046a18dd605488483a30264bd11d14c6
26781840909,clang-format,pull_request,completed,success,2026-06-01T21:01:44Z,2026-06-02T06:52:24Z,35440,022bdc83046a18dd605488483a30264bd11d14c6
26781840928,Spelling,pull_request,completed,success,2026-06-01T21:01:44Z,2026-06-02T06:52:22Z,35438,022bdc83046a18dd605488483a30264bd11d14c6
26781840897,ci-no-onnx,pull_request,completed,success,2026-06-01T21:01:44Z,2026-06-02T07:00:33Z,35929,022bdc83046a18dd605488483a30264bd11d14c6
26781840901,Standalone example,pull_request,completed,success,2026-06-01T21:01:44Z,2026-06-02T07:00:46Z,35942,022bdc83046a18dd605488483a30264bd11d14c6
26781840938,Pyrefly,pull_request,completed,success,2026-06-01T21:01:44Z,2026-06-02T07:00:51Z,35947,022bdc83046a18dd605488483a30264bd11d14c6
26781840921,ci-debug-ubuntu,pull_request,completed,success,2026-06-01T21:01:44Z,2026-06-02T07:02:44Z,36060,022bdc83046a18dd605488483a30264bd11d14c6
26781840917,ci-1-core,pull_request,completed,success,2026-06-01T21:01:44Z,2026-06-02T07:19:35Z,37071,022bdc83046a18dd605488483a30264bd11d14c6
26781369544,Spelling,pull_request,completed,action_required,2026-06-01T20:52:47Z,2026-06-01T20:52:47Z,0,5ea33e274c7e41fb3a9249926aa710c05c0affa9
26781369608,Standalone example,pull_request,completed,action_required,2026-06-01T20:52:47Z,2026-06-01T20:52:47Z,0,5ea33e274c7e41fb3a9249926aa710c05c0affa9
26781369642,ci-1-core,pull_request,completed,action_required,2026-06-01T20:52:47Z,2026-06-01T20:52:47Z,0,5ea33e274c7e41fb3a9249926aa710c05c0affa9
26781369579,ci-no-onnx,pull_request,completed,action_required,2026-06-01T20:52:47Z,2026-06-01T20:52:47Z,0,5ea33e274c7e41fb3a9249926aa710c05c0affa9
26781369434,Pyrefly,pull_request,completed,action_required,2026-06-01T20:52:46Z,2026-06-01T20:52:46Z,0,5ea33e274c7e41fb3a9249926aa710c05c0affa9
26781369486,clang-format,pull_request,completed,action_required,2026-06-01T20:52:46Z,2026-06-01T20:52:46Z,0,5ea33e274c7e41fb3a9249926aa710c05c0affa9
26781369475,Style,pull_request,completed,action_required,2026-06-01T20:52:46Z,2026-06-01T20:52:46Z,0,5ea33e274c7e41fb3a9249926aa710c05c0affa9
26781369510,ci-debug-ubuntu,pull_request,completed,action_required,2026-06-01T20:52:46Z,2026-06-01T20:52:46Z,0,5ea33e274c7e41fb3a9249926aa710c05c0affa9
26781369505,Mypy,pull_request,completed,action_required,2026-06-01T20:52:46Z,2026-06-01T20:52:46Z,0,5ea33e274c7e41fb3a9249926aa710c05c0affa9
26781367339,Running Copilot cloud agent,dynamic,completed,success,2026-06-01T20:52:44Z,2026-06-01T21:19:07Z,1583,5ea33e274c7e41fb3a9249926aa710c05c0affa9
26781338323,Running Copilot cloud agent,dynamic,completed,success,2026-06-01T20:52:11Z,2026-06-01T21:23:46Z,1895,c7f4e82915d320bed6f2d6073eeb228c14564da7
26781320877,Running Copilot cloud agent,dynamic,completed,success,2026-06-01T20:51:52Z,2026-06-01T21:17:13Z,1521,8bcf9159bc438639c4f5831c66332e19be028f74
26781301324,Addressing comment on PR #1477,dynamic,completed,success,2026-06-01T20:51:30Z,2026-06-01T21:01:59Z,629,bd495195781fe31c28a7b05e3663d6613b6bea65
26781284063,Build,workflow_run,completed,skipped,2026-06-01T20:51:09Z,2026-06-01T20:51:11Z,2,6f7b4f8652c8f8d9b8b7c1ab7e27d1b3f33dc46d
26781276380,Build,workflow_run,completed,skipped,2026-06-01T20:51:01Z,2026-06-01T20:51:02Z,1,6f7b4f8652c8f8d9b8b7c1ab7e27d1b3f33dc46d
26781276053,Style,push,completed,success,2026-06-01T20:51:01Z,2026-06-01T20:51:13Z,12,6f7b4f8652c8f8d9b8b7c1ab7e27d1b3f33dc46d
26781276045,clang-format,push,completed,success,2026-06-01T20:51:01Z,2026-06-01T20:51:14Z,13,6f7b4f8652c8f8d9b8b7c1ab7e27d1b3f33dc46d
26781276043,Spelling,push,completed,success,2026-06-01T20:51:01Z,2026-06-01T20:51:15Z,14,6f7b4f8652c8f8d9b8b7c1ab7e27d1b3f33dc46d
26781276099,Pyrefly,push,completed,success,2026-06-01T20:51:01Z,2026-06-01T20:58:57Z,476,6f7b4f8652c8f8d9b8b7c1ab7e27d1b3f33dc46d
26781276101,ci-no-onnx,push,completed,success,2026-06-01T20:51:01Z,2026-06-01T20:59:29Z,508,6f7b4f8652c8f8d9b8b7c1ab7e27d1b3f33dc46d
26781276121,Mypy,push,completed,success,2026-06-01T20:51:01Z,2026-06-01T20:59:09Z,488,6f7b4f8652c8f8d9b8b7c1ab7e27d1b3f33dc46d
26781276075,Standalone example,push,completed,success,2026-06-01T20:51:01Z,2026-06-01T21:01:07Z,606,6f7b4f8652c8f8d9b8b7c1ab7e27d1b3f33dc46d
26781276065,ci-debug-ubuntu,push,completed,success,2026-06-01T20:51:01Z,2026-06-01T21:02:23Z,682,6f7b4f8652c8f8d9b8b7c1ab7e27d1b3f33dc46d
26781276104,ci-1-core,push,completed,success,2026-06-01T20:51:01Z,2026-06-01T21:17:50Z,1609,6f7b4f8652c8f8d9b8b7c1ab7e27d1b3f33dc46d
26781259128,clang-format,push,completed,success,2026-06-01T20:50:41Z,2026-06-01T20:50:55Z,14,f0a1c1218729d479eef6ce1c70e3dcfcf0c41f98
26781258060,Spelling,push,completed,success,2026-06-01T20:50:40Z,2026-06-01T20:50:52Z,12,f0a1c1218729d479eef6ce1c70e3dcfcf0c41f98
26781258076,Style,push,completed,success,2026-06-01T20:50:40Z,2026-06-01T20:50:55Z,15,f0a1c1218729d479eef6ce1c70e3dcfcf0c41f98
26781258035,Standalone example,push,completed,cancelled,2026-06-01T20:50:40Z,2026-06-01T20:51:08Z,28,f0a1c1218729d479eef6ce1c70e3dcfcf0c41f98
26781258054,Pyrefly,push,completed,cancelled,2026-06-01T20:50:40Z,2026-06-01T20:51:03Z,23,f0a1c1218729d479eef6ce1c70e3dcfcf0c41f98
26781258047,ci-no-onnx,push,completed,cancelled,2026-06-01T20:50:40Z,2026-06-01T20:51:04Z,24,f0a1c1218729d479eef6ce1c70e3dcfcf0c41f98
26781258017,ci-debug-ubuntu,push,completed,cancelled,2026-06-01T20:50:40Z,2026-06-01T20:51:04Z,24,f0a1c1218729d479eef6ce1c70e3dcfcf0c41f98
26781258055,ci-1-core,push,completed,cancelled,2026-06-01T20:50:40Z,2026-06-01T20:51:04Z,24,f0a1c1218729d479eef6ce1c70e3dcfcf0c41f98
26781258041,Mypy,push,completed,cancelled,2026-06-01T20:50:40Z,2026-06-01T20:51:03Z,23,f0a1c1218729d479eef6ce1c70e3dcfcf0c41f98
26781249008,Build,workflow_run,completed,skipped,2026-06-01T20:50:30Z,2026-06-01T20:50:31Z,1,03027d2b5a8da0faa3c4f1e0fcac34ce207a66c6
26781229134,Spelling,push,completed,success,2026-06-01T20:50:09Z,2026-06-01T20:50:22Z,13,03027d2b5a8da0faa3c4f1e0fcac34ce207a66c6
26781229116,Style,push,completed,success,2026-06-01T20:50:09Z,2026-06-01T20:50:20Z,11,03027d2b5a8da0faa3c4f1e0fcac34ce207a66c6
26781229278,clang-format,push,completed,success,2026-06-01T20:50:09Z,2026-06-01T20:50:25Z,16,03027d2b5a8da0faa3c4f1e0fcac34ce207a66c6
26781229113,ci-no-onnx,push,completed,cancelled,2026-06-01T20:50:09Z,2026-06-01T20:50:57Z,48,03027d2b5a8da0faa3c4f1e0fcac34ce207a66c6
26781229122,ci-1-core,push,completed,cancelled,2026-06-01T20:50:09Z,2026-06-01T20:50:58Z,49,03027d2b5a8da0faa3c4f1e0fcac34ce207a66c6
26781229167,ci-debug-ubuntu,push,completed,cancelled,2026-06-01T20:50:09Z,2026-06-01T20:50:58Z,49,03027d2b5a8da0faa3c4f1e0fcac34ce207a66c6
26781229200,Pyrefly,push,completed,cancelled,2026-06-01T20:50:09Z,2026-06-01T20:50:58Z,49,03027d2b5a8da0faa3c4f1e0fcac34ce207a66c6
26781229132,Mypy,push,completed,cancelled,2026-06-01T20:50:09Z,2026-06-01T20:50:59Z,50,03027d2b5a8da0faa3c4f1e0fcac34ce207a66c6
26781229109,Standalone example,push,completed,cancelled,2026-06-01T20:50:09Z,2026-06-01T20:50:56Z,47,03027d2b5a8da0faa3c4f1e0fcac34ce207a66c6
26781200131,Standalone example,push,completed,cancelled,2026-06-01T20:49:38Z,2026-06-01T20:50:26Z,48,938230acd2c9e94d313ba5529e4f02eb079bc4c9
26781200910,ci-no-onnx,push,completed,cancelled,2026-06-01T20:49:38Z,2026-06-01T20:50:28Z,50,938230acd2c9e94d313ba5529e4f02eb079bc4c9
26781200125,ci-1-core,push,completed,cancelled,2026-06-01T20:49:38Z,2026-06-01T20:50:28Z,50,938230acd2c9e94d313ba5529e4f02eb079bc4c9
26781199210,Spelling,push,completed,success,2026-06-01T20:49:37Z,2026-06-01T20:49:48Z,11,938230acd2c9e94d313ba5529e4f02eb079bc4c9
26781199245,Style,push,completed,success,2026-06-01T20:49:37Z,2026-06-01T20:49:49Z,12,938230acd2c9e94d313ba5529e4f02eb079bc4c9
26781199823,clang-format,push,completed,success,2026-06-01T20:49:37Z,2026-06-01T20:50:02Z,25,938230acd2c9e94d313ba5529e4f02eb079bc4c9
26781199844,Mypy,push,completed,cancelled,2026-06-01T20:49:37Z,2026-06-01T20:50:26Z,49,938230acd2c9e94d313ba5529e4f02eb079bc4c9
26781199217,Pyrefly,push,completed,cancelled,2026-06-01T20:49:37Z,2026-06-01T20:50:26Z,49,938230acd2c9e94d313ba5529e4f02eb079bc4c9
26781199198,ci-debug-ubuntu,push,completed,cancelled,2026-06-01T20:49:37Z,2026-06-01T20:50:28Z,51,938230acd2c9e94d313ba5529e4f02eb079bc4c9
26781152265,Build,workflow_run,completed,action_required,2026-06-01T20:48:45Z,2026-06-01T20:48:45Z,0,bc2c0947b70ed933c6cea811eb9fd10420d45fb2
26780971633,Build,workflow_run,completed,action_required,2026-06-01T20:45:20Z,2026-06-01T20:45:20Z,0,bc2c0947b70ed933c6cea811eb9fd10420d45fb2
26780604663,Build,workflow_run,completed,action_required,2026-06-01T20:38:28Z,2026-06-01T20:38:28Z,0,bc2c0947b70ed933c6cea811eb9fd10420d45fb2
26780509978,Build,workflow_run,completed,action_required,2026-06-01T20:36:41Z,2026-06-01T20:36:41Z,0,bc2c0947b70ed933c6cea811eb9fd10420d45fb2
26780484520,Build,workflow_run,completed,action_required,2026-06-01T20:36:13Z,2026-06-01T20:36:13Z,0,bc2c0947b70ed933c6cea811eb9fd10420d45fb2
26779594802,Addressing comment on PR #1473,dynamic,completed,success,2026-06-01T20:19:02Z,2026-06-01T20:20:44Z,102,0e5bf416924406adaecf0e51f11ba43f8299009e
26779576053,Spelling,pull_request,completed,success,2026-06-01T20:18:40Z,2026-06-01T20:26:49Z,489,0e5bf416924406adaecf0e51f11ba43f8299009e
26779576175,clang-format,pull_request,completed,success,2026-06-01T20:18:40Z,2026-06-01T20:26:52Z,492,0e5bf416924406adaecf0e51f11ba43f8299009e
26779576141,Style,pull_request,completed,success,2026-06-01T20:18:40Z,2026-06-01T20:26:54Z,494,0e5bf416924406adaecf0e51f11ba43f8299009e
26779576109,ci-1-core,pull_request,completed,success,2026-06-01T20:18:40Z,2026-06-01T20:48:42Z,1802,0e5bf416924406adaecf0e51f11ba43f8299009e
26779576163,ci-debug-ubuntu,pull_request,completed,success,2026-06-01T20:18:40Z,2026-06-01T20:37:55Z,1155,0e5bf416924406adaecf0e51f11ba43f8299009e
26779576167,Mypy,pull_request,completed,success,2026-06-01T20:18:40Z,2026-06-01T20:34:38Z,958,0e5bf416924406adaecf0e51f11ba43f8299009e
26779576151,ci-no-onnx,pull_request,completed,success,2026-06-01T20:18:40Z,2026-06-01T20:34:33Z,953,0e5bf416924406adaecf0e51f11ba43f8299009e
26779576088,Pyrefly,pull_request,completed,success,2026-06-01T20:18:40Z,2026-06-01T20:35:23Z,1003,0e5bf416924406adaecf0e51f11ba43f8299009e
26779576171,Standalone example,pull_request,completed,success,2026-06-01T20:18:40Z,2026-06-01T20:36:16Z,1056,0e5bf416924406adaecf0e51f11ba43f8299009e
26779175518,Style,pull_request,completed,success,2026-06-01T20:10:53Z,2026-06-01T20:17:25Z,392,b71113304f75ebe2b6485e278abafa6b0ed8e18f
26779175539,clang-format,pull_request,completed,success,2026-06-01T20:10:53Z,2026-06-01T20:17:26Z,393,b71113304f75ebe2b6485e278abafa6b0ed8e18f
26779175569,Spelling,pull_request,completed,success,2026-06-01T20:10:53Z,2026-06-01T20:17:36Z,403,b71113304f75ebe2b6485e278abafa6b0ed8e18f
26779175544,ci-no-onnx,pull_request,completed,success,2026-06-01T20:10:53Z,2026-06-01T20:22:17Z,684,b71113304f75ebe2b6485e278abafa6b0ed8e18f
26779175525,Mypy,pull_request,completed,success,2026-06-01T20:10:53Z,2026-06-01T20:25:00Z,847,b71113304f75ebe2b6485e278abafa6b0ed8e18f
26779175714,Pyrefly,pull_request,completed,success,2026-06-01T20:10:53Z,2026-06-01T20:25:40Z,887,b71113304f75ebe2b6485e278abafa6b0ed8e18f
26779175628,ci-debug-ubuntu,pull_request,completed,success,2026-06-01T20:10:53Z,2026-06-01T20:26:16Z,923,b71113304f75ebe2b6485e278abafa6b0ed8e18f
26779175606,Standalone example,pull_request,completed,success,2026-06-01T20:10:53Z,2026-06-01T20:26:50Z,957,b71113304f75ebe2b6485e278abafa6b0ed8e18f
26779175645,ci-1-core,pull_request,completed,success,2026-06-01T20:10:53Z,2026-06-01T20:45:18Z,2065,b71113304f75ebe2b6485e278abafa6b0ed8e18f
26779068128,Addressing comment on PR #1474,dynamic,completed,success,2026-06-01T20:08:48Z,2026-06-01T20:11:03Z,135,857555c6dc2efcf59908488a7d05440b0284d809
26779045230,Addressing comment on PR #1473,dynamic,completed,success,2026-06-01T20:08:21Z,2026-06-01T20:18:56Z,635,9396e97b0f1d91bf6947aae7ab87aacf1e244493
26777421865,Style,pull_request,completed,success,2026-06-01T19:36:36Z,2026-06-01T20:09:11Z,1955,c471a9516e32ad6dd41eb7b2ad1f50781fc8a043
26777421816,Spelling,pull_request,completed,success,2026-06-01T19:36:36Z,2026-06-01T20:09:16Z,1960,c471a9516e32ad6dd41eb7b2ad1f50781fc8a043
26777421754,clang-format,pull_request,completed,success,2026-06-01T19:36:36Z,2026-06-01T20:09:19Z,1963,c471a9516e32ad6dd41eb7b2ad1f50781fc8a043
26777421783,Pyrefly,pull_request,completed,success,2026-06-01T19:36:36Z,2026-06-01T20:15:16Z,2320,c471a9516e32ad6dd41eb7b2ad1f50781fc8a043
26777421809,Mypy,pull_request,completed,success,2026-06-01T19:36:36Z,2026-06-01T20:15:35Z,2339,c471a9516e32ad6dd41eb7b2ad1f50781fc8a043
26777421858,Standalone example,pull_request,completed,success,2026-06-01T19:36:36Z,2026-06-01T20:18:32Z,2516,c471a9516e32ad6dd41eb7b2ad1f50781fc8a043
26777421751,ci-no-onnx,pull_request,completed,success,2026-06-01T19:36:36Z,2026-06-01T20:17:56Z,2480,c471a9516e32ad6dd41eb7b2ad1f50781fc8a043
26777421824,ci-debug-ubuntu,pull_request,completed,success,2026-06-01T19:36:36Z,2026-06-01T20:20:06Z,2610,c471a9516e32ad6dd41eb7b2ad1f50781fc8a043
26777421785,ci-1-core,pull_request,completed,success,2026-06-01T19:36:36Z,2026-06-01T20:36:37Z,3601,c471a9516e32ad6dd41eb7b2ad1f50781fc8a043
26777369806,Style,pull_request,completed,success,2026-06-01T19:35:32Z,2026-06-01T20:09:35Z,2043,8a1d1bbbf28d638f808403674d43a7229b2494a7
26777369800,Spelling,pull_request,completed,success,2026-06-01T19:35:32Z,2026-06-01T20:09:36Z,2044,8a1d1bbbf28d638f808403674d43a7229b2494a7
26777369866,clang-format,pull_request,completed,success,2026-06-01T19:35:32Z,2026-06-01T20:09:37Z,2045,8a1d1bbbf28d638f808403674d43a7229b2494a7
26777369823,Mypy,pull_request,completed,success,2026-06-01T19:35:32Z,2026-06-01T20:17:20Z,2508,8a1d1bbbf28d638f808403674d43a7229b2494a7
26777369840,ci-no-onnx,pull_request,completed,success,2026-06-01T19:35:32Z,2026-06-01T20:17:18Z,2506,8a1d1bbbf28d638f808403674d43a7229b2494a7
26777369794,Pyrefly,pull_request,completed,success,2026-06-01T19:35:32Z,2026-06-01T20:17:38Z,2526,8a1d1bbbf28d638f808403674d43a7229b2494a7
26777369907,Standalone example,pull_request,completed,success,2026-06-01T19:35:32Z,2026-06-01T20:18:17Z,2565,8a1d1bbbf28d638f808403674d43a7229b2494a7
26777369830,ci-debug-ubuntu,pull_request,completed,success,2026-06-01T19:35:32Z,2026-06-01T20:20:41Z,2709,8a1d1bbbf28d638f808403674d43a7229b2494a7
26777369791,ci-1-core,pull_request,completed,success,2026-06-01T19:35:32Z,2026-06-01T20:36:08Z,3636,8a1d1bbbf28d638f808403674d43a7229b2494a7
26777279541,Addressing comment on PR #1477,dynamic,completed,success,2026-06-01T19:33:43Z,2026-06-01T19:35:52Z,129,bd495195781fe31c28a7b05e3663d6613b6bea65
26777266373,clang-format,pull_request,completed,success,2026-06-01T19:33:27Z,2026-06-01T20:10:13Z,2206,bd495195781fe31c28a7b05e3663d6613b6bea65
26777266420,Spelling,pull_request,completed,success,2026-06-01T19:33:27Z,2026-06-01T20:10:20Z,2213,bd495195781fe31c28a7b05e3663d6613b6bea65
26777266369,Style,pull_request,completed,success,2026-06-01T19:33:27Z,2026-06-01T20:10:06Z,2199,bd495195781fe31c28a7b05e3663d6613b6bea65
26777266430,Mypy,pull_request,completed,success,2026-06-01T19:33:27Z,2026-06-01T20:18:20Z,2693,bd495195781fe31c28a7b05e3663d6613b6bea65
26777266412,Pyrefly,pull_request,completed,success,2026-06-01T19:33:27Z,2026-06-01T20:17:53Z,2666,bd495195781fe31c28a7b05e3663d6613b6bea65
26777266382,ci-no-onnx,pull_request,completed,success,2026-06-01T19:33:27Z,2026-06-01T20:18:03Z,2676,bd495195781fe31c28a7b05e3663d6613b6bea65
26777266407,Standalone example,pull_request,completed,success,2026-06-01T19:33:27Z,2026-06-01T20:19:35Z,2768,bd495195781fe31c28a7b05e3663d6613b6bea65
26777266388,ci-debug-ubuntu,pull_request,completed,success,2026-06-01T19:33:27Z,2026-06-01T20:21:24Z,2877,bd495195781fe31c28a7b05e3663d6613b6bea65
26777266350,ci-1-core,pull_request,completed,success,2026-06-01T19:33:27Z,2026-06-01T20:38:24Z,3897,bd495195781fe31c28a7b05e3663d6613b6bea65
26777254453,Addressing comment on PR #1476,dynamic,completed,success,2026-06-01T19:33:13Z,2026-06-01T19:35:45Z,152,32d37c4b279f46193b86e8d08cdc18511bdfd2b8
26777230174,Addressing comment on PR #1475,dynamic,completed,success,2026-06-01T19:32:45Z,2026-06-01T19:36:51Z,246,6e3b174f9869c1a41a666f9895d0a31fef29ba9b
26777148185,Addressing comment on PR #1477,dynamic,completed,success,2026-06-01T19:31:08Z,2026-06-01T19:33:37Z,149,923399a281c10e6491f651e941aa738264967cc1
26777130213,Build,workflow_run,completed,action_required,2026-06-01T19:30:46Z,2026-06-01T19:30:46Z,0,bc2c0947b70ed933c6cea811eb9fd10420d45fb2
26777120193,Build,workflow_run,completed,action_required,2026-06-01T19:30:35Z,2026-06-01T19:30:35Z,0,bc2c0947b70ed933c6cea811eb9fd10420d45fb2
26776803663,Build,workflow_run,completed,action_required,2026-06-01T19:24:19Z,2026-06-01T19:24:19Z,0,bc2c0947b70ed933c6cea811eb9fd10420d45fb2
26776792216,Build,workflow_run,completed,action_required,2026-06-01T19:24:05Z,2026-06-01T19:24:05Z,0,bc2c0947b70ed933c6cea811eb9fd10420d45fb2
26776658557,Build,workflow_run,completed,action_required,2026-06-01T19:21:26Z,2026-06-01T19:21:26Z,0,bc2c0947b70ed933c6cea811eb9fd10420d45fb2
26772638996,Spelling,pull_request,completed,success,2026-06-01T18:03:21Z,2026-06-01T19:21:21Z,4680,923399a281c10e6491f651e941aa738264967cc1
26772639320,Style,pull_request,completed,success,2026-06-01T18:03:21Z,2026-06-01T19:21:34Z,4693,923399a281c10e6491f651e941aa738264967cc1
26772639203,clang-format,pull_request,completed,success,2026-06-01T18:03:21Z,2026-06-01T19:20:59Z,4658,923399a281c10e6491f651e941aa738264967cc1
26772639201,Mypy,pull_request,completed,success,2026-06-01T18:03:21Z,2026-06-01T19:29:21Z,5160,923399a281c10e6491f651e941aa738264967cc1
26772639036,ci-no-onnx,pull_request,completed,success,2026-06-01T18:03:21Z,2026-06-01T19:26:51Z,5010,923399a281c10e6491f651e941aa738264967cc1
26772639303,Pyrefly,pull_request,completed,success,2026-06-01T18:03:21Z,2026-06-01T19:27:41Z,5060,923399a281c10e6491f651e941aa738264967cc1
26772639224,ci-1-core,pull_request,completed,failure,2026-06-01T18:03:21Z,2026-06-01T19:30:44Z,5243,923399a281c10e6491f651e941aa738264967cc1
26772639009,Standalone example,pull_request,completed,success,2026-06-01T18:03:21Z,2026-06-01T19:30:49Z,5248,923399a281c10e6491f651e941aa738264967cc1
26772639134,ci-debug-ubuntu,pull_request,completed,failure,2026-06-01T18:03:21Z,2026-06-01T19:32:23Z,5342,923399a281c10e6491f651e941aa738264967cc1
26772214647,Style,pull_request,completed,success,2026-06-01T17:55:09Z,2026-06-01T19:13:36Z,4707,32d37c4b279f46193b86e8d08cdc18511bdfd2b8
26772214745,Spelling,pull_request,completed,success,2026-06-01T17:55:09Z,2026-06-01T19:20:47Z,5138,32d37c4b279f46193b86e8d08cdc18511bdfd2b8
26772214713,Pyrefly,pull_request,completed,success,2026-06-01T17:55:09Z,2026-06-01T19:21:38Z,5189,32d37c4b279f46193b86e8d08cdc18511bdfd2b8
26772214753,clang-format,pull_request,completed,success,2026-06-01T17:55:09Z,2026-06-01T19:21:37Z,5188,32d37c4b279f46193b86e8d08cdc18511bdfd2b8
26772214643,ci-debug-ubuntu,pull_request,completed,failure,2026-06-01T17:55:09Z,2026-06-01T19:24:25Z,5356,32d37c4b279f46193b86e8d08cdc18511bdfd2b8
26772214718,Mypy,pull_request,completed,success,2026-06-01T17:55:09Z,2026-06-01T19:29:19Z,5650,32d37c4b279f46193b86e8d08cdc18511bdfd2b8
26772214829,Standalone example,pull_request,completed,success,2026-06-01T17:55:09Z,2026-06-01T19:28:08Z,5579,32d37c4b279f46193b86e8d08cdc18511bdfd2b8
26772214705,ci-no-onnx,pull_request,completed,success,2026-06-01T17:55:09Z,2026-06-01T19:29:11Z,5642,32d37c4b279f46193b86e8d08cdc18511bdfd2b8
26772214710,ci-1-core,pull_request,completed,failure,2026-06-01T17:55:09Z,2026-06-01T19:30:32Z,5723,32d37c4b279f46193b86e8d08cdc18511bdfd2b8
26772002940,clang-format,pull_request,completed,success,2026-06-01T17:51:03Z,2026-06-01T19:13:24Z,4941,6e3b174f9869c1a41a666f9895d0a31fef29ba9b
26772002989,Style,pull_request,completed,success,2026-06-01T17:51:03Z,2026-06-01T19:13:19Z,4936,6e3b174f9869c1a41a666f9895d0a31fef29ba9b
26772002972,Spelling,pull_request,completed,success,2026-06-01T17:51:03Z,2026-06-01T19:13:21Z,4938,6e3b174f9869c1a41a666f9895d0a31fef29ba9b
26772002980,Pyrefly,pull_request,completed,success,2026-06-01T17:51:03Z,2026-06-01T19:21:21Z,5418,6e3b174f9869c1a41a666f9895d0a31fef29ba9b
26772002917,Mypy,pull_request,completed,success,2026-06-01T17:51:03Z,2026-06-01T19:21:27Z,5424,6e3b174f9869c1a41a666f9895d0a31fef29ba9b
26772002931,ci-no-onnx,pull_request,completed,failure,2026-06-01T17:51:03Z,2026-06-01T19:21:37Z,5434,6e3b174f9869c1a41a666f9895d0a31fef29ba9b
26772002912,Standalone example,pull_request,completed,success,2026-06-01T17:51:03Z,2026-06-01T19:22:29Z,5486,6e3b174f9869c1a41a666f9895d0a31fef29ba9b
26772002979,ci-1-core,pull_request,completed,failure,2026-06-01T17:51:03Z,2026-06-01T19:24:03Z,5580,6e3b174f9869c1a41a666f9895d0a31fef29ba9b
26772002963,ci-debug-ubuntu,pull_request,completed,failure,2026-06-01T17:51:03Z,2026-06-01T19:24:36Z,5613,6e3b174f9869c1a41a666f9895d0a31fef29ba9b
26771997818,clang-format,pull_request,completed,success,2026-06-01T17:50:57Z,2026-06-01T19:12:57Z,4920,857555c6dc2efcf59908488a7d05440b0284d809
26771997876,Style,pull_request,completed,success,2026-06-01T17:50:57Z,2026-06-01T19:12:55Z,4918,857555c6dc2efcf59908488a7d05440b0284d809
26771997874,Spelling,pull_request,completed,success,2026-06-01T17:50:57Z,2026-06-01T19:12:54Z,4917,857555c6dc2efcf59908488a7d05440b0284d809
26771997854,Pyrefly,pull_request,completed,success,2026-06-01T17:50:57Z,2026-06-01T19:20:36Z,5379,857555c6dc2efcf59908488a7d05440b0284d809
26771997884,ci-no-onnx,pull_request,completed,success,2026-06-01T17:50:57Z,2026-06-01T19:21:02Z,5405,857555c6dc2efcf59908488a7d05440b0284d809
26771997914,Mypy,pull_request,completed,success,2026-06-01T17:50:57Z,2026-06-01T19:21:10Z,5413,857555c6dc2efcf59908488a7d05440b0284d809
26771997834,Standalone example,pull_request,completed,success,2026-06-01T17:50:57Z,2026-06-01T19:22:10Z,5473,857555c6dc2efcf59908488a7d05440b0284d809
26771997890,ci-debug-ubuntu,pull_request,completed,failure,2026-06-01T17:50:57Z,2026-06-01T19:23:33Z,5556,857555c6dc2efcf59908488a7d05440b0284d809
26771997845,ci-1-core,pull_request,completed,failure,2026-06-01T17:50:57Z,2026-06-01T19:24:16Z,5599,857555c6dc2efcf59908488a7d05440b0284d809
26771527426,Running Copilot cloud agent,dynamic,completed,success,2026-06-01T17:41:32Z,2026-06-01T18:07:12Z,1540,0532b6ddfd6f74cef30fb22f5a04239d5630eb52
26771426817,Style,pull_request,completed,success,2026-06-01T17:39:34Z,2026-06-01T19:10:48Z,5474,9396e97b0f1d91bf6947aae7ab87aacf1e244493
26771426899,Spelling,pull_request,completed,success,2026-06-01T17:39:34Z,2026-06-01T19:10:48Z,5474,9396e97b0f1d91bf6947aae7ab87aacf1e244493
26771426908,clang-format,pull_request,completed,success,2026-06-01T17:39:34Z,2026-06-01T19:10:50Z,5476,9396e97b0f1d91bf6947aae7ab87aacf1e244493
26771426935,Mypy,pull_request,completed,success,2026-06-01T17:39:34Z,2026-06-01T19:18:49Z,5955,9396e97b0f1d91bf6947aae7ab87aacf1e244493
26771426846,ci-1-core,pull_request,completed,failure,2026-06-01T17:39:34Z,2026-06-01T19:21:23Z,6109,9396e97b0f1d91bf6947aae7ab87aacf1e244493
26771426911,ci-no-onnx,pull_request,completed,success,2026-06-01T17:39:34Z,2026-06-01T19:18:43Z,5949,9396e97b0f1d91bf6947aae7ab87aacf1e244493
26771427005,Pyrefly,pull_request,completed,success,2026-06-01T17:39:34Z,2026-06-01T19:18:41Z,5947,9396e97b0f1d91bf6947aae7ab87aacf1e244493
26771426889,Standalone example,pull_request,completed,success,2026-06-01T17:39:34Z,2026-06-01T19:19:49Z,6015,9396e97b0f1d91bf6947aae7ab87aacf1e244493
26771426873,ci-debug-ubuntu,pull_request,completed,failure,2026-06-01T17:39:34Z,2026-06-01T19:21:42Z,6128,9396e97b0f1d91bf6947aae7ab87aacf1e244493
26771316742,Build,workflow_run,completed,skipped,2026-06-01T17:37:25Z,2026-06-01T17:37:27Z,2,bc2c0947b70ed933c6cea811eb9fd10420d45fb2
26770829245,Build,workflow_run,completed,action_required,2026-06-01T17:27:53Z,2026-06-01T17:27:53Z,0,bc2c0947b70ed933c6cea811eb9fd10420d45fb2
26770757205,Running Copilot cloud agent,dynamic,completed,success,2026-06-01T17:26:25Z,2026-06-01T17:55:38Z,1753,d23013e8679a8fb07f04c66e71a9763d3d57af09
26770754156,Running Copilot cloud agent,dynamic,completed,success,2026-06-01T17:26:22Z,2026-06-01T17:51:40Z,1518,0e1ffac07c32f06d4469f8a2307f0fbf17f6221c
26770750385,Running Copilot cloud agent,dynamic,completed,success,2026-06-01T17:26:17Z,2026-06-01T17:54:28Z,1691,3d9cfa27f4e94ea11942da4cc597627db1c9db01
26770746162,Running Copilot cloud agent,dynamic,completed,success,2026-06-01T17:26:13Z,2026-06-01T17:40:22Z,849,d34816efef824b889a4a592bce73dde147e81047
26770714350,ci-no-onnx,push,completed,success,2026-06-01T17:25:35Z,2026-06-01T17:34:31Z,536,bc2c0947b70ed933c6cea811eb9fd10420d45fb2
26770714202,Style,push,completed,success,2026-06-01T17:25:35Z,2026-06-01T17:25:47Z,12,bc2c0947b70ed933c6cea811eb9fd10420d45fb2
26770713979,Standalone example,push,completed,cancelled,2026-06-01T17:25:34Z,2026-06-01T17:35:56Z,622,bc2c0947b70ed933c6cea811eb9fd10420d45fb2
26770713949,ci-debug-ubuntu,push,completed,failure,2026-06-01T17:25:34Z,2026-06-01T17:37:04Z,690,bc2c0947b70ed933c6cea811eb9fd10420d45fb2
26770713894,ci-1-core,push,completed,failure,2026-06-01T17:25:34Z,2026-06-01T17:37:19Z,705,bc2c0947b70ed933c6cea811eb9fd10420d45fb2
26770713931,Mypy,push,completed,success,2026-06-01T17:25:34Z,2026-06-01T17:33:31Z,477,bc2c0947b70ed933c6cea811eb9fd10420d45fb2
26770713964,Pyrefly,push,completed,success,2026-06-01T17:25:34Z,2026-06-01T17:33:46Z,492,bc2c0947b70ed933c6cea811eb9fd10420d45fb2
26770713859,clang-format,push,completed,success,2026-06-01T17:25:34Z,2026-06-01T17:25:52Z,18,bc2c0947b70ed933c6cea811eb9fd10420d45fb2
26770713888,Spelling,push,completed,success,2026-06-01T17:25:34Z,2026-06-01T17:25:48Z,14,bc2c0947b70ed933c6cea811eb9fd10420d45fb2
26770026835,Build,workflow_run,completed,skipped,2026-06-01T17:11:45Z,2026-06-01T17:11:47Z,2,fe053c590a21d637fffa7ee81b3ff427664c70bb
26769757931,Build,workflow_run,completed,action_required,2026-06-01T17:06:22Z,2026-06-01T17:06:22Z,0,fe053c590a21d637fffa7ee81b3ff427664c70bb
26769742945,Build,workflow_run,completed,action_required,2026-06-01T17:06:04Z,2026-06-01T17:06:04Z,0,fe053c590a21d637fffa7ee81b3ff427664c70bb
26769432438,Build,workflow_run,completed,skipped,2026-06-01T16:59:59Z,2026-06-01T17:00:01Z,2,fe053c590a21d637fffa7ee81b3ff427664c70bb
26769424303,Build,workflow_run,completed,skipped,2026-06-01T16:59:49Z,2026-06-01T16:59:51Z,2,fe053c590a21d637fffa7ee81b3ff427664c70bb
26769419834,ci-no-onnx,push,completed,success,2026-06-01T16:59:44Z,2026-06-01T17:07:55Z,491,fe053c590a21d637fffa7ee81b3ff427664c70bb
26769419291,Pyrefly,push,completed,success,2026-06-01T16:59:43Z,2026-06-01T17:07:38Z,475,fe053c590a21d637fffa7ee81b3ff427664c70bb
26769418612,Style,push,completed,success,2026-06-01T16:59:42Z,2026-06-01T16:59:53Z,11,fe053c590a21d637fffa7ee81b3ff427664c70bb
26769418742,Spelling,push,completed,failure,2026-06-01T16:59:42Z,2026-06-01T17:00:01Z,19,fe053c590a21d637fffa7ee81b3ff427664c70bb
26769418636,clang-format,push,completed,success,2026-06-01T16:59:42Z,2026-06-01T17:00:09Z,27,fe053c590a21d637fffa7ee81b3ff427664c70bb
26769418610,Mypy,push,completed,success,2026-06-01T16:59:42Z,2026-06-01T17:08:42Z,540,fe053c590a21d637fffa7ee81b3ff427664c70bb
26769418547,Standalone example,push,completed,success,2026-06-01T16:59:42Z,2026-06-01T17:09:24Z,582,fe053c590a21d637fffa7ee81b3ff427664c70bb
26769418614,ci-debug-ubuntu,push,completed,failure,2026-06-01T16:59:42Z,2026-06-01T17:10:42Z,660,fe053c590a21d637fffa7ee81b3ff427664c70bb
26769418593,ci-1-core,push,completed,failure,2026-06-01T16:59:42Z,2026-06-01T17:11:40Z,718,fe053c590a21d637fffa7ee81b3ff427664c70bb
26769406223,ci-no-onnx,push,completed,cancelled,2026-06-01T16:59:27Z,2026-06-01T16:59:51Z,24,b381ec187e3fd759ad90ac4e97db7f29218567e2
26769406178,Pyrefly,push,completed,cancelled,2026-06-01T16:59:27Z,2026-06-01T17:00:01Z,34,b381ec187e3fd759ad90ac4e97db7f29218567e2
26769405566,Spelling,push,completed,failure,2026-06-01T16:59:26Z,2026-06-01T16:59:41Z,15,b381ec187e3fd759ad90ac4e97db7f29218567e2
26769405361,Style,push,completed,success,2026-06-01T16:59:26Z,2026-06-01T16:59:41Z,15,b381ec187e3fd759ad90ac4e97db7f29218567e2
26769405324,clang-format,push,completed,success,2026-06-01T16:59:26Z,2026-06-01T16:59:43Z,17,b381ec187e3fd759ad90ac4e97db7f29218567e2
26769405532,ci-1-core,push,completed,cancelled,2026-06-01T16:59:26Z,2026-06-01T16:59:45Z,19,b381ec187e3fd759ad90ac4e97db7f29218567e2
26769405092,Standalone example,push,completed,cancelled,2026-06-01T16:59:26Z,2026-06-01T16:59:59Z,33,b381ec187e3fd759ad90ac4e97db7f29218567e2
26769405487,Mypy,push,completed,cancelled,2026-06-01T16:59:26Z,2026-06-01T17:00:00Z,34,b381ec187e3fd759ad90ac4e97db7f29218567e2
26769405556,ci-debug-ubuntu,push,completed,cancelled,2026-06-01T16:59:26Z,2026-06-01T17:00:00Z,34,b381ec187e3fd759ad90ac4e97db7f29218567e2
26768644493,Pyrefly,pull_request,completed,success,2026-06-01T16:44:33Z,2026-06-01T17:07:37Z,1384,4c24de5fcef878ff7036b10df3facf4cb73fde23
26768643757,clang-format,pull_request,completed,success,2026-06-01T16:44:32Z,2026-06-01T16:59:31Z,899,4c24de5fcef878ff7036b10df3facf4cb73fde23
26768643701,Style,pull_request,completed,success,2026-06-01T16:44:32Z,2026-06-01T16:59:25Z,893,4c24de5fcef878ff7036b10df3facf4cb73fde23
26768643692,Spelling,pull_request,completed,success,2026-06-01T16:44:32Z,2026-06-01T16:59:27Z,895,4c24de5fcef878ff7036b10df3facf4cb73fde23
26768643742,Mypy,pull_request,completed,success,2026-06-01T16:44:32Z,2026-06-01T17:07:33Z,1381,4c24de5fcef878ff7036b10df3facf4cb73fde23
26768643732,Standalone example,pull_request,completed,success,2026-06-01T16:44:32Z,2026-06-01T17:08:47Z,1455,4c24de5fcef878ff7036b10df3facf4cb73fde23
26768643695,ci-no-onnx,pull_request,completed,success,2026-06-01T16:44:32Z,2026-06-01T17:07:47Z,1395,4c24de5fcef878ff7036b10df3facf4cb73fde23
26768643996,ci-debug-ubuntu,pull_request,completed,success,2026-06-01T16:44:32Z,2026-06-01T17:10:16Z,1544,4c24de5fcef878ff7036b10df3facf4cb73fde23
26768643690,ci-1-core,pull_request,completed,success,2026-06-01T16:44:32Z,2026-06-01T17:27:48Z,2596,4c24de5fcef878ff7036b10df3facf4cb73fde23
26768539424,Build,workflow_run,completed,action_required,2026-06-01T16:42:27Z,2026-06-01T16:42:27Z,0,1be7f37a93e286b171eab2255736f21581431296
26768510467,Build,workflow_run,completed,action_required,2026-06-01T16:41:52Z,2026-06-01T16:41:52Z,0,1be7f37a93e286b171eab2255736f21581431296
26768392108,Running Copilot cloud agent,dynamic,completed,success,2026-06-01T16:39:35Z,2026-06-01T16:45:00Z,325,b0a7e78f252a89d77fa3e192d91fe0285f006e24
26768361210,Build,workflow_run,completed,skipped,2026-06-01T16:38:57Z,2026-06-01T16:39:15Z,18,1be7f37a93e286b171eab2255736f21581431296
26768354956,ci-1-core,push,completed,cancelled,2026-06-01T16:38:49Z,2026-06-01T16:59:53Z,1264,1be7f37a93e286b171eab2255736f21581431296
26768355071,Spelling,push,completed,failure,2026-06-01T16:38:49Z,2026-06-01T16:39:04Z,15,1be7f37a93e286b171eab2255736f21581431296
26768354970,ci-debug-ubuntu,push,completed,success,2026-06-01T16:38:49Z,2026-06-01T16:50:24Z,695,1be7f37a93e286b171eab2255736f21581431296
26768354759,Style,push,completed,success,2026-06-01T16:38:48Z,2026-06-01T16:39:05Z,17,1be7f37a93e286b171eab2255736f21581431296
26768354732,clang-format,push,completed,success,2026-06-01T16:38:48Z,2026-06-01T16:39:09Z,21,1be7f37a93e286b171eab2255736f21581431296
26768354778,Pyrefly,push,completed,success,2026-06-01T16:38:48Z,2026-06-01T16:46:48Z,480,1be7f37a93e286b171eab2255736f21581431296
26768354730,Mypy,push,completed,success,2026-06-01T16:38:48Z,2026-06-01T16:47:17Z,509,1be7f37a93e286b171eab2255736f21581431296
26768354744,ci-no-onnx,push,completed,success,2026-06-01T16:38:48Z,2026-06-01T16:47:39Z,531,1be7f37a93e286b171eab2255736f21581431296
26768354793,Standalone example,push,completed,cancelled,2026-06-01T16:38:48Z,2026-06-01T16:49:06Z,618,1be7f37a93e286b171eab2255736f21581431296
26768348477,Standalone example,push,completed,cancelled,2026-06-01T16:38:41Z,2026-06-01T16:38:55Z,14,1b85f122f63441a03700ce6d976b28f590c798ca
26768348101,clang-format,push,completed,cancelled,2026-06-01T16:38:41Z,2026-06-01T16:38:55Z,14,1b85f122f63441a03700ce6d976b28f590c798ca
26768348327,Style,push,completed,cancelled,2026-06-01T16:38:41Z,2026-06-01T16:38:53Z,12,1b85f122f63441a03700ce6d976b28f590c798ca
26768348191,Spelling,push,completed,cancelled,2026-06-01T16:38:41Z,2026-06-01T16:38:53Z,12,1b85f122f63441a03700ce6d976b28f590c798ca
26768348347,Pyrefly,push,completed,cancelled,2026-06-01T16:38:41Z,2026-06-01T16:39:06Z,25,1b85f122f63441a03700ce6d976b28f590c798ca
26768348173,ci-debug-ubuntu,push,completed,cancelled,2026-06-01T16:38:41Z,2026-06-01T16:39:07Z,26,1b85f122f63441a03700ce6d976b28f590c798ca
26768347883,ci-no-onnx,push,completed,cancelled,2026-06-01T16:38:40Z,2026-06-01T16:38:54Z,14,1b85f122f63441a03700ce6d976b28f590c798ca
26768347526,ci-1-core,push,completed,cancelled,2026-06-01T16:38:40Z,2026-06-01T16:38:53Z,13,1b85f122f63441a03700ce6d976b28f590c798ca
26768347486,Mypy,push,completed,cancelled,2026-06-01T16:38:40Z,2026-06-01T16:39:05Z,25,1b85f122f63441a03700ce6d976b28f590c798ca
26768020762,ci-1-core,pull_request,completed,success,2026-06-01T16:32:11Z,2026-06-01T17:05:58Z,2027,a73d3bb2fcbda0c9ecacf3f21c7fd333db72832f
26768020160,Spelling,pull_request,completed,failure,2026-06-01T16:32:11Z,2026-06-01T16:39:35Z,444,a73d3bb2fcbda0c9ecacf3f21c7fd333db72832f
26768020866,clang-format,pull_request,completed,success,2026-06-01T16:32:11Z,2026-06-01T16:42:23Z,612,a73d3bb2fcbda0c9ecacf3f21c7fd333db72832f
26768020939,Standalone example,pull_request,completed,success,2026-06-01T16:32:11Z,2026-06-01T16:46:26Z,855,a73d3bb2fcbda0c9ecacf3f21c7fd333db72832f
26768020489,Mypy,pull_request,completed,success,2026-06-01T16:32:11Z,2026-06-01T16:47:05Z,894,a73d3bb2fcbda0c9ecacf3f21c7fd333db72832f
26768020518,ci-no-onnx,pull_request,completed,success,2026-06-01T16:32:11Z,2026-06-01T16:47:08Z,897,a73d3bb2fcbda0c9ecacf3f21c7fd333db72832f
26768019876,Style,pull_request,completed,success,2026-06-01T16:32:10Z,2026-06-01T16:39:30Z,440,a73d3bb2fcbda0c9ecacf3f21c7fd333db72832f
26768019678,Pyrefly,pull_request,completed,success,2026-06-01T16:32:10Z,2026-06-01T16:47:10Z,900,a73d3bb2fcbda0c9ecacf3f21c7fd333db72832f
26768019621,ci-debug-ubuntu,pull_request,completed,success,2026-06-01T16:32:10Z,2026-06-01T16:49:33Z,1043,a73d3bb2fcbda0c9ecacf3f21c7fd333db72832f
26767824144,clang-format,pull_request,completed,success,2026-06-01T16:28:24Z,2026-06-01T16:39:21Z,657,aae315397304187d0b06886dac08b3a7fdc3bb5e
26767823677,ci-1-core,pull_request,completed,success,2026-06-01T16:28:23Z,2026-06-01T17:06:15Z,2272,aae315397304187d0b06886dac08b3a7fdc3bb5e
26767823637,Spelling,pull_request,completed,failure,2026-06-01T16:28:23Z,2026-06-01T16:39:19Z,656,aae315397304187d0b06886dac08b3a7fdc3bb5e
26767823827,Style,pull_request,completed,success,2026-06-01T16:28:23Z,2026-06-01T16:39:20Z,657,aae315397304187d0b06886dac08b3a7fdc3bb5e
26767823724,ci-no-onnx,pull_request,completed,success,2026-06-01T16:28:23Z,2026-06-01T16:45:36Z,1033,aae315397304187d0b06886dac08b3a7fdc3bb5e
26767823639,Pyrefly,pull_request,completed,success,2026-06-01T16:28:23Z,2026-06-01T16:45:43Z,1040,aae315397304187d0b06886dac08b3a7fdc3bb5e
26767823705,Mypy,pull_request,completed,success,2026-06-01T16:28:23Z,2026-06-01T16:46:52Z,1109,aae315397304187d0b06886dac08b3a7fdc3bb5e
26767823478,Standalone example,pull_request,completed,success,2026-06-01T16:28:23Z,2026-06-01T16:47:49Z,1166,aae315397304187d0b06886dac08b3a7fdc3bb5e
26767823704,ci-debug-ubuntu,pull_request,completed,success,2026-06-01T16:28:23Z,2026-06-01T16:49:48Z,1285,aae315397304187d0b06886dac08b3a7fdc3bb5e
26767468586,Addressing comment on PR #1469,dynamic,completed,success,2026-06-01T16:21:32Z,2026-06-01T16:32:21Z,649,322c7f0b7d59cbbb4392449aea05e351f44d04e4
26767323645,Build,workflow_run,completed,cancelled,2026-06-01T16:18:42Z,2026-06-01T16:39:15Z,1233,0d086d273eb19b90b5dfc805743446ce8df7d25c
26767166693,Build,workflow_run,completed,skipped,2026-06-01T16:15:34Z,2026-06-01T16:15:35Z,1,0d086d273eb19b90b5dfc805743446ce8df7d25c
26767165097,Addressing comment on PR #1466,dynamic,completed,success,2026-06-01T16:15:32Z,2026-06-01T16:28:40Z,788,16474d48c484c3dcac48723368ca0851b1b01c55
26766837884,Build,workflow_run,completed,action_required,2026-06-01T16:09:20Z,2026-06-01T16:09:20Z,0,0d086d273eb19b90b5dfc805743446ce8df7d25c
26766766579,Spelling,pull_request,completed,failure,2026-06-01T16:08:04Z,2026-06-01T16:14:57Z,413,976912bd8d1051e45ecf7ee602072e526fee777f
26766766968,Pyrefly,pull_request,completed,success,2026-06-01T16:08:04Z,2026-06-01T16:22:34Z,870,976912bd8d1051e45ecf7ee602072e526fee777f
26766767077,ci-1-core,pull_request,completed,success,2026-06-01T16:08:04Z,2026-06-01T16:41:46Z,2022,976912bd8d1051e45ecf7ee602072e526fee777f
26766765980,ci-debug-ubuntu,pull_request,completed,success,2026-06-01T16:08:03Z,2026-06-01T16:25:35Z,1052,976912bd8d1051e45ecf7ee602072e526fee777f
26766765901,clang-format,pull_request,completed,success,2026-06-01T16:08:03Z,2026-06-01T16:15:00Z,417,976912bd8d1051e45ecf7ee602072e526fee777f
26766765878,Style,pull_request,completed,success,2026-06-01T16:08:03Z,2026-06-01T16:14:57Z,414,976912bd8d1051e45ecf7ee602072e526fee777f
26766766332,Standalone example,pull_request,completed,success,2026-06-01T16:08:03Z,2026-06-01T16:22:18Z,855,976912bd8d1051e45ecf7ee602072e526fee777f
26766765911,Mypy,pull_request,completed,success,2026-06-01T16:08:03Z,2026-06-01T16:22:51Z,888,976912bd8d1051e45ecf7ee602072e526fee777f
26766766252,ci-no-onnx,pull_request,completed,success,2026-06-01T16:08:03Z,2026-06-01T16:22:56Z,893,976912bd8d1051e45ecf7ee602072e526fee777f
26766605589,clang-format,pull_request,completed,success,2026-06-01T16:04:54Z,2026-06-01T16:05:13Z,19,322c7f0b7d59cbbb4392449aea05e351f44d04e4
26766605438,Spelling,pull_request,completed,failure,2026-06-01T16:04:54Z,2026-06-01T16:05:08Z,14,322c7f0b7d59cbbb4392449aea05e351f44d04e4
26766605541,ci-no-onnx,pull_request,completed,success,2026-06-01T16:04:54Z,2026-06-01T16:13:22Z,508,322c7f0b7d59cbbb4392449aea05e351f44d04e4
26766605496,Standalone example,pull_request,completed,success,2026-06-01T16:04:54Z,2026-06-01T16:14:18Z,564,322c7f0b7d59cbbb4392449aea05e351f44d04e4
26766604837,Style,pull_request,completed,success,2026-06-01T16:04:53Z,2026-06-01T16:05:07Z,14,322c7f0b7d59cbbb4392449aea05e351f44d04e4
26766604839,Pyrefly,pull_request,completed,success,2026-06-01T16:04:53Z,2026-06-01T16:12:11Z,438,322c7f0b7d59cbbb4392449aea05e351f44d04e4
26766604869,Mypy,pull_request,completed,success,2026-06-01T16:04:53Z,2026-06-01T16:12:55Z,482,322c7f0b7d59cbbb4392449aea05e351f44d04e4
26766604820,ci-1-core,pull_request,completed,failure,2026-06-01T16:04:53Z,2026-06-01T16:15:28Z,635,322c7f0b7d59cbbb4392449aea05e351f44d04e4
26766604908,ci-debug-ubuntu,pull_request,completed,failure,2026-06-01T16:04:53Z,2026-06-01T16:15:47Z,654,322c7f0b7d59cbbb4392449aea05e351f44d04e4
26766517404,Build,workflow_run,completed,skipped,2026-06-01T16:03:14Z,2026-06-01T16:03:17Z,3,0d086d273eb19b90b5dfc805743446ce8df7d25c
26766440979,Standalone example,pull_request,completed,success,2026-06-01T16:01:48Z,2026-06-01T16:24:37Z,1369,4d386f60e9a59177c070f221016eedb6ff538804
26766441024,ci-no-onnx,pull_request,completed,success,2026-06-01T16:01:48Z,2026-06-01T16:23:39Z,1311,4d386f60e9a59177c070f221016eedb6ff538804
26766440159,ci-debug-ubuntu,pull_request,completed,success,2026-06-01T16:01:47Z,2026-06-01T16:26:07Z,1460,4d386f60e9a59177c070f221016eedb6ff538804
26766440387,Style,pull_request,completed,success,2026-06-01T16:01:47Z,2026-06-01T16:15:23Z,816,4d386f60e9a59177c070f221016eedb6ff538804
26766440266,Spelling,pull_request,completed,failure,2026-06-01T16:01:47Z,2026-06-01T16:15:27Z,820,4d386f60e9a59177c070f221016eedb6ff538804
26766440182,clang-format,pull_request,completed,success,2026-06-01T16:01:47Z,2026-06-01T16:15:32Z,825,4d386f60e9a59177c070f221016eedb6ff538804
26766440345,Pyrefly,pull_request,completed,success,2026-06-01T16:01:47Z,2026-06-01T16:23:27Z,1300,4d386f60e9a59177c070f221016eedb6ff538804
26766440297,Mypy,pull_request,completed,success,2026-06-01T16:01:47Z,2026-06-01T16:23:59Z,1332,4d386f60e9a59177c070f221016eedb6ff538804
26766440425,ci-1-core,pull_request,completed,success,2026-06-01T16:01:47Z,2026-06-01T16:42:20Z,2433,4d386f60e9a59177c070f221016eedb6ff538804
26765997570,Addressing comment on PR #1467,dynamic,completed,success,2026-06-01T15:53:41Z,2026-06-01T16:08:18Z,877,9f47018e84ccbefd66add475d62e3602fb6fcf8e
26765922043,Pyrefly,pull_request,completed,success,2026-06-01T15:52:16Z,2026-06-01T16:00:35Z,499,16474d48c484c3dcac48723368ca0851b1b01c55
26765922089,Mypy,pull_request,completed,success,2026-06-01T15:52:16Z,2026-06-01T16:00:30Z,494,16474d48c484c3dcac48723368ca0851b1b01c55
26765922261,ci-no-onnx,pull_request,completed,success,2026-06-01T15:52:16Z,2026-06-01T16:00:08Z,472,16474d48c484c3dcac48723368ca0851b1b01c55
26765922295,Standalone example,pull_request,completed,success,2026-06-01T15:52:16Z,2026-06-01T16:01:02Z,526,16474d48c484c3dcac48723368ca0851b1b01c55
26765922197,ci-debug-ubuntu,pull_request,completed,failure,2026-06-01T15:52:16Z,2026-06-01T16:02:29Z,613,16474d48c484c3dcac48723368ca0851b1b01c55
26765922310,ci-1-core,pull_request,completed,failure,2026-06-01T15:52:16Z,2026-06-01T16:03:08Z,652,16474d48c484c3dcac48723368ca0851b1b01c55
26765922308,Style,pull_request,completed,success,2026-06-01T15:52:16Z,2026-06-01T15:52:27Z,11,16474d48c484c3dcac48723368ca0851b1b01c55
26765921852,clang-format,pull_request,completed,success,2026-06-01T15:52:16Z,2026-06-01T15:52:32Z,16,16474d48c484c3dcac48723368ca0851b1b01c55
26765922141,Spelling,pull_request,completed,failure,2026-06-01T15:52:16Z,2026-06-01T15:52:32Z,16,16474d48c484c3dcac48723368ca0851b1b01c55
26765875624,clang-format,push,completed,success,2026-06-01T15:51:24Z,2026-06-01T15:51:40Z,16,0d086d273eb19b90b5dfc805743446ce8df7d25c
26765875626,ci-no-onnx,push,completed,success,2026-06-01T15:51:24Z,2026-06-01T15:59:32Z,488,0d086d273eb19b90b5dfc805743446ce8df7d25c
26765876295,Standalone example,push,completed,success,2026-06-01T15:51:24Z,2026-06-01T16:00:14Z,530,0d086d273eb19b90b5dfc805743446ce8df7d25c
26765875473,Spelling,push,completed,failure,2026-06-01T15:51:23Z,2026-06-01T15:51:35Z,12,0d086d273eb19b90b5dfc805743446ce8df7d25c
26765875527,Style,push,completed,success,2026-06-01T15:51:23Z,2026-06-01T15:51:36Z,13,0d086d273eb19b90b5dfc805743446ce8df7d25c
26765875563,Mypy,push,completed,success,2026-06-01T15:51:23Z,2026-06-01T15:59:41Z,498,0d086d273eb19b90b5dfc805743446ce8df7d25c
26765875512,Pyrefly,push,completed,success,2026-06-01T15:51:23Z,2026-06-01T15:59:42Z,499,0d086d273eb19b90b5dfc805743446ce8df7d25c
26765875474,ci-debug-ubuntu,push,completed,success,2026-06-01T15:51:23Z,2026-06-01T16:02:25Z,662,0d086d273eb19b90b5dfc805743446ce8df7d25c
26765875487,ci-1-core,push,completed,success,2026-06-01T15:51:23Z,2026-06-01T16:18:37Z,1634,0d086d273eb19b90b5dfc805743446ce8df7d25c
26765462362,Build,workflow_run,completed,action_required,2026-06-01T15:43:38Z,2026-06-01T15:43:38Z,0,c4f436196c799af6868ac9d02a57ec18c569256f
26765434634,Build,workflow_run,completed,action_required,2026-06-01T15:43:06Z,2026-06-01T15:43:06Z,0,c4f436196c799af6868ac9d02a57ec18c569256f
26765412029,Build,workflow_run,completed,action_required,2026-06-01T15:42:41Z,2026-06-01T15:42:41Z,0,c4f436196c799af6868ac9d02a57ec18c569256f
26765308215,Running Copilot cloud agent,dynamic,completed,success,2026-06-01T15:40:47Z,2026-06-01T16:02:13Z,1286,055365f1d96abccf986180548a8461d0c2cca664
26764898056,ci-no-onnx,pull_request,completed,success,2026-06-01T15:33:10Z,2026-06-01T15:47:56Z,886,ed809b23d83e4b117d92028c97add62cc9c6cefe
26764897779,Pyrefly,pull_request,completed,success,2026-06-01T15:33:10Z,2026-06-01T15:48:08Z,898,ed809b23d83e4b117d92028c97add62cc9c6cefe
26764897021,Mypy,pull_request,completed,success,2026-06-01T15:33:09Z,2026-06-01T15:47:47Z,878,ed809b23d83e4b117d92028c97add62cc9c6cefe
26764896977,Standalone example,pull_request,completed,success,2026-06-01T15:33:09Z,2026-06-01T15:49:13Z,964,ed809b23d83e4b117d92028c97add62cc9c6cefe
26764897060,ci-debug-ubuntu,pull_request,completed,success,2026-06-01T15:33:09Z,2026-06-01T15:50:40Z,1051,ed809b23d83e4b117d92028c97add62cc9c6cefe
26764896971,ci-1-core,pull_request,completed,success,2026-06-01T15:33:09Z,2026-06-01T16:09:15Z,2166,ed809b23d83e4b117d92028c97add62cc9c6cefe
26764896933,clang-format,pull_request,completed,success,2026-06-01T15:33:09Z,2026-06-01T15:40:14Z,425,ed809b23d83e4b117d92028c97add62cc9c6cefe
26764896812,Style,pull_request,completed,success,2026-06-01T15:33:09Z,2026-06-01T15:40:16Z,427,ed809b23d83e4b117d92028c97add62cc9c6cefe
26764896898,Spelling,pull_request,completed,failure,2026-06-01T15:33:09Z,2026-06-01T15:40:12Z,423,ed809b23d83e4b117d92028c97add62cc9c6cefe
26764804279,Addressing comment on PR #1463,dynamic,completed,success,2026-06-01T15:31:24Z,2026-06-01T15:33:17Z,113,1439551ac537dbb579b5c7e44adc5e17a284ca75
26764120982,Spelling,pull_request,completed,failure,2026-06-01T15:19:11Z,2026-06-01T15:31:17Z,726,66a1f5b637ba321391c51cd476701a4bc106b7cf
26764121452,clang-format,pull_request,completed,success,2026-06-01T15:19:11Z,2026-06-01T15:31:17Z,726,66a1f5b637ba321391c51cd476701a4bc106b7cf
26764120881,Style,pull_request,completed,success,2026-06-01T15:19:11Z,2026-06-01T15:31:18Z,727,66a1f5b637ba321391c51cd476701a4bc106b7cf
26764120748,Pyrefly,pull_request,completed,success,2026-06-01T15:19:11Z,2026-06-01T15:38:38Z,1167,66a1f5b637ba321391c51cd476701a4bc106b7cf
26764120789,ci-no-onnx,pull_request,completed,success,2026-06-01T15:19:11Z,2026-06-01T15:38:40Z,1169,66a1f5b637ba321391c51cd476701a4bc106b7cf
26764120771,Mypy,pull_request,completed,success,2026-06-01T15:19:11Z,2026-06-01T15:39:49Z,1238,66a1f5b637ba321391c51cd476701a4bc106b7cf
26764120706,Standalone example,pull_request,completed,success,2026-06-01T15:19:11Z,2026-06-01T15:40:59Z,1308,66a1f5b637ba321391c51cd476701a4bc106b7cf
26764120668,ci-debug-ubuntu,pull_request,completed,failure,2026-06-01T15:19:11Z,2026-06-01T15:41:45Z,1354,66a1f5b637ba321391c51cd476701a4bc106b7cf
26764121129,ci-1-core,pull_request,completed,failure,2026-06-01T15:19:11Z,2026-06-01T15:42:35Z,1404,66a1f5b637ba321391c51cd476701a4bc106b7cf
26764112737,Build,workflow_run,completed,success,2026-06-01T15:19:02Z,2026-06-01T16:15:53Z,3411,c4f436196c799af6868ac9d02a57ec18c569256f
26763661783,Build,workflow_run,completed,action_required,2026-06-01T15:10:52Z,2026-06-01T15:10:52Z,0,c4f436196c799af6868ac9d02a57ec18c569256f
26763625690,clang-format,pull_request,completed,success,2026-06-01T15:10:12Z,2026-06-01T15:31:33Z,1281,9f47018e84ccbefd66add475d62e3602fb6fcf8e
26763625192,ci-no-onnx,pull_request,completed,success,2026-06-01T15:10:12Z,2026-06-01T15:39:18Z,1746,9f47018e84ccbefd66add475d62e3602fb6fcf8e
26763625666,Pyrefly,pull_request,completed,success,2026-06-01T15:10:12Z,2026-06-01T15:40:13Z,1801,9f47018e84ccbefd66add475d62e3602fb6fcf8e
26763625730,ci-debug-ubuntu,pull_request,completed,failure,2026-06-01T15:10:12Z,2026-06-01T15:41:47Z,1895,9f47018e84ccbefd66add475d62e3602fb6fcf8e
26763624321,Style,pull_request,completed,success,2026-06-01T15:10:11Z,2026-06-01T15:31:21Z,1270,9f47018e84ccbefd66add475d62e3602fb6fcf8e
26763624479,Standalone example,pull_request,completed,success,2026-06-01T15:10:11Z,2026-06-01T15:39:46Z,1775,9f47018e84ccbefd66add475d62e3602fb6fcf8e
26763624398,Mypy,pull_request,completed,success,2026-06-01T15:10:11Z,2026-06-01T15:39:51Z,1780,9f47018e84ccbefd66add475d62e3602fb6fcf8e
26763624890,ci-1-core,pull_request,completed,failure,2026-06-01T15:10:11Z,2026-06-01T15:43:03Z,1972,9f47018e84ccbefd66add475d62e3602fb6fcf8e
26763623890,Spelling,pull_request,completed,failure,2026-06-01T15:10:10Z,2026-06-01T15:31:19Z,1269,9f47018e84ccbefd66add475d62e3602fb6fcf8e
26763616727,Addressing comment on PR #1469,dynamic,completed,success,2026-06-01T15:10:03Z,2026-06-01T15:19:34Z,571,ca9deb1a8724cbf9ca2e38193fdebad794c5e5a7
26763373501,Build,workflow_run,completed,action_required,2026-06-01T15:05:36Z,2026-06-01T15:05:36Z,0,c4f436196c799af6868ac9d02a57ec18c569256f
26763028632,Spelling,pull_request,completed,failure,2026-06-01T14:59:39Z,2026-06-01T15:31:50Z,1931,579c4282a5e557272b1357b5f39a35f68d79ec0c
26763027748,Standalone example,pull_request,completed,success,2026-06-01T14:59:38Z,2026-06-01T15:41:36Z,2518,579c4282a5e557272b1357b5f39a35f68d79ec0c
26763028159,ci-1-core,pull_request,completed,cancelled,2026-06-01T14:59:38Z,2026-06-01T15:43:34Z,2636,579c4282a5e557272b1357b5f39a35f68d79ec0c
26763027123,Style,pull_request,completed,success,2026-06-01T14:59:37Z,2026-06-01T15:31:29Z,1912,579c4282a5e557272b1357b5f39a35f68d79ec0c
26763027125,clang-format,pull_request,completed,success,2026-06-01T14:59:37Z,2026-06-01T15:31:31Z,1914,579c4282a5e557272b1357b5f39a35f68d79ec0c
26763027149,Mypy,pull_request,completed,success,2026-06-01T14:59:37Z,2026-06-01T15:39:13Z,2376,579c4282a5e557272b1357b5f39a35f68d79ec0c
26763027063,Pyrefly,pull_request,completed,success,2026-06-01T14:59:37Z,2026-06-01T15:39:19Z,2382,579c4282a5e557272b1357b5f39a35f68d79ec0c
26763027144,ci-no-onnx,pull_request,completed,success,2026-06-01T14:59:37Z,2026-06-01T15:40:06Z,2429,579c4282a5e557272b1357b5f39a35f68d79ec0c
26763027107,ci-debug-ubuntu,pull_request,completed,success,2026-06-01T14:59:37Z,2026-06-01T15:42:24Z,2567,579c4282a5e557272b1357b5f39a35f68d79ec0c
26762644264,Build,workflow_run,completed,skipped,2026-06-01T14:52:54Z,2026-06-01T14:52:58Z,4,c4f436196c799af6868ac9d02a57ec18c569256f
26762622279,Standalone example,push,completed,success,2026-06-01T14:52:31Z,2026-06-01T15:02:33Z,602,c4f436196c799af6868ac9d02a57ec18c569256f
26762620827,ci-1-core,push,completed,success,2026-06-01T14:52:29Z,2026-06-01T15:18:56Z,1587,c4f436196c799af6868ac9d02a57ec18c569256f
26762620297,clang-format,push,completed,success,2026-06-01T14:52:29Z,2026-06-01T14:52:43Z,14,c4f436196c799af6868ac9d02a57ec18c569256f
26762620857,Mypy,push,completed,success,2026-06-01T14:52:29Z,2026-06-01T15:00:39Z,490,c4f436196c799af6868ac9d02a57ec18c569256f
26762620354,Pyrefly,push,completed,success,2026-06-01T14:52:29Z,2026-06-01T15:00:39Z,490,c4f436196c799af6868ac9d02a57ec18c569256f
26762620798,ci-no-onnx,push,completed,success,2026-06-01T14:52:29Z,2026-06-01T15:00:50Z,501,c4f436196c799af6868ac9d02a57ec18c569256f
26762620293,Style,push,completed,success,2026-06-01T14:52:28Z,2026-06-01T14:52:40Z,12,c4f436196c799af6868ac9d02a57ec18c569256f
26762620252,Spelling,push,completed,failure,2026-06-01T14:52:28Z,2026-06-01T14:52:41Z,13,c4f436196c799af6868ac9d02a57ec18c569256f
26762619156,ci-debug-ubuntu,push,completed,success,2026-06-01T14:52:27Z,2026-06-01T15:03:57Z,690,c4f436196c799af6868ac9d02a57ec18c569256f
26762500244,Build,workflow_run,completed,action_required,2026-06-01T14:50:25Z,2026-06-01T14:50:25Z,0,f37ec1bb3a927fcdbe7f7c55812817d83227049d
26762449041,Spelling,pull_request,completed,failure,2026-06-01T14:49:31Z,2026-06-01T14:54:33Z,302,ca9deb1a8724cbf9ca2e38193fdebad794c5e5a7
26762449065,clang-format,pull_request,completed,success,2026-06-01T14:49:31Z,2026-06-01T14:54:46Z,315,ca9deb1a8724cbf9ca2e38193fdebad794c5e5a7
26762449072,Style,pull_request,completed,success,2026-06-01T14:49:31Z,2026-06-01T14:54:35Z,304,ca9deb1a8724cbf9ca2e38193fdebad794c5e5a7
26762449104,ci-no-onnx,pull_request,completed,success,2026-06-01T14:49:31Z,2026-06-01T15:00:58Z,687,ca9deb1a8724cbf9ca2e38193fdebad794c5e5a7
26762449095,Mypy,pull_request,completed,success,2026-06-01T14:49:31Z,2026-06-01T15:02:18Z,767,ca9deb1a8724cbf9ca2e38193fdebad794c5e5a7
26762448923,Pyrefly,pull_request,completed,success,2026-06-01T14:49:31Z,2026-06-01T15:02:20Z,769,ca9deb1a8724cbf9ca2e38193fdebad794c5e5a7
26762449083,Standalone example,pull_request,completed,success,2026-06-01T14:49:31Z,2026-06-01T15:03:22Z,831,ca9deb1a8724cbf9ca2e38193fdebad794c5e5a7
26762449102,ci-debug-ubuntu,pull_request,completed,failure,2026-06-01T14:49:31Z,2026-06-01T15:05:03Z,932,ca9deb1a8724cbf9ca2e38193fdebad794c5e5a7
26762449551,ci-1-core,pull_request,completed,failure,2026-06-01T14:49:31Z,2026-06-01T15:05:32Z,961,ca9deb1a8724cbf9ca2e38193fdebad794c5e5a7
26762432369,Build,workflow_run,completed,action_required,2026-06-01T14:49:13Z,2026-06-01T14:49:13Z,0,f37ec1bb3a927fcdbe7f7c55812817d83227049d
26762385609,Build,workflow_run,completed,skipped,2026-06-01T14:48:24Z,2026-06-01T14:48:26Z,2,f37ec1bb3a927fcdbe7f7c55812817d83227049d
26762374214,clang-format,push,completed,success,2026-06-01T14:48:12Z,2026-06-01T14:48:27Z,15,f37ec1bb3a927fcdbe7f7c55812817d83227049d
26762373975,ci-no-onnx,push,completed,cancelled,2026-06-01T14:48:11Z,2026-06-01T14:52:48Z,277,f37ec1bb3a927fcdbe7f7c55812817d83227049d
26762374076,ci-1-core,push,completed,cancelled,2026-06-01T14:48:11Z,2026-06-01T14:52:48Z,277,f37ec1bb3a927fcdbe7f7c55812817d83227049d
26762373998,Mypy,push,completed,cancelled,2026-06-01T14:48:11Z,2026-06-01T14:52:48Z,277,f37ec1bb3a927fcdbe7f7c55812817d83227049d
26762373989,ci-debug-ubuntu,push,completed,cancelled,2026-06-01T14:48:11Z,2026-06-01T14:52:45Z,274,f37ec1bb3a927fcdbe7f7c55812817d83227049d
26762373966,Pyrefly,push,completed,cancelled,2026-06-01T14:48:11Z,2026-06-01T14:52:46Z,275,f37ec1bb3a927fcdbe7f7c55812817d83227049d
26762374031,Standalone example,push,completed,cancelled,2026-06-01T14:48:11Z,2026-06-01T14:52:49Z,278,f37ec1bb3a927fcdbe7f7c55812817d83227049d
26762374010,Spelling,push,completed,failure,2026-06-01T14:48:11Z,2026-06-01T14:48:26Z,15,f37ec1bb3a927fcdbe7f7c55812817d83227049d
26762374004,Style,push,completed,success,2026-06-01T14:48:11Z,2026-06-01T14:48:23Z,12,f37ec1bb3a927fcdbe7f7c55812817d83227049d
26761652947,Running Copilot cloud agent,dynamic,completed,success,2026-06-01T14:35:38Z,2026-06-01T14:49:52Z,854,1c882f1e0e6e7d73253b685bc87515a9bd0aa9b3
26761589303,Style,pull_request,completed,success,2026-06-01T14:34:30Z,2026-06-01T14:43:08Z,518,1439551ac537dbb579b5c7e44adc5e17a284ca75
26761588776,Mypy,pull_request,completed,success,2026-06-01T14:34:29Z,2026-06-01T14:50:55Z,986,1439551ac537dbb579b5c7e44adc5e17a284ca75
26761588233,Pyrefly,pull_request,completed,success,2026-06-01T14:34:28Z,2026-06-01T14:50:15Z,947,1439551ac537dbb579b5c7e44adc5e17a284ca75
26761588200,ci-no-onnx,pull_request,completed,success,2026-06-01T14:34:28Z,2026-06-01T14:51:04Z,996,1439551ac537dbb579b5c7e44adc5e17a284ca75
26761588280,Standalone example,pull_request,completed,success,2026-06-01T14:34:28Z,2026-06-01T14:51:37Z,1029,1439551ac537dbb579b5c7e44adc5e17a284ca75
26761588219,ci-debug-ubuntu,pull_request,completed,success,2026-06-01T14:34:28Z,2026-06-01T14:53:06Z,1118,1439551ac537dbb579b5c7e44adc5e17a284ca75
26761588220,clang-format,pull_request,completed,success,2026-06-01T14:34:28Z,2026-06-01T14:43:06Z,518,1439551ac537dbb579b5c7e44adc5e17a284ca75
26761588093,Spelling,pull_request,completed,failure,2026-06-01T14:34:28Z,2026-06-01T14:43:00Z,512,1439551ac537dbb579b5c7e44adc5e17a284ca75
26761588249,ci-1-core,pull_request,completed,success,2026-06-01T14:34:28Z,2026-06-01T15:10:47Z,2179,1439551ac537dbb579b5c7e44adc5e17a284ca75
26761514166,Running Copilot cloud agent,dynamic,completed,success,2026-06-01T14:33:10Z,2026-06-01T15:14:10Z,2460,b9cf6f8703e93d468b8ccebb52b399dc568fff8a
26761493217,Running Copilot cloud agent,dynamic,completed,success,2026-06-01T14:32:48Z,2026-06-01T15:03:12Z,1824,f5b9ba983182ef3f51385eff4a7142a1d0686b6a
26761478161,Addressing comment on PR #1463,dynamic,completed,success,2026-06-01T14:32:32Z,2026-06-01T14:34:36Z,124,d4790ad8157ef7000b051e1f963d478abef8554f
26761155903,Build,workflow_run,completed,skipped,2026-06-01T14:26:58Z,2026-06-01T14:27:02Z,4,a8d945dc150265f6afa77a89d130da64708a8baa
26761134282,Standalone example,push,completed,success,2026-06-01T14:26:36Z,2026-06-01T14:36:00Z,564,a8d945dc150265f6afa77a89d130da64708a8baa
26761133511,ci-no-onnx,push,completed,success,2026-06-01T14:26:35Z,2026-06-01T14:34:29Z,474,a8d945dc150265f6afa77a89d130da64708a8baa
26761133587,Mypy,push,completed,success,2026-06-01T14:26:35Z,2026-06-01T14:34:36Z,481,a8d945dc150265f6afa77a89d130da64708a8baa
26761133527,clang-format,push,completed,success,2026-06-01T14:26:35Z,2026-06-01T14:27:06Z,31,a8d945dc150265f6afa77a89d130da64708a8baa
26761133487,Spelling,push,completed,failure,2026-06-01T14:26:35Z,2026-06-01T14:27:09Z,34,a8d945dc150265f6afa77a89d130da64708a8baa
26761133547,Style,push,completed,success,2026-06-01T14:26:35Z,2026-06-01T14:26:53Z,18,a8d945dc150265f6afa77a89d130da64708a8baa
26761133620,ci-debug-ubuntu,push,completed,success,2026-06-01T14:26:35Z,2026-06-01T14:37:11Z,636,a8d945dc150265f6afa77a89d130da64708a8baa
26761133532,ci-1-core,push,completed,cancelled,2026-06-01T14:26:35Z,2026-06-01T14:48:20Z,1305,a8d945dc150265f6afa77a89d130da64708a8baa
26761132543,Pyrefly,push,completed,success,2026-06-01T14:26:34Z,2026-06-01T14:34:46Z,492,a8d945dc150265f6afa77a89d130da64708a8baa
26761115417,Addressing comment on PR #1463,dynamic,completed,success,2026-06-01T14:26:16Z,2026-06-01T14:29:17Z,181,97799c5991207d7cba0b30f540cd1057bb05d951
26760968558,Spelling,push,completed,success,2026-06-01T14:23:43Z,2026-06-01T14:24:02Z,19,0ec3e0e56374f006e8bfacbdc848363cc7de151c
26760968563,Style,push,completed,success,2026-06-01T14:23:43Z,2026-06-01T14:23:56Z,13,0ec3e0e56374f006e8bfacbdc848363cc7de151c
26760968515,clang-format,push,completed,success,2026-06-01T14:23:43Z,2026-06-01T14:23:59Z,16,0ec3e0e56374f006e8bfacbdc848363cc7de151c
26760968547,ci-debug-ubuntu,push,completed,cancelled,2026-06-01T14:23:43Z,2026-06-01T14:26:56Z,193,0ec3e0e56374f006e8bfacbdc848363cc7de151c
26760968630,Standalone example,push,completed,cancelled,2026-06-01T14:23:43Z,2026-06-01T14:26:56Z,193,0ec3e0e56374f006e8bfacbdc848363cc7de151c
26760968531,ci-1-core,push,completed,cancelled,2026-06-01T14:23:43Z,2026-06-01T14:26:53Z,190,0ec3e0e56374f006e8bfacbdc848363cc7de151c
26760968521,Pyrefly,push,completed,cancelled,2026-06-01T14:23:43Z,2026-06-01T14:26:54Z,191,0ec3e0e56374f006e8bfacbdc848363cc7de151c
26760968506,Mypy,push,completed,cancelled,2026-06-01T14:23:43Z,2026-06-01T14:26:54Z,191,0ec3e0e56374f006e8bfacbdc848363cc7de151c
26760968508,ci-no-onnx,push,completed,cancelled,2026-06-01T14:23:43Z,2026-06-01T14:26:54Z,191,0ec3e0e56374f006e8bfacbdc848363cc7de151c
26760863035,Build,workflow_run,completed,action_required,2026-06-01T14:21:54Z,2026-06-01T14:21:54Z,0,ec5290ca6f5b24af985d5bf26e64c89a496d253d
26760567343,Build,workflow_run,completed,failure,2026-06-01T14:16:40Z,2026-06-01T14:17:34Z,54,ec5290ca6f5b24af985d5bf26e64c89a496d253d
26760498186,Standalone example,pull_request,completed,success,2026-06-01T14:15:27Z,2026-06-01T14:33:46Z,1099,86367d761239e53e4a2fb7996533f891b7026779
26760497618,Mypy,pull_request,completed,success,2026-06-01T14:15:26Z,2026-06-01T14:31:17Z,951,86367d761239e53e4a2fb7996533f891b7026779
26760497603,ci-no-onnx,pull_request,completed,success,2026-06-01T14:15:26Z,2026-06-01T14:32:57Z,1051,86367d761239e53e4a2fb7996533f891b7026779
26760497529,Pyrefly,pull_request,completed,success,2026-06-01T14:15:26Z,2026-06-01T14:32:53Z,1047,86367d761239e53e4a2fb7996533f891b7026779
26760497561,ci-debug-ubuntu,pull_request,completed,success,2026-06-01T14:15:26Z,2026-06-01T14:35:38Z,1212,86367d761239e53e4a2fb7996533f891b7026779
26760497568,Style,pull_request,completed,success,2026-06-01T14:15:26Z,2026-06-01T14:25:19Z,593,86367d761239e53e4a2fb7996533f891b7026779
26760497596,Spelling,pull_request,completed,success,2026-06-01T14:15:26Z,2026-06-01T14:25:20Z,594,86367d761239e53e4a2fb7996533f891b7026779
26760497551,clang-format,pull_request,completed,success,2026-06-01T14:15:26Z,2026-06-01T14:25:22Z,596,86367d761239e53e4a2fb7996533f891b7026779
26760497620,ci-1-core,pull_request,completed,success,2026-06-01T14:15:26Z,2026-06-01T14:49:07Z,2021,86367d761239e53e4a2fb7996533f891b7026779
26760456601,Build,workflow_run,completed,action_required,2026-06-01T14:14:43Z,2026-06-01T14:14:43Z,0,ec5290ca6f5b24af985d5bf26e64c89a496d253d
26760077448,Build,workflow_run,completed,action_required,2026-06-01T14:07:56Z,2026-06-01T14:07:56Z,0,ec5290ca6f5b24af985d5bf26e64c89a496d253d
26759934995,Style,pull_request,completed,success,2026-06-01T14:05:21Z,2026-06-01T14:24:52Z,1171,96fb1a3207e5b65dca687d02022c958ba05c32a4
26759935092,clang-format,pull_request,completed,success,2026-06-01T14:05:21Z,2026-06-01T14:24:57Z,1176,96fb1a3207e5b65dca687d02022c958ba05c32a4
26759934031,Mypy,pull_request,completed,success,2026-06-01T14:05:20Z,2026-06-01T14:32:39Z,1639,96fb1a3207e5b65dca687d02022c958ba05c32a4
26759934392,Pyrefly,pull_request,completed,success,2026-06-01T14:05:20Z,2026-06-01T14:32:28Z,1628,96fb1a3207e5b65dca687d02022c958ba05c32a4
26759934597,ci-no-onnx,pull_request,completed,success,2026-06-01T14:05:20Z,2026-06-01T14:32:59Z,1659,96fb1a3207e5b65dca687d02022c958ba05c32a4
26759934453,Standalone example,pull_request,completed,success,2026-06-01T14:05:20Z,2026-06-01T14:33:41Z,1701,96fb1a3207e5b65dca687d02022c958ba05c32a4
26759934060,ci-debug-ubuntu,pull_request,completed,success,2026-06-01T14:05:20Z,2026-06-01T14:35:21Z,1801,96fb1a3207e5b65dca687d02022c958ba05c32a4
26759934704,Spelling,pull_request,completed,failure,2026-06-01T14:05:20Z,2026-06-01T14:24:50Z,1170,96fb1a3207e5b65dca687d02022c958ba05c32a4
26759934405,ci-1-core,pull_request,completed,success,2026-06-01T14:05:20Z,2026-06-01T14:50:21Z,2701,96fb1a3207e5b65dca687d02022c958ba05c32a4
26759830596,Addressing comment on PR #1461,dynamic,completed,success,2026-06-01T14:03:28Z,2026-06-01T14:05:28Z,120,bab3b984a1caf199dd89fbf19c2a6f3ff2119a0e
26759509745,Running Copilot cloud agent,dynamic,completed,success,2026-06-01T13:57:53Z,2026-06-01T14:15:44Z,1071,26e54a479e739cadcb9ccb6ee1c5e3de61fe1206
26759286369,Addressing comment on PR #1458,dynamic,completed,failure,2026-06-01T13:53:54Z,2026-06-01T14:01:47Z,473,b8cb53adf9623f9a884b238f4ef79858c85e54e7
26759072950,Addressing comment on PR #1461,dynamic,completed,success,2026-06-01T13:49:57Z,2026-06-01T13:51:45Z,108,3951215eee821e4d4c9886f4af828ae429c47c02
26759029428,Build,workflow_run,completed,skipped,2026-06-01T13:49:08Z,2026-06-01T13:49:10Z,2,ec5290ca6f5b24af985d5bf26e64c89a496d253d
26759024580,Build,workflow_run,completed,skipped,2026-06-01T13:49:03Z,2026-06-01T13:49:04Z,1,ec5290ca6f5b24af985d5bf26e64c89a496d253d
26759021331,ci-1-core,push,completed,success,2026-06-01T13:48:59Z,2026-06-01T14:16:34Z,1655,ec5290ca6f5b24af985d5bf26e64c89a496d253d
26759021072,clang-format,push,completed,success,2026-06-01T13:48:59Z,2026-06-01T13:49:16Z,17,ec5290ca6f5b24af985d5bf26e64c89a496d253d
26759021133,Style,push,completed,success,2026-06-01T13:48:59Z,2026-06-01T13:49:09Z,10,ec5290ca6f5b24af985d5bf26e64c89a496d253d
26759021054,Spelling,push,completed,success,2026-06-01T13:48:59Z,2026-06-01T13:49:10Z,11,ec5290ca6f5b24af985d5bf26e64c89a496d253d
26759021185,Pyrefly,push,completed,success,2026-06-01T13:48:59Z,2026-06-01T13:56:59Z,480,ec5290ca6f5b24af985d5bf26e64c89a496d253d
26759021067,Mypy,push,completed,success,2026-06-01T13:48:59Z,2026-06-01T13:57:03Z,484,ec5290ca6f5b24af985d5bf26e64c89a496d253d
26759021168,ci-no-onnx,push,completed,success,2026-06-01T13:48:59Z,2026-06-01T13:57:23Z,504,ec5290ca6f5b24af985d5bf26e64c89a496d253d
26759021202,ci-debug-ubuntu,push,completed,success,2026-06-01T13:48:59Z,2026-06-01T13:57:35Z,516,ec5290ca6f5b24af985d5bf26e64c89a496d253d
26759021106,Standalone example,push,completed,success,2026-06-01T13:48:59Z,2026-06-01T13:58:05Z,546,ec5290ca6f5b24af985d5bf26e64c89a496d253d
26759004442,Spelling,push,completed,success,2026-06-01T13:48:41Z,2026-06-01T13:48:54Z,13,bd01317c24d32b968c7c215bda57180777034d79
26759004642,Style,push,completed,success,2026-06-01T13:48:41Z,2026-06-01T13:48:57Z,16,bd01317c24d32b968c7c215bda57180777034d79
26759004620,Standalone example,push,completed,cancelled,2026-06-01T13:48:41Z,2026-06-01T13:49:06Z,25,bd01317c24d32b968c7c215bda57180777034d79
26759004574,ci-debug-ubuntu,push,completed,cancelled,2026-06-01T13:48:41Z,2026-06-01T13:49:01Z,20,bd01317c24d32b968c7c215bda57180777034d79
26759004667,ci-no-onnx,push,completed,cancelled,2026-06-01T13:48:41Z,2026-06-01T13:49:01Z,20,bd01317c24d32b968c7c215bda57180777034d79
26759004605,Pyrefly,push,completed,cancelled,2026-06-01T13:48:41Z,2026-06-01T13:49:01Z,20,bd01317c24d32b968c7c215bda57180777034d79
26759004673,clang-format,push,completed,cancelled,2026-06-01T13:48:41Z,2026-06-01T13:49:02Z,21,bd01317c24d32b968c7c215bda57180777034d79
26759004542,Mypy,push,completed,cancelled,2026-06-01T13:48:41Z,2026-06-01T13:49:01Z,20,bd01317c24d32b968c7c215bda57180777034d79
26759004631,ci-1-core,push,completed,cancelled,2026-06-01T13:48:41Z,2026-06-01T13:49:03Z,22,bd01317c24d32b968c7c215bda57180777034d79
26758995364,Pyrefly,push,completed,cancelled,2026-06-01T13:48:31Z,2026-06-01T13:48:58Z,27,ca5caff40a2ab41d3ee6eda952e3878455ca976f
26758994904,Style,push,completed,success,2026-06-01T13:48:30Z,2026-06-01T13:48:42Z,12,ca5caff40a2ab41d3ee6eda952e3878455ca976f
26758994617,Spelling,push,completed,cancelled,2026-06-01T13:48:30Z,2026-06-01T13:48:43Z,13,ca5caff40a2ab41d3ee6eda952e3878455ca976f
26758994676,Standalone example,push,completed,cancelled,2026-06-01T13:48:30Z,2026-06-01T13:48:51Z,21,ca5caff40a2ab41d3ee6eda952e3878455ca976f
26758994665,clang-format,push,completed,cancelled,2026-06-01T13:48:30Z,2026-06-01T13:48:47Z,17,ca5caff40a2ab41d3ee6eda952e3878455ca976f
26758995047,Mypy,push,completed,cancelled,2026-06-01T13:48:30Z,2026-06-01T13:48:58Z,28,ca5caff40a2ab41d3ee6eda952e3878455ca976f
26758994963,ci-debug-ubuntu,push,completed,cancelled,2026-06-01T13:48:30Z,2026-06-01T13:48:58Z,28,ca5caff40a2ab41d3ee6eda952e3878455ca976f
26758994943,ci-1-core,push,completed,cancelled,2026-06-01T13:48:30Z,2026-06-01T13:49:00Z,30,ca5caff40a2ab41d3ee6eda952e3878455ca976f
26758994645,ci-no-onnx,push,completed,cancelled,2026-06-01T13:48:30Z,2026-06-01T13:48:58Z,28,ca5caff40a2ab41d3ee6eda952e3878455ca976f
26756861214,Build,workflow_run,completed,action_required,2026-06-01T13:08:17Z,2026-06-01T13:08:17Z,0,93b9630f3f78134bb81da639f888d8c498340b9d
26756064619,Build,workflow_run,completed,action_required,2026-06-01T12:52:34Z,2026-06-01T12:52:34Z,0,93b9630f3f78134bb81da639f888d8c498340b9d
26755645386,Build,workflow_run,completed,action_required,2026-06-01T12:44:02Z,2026-06-01T12:44:02Z,0,93b9630f3f78134bb81da639f888d8c498340b9d
26755606656,ci-1-core,pull_request,completed,success,2026-06-01T12:43:14Z,2026-06-01T14:21:48Z,5914,788a32faecda3a0b6e70bcef0ec5c731ea156d22
26755606579,Style,pull_request,completed,success,2026-06-01T12:43:14Z,2026-06-01T13:50:54Z,4060,788a32faecda3a0b6e70bcef0ec5c731ea156d22
26755606511,clang-format,pull_request,completed,success,2026-06-01T12:43:14Z,2026-06-01T13:50:57Z,4063,788a32faecda3a0b6e70bcef0ec5c731ea156d22
26755606761,Spelling,pull_request,completed,failure,2026-06-01T12:43:14Z,2026-06-01T13:51:07Z,4073,788a32faecda3a0b6e70bcef0ec5c731ea156d22
26755606516,Pyrefly,pull_request,completed,success,2026-06-01T12:43:14Z,2026-06-01T13:58:14Z,4500,788a32faecda3a0b6e70bcef0ec5c731ea156d22
26755606692,ci-no-onnx,pull_request,completed,success,2026-06-01T12:43:14Z,2026-06-01T13:58:46Z,4532,788a32faecda3a0b6e70bcef0ec5c731ea156d22
26755606554,Standalone example,pull_request,completed,success,2026-06-01T12:43:14Z,2026-06-01T13:59:39Z,4585,788a32faecda3a0b6e70bcef0ec5c731ea156d22
26755606623,Mypy,pull_request,completed,success,2026-06-01T12:43:14Z,2026-06-01T13:59:41Z,4587,788a32faecda3a0b6e70bcef0ec5c731ea156d22
26755606602,ci-debug-ubuntu,pull_request,completed,success,2026-06-01T12:43:14Z,2026-06-01T14:01:43Z,4709,788a32faecda3a0b6e70bcef0ec5c731ea156d22
26755586644,ci-no-onnx,pull_request,completed,failure,2026-06-01T12:42:48Z,2026-06-01T14:04:30Z,4902,97799c5991207d7cba0b30f540cd1057bb05d951
26755586609,Mypy,pull_request,completed,success,2026-06-01T12:42:48Z,2026-06-01T14:05:14Z,4946,97799c5991207d7cba0b30f540cd1057bb05d951
26755586752,Pyrefly,pull_request,completed,success,2026-06-01T12:42:48Z,2026-06-01T14:05:23Z,4955,97799c5991207d7cba0b30f540cd1057bb05d951
26755586600,ci-1-core,pull_request,completed,failure,2026-06-01T12:42:48Z,2026-06-01T14:07:52Z,5104,97799c5991207d7cba0b30f540cd1057bb05d951
26755586771,ci-debug-ubuntu,pull_request,completed,failure,2026-06-01T12:42:48Z,2026-06-01T14:08:11Z,5123,97799c5991207d7cba0b30f540cd1057bb05d951
26755586698,Spelling,pull_request,completed,success,2026-06-01T12:42:48Z,2026-06-01T13:51:20Z,4112,97799c5991207d7cba0b30f540cd1057bb05d951
26755586650,Style,pull_request,completed,success,2026-06-01T12:42:48Z,2026-06-01T13:54:53Z,4325,97799c5991207d7cba0b30f540cd1057bb05d951
26755586635,clang-format,pull_request,completed,success,2026-06-01T12:42:48Z,2026-06-01T13:54:43Z,4315,97799c5991207d7cba0b30f540cd1057bb05d951
26755586653,Standalone example,pull_request,completed,success,2026-06-01T12:42:48Z,2026-06-01T13:56:34Z,4426,97799c5991207d7cba0b30f540cd1057bb05d951
26755035050,Build,workflow_run,completed,success,2026-06-01T12:31:21Z,2026-06-01T13:24:23Z,3182,93b9630f3f78134bb81da639f888d8c498340b9d
26754960854,Spelling,pull_request,completed,failure,2026-06-01T12:29:51Z,2026-06-01T12:39:51Z,600,3951215eee821e4d4c9886f4af828ae429c47c02
26754960876,Mypy,pull_request,completed,success,2026-06-01T12:29:51Z,2026-06-01T12:43:34Z,823,3951215eee821e4d4c9886f4af828ae429c47c02
26754960831,ci-debug-ubuntu,pull_request,completed,failure,2026-06-01T12:29:51Z,2026-06-01T12:44:25Z,874,3951215eee821e4d4c9886f4af828ae429c47c02
26754960922,ci-no-onnx,pull_request,completed,failure,2026-06-01T12:29:51Z,2026-06-01T12:45:17Z,926,3951215eee821e4d4c9886f4af828ae429c47c02
26754960888,clang-format,pull_request,completed,success,2026-06-01T12:29:51Z,2026-06-01T12:35:30Z,339,3951215eee821e4d4c9886f4af828ae429c47c02
26754960869,Style,pull_request,completed,success,2026-06-01T12:29:51Z,2026-06-01T12:38:17Z,506,3951215eee821e4d4c9886f4af828ae429c47c02
26754960935,Standalone example,pull_request,completed,success,2026-06-01T12:29:51Z,2026-06-01T12:46:44Z,1013,3951215eee821e4d4c9886f4af828ae429c47c02
26754960968,Pyrefly,pull_request,completed,success,2026-06-01T12:29:51Z,2026-06-01T12:48:15Z,1104,3951215eee821e4d4c9886f4af828ae429c47c02
26754960820,ci-1-core,pull_request,completed,failure,2026-06-01T12:29:51Z,2026-06-01T12:52:31Z,1360,3951215eee821e4d4c9886f4af828ae429c47c02
26754953048,Build,workflow_run,completed,action_required,2026-06-01T12:29:41Z,2026-06-01T12:29:41Z,0,93b9630f3f78134bb81da639f888d8c498340b9d
26754914514,ci-1-core,pull_request,completed,success,2026-06-01T12:28:51Z,2026-06-01T14:14:38Z,6347,b8cb53adf9623f9a884b238f4ef79858c85e54e7
26754914512,Style,pull_request,completed,success,2026-06-01T12:28:51Z,2026-06-01T13:49:44Z,4853,b8cb53adf9623f9a884b238f4ef79858c85e54e7
26754914520,Spelling,pull_request,completed,success,2026-06-01T12:28:51Z,2026-06-01T13:49:41Z,4850,b8cb53adf9623f9a884b238f4ef79858c85e54e7
26754914549,clang-format,pull_request,completed,success,2026-06-01T12:28:51Z,2026-06-01T13:49:42Z,4851,b8cb53adf9623f9a884b238f4ef79858c85e54e7
26754914554,Pyrefly,pull_request,completed,success,2026-06-01T12:28:51Z,2026-06-01T13:57:04Z,5293,b8cb53adf9623f9a884b238f4ef79858c85e54e7
26754914556,Mypy,pull_request,completed,success,2026-06-01T12:28:51Z,2026-06-01T13:57:28Z,5317,b8cb53adf9623f9a884b238f4ef79858c85e54e7
26754914485,ci-no-onnx,pull_request,completed,success,2026-06-01T12:28:51Z,2026-06-01T13:57:28Z,5317,b8cb53adf9623f9a884b238f4ef79858c85e54e7
26754914579,Standalone example,pull_request,completed,success,2026-06-01T12:28:51Z,2026-06-01T13:58:00Z,5349,b8cb53adf9623f9a884b238f4ef79858c85e54e7
26754914562,ci-debug-ubuntu,pull_request,completed,success,2026-06-01T12:28:51Z,2026-06-01T13:59:49Z,5458,b8cb53adf9623f9a884b238f4ef79858c85e54e7
26754788806,Addressing comment on PR #1458,dynamic,completed,success,2026-06-01T12:26:10Z,2026-06-01T12:29:18Z,188,b933cd4240457cc1c74e2d85106c0fb3d1491a78
26754742776,Style,pull_request,completed,success,2026-06-01T12:25:11Z,2026-06-01T12:39:43Z,872,dfbe1531281d9de939e0e1d7d4387c15d2c1923b
26754742666,Pyrefly,pull_request,completed,success,2026-06-01T12:25:11Z,2026-06-01T12:40:37Z,926,dfbe1531281d9de939e0e1d7d4387c15d2c1923b
26754742691,Standalone example,pull_request,completed,success,2026-06-01T12:25:11Z,2026-06-01T12:43:50Z,1119,dfbe1531281d9de939e0e1d7d4387c15d2c1923b
26754742714,ci-no-onnx,pull_request,completed,success,2026-06-01T12:25:11Z,2026-06-01T12:45:38Z,1227,dfbe1531281d9de939e0e1d7d4387c15d2c1923b
26754742704,clang-format,pull_request,completed,success,2026-06-01T12:25:11Z,2026-06-01T12:37:21Z,730,dfbe1531281d9de939e0e1d7d4387c15d2c1923b
26754743057,Spelling,pull_request,completed,success,2026-06-01T12:25:11Z,2026-06-01T12:38:26Z,795,dfbe1531281d9de939e0e1d7d4387c15d2c1923b
26754742660,Mypy,pull_request,completed,success,2026-06-01T12:25:11Z,2026-06-01T12:47:15Z,1324,dfbe1531281d9de939e0e1d7d4387c15d2c1923b
26754742719,ci-debug-ubuntu,pull_request,completed,success,2026-06-01T12:25:11Z,2026-06-01T12:51:39Z,1588,dfbe1531281d9de939e0e1d7d4387c15d2c1923b
26754742773,ci-1-core,pull_request,completed,success,2026-06-01T12:25:11Z,2026-06-01T13:08:12Z,2581,dfbe1531281d9de939e0e1d7d4387c15d2c1923b
26754331819,Build,workflow_run,completed,action_required,2026-06-01T12:16:25Z,2026-06-01T12:16:25Z,0,93b9630f3f78134bb81da639f888d8c498340b9d
26753897723,Running Copilot cloud agent,dynamic,completed,success,2026-06-01T12:07:10Z,2026-06-01T12:43:15Z,2165,8b0334bbbdb18f1430b1e8829f2b2a39b77322f5
26753874556,Running Copilot cloud agent,dynamic,completed,success,2026-06-01T12:06:39Z,2026-06-01T12:42:17Z,2138,e2b0659fdbf8d88eca0705734a30643c03ee65ba
26753871331,Running Copilot cloud agent,dynamic,completed,success,2026-06-01T12:06:35Z,2026-06-01T12:33:45Z,1630,8d207da9f0266bfe28160931ed1bf98f22f6a456
26753869971,Running Copilot cloud agent,dynamic,completed,success,2026-06-01T12:06:33Z,2026-06-01T12:25:57Z,1164,65f62e4c6f97cb5bd9f86478b88993ed247cafb4
26753847284,Build,workflow_run,completed,action_required,2026-06-01T12:06:04Z,2026-06-01T12:06:04Z,0,93b9630f3f78134bb81da639f888d8c498340b9d
26753837893,Build,workflow_run,completed,skipped,2026-06-01T12:05:53Z,2026-06-01T12:05:54Z,1,93b9630f3f78134bb81da639f888d8c498340b9d
26753820574,ci-1-core,push,completed,success,2026-06-01T12:05:30Z,2026-06-01T12:31:18Z,1548,93b9630f3f78134bb81da639f888d8c498340b9d
26753820635,ci-debug-ubuntu,push,completed,success,2026-06-01T12:05:30Z,2026-06-01T12:15:48Z,618,93b9630f3f78134bb81da639f888d8c498340b9d
26753820601,clang-format,push,completed,success,2026-06-01T12:05:30Z,2026-06-01T12:05:44Z,14,93b9630f3f78134bb81da639f888d8c498340b9d
26753820583,Spelling,push,completed,success,2026-06-01T12:05:30Z,2026-06-01T12:05:45Z,15,93b9630f3f78134bb81da639f888d8c498340b9d
26753820560,Style,push,completed,success,2026-06-01T12:05:30Z,2026-06-01T12:05:43Z,13,93b9630f3f78134bb81da639f888d8c498340b9d
26753820579,Mypy,push,completed,success,2026-06-01T12:05:30Z,2026-06-01T12:11:47Z,377,93b9630f3f78134bb81da639f888d8c498340b9d
26753820593,Pyrefly,push,completed,success,2026-06-01T12:05:30Z,2026-06-01T12:13:06Z,456,93b9630f3f78134bb81da639f888d8c498340b9d
26753820576,ci-no-onnx,push,completed,success,2026-06-01T12:05:30Z,2026-06-01T12:13:11Z,461,93b9630f3f78134bb81da639f888d8c498340b9d
26753820591,Standalone example,push,completed,success,2026-06-01T12:05:30Z,2026-06-01T12:13:47Z,497,93b9630f3f78134bb81da639f888d8c498340b9d
26753450990,ci-debug-ubuntu,pull_request,completed,success,2026-06-01T11:57:47Z,2026-06-01T12:22:51Z,1504,52e442a5a3fc0578a3b4298df3326317cfef8195
26753450949,ci-1-core,pull_request,completed,success,2026-06-01T11:57:47Z,2026-06-01T12:29:38Z,1911,52e442a5a3fc0578a3b4298df3326317cfef8195
26753450936,clang-format,pull_request,completed,success,2026-06-01T11:57:47Z,2026-06-01T12:12:21Z,874,52e442a5a3fc0578a3b4298df3326317cfef8195
26753450885,Style,pull_request,completed,success,2026-06-01T11:57:47Z,2026-06-01T12:13:27Z,940,52e442a5a3fc0578a3b4298df3326317cfef8195
26753450969,Mypy,pull_request,completed,success,2026-06-01T11:57:47Z,2026-06-01T12:13:48Z,961,52e442a5a3fc0578a3b4298df3326317cfef8195
26753450812,ci-no-onnx,pull_request,completed,success,2026-06-01T11:57:46Z,2026-06-01T12:20:20Z,1354,52e442a5a3fc0578a3b4298df3326317cfef8195
26753450778,Standalone example,pull_request,completed,success,2026-06-01T11:57:46Z,2026-06-01T12:18:33Z,1247,52e442a5a3fc0578a3b4298df3326317cfef8195
26753450780,Pyrefly,pull_request,completed,success,2026-06-01T11:57:46Z,2026-06-01T12:12:11Z,865,52e442a5a3fc0578a3b4298df3326317cfef8195
26753450786,Spelling,pull_request,completed,success,2026-06-01T11:57:46Z,2026-06-01T12:12:31Z,885,52e442a5a3fc0578a3b4298df3326317cfef8195
26753074378,ci-debug-ubuntu,pull_request,completed,failure,2026-06-01T11:49:43Z,2026-06-01T12:15:54Z,1571,b933cd4240457cc1c74e2d85106c0fb3d1491a78
26753074068,ci-1-core,pull_request,completed,failure,2026-06-01T11:49:43Z,2026-06-01T12:16:22Z,1599,b933cd4240457cc1c74e2d85106c0fb3d1491a78
26753074098,Style,pull_request,completed,success,2026-06-01T11:49:43Z,2026-06-01T12:06:00Z,977,b933cd4240457cc1c74e2d85106c0fb3d1491a78
26753074094,clang-format,pull_request,completed,success,2026-06-01T11:49:43Z,2026-06-01T12:06:00Z,977,b933cd4240457cc1c74e2d85106c0fb3d1491a78
26753074103,Spelling,pull_request,completed,success,2026-06-01T11:49:43Z,2026-06-01T12:06:02Z,979,b933cd4240457cc1c74e2d85106c0fb3d1491a78
26753074084,Pyrefly,pull_request,completed,success,2026-06-01T11:49:43Z,2026-06-01T12:13:13Z,1410,b933cd4240457cc1c74e2d85106c0fb3d1491a78
26753074170,Mypy,pull_request,completed,success,2026-06-01T11:49:43Z,2026-06-01T12:13:42Z,1439,b933cd4240457cc1c74e2d85106c0fb3d1491a78
26753074050,ci-no-onnx,pull_request,completed,failure,2026-06-01T11:49:43Z,2026-06-01T12:14:08Z,1465,b933cd4240457cc1c74e2d85106c0fb3d1491a78
26753074029,Standalone example,pull_request,completed,success,2026-06-01T11:49:43Z,2026-06-01T12:14:11Z,1468,b933cd4240457cc1c74e2d85106c0fb3d1491a78
26752957581,ci-1-core,pull_request,completed,success,2026-06-01T11:47:10Z,2026-06-01T12:43:59Z,3409,743c0f9d8f42e7d94393f7c3585054de50e7befa
26752957595,Standalone example,pull_request,completed,success,2026-06-01T11:47:10Z,2026-06-01T12:14:27Z,1637,743c0f9d8f42e7d94393f7c3585054de50e7befa
26752957591,ci-debug-ubuntu,pull_request,completed,success,2026-06-01T11:47:10Z,2026-06-01T12:15:59Z,1729,743c0f9d8f42e7d94393f7c3585054de50e7befa
26752957562,Style,pull_request,completed,success,2026-06-01T11:47:10Z,2026-06-01T12:05:48Z,1118,743c0f9d8f42e7d94393f7c3585054de50e7befa
26752957642,Spelling,pull_request,completed,success,2026-06-01T11:47:10Z,2026-06-01T12:05:52Z,1122,743c0f9d8f42e7d94393f7c3585054de50e7befa
26752957568,clang-format,pull_request,completed,success,2026-06-01T11:47:10Z,2026-06-01T12:05:55Z,1125,743c0f9d8f42e7d94393f7c3585054de50e7befa
26752957567,Pyrefly,pull_request,completed,success,2026-06-01T11:47:10Z,2026-06-01T12:13:17Z,1567,743c0f9d8f42e7d94393f7c3585054de50e7befa
26752957565,ci-no-onnx,pull_request,completed,success,2026-06-01T11:47:10Z,2026-06-01T12:13:15Z,1565,743c0f9d8f42e7d94393f7c3585054de50e7befa
26752957576,Mypy,pull_request,completed,success,2026-06-01T11:47:10Z,2026-06-01T12:13:40Z,1590,743c0f9d8f42e7d94393f7c3585054de50e7befa
26752895063,Build,workflow_run,completed,action_required,2026-06-01T11:45:48Z,2026-06-01T11:45:48Z,0,b5223638dbb5596337ce6d1db8b19df0c977819f
26752879151,Addressing comment on PR #1459,dynamic,completed,success,2026-06-01T11:45:26Z,2026-06-01T11:58:06Z,760,f82268b749e75a71f9c31b4585d65b31fd0b75b4
26752873675,Addressing comment on PR #1451,dynamic,completed,success,2026-06-01T11:45:19Z,2026-06-01T11:47:22Z,123,28d230f16c0b16580244bb13e57b80c384f24654
26752857967,Build,workflow_run,completed,skipped,2026-06-01T11:45:00Z,2026-06-01T11:45:10Z,10,b5223638dbb5596337ce6d1db8b19df0c977819f
26752853163,Pyrefly,push,completed,success,2026-06-01T11:44:54Z,2026-06-01T11:52:28Z,454,b5223638dbb5596337ce6d1db8b19df0c977819f
26752853039,Mypy,push,completed,success,2026-06-01T11:44:54Z,2026-06-01T11:52:41Z,467,b5223638dbb5596337ce6d1db8b19df0c977819f
26752853164,ci-no-onnx,push,completed,success,2026-06-01T11:44:54Z,2026-06-01T11:52:51Z,477,b5223638dbb5596337ce6d1db8b19df0c977819f
26752853153,Standalone example,push,completed,success,2026-06-01T11:44:54Z,2026-06-01T11:53:33Z,519,b5223638dbb5596337ce6d1db8b19df0c977819f
26752853045,ci-debug-ubuntu,push,completed,success,2026-06-01T11:44:54Z,2026-06-01T11:55:11Z,617,b5223638dbb5596337ce6d1db8b19df0c977819f
26752853129,clang-format,push,completed,success,2026-06-01T11:44:54Z,2026-06-01T11:45:09Z,15,b5223638dbb5596337ce6d1db8b19df0c977819f
26752853140,Style,push,completed,success,2026-06-01T11:44:54Z,2026-06-01T11:45:13Z,19,b5223638dbb5596337ce6d1db8b19df0c977819f
26752853132,Spelling,push,completed,success,2026-06-01T11:44:54Z,2026-06-01T11:45:08Z,14,b5223638dbb5596337ce6d1db8b19df0c977819f
26752853141,ci-1-core,push,completed,cancelled,2026-06-01T11:44:54Z,2026-06-01T12:05:50Z,1256,b5223638dbb5596337ce6d1db8b19df0c977819f
26752851261,Build,workflow_run,completed,cancelled,2026-06-01T11:44:52Z,2026-06-01T11:45:01Z,9,b5223638dbb5596337ce6d1db8b19df0c977819f
26752845383,ci-debug-ubuntu,push,completed,cancelled,2026-06-01T11:44:44Z,2026-06-01T11:44:55Z,11,e4c949b7bdaf088f834c87e3b2d35d1e1147552d
26752845377,Mypy,push,completed,cancelled,2026-06-01T11:44:44Z,2026-06-01T11:44:55Z,11,e4c949b7bdaf088f834c87e3b2d35d1e1147552d
26752845360,Pyrefly,push,completed,cancelled,2026-06-01T11:44:44Z,2026-06-01T11:44:55Z,11,e4c949b7bdaf088f834c87e3b2d35d1e1147552d
26752845370,Standalone example,push,completed,cancelled,2026-06-01T11:44:44Z,2026-06-01T11:44:56Z,12,e4c949b7bdaf088f834c87e3b2d35d1e1147552d
26752845332,Style,push,completed,cancelled,2026-06-01T11:44:44Z,2026-06-01T11:44:57Z,13,e4c949b7bdaf088f834c87e3b2d35d1e1147552d
26752845368,clang-format,push,completed,cancelled,2026-06-01T11:44:44Z,2026-06-01T11:44:58Z,14,e4c949b7bdaf088f834c87e3b2d35d1e1147552d
26752845280,ci-1-core,push,completed,cancelled,2026-06-01T11:44:44Z,2026-06-01T11:44:58Z,14,e4c949b7bdaf088f834c87e3b2d35d1e1147552d
26752845351,ci-no-onnx,push,completed,cancelled,2026-06-01T11:44:44Z,2026-06-01T11:44:58Z,14,e4c949b7bdaf088f834c87e3b2d35d1e1147552d
26752845347,Spelling,push,completed,cancelled,2026-06-01T11:44:44Z,2026-06-01T11:44:58Z,14,e4c949b7bdaf088f834c87e3b2d35d1e1147552d
26752839264,ci-no-onnx,push,completed,cancelled,2026-06-01T11:44:36Z,2026-06-01T11:44:50Z,14,dd14283f95e8924e893875f734383e2840f18d6b
26752839283,clang-format,push,completed,cancelled,2026-06-01T11:44:36Z,2026-06-01T11:44:51Z,15,dd14283f95e8924e893875f734383e2840f18d6b
26752839313,Spelling,push,completed,cancelled,2026-06-01T11:44:36Z,2026-06-01T11:44:48Z,12,dd14283f95e8924e893875f734383e2840f18d6b
26752839300,ci-1-core,push,completed,cancelled,2026-06-01T11:44:36Z,2026-06-01T11:44:49Z,13,dd14283f95e8924e893875f734383e2840f18d6b
26752839410,Style,push,completed,cancelled,2026-06-01T11:44:36Z,2026-06-01T11:44:47Z,11,dd14283f95e8924e893875f734383e2840f18d6b
26752839281,Standalone example,push,completed,cancelled,2026-06-01T11:44:36Z,2026-06-01T11:44:54Z,18,dd14283f95e8924e893875f734383e2840f18d6b
26752839355,Mypy,push,completed,cancelled,2026-06-01T11:44:36Z,2026-06-01T11:45:00Z,24,dd14283f95e8924e893875f734383e2840f18d6b
26752839384,ci-debug-ubuntu,push,completed,cancelled,2026-06-01T11:44:36Z,2026-06-01T11:45:01Z,25,dd14283f95e8924e893875f734383e2840f18d6b
26752839296,Pyrefly,push,completed,cancelled,2026-06-01T11:44:36Z,2026-06-01T11:45:01Z,25,dd14283f95e8924e893875f734383e2840f18d6b
26752080588,Build,workflow_run,completed,action_required,2026-06-01T11:27:58Z,2026-06-01T11:27:58Z,0,bd75df8188670fcf3fb80d4171576595575091e1
26751987025,Build,workflow_run,completed,action_required,2026-06-01T11:25:50Z,2026-06-01T11:25:50Z,0,bd75df8188670fcf3fb80d4171576595575091e1
26751955222,Mypy,pull_request,completed,success,2026-06-01T11:25:07Z,2026-06-01T11:52:57Z,1670,28d230f16c0b16580244bb13e57b80c384f24654
26751955303,clang-format,pull_request,completed,success,2026-06-01T11:25:07Z,2026-06-01T11:45:24Z,1217,28d230f16c0b16580244bb13e57b80c384f24654
26751955320,Spelling,pull_request,completed,success,2026-06-01T11:25:07Z,2026-06-01T11:45:23Z,1216,28d230f16c0b16580244bb13e57b80c384f24654
26751955005,Pyrefly,pull_request,completed,success,2026-06-01T11:25:06Z,2026-06-01T11:52:26Z,1640,28d230f16c0b16580244bb13e57b80c384f24654
26751955045,ci-no-onnx,pull_request,completed,success,2026-06-01T11:25:06Z,2026-06-01T11:53:07Z,1681,28d230f16c0b16580244bb13e57b80c384f24654
26751955071,Standalone example,pull_request,completed,success,2026-06-01T11:25:06Z,2026-06-01T11:54:25Z,1759,28d230f16c0b16580244bb13e57b80c384f24654
26751955050,ci-debug-ubuntu,pull_request,completed,success,2026-06-01T11:25:06Z,2026-06-01T11:56:01Z,1855,28d230f16c0b16580244bb13e57b80c384f24654
26751955078,Style,pull_request,completed,success,2026-06-01T11:25:06Z,2026-06-01T11:45:22Z,1216,28d230f16c0b16580244bb13e57b80c384f24654
26751955073,ci-1-core,pull_request,completed,cancelled,2026-06-01T11:25:06Z,2026-06-01T12:06:01Z,2455,28d230f16c0b16580244bb13e57b80c384f24654
26751890749,Build,workflow_run,completed,action_required,2026-06-01T11:23:40Z,2026-06-01T11:23:40Z,0,bd75df8188670fcf3fb80d4171576595575091e1
26751661595,Build,workflow_run,completed,cancelled,2026-06-01T11:18:40Z,2026-06-01T11:45:10Z,1590,bd75df8188670fcf3fb80d4171576595575091e1
26751658434,Build,workflow_run,completed,action_required,2026-06-01T11:18:36Z,2026-06-01T11:18:36Z,0,bd75df8188670fcf3fb80d4171576595575091e1
26751618334,Spelling,pull_request,completed,success,2026-06-01T11:17:42Z,2026-06-01T11:19:35Z,113,8ccdc58914f548b5fda68f4a44cc4e7b21ad1172
26751618382,Style,pull_request,completed,success,2026-06-01T11:17:42Z,2026-06-01T11:19:30Z,108,8ccdc58914f548b5fda68f4a44cc4e7b21ad1172
26751618383,clang-format,pull_request,completed,success,2026-06-01T11:17:42Z,2026-06-01T11:19:36Z,114,8ccdc58914f548b5fda68f4a44cc4e7b21ad1172
26751618356,ci-1-core,pull_request,completed,success,2026-06-01T11:17:42Z,2026-06-01T11:45:45Z,1683,8ccdc58914f548b5fda68f4a44cc4e7b21ad1172
26751618106,ci-no-onnx,pull_request,completed,success,2026-06-01T11:17:42Z,2026-06-01T11:26:56Z,554,8ccdc58914f548b5fda68f4a44cc4e7b21ad1172
26751618371,Pyrefly,pull_request,completed,success,2026-06-01T11:17:42Z,2026-06-01T11:26:58Z,556,8ccdc58914f548b5fda68f4a44cc4e7b21ad1172
26751618245,Mypy,pull_request,completed,success,2026-06-01T11:17:42Z,2026-06-01T11:26:51Z,549,8ccdc58914f548b5fda68f4a44cc4e7b21ad1172
26751618388,Standalone example,pull_request,completed,success,2026-06-01T11:17:42Z,2026-06-01T11:27:31Z,589,8ccdc58914f548b5fda68f4a44cc4e7b21ad1172
26751618412,ci-debug-ubuntu,pull_request,completed,success,2026-06-01T11:17:42Z,2026-06-01T11:27:48Z,606,8ccdc58914f548b5fda68f4a44cc4e7b21ad1172
26751515141,Addressing comment on PR #1454,dynamic,completed,success,2026-06-01T11:15:22Z,2026-06-01T11:18:10Z,168,c877c4d3a5ac08b3db73099b420ab164c654a153
26751460177,Build,workflow_run,completed,action_required,2026-06-01T11:14:08Z,2026-06-01T11:14:08Z,0,bd75df8188670fcf3fb80d4171576595575091e1
26751365165,Addressing comment on PR #1451,dynamic,completed,success,2026-06-01T11:11:59Z,2026-06-01T11:25:27Z,808,d96989aa13d91dd3ccb201195d403385693adcaa
26751087664,Running Copilot cloud agent,dynamic,completed,success,2026-06-01T11:05:46Z,2026-06-01T11:33:14Z,1648,00077eb0f2fbdf48a7db2f3e9ac1bfef255faced
26751085156,Running Copilot cloud agent,dynamic,completed,success,2026-06-01T11:05:43Z,2026-06-01T11:50:08Z,2665,af9cc6a43f09f0e1dd6359c2c9fa2c8ec3948772
26750605360,Mypy,pull_request,completed,success,2026-06-01T10:55:23Z,2026-06-01T11:13:35Z,1092,c877c4d3a5ac08b3db73099b420ab164c654a153
26750605401,ci-debug-ubuntu,pull_request,completed,failure,2026-06-01T10:55:23Z,2026-06-01T11:13:35Z,1092,c877c4d3a5ac08b3db73099b420ab164c654a153
26750605439,Standalone example,pull_request,completed,success,2026-06-01T10:55:23Z,2026-06-01T11:14:34Z,1151,c877c4d3a5ac08b3db73099b420ab164c654a153
26750605462,Pyrefly,pull_request,completed,success,2026-06-01T10:55:23Z,2026-06-01T11:15:58Z,1235,c877c4d3a5ac08b3db73099b420ab164c654a153
26750605373,ci-no-onnx,pull_request,completed,failure,2026-06-01T10:55:23Z,2026-06-01T11:17:13Z,1310,c877c4d3a5ac08b3db73099b420ab164c654a153
26750605407,ci-1-core,pull_request,completed,failure,2026-06-01T10:55:23Z,2026-06-01T11:18:33Z,1390,c877c4d3a5ac08b3db73099b420ab164c654a153
26750605372,Style,pull_request,completed,success,2026-06-01T10:55:23Z,2026-06-01T11:05:53Z,630,c877c4d3a5ac08b3db73099b420ab164c654a153
26750605429,Spelling,pull_request,completed,success,2026-06-01T10:55:23Z,2026-06-01T11:06:17Z,654,c877c4d3a5ac08b3db73099b420ab164c654a153
26750605365,clang-format,pull_request,completed,success,2026-06-01T10:55:23Z,2026-06-01T11:06:08Z,645,c877c4d3a5ac08b3db73099b420ab164c654a153
26750584289,ci-no-onnx,pull_request,completed,success,2026-06-01T10:54:57Z,2026-06-01T11:04:15Z,558,16a400b520abcc76d72139bcb9cda7e0a8d38eca
26750584239,Spelling,pull_request,completed,success,2026-06-01T10:54:56Z,2026-06-01T10:58:18Z,202,16a400b520abcc76d72139bcb9cda7e0a8d38eca
26750584243,Style,pull_request,completed,success,2026-06-01T10:54:56Z,2026-06-01T10:58:18Z,202,16a400b520abcc76d72139bcb9cda7e0a8d38eca
26750584256,clang-format,pull_request,completed,success,2026-06-01T10:54:56Z,2026-06-01T10:58:19Z,203,16a400b520abcc76d72139bcb9cda7e0a8d38eca
26750584266,Pyrefly,pull_request,completed,success,2026-06-01T10:54:56Z,2026-06-01T11:05:28Z,632,16a400b520abcc76d72139bcb9cda7e0a8d38eca
26750584258,Mypy,pull_request,completed,success,2026-06-01T10:54:56Z,2026-06-01T11:05:41Z,645,16a400b520abcc76d72139bcb9cda7e0a8d38eca
26750584282,Standalone example,pull_request,completed,success,2026-06-01T10:54:56Z,2026-06-01T11:06:20Z,684,16a400b520abcc76d72139bcb9cda7e0a8d38eca
26750584236,ci-debug-ubuntu,pull_request,completed,success,2026-06-01T10:54:56Z,2026-06-01T11:08:27Z,811,16a400b520abcc76d72139bcb9cda7e0a8d38eca
26750584250,ci-1-core,pull_request,completed,success,2026-06-01T10:54:56Z,2026-06-01T11:25:46Z,1850,16a400b520abcc76d72139bcb9cda7e0a8d38eca
26750562694,clang-format,pull_request,completed,success,2026-06-01T10:54:28Z,2026-06-01T11:01:24Z,416,d96989aa13d91dd3ccb201195d403385693adcaa
26750562695,Style,pull_request,completed,success,2026-06-01T10:54:28Z,2026-06-01T11:01:46Z,438,d96989aa13d91dd3ccb201195d403385693adcaa
26750562678,ci-1-core,pull_request,completed,failure,2026-06-01T10:54:28Z,2026-06-01T11:14:05Z,1177,d96989aa13d91dd3ccb201195d403385693adcaa
26750562674,Mypy,pull_request,completed,success,2026-06-01T10:54:28Z,2026-06-01T11:09:17Z,889,d96989aa13d91dd3ccb201195d403385693adcaa
26750562661,ci-debug-ubuntu,pull_request,completed,failure,2026-06-01T10:54:28Z,2026-06-01T11:11:38Z,1030,d96989aa13d91dd3ccb201195d403385693adcaa
26750562633,Spelling,pull_request,completed,success,2026-06-01T10:54:27Z,2026-06-01T11:01:34Z,427,d96989aa13d91dd3ccb201195d403385693adcaa
26750562638,Standalone example,pull_request,completed,success,2026-06-01T10:54:27Z,2026-06-01T11:06:40Z,733,d96989aa13d91dd3ccb201195d403385693adcaa
26750562652,Pyrefly,pull_request,completed,success,2026-06-01T10:54:27Z,2026-06-01T11:09:29Z,902,d96989aa13d91dd3ccb201195d403385693adcaa
26750562639,ci-no-onnx,pull_request,completed,failure,2026-06-01T10:54:27Z,2026-06-01T11:09:35Z,908,d96989aa13d91dd3ccb201195d403385693adcaa
26750554060,Style,pull_request,completed,success,2026-06-01T10:54:16Z,2026-06-01T10:58:33Z,257,517e6764e8fc9c710077176ecf7583b976ac223f
26750554047,clang-format,pull_request,completed,success,2026-06-01T10:54:16Z,2026-06-01T11:01:18Z,422,517e6764e8fc9c710077176ecf7583b976ac223f
26750554059,Spelling,pull_request,completed,success,2026-06-01T10:54:16Z,2026-06-01T11:01:29Z,433,517e6764e8fc9c710077176ecf7583b976ac223f
26750554061,Mypy,pull_request,completed,success,2026-06-01T10:54:16Z,2026-06-01T11:05:57Z,701,517e6764e8fc9c710077176ecf7583b976ac223f
26750554040,Pyrefly,pull_request,completed,success,2026-06-01T10:54:16Z,2026-06-01T11:06:19Z,723,517e6764e8fc9c710077176ecf7583b976ac223f
26750554024,Standalone example,pull_request,completed,success,2026-06-01T10:54:16Z,2026-06-01T11:06:47Z,751,517e6764e8fc9c710077176ecf7583b976ac223f
26750554071,ci-no-onnx,pull_request,completed,success,2026-06-01T10:54:16Z,2026-06-01T11:07:23Z,787,517e6764e8fc9c710077176ecf7583b976ac223f
26750554021,ci-debug-ubuntu,pull_request,completed,success,2026-06-01T10:54:16Z,2026-06-01T11:08:22Z,846,517e6764e8fc9c710077176ecf7583b976ac223f
26750554082,ci-1-core,pull_request,completed,success,2026-06-01T10:54:16Z,2026-06-01T11:27:56Z,2020,517e6764e8fc9c710077176ecf7583b976ac223f
26750514379,Addressing comment on PR #1455,dynamic,completed,success,2026-06-01T10:53:24Z,2026-06-01T10:55:09Z,105,0c540eb2f93f2ad43ddb51a46b7ff6c682e0dca0
26750453926,Addressing comment on PR #1451,dynamic,completed,success,2026-06-01T10:52:07Z,2026-06-01T10:54:42Z,155,3d257bd64d813420cbbd1e4bc9a2161d548b1218
26750448818,Build,workflow_run,completed,action_required,2026-06-01T10:51:59Z,2026-06-01T10:51:59Z,0,bd75df8188670fcf3fb80d4171576595575091e1
26750417960,Pyrefly,push,completed,success,2026-06-01T10:51:17Z,2026-06-01T10:58:24Z,427,bd75df8188670fcf3fb80d4171576595575091e1
26750417908,Standalone example,push,completed,success,2026-06-01T10:51:17Z,2026-06-01T10:57:49Z,392,bd75df8188670fcf3fb80d4171576595575091e1
26750417928,ci-no-onnx,push,completed,success,2026-06-01T10:51:17Z,2026-06-01T10:58:45Z,448,bd75df8188670fcf3fb80d4171576595575091e1
26750417939,Mypy,push,completed,success,2026-06-01T10:51:17Z,2026-06-01T10:59:41Z,504,bd75df8188670fcf3fb80d4171576595575091e1
26750417962,ci-debug-ubuntu,push,completed,success,2026-06-01T10:51:17Z,2026-06-01T11:01:21Z,604,bd75df8188670fcf3fb80d4171576595575091e1
26750417911,Style,push,completed,success,2026-06-01T10:51:17Z,2026-06-01T10:51:28Z,11,bd75df8188670fcf3fb80d4171576595575091e1
26750417987,Spelling,push,completed,success,2026-06-01T10:51:17Z,2026-06-01T10:51:28Z,11,bd75df8188670fcf3fb80d4171576595575091e1
26750417959,clang-format,push,completed,success,2026-06-01T10:51:17Z,2026-06-01T10:51:31Z,14,bd75df8188670fcf3fb80d4171576595575091e1
26750417967,ci-1-core,push,completed,success,2026-06-01T10:51:17Z,2026-06-01T11:18:38Z,1641,bd75df8188670fcf3fb80d4171576595575091e1
26750325252,Build,workflow_run,completed,action_required,2026-06-01T10:49:15Z,2026-06-01T10:49:15Z,0,6b133f79ae5a4a6c90bc1166bf4b925c7a192a6e
26750286773,Mypy,pull_request,completed,success,2026-06-01T10:48:24Z,2026-06-01T11:01:07Z,763,66f23e8b8f77cf7cd3aa44c84dc3f8f04c7ae2c9
26750286755,ci-no-onnx,pull_request,completed,success,2026-06-01T10:48:24Z,2026-06-01T11:01:10Z,766,66f23e8b8f77cf7cd3aa44c84dc3f8f04c7ae2c9
26750286741,Pyrefly,pull_request,completed,success,2026-06-01T10:48:24Z,2026-06-01T11:01:32Z,788,66f23e8b8f77cf7cd3aa44c84dc3f8f04c7ae2c9
26750286530,Standalone example,pull_request,completed,success,2026-06-01T10:48:24Z,2026-06-01T11:02:09Z,825,66f23e8b8f77cf7cd3aa44c84dc3f8f04c7ae2c9
26750286616,ci-debug-ubuntu,pull_request,completed,success,2026-06-01T10:48:24Z,2026-06-01T11:03:54Z,930,66f23e8b8f77cf7cd3aa44c84dc3f8f04c7ae2c9
26750286707,Style,pull_request,completed,success,2026-06-01T10:48:24Z,2026-06-01T10:53:52Z,328,66f23e8b8f77cf7cd3aa44c84dc3f8f04c7ae2c9
26750286757,clang-format,pull_request,completed,success,2026-06-01T10:48:24Z,2026-06-01T10:53:53Z,329,66f23e8b8f77cf7cd3aa44c84dc3f8f04c7ae2c9
26750286805,Spelling,pull_request,completed,success,2026-06-01T10:48:24Z,2026-06-01T10:53:54Z,330,66f23e8b8f77cf7cd3aa44c84dc3f8f04c7ae2c9
26750286725,ci-1-core,pull_request,completed,success,2026-06-01T10:48:24Z,2026-06-01T11:23:37Z,2113,66f23e8b8f77cf7cd3aa44c84dc3f8f04c7ae2c9
26750190738,Build,workflow_run,completed,action_required,2026-06-01T10:46:14Z,2026-06-01T10:46:14Z,0,6b133f79ae5a4a6c90bc1166bf4b925c7a192a6e
26750023742,Build,workflow_run,completed,failure,2026-06-01T10:42:35Z,2026-06-01T10:43:21Z,46,6b133f79ae5a4a6c90bc1166bf4b925c7a192a6e
26749921440,Spelling,pull_request,completed,success,2026-06-01T10:40:20Z,2026-06-01T10:41:38Z,78,0c540eb2f93f2ad43ddb51a46b7ff6c682e0dca0
26749921398,clang-format,pull_request,completed,success,2026-06-01T10:40:20Z,2026-06-01T10:41:34Z,74,0c540eb2f93f2ad43ddb51a46b7ff6c682e0dca0
26749921448,Style,pull_request,completed,success,2026-06-01T10:40:20Z,2026-06-01T10:41:30Z,70,0c540eb2f93f2ad43ddb51a46b7ff6c682e0dca0
26749921422,Mypy,pull_request,completed,success,2026-06-01T10:40:20Z,2026-06-01T10:48:41Z,501,0c540eb2f93f2ad43ddb51a46b7ff6c682e0dca0
26749921432,ci-no-onnx,pull_request,completed,failure,2026-06-01T10:40:20Z,2026-06-01T10:48:54Z,514,0c540eb2f93f2ad43ddb51a46b7ff6c682e0dca0
26749921410,Standalone example,pull_request,completed,success,2026-06-01T10:40:20Z,2026-06-01T10:49:57Z,577,0c540eb2f93f2ad43ddb51a46b7ff6c682e0dca0
26749921466,Pyrefly,pull_request,completed,success,2026-06-01T10:40:20Z,2026-06-01T10:49:15Z,535,0c540eb2f93f2ad43ddb51a46b7ff6c682e0dca0
26749921412,ci-debug-ubuntu,pull_request,completed,failure,2026-06-01T10:40:20Z,2026-06-01T10:51:07Z,647,0c540eb2f93f2ad43ddb51a46b7ff6c682e0dca0
26749921418,ci-1-core,pull_request,completed,failure,2026-06-01T10:40:20Z,2026-06-01T10:51:57Z,697,0c540eb2f93f2ad43ddb51a46b7ff6c682e0dca0
26749280309,Running Copilot cloud agent,dynamic,completed,success,2026-06-01T10:25:57Z,2026-06-01T10:51:58Z,1561,0967e5044fbd2ce5689d2a8aa0b93d538f1682ec
26749274534,Running Copilot cloud agent,dynamic,completed,success,2026-06-01T10:25:49Z,2026-06-01T10:54:48Z,1739,814c925f4eee1c0aa5c89455b220a4961c5d1808
26749267824,Running Copilot cloud agent,dynamic,completed,success,2026-06-01T10:25:40Z,2026-06-01T10:40:42Z,902,204500c8990de32ce20eb0be7ef434c736c5e601
26749267138,Running Copilot cloud agent,dynamic,completed,success,2026-06-01T10:25:39Z,2026-06-01T10:55:49Z,1810,0766a2883b3653bb27f5df92ec168fe52e18c671
26749055012,Style,pull_request,completed,success,2026-06-01T10:20:47Z,2026-06-01T10:39:19Z,1112,3d257bd64d813420cbbd1e4bc9a2161d548b1218
26749055093,ci-no-onnx,pull_request,completed,failure,2026-06-01T10:20:47Z,2026-06-01T10:46:57Z,1570,3d257bd64d813420cbbd1e4bc9a2161d548b1218
26749055050,Standalone example,pull_request,completed,success,2026-06-01T10:20:47Z,2026-06-01T10:47:47Z,1620,3d257bd64d813420cbbd1e4bc9a2161d548b1218
26749055052,ci-1-core,pull_request,completed,failure,2026-06-01T10:20:47Z,2026-06-01T10:49:12Z,1705,3d257bd64d813420cbbd1e4bc9a2161d548b1218
26749054971,clang-format,pull_request,completed,success,2026-06-01T10:20:46Z,2026-06-01T10:39:21Z,1115,3d257bd64d813420cbbd1e4bc9a2161d548b1218
26749054975,Spelling,pull_request,completed,success,2026-06-01T10:20:46Z,2026-06-01T10:39:21Z,1115,3d257bd64d813420cbbd1e4bc9a2161d548b1218
26749054980,Pyrefly,pull_request,completed,success,2026-06-01T10:20:46Z,2026-06-01T10:46:42Z,1556,3d257bd64d813420cbbd1e4bc9a2161d548b1218
26749054977,Mypy,pull_request,completed,success,2026-06-01T10:20:46Z,2026-06-01T10:47:00Z,1574,3d257bd64d813420cbbd1e4bc9a2161d548b1218
26749054960,ci-debug-ubuntu,pull_request,completed,failure,2026-06-01T10:20:46Z,2026-06-01T10:48:51Z,1685,3d257bd64d813420cbbd1e4bc9a2161d548b1218
26748952270,Addressing comment on PR #1451,dynamic,completed,success,2026-06-01T10:18:24Z,2026-06-01T10:21:17Z,173,e1b301dced6a11748c6aca5a77a6596aa3207fae
26748946812,Build,workflow_run,completed,skipped,2026-06-01T10:18:16Z,2026-06-01T10:18:23Z,7,6b133f79ae5a4a6c90bc1166bf4b925c7a192a6e
26748944177,Build,workflow_run,completed,cancelled,2026-06-01T10:18:13Z,2026-06-01T10:18:18Z,5,6b133f79ae5a4a6c90bc1166bf4b925c7a192a6e
26748941151,clang-format,push,completed,success,2026-06-01T10:18:09Z,2026-06-01T10:18:30Z,21,6b133f79ae5a4a6c90bc1166bf4b925c7a192a6e
26748941139,Pyrefly,push,completed,success,2026-06-01T10:18:09Z,2026-06-01T10:25:19Z,430,6b133f79ae5a4a6c90bc1166bf4b925c7a192a6e
26748941142,ci-no-onnx,push,completed,success,2026-06-01T10:18:09Z,2026-06-01T10:25:41Z,452,6b133f79ae5a4a6c90bc1166bf4b925c7a192a6e
26748941173,ci-debug-ubuntu,push,completed,success,2026-06-01T10:18:09Z,2026-06-01T10:27:39Z,570,6b133f79ae5a4a6c90bc1166bf4b925c7a192a6e
26748941144,ci-1-core,push,completed,success,2026-06-01T10:18:09Z,2026-06-01T10:42:32Z,1463,6b133f79ae5a4a6c90bc1166bf4b925c7a192a6e
26748940888,Style,push,completed,success,2026-06-01T10:18:08Z,2026-06-01T10:18:23Z,15,6b133f79ae5a4a6c90bc1166bf4b925c7a192a6e
26748941123,Spelling,push,completed,success,2026-06-01T10:18:08Z,2026-06-01T10:18:23Z,15,6b133f79ae5a4a6c90bc1166bf4b925c7a192a6e
26748941117,Standalone example,push,completed,success,2026-06-01T10:18:08Z,2026-06-01T10:25:13Z,425,6b133f79ae5a4a6c90bc1166bf4b925c7a192a6e
26748941129,Mypy,push,completed,success,2026-06-01T10:18:08Z,2026-06-01T10:25:24Z,436,6b133f79ae5a4a6c90bc1166bf4b925c7a192a6e
26748932096,Style,push,completed,cancelled,2026-06-01T10:17:56Z,2026-06-01T10:18:10Z,14,38430750ec79dd69aa2f40ae74cbba8d24b974bb
26748932136,ci-no-onnx,push,completed,cancelled,2026-06-01T10:17:56Z,2026-06-01T10:18:10Z,14,38430750ec79dd69aa2f40ae74cbba8d24b974bb
26748932160,Mypy,push,completed,cancelled,2026-06-01T10:17:56Z,2026-06-01T10:18:10Z,14,38430750ec79dd69aa2f40ae74cbba8d24b974bb
26748932173,ci-debug-ubuntu,push,completed,cancelled,2026-06-01T10:17:56Z,2026-06-01T10:18:10Z,14,38430750ec79dd69aa2f40ae74cbba8d24b974bb
26748932170,ci-1-core,push,completed,cancelled,2026-06-01T10:17:56Z,2026-06-01T10:18:10Z,14,38430750ec79dd69aa2f40ae74cbba8d24b974bb
26748932161,Pyrefly,push,completed,cancelled,2026-06-01T10:17:56Z,2026-06-01T10:18:10Z,14,38430750ec79dd69aa2f40ae74cbba8d24b974bb
26748932181,Standalone example,push,completed,cancelled,2026-06-01T10:17:56Z,2026-06-01T10:18:12Z,16,38430750ec79dd69aa2f40ae74cbba8d24b974bb
26748932143,Spelling,push,completed,success,2026-06-01T10:17:56Z,2026-06-01T10:18:06Z,10,38430750ec79dd69aa2f40ae74cbba8d24b974bb
26748932137,clang-format,push,completed,cancelled,2026-06-01T10:17:56Z,2026-06-01T10:18:18Z,22,38430750ec79dd69aa2f40ae74cbba8d24b974bb
26748924185,ci-1-core,push,completed,cancelled,2026-06-01T10:17:45Z,2026-06-01T10:18:14Z,29,013a43d4e904847aea40fbc00a24988c62d35ef6
26748924195,ci-no-onnx,push,completed,cancelled,2026-06-01T10:17:45Z,2026-06-01T10:18:12Z,27,013a43d4e904847aea40fbc00a24988c62d35ef6
26748924130,Spelling,push,completed,success,2026-06-01T10:17:44Z,2026-06-01T10:17:57Z,13,013a43d4e904847aea40fbc00a24988c62d35ef6
26748924105,Style,push,completed,success,2026-06-01T10:17:44Z,2026-06-01T10:17:57Z,13,013a43d4e904847aea40fbc00a24988c62d35ef6
26748924104,clang-format,push,completed,cancelled,2026-06-01T10:17:44Z,2026-06-01T10:18:02Z,18,013a43d4e904847aea40fbc00a24988c62d35ef6
26748924087,Pyrefly,push,completed,cancelled,2026-06-01T10:17:44Z,2026-06-01T10:18:12Z,28,013a43d4e904847aea40fbc00a24988c62d35ef6
26748924120,ci-debug-ubuntu,push,completed,cancelled,2026-06-01T10:17:44Z,2026-06-01T10:18:12Z,28,013a43d4e904847aea40fbc00a24988c62d35ef6
26748924114,Mypy,push,completed,cancelled,2026-06-01T10:17:44Z,2026-06-01T10:18:13Z,29,013a43d4e904847aea40fbc00a24988c62d35ef6
26748924098,Standalone example,push,completed,cancelled,2026-06-01T10:17:44Z,2026-06-01T10:18:07Z,23,013a43d4e904847aea40fbc00a24988c62d35ef6
26747733959,Build,workflow_run,completed,action_required,2026-06-01T09:51:50Z,2026-06-01T09:51:50Z,0,a4f22536d9d32204becda6efd1a03641fbb221c3
26820057768,Build,workflow_run,completed,action_required,2026-06-02T12:35:36Z,2026-06-02T12:35:36Z,0,7260da76cdf999a893843752d1e4fcfa817eda7e
26819830987,ci-no-onnx,pull_request,completed,action_required,2026-06-02T12:31:11Z,2026-06-02T12:31:11Z,0,82049c989353256f8191033ce064c66780ec729e
26819830962,Spelling,pull_request,completed,action_required,2026-06-02T12:31:11Z,2026-06-02T12:31:11Z,0,82049c989353256f8191033ce064c66780ec729e
26819831031,Style,pull_request,completed,action_required,2026-06-02T12:31:11Z,2026-06-02T12:31:11Z,0,82049c989353256f8191033ce064c66780ec729e
26819831041,clang-format,pull_request,completed,action_required,2026-06-02T12:31:11Z,2026-06-02T12:31:11Z,0,82049c989353256f8191033ce064c66780ec729e
26819831091,ci-debug-ubuntu,pull_request,completed,action_required,2026-06-02T12:31:11Z,2026-06-02T12:31:11Z,0,82049c989353256f8191033ce064c66780ec729e
26819831085,Pyrefly,pull_request,completed,action_required,2026-06-02T12:31:11Z,2026-06-02T12:31:11Z,0,82049c989353256f8191033ce064c66780ec729e
26819831218,Mypy,pull_request,completed,action_required,2026-06-02T12:31:11Z,2026-06-02T12:31:11Z,0,82049c989353256f8191033ce064c66780ec729e
26819831268,Standalone example,pull_request,completed,action_required,2026-06-02T12:31:11Z,2026-06-02T12:31:11Z,0,82049c989353256f8191033ce064c66780ec729e
26819831301,ci-1-core,pull_request,completed,action_required,2026-06-02T12:31:11Z,2026-06-02T12:31:11Z,0,82049c989353256f8191033ce064c66780ec729e
26819826872,Spelling,pull_request,completed,action_required,2026-06-02T12:31:06Z,2026-06-02T12:31:06Z,0,3883a71dae6cd5f6c0652a564a5b76ff34ca7402
26819826864,Standalone example,pull_request,completed,action_required,2026-06-02T12:31:06Z,2026-06-02T12:31:06Z,0,3883a71dae6cd5f6c0652a564a5b76ff34ca7402
26819826857,ci-no-onnx,pull_request,completed,action_required,2026-06-02T12:31:06Z,2026-06-02T12:31:06Z,0,3883a71dae6cd5f6c0652a564a5b76ff34ca7402
26819826862,Style,pull_request,completed,action_required,2026-06-02T12:31:06Z,2026-06-02T12:31:06Z,0,3883a71dae6cd5f6c0652a564a5b76ff34ca7402
26819826880,Mypy,pull_request,completed,action_required,2026-06-02T12:31:06Z,2026-06-02T12:31:06Z,0,3883a71dae6cd5f6c0652a564a5b76ff34ca7402
26819826874,ci-debug-ubuntu,pull_request,completed,action_required,2026-06-02T12:31:06Z,2026-06-02T12:31:06Z,0,3883a71dae6cd5f6c0652a564a5b76ff34ca7402
26819826917,ci-1-core,pull_request,completed,action_required,2026-06-02T12:31:06Z,2026-06-02T12:31:06Z,0,3883a71dae6cd5f6c0652a564a5b76ff34ca7402
26819826934,clang-format,pull_request,completed,action_required,2026-06-02T12:31:06Z,2026-06-02T12:31:06Z,0,3883a71dae6cd5f6c0652a564a5b76ff34ca7402
26819827081,Pyrefly,pull_request,completed,action_required,2026-06-02T12:31:06Z,2026-06-02T12:31:06Z,0,3883a71dae6cd5f6c0652a564a5b76ff34ca7402
26819762873,Build,workflow_run,completed,skipped,2026-06-02T12:29:54Z,2026-06-02T12:29:55Z,1,7260da76cdf999a893843752d1e4fcfa817eda7e
26819746331,Style,push,completed,success,2026-06-02T12:29:33Z,2026-06-02T12:30:11Z,38,7260da76cdf999a893843752d1e4fcfa817eda7e
26819746271,Spelling,push,completed,success,2026-06-02T12:29:33Z,2026-06-02T12:30:21Z,48,7260da76cdf999a893843752d1e4fcfa817eda7e
26819746334,clang-format,push,completed,success,2026-06-02T12:29:33Z,2026-06-02T12:30:25Z,52,7260da76cdf999a893843752d1e4fcfa817eda7e
26819746277,Pyrefly,push,completed,success,2026-06-02T12:29:33Z,2026-06-02T12:38:11Z,518,7260da76cdf999a893843752d1e4fcfa817eda7e
26819703859,Style,pull_request,completed,success,2026-06-02T12:28:43Z,2026-06-02T12:29:44Z,61,9392701402ada897db48335e7d25d6573134c5af
26819703978,Spelling,pull_request,completed,success,2026-06-02T12:28:43Z,2026-06-02T12:30:10Z,87,9392701402ada897db48335e7d25d6573134c5af
26819703676,clang-format,pull_request,completed,success,2026-06-02T12:28:43Z,2026-06-02T12:30:04Z,81,9392701402ada897db48335e7d25d6573134c5af
26819703673,ci-no-onnx,pull_request,completed,success,2026-06-02T12:28:43Z,2026-06-02T12:38:58Z,615,9392701402ada897db48335e7d25d6573134c5af
26819703675,Standalone example,pull_request,completed,success,2026-06-02T12:28:43Z,2026-06-02T12:39:57Z,674,9392701402ada897db48335e7d25d6573134c5af
26819693192,clang-format,push,completed,success,2026-06-02T12:28:31Z,2026-06-02T12:28:55Z,24,a01383b2b6217bfe503e86a7a629af74b6ab5d15
26819693280,Spelling,push,completed,success,2026-06-02T12:28:31Z,2026-06-02T12:29:05Z,34,a01383b2b6217bfe503e86a7a629af74b6ab5d15
26819693246,Style,push,completed,cancelled,2026-06-02T12:28:31Z,2026-06-02T12:29:35Z,64,a01383b2b6217bfe503e86a7a629af74b6ab5d15
26819693523,Pyrefly,push,completed,cancelled,2026-06-02T12:28:31Z,2026-06-02T12:29:35Z,64,a01383b2b6217bfe503e86a7a629af74b6ab5d15
26819693172,Mypy,push,completed,cancelled,2026-06-02T12:28:31Z,2026-06-02T12:29:51Z,80,a01383b2b6217bfe503e86a7a629af74b6ab5d15
26819693187,ci-no-onnx,push,completed,cancelled,2026-06-02T12:28:31Z,2026-06-02T12:29:51Z,80,a01383b2b6217bfe503e86a7a629af74b6ab5d15
26819693145,Standalone example,push,completed,cancelled,2026-06-02T12:28:31Z,2026-06-02T12:29:49Z,78,a01383b2b6217bfe503e86a7a629af74b6ab5d15
26819693245,ci-1-core,push,completed,cancelled,2026-06-02T12:28:31Z,2026-06-02T12:29:50Z,79,a01383b2b6217bfe503e86a7a629af74b6ab5d15
26819693270,ci-debug-ubuntu,push,completed,cancelled,2026-06-02T12:28:31Z,2026-06-02T12:29:51Z,80,a01383b2b6217bfe503e86a7a629af74b6ab5d15
26819537166,Build,workflow_run,completed,skipped,2026-06-02T12:25:35Z,2026-06-02T12:25:36Z,1,6535a4dfa1c1fad6a251a53b3d99b6f510288954
26819176677,Style,pull_request,completed,success,2026-06-02T12:18:14Z,2026-06-02T12:28:22Z,608,f0ce03a206eef62f49c679e4f551a4f7e331e65a
26819176753,Spelling,pull_request,completed,success,2026-06-02T12:18:14Z,2026-06-02T12:28:29Z,615,f0ce03a206eef62f49c679e4f551a4f7e331e65a
26819176717,clang-format,pull_request,completed,success,2026-06-02T12:18:14Z,2026-06-02T12:28:30Z,616,f0ce03a206eef62f49c679e4f551a4f7e331e65a
26819176750,Mypy,pull_request,completed,success,2026-06-02T12:18:14Z,2026-06-02T12:36:25Z,1091,f0ce03a206eef62f49c679e4f551a4f7e331e65a
26819176848,Pyrefly,pull_request,completed,success,2026-06-02T12:18:14Z,2026-06-02T12:36:51Z,1117,f0ce03a206eef62f49c679e4f551a4f7e331e65a
26819176748,Standalone example,pull_request,completed,success,2026-06-02T12:18:14Z,2026-06-02T12:37:45Z,1171,f0ce03a206eef62f49c679e4f551a4f7e331e65a
26819176715,ci-no-onnx,pull_request,completed,success,2026-06-02T12:18:14Z,2026-06-02T12:37:46Z,1172,f0ce03a206eef62f49c679e4f551a4f7e331e65a
26819176743,ci-debug-ubuntu,pull_request,completed,success,2026-06-02T12:18:14Z,2026-06-02T12:39:41Z,1287,f0ce03a206eef62f49c679e4f551a4f7e331e65a
26819079080,Addressing comment on PR #1562,dynamic,completed,success,2026-06-02T12:16:18Z,2026-06-02T12:18:25Z,127,c93ed77333440f605111d3f98469539ce57cec2c
26819070878,Build,workflow_run,completed,action_required,2026-06-02T12:16:08Z,2026-06-02T12:16:08Z,0,6535a4dfa1c1fad6a251a53b3d99b6f510288954
26819000230,Build,workflow_run,completed,action_required,2026-06-02T12:14:44Z,2026-06-02T12:14:44Z,0,6535a4dfa1c1fad6a251a53b3d99b6f510288954
26818985826,Addressing comment on PR #1554,dynamic,completed,success,2026-06-02T12:14:27Z,2026-06-02T12:28:53Z,866,bc45669ff55949caafe72eb14ab9cf2daa2a32ea
26818930010,Style,push,completed,success,2026-06-02T12:13:18Z,2026-06-02T12:13:39Z,21,6535a4dfa1c1fad6a251a53b3d99b6f510288954
26818929884,Spelling,push,completed,success,2026-06-02T12:13:17Z,2026-06-02T12:13:31Z,14,6535a4dfa1c1fad6a251a53b3d99b6f510288954
26818929905,clang-format,push,completed,success,2026-06-02T12:13:17Z,2026-06-02T12:13:55Z,38,6535a4dfa1c1fad6a251a53b3d99b6f510288954
26818929901,Mypy,push,completed,success,2026-06-02T12:13:17Z,2026-06-02T12:20:18Z,421,6535a4dfa1c1fad6a251a53b3d99b6f510288954
26818929833,Pyrefly,push,completed,success,2026-06-02T12:13:17Z,2026-06-02T12:21:21Z,484,6535a4dfa1c1fad6a251a53b3d99b6f510288954
26818929914,ci-no-onnx,push,completed,success,2026-06-02T12:13:17Z,2026-06-02T12:22:06Z,529,6535a4dfa1c1fad6a251a53b3d99b6f510288954
26818929866,Standalone example,push,completed,success,2026-06-02T12:13:17Z,2026-06-02T12:22:09Z,532,6535a4dfa1c1fad6a251a53b3d99b6f510288954
26818929904,ci-debug-ubuntu,push,completed,success,2026-06-02T12:13:17Z,2026-06-02T12:25:14Z,717,6535a4dfa1c1fad6a251a53b3d99b6f510288954
26818929945,ci-1-core,push,completed,cancelled,2026-06-02T12:13:17Z,2026-06-02T12:25:32Z,735,6535a4dfa1c1fad6a251a53b3d99b6f510288954
26818907821,Build,workflow_run,completed,action_required,2026-06-02T12:12:51Z,2026-06-02T12:12:51Z,0,e07a20828008bed77ff63093616a33f525d5f4ed
26818897115,Spelling,pull_request,completed,success,2026-06-02T12:12:37Z,2026-06-02T12:29:19Z,1002,e0e8ac76e3d3af0898c7bda8631b02b39206327a
26818897104,Style,pull_request,completed,success,2026-06-02T12:12:37Z,2026-06-02T12:30:01Z,1044,e0e8ac76e3d3af0898c7bda8631b02b39206327a
26818897064,clang-format,pull_request,completed,success,2026-06-02T12:12:37Z,2026-06-02T12:29:56Z,1039,e0e8ac76e3d3af0898c7bda8631b02b39206327a
26818897060,ci-no-onnx,pull_request,completed,failure,2026-06-02T12:12:37Z,2026-06-02T12:37:55Z,1518,e0e8ac76e3d3af0898c7bda8631b02b39206327a
26818897186,Pyrefly,pull_request,completed,success,2026-06-02T12:12:37Z,2026-06-02T12:38:52Z,1575,e0e8ac76e3d3af0898c7bda8631b02b39206327a
26818897056,Mypy,pull_request,completed,success,2026-06-02T12:12:37Z,2026-06-02T12:38:28Z,1551,e0e8ac76e3d3af0898c7bda8631b02b39206327a
26818897096,Standalone example,pull_request,completed,success,2026-06-02T12:12:37Z,2026-06-02T12:39:55Z,1638,e0e8ac76e3d3af0898c7bda8631b02b39206327a
26818781611,Build,workflow_run,completed,action_required,2026-06-02T12:10:14Z,2026-06-02T12:10:14Z,0,e07a20828008bed77ff63093616a33f525d5f4ed
26818488643,Mypy,pull_request,completed,success,2026-06-02T12:04:09Z,2026-06-02T12:22:12Z,1083,6ac361e91e20da0f1dc408b53c2ff0f895c8cb10
26818488684,Pyrefly,pull_request,completed,success,2026-06-02T12:04:09Z,2026-06-02T12:22:21Z,1092,6ac361e91e20da0f1dc408b53c2ff0f895c8cb10
26818488597,Standalone example,pull_request,completed,success,2026-06-02T12:04:09Z,2026-06-02T12:23:37Z,1168,6ac361e91e20da0f1dc408b53c2ff0f895c8cb10
26818488645,ci-debug-ubuntu,pull_request,completed,success,2026-06-02T12:04:09Z,2026-06-02T12:26:27Z,1338,6ac361e91e20da0f1dc408b53c2ff0f895c8cb10
26818488548,Style,pull_request,completed,success,2026-06-02T12:04:08Z,2026-06-02T12:13:43Z,575,6ac361e91e20da0f1dc408b53c2ff0f895c8cb10
26818488521,Spelling,pull_request,completed,success,2026-06-02T12:04:08Z,2026-06-02T12:14:01Z,593,6ac361e91e20da0f1dc408b53c2ff0f895c8cb10
26818488513,clang-format,pull_request,completed,success,2026-06-02T12:04:08Z,2026-06-02T12:14:54Z,646,6ac361e91e20da0f1dc408b53c2ff0f895c8cb10
26818488516,ci-no-onnx,pull_request,completed,success,2026-06-02T12:04:08Z,2026-06-02T12:22:39Z,1111,6ac361e91e20da0f1dc408b53c2ff0f895c8cb10
26818345061,Spelling,pull_request,completed,success,2026-06-02T12:01:09Z,2026-06-02T12:08:53Z,464,f5b94954f1207d20c9d843a5284cadcad86f389c
26818345021,Standalone example,pull_request,completed,success,2026-06-02T12:01:09Z,2026-06-02T12:13:52Z,763,f5b94954f1207d20c9d843a5284cadcad86f389c
26818344916,ci-no-onnx,pull_request,completed,success,2026-06-02T12:01:09Z,2026-06-02T12:14:40Z,811,f5b94954f1207d20c9d843a5284cadcad86f389c
26818344946,Mypy,pull_request,completed,success,2026-06-02T12:01:09Z,2026-06-02T12:15:16Z,847,f5b94954f1207d20c9d843a5284cadcad86f389c
26818345071,Pyrefly,pull_request,completed,success,2026-06-02T12:01:09Z,2026-06-02T12:16:14Z,905,f5b94954f1207d20c9d843a5284cadcad86f389c
26818344931,ci-debug-ubuntu,pull_request,completed,success,2026-06-02T12:01:09Z,2026-06-02T12:18:51Z,1062,f5b94954f1207d20c9d843a5284cadcad86f389c
26818344992,clang-format,pull_request,completed,success,2026-06-02T12:01:09Z,2026-06-02T12:05:30Z,261,f5b94954f1207d20c9d843a5284cadcad86f389c
26818344912,Style,pull_request,completed,success,2026-06-02T12:01:09Z,2026-06-02T12:06:50Z,341,f5b94954f1207d20c9d843a5284cadcad86f389c
26818344976,ci-1-core,pull_request,completed,success,2026-06-02T12:01:09Z,2026-06-02T12:35:32Z,2063,f5b94954f1207d20c9d843a5284cadcad86f389c
26818256061,Addressing comment on PR #1493,dynamic,completed,success,2026-06-02T11:59:26Z,2026-06-02T12:01:25Z,119,746d2d8e70e2847d55e73a7a6d749bc9b04d75ae
26817772559,Build,workflow_run,completed,action_required,2026-06-02T11:49:36Z,2026-06-02T11:49:36Z,0,e07a20828008bed77ff63093616a33f525d5f4ed
26817756108,ci-no-onnx,pull_request,completed,success,2026-06-02T11:49:16Z,2026-06-02T12:11:14Z,1318,c93ed77333440f605111d3f98469539ce57cec2c
26817756141,Pyrefly,pull_request,completed,success,2026-06-02T11:49:16Z,2026-06-02T12:11:23Z,1327,c93ed77333440f605111d3f98469539ce57cec2c
26817756137,Standalone example,pull_request,completed,success,2026-06-02T11:49:16Z,2026-06-02T12:12:14Z,1378,c93ed77333440f605111d3f98469539ce57cec2c
26817756206,ci-debug-ubuntu,pull_request,completed,success,2026-06-02T11:49:16Z,2026-06-02T12:13:46Z,1470,c93ed77333440f605111d3f98469539ce57cec2c
26817756109,ci-1-core,pull_request,completed,cancelled,2026-06-02T11:49:16Z,2026-06-02T12:14:41Z,1525,c93ed77333440f605111d3f98469539ce57cec2c
26817756184,Mypy,pull_request,completed,success,2026-06-02T11:49:16Z,2026-06-02T12:15:26Z,1570,c93ed77333440f605111d3f98469539ce57cec2c
26817756130,Style,pull_request,completed,success,2026-06-02T11:49:16Z,2026-06-02T12:02:33Z,797,c93ed77333440f605111d3f98469539ce57cec2c
26817756114,Spelling,pull_request,completed,success,2026-06-02T11:49:16Z,2026-06-02T12:02:34Z,798,c93ed77333440f605111d3f98469539ce57cec2c
26817756110,clang-format,pull_request,completed,success,2026-06-02T11:49:16Z,2026-06-02T12:02:35Z,799,c93ed77333440f605111d3f98469539ce57cec2c
26817722493,Standalone example,pull_request,completed,success,2026-06-02T11:48:34Z,2026-06-02T12:07:34Z,1140,bc45669ff55949caafe72eb14ab9cf2daa2a32ea
26817722485,ci-debug-ubuntu,pull_request,completed,failure,2026-06-02T11:48:34Z,2026-06-02T12:08:42Z,1208,bc45669ff55949caafe72eb14ab9cf2daa2a32ea
26817722492,ci-1-core,pull_request,completed,failure,2026-06-02T11:48:34Z,2026-06-02T12:10:10Z,1296,bc45669ff55949caafe72eb14ab9cf2daa2a32ea
26817722532,clang-format,pull_request,completed,success,2026-06-02T11:48:34Z,2026-06-02T11:58:27Z,593,bc45669ff55949caafe72eb14ab9cf2daa2a32ea
26817722477,Style,pull_request,completed,success,2026-06-02T11:48:34Z,2026-06-02T11:58:24Z,590,bc45669ff55949caafe72eb14ab9cf2daa2a32ea
26817722495,Spelling,pull_request,completed,success,2026-06-02T11:48:34Z,2026-06-02T11:58:27Z,593,bc45669ff55949caafe72eb14ab9cf2daa2a32ea
26817722479,Mypy,pull_request,completed,success,2026-06-02T11:48:34Z,2026-06-02T12:06:43Z,1089,bc45669ff55949caafe72eb14ab9cf2daa2a32ea
26817722478,ci-no-onnx,pull_request,completed,success,2026-06-02T11:48:34Z,2026-06-02T12:07:00Z,1106,bc45669ff55949caafe72eb14ab9cf2daa2a32ea
26817722506,Pyrefly,pull_request,completed,success,2026-06-02T11:48:34Z,2026-06-02T12:07:07Z,1113,bc45669ff55949caafe72eb14ab9cf2daa2a32ea
26817648794,Build,workflow_run,completed,action_required,2026-06-02T11:47:04Z,2026-06-02T11:47:04Z,0,e07a20828008bed77ff63093616a33f525d5f4ed
26817618783,Addressing comment on PR #1554,dynamic,completed,success,2026-06-02T11:46:25Z,2026-06-02T11:48:44Z,139,47bd14501352ac2ae34adfe89c1c437cc8fe704a
26817384310,ci-1-core,pull_request,completed,action_required,2026-06-02T11:41:38Z,2026-06-02T11:41:38Z,0,ece168e9707eaa5f1d84ea9cb1c885e6041a0b6f
26817384313,Style,pull_request,completed,action_required,2026-06-02T11:41:38Z,2026-06-02T11:41:38Z,0,ece168e9707eaa5f1d84ea9cb1c885e6041a0b6f
26817384342,Pyrefly,pull_request,completed,action_required,2026-06-02T11:41:38Z,2026-06-02T11:41:38Z,0,ece168e9707eaa5f1d84ea9cb1c885e6041a0b6f
26817384340,Mypy,pull_request,completed,action_required,2026-06-02T11:41:38Z,2026-06-02T11:41:38Z,0,ece168e9707eaa5f1d84ea9cb1c885e6041a0b6f
26817384356,Standalone example,pull_request,completed,action_required,2026-06-02T11:41:38Z,2026-06-02T11:41:38Z,0,ece168e9707eaa5f1d84ea9cb1c885e6041a0b6f
26817384341,ci-debug-ubuntu,pull_request,completed,action_required,2026-06-02T11:41:38Z,2026-06-02T11:41:38Z,0,ece168e9707eaa5f1d84ea9cb1c885e6041a0b6f
26817384345,ci-no-onnx,pull_request,completed,action_required,2026-06-02T11:41:38Z,2026-06-02T11:41:38Z,0,ece168e9707eaa5f1d84ea9cb1c885e6041a0b6f
26817384352,clang-format,pull_request,completed,action_required,2026-06-02T11:41:38Z,2026-06-02T11:41:38Z,0,ece168e9707eaa5f1d84ea9cb1c885e6041a0b6f
26817384359,Spelling,pull_request,completed,action_required,2026-06-02T11:41:38Z,2026-06-02T11:41:38Z,0,ece168e9707eaa5f1d84ea9cb1c885e6041a0b6f
26817382968,Running Copilot cloud agent,dynamic,completed,success,2026-06-02T11:41:36Z,2026-06-02T12:05:13Z,1417,ece168e9707eaa5f1d84ea9cb1c885e6041a0b6f
26817381661,Style,pull_request,completed,action_required,2026-06-02T11:41:34Z,2026-06-02T11:41:34Z,0,ca1d5b7ef94aac948d0f7b44e46e9be704effb57
26817381671,Spelling,pull_request,completed,action_required,2026-06-02T11:41:34Z,2026-06-02T11:41:34Z,0,ca1d5b7ef94aac948d0f7b44e46e9be704effb57
26817381689,clang-format,pull_request,completed,action_required,2026-06-02T11:41:34Z,2026-06-02T11:41:34Z,0,ca1d5b7ef94aac948d0f7b44e46e9be704effb57
26817381771,ci-1-core,pull_request,completed,action_required,2026-06-02T11:41:34Z,2026-06-02T11:41:34Z,0,ca1d5b7ef94aac948d0f7b44e46e9be704effb57
26817381665,ci-debug-ubuntu,pull_request,completed,action_required,2026-06-02T11:41:34Z,2026-06-02T11:41:34Z,0,ca1d5b7ef94aac948d0f7b44e46e9be704effb57
26817381707,Pyrefly,pull_request,completed,action_required,2026-06-02T11:41:34Z,2026-06-02T11:41:34Z,0,ca1d5b7ef94aac948d0f7b44e46e9be704effb57
26817381678,Mypy,pull_request,completed,action_required,2026-06-02T11:41:34Z,2026-06-02T11:41:34Z,0,ca1d5b7ef94aac948d0f7b44e46e9be704effb57
26817381676,Standalone example,pull_request,completed,action_required,2026-06-02T11:41:34Z,2026-06-02T11:41:34Z,0,ca1d5b7ef94aac948d0f7b44e46e9be704effb57
26817381754,ci-no-onnx,pull_request,completed,action_required,2026-06-02T11:41:34Z,2026-06-02T11:41:34Z,0,ca1d5b7ef94aac948d0f7b44e46e9be704effb57
26817380330,Running Copilot cloud agent,dynamic,completed,success,2026-06-02T11:41:33Z,2026-06-02T12:16:21Z,2088,ca1d5b7ef94aac948d0f7b44e46e9be704effb57
26817377007,ci-no-onnx,pull_request,completed,action_required,2026-06-02T11:41:28Z,2026-06-02T11:41:28Z,0,401826577172d7da4469cd81029b4d11ef55a104
26817377014,Pyrefly,pull_request,completed,action_required,2026-06-02T11:41:28Z,2026-06-02T11:41:28Z,0,401826577172d7da4469cd81029b4d11ef55a104
26817377028,Mypy,pull_request,completed,action_required,2026-06-02T11:41:28Z,2026-06-02T11:41:28Z,0,401826577172d7da4469cd81029b4d11ef55a104
26817377037,Standalone example,pull_request,completed,action_required,2026-06-02T11:41:28Z,2026-06-02T11:41:28Z,0,401826577172d7da4469cd81029b4d11ef55a104
26817377012,Spelling,pull_request,completed,action_required,2026-06-02T11:41:28Z,2026-06-02T11:41:28Z,0,401826577172d7da4469cd81029b4d11ef55a104
26817377049,clang-format,pull_request,completed,action_required,2026-06-02T11:41:28Z,2026-06-02T11:41:28Z,0,401826577172d7da4469cd81029b4d11ef55a104
26817377038,ci-debug-ubuntu,pull_request,completed,action_required,2026-06-02T11:41:28Z,2026-06-02T11:41:28Z,0,401826577172d7da4469cd81029b4d11ef55a104
26817377020,Style,pull_request,completed,action_required,2026-06-02T11:41:28Z,2026-06-02T11:41:28Z,0,401826577172d7da4469cd81029b4d11ef55a104
26817377039,ci-1-core,pull_request,completed,action_required,2026-06-02T11:41:28Z,2026-06-02T11:41:28Z,0,401826577172d7da4469cd81029b4d11ef55a104
26817351448,Build,workflow_run,completed,skipped,2026-06-02T11:40:56Z,2026-06-02T11:41:15Z,19,e07a20828008bed77ff63093616a33f525d5f4ed
26817276508,Spelling,pull_request,completed,success,2026-06-02T11:39:23Z,2026-06-02T11:41:25Z,122,626f97bdc743c0d59b6bd5025e8ed0076ac8941d
26817276490,clang-format,pull_request,completed,success,2026-06-02T11:39:23Z,2026-06-02T11:44:32Z,309,626f97bdc743c0d59b6bd5025e8ed0076ac8941d
26817276675,Style,pull_request,completed,success,2026-06-02T11:39:23Z,2026-06-02T11:45:16Z,353,626f97bdc743c0d59b6bd5025e8ed0076ac8941d
26817276455,ci-debug-ubuntu,pull_request,completed,success,2026-06-02T11:39:23Z,2026-06-02T11:52:05Z,762,626f97bdc743c0d59b6bd5025e8ed0076ac8941d
26817276465,ci-1-core,pull_request,completed,success,2026-06-02T11:39:23Z,2026-06-02T12:16:05Z,2202,626f97bdc743c0d59b6bd5025e8ed0076ac8941d
26817276542,Standalone example,pull_request,completed,success,2026-06-02T11:39:23Z,2026-06-02T11:54:38Z,915,626f97bdc743c0d59b6bd5025e8ed0076ac8941d
26817276344,Mypy,pull_request,completed,success,2026-06-02T11:39:22Z,2026-06-02T11:52:15Z,773,626f97bdc743c0d59b6bd5025e8ed0076ac8941d
26817276330,ci-no-onnx,pull_request,completed,success,2026-06-02T11:39:22Z,2026-06-02T11:51:19Z,717,626f97bdc743c0d59b6bd5025e8ed0076ac8941d
26817276356,Pyrefly,pull_request,completed,success,2026-06-02T11:39:22Z,2026-06-02T11:53:39Z,857,626f97bdc743c0d59b6bd5025e8ed0076ac8941d
26817200847,Addressing comment on PR #1553,dynamic,completed,success,2026-06-02T11:37:48Z,2026-06-02T11:39:38Z,110,ef30783c9fcbc826d2fd455ba20733e58bce6a41
26817162651,Style,pull_request,completed,success,2026-06-02T11:37:00Z,2026-06-02T11:37:25Z,25,746d2d8e70e2847d55e73a7a6d749bc9b04d75ae
26817162662,Spelling,pull_request,completed,success,2026-06-02T11:37:00Z,2026-06-02T11:37:27Z,27,746d2d8e70e2847d55e73a7a6d749bc9b04d75ae
26817162714,clang-format,pull_request,completed,success,2026-06-02T11:37:00Z,2026-06-02T11:37:36Z,36,746d2d8e70e2847d55e73a7a6d749bc9b04d75ae
26817162745,Standalone example,pull_request,completed,success,2026-06-02T11:37:00Z,2026-06-02T11:45:27Z,507,746d2d8e70e2847d55e73a7a6d749bc9b04d75ae
26817162700,Pyrefly,pull_request,completed,success,2026-06-02T11:37:00Z,2026-06-02T11:45:38Z,518,746d2d8e70e2847d55e73a7a6d749bc9b04d75ae
26817162742,Mypy,pull_request,completed,success,2026-06-02T11:37:00Z,2026-06-02T11:46:10Z,550,746d2d8e70e2847d55e73a7a6d749bc9b04d75ae
26817162738,ci-no-onnx,pull_request,completed,success,2026-06-02T11:37:00Z,2026-06-02T11:46:27Z,567,746d2d8e70e2847d55e73a7a6d749bc9b04d75ae
26817162740,ci-debug-ubuntu,pull_request,completed,success,2026-06-02T11:37:00Z,2026-06-02T11:48:42Z,702,746d2d8e70e2847d55e73a7a6d749bc9b04d75ae
26817162680,ci-1-core,pull_request,completed,cancelled,2026-06-02T11:37:00Z,2026-06-02T11:49:33Z,753,746d2d8e70e2847d55e73a7a6d749bc9b04d75ae
26817065516,Addressing comment on PR #1493,dynamic,completed,success,2026-06-02T11:35:00Z,2026-06-02T11:37:08Z,128,b038ac9af1156bbf6aafa74a92b549c040cd349a
26817014301,Build,workflow_run,completed,action_required,2026-06-02T11:33:57Z,2026-06-02T11:33:57Z,0,e07a20828008bed77ff63093616a33f525d5f4ed
26816746553,Mypy,push,completed,success,2026-06-02T11:28:36Z,2026-06-02T11:36:48Z,492,e07a20828008bed77ff63093616a33f525d5f4ed
26816746538,Pyrefly,push,completed,success,2026-06-02T11:28:36Z,2026-06-02T11:36:54Z,498,e07a20828008bed77ff63093616a33f525d5f4ed
26816746516,ci-no-onnx,push,completed,success,2026-06-02T11:28:36Z,2026-06-02T11:37:53Z,557,e07a20828008bed77ff63093616a33f525d5f4ed
26816746558,Standalone example,push,completed,cancelled,2026-06-02T11:28:36Z,2026-06-02T11:38:53Z,617,e07a20828008bed77ff63093616a33f525d5f4ed
26816746522,ci-debug-ubuntu,push,completed,success,2026-06-02T11:28:36Z,2026-06-02T11:40:00Z,684,e07a20828008bed77ff63093616a33f525d5f4ed
26816746545,ci-1-core,push,completed,cancelled,2026-06-02T11:28:36Z,2026-06-02T11:40:54Z,738,e07a20828008bed77ff63093616a33f525d5f4ed
26816746550,Spelling,push,completed,success,2026-06-02T11:28:36Z,2026-06-02T11:28:48Z,12,e07a20828008bed77ff63093616a33f525d5f4ed
26816746504,clang-format,push,completed,success,2026-06-02T11:28:36Z,2026-06-02T11:28:48Z,12,e07a20828008bed77ff63093616a33f525d5f4ed
26816746563,Style,push,completed,success,2026-06-02T11:28:36Z,2026-06-02T11:28:45Z,9,e07a20828008bed77ff63093616a33f525d5f4ed
26816699563,Build,workflow_run,completed,action_required,2026-06-02T11:27:37Z,2026-06-02T11:27:37Z,0,28eace18ad2b2d7f0195b9be0cbf4cccb538256f
26816434274,Build,workflow_run,completed,skipped,2026-06-02T11:22:07Z,2026-06-02T11:22:09Z,2,28eace18ad2b2d7f0195b9be0cbf4cccb538256f
26816330887,Addressing comment on PR #1562,dynamic,completed,success,2026-06-02T11:19:58Z,2026-06-02T11:49:39Z,1781,75154c2a32f05b0a8056d3bd6b4f438a926d7df7
26816302239,clang-format,pull_request,completed,action_required,2026-06-02T11:19:21Z,2026-06-02T11:19:21Z,0,75154c2a32f05b0a8056d3bd6b4f438a926d7df7
26816302227,ci-debug-ubuntu,pull_request,completed,action_required,2026-06-02T11:19:21Z,2026-06-02T11:19:21Z,0,75154c2a32f05b0a8056d3bd6b4f438a926d7df7
26816302224,Spelling,pull_request,completed,action_required,2026-06-02T11:19:21Z,2026-06-02T11:19:21Z,0,75154c2a32f05b0a8056d3bd6b4f438a926d7df7
26816302247,Standalone example,pull_request,completed,action_required,2026-06-02T11:19:21Z,2026-06-02T11:19:21Z,0,75154c2a32f05b0a8056d3bd6b4f438a926d7df7
26816302377,ci-1-core,pull_request,completed,action_required,2026-06-02T11:19:21Z,2026-06-02T11:19:21Z,0,75154c2a32f05b0a8056d3bd6b4f438a926d7df7
26816302200,Pyrefly,pull_request,completed,action_required,2026-06-02T11:19:20Z,2026-06-02T11:19:20Z,0,75154c2a32f05b0a8056d3bd6b4f438a926d7df7
26816302187,ci-no-onnx,pull_request,completed,action_required,2026-06-02T11:19:20Z,2026-06-02T11:19:20Z,0,75154c2a32f05b0a8056d3bd6b4f438a926d7df7
26816302203,Mypy,pull_request,completed,action_required,2026-06-02T11:19:20Z,2026-06-02T11:19:20Z,0,75154c2a32f05b0a8056d3bd6b4f438a926d7df7
26816302208,Style,pull_request,completed,action_required,2026-06-02T11:19:20Z,2026-06-02T11:19:20Z,0,75154c2a32f05b0a8056d3bd6b4f438a926d7df7
26816229607,clang-format,pull_request,completed,success,2026-06-02T11:17:47Z,2026-06-02T11:35:16Z,1049,47bd14501352ac2ae34adfe89c1c437cc8fe704a
26816229556,Style,pull_request,completed,success,2026-06-02T11:17:47Z,2026-06-02T11:35:12Z,1045,47bd14501352ac2ae34adfe89c1c437cc8fe704a
26816229551,Spelling,pull_request,completed,success,2026-06-02T11:17:47Z,2026-06-02T11:35:13Z,1046,47bd14501352ac2ae34adfe89c1c437cc8fe704a
26816229557,Pyrefly,pull_request,completed,success,2026-06-02T11:17:47Z,2026-06-02T11:43:04Z,1517,47bd14501352ac2ae34adfe89c1c437cc8fe704a
26816229530,Mypy,pull_request,completed,success,2026-06-02T11:17:47Z,2026-06-02T11:43:24Z,1537,47bd14501352ac2ae34adfe89c1c437cc8fe704a
26816229568,ci-no-onnx,pull_request,completed,failure,2026-06-02T11:17:47Z,2026-06-02T11:44:06Z,1579,47bd14501352ac2ae34adfe89c1c437cc8fe704a
26816229545,Standalone example,pull_request,completed,cancelled,2026-06-02T11:17:47Z,2026-06-02T11:45:14Z,1647,47bd14501352ac2ae34adfe89c1c437cc8fe704a
26816229559,ci-debug-ubuntu,pull_request,completed,failure,2026-06-02T11:17:47Z,2026-06-02T11:46:28Z,1721,47bd14501352ac2ae34adfe89c1c437cc8fe704a
26816229574,ci-1-core,pull_request,completed,failure,2026-06-02T11:17:47Z,2026-06-02T11:47:02Z,1755,47bd14501352ac2ae34adfe89c1c437cc8fe704a
26816201407,Build,workflow_run,completed,action_required,2026-06-02T11:17:09Z,2026-06-02T11:17:09Z,0,28eace18ad2b2d7f0195b9be0cbf4cccb538256f
26816145696,Addressing comment on PR #1554,dynamic,completed,success,2026-06-02T11:15:55Z,2026-06-02T11:17:55Z,120,46dcaa999b0a8726a846925ce4ca0568fddb1d04
26815946328,clang-format,pull_request,completed,success,2026-06-02T11:11:39Z,2026-06-02T11:39:57Z,1698,23838e213ab30db8632b9545a9faefa6a045c051
26815946333,Style,pull_request,completed,success,2026-06-02T11:11:39Z,2026-06-02T11:40:08Z,1709,23838e213ab30db8632b9545a9faefa6a045c051
26815946449,Spelling,pull_request,completed,success,2026-06-02T11:11:39Z,2026-06-02T11:41:42Z,1803,23838e213ab30db8632b9545a9faefa6a045c051
26815946348,ci-no-onnx,pull_request,completed,success,2026-06-02T11:11:39Z,2026-06-02T11:48:49Z,2230,23838e213ab30db8632b9545a9faefa6a045c051
26815946505,Pyrefly,pull_request,completed,success,2026-06-02T11:11:39Z,2026-06-02T11:48:47Z,2228,23838e213ab30db8632b9545a9faefa6a045c051
26815946472,Standalone example,pull_request,completed,success,2026-06-02T11:11:39Z,2026-06-02T11:49:33Z,2274,23838e213ab30db8632b9545a9faefa6a045c051
26815946313,Mypy,pull_request,completed,success,2026-06-02T11:11:39Z,2026-06-02T11:49:55Z,2296,23838e213ab30db8632b9545a9faefa6a045c051
26815946383,ci-debug-ubuntu,pull_request,completed,success,2026-06-02T11:11:39Z,2026-06-02T11:51:03Z,2364,23838e213ab30db8632b9545a9faefa6a045c051
26815946606,ci-1-core,pull_request,completed,success,2026-06-02T11:11:39Z,2026-06-02T12:12:48Z,3669,23838e213ab30db8632b9545a9faefa6a045c051
26815942110,Pyrefly,pull_request,completed,success,2026-06-02T11:11:33Z,2026-06-02T11:23:30Z,717,b038ac9af1156bbf6aafa74a92b549c040cd349a
26815942126,ci-no-onnx,pull_request,completed,success,2026-06-02T11:11:33Z,2026-06-02T11:23:41Z,728,b038ac9af1156bbf6aafa74a92b549c040cd349a
26815942075,Mypy,pull_request,completed,success,2026-06-02T11:11:33Z,2026-06-02T11:24:35Z,782,b038ac9af1156bbf6aafa74a92b549c040cd349a
26815942096,Standalone example,pull_request,completed,success,2026-06-02T11:11:33Z,2026-06-02T11:25:16Z,823,b038ac9af1156bbf6aafa74a92b549c040cd349a
26815942142,ci-1-core,pull_request,completed,cancelled,2026-06-02T11:11:33Z,2026-06-02T11:27:34Z,961,b038ac9af1156bbf6aafa74a92b549c040cd349a
26815942174,ci-debug-ubuntu,pull_request,completed,failure,2026-06-02T11:11:33Z,2026-06-02T11:27:03Z,930,b038ac9af1156bbf6aafa74a92b549c040cd349a
26815942145,Style,pull_request,completed,success,2026-06-02T11:11:33Z,2026-06-02T11:15:49Z,256,b038ac9af1156bbf6aafa74a92b549c040cd349a
26815942120,clang-format,pull_request,completed,success,2026-06-02T11:11:33Z,2026-06-02T11:15:38Z,245,b038ac9af1156bbf6aafa74a92b549c040cd349a
26815942151,Spelling,pull_request,completed,success,2026-06-02T11:11:33Z,2026-06-02T11:16:01Z,268,b038ac9af1156bbf6aafa74a92b549c040cd349a
26815849190,ci-debug-ubuntu,pull_request,completed,success,2026-06-02T11:09:33Z,2026-06-02T11:24:16Z,883,ef30783c9fcbc826d2fd455ba20733e58bce6a41
26815849143,Standalone example,pull_request,completed,success,2026-06-02T11:09:33Z,2026-06-02T11:18:42Z,549,ef30783c9fcbc826d2fd455ba20733e58bce6a41
26815849168,ci-no-onnx,pull_request,completed,success,2026-06-02T11:09:33Z,2026-06-02T11:18:49Z,556,ef30783c9fcbc826d2fd455ba20733e58bce6a41
26815849246,Pyrefly,pull_request,completed,success,2026-06-02T11:09:33Z,2026-06-02T11:20:33Z,660,ef30783c9fcbc826d2fd455ba20733e58bce6a41
26815849129,Mypy,pull_request,completed,success,2026-06-02T11:09:33Z,2026-06-02T11:20:34Z,661,ef30783c9fcbc826d2fd455ba20733e58bce6a41
26815849224,ci-1-core,pull_request,completed,cancelled,2026-06-02T11:09:33Z,2026-06-02T11:22:05Z,752,ef30783c9fcbc826d2fd455ba20733e58bce6a41
26815849124,clang-format,pull_request,completed,success,2026-06-02T11:09:33Z,2026-06-02T11:09:48Z,15,ef30783c9fcbc826d2fd455ba20733e58bce6a41
26815849128,Style,pull_request,completed,success,2026-06-02T11:09:33Z,2026-06-02T11:11:56Z,143,ef30783c9fcbc826d2fd455ba20733e58bce6a41
26815849206,Spelling,pull_request,completed,success,2026-06-02T11:09:33Z,2026-06-02T11:11:57Z,144,ef30783c9fcbc826d2fd455ba20733e58bce6a41
26815847873,Build,workflow_run,completed,cancelled,2026-06-02T11:09:31Z,2026-06-02T11:41:14Z,1903,28eace18ad2b2d7f0195b9be0cbf4cccb538256f
26815829250,Addressing comment on PR #1493,dynamic,completed,success,2026-06-02T11:09:08Z,2026-06-02T11:11:48Z,160,d4b14d5d8ed7e84d9760407ab0c71fd5632c1dbf
26815743608,Addressing comment on PR #1562,dynamic,completed,success,2026-06-02T11:07:16Z,2026-06-02T11:19:51Z,755,8de771bfee972ac6829e843764b65fff89618a1f
26815548137,Spelling,pull_request,completed,action_required,2026-06-02T11:03:09Z,2026-06-02T11:03:09Z,0,8de771bfee972ac6829e843764b65fff89618a1f
26815548303,Standalone example,pull_request,completed,action_required,2026-06-02T11:03:09Z,2026-06-02T11:03:09Z,0,8de771bfee972ac6829e843764b65fff89618a1f
26815548555,Style,pull_request,completed,action_required,2026-06-02T11:03:09Z,2026-06-02T11:03:09Z,0,8de771bfee972ac6829e843764b65fff89618a1f
26815548423,Mypy,pull_request,completed,action_required,2026-06-02T11:03:09Z,2026-06-02T11:03:09Z,0,8de771bfee972ac6829e843764b65fff89618a1f
26815548338,ci-no-onnx,pull_request,completed,action_required,2026-06-02T11:03:09Z,2026-06-02T11:03:09Z,0,8de771bfee972ac6829e843764b65fff89618a1f
26815548381,Pyrefly,pull_request,completed,action_required,2026-06-02T11:03:09Z,2026-06-02T11:03:09Z,0,8de771bfee972ac6829e843764b65fff89618a1f
26815548444,ci-1-core,pull_request,completed,action_required,2026-06-02T11:03:09Z,2026-06-02T11:03:09Z,0,8de771bfee972ac6829e843764b65fff89618a1f
26815548420,clang-format,pull_request,completed,action_required,2026-06-02T11:03:09Z,2026-06-02T11:03:09Z,0,8de771bfee972ac6829e843764b65fff89618a1f
26815548470,ci-debug-ubuntu,pull_request,completed,action_required,2026-06-02T11:03:09Z,2026-06-02T11:03:09Z,0,8de771bfee972ac6829e843764b65fff89618a1f
26815543513,ci-1-core,pull_request,completed,success,2026-06-02T11:03:03Z,2026-06-02T11:33:53Z,1850,4bc247308ece22d06d40ed57467cbcddbd35bae6
26815543488,clang-format,pull_request,completed,success,2026-06-02T11:03:03Z,2026-06-02T11:04:52Z,109,4bc247308ece22d06d40ed57467cbcddbd35bae6
26815543575,Style,pull_request,completed,success,2026-06-02T11:03:03Z,2026-06-02T11:04:47Z,104,4bc247308ece22d06d40ed57467cbcddbd35bae6
26815543549,Spelling,pull_request,completed,success,2026-06-02T11:03:03Z,2026-06-02T11:04:47Z,104,4bc247308ece22d06d40ed57467cbcddbd35bae6
26815543496,ci-no-onnx,pull_request,completed,success,2026-06-02T11:03:03Z,2026-06-02T11:11:43Z,520,4bc247308ece22d06d40ed57467cbcddbd35bae6
26815543528,Pyrefly,pull_request,completed,success,2026-06-02T11:03:03Z,2026-06-02T11:12:48Z,585,4bc247308ece22d06d40ed57467cbcddbd35bae6
26815543494,Mypy,pull_request,completed,success,2026-06-02T11:03:03Z,2026-06-02T11:13:41Z,638,4bc247308ece22d06d40ed57467cbcddbd35bae6
26815543464,Standalone example,pull_request,completed,success,2026-06-02T11:03:03Z,2026-06-02T11:14:07Z,664,4bc247308ece22d06d40ed57467cbcddbd35bae6
26815543483,ci-debug-ubuntu,pull_request,completed,success,2026-06-02T11:03:03Z,2026-06-02T11:16:01Z,778,4bc247308ece22d06d40ed57467cbcddbd35bae6
26815323388,Build,workflow_run,completed,success,2026-06-02T10:58:27Z,2026-06-02T11:53:58Z,3331,28eace18ad2b2d7f0195b9be0cbf4cccb538256f
26815001414,Build,workflow_run,completed,action_required,2026-06-02T10:51:39Z,2026-06-02T10:51:39Z,0,28eace18ad2b2d7f0195b9be0cbf4cccb538256f
26814628662,ci-debug-ubuntu,pull_request,completed,failure,2026-06-02T10:43:41Z,2026-06-02T11:16:32Z,1971,46dcaa999b0a8726a846925ce4ca0568fddb1d04
26814628674,ci-1-core,pull_request,completed,failure,2026-06-02T10:43:41Z,2026-06-02T11:17:05Z,2004,46dcaa999b0a8726a846925ce4ca0568fddb1d04
26814628647,Style,pull_request,completed,success,2026-06-02T10:43:41Z,2026-06-02T11:05:43Z,1322,46dcaa999b0a8726a846925ce4ca0568fddb1d04
26814628609,clang-format,pull_request,completed,success,2026-06-02T10:43:41Z,2026-06-02T11:05:48Z,1327,46dcaa999b0a8726a846925ce4ca0568fddb1d04
26814628659,Spelling,pull_request,completed,success,2026-06-02T10:43:41Z,2026-06-02T11:05:45Z,1324,46dcaa999b0a8726a846925ce4ca0568fddb1d04
26814628650,Pyrefly,pull_request,completed,success,2026-06-02T10:43:41Z,2026-06-02T11:13:37Z,1796,46dcaa999b0a8726a846925ce4ca0568fddb1d04
26814628640,ci-no-onnx,pull_request,completed,failure,2026-06-02T10:43:41Z,2026-06-02T11:14:15Z,1834,46dcaa999b0a8726a846925ce4ca0568fddb1d04
26814628678,Mypy,pull_request,completed,success,2026-06-02T10:43:41Z,2026-06-02T11:14:35Z,1854,46dcaa999b0a8726a846925ce4ca0568fddb1d04
26814628651,Standalone example,pull_request,completed,success,2026-06-02T10:43:41Z,2026-06-02T11:15:02Z,1881,46dcaa999b0a8726a846925ce4ca0568fddb1d04
26814592335,Build,workflow_run,completed,action_required,2026-06-02T10:42:54Z,2026-06-02T10:42:54Z,0,28eace18ad2b2d7f0195b9be0cbf4cccb538256f
26814515555,Build,workflow_run,completed,action_required,2026-06-02T10:41:17Z,2026-06-02T10:41:17Z,0,28eace18ad2b2d7f0195b9be0cbf4cccb538256f
26814464235,Spelling,pull_request,completed,action_required,2026-06-02T10:40:15Z,2026-06-02T10:40:15Z,0,5d10359eb16880928226d57322dba550b57b99c4
26814464260,Standalone example,pull_request,completed,action_required,2026-06-02T10:40:15Z,2026-06-02T10:40:15Z,0,5d10359eb16880928226d57322dba550b57b99c4
26814464287,ci-no-onnx,pull_request,completed,action_required,2026-06-02T10:40:15Z,2026-06-02T10:40:15Z,0,5d10359eb16880928226d57322dba550b57b99c4
26814464451,ci-1-core,pull_request,completed,action_required,2026-06-02T10:40:15Z,2026-06-02T10:40:15Z,0,5d10359eb16880928226d57322dba550b57b99c4
26814464342,clang-format,pull_request,completed,action_required,2026-06-02T10:40:15Z,2026-06-02T10:40:15Z,0,5d10359eb16880928226d57322dba550b57b99c4
26814464142,Pyrefly,pull_request,completed,action_required,2026-06-02T10:40:15Z,2026-06-02T10:40:15Z,0,5d10359eb16880928226d57322dba550b57b99c4
26814464469,Mypy,pull_request,completed,action_required,2026-06-02T10:40:15Z,2026-06-02T10:40:15Z,0,5d10359eb16880928226d57322dba550b57b99c4
26814464305,Style,pull_request,completed,action_required,2026-06-02T10:40:15Z,2026-06-02T10:40:15Z,0,5d10359eb16880928226d57322dba550b57b99c4
26814464419,ci-debug-ubuntu,pull_request,completed,action_required,2026-06-02T10:40:15Z,2026-06-02T10:40:15Z,0,5d10359eb16880928226d57322dba550b57b99c4
26814462208,Running Copilot cloud agent,dynamic,completed,success,2026-06-02T10:40:13Z,2026-06-02T11:03:31Z,1398,5d10359eb16880928226d57322dba550b57b99c4
26814395108,Build,workflow_run,completed,action_required,2026-06-02T10:38:47Z,2026-06-02T10:38:47Z,0,28eace18ad2b2d7f0195b9be0cbf4cccb538256f
26814216896,Running Copilot cloud agent,dynamic,completed,success,2026-06-02T10:35:00Z,2026-06-02T11:15:33Z,2433,42b98fbe804fa313293dddec727df616a4b1eccb
26814091559,Addressing comment on PR #1555,dynamic,completed,success,2026-06-02T10:32:20Z,2026-06-02T11:03:46Z,1886,f9b7ebac73e7f8b2ec544335a44e8a53b93e5550
26814050656,Build,workflow_run,completed,skipped,2026-06-02T10:31:28Z,2026-06-02T10:31:30Z,2,28eace18ad2b2d7f0195b9be0cbf4cccb538256f
26814044453,Build,workflow_run,completed,skipped,2026-06-02T10:31:20Z,2026-06-02T10:31:22Z,2,28eace18ad2b2d7f0195b9be0cbf4cccb538256f
26814040942,clang-format,push,completed,success,2026-06-02T10:31:16Z,2026-06-02T10:40:25Z,549,28eace18ad2b2d7f0195b9be0cbf4cccb538256f
26814040861,Standalone example,push,completed,success,2026-06-02T10:31:16Z,2026-06-02T10:41:09Z,593,28eace18ad2b2d7f0195b9be0cbf4cccb538256f
26814040904,ci-no-onnx,push,completed,success,2026-06-02T10:31:16Z,2026-06-02T10:48:49Z,1053,28eace18ad2b2d7f0195b9be0cbf4cccb538256f
26814041132,ci-1-core,push,completed,success,2026-06-02T10:31:16Z,2026-06-02T11:09:28Z,2292,28eace18ad2b2d7f0195b9be0cbf4cccb538256f
26814040774,Spelling,push,completed,success,2026-06-02T10:31:15Z,2026-06-02T10:39:47Z,512,28eace18ad2b2d7f0195b9be0cbf4cccb538256f
26814040794,Style,push,completed,success,2026-06-02T10:31:15Z,2026-06-02T10:40:12Z,537,28eace18ad2b2d7f0195b9be0cbf4cccb538256f
26814040820,Pyrefly,push,completed,success,2026-06-02T10:31:15Z,2026-06-02T10:47:14Z,959,28eace18ad2b2d7f0195b9be0cbf4cccb538256f
26814040812,Mypy,push,completed,success,2026-06-02T10:31:15Z,2026-06-02T10:47:42Z,987,28eace18ad2b2d7f0195b9be0cbf4cccb538256f
26814040757,ci-debug-ubuntu,push,completed,success,2026-06-02T10:31:15Z,2026-06-02T10:49:33Z,1098,28eace18ad2b2d7f0195b9be0cbf4cccb538256f
26814032486,ci-debug-ubuntu,push,completed,cancelled,2026-06-02T10:31:05Z,2026-06-02T10:31:17Z,12,cadb7497fcb2537b7052a958e3e34a0e0b56718a
26814032500,Pyrefly,push,completed,cancelled,2026-06-02T10:31:05Z,2026-06-02T10:31:17Z,12,cadb7497fcb2537b7052a958e3e34a0e0b56718a
26814032436,Style,push,completed,cancelled,2026-06-02T10:31:05Z,2026-06-02T10:31:17Z,12,cadb7497fcb2537b7052a958e3e34a0e0b56718a
26814032505,Spelling,push,completed,cancelled,2026-06-02T10:31:05Z,2026-06-02T10:31:17Z,12,cadb7497fcb2537b7052a958e3e34a0e0b56718a
26814032490,Standalone example,push,completed,cancelled,2026-06-02T10:31:05Z,2026-06-02T10:31:17Z,12,cadb7497fcb2537b7052a958e3e34a0e0b56718a
26814032473,clang-format,push,completed,cancelled,2026-06-02T10:31:05Z,2026-06-02T10:31:17Z,12,cadb7497fcb2537b7052a958e3e34a0e0b56718a
26814032501,ci-1-core,push,completed,cancelled,2026-06-02T10:31:05Z,2026-06-02T10:31:17Z,12,cadb7497fcb2537b7052a958e3e34a0e0b56718a
26814032487,Mypy,push,completed,cancelled,2026-06-02T10:31:05Z,2026-06-02T10:31:18Z,13,cadb7497fcb2537b7052a958e3e34a0e0b56718a
26814032438,ci-no-onnx,push,completed,cancelled,2026-06-02T10:31:05Z,2026-06-02T10:31:17Z,12,cadb7497fcb2537b7052a958e3e34a0e0b56718a
26814003537,Style,pull_request,completed,success,2026-06-02T10:30:29Z,2026-06-02T10:30:42Z,13,f9b7ebac73e7f8b2ec544335a44e8a53b93e5550
26814003552,Spelling,pull_request,completed,success,2026-06-02T10:30:29Z,2026-06-02T10:30:43Z,14,f9b7ebac73e7f8b2ec544335a44e8a53b93e5550
26814003063,clang-format,pull_request,completed,success,2026-06-02T10:30:29Z,2026-06-02T10:30:45Z,16,f9b7ebac73e7f8b2ec544335a44e8a53b93e5550
26814003813,ci-no-onnx,pull_request,completed,success,2026-06-02T10:30:29Z,2026-06-02T10:37:10Z,401,f9b7ebac73e7f8b2ec544335a44e8a53b93e5550
26814003635,Mypy,pull_request,completed,success,2026-06-02T10:30:29Z,2026-06-02T10:38:58Z,509,f9b7ebac73e7f8b2ec544335a44e8a53b93e5550
26814003640,Pyrefly,pull_request,completed,success,2026-06-02T10:30:29Z,2026-06-02T10:39:13Z,524,f9b7ebac73e7f8b2ec544335a44e8a53b93e5550
26814003323,Standalone example,pull_request,completed,success,2026-06-02T10:30:29Z,2026-06-02T10:39:52Z,563,f9b7ebac73e7f8b2ec544335a44e8a53b93e5550
26814003496,ci-1-core,pull_request,completed,success,2026-06-02T10:30:29Z,2026-06-02T10:58:24Z,1675,f9b7ebac73e7f8b2ec544335a44e8a53b93e5550
26814003003,ci-debug-ubuntu,pull_request,completed,success,2026-06-02T10:30:28Z,2026-06-02T10:41:35Z,667,f9b7ebac73e7f8b2ec544335a44e8a53b93e5550
26813873446,Spelling,pull_request,completed,success,2026-06-02T10:27:45Z,2026-06-02T10:30:55Z,190,c1754230a87daf7d7b779134bddf4ffff5c56ae0
26813873352,clang-format,pull_request,completed,success,2026-06-02T10:27:44Z,2026-06-02T10:31:08Z,204,c1754230a87daf7d7b779134bddf4ffff5c56ae0
26813873414,Style,pull_request,completed,success,2026-06-02T10:27:44Z,2026-06-02T10:38:50Z,666,c1754230a87daf7d7b779134bddf4ffff5c56ae0
26813873379,ci-no-onnx,pull_request,completed,success,2026-06-02T10:27:44Z,2026-06-02T10:39:25Z,701,c1754230a87daf7d7b779134bddf4ffff5c56ae0
26813873390,Pyrefly,pull_request,completed,success,2026-06-02T10:27:44Z,2026-06-02T10:39:38Z,714,c1754230a87daf7d7b779134bddf4ffff5c56ae0
26813873373,Standalone example,pull_request,completed,success,2026-06-02T10:27:44Z,2026-06-02T10:40:02Z,738,c1754230a87daf7d7b779134bddf4ffff5c56ae0
26813873374,Mypy,pull_request,completed,success,2026-06-02T10:27:44Z,2026-06-02T10:40:51Z,787,c1754230a87daf7d7b779134bddf4ffff5c56ae0
26813873346,ci-debug-ubuntu,pull_request,completed,success,2026-06-02T10:27:44Z,2026-06-02T10:42:25Z,881,c1754230a87daf7d7b779134bddf4ffff5c56ae0
26813873395,ci-1-core,pull_request,completed,cancelled,2026-06-02T10:27:44Z,2026-06-02T10:42:51Z,907,c1754230a87daf7d7b779134bddf4ffff5c56ae0
26813715209,clang-format,pull_request,completed,success,2026-06-02T10:24:22Z,2026-06-02T10:32:05Z,463,d4b14d5d8ed7e84d9760407ab0c71fd5632c1dbf
26813715259,Style,pull_request,completed,success,2026-06-02T10:24:22Z,2026-06-02T10:38:41Z,859,d4b14d5d8ed7e84d9760407ab0c71fd5632c1dbf
26813715252,Spelling,pull_request,completed,success,2026-06-02T10:24:22Z,2026-06-02T10:39:38Z,916,d4b14d5d8ed7e84d9760407ab0c71fd5632c1dbf
26813715157,Mypy,pull_request,completed,success,2026-06-02T10:24:22Z,2026-06-02T10:39:55Z,933,d4b14d5d8ed7e84d9760407ab0c71fd5632c1dbf
26813715173,ci-debug-ubuntu,pull_request,completed,failure,2026-06-02T10:24:22Z,2026-06-02T10:43:00Z,1118,d4b14d5d8ed7e84d9760407ab0c71fd5632c1dbf
26813715205,ci-no-onnx,pull_request,completed,success,2026-06-02T10:24:22Z,2026-06-02T10:46:13Z,1311,d4b14d5d8ed7e84d9760407ab0c71fd5632c1dbf
26813715268,Pyrefly,pull_request,completed,success,2026-06-02T10:24:22Z,2026-06-02T10:47:36Z,1394,d4b14d5d8ed7e84d9760407ab0c71fd5632c1dbf
26813715144,Standalone example,pull_request,completed,success,2026-06-02T10:24:22Z,2026-06-02T10:48:58Z,1476,d4b14d5d8ed7e84d9760407ab0c71fd5632c1dbf
26813715190,ci-1-core,pull_request,completed,failure,2026-06-02T10:24:22Z,2026-06-02T10:51:36Z,1634,d4b14d5d8ed7e84d9760407ab0c71fd5632c1dbf
26813634387,Build,workflow_run,completed,action_required,2026-06-02T10:22:37Z,2026-06-02T10:22:37Z,0,a002f0786e80694b3dee43f842ef87887921393b
26813606643,Addressing comment on PR #1493,dynamic,completed,success,2026-06-02T10:22:01Z,2026-06-02T10:24:31Z,150,26d0e4db716b30457dd0a43197e2c160c6b2333a
26813473059,Build,workflow_run,completed,action_required,2026-06-02T10:19:11Z,2026-06-02T10:19:11Z,0,a002f0786e80694b3dee43f842ef87887921393b
26813406591,Build,workflow_run,completed,action_required,2026-06-02T10:17:49Z,2026-06-02T10:17:49Z,0,a002f0786e80694b3dee43f842ef87887921393b
26813363483,Build,workflow_run,completed,action_required,2026-06-02T10:16:55Z,2026-06-02T10:16:55Z,0,a002f0786e80694b3dee43f842ef87887921393b
26813056999,Build,workflow_run,completed,action_required,2026-06-02T10:10:22Z,2026-06-02T10:10:22Z,0,a002f0786e80694b3dee43f842ef87887921393b
26812985339,Addressing comment on PR #1492,dynamic,completed,success,2026-06-02T10:08:52Z,2026-06-02T10:18:51Z,599,6dec8be49bd935eebd7437966f3a7e32db187713
26812965628,Build,workflow_run,completed,action_required,2026-06-02T10:08:27Z,2026-06-02T10:08:27Z,0,a002f0786e80694b3dee43f842ef87887921393b
26812965147,Mypy,pull_request,completed,success,2026-06-02T10:08:27Z,2026-06-02T10:19:38Z,671,6dec8be49bd935eebd7437966f3a7e32db187713
26812965071,Standalone example,pull_request,completed,success,2026-06-02T10:08:27Z,2026-06-02T10:27:04Z,1117,6dec8be49bd935eebd7437966f3a7e32db187713
26812964620,Style,pull_request,completed,success,2026-06-02T10:08:26Z,2026-06-02T10:12:38Z,252,6dec8be49bd935eebd7437966f3a7e32db187713
26812964778,clang-format,pull_request,completed,success,2026-06-02T10:08:26Z,2026-06-02T10:19:03Z,637,6dec8be49bd935eebd7437966f3a7e32db187713
26812964769,Pyrefly,pull_request,completed,success,2026-06-02T10:08:26Z,2026-06-02T10:20:52Z,746,6dec8be49bd935eebd7437966f3a7e32db187713
26812964867,Spelling,pull_request,completed,success,2026-06-02T10:08:26Z,2026-06-02T10:19:12Z,646,6dec8be49bd935eebd7437966f3a7e32db187713
26812964617,ci-no-onnx,pull_request,completed,success,2026-06-02T10:08:26Z,2026-06-02T10:27:57Z,1171,6dec8be49bd935eebd7437966f3a7e32db187713
26812964693,ci-debug-ubuntu,pull_request,completed,success,2026-06-02T10:08:26Z,2026-06-02T10:29:07Z,1241,6dec8be49bd935eebd7437966f3a7e32db187713
26812964714,ci-1-core,pull_request,completed,success,2026-06-02T10:08:26Z,2026-06-02T10:41:14Z,1968,6dec8be49bd935eebd7437966f3a7e32db187713
26812824370,Running Copilot cloud agent,dynamic,completed,success,2026-06-02T10:05:29Z,2026-06-02T10:47:34Z,2525,8830bbf495673ae04300f2c0d53160661abd7b36
26812810638,Spelling,pull_request,completed,success,2026-06-02T10:05:13Z,2026-06-02T10:08:44Z,211,26d0e4db716b30457dd0a43197e2c160c6b2333a
26812810642,Style,pull_request,completed,success,2026-06-02T10:05:13Z,2026-06-02T10:08:46Z,213,26d0e4db716b30457dd0a43197e2c160c6b2333a
26812810639,clang-format,pull_request,completed,success,2026-06-02T10:05:13Z,2026-06-02T10:11:10Z,357,26d0e4db716b30457dd0a43197e2c160c6b2333a
26812810632,ci-no-onnx,pull_request,completed,failure,2026-06-02T10:05:13Z,2026-06-02T10:17:19Z,726,26d0e4db716b30457dd0a43197e2c160c6b2333a
26812810622,Mypy,pull_request,completed,success,2026-06-02T10:05:13Z,2026-06-02T10:17:34Z,741,26d0e4db716b30457dd0a43197e2c160c6b2333a
26812810625,Standalone example,pull_request,completed,cancelled,2026-06-02T10:05:13Z,2026-06-02T10:18:49Z,816,26d0e4db716b30457dd0a43197e2c160c6b2333a
26812810678,ci-1-core,pull_request,completed,failure,2026-06-02T10:05:13Z,2026-06-02T10:22:34Z,1041,26d0e4db716b30457dd0a43197e2c160c6b2333a
26812810628,Pyrefly,pull_request,completed,success,2026-06-02T10:05:13Z,2026-06-02T10:23:16Z,1083,26d0e4db716b30457dd0a43197e2c160c6b2333a
26812810715,ci-debug-ubuntu,pull_request,completed,failure,2026-06-02T10:05:13Z,2026-06-02T10:27:45Z,1352,26d0e4db716b30457dd0a43197e2c160c6b2333a
26812765114,Style,pull_request,completed,success,2026-06-02T10:04:17Z,2026-06-02T10:08:52Z,275,cefbb134c065f9908837c835c6bda9e25382a6fe
26812765178,Spelling,pull_request,completed,success,2026-06-02T10:04:17Z,2026-06-02T10:08:46Z,269,cefbb134c065f9908837c835c6bda9e25382a6fe
26812765099,clang-format,pull_request,completed,success,2026-06-02T10:04:17Z,2026-06-02T10:17:06Z,769,cefbb134c065f9908837c835c6bda9e25382a6fe
26812765111,ci-no-onnx,pull_request,completed,success,2026-06-02T10:04:17Z,2026-06-02T10:17:48Z,811,cefbb134c065f9908837c835c6bda9e25382a6fe
26812765299,Mypy,pull_request,completed,success,2026-06-02T10:04:17Z,2026-06-02T10:19:02Z,885,cefbb134c065f9908837c835c6bda9e25382a6fe
26812765130,Pyrefly,pull_request,completed,success,2026-06-02T10:04:17Z,2026-06-02T10:19:44Z,927,cefbb134c065f9908837c835c6bda9e25382a6fe
26812765192,ci-debug-ubuntu,pull_request,completed,success,2026-06-02T10:04:17Z,2026-06-02T10:21:55Z,1058,cefbb134c065f9908837c835c6bda9e25382a6fe
26812765281,Standalone example,pull_request,completed,success,2026-06-02T10:04:17Z,2026-06-02T10:25:56Z,1299,cefbb134c065f9908837c835c6bda9e25382a6fe
26812765428,ci-1-core,pull_request,completed,success,2026-06-02T10:04:17Z,2026-06-02T10:38:45Z,2068,cefbb134c065f9908837c835c6bda9e25382a6fe
26812679408,Pyrefly,pull_request,completed,action_required,2026-06-02T10:02:31Z,2026-06-02T10:02:31Z,0,8830bbf495673ae04300f2c0d53160661abd7b36
26812678874,Spelling,pull_request,completed,action_required,2026-06-02T10:02:30Z,2026-06-02T10:02:30Z,0,8830bbf495673ae04300f2c0d53160661abd7b36
26812678918,Style,pull_request,completed,action_required,2026-06-02T10:02:30Z,2026-06-02T10:02:30Z,0,8830bbf495673ae04300f2c0d53160661abd7b36
26812678941,Mypy,pull_request,completed,action_required,2026-06-02T10:02:30Z,2026-06-02T10:02:30Z,0,8830bbf495673ae04300f2c0d53160661abd7b36
26812679162,ci-1-core,pull_request,completed,action_required,2026-06-02T10:02:30Z,2026-06-02T10:02:30Z,0,8830bbf495673ae04300f2c0d53160661abd7b36
26812679294,clang-format,pull_request,completed,action_required,2026-06-02T10:02:30Z,2026-06-02T10:02:30Z,0,8830bbf495673ae04300f2c0d53160661abd7b36
26812678913,ci-debug-ubuntu,pull_request,completed,action_required,2026-06-02T10:02:30Z,2026-06-02T10:02:30Z,0,8830bbf495673ae04300f2c0d53160661abd7b36
26812678935,Standalone example,pull_request,completed,action_required,2026-06-02T10:02:30Z,2026-06-02T10:02:30Z,0,8830bbf495673ae04300f2c0d53160661abd7b36
26812679007,ci-no-onnx,pull_request,completed,action_required,2026-06-02T10:02:30Z,2026-06-02T10:02:30Z,0,8830bbf495673ae04300f2c0d53160661abd7b36
26812669178,Running Copilot cloud agent,dynamic,completed,success,2026-06-02T10:02:18Z,2026-06-02T10:28:15Z,1557,9d8012412ae7792f3204899101389afbe9beb067
26812665815,Addressing comment on PR #1493,dynamic,completed,success,2026-06-02T10:02:13Z,2026-06-02T10:05:24Z,191,aabdcb5f01e1d707398d719495af7c5bd6fbad9c
26812647894,Build,workflow_run,completed,skipped,2026-06-02T10:01:50Z,2026-06-02T10:01:52Z,2,a002f0786e80694b3dee43f842ef87887921393b
26812631234,clang-format,push,completed,success,2026-06-02T10:01:29Z,2026-06-02T10:04:09Z,160,a002f0786e80694b3dee43f842ef87887921393b
26812631255,Spelling,push,completed,success,2026-06-02T10:01:29Z,2026-06-02T10:04:18Z,169,a002f0786e80694b3dee43f842ef87887921393b
26812631189,Style,push,completed,success,2026-06-02T10:01:29Z,2026-06-02T10:04:28Z,179,a002f0786e80694b3dee43f842ef87887921393b
26812631171,ci-no-onnx,push,completed,success,2026-06-02T10:01:29Z,2026-06-02T10:10:56Z,567,a002f0786e80694b3dee43f842ef87887921393b
26812631218,Pyrefly,push,completed,success,2026-06-02T10:01:29Z,2026-06-02T10:12:27Z,658,a002f0786e80694b3dee43f842ef87887921393b
26812631134,Standalone example,push,completed,success,2026-06-02T10:01:29Z,2026-06-02T10:14:46Z,797,a002f0786e80694b3dee43f842ef87887921393b
26812631223,Mypy,push,completed,success,2026-06-02T10:01:29Z,2026-06-02T10:15:53Z,864,a002f0786e80694b3dee43f842ef87887921393b
26812631211,ci-debug-ubuntu,push,completed,success,2026-06-02T10:01:29Z,2026-06-02T10:17:47Z,978,a002f0786e80694b3dee43f842ef87887921393b
26812631307,ci-1-core,push,completed,cancelled,2026-06-02T10:01:29Z,2026-06-02T10:31:26Z,1797,a002f0786e80694b3dee43f842ef87887921393b
26812606681,Build,workflow_run,completed,action_required,2026-06-02T10:00:59Z,2026-06-02T10:00:59Z,0,ed2ec7916a52e8a044ca1226b80e86d25cab0355
26812595232,Addressing comment on PR #1534,dynamic,completed,success,2026-06-02T10:00:47Z,2026-06-02T10:04:30Z,223,e7bc8b038962e31c26fe17f3f650de5c48a16f20
26812564433,Build,workflow_run,completed,skipped,2026-06-02T10:00:14Z,2026-06-02T10:00:15Z,1,ed2ec7916a52e8a044ca1226b80e86d25cab0355
26812560061,Style,push,completed,success,2026-06-02T10:00:09Z,2026-06-02T10:00:41Z,32,ed2ec7916a52e8a044ca1226b80e86d25cab0355
26812559608,clang-format,push,completed,cancelled,2026-06-02T10:00:09Z,2026-06-02T10:01:30Z,81,ed2ec7916a52e8a044ca1226b80e86d25cab0355
26812559856,Spelling,push,completed,cancelled,2026-06-02T10:00:09Z,2026-06-02T10:01:31Z,82,ed2ec7916a52e8a044ca1226b80e86d25cab0355
26812559274,Standalone example,push,completed,cancelled,2026-06-02T10:00:08Z,2026-06-02T10:01:31Z,83,ed2ec7916a52e8a044ca1226b80e86d25cab0355
26812558876,ci-no-onnx,push,completed,cancelled,2026-06-02T10:00:08Z,2026-06-02T10:01:30Z,82,ed2ec7916a52e8a044ca1226b80e86d25cab0355
26812559191,Mypy,push,completed,cancelled,2026-06-02T10:00:08Z,2026-06-02T10:01:46Z,98,ed2ec7916a52e8a044ca1226b80e86d25cab0355
26812558869,ci-1-core,push,completed,cancelled,2026-06-02T10:00:08Z,2026-06-02T10:01:47Z,99,ed2ec7916a52e8a044ca1226b80e86d25cab0355
26812558861,ci-debug-ubuntu,push,completed,cancelled,2026-06-02T10:00:08Z,2026-06-02T10:01:45Z,97,ed2ec7916a52e8a044ca1226b80e86d25cab0355
26812559226,Pyrefly,push,completed,cancelled,2026-06-02T10:00:08Z,2026-06-02T10:01:45Z,97,ed2ec7916a52e8a044ca1226b80e86d25cab0355
26812538273,Build,workflow_run,completed,skipped,2026-06-02T09:59:43Z,2026-06-02T09:59:44Z,1,b6ffd622fdddb6fdfff188e6cd2e00028ed9b593
26812534176,Pyrefly,push,completed,cancelled,2026-06-02T09:59:38Z,2026-06-02T10:00:10Z,32,b6ffd622fdddb6fdfff188e6cd2e00028ed9b593
26812534117,Standalone example,push,completed,cancelled,2026-06-02T09:59:38Z,2026-06-02T10:00:10Z,32,b6ffd622fdddb6fdfff188e6cd2e00028ed9b593
26812534198,Mypy,push,completed,cancelled,2026-06-02T09:59:38Z,2026-06-02T10:00:10Z,32,b6ffd622fdddb6fdfff188e6cd2e00028ed9b593
26812534122,clang-format,push,completed,cancelled,2026-06-02T09:59:38Z,2026-06-02T10:00:10Z,32,b6ffd622fdddb6fdfff188e6cd2e00028ed9b593
26812534356,Spelling,push,completed,cancelled,2026-06-02T09:59:38Z,2026-06-02T10:00:10Z,32,b6ffd622fdddb6fdfff188e6cd2e00028ed9b593
26812534129,ci-no-onnx,push,completed,cancelled,2026-06-02T09:59:38Z,2026-06-02T10:00:24Z,46,b6ffd622fdddb6fdfff188e6cd2e00028ed9b593
26812534151,Style,push,completed,success,2026-06-02T09:59:38Z,2026-06-02T10:00:04Z,26,b6ffd622fdddb6fdfff188e6cd2e00028ed9b593
26812534434,ci-debug-ubuntu,push,completed,cancelled,2026-06-02T09:59:38Z,2026-06-02T10:00:09Z,31,b6ffd622fdddb6fdfff188e6cd2e00028ed9b593
26812534260,ci-1-core,push,completed,cancelled,2026-06-02T09:59:38Z,2026-06-02T10:00:09Z,31,b6ffd622fdddb6fdfff188e6cd2e00028ed9b593
26812346767,Addressing comment on PR #1493,dynamic,completed,success,2026-06-02T09:55:48Z,2026-06-02T10:02:07Z,379,619f3d7e61cdba30f8fc6b7c2b971cc303b4ff85
26812267756,Spelling,push,completed,success,2026-06-02T09:54:12Z,2026-06-02T09:55:32Z,80,79edb38939c21380e823c44600e3680fd0f6d1e4
26812267849,clang-format,push,completed,cancelled,2026-06-02T09:54:12Z,2026-06-02T09:59:40Z,328,79edb38939c21380e823c44600e3680fd0f6d1e4
26812267779,ci-no-onnx,push,completed,cancelled,2026-06-02T09:54:12Z,2026-06-02T09:59:39Z,327,79edb38939c21380e823c44600e3680fd0f6d1e4
26812267759,Style,push,completed,cancelled,2026-06-02T09:54:12Z,2026-06-02T09:59:39Z,327,79edb38939c21380e823c44600e3680fd0f6d1e4
26812267716,Pyrefly,push,completed,cancelled,2026-06-02T09:54:12Z,2026-06-02T09:59:40Z,328,79edb38939c21380e823c44600e3680fd0f6d1e4
26812267736,Standalone example,push,completed,cancelled,2026-06-02T09:54:12Z,2026-06-02T09:59:55Z,343,79edb38939c21380e823c44600e3680fd0f6d1e4
26812267679,Mypy,push,completed,cancelled,2026-06-02T09:54:12Z,2026-06-02T09:59:54Z,342,79edb38939c21380e823c44600e3680fd0f6d1e4
26812267697,ci-debug-ubuntu,push,completed,cancelled,2026-06-02T09:54:12Z,2026-06-02T09:59:55Z,343,79edb38939c21380e823c44600e3680fd0f6d1e4
26812267724,ci-1-core,push,completed,cancelled,2026-06-02T09:54:12Z,2026-06-02T09:59:40Z,328,79edb38939c21380e823c44600e3680fd0f6d1e4
26812206031,clang-format,pull_request,completed,success,2026-06-02T09:52:56Z,2026-06-02T09:54:18Z,82,e7bc8b038962e31c26fe17f3f650de5c48a16f20
26812206032,Spelling,pull_request,completed,success,2026-06-02T09:52:56Z,2026-06-02T10:00:16Z,440,e7bc8b038962e31c26fe17f3f650de5c48a16f20
26812206055,Style,pull_request,completed,success,2026-06-02T09:52:56Z,2026-06-02T10:00:30Z,454,e7bc8b038962e31c26fe17f3f650de5c48a16f20
26812206096,Mypy,pull_request,completed,success,2026-06-02T09:52:56Z,2026-06-02T10:03:08Z,612,e7bc8b038962e31c26fe17f3f650de5c48a16f20
26812206063,ci-no-onnx,pull_request,completed,success,2026-06-02T09:52:56Z,2026-06-02T10:04:14Z,678,e7bc8b038962e31c26fe17f3f650de5c48a16f20
26812206039,Pyrefly,pull_request,completed,success,2026-06-02T09:52:56Z,2026-06-02T10:06:43Z,827,e7bc8b038962e31c26fe17f3f650de5c48a16f20
26812206102,Standalone example,pull_request,completed,cancelled,2026-06-02T09:52:56Z,2026-06-02T10:08:36Z,940,e7bc8b038962e31c26fe17f3f650de5c48a16f20
26812206066,ci-debug-ubuntu,pull_request,completed,cancelled,2026-06-02T09:52:56Z,2026-06-02T10:08:37Z,941,e7bc8b038962e31c26fe17f3f650de5c48a16f20
26812206042,ci-1-core,pull_request,completed,cancelled,2026-06-02T09:52:56Z,2026-06-02T10:08:24Z,928,e7bc8b038962e31c26fe17f3f650de5c48a16f20
26812118080,Addressing comment on PR #1534,dynamic,completed,success,2026-06-02T09:51:10Z,2026-06-02T09:53:03Z,113,904231bfd0ec599ac8222fd91a16ca5890a7d89b
26812073072,Build,workflow_run,completed,action_required,2026-06-02T09:50:17Z,2026-06-02T09:50:17Z,0,bed3dc4533f9f97c8df95701685860d1a1245f17
26811797697,Addressing comment on PR #1492,dynamic,completed,success,2026-06-02T09:44:43Z,2026-06-02T10:08:47Z,1444,ad3c11965b148738427fbd5293a557763405ec53
26811712561,ci-no-onnx,pull_request,completed,failure,2026-06-02T09:42:59Z,2026-06-02T09:54:04Z,665,619f3d7e61cdba30f8fc6b7c2b971cc303b4ff85
26811712616,Mypy,pull_request,completed,success,2026-06-02T09:42:59Z,2026-06-02T09:56:46Z,827,619f3d7e61cdba30f8fc6b7c2b971cc303b4ff85
26811712557,Standalone example,pull_request,completed,success,2026-06-02T09:42:59Z,2026-06-02T09:57:54Z,895,619f3d7e61cdba30f8fc6b7c2b971cc303b4ff85
26811712546,Pyrefly,pull_request,completed,success,2026-06-02T09:42:59Z,2026-06-02T09:58:12Z,913,619f3d7e61cdba30f8fc6b7c2b971cc303b4ff85
26811712867,ci-debug-ubuntu,pull_request,completed,failure,2026-06-02T09:42:59Z,2026-06-02T09:59:04Z,965,619f3d7e61cdba30f8fc6b7c2b971cc303b4ff85
26811712514,ci-1-core,pull_request,completed,failure,2026-06-02T09:42:59Z,2026-06-02T10:00:55Z,1076,619f3d7e61cdba30f8fc6b7c2b971cc303b4ff85
26811712570,Spelling,pull_request,completed,success,2026-06-02T09:42:59Z,2026-06-02T09:48:23Z,324,619f3d7e61cdba30f8fc6b7c2b971cc303b4ff85
26811712825,Style,pull_request,completed,success,2026-06-02T09:42:59Z,2026-06-02T09:48:41Z,342,619f3d7e61cdba30f8fc6b7c2b971cc303b4ff85
26811712523,clang-format,pull_request,completed,success,2026-06-02T09:42:59Z,2026-06-02T09:49:09Z,370,619f3d7e61cdba30f8fc6b7c2b971cc303b4ff85
26811651184,Build,workflow_run,completed,action_required,2026-06-02T09:41:45Z,2026-06-02T09:41:45Z,0,bed3dc4533f9f97c8df95701685860d1a1245f17
26811342489,Spelling,pull_request,completed,success,2026-06-02T09:35:39Z,2026-06-02T09:55:23Z,1184,36542bd79ce9069eb81f8e60c2038365d2d8d701
26811342839,ci-no-onnx,pull_request,completed,success,2026-06-02T09:35:39Z,2026-06-02T09:55:32Z,1193,36542bd79ce9069eb81f8e60c2038365d2d8d701
26811342583,Pyrefly,pull_request,completed,success,2026-06-02T09:35:39Z,2026-06-02T09:57:55Z,1336,36542bd79ce9069eb81f8e60c2038365d2d8d701
26811342522,Standalone example,pull_request,completed,success,2026-06-02T09:35:39Z,2026-06-02T09:59:04Z,1405,36542bd79ce9069eb81f8e60c2038365d2d8d701
26811342502,Style,pull_request,completed,success,2026-06-02T09:35:39Z,2026-06-02T09:59:05Z,1406,36542bd79ce9069eb81f8e60c2038365d2d8d701
26811342589,ci-debug-ubuntu,pull_request,completed,success,2026-06-02T09:35:39Z,2026-06-02T10:00:21Z,1482,36542bd79ce9069eb81f8e60c2038365d2d8d701
26811342540,Mypy,pull_request,completed,success,2026-06-02T09:35:39Z,2026-06-02T10:01:11Z,1532,36542bd79ce9069eb81f8e60c2038365d2d8d701
26811342894,clang-format,pull_request,completed,success,2026-06-02T09:35:39Z,2026-06-02T09:50:26Z,887,36542bd79ce9069eb81f8e60c2038365d2d8d701
26811342555,ci-1-core,pull_request,completed,success,2026-06-02T09:35:39Z,2026-06-02T10:19:09Z,2610,36542bd79ce9069eb81f8e60c2038365d2d8d701
26811200987,Addressing comment on PR #1489,dynamic,completed,success,2026-06-02T09:32:49Z,2026-06-02T09:38:39Z,350,3ebdfd771b1f99b3abe85096bf8c02976fc4df71
26811091691,Style,pull_request,completed,success,2026-06-02T09:30:40Z,2026-06-02T09:39:56Z,556,7c0c383f19adb8f1d819b491b85840557f54b5b0
26811091661,Spelling,pull_request,completed,success,2026-06-02T09:30:40Z,2026-06-02T09:40:05Z,565,7c0c383f19adb8f1d819b491b85840557f54b5b0
26811091790,clang-format,pull_request,completed,success,2026-06-02T09:30:40Z,2026-06-02T09:40:32Z,592,7c0c383f19adb8f1d819b491b85840557f54b5b0
26811091764,ci-debug-ubuntu,pull_request,completed,success,2026-06-02T09:30:40Z,2026-06-02T09:57:48Z,1628,7c0c383f19adb8f1d819b491b85840557f54b5b0
26811091752,ci-no-onnx,pull_request,completed,success,2026-06-02T09:30:40Z,2026-06-02T09:48:52Z,1092,7c0c383f19adb8f1d819b491b85840557f54b5b0
26811091634,Pyrefly,pull_request,completed,success,2026-06-02T09:30:40Z,2026-06-02T09:48:52Z,1092,7c0c383f19adb8f1d819b491b85840557f54b5b0
26811091872,Mypy,pull_request,completed,success,2026-06-02T09:30:40Z,2026-06-02T09:49:20Z,1120,7c0c383f19adb8f1d819b491b85840557f54b5b0
26811091705,Standalone example,pull_request,completed,success,2026-06-02T09:30:40Z,2026-06-02T09:51:26Z,1246,7c0c383f19adb8f1d819b491b85840557f54b5b0
26811091726,ci-1-core,pull_request,completed,success,2026-06-02T09:30:40Z,2026-06-02T10:17:45Z,2825,7c0c383f19adb8f1d819b491b85840557f54b5b0
26811058658,Spelling,pull_request,completed,success,2026-06-02T09:30:05Z,2026-06-02T09:38:50Z,525,d0cffa7b64c0ba0b5a47f0cd2513bdf3fb6559c0
26811058601,Style,pull_request,completed,success,2026-06-02T09:30:05Z,2026-06-02T09:39:33Z,568,d0cffa7b64c0ba0b5a47f0cd2513bdf3fb6559c0
26811058565,clang-format,pull_request,completed,success,2026-06-02T09:30:04Z,2026-06-02T09:37:26Z,442,d0cffa7b64c0ba0b5a47f0cd2513bdf3fb6559c0
26811058589,ci-debug-ubuntu,pull_request,completed,success,2026-06-02T09:30:04Z,2026-06-02T09:53:49Z,1425,d0cffa7b64c0ba0b5a47f0cd2513bdf3fb6559c0
26811058520,Mypy,pull_request,completed,success,2026-06-02T09:30:04Z,2026-06-02T09:54:36Z,1472,d0cffa7b64c0ba0b5a47f0cd2513bdf3fb6559c0
26811058605,Standalone example,pull_request,completed,success,2026-06-02T09:30:04Z,2026-06-02T09:47:43Z,1059,d0cffa7b64c0ba0b5a47f0cd2513bdf3fb6559c0
26811058500,Pyrefly,pull_request,completed,success,2026-06-02T09:30:04Z,2026-06-02T09:48:32Z,1108,d0cffa7b64c0ba0b5a47f0cd2513bdf3fb6559c0
26811058526,ci-no-onnx,pull_request,completed,success,2026-06-02T09:30:04Z,2026-06-02T09:49:11Z,1147,d0cffa7b64c0ba0b5a47f0cd2513bdf3fb6559c0
26811058532,ci-1-core,pull_request,completed,success,2026-06-02T09:30:04Z,2026-06-02T10:16:52Z,2808,d0cffa7b64c0ba0b5a47f0cd2513bdf3fb6559c0
26811031498,clang-format,pull_request,completed,success,2026-06-02T09:29:33Z,2026-06-02T09:36:11Z,398,3ebdfd771b1f99b3abe85096bf8c02976fc4df71
26811031578,Style,pull_request,completed,success,2026-06-02T09:29:33Z,2026-06-02T09:39:22Z,589,3ebdfd771b1f99b3abe85096bf8c02976fc4df71
26811031591,Spelling,pull_request,completed,success,2026-06-02T09:29:33Z,2026-06-02T09:39:55Z,622,3ebdfd771b1f99b3abe85096bf8c02976fc4df71
26811031482,Mypy,pull_request,completed,success,2026-06-02T09:29:33Z,2026-06-02T09:41:52Z,739,3ebdfd771b1f99b3abe85096bf8c02976fc4df71
26811031553,ci-no-onnx,pull_request,completed,success,2026-06-02T09:29:33Z,2026-06-02T09:42:42Z,789,3ebdfd771b1f99b3abe85096bf8c02976fc4df71
26811031541,Standalone example,pull_request,completed,success,2026-06-02T09:29:33Z,2026-06-02T09:45:37Z,964,3ebdfd771b1f99b3abe85096bf8c02976fc4df71
26811031543,Pyrefly,pull_request,completed,success,2026-06-02T09:29:33Z,2026-06-02T09:46:02Z,989,3ebdfd771b1f99b3abe85096bf8c02976fc4df71
26811031551,ci-debug-ubuntu,pull_request,completed,success,2026-06-02T09:29:33Z,2026-06-02T09:48:52Z,1159,3ebdfd771b1f99b3abe85096bf8c02976fc4df71
26811031652,ci-1-core,pull_request,completed,success,2026-06-02T09:29:33Z,2026-06-02T10:10:19Z,2446,3ebdfd771b1f99b3abe85096bf8c02976fc4df71
26810945931,Addressing comment on PR #1489,dynamic,completed,success,2026-06-02T09:27:53Z,2026-06-02T09:29:42Z,109,c1508ceeb0cfb3ffd9054214fe99d244d4015a19
26810944101,Addressing comment on PR #1493,dynamic,completed,success,2026-06-02T09:27:51Z,2026-06-02T09:43:13Z,922,c389add8ba36c17eb80af23bafaff7addb08a543
26810943638,Addressing comment on PR #1494,dynamic,completed,success,2026-06-02T09:27:50Z,2026-06-02T09:30:18Z,148,a26e145f671d6d0755ab78b564f5f6d192f29d86
26810941390,clang-format,pull_request,completed,success,2026-06-02T09:27:48Z,2026-06-02T09:39:46Z,718,904231bfd0ec599ac8222fd91a16ca5890a7d89b
26810940835,Style,pull_request,completed,success,2026-06-02T09:27:47Z,2026-06-02T09:35:50Z,483,904231bfd0ec599ac8222fd91a16ca5890a7d89b
26810940921,Spelling,pull_request,completed,success,2026-06-02T09:27:47Z,2026-06-02T09:39:03Z,676,904231bfd0ec599ac8222fd91a16ca5890a7d89b
26810941001,Mypy,pull_request,completed,success,2026-06-02T09:27:47Z,2026-06-02T09:45:51Z,1084,904231bfd0ec599ac8222fd91a16ca5890a7d89b
26810940907,ci-no-onnx,pull_request,completed,success,2026-06-02T09:27:47Z,2026-06-02T09:46:46Z,1139,904231bfd0ec599ac8222fd91a16ca5890a7d89b
26810941076,ci-debug-ubuntu,pull_request,completed,failure,2026-06-02T09:27:47Z,2026-06-02T09:48:09Z,1222,904231bfd0ec599ac8222fd91a16ca5890a7d89b
26810941018,Pyrefly,pull_request,completed,success,2026-06-02T09:27:47Z,2026-06-02T09:48:13Z,1226,904231bfd0ec599ac8222fd91a16ca5890a7d89b
26810940859,ci-1-core,pull_request,completed,failure,2026-06-02T09:27:47Z,2026-06-02T09:50:13Z,1346,904231bfd0ec599ac8222fd91a16ca5890a7d89b
26810940976,Standalone example,pull_request,completed,success,2026-06-02T09:27:47Z,2026-06-02T09:52:18Z,1471,904231bfd0ec599ac8222fd91a16ca5890a7d89b
26810876288,Build,workflow_run,completed,skipped,2026-06-02T09:26:29Z,2026-06-02T09:26:31Z,2,bed3dc4533f9f97c8df95701685860d1a1245f17
26810864477,Running Copilot cloud agent,dynamic,completed,success,2026-06-02T09:26:14Z,2026-06-02T09:31:34Z,320,6fcf84c8c34cd7459899359efaa7ba196d6d3a2c
26810742807,Standalone example,pull_request,completed,success,2026-06-02T09:23:49Z,2026-06-02T09:37:13Z,804,ad3c11965b148738427fbd5293a557763405ec53
26810742853,Pyrefly,pull_request,completed,success,2026-06-02T09:23:49Z,2026-06-02T09:38:14Z,865,ad3c11965b148738427fbd5293a557763405ec53
26810742670,Mypy,pull_request,completed,success,2026-06-02T09:23:49Z,2026-06-02T09:38:36Z,887,ad3c11965b148738427fbd5293a557763405ec53
26810742884,ci-no-onnx,pull_request,completed,cancelled,2026-06-02T09:23:49Z,2026-06-02T09:39:56Z,967,ad3c11965b148738427fbd5293a557763405ec53
26810742798,ci-debug-ubuntu,pull_request,completed,failure,2026-06-02T09:23:49Z,2026-06-02T09:40:34Z,1005,ad3c11965b148738427fbd5293a557763405ec53
26810742790,ci-1-core,pull_request,completed,failure,2026-06-02T09:23:49Z,2026-06-02T09:41:40Z,1071,ad3c11965b148738427fbd5293a557763405ec53
26810742736,Style,pull_request,completed,success,2026-06-02T09:23:49Z,2026-06-02T09:29:30Z,341,ad3c11965b148738427fbd5293a557763405ec53
26810742917,clang-format,pull_request,completed,success,2026-06-02T09:23:49Z,2026-06-02T09:29:51Z,362,ad3c11965b148738427fbd5293a557763405ec53
26810742762,Spelling,pull_request,completed,success,2026-06-02T09:23:49Z,2026-06-02T09:30:14Z,385,ad3c11965b148738427fbd5293a557763405ec53
26810725365,Build,workflow_run,completed,action_required,2026-06-02T09:23:28Z,2026-06-02T09:23:28Z,0,bed3dc4533f9f97c8df95701685860d1a1245f17
26810268095,Build,workflow_run,completed,skipped,2026-06-02T09:14:15Z,2026-06-02T09:14:17Z,2,bed3dc4533f9f97c8df95701685860d1a1245f17
26810251202,Pyrefly,push,completed,success,2026-06-02T09:13:55Z,2026-06-02T09:22:00Z,485,bed3dc4533f9f97c8df95701685860d1a1245f17
26810251171,Mypy,push,completed,success,2026-06-02T09:13:55Z,2026-06-02T09:22:30Z,515,bed3dc4533f9f97c8df95701685860d1a1245f17
26810251142,ci-no-onnx,push,completed,cancelled,2026-06-02T09:13:55Z,2026-06-02T09:24:13Z,618,bed3dc4533f9f97c8df95701685860d1a1245f17
26810251251,ci-debug-ubuntu,push,completed,success,2026-06-02T09:13:55Z,2026-06-02T09:25:27Z,692,bed3dc4533f9f97c8df95701685860d1a1245f17
26810251180,ci-1-core,push,completed,cancelled,2026-06-02T09:13:55Z,2026-06-02T09:26:24Z,749,bed3dc4533f9f97c8df95701685860d1a1245f17
26810251288,Spelling,push,completed,success,2026-06-02T09:13:55Z,2026-06-02T09:14:10Z,15,bed3dc4533f9f97c8df95701685860d1a1245f17
26810251200,Style,push,completed,success,2026-06-02T09:13:55Z,2026-06-02T09:14:05Z,10,bed3dc4533f9f97c8df95701685860d1a1245f17
26810251213,clang-format,push,completed,success,2026-06-02T09:13:55Z,2026-06-02T09:14:10Z,15,bed3dc4533f9f97c8df95701685860d1a1245f17
26810251186,Standalone example,push,completed,success,2026-06-02T09:13:55Z,2026-06-02T09:20:02Z,367,bed3dc4533f9f97c8df95701685860d1a1245f17
26810088894,Build,workflow_run,completed,action_required,2026-06-02T09:10:36Z,2026-06-02T09:10:36Z,0,69efd18b5be20ae11dab43c4c8447ce7f32cf918
26810044047,Running Copilot cloud agent,dynamic,completed,success,2026-06-02T09:09:41Z,2026-06-02T09:39:11Z,1770,eb59af924c6779b439c4cad39ab3209462a9cdbe
26810002748,ci-no-onnx,pull_request,completed,failure,2026-06-02T09:08:49Z,2026-06-02T09:23:04Z,855,c389add8ba36c17eb80af23bafaff7addb08a543
26810002772,Pyrefly,pull_request,completed,success,2026-06-02T09:08:49Z,2026-06-02T09:22:56Z,847,c389add8ba36c17eb80af23bafaff7addb08a543
26810002723,Mypy,pull_request,completed,success,2026-06-02T09:08:49Z,2026-06-02T09:23:21Z,872,c389add8ba36c17eb80af23bafaff7addb08a543
26810002733,ci-1-core,pull_request,completed,failure,2026-06-02T09:08:49Z,2026-06-02T09:23:25Z,876,c389add8ba36c17eb80af23bafaff7addb08a543
26810002658,ci-debug-ubuntu,pull_request,completed,failure,2026-06-02T09:08:49Z,2026-06-02T09:25:03Z,974,c389add8ba36c17eb80af23bafaff7addb08a543
26810002471,Style,pull_request,completed,success,2026-06-02T09:08:49Z,2026-06-02T09:14:33Z,344,c389add8ba36c17eb80af23bafaff7addb08a543
26810002674,Spelling,pull_request,completed,success,2026-06-02T09:08:49Z,2026-06-02T09:14:43Z,354,c389add8ba36c17eb80af23bafaff7addb08a543
26810002229,Standalone example,pull_request,completed,success,2026-06-02T09:08:48Z,2026-06-02T09:24:11Z,923,c389add8ba36c17eb80af23bafaff7addb08a543
26810002216,clang-format,pull_request,completed,success,2026-06-02T09:08:48Z,2026-06-02T09:14:33Z,345,c389add8ba36c17eb80af23bafaff7addb08a543
26809825525,Build,workflow_run,completed,action_required,2026-06-02T09:05:09Z,2026-06-02T09:05:09Z,0,69efd18b5be20ae11dab43c4c8447ce7f32cf918
26809731629,Build,workflow_run,completed,action_required,2026-06-02T09:03:16Z,2026-06-02T09:03:16Z,0,69efd18b5be20ae11dab43c4c8447ce7f32cf918
26809450611,Build,workflow_run,completed,skipped,2026-06-02T08:57:44Z,2026-06-02T08:57:46Z,2,69efd18b5be20ae11dab43c4c8447ce7f32cf918
26809444970,Spelling,push,completed,success,2026-06-02T08:57:38Z,2026-06-02T09:05:29Z,471,69efd18b5be20ae11dab43c4c8447ce7f32cf918
26809444940,clang-format,push,completed,success,2026-06-02T08:57:38Z,2026-06-02T09:06:33Z,535,69efd18b5be20ae11dab43c4c8447ce7f32cf918
26809444983,Standalone example,push,completed,success,2026-06-02T08:57:38Z,2026-06-02T09:12:56Z,918,69efd18b5be20ae11dab43c4c8447ce7f32cf918
26809445152,ci-1-core,push,completed,cancelled,2026-06-02T08:57:38Z,2026-06-02T09:14:12Z,994,69efd18b5be20ae11dab43c4c8447ce7f32cf918
26809445456,Mypy,push,completed,cancelled,2026-06-02T08:57:38Z,2026-06-02T09:14:11Z,993,69efd18b5be20ae11dab43c4c8447ce7f32cf918
26809444772,Style,push,completed,success,2026-06-02T08:57:37Z,2026-06-02T09:05:18Z,461,69efd18b5be20ae11dab43c4c8447ce7f32cf918
26809444574,ci-no-onnx,push,completed,success,2026-06-02T08:57:37Z,2026-06-02T09:09:43Z,726,69efd18b5be20ae11dab43c4c8447ce7f32cf918
26809444785,Pyrefly,push,completed,success,2026-06-02T08:57:37Z,2026-06-02T09:09:58Z,741,69efd18b5be20ae11dab43c4c8447ce7f32cf918
26809444930,ci-debug-ubuntu,push,completed,cancelled,2026-06-02T08:57:37Z,2026-06-02T09:14:13Z,996,69efd18b5be20ae11dab43c4c8447ce7f32cf918
26809444689,Documentation,push,completed,failure,2026-06-02T08:57:37Z,2026-06-02T09:16:57Z,1160,69efd18b5be20ae11dab43c4c8447ce7f32cf918
26809185052,Running Copilot cloud agent,dynamic,completed,success,2026-06-02T08:52:30Z,2026-06-02T09:31:41Z,2351,705a8aff046e951c2b4beecf0f14b6f92e03aba6
26808685129,Running Copilot cloud agent,dynamic,completed,success,2026-06-02T08:42:40Z,2026-06-02T09:25:44Z,2584,23a8ba1eb28bdb250dc75b5c213786ad93a20ae8
26808681449,Running Copilot cloud agent,dynamic,completed,success,2026-06-02T08:42:36Z,2026-06-02T09:09:10Z,1594,d5ae34d630137cf010aabafc5ae5d58bbeb62fba
26808680491,Running Copilot cloud agent,dynamic,completed,success,2026-06-02T08:42:35Z,2026-06-02T09:27:18Z,2683,48c2a187d90ca7892f1b3372ed92e1eae4c2a9cc
