run_id,workflow,event,status,conclusion,created_at,updated_at,duration_seconds,head_sha
26625040889,ci-3-tensorflow,schedule,completed,success,2026-05-29T07:46:19Z,2026-05-29T07:55:16Z,537,3ca04399b06c2f59e5bcadb55d2cd480cfe6547e
26624969981,ci-7-sql,schedule,completed,success,2026-05-29T07:44:42Z,2026-05-29T07:46:04Z,82,3ca04399b06c2f59e5bcadb55d2cd480cfe6547e
26622552813,ci-8-transformers,schedule,completed,success,2026-05-29T06:44:33Z,2026-05-29T06:50:36Z,363,3ca04399b06c2f59e5bcadb55d2cd480cfe6547e
26604483167,Style,push,completed,success,2026-05-28T21:53:19Z,2026-05-28T21:53:29Z,10,3ca04399b06c2f59e5bcadb55d2cd480cfe6547e
26604483113,Build,push,completed,success,2026-05-28T21:53:19Z,2026-05-28T21:53:38Z,19,3ca04399b06c2f59e5bcadb55d2cd480cfe6547e
26604483166,Spelling,push,completed,success,2026-05-28T21:53:19Z,2026-05-28T21:53:31Z,12,3ca04399b06c2f59e5bcadb55d2cd480cfe6547e
26604483174,ci-6-litert,push,completed,success,2026-05-28T21:53:19Z,2026-05-28T21:54:30Z,71,3ca04399b06c2f59e5bcadb55d2cd480cfe6547e
26604483170,ci-7-sql,push,completed,success,2026-05-28T21:53:19Z,2026-05-28T21:54:50Z,91,3ca04399b06c2f59e5bcadb55d2cd480cfe6547e
26604483157,Pyrefly,push,completed,success,2026-05-28T21:53:19Z,2026-05-28T21:55:08Z,109,3ca04399b06c2f59e5bcadb55d2cd480cfe6547e
26604483172,Mypy,push,completed,success,2026-05-28T21:53:19Z,2026-05-28T21:56:12Z,173,3ca04399b06c2f59e5bcadb55d2cd480cfe6547e
26604483164,ci-1-core,push,completed,success,2026-05-28T21:53:19Z,2026-05-28T21:57:16Z,237,3ca04399b06c2f59e5bcadb55d2cd480cfe6547e
26604483165,ci-2-scikit-learn,push,completed,success,2026-05-28T21:53:19Z,2026-05-28T21:57:44Z,265,3ca04399b06c2f59e5bcadb55d2cd480cfe6547e
26604483161,ci-3-tensorflow,push,completed,success,2026-05-28T21:53:19Z,2026-05-28T21:58:38Z,319,3ca04399b06c2f59e5bcadb55d2cd480cfe6547e
26604483267,ci-8-transformers,push,completed,success,2026-05-28T21:53:19Z,2026-05-28T21:59:25Z,366,3ca04399b06c2f59e5bcadb55d2cd480cfe6547e
26604483160,ci-9-transformers,push,completed,success,2026-05-28T21:53:19Z,2026-05-28T22:00:56Z,457,3ca04399b06c2f59e5bcadb55d2cd480cfe6547e
26604483114,ci-4-torch,push,completed,success,2026-05-28T21:53:19Z,2026-05-28T22:01:52Z,513,3ca04399b06c2f59e5bcadb55d2cd480cfe6547e
26604483168,ci-5-torch,push,completed,success,2026-05-28T21:53:19Z,2026-05-28T22:06:21Z,782,3ca04399b06c2f59e5bcadb55d2cd480cfe6547e
26604483200,ci-10-torch-op-db,push,completed,success,2026-05-28T21:53:19Z,2026-05-28T22:12:19Z,1140,3ca04399b06c2f59e5bcadb55d2cd480cfe6547e
26599870706,ci-3-tensorflow,pull_request,completed,success,2026-05-28T20:19:20Z,2026-05-28T21:08:34Z,2954,f5aa4fe4917e6f330ab214159075e38b21765fa5
26599870297,ci-8-transformers,pull_request,completed,success,2026-05-28T20:19:20Z,2026-05-28T21:09:31Z,3011,f5aa4fe4917e6f330ab214159075e38b21765fa5
26599870375,ci-9-transformers,pull_request,completed,success,2026-05-28T20:19:20Z,2026-05-28T21:10:27Z,3067,f5aa4fe4917e6f330ab214159075e38b21765fa5
26599870689,ci-4-torch,pull_request,completed,success,2026-05-28T20:19:20Z,2026-05-28T21:11:48Z,3148,f5aa4fe4917e6f330ab214159075e38b21765fa5
26599870562,ci-5-torch,pull_request,completed,success,2026-05-28T20:19:20Z,2026-05-28T21:16:37Z,3437,f5aa4fe4917e6f330ab214159075e38b21765fa5
26599870563,Style,pull_request,completed,success,2026-05-28T20:19:20Z,2026-05-28T21:03:18Z,2638,f5aa4fe4917e6f330ab214159075e38b21765fa5
26599870420,ci-6-litert,pull_request,completed,success,2026-05-28T20:19:20Z,2026-05-28T21:04:21Z,2701,f5aa4fe4917e6f330ab214159075e38b21765fa5
26599869976,ci-2-scikit-learn,pull_request,completed,success,2026-05-28T20:19:19Z,2026-05-28T21:07:26Z,2887,f5aa4fe4917e6f330ab214159075e38b21765fa5
26599869977,ci-10-torch-op-db,pull_request,completed,success,2026-05-28T20:19:19Z,2026-05-28T21:22:00Z,3761,f5aa4fe4917e6f330ab214159075e38b21765fa5
26599869458,Spelling,pull_request,completed,success,2026-05-28T20:19:19Z,2026-05-28T21:03:14Z,2635,f5aa4fe4917e6f330ab214159075e38b21765fa5
26599869908,Build,pull_request,completed,success,2026-05-28T20:19:19Z,2026-05-28T21:03:23Z,2644,f5aa4fe4917e6f330ab214159075e38b21765fa5
26599869513,PR – report impacted subfolders,pull_request,completed,success,2026-05-28T20:19:19Z,2026-05-28T21:03:13Z,2634,f5aa4fe4917e6f330ab214159075e38b21765fa5
26599869464,ci-7-sql,pull_request,completed,success,2026-05-28T20:19:19Z,2026-05-28T21:04:28Z,2709,f5aa4fe4917e6f330ab214159075e38b21765fa5
26599869472,Pyrefly,pull_request,completed,success,2026-05-28T20:19:19Z,2026-05-28T21:04:58Z,2739,f5aa4fe4917e6f330ab214159075e38b21765fa5
26599869463,Mypy,pull_request,completed,success,2026-05-28T20:19:19Z,2026-05-28T21:06:05Z,2806,f5aa4fe4917e6f330ab214159075e38b21765fa5
26599869819,ci-1-core,pull_request,completed,success,2026-05-28T20:19:19Z,2026-05-28T21:07:09Z,2870,f5aa4fe4917e6f330ab214159075e38b21765fa5
26599779991,Addressing comment on PR #2269,dynamic,completed,success,2026-05-28T20:17:32Z,2026-05-28T20:19:32Z,120,c2f0536e85c837a69fa2219c170855a96756a2b8
26599212856,Addressing comment on PR #2269,dynamic,completed,success,2026-05-28T20:06:05Z,2026-05-28T20:08:44Z,159,164c63b3c3ef9c8778d994b93a6e65562c73546b
26599154155,Addressing comment on PR #2269,dynamic,completed,success,2026-05-28T20:04:55Z,2026-05-28T20:05:57Z,62,164c63b3c3ef9c8778d994b93a6e65562c73546b
26599049762,Addressing comment on PR #2269,dynamic,completed,success,2026-05-28T20:02:51Z,2026-05-28T20:04:43Z,112,d6a7d1dbb6e255cfda1e672ac3659191900d0e50
26598963323,Addressing comment on PR #2269,dynamic,completed,success,2026-05-28T20:01:11Z,2026-05-28T20:02:44Z,93,1d9a8f413fa694f8bce69c708012782360f3f47f
26598182719,Running Copilot cloud agent,dynamic,completed,success,2026-05-28T19:46:30Z,2026-05-28T19:56:40Z,610,af6085412821e7199b29297855fcc7c10bee93a0
26597979526,Spelling,push,completed,success,2026-05-28T19:42:35Z,2026-05-28T19:42:48Z,13,09940d4934d1a1fa73d5fd83aead7843d5252fc6
26597979483,Style,push,completed,success,2026-05-28T19:42:35Z,2026-05-28T19:42:44Z,9,09940d4934d1a1fa73d5fd83aead7843d5252fc6
26597979245,Build,push,completed,success,2026-05-28T19:42:35Z,2026-05-28T19:42:54Z,19,09940d4934d1a1fa73d5fd83aead7843d5252fc6
26597979459,ci-6-litert,push,completed,success,2026-05-28T19:42:35Z,2026-05-28T19:43:41Z,66,09940d4934d1a1fa73d5fd83aead7843d5252fc6
26597979370,ci-7-sql,push,completed,success,2026-05-28T19:42:35Z,2026-05-28T19:44:00Z,85,09940d4934d1a1fa73d5fd83aead7843d5252fc6
26597979464,Pyrefly,push,completed,success,2026-05-28T19:42:35Z,2026-05-28T19:44:29Z,114,09940d4934d1a1fa73d5fd83aead7843d5252fc6
26597979359,Mypy,push,completed,success,2026-05-28T19:42:35Z,2026-05-28T19:45:42Z,187,09940d4934d1a1fa73d5fd83aead7843d5252fc6
26597979366,ci-2-scikit-learn,push,completed,success,2026-05-28T19:42:35Z,2026-05-28T19:46:16Z,221,09940d4934d1a1fa73d5fd83aead7843d5252fc6
26597979365,ci-1-core,push,completed,success,2026-05-28T19:42:35Z,2026-05-28T19:46:29Z,234,09940d4934d1a1fa73d5fd83aead7843d5252fc6
26597979262,ci-3-tensorflow,push,completed,success,2026-05-28T19:42:35Z,2026-05-28T19:47:51Z,316,09940d4934d1a1fa73d5fd83aead7843d5252fc6
26597979360,ci-8-transformers,push,completed,success,2026-05-28T19:42:35Z,2026-05-28T19:48:33Z,358,09940d4934d1a1fa73d5fd83aead7843d5252fc6
26597979377,ci-9-transformers,push,completed,success,2026-05-28T19:42:35Z,2026-05-28T19:50:14Z,459,09940d4934d1a1fa73d5fd83aead7843d5252fc6
26597979362,ci-10-torch-op-db,push,completed,success,2026-05-28T19:42:35Z,2026-05-28T20:01:27Z,1132,09940d4934d1a1fa73d5fd83aead7843d5252fc6
26597979465,ci-5-torch,push,completed,success,2026-05-28T19:42:35Z,2026-05-28T19:56:30Z,835,09940d4934d1a1fa73d5fd83aead7843d5252fc6
26597979248,ci-4-torch,push,completed,success,2026-05-28T19:42:34Z,2026-05-28T19:51:18Z,524,09940d4934d1a1fa73d5fd83aead7843d5252fc6
26596892127,Style,push,completed,success,2026-05-28T19:21:20Z,2026-05-28T19:21:30Z,10,835a6f873e3f6263c477fec532d34f066a7218c3
26596891967,Build,push,completed,success,2026-05-28T19:21:20Z,2026-05-28T19:21:37Z,17,835a6f873e3f6263c477fec532d34f066a7218c3
26596892056,Spelling,push,completed,success,2026-05-28T19:21:20Z,2026-05-28T19:21:33Z,13,835a6f873e3f6263c477fec532d34f066a7218c3
26596892066,ci-6-litert,push,completed,success,2026-05-28T19:21:20Z,2026-05-28T19:22:31Z,71,835a6f873e3f6263c477fec532d34f066a7218c3
26596892058,ci-7-sql,push,completed,success,2026-05-28T19:21:20Z,2026-05-28T19:22:49Z,89,835a6f873e3f6263c477fec532d34f066a7218c3
26596892075,Pyrefly,push,completed,success,2026-05-28T19:21:20Z,2026-05-28T19:23:12Z,112,835a6f873e3f6263c477fec532d34f066a7218c3
26596892076,Mypy,push,completed,success,2026-05-28T19:21:20Z,2026-05-28T19:24:25Z,185,835a6f873e3f6263c477fec532d34f066a7218c3
26596892126,ci-1-core,push,completed,success,2026-05-28T19:21:20Z,2026-05-28T19:26:15Z,295,835a6f873e3f6263c477fec532d34f066a7218c3
26596892063,ci-3-tensorflow,push,completed,success,2026-05-28T19:21:20Z,2026-05-28T19:26:41Z,321,835a6f873e3f6263c477fec532d34f066a7218c3
26596891972,ci-9-transformers,push,completed,success,2026-05-28T19:21:20Z,2026-05-28T19:27:11Z,351,835a6f873e3f6263c477fec532d34f066a7218c3
26596892123,ci-10-torch-op-db,push,completed,success,2026-05-28T19:21:20Z,2026-05-28T19:39:51Z,1111,835a6f873e3f6263c477fec532d34f066a7218c3
26596892062,ci-2-scikit-learn,push,completed,success,2026-05-28T19:21:20Z,2026-05-28T19:28:11Z,411,835a6f873e3f6263c477fec532d34f066a7218c3
26596892069,ci-4-torch,push,completed,success,2026-05-28T19:21:20Z,2026-05-28T19:29:39Z,499,835a6f873e3f6263c477fec532d34f066a7218c3
26596892068,ci-8-transformers,push,completed,success,2026-05-28T19:21:20Z,2026-05-28T19:30:05Z,525,835a6f873e3f6263c477fec532d34f066a7218c3
26596891973,Documentation,push,completed,success,2026-05-28T19:21:20Z,2026-05-28T19:33:59Z,759,835a6f873e3f6263c477fec532d34f066a7218c3
26596892065,ci-5-torch,push,completed,success,2026-05-28T19:21:20Z,2026-05-28T19:34:26Z,786,835a6f873e3f6263c477fec532d34f066a7218c3
26592183453,PR – report impacted subfolders,pull_request,completed,cancelled,2026-05-28T17:50:48Z,2026-05-28T17:51:36Z,48,1705693803833f40a763a2e6f89d7f17b8968052
26592179671,PR – report impacted subfolders,pull_request,completed,success,2026-05-28T17:50:44Z,2026-05-28T17:51:48Z,64,1705693803833f40a763a2e6f89d7f17b8968052
26592177235,ci-6-litert,pull_request,completed,success,2026-05-28T17:50:42Z,2026-05-28T17:52:45Z,123,1705693803833f40a763a2e6f89d7f17b8968052
26592177187,ci-7-sql,pull_request,completed,success,2026-05-28T17:50:42Z,2026-05-28T17:52:57Z,135,1705693803833f40a763a2e6f89d7f17b8968052
26592177182,ci-3-tensorflow,pull_request,completed,success,2026-05-28T17:50:41Z,2026-05-28T17:56:47Z,366,1705693803833f40a763a2e6f89d7f17b8968052
26592177183,ci-2-scikit-learn,pull_request,completed,success,2026-05-28T17:50:41Z,2026-05-28T17:56:48Z,367,1705693803833f40a763a2e6f89d7f17b8968052
26592177250,ci-8-transformers,pull_request,completed,success,2026-05-28T17:50:41Z,2026-05-28T17:57:18Z,397,1705693803833f40a763a2e6f89d7f17b8968052
26592177232,ci-9-transformers,pull_request,completed,success,2026-05-28T17:50:41Z,2026-05-28T17:59:35Z,534,1705693803833f40a763a2e6f89d7f17b8968052
26592177185,ci-4-torch,pull_request,completed,failure,2026-05-28T17:50:41Z,2026-05-28T18:00:17Z,576,1705693803833f40a763a2e6f89d7f17b8968052
26592177184,ci-5-torch,pull_request,completed,success,2026-05-28T17:50:41Z,2026-05-28T18:04:52Z,851,1705693803833f40a763a2e6f89d7f17b8968052
26592177128,Documentation,pull_request,completed,success,2026-05-28T17:50:41Z,2026-05-28T18:05:40Z,899,1705693803833f40a763a2e6f89d7f17b8968052
26592177130,ci-10-torch-op-db,pull_request,completed,success,2026-05-28T17:50:41Z,2026-05-28T18:10:32Z,1191,1705693803833f40a763a2e6f89d7f17b8968052
26592177125,Spelling,pull_request,completed,success,2026-05-28T17:50:41Z,2026-05-28T17:51:42Z,61,1705693803833f40a763a2e6f89d7f17b8968052
26592177033,PR – report impacted subfolders,pull_request,completed,cancelled,2026-05-28T17:50:41Z,2026-05-28T17:51:36Z,55,1705693803833f40a763a2e6f89d7f17b8968052
26592177240,Style,pull_request,completed,success,2026-05-28T17:50:41Z,2026-05-28T17:51:47Z,66,1705693803833f40a763a2e6f89d7f17b8968052
26592177181,Build,pull_request,completed,success,2026-05-28T17:50:41Z,2026-05-28T17:51:47Z,66,1705693803833f40a763a2e6f89d7f17b8968052
26592177189,Pyrefly,pull_request,completed,success,2026-05-28T17:50:41Z,2026-05-28T17:53:27Z,166,1705693803833f40a763a2e6f89d7f17b8968052
26592177124,Mypy,pull_request,completed,success,2026-05-28T17:50:41Z,2026-05-28T17:54:33Z,232,1705693803833f40a763a2e6f89d7f17b8968052
26592177126,ci-1-core,pull_request,completed,success,2026-05-28T17:50:41Z,2026-05-28T17:55:45Z,304,1705693803833f40a763a2e6f89d7f17b8968052
26592099376,Running Copilot cloud agent,dynamic,completed,success,2026-05-28T17:49:17Z,2026-05-28T17:50:52Z,95,77b0096f4297e21cca1ad94b0d4334b6c8296c18
26564147284,ci-10-gallery-transformers,schedule,completed,success,2026-05-28T08:37:44Z,2026-05-28T08:39:41Z,117,f6595bed92404713fe7bbbade00dc36b2db52559
26562711303,ci-6-litert,schedule,completed,success,2026-05-28T08:06:09Z,2026-05-28T08:08:05Z,116,f6595bed92404713fe7bbbade00dc36b2db52559
26562602696,ci-9-transformers,schedule,completed,success,2026-05-28T08:03:43Z,2026-05-28T08:12:59Z,556,f6595bed92404713fe7bbbade00dc36b2db52559
26562200514,ci-2-scikit-learn,schedule,completed,success,2026-05-28T07:54:51Z,2026-05-28T07:59:14Z,263,f6595bed92404713fe7bbbade00dc36b2db52559
26561923527,ci-3-tensorflow,schedule,completed,success,2026-05-28T07:48:38Z,2026-05-28T07:53:59Z,321,f6595bed92404713fe7bbbade00dc36b2db52559
26561817048,ci-7-sql,schedule,completed,success,2026-05-28T07:46:15Z,2026-05-28T07:47:28Z,73,f6595bed92404713fe7bbbade00dc36b2db52559
26559191894,ci-8-transformers,schedule,completed,success,2026-05-28T06:42:35Z,2026-05-28T06:48:32Z,357,f6595bed92404713fe7bbbade00dc36b2db52559
26543860126,Style,pull_request,completed,success,2026-05-27T23:02:34Z,2026-05-28T19:23:56Z,73282,e434d74beb6413f0ce3c7cc0ad77ac22edffdaea
26543860091,PR – report impacted subfolders,pull_request,completed,success,2026-05-27T23:02:34Z,2026-05-28T19:25:01Z,73347,e434d74beb6413f0ce3c7cc0ad77ac22edffdaea
26543860096,Spelling,pull_request,completed,success,2026-05-27T23:02:34Z,2026-05-28T19:25:35Z,73381,e434d74beb6413f0ce3c7cc0ad77ac22edffdaea
26543860079,Build,pull_request,completed,success,2026-05-27T23:02:34Z,2026-05-28T19:25:26Z,73372,e434d74beb6413f0ce3c7cc0ad77ac22edffdaea
26543860100,Mypy,pull_request,completed,success,2026-05-27T23:02:34Z,2026-05-28T19:26:09Z,73415,e434d74beb6413f0ce3c7cc0ad77ac22edffdaea
26543860122,Pyrefly,pull_request,completed,success,2026-05-27T23:02:34Z,2026-05-28T19:27:50Z,73516,e434d74beb6413f0ce3c7cc0ad77ac22edffdaea
26543860124,ci-8-transformers,pull_request,completed,success,2026-05-27T23:02:34Z,2026-05-28T19:36:08Z,74014,e434d74beb6413f0ce3c7cc0ad77ac22edffdaea
26543860125,ci-9-transformers,pull_request,completed,success,2026-05-27T23:02:34Z,2026-05-28T19:35:53Z,73999,e434d74beb6413f0ce3c7cc0ad77ac22edffdaea
26543860130,ci-4-torch,pull_request,completed,success,2026-05-27T23:02:34Z,2026-05-28T19:37:54Z,74120,e434d74beb6413f0ce3c7cc0ad77ac22edffdaea
26543860143,ci-10-torch-op-db,pull_request,completed,success,2026-05-27T23:02:34Z,2026-05-28T19:41:38Z,74344,e434d74beb6413f0ce3c7cc0ad77ac22edffdaea
26543860129,ci-5-torch,pull_request,completed,success,2026-05-27T23:02:34Z,2026-05-28T19:41:54Z,74360,e434d74beb6413f0ce3c7cc0ad77ac22edffdaea
26543860123,ci-7-sql,pull_request,completed,success,2026-05-27T23:02:34Z,2026-05-28T19:28:16Z,73542,e434d74beb6413f0ce3c7cc0ad77ac22edffdaea
26543860127,ci-6-litert,pull_request,completed,success,2026-05-27T23:02:34Z,2026-05-28T19:29:18Z,73604,e434d74beb6413f0ce3c7cc0ad77ac22edffdaea
26543860090,ci-1-core,pull_request,completed,success,2026-05-27T23:02:34Z,2026-05-28T19:30:31Z,73677,e434d74beb6413f0ce3c7cc0ad77ac22edffdaea
26543860121,ci-3-tensorflow,pull_request,completed,success,2026-05-27T23:02:34Z,2026-05-28T19:31:41Z,73747,e434d74beb6413f0ce3c7cc0ad77ac22edffdaea
26543860128,ci-2-scikit-learn,pull_request,completed,success,2026-05-27T23:02:34Z,2026-05-28T19:32:36Z,73802,e434d74beb6413f0ce3c7cc0ad77ac22edffdaea
26543490022,Build,push,completed,success,2026-05-27T22:53:13Z,2026-05-27T22:59:54Z,401,f6595bed92404713fe7bbbade00dc36b2db52559
26543490002,Mypy,push,completed,success,2026-05-27T22:53:13Z,2026-05-27T23:00:51Z,458,f6595bed92404713fe7bbbade00dc36b2db52559
26543490072,ci-8-transformers,push,completed,success,2026-05-27T22:53:13Z,2026-05-27T23:01:57Z,524,f6595bed92404713fe7bbbade00dc36b2db52559
26543490017,ci-1-core,push,completed,success,2026-05-27T22:53:13Z,2026-05-27T23:02:59Z,586,f6595bed92404713fe7bbbade00dc36b2db52559
26543490111,ci-7-sql,push,completed,success,2026-05-27T22:53:13Z,2026-05-27T23:02:36Z,563,f6595bed92404713fe7bbbade00dc36b2db52559
26543490027,ci-2-scikit-learn,push,completed,success,2026-05-27T22:53:13Z,2026-05-27T23:04:57Z,704,f6595bed92404713fe7bbbade00dc36b2db52559
26543490109,ci-3-tensorflow,push,completed,success,2026-05-27T22:53:13Z,2026-05-27T23:05:55Z,762,f6595bed92404713fe7bbbade00dc36b2db52559
26543490112,ci-4-torch,push,completed,success,2026-05-27T22:53:13Z,2026-05-27T23:08:15Z,902,f6595bed92404713fe7bbbade00dc36b2db52559
26543490110,ci-9-transformers,push,completed,success,2026-05-27T22:53:13Z,2026-05-27T23:12:21Z,1148,f6595bed92404713fe7bbbade00dc36b2db52559
26543490071,ci-5-torch,push,completed,success,2026-05-27T22:53:13Z,2026-05-27T23:12:44Z,1171,f6595bed92404713fe7bbbade00dc36b2db52559
26543490047,Documentation,push,completed,success,2026-05-27T22:53:13Z,2026-05-27T23:15:19Z,1326,f6595bed92404713fe7bbbade00dc36b2db52559
26543489980,ci-10-torch-op-db,push,completed,success,2026-05-27T22:53:13Z,2026-05-27T23:17:34Z,1461,f6595bed92404713fe7bbbade00dc36b2db52559
26543490004,Style,push,completed,success,2026-05-27T22:53:13Z,2026-05-27T22:53:48Z,35,f6595bed92404713fe7bbbade00dc36b2db52559
26543490001,Spelling,push,completed,success,2026-05-27T22:53:13Z,2026-05-27T22:54:45Z,92,f6595bed92404713fe7bbbade00dc36b2db52559
26543490069,ci-6-litert,push,completed,success,2026-05-27T22:53:13Z,2026-05-27T22:56:55Z,222,f6595bed92404713fe7bbbade00dc36b2db52559
26543490003,Pyrefly,push,completed,success,2026-05-27T22:53:13Z,2026-05-27T22:56:39Z,206,f6595bed92404713fe7bbbade00dc36b2db52559
26543477833,Addressing comment on PR #2259,dynamic,completed,success,2026-05-27T22:52:53Z,2026-05-27T23:02:45Z,592,7e68947b8ec7516bda231667d1b471d41c48a231
26542444300,PR – report impacted subfolders,pull_request,completed,cancelled,2026-05-27T22:27:16Z,2026-05-27T22:27:59Z,43,bd48f6e8e37fbfc82a671523c5f0b096dafcf9ce
26542439576,PR – report impacted subfolders,pull_request,completed,success,2026-05-27T22:27:09Z,2026-05-27T22:35:16Z,487,bd48f6e8e37fbfc82a671523c5f0b096dafcf9ce
26542439202,PR – report impacted subfolders,pull_request,completed,cancelled,2026-05-27T22:27:08Z,2026-05-27T22:27:58Z,50,bd48f6e8e37fbfc82a671523c5f0b096dafcf9ce
26542439234,ci-9-transformers,pull_request,completed,success,2026-05-27T22:27:08Z,2026-05-27T22:57:37Z,1829,bd48f6e8e37fbfc82a671523c5f0b096dafcf9ce
26542439238,ci-5-torch,pull_request,completed,success,2026-05-27T22:27:08Z,2026-05-27T23:02:42Z,2134,bd48f6e8e37fbfc82a671523c5f0b096dafcf9ce
26542439140,Build,pull_request,completed,success,2026-05-27T22:27:08Z,2026-05-27T22:31:54Z,286,bd48f6e8e37fbfc82a671523c5f0b096dafcf9ce
26542439138,Spelling,pull_request,completed,success,2026-05-27T22:27:08Z,2026-05-27T22:33:33Z,385,bd48f6e8e37fbfc82a671523c5f0b096dafcf9ce
26542439203,Pyrefly,pull_request,completed,success,2026-05-27T22:27:08Z,2026-05-27T22:36:26Z,558,bd48f6e8e37fbfc82a671523c5f0b096dafcf9ce
26542439200,Style,pull_request,completed,success,2026-05-27T22:27:08Z,2026-05-27T22:36:21Z,553,bd48f6e8e37fbfc82a671523c5f0b096dafcf9ce
26542439219,ci-3-tensorflow,pull_request,completed,success,2026-05-27T22:27:08Z,2026-05-27T22:48:54Z,1306,bd48f6e8e37fbfc82a671523c5f0b096dafcf9ce
26542439237,ci-6-litert,pull_request,completed,success,2026-05-27T22:27:08Z,2026-05-27T22:50:20Z,1392,bd48f6e8e37fbfc82a671523c5f0b096dafcf9ce
26542439235,ci-7-sql,pull_request,completed,success,2026-05-27T22:27:08Z,2026-05-27T22:51:41Z,1473,bd48f6e8e37fbfc82a671523c5f0b096dafcf9ce
26542439236,ci-4-torch,pull_request,completed,success,2026-05-27T22:27:08Z,2026-05-27T22:52:22Z,1514,bd48f6e8e37fbfc82a671523c5f0b096dafcf9ce
26542439139,Documentation,pull_request,completed,cancelled,2026-05-27T22:27:08Z,2026-05-27T22:52:58Z,1550,bd48f6e8e37fbfc82a671523c5f0b096dafcf9ce
26542439199,Mypy,pull_request,completed,success,2026-05-27T22:27:08Z,2026-05-27T22:38:39Z,691,bd48f6e8e37fbfc82a671523c5f0b096dafcf9ce
26542439239,ci-10-torch-op-db,pull_request,completed,success,2026-05-27T22:27:08Z,2026-05-27T22:42:38Z,930,bd48f6e8e37fbfc82a671523c5f0b096dafcf9ce
26542439141,ci-1-core,pull_request,completed,success,2026-05-27T22:27:08Z,2026-05-27T22:43:10Z,962,bd48f6e8e37fbfc82a671523c5f0b096dafcf9ce
26542439137,ci-2-scikit-learn,pull_request,completed,success,2026-05-27T22:27:08Z,2026-05-27T22:45:27Z,1099,bd48f6e8e37fbfc82a671523c5f0b096dafcf9ce
26542439270,ci-8-transformers,pull_request,completed,success,2026-05-27T22:27:08Z,2026-05-27T22:55:23Z,1695,bd48f6e8e37fbfc82a671523c5f0b096dafcf9ce
26542433664,Style,push,completed,success,2026-05-27T22:27:00Z,2026-05-27T22:27:23Z,23,b1682e0e577d87b65420278b6cb831e337f793a9
26542433719,Spelling,push,completed,success,2026-05-27T22:27:00Z,2026-05-27T22:27:17Z,17,b1682e0e577d87b65420278b6cb831e337f793a9
26542433665,ci-5-torch,push,completed,cancelled,2026-05-27T22:27:00Z,2026-05-27T22:58:18Z,1878,b1682e0e577d87b65420278b6cb831e337f793a9
26542433720,ci-2-scikit-learn,push,completed,cancelled,2026-05-27T22:27:00Z,2026-05-27T23:00:05Z,1985,b1682e0e577d87b65420278b6cb831e337f793a9
26542433690,ci-9-transformers,push,completed,cancelled,2026-05-27T22:27:00Z,2026-05-27T23:04:34Z,2254,b1682e0e577d87b65420278b6cb831e337f793a9
26542433727,Build,push,completed,success,2026-05-27T22:27:00Z,2026-05-27T22:30:37Z,217,b1682e0e577d87b65420278b6cb831e337f793a9
26542433722,Mypy,push,completed,success,2026-05-27T22:27:00Z,2026-05-27T22:30:29Z,209,b1682e0e577d87b65420278b6cb831e337f793a9
26542433725,ci-6-litert,push,completed,success,2026-05-27T22:27:00Z,2026-05-27T22:31:36Z,276,b1682e0e577d87b65420278b6cb831e337f793a9
26542433667,ci-7-sql,push,completed,success,2026-05-27T22:27:00Z,2026-05-27T22:30:22Z,202,b1682e0e577d87b65420278b6cb831e337f793a9
26542433726,Pyrefly,push,completed,success,2026-05-27T22:27:00Z,2026-05-27T22:33:08Z,368,b1682e0e577d87b65420278b6cb831e337f793a9
26542433784,ci-8-transformers,push,completed,success,2026-05-27T22:27:00Z,2026-05-27T22:49:11Z,1331,b1682e0e577d87b65420278b6cb831e337f793a9
26542433744,ci-3-tensorflow,push,completed,success,2026-05-27T22:27:00Z,2026-05-27T22:49:56Z,1376,b1682e0e577d87b65420278b6cb831e337f793a9
26542433668,ci-4-torch,push,completed,success,2026-05-27T22:27:00Z,2026-05-27T22:53:11Z,1571,b1682e0e577d87b65420278b6cb831e337f793a9
26542433689,ci-1-core,push,completed,success,2026-05-27T22:27:00Z,2026-05-27T22:45:08Z,1088,b1682e0e577d87b65420278b6cb831e337f793a9
26542433747,ci-10-torch-op-db,push,completed,success,2026-05-27T22:27:00Z,2026-05-27T22:45:46Z,1126,b1682e0e577d87b65420278b6cb831e337f793a9
26542401375,Style,push,completed,success,2026-05-27T22:26:15Z,2026-05-27T22:26:30Z,15,81beb29d46f9c49f96087f1e5dfc47023021afa5
26542401330,Build,push,completed,success,2026-05-27T22:26:15Z,2026-05-27T22:26:31Z,16,81beb29d46f9c49f96087f1e5dfc47023021afa5
26542401359,Spelling,push,completed,success,2026-05-27T22:26:15Z,2026-05-27T22:26:39Z,24,81beb29d46f9c49f96087f1e5dfc47023021afa5
26542401357,ci-10-torch-op-db,push,completed,cancelled,2026-05-27T22:26:15Z,2026-05-27T22:27:05Z,50,81beb29d46f9c49f96087f1e5dfc47023021afa5
26542401432,Mypy,push,completed,cancelled,2026-05-27T22:26:15Z,2026-05-27T22:27:02Z,47,81beb29d46f9c49f96087f1e5dfc47023021afa5
26542401355,Pyrefly,push,completed,cancelled,2026-05-27T22:26:15Z,2026-05-27T22:27:16Z,61,81beb29d46f9c49f96087f1e5dfc47023021afa5
26542401517,ci-7-sql,push,completed,cancelled,2026-05-27T22:26:15Z,2026-05-27T22:27:29Z,74,81beb29d46f9c49f96087f1e5dfc47023021afa5
26542401515,ci-6-litert,push,completed,cancelled,2026-05-27T22:26:15Z,2026-05-27T22:27:59Z,104,81beb29d46f9c49f96087f1e5dfc47023021afa5
26542401378,ci-1-core,push,completed,cancelled,2026-05-27T22:26:15Z,2026-05-27T22:31:09Z,294,81beb29d46f9c49f96087f1e5dfc47023021afa5
26542401516,ci-4-torch,push,completed,cancelled,2026-05-27T22:26:15Z,2026-05-27T22:35:06Z,531,81beb29d46f9c49f96087f1e5dfc47023021afa5
26542401356,ci-2-scikit-learn,push,completed,cancelled,2026-05-27T22:26:15Z,2026-05-27T22:34:59Z,524,81beb29d46f9c49f96087f1e5dfc47023021afa5
26542401459,ci-3-tensorflow,push,completed,cancelled,2026-05-27T22:26:15Z,2026-05-27T22:36:17Z,602,81beb29d46f9c49f96087f1e5dfc47023021afa5
26542401455,ci-9-transformers,push,completed,cancelled,2026-05-27T22:26:15Z,2026-05-27T22:37:42Z,687,81beb29d46f9c49f96087f1e5dfc47023021afa5
26542401457,ci-8-transformers,push,completed,cancelled,2026-05-27T22:26:15Z,2026-05-27T22:37:48Z,693,81beb29d46f9c49f96087f1e5dfc47023021afa5
26542401458,ci-5-torch,push,completed,cancelled,2026-05-27T22:26:15Z,2026-05-27T22:38:55Z,760,81beb29d46f9c49f96087f1e5dfc47023021afa5
26542401377,Documentation,push,completed,success,2026-05-27T22:26:15Z,2026-05-27T22:41:06Z,891,81beb29d46f9c49f96087f1e5dfc47023021afa5
26542391946,Running Copilot cloud agent,dynamic,completed,success,2026-05-27T22:26:02Z,2026-05-27T22:27:17Z,75,72da865b7809352be0f455b2cb7f777336a29771
26541312490,PR – report impacted subfolders,pull_request,completed,success,2026-05-27T22:00:54Z,2026-05-27T22:03:51Z,177,38972533468a0c066e0a0f8c6da9b81c30c441c9
26541300359,ci-9-transformers,pull_request,completed,success,2026-05-27T22:00:38Z,2026-05-27T22:13:31Z,773,38972533468a0c066e0a0f8c6da9b81c30c441c9
26541300354,ci-5-torch,pull_request,completed,success,2026-05-27T22:00:38Z,2026-05-27T22:15:45Z,907,38972533468a0c066e0a0f8c6da9b81c30c441c9
26541300205,Documentation,pull_request,completed,success,2026-05-27T22:00:38Z,2026-05-27T22:18:09Z,1051,38972533468a0c066e0a0f8c6da9b81c30c441c9
26541300209,Mypy,pull_request,completed,success,2026-05-27T22:00:38Z,2026-05-27T22:06:41Z,363,38972533468a0c066e0a0f8c6da9b81c30c441c9
26541300257,ci-1-core,pull_request,completed,success,2026-05-27T22:00:38Z,2026-05-27T22:07:53Z,435,38972533468a0c066e0a0f8c6da9b81c30c441c9
26541300360,ci-6-litert,pull_request,completed,success,2026-05-27T22:00:38Z,2026-05-27T22:07:40Z,422,38972533468a0c066e0a0f8c6da9b81c30c441c9
26541300268,ci-2-scikit-learn,pull_request,completed,success,2026-05-27T22:00:38Z,2026-05-27T22:08:16Z,458,38972533468a0c066e0a0f8c6da9b81c30c441c9
26541300306,ci-3-tensorflow,pull_request,completed,success,2026-05-27T22:00:38Z,2026-05-27T22:09:17Z,519,38972533468a0c066e0a0f8c6da9b81c30c441c9
26541300355,ci-8-transformers,pull_request,completed,success,2026-05-27T22:00:38Z,2026-05-27T22:09:32Z,534,38972533468a0c066e0a0f8c6da9b81c30c441c9
26541300300,ci-4-torch,pull_request,completed,success,2026-05-27T22:00:38Z,2026-05-27T22:17:52Z,1034,38972533468a0c066e0a0f8c6da9b81c30c441c9
26541300212,Build,pull_request,completed,success,2026-05-27T22:00:38Z,2026-05-27T22:03:53Z,195,38972533468a0c066e0a0f8c6da9b81c30c441c9
26541300259,Style,pull_request,completed,success,2026-05-27T22:00:38Z,2026-05-27T22:03:49Z,191,38972533468a0c066e0a0f8c6da9b81c30c441c9
26541300208,Spelling,pull_request,completed,success,2026-05-27T22:00:38Z,2026-05-27T22:03:49Z,191,38972533468a0c066e0a0f8c6da9b81c30c441c9
26541299989,PR – report impacted subfolders,pull_request,completed,cancelled,2026-05-27T22:00:38Z,2026-05-27T22:03:38Z,180,38972533468a0c066e0a0f8c6da9b81c30c441c9
26541300201,PR – report impacted subfolders,pull_request,completed,cancelled,2026-05-27T22:00:38Z,2026-05-27T22:03:40Z,182,38972533468a0c066e0a0f8c6da9b81c30c441c9
26541300415,ci-7-sql,pull_request,completed,success,2026-05-27T22:00:38Z,2026-05-27T22:05:04Z,266,38972533468a0c066e0a0f8c6da9b81c30c441c9
26541300262,Pyrefly,pull_request,completed,success,2026-05-27T22:00:38Z,2026-05-27T22:05:37Z,299,38972533468a0c066e0a0f8c6da9b81c30c441c9
26541300204,ci-10-torch-op-db,pull_request,completed,success,2026-05-27T22:00:38Z,2026-05-27T22:21:37Z,1259,38972533468a0c066e0a0f8c6da9b81c30c441c9
26541238565,Running Copilot cloud agent,dynamic,completed,success,2026-05-27T21:59:24Z,2026-05-27T22:00:56Z,92,079d861ef42d85b3324aaa667c841355d2adc87f
26523963200,PR – report impacted subfolders,pull_request,completed,success,2026-05-27T16:21:32Z,2026-05-27T22:33:17Z,22305,7e68947b8ec7516bda231667d1b471d41c48a231
26523953116,ci-9-transformers,pull_request,completed,success,2026-05-27T16:21:21Z,2026-05-27T22:50:07Z,23326,7e68947b8ec7516bda231667d1b471d41c48a231
26523952451,Pyrefly,pull_request,completed,success,2026-05-27T16:21:20Z,2026-05-27T22:36:42Z,22522,7e68947b8ec7516bda231667d1b471d41c48a231
26523952565,ci-5-torch,pull_request,completed,success,2026-05-27T16:21:20Z,2026-05-27T22:51:44Z,23424,7e68947b8ec7516bda231667d1b471d41c48a231
26523952563,ci-4-torch,pull_request,completed,failure,2026-05-27T16:21:20Z,2026-05-27T22:53:41Z,23541,7e68947b8ec7516bda231667d1b471d41c48a231
26523952455,ci-6-litert,pull_request,completed,success,2026-05-27T16:21:20Z,2026-05-27T22:38:57Z,22657,7e68947b8ec7516bda231667d1b471d41c48a231
26523952562,ci-3-tensorflow,pull_request,completed,success,2026-05-27T16:21:20Z,2026-05-27T22:43:51Z,22951,7e68947b8ec7516bda231667d1b471d41c48a231
26523952453,ci-8-transformers,pull_request,completed,success,2026-05-27T16:21:20Z,2026-05-27T22:45:27Z,23047,7e68947b8ec7516bda231667d1b471d41c48a231
26523952573,ci-7-sql,pull_request,completed,success,2026-05-27T16:21:20Z,2026-05-27T22:45:42Z,23062,7e68947b8ec7516bda231667d1b471d41c48a231
26523951705,PR – report impacted subfolders,pull_request,completed,cancelled,2026-05-27T16:21:19Z,2026-05-27T22:27:37Z,21978,7e68947b8ec7516bda231667d1b471d41c48a231
26523951688,Spelling,pull_request,completed,success,2026-05-27T16:21:19Z,2026-05-27T22:28:23Z,22024,7e68947b8ec7516bda231667d1b471d41c48a231
26523951704,Style,pull_request,completed,success,2026-05-27T16:21:19Z,2026-05-27T22:31:04Z,22185,7e68947b8ec7516bda231667d1b471d41c48a231
26523951699,Build,pull_request,completed,success,2026-05-27T16:21:19Z,2026-05-27T22:30:21Z,22142,7e68947b8ec7516bda231667d1b471d41c48a231
26523951709,Mypy,pull_request,completed,success,2026-05-27T16:21:19Z,2026-05-27T22:36:38Z,22519,7e68947b8ec7516bda231667d1b471d41c48a231
26523951792,ci-1-core,pull_request,completed,success,2026-05-27T16:21:19Z,2026-05-27T22:39:30Z,22691,7e68947b8ec7516bda231667d1b471d41c48a231
26523951694,ci-2-scikit-learn,pull_request,completed,success,2026-05-27T16:21:19Z,2026-05-27T22:39:27Z,22688,7e68947b8ec7516bda231667d1b471d41c48a231
26523951690,ci-10-torch-op-db,pull_request,completed,success,2026-05-27T16:21:19Z,2026-05-27T22:44:53Z,23014,7e68947b8ec7516bda231667d1b471d41c48a231
26523592336,Addressing comment on PR #2259,dynamic,completed,success,2026-05-27T16:14:36Z,2026-05-27T16:21:31Z,415,8b23f1925f03cb574629007cc2b5e4b48627378d
26521633706,PR – report impacted subfolders,pull_request,completed,cancelled,2026-05-27T15:39:15Z,2026-05-27T16:15:30Z,2175,f61368d2f00c4ed6eada6bbd8d8e4365fdab4236
26521615209,ci-9-transformers,pull_request,completed,success,2026-05-27T15:38:56Z,2026-05-27T16:31:48Z,3172,f61368d2f00c4ed6eada6bbd8d8e4365fdab4236
26521615199,ci-3-tensorflow,pull_request,completed,success,2026-05-27T15:38:56Z,2026-05-27T16:32:21Z,3205,f61368d2f00c4ed6eada6bbd8d8e4365fdab4236
26521615120,PR – report impacted subfolders,pull_request,completed,success,2026-05-27T15:38:56Z,2026-05-27T16:22:40Z,2624,f61368d2f00c4ed6eada6bbd8d8e4365fdab4236
26521614829,ci-8-transformers,pull_request,completed,success,2026-05-27T15:38:55Z,2026-05-27T16:29:16Z,3021,f61368d2f00c4ed6eada6bbd8d8e4365fdab4236
26521614916,ci-4-torch,pull_request,completed,success,2026-05-27T15:38:55Z,2026-05-27T16:31:10Z,3135,f61368d2f00c4ed6eada6bbd8d8e4365fdab4236
26521614941,ci-5-torch,pull_request,completed,success,2026-05-27T15:38:55Z,2026-05-27T16:34:50Z,3355,f61368d2f00c4ed6eada6bbd8d8e4365fdab4236
26521614349,ci-10-torch-op-db,pull_request,completed,success,2026-05-27T15:38:55Z,2026-05-27T16:36:32Z,3457,f61368d2f00c4ed6eada6bbd8d8e4365fdab4236
26521614411,Style,pull_request,completed,success,2026-05-27T15:38:55Z,2026-05-27T16:17:10Z,2295,f61368d2f00c4ed6eada6bbd8d8e4365fdab4236
26521614399,Pyrefly,pull_request,completed,success,2026-05-27T15:38:55Z,2026-05-27T16:19:01Z,2406,f61368d2f00c4ed6eada6bbd8d8e4365fdab4236
26521614346,Spelling,pull_request,completed,success,2026-05-27T15:38:55Z,2026-05-27T16:21:45Z,2570,f61368d2f00c4ed6eada6bbd8d8e4365fdab4236
26521614344,Mypy,pull_request,completed,success,2026-05-27T15:38:55Z,2026-05-27T16:22:28Z,2613,f61368d2f00c4ed6eada6bbd8d8e4365fdab4236
26521614933,ci-6-litert,pull_request,completed,success,2026-05-27T15:38:55Z,2026-05-27T16:22:52Z,2637,f61368d2f00c4ed6eada6bbd8d8e4365fdab4236
26521614794,Build,pull_request,completed,success,2026-05-27T15:38:55Z,2026-05-27T16:23:07Z,2652,f61368d2f00c4ed6eada6bbd8d8e4365fdab4236
26521614921,ci-7-sql,pull_request,completed,success,2026-05-27T15:38:55Z,2026-05-27T16:24:14Z,2719,f61368d2f00c4ed6eada6bbd8d8e4365fdab4236
26521614681,ci-2-scikit-learn,pull_request,completed,success,2026-05-27T15:38:55Z,2026-05-27T16:26:43Z,2868,f61368d2f00c4ed6eada6bbd8d8e4365fdab4236
26521614430,ci-1-core,pull_request,completed,success,2026-05-27T15:38:55Z,2026-05-27T16:27:01Z,2886,f61368d2f00c4ed6eada6bbd8d8e4365fdab4236
26521612677,PR – report impacted subfolders,pull_request,completed,cancelled,2026-05-27T15:38:53Z,2026-05-27T16:15:31Z,2198,f61368d2f00c4ed6eada6bbd8d8e4365fdab4236
26521549808,PR – report impacted subfolders,pull_request,completed,success,2026-05-27T15:37:48Z,2026-05-27T16:14:24Z,2196,8b23f1925f03cb574629007cc2b5e4b48627378d
26521511634,ci-4-torch,pull_request,completed,success,2026-05-27T15:37:09Z,2026-05-27T16:24:44Z,2855,8b23f1925f03cb574629007cc2b5e4b48627378d
26521510369,ci-10-torch-op-db,pull_request,completed,success,2026-05-27T15:37:08Z,2026-05-27T16:33:01Z,3353,8b23f1925f03cb574629007cc2b5e4b48627378d
26521510524,PR – report impacted subfolders,pull_request,completed,cancelled,2026-05-27T15:37:08Z,2026-05-27T16:14:09Z,2221,8b23f1925f03cb574629007cc2b5e4b48627378d
26521510210,Build,pull_request,completed,success,2026-05-27T15:37:08Z,2026-05-27T16:14:24Z,2236,8b23f1925f03cb574629007cc2b5e4b48627378d
26521510350,Style,pull_request,completed,success,2026-05-27T15:37:08Z,2026-05-27T16:14:27Z,2239,8b23f1925f03cb574629007cc2b5e4b48627378d
26521510351,Spelling,pull_request,completed,success,2026-05-27T15:37:08Z,2026-05-27T16:14:31Z,2243,8b23f1925f03cb574629007cc2b5e4b48627378d
26521510222,Pyrefly,pull_request,completed,success,2026-05-27T15:37:08Z,2026-05-27T16:16:08Z,2340,8b23f1925f03cb574629007cc2b5e4b48627378d
26521510520,ci-7-sql,pull_request,completed,success,2026-05-27T15:37:08Z,2026-05-27T16:15:54Z,2326,8b23f1925f03cb574629007cc2b5e4b48627378d
26521510221,Mypy,pull_request,completed,success,2026-05-27T15:37:08Z,2026-05-27T16:17:01Z,2393,8b23f1925f03cb574629007cc2b5e4b48627378d
26521511090,ci-8-transformers,pull_request,completed,success,2026-05-27T15:37:08Z,2026-05-27T16:20:47Z,2619,8b23f1925f03cb574629007cc2b5e4b48627378d
26521511014,ci-6-litert,pull_request,completed,success,2026-05-27T15:37:08Z,2026-05-27T16:21:30Z,2662,8b23f1925f03cb574629007cc2b5e4b48627378d
26521510352,ci-1-core,pull_request,completed,success,2026-05-27T15:37:08Z,2026-05-27T16:21:48Z,2680,8b23f1925f03cb574629007cc2b5e4b48627378d
26521510516,ci-2-scikit-learn,pull_request,completed,success,2026-05-27T15:37:08Z,2026-05-27T16:22:58Z,2750,8b23f1925f03cb574629007cc2b5e4b48627378d
26521511343,ci-3-tensorflow,pull_request,completed,success,2026-05-27T15:37:08Z,2026-05-27T16:23:28Z,2780,8b23f1925f03cb574629007cc2b5e4b48627378d
26521511087,ci-5-torch,pull_request,completed,success,2026-05-27T15:37:08Z,2026-05-27T16:28:15Z,3067,8b23f1925f03cb574629007cc2b5e4b48627378d
26521511091,ci-9-transformers,pull_request,completed,success,2026-05-27T15:37:08Z,2026-05-27T16:28:46Z,3098,8b23f1925f03cb574629007cc2b5e4b48627378d
26521509786,PR – report impacted subfolders,pull_request,completed,cancelled,2026-05-27T15:37:07Z,2026-05-27T16:14:10Z,2223,8b23f1925f03cb574629007cc2b5e4b48627378d
26521317201,Running Copilot cloud agent,dynamic,completed,success,2026-05-27T15:33:39Z,2026-05-27T15:39:17Z,338,e0d4f6dde82ad736b5450414cd82c63e0f6651ae
26521275795,Running Copilot cloud agent,dynamic,completed,success,2026-05-27T15:32:56Z,2026-05-27T15:37:52Z,296,ae381d73c6142073973f4b3d21f2f3e52403e72c
26512903678,ci-6-litert,push,completed,success,2026-05-27T13:05:55Z,2026-05-27T13:10:37Z,282,c93e41c4d7df6974c33d17664845b6c678d58d1f
26512903567,ci-1-core,push,completed,success,2026-05-27T13:05:55Z,2026-05-27T13:11:35Z,340,c93e41c4d7df6974c33d17664845b6c678d58d1f
26512903447,Style,push,completed,success,2026-05-27T13:05:55Z,2026-05-27T13:11:42Z,347,c93e41c4d7df6974c33d17664845b6c678d58d1f
26512903785,ci-7-sql,push,completed,success,2026-05-27T13:05:55Z,2026-05-27T13:12:26Z,391,c93e41c4d7df6974c33d17664845b6c678d58d1f
26512903566,Mypy,push,completed,success,2026-05-27T13:05:55Z,2026-05-27T13:14:41Z,526,c93e41c4d7df6974c33d17664845b6c678d58d1f
26512903679,ci-4-torch,push,completed,success,2026-05-27T13:05:55Z,2026-05-27T13:15:37Z,582,c93e41c4d7df6974c33d17664845b6c678d58d1f
26512903813,ci-3-tensorflow,push,completed,success,2026-05-27T13:05:55Z,2026-05-27T13:16:51Z,656,c93e41c4d7df6974c33d17664845b6c678d58d1f
26512903506,Build,push,completed,success,2026-05-27T13:05:55Z,2026-05-27T13:06:18Z,23,c93e41c4d7df6974c33d17664845b6c678d58d1f
26512903507,Spelling,push,completed,success,2026-05-27T13:05:55Z,2026-05-27T13:08:00Z,125,c93e41c4d7df6974c33d17664845b6c678d58d1f
26512903444,Pyrefly,push,completed,success,2026-05-27T13:05:55Z,2026-05-27T13:08:04Z,129,c93e41c4d7df6974c33d17664845b6c678d58d1f
26512903681,ci-2-scikit-learn,push,completed,success,2026-05-27T13:05:55Z,2026-05-27T13:21:06Z,911,c93e41c4d7df6974c33d17664845b6c678d58d1f
26512903502,Documentation,push,completed,success,2026-05-27T13:05:55Z,2026-05-27T13:22:03Z,968,c93e41c4d7df6974c33d17664845b6c678d58d1f
26512903901,ci-8-transformers,push,completed,success,2026-05-27T13:05:55Z,2026-05-27T13:22:42Z,1007,c93e41c4d7df6974c33d17664845b6c678d58d1f
26512903598,ci-5-torch,push,completed,success,2026-05-27T13:05:55Z,2026-05-27T13:23:45Z,1070,c93e41c4d7df6974c33d17664845b6c678d58d1f
26512903505,ci-9-transformers,push,completed,success,2026-05-27T13:05:55Z,2026-05-27T13:24:13Z,1098,c93e41c4d7df6974c33d17664845b6c678d58d1f
26512903517,ci-10-torch-op-db,push,completed,success,2026-05-27T13:05:55Z,2026-05-27T13:27:58Z,1323,c93e41c4d7df6974c33d17664845b6c678d58d1f
26512835644,PR – report impacted subfolders,pull_request,completed,success,2026-05-27T13:04:40Z,2026-05-27T13:06:11Z,91,2862d8b523a97478943be4c144ab3984b121386a
26512819276,ci-2-scikit-learn,pull_request,completed,success,2026-05-27T13:04:23Z,2026-05-27T13:10:44Z,381,2862d8b523a97478943be4c144ab3984b121386a
26512819438,Mypy,pull_request,completed,success,2026-05-27T13:04:23Z,2026-05-27T13:11:19Z,416,2862d8b523a97478943be4c144ab3984b121386a
26512819533,ci-8-transformers,pull_request,completed,success,2026-05-27T13:04:23Z,2026-05-27T13:16:31Z,728,2862d8b523a97478943be4c144ab3984b121386a
26512819451,ci-1-core,pull_request,completed,success,2026-05-27T13:04:23Z,2026-05-27T13:17:30Z,787,2862d8b523a97478943be4c144ab3984b121386a
26512819606,ci-6-litert,pull_request,completed,success,2026-05-27T13:04:23Z,2026-05-27T13:18:02Z,819,2862d8b523a97478943be4c144ab3984b121386a
26512819277,PR – report impacted subfolders,pull_request,completed,cancelled,2026-05-27T13:04:23Z,2026-05-27T13:05:53Z,90,2862d8b523a97478943be4c144ab3984b121386a
26512819381,Build,pull_request,completed,success,2026-05-27T13:04:23Z,2026-05-27T13:06:08Z,105,2862d8b523a97478943be4c144ab3984b121386a
26512819358,Style,pull_request,completed,success,2026-05-27T13:04:23Z,2026-05-27T13:06:04Z,101,2862d8b523a97478943be4c144ab3984b121386a
26512819469,Spelling,pull_request,completed,success,2026-05-27T13:04:23Z,2026-05-27T13:06:08Z,105,2862d8b523a97478943be4c144ab3984b121386a
26512819530,ci-7-sql,pull_request,completed,success,2026-05-27T13:04:23Z,2026-05-27T13:07:31Z,188,2862d8b523a97478943be4c144ab3984b121386a
26512819368,Pyrefly,pull_request,completed,success,2026-05-27T13:04:23Z,2026-05-27T13:07:48Z,205,2862d8b523a97478943be4c144ab3984b121386a
26512819362,Documentation,pull_request,completed,success,2026-05-27T13:04:23Z,2026-05-27T13:19:31Z,908,2862d8b523a97478943be4c144ab3984b121386a
26512819614,ci-3-tensorflow,pull_request,completed,success,2026-05-27T13:04:23Z,2026-05-27T13:22:26Z,1083,2862d8b523a97478943be4c144ab3984b121386a
26512819602,ci-4-torch,pull_request,completed,success,2026-05-27T13:04:23Z,2026-05-27T13:23:21Z,1138,2862d8b523a97478943be4c144ab3984b121386a
26512819275,ci-10-torch-op-db,pull_request,completed,success,2026-05-27T13:04:23Z,2026-05-27T13:24:12Z,1189,2862d8b523a97478943be4c144ab3984b121386a
26512819532,ci-9-transformers,pull_request,completed,success,2026-05-27T13:04:23Z,2026-05-27T13:28:43Z,1460,2862d8b523a97478943be4c144ab3984b121386a
26512819604,ci-5-torch,pull_request,completed,success,2026-05-27T13:04:23Z,2026-05-27T13:31:11Z,1608,2862d8b523a97478943be4c144ab3984b121386a
26512818641,PR – report impacted subfolders,pull_request,completed,cancelled,2026-05-27T13:04:22Z,2026-05-27T13:05:51Z,89,2862d8b523a97478943be4c144ab3984b121386a
26512740612,Running Copilot cloud agent,dynamic,completed,success,2026-05-27T13:03:02Z,2026-05-27T13:04:43Z,101,439153639276947d06d3b575215786ce86450541
26507381386,Build,push,completed,success,2026-05-27T11:05:43Z,2026-05-27T11:06:00Z,17,b09c1ea401d6d8c8aa4a471f1284c9d0905af1bc
26507381401,ci-5-torch,push,completed,success,2026-05-27T11:05:43Z,2026-05-27T11:18:20Z,757,b09c1ea401d6d8c8aa4a471f1284c9d0905af1bc
26507381426,Spelling,push,completed,success,2026-05-27T11:05:42Z,2026-05-27T11:05:56Z,14,b09c1ea401d6d8c8aa4a471f1284c9d0905af1bc
26507381390,Style,push,completed,success,2026-05-27T11:05:42Z,2026-05-27T11:06:11Z,29,b09c1ea401d6d8c8aa4a471f1284c9d0905af1bc
26507381429,ci-6-litert,push,completed,success,2026-05-27T11:05:42Z,2026-05-27T11:06:46Z,64,b09c1ea401d6d8c8aa4a471f1284c9d0905af1bc
26507381395,ci-7-sql,push,completed,success,2026-05-27T11:05:42Z,2026-05-27T11:07:04Z,82,b09c1ea401d6d8c8aa4a471f1284c9d0905af1bc
26507381427,Pyrefly,push,completed,success,2026-05-27T11:05:42Z,2026-05-27T11:07:39Z,117,b09c1ea401d6d8c8aa4a471f1284c9d0905af1bc
26507381403,ci-1-core,push,completed,success,2026-05-27T11:05:42Z,2026-05-27T11:09:34Z,232,b09c1ea401d6d8c8aa4a471f1284c9d0905af1bc
26507381398,ci-2-scikit-learn,push,completed,success,2026-05-27T11:05:42Z,2026-05-27T11:10:05Z,263,b09c1ea401d6d8c8aa4a471f1284c9d0905af1bc
26507381430,ci-3-tensorflow,push,completed,success,2026-05-27T11:05:42Z,2026-05-27T11:10:58Z,316,b09c1ea401d6d8c8aa4a471f1284c9d0905af1bc
26507381393,ci-8-transformers,push,completed,success,2026-05-27T11:05:42Z,2026-05-27T11:11:40Z,358,b09c1ea401d6d8c8aa4a471f1284c9d0905af1bc
26507381391,Mypy,push,completed,success,2026-05-27T11:05:42Z,2026-05-27T11:13:05Z,443,b09c1ea401d6d8c8aa4a471f1284c9d0905af1bc
26507381392,ci-9-transformers,push,completed,success,2026-05-27T11:05:42Z,2026-05-27T11:13:55Z,493,b09c1ea401d6d8c8aa4a471f1284c9d0905af1bc
26507381396,ci-4-torch,push,completed,failure,2026-05-27T11:05:42Z,2026-05-27T11:14:11Z,509,b09c1ea401d6d8c8aa4a471f1284c9d0905af1bc
26507381394,ci-10-torch-op-db,push,completed,success,2026-05-27T11:05:42Z,2026-05-27T11:24:38Z,1136,b09c1ea401d6d8c8aa4a471f1284c9d0905af1bc
26505022850,Style,pull_request,completed,success,2026-05-27T10:13:19Z,2026-05-27T10:22:42Z,563,035f7da6da044a64b46105d28c141be0915e5542
26505022846,ci-1-core,pull_request,completed,success,2026-05-27T10:13:19Z,2026-05-27T10:26:26Z,787,035f7da6da044a64b46105d28c141be0915e5542
26505022851,ci-3-tensorflow,pull_request,completed,success,2026-05-27T10:13:19Z,2026-05-27T10:27:54Z,875,035f7da6da044a64b46105d28c141be0915e5542
26505022889,ci-8-transformers,pull_request,completed,success,2026-05-27T10:13:19Z,2026-05-27T10:28:38Z,919,035f7da6da044a64b46105d28c141be0915e5542
26505022849,ci-4-torch,pull_request,completed,success,2026-05-27T10:13:19Z,2026-05-27T10:32:25Z,1146,035f7da6da044a64b46105d28c141be0915e5542
26505022789,ci-10-torch-op-db,pull_request,completed,success,2026-05-27T10:13:18Z,2026-05-27T10:42:59Z,1781,035f7da6da044a64b46105d28c141be0915e5542
26505022802,PR – report impacted subfolders,pull_request,completed,success,2026-05-27T10:13:18Z,2026-05-27T10:22:39Z,561,035f7da6da044a64b46105d28c141be0915e5542
26505022803,Spelling,pull_request,completed,success,2026-05-27T10:13:18Z,2026-05-27T10:22:42Z,564,035f7da6da044a64b46105d28c141be0915e5542
26505022799,ci-6-litert,pull_request,completed,success,2026-05-27T10:13:18Z,2026-05-27T10:23:48Z,630,035f7da6da044a64b46105d28c141be0915e5542
26505022784,ci-7-sql,pull_request,completed,success,2026-05-27T10:13:18Z,2026-05-27T10:23:58Z,640,035f7da6da044a64b46105d28c141be0915e5542
26505022798,Pyrefly,pull_request,completed,success,2026-05-27T10:13:18Z,2026-05-27T10:24:29Z,671,035f7da6da044a64b46105d28c141be0915e5542
26505022800,Mypy,pull_request,completed,success,2026-05-27T10:13:18Z,2026-05-27T10:25:31Z,733,035f7da6da044a64b46105d28c141be0915e5542
26505022786,ci-2-scikit-learn,pull_request,completed,success,2026-05-27T10:13:18Z,2026-05-27T10:27:01Z,823,035f7da6da044a64b46105d28c141be0915e5542
26505022782,Build,pull_request,completed,success,2026-05-27T10:13:18Z,2026-05-27T10:23:13Z,595,035f7da6da044a64b46105d28c141be0915e5542
26505022795,ci-9-transformers,pull_request,completed,success,2026-05-27T10:13:18Z,2026-05-27T10:30:29Z,1031,035f7da6da044a64b46105d28c141be0915e5542
26505022792,ci-5-torch,pull_request,completed,success,2026-05-27T10:13:18Z,2026-05-27T10:32:55Z,1177,035f7da6da044a64b46105d28c141be0915e5542
26504734832,Addressing comment on PR #2247,dynamic,completed,success,2026-05-27T10:07:03Z,2026-05-27T10:13:36Z,393,2585e509e33c984f62e2700307c736007fa4d41e
26504698425,ci-1-core,pull_request,completed,success,2026-05-27T10:06:16Z,2026-05-27T10:14:20Z,484,2585e509e33c984f62e2700307c736007fa4d41e
26504698467,Build,pull_request,completed,success,2026-05-27T10:06:16Z,2026-05-27T10:06:30Z,14,2585e509e33c984f62e2700307c736007fa4d41e
26504698429,Mypy,pull_request,completed,success,2026-05-27T10:06:16Z,2026-05-27T10:09:01Z,165,2585e509e33c984f62e2700307c736007fa4d41e
26504698379,ci-3-tensorflow,pull_request,completed,success,2026-05-27T10:06:15Z,2026-05-27T10:17:36Z,681,2585e509e33c984f62e2700307c736007fa4d41e
26504698430,ci-5-torch,pull_request,completed,success,2026-05-27T10:06:15Z,2026-05-27T10:18:53Z,758,2585e509e33c984f62e2700307c736007fa4d41e
26504698319,ci-10-torch-op-db,pull_request,completed,cancelled,2026-05-27T10:06:15Z,2026-05-27T10:22:44Z,989,2585e509e33c984f62e2700307c736007fa4d41e
26504698360,ci-2-scikit-learn,pull_request,completed,success,2026-05-27T10:06:15Z,2026-05-27T10:11:03Z,288,2585e509e33c984f62e2700307c736007fa4d41e
26504698404,ci-8-transformers,pull_request,completed,success,2026-05-27T10:06:15Z,2026-05-27T10:12:20Z,365,2585e509e33c984f62e2700307c736007fa4d41e
26504698374,ci-6-litert,pull_request,completed,success,2026-05-27T10:06:15Z,2026-05-27T10:13:38Z,443,2585e509e33c984f62e2700307c736007fa4d41e
26504698361,ci-4-torch,pull_request,completed,success,2026-05-27T10:06:15Z,2026-05-27T10:14:53Z,518,2585e509e33c984f62e2700307c736007fa4d41e
26504698362,ci-9-transformers,pull_request,completed,success,2026-05-27T10:06:15Z,2026-05-27T10:14:47Z,512,2585e509e33c984f62e2700307c736007fa4d41e
26504698321,PR – report impacted subfolders,pull_request,completed,success,2026-05-27T10:06:15Z,2026-05-27T10:06:27Z,12,2585e509e33c984f62e2700307c736007fa4d41e
26504698375,Spelling,pull_request,completed,success,2026-05-27T10:06:15Z,2026-05-27T10:06:37Z,22,2585e509e33c984f62e2700307c736007fa4d41e
26504698377,Style,pull_request,completed,success,2026-05-27T10:06:15Z,2026-05-27T10:06:27Z,12,2585e509e33c984f62e2700307c736007fa4d41e
26504698378,ci-7-sql,pull_request,completed,success,2026-05-27T10:06:15Z,2026-05-27T10:07:38Z,83,2585e509e33c984f62e2700307c736007fa4d41e
26504698426,Pyrefly,pull_request,completed,success,2026-05-27T10:06:15Z,2026-05-27T10:08:13Z,118,2585e509e33c984f62e2700307c736007fa4d41e
26502556970,ci-4-torch,push,completed,success,2026-05-27T09:20:50Z,2026-05-27T09:46:48Z,1558,eb5e78aa35eb1e655001a56ac44c1277c631b081
26502556971,ci-10-torch-op-db,push,completed,success,2026-05-27T09:20:50Z,2026-05-27T09:47:50Z,1620,eb5e78aa35eb1e655001a56ac44c1277c631b081
26502556903,ci-1-core,push,completed,success,2026-05-27T09:20:50Z,2026-05-27T09:33:48Z,778,eb5e78aa35eb1e655001a56ac44c1277c631b081
26502557021,ci-9-transformers,push,completed,failure,2026-05-27T09:20:50Z,2026-05-27T09:37:19Z,989,eb5e78aa35eb1e655001a56ac44c1277c631b081
26502556974,ci-8-transformers,push,completed,success,2026-05-27T09:20:50Z,2026-05-27T09:38:08Z,1038,eb5e78aa35eb1e655001a56ac44c1277c631b081
26502556967,ci-5-torch,push,completed,success,2026-05-27T09:20:50Z,2026-05-27T09:40:02Z,1152,eb5e78aa35eb1e655001a56ac44c1277c631b081
26502557024,ci-2-scikit-learn,push,completed,success,2026-05-27T09:20:50Z,2026-05-27T09:40:08Z,1158,eb5e78aa35eb1e655001a56ac44c1277c631b081
26502556899,ci-3-tensorflow,push,completed,success,2026-05-27T09:20:50Z,2026-05-27T09:41:14Z,1224,eb5e78aa35eb1e655001a56ac44c1277c631b081
26502556975,Build,push,completed,success,2026-05-27T09:20:50Z,2026-05-27T09:24:54Z,244,eb5e78aa35eb1e655001a56ac44c1277c631b081
26502556902,Style,push,completed,success,2026-05-27T09:20:50Z,2026-05-27T09:25:15Z,265,eb5e78aa35eb1e655001a56ac44c1277c631b081
26502556968,ci-7-sql,push,completed,success,2026-05-27T09:20:50Z,2026-05-27T09:26:59Z,369,eb5e78aa35eb1e655001a56ac44c1277c631b081
26502557022,ci-6-litert,push,completed,success,2026-05-27T09:20:50Z,2026-05-27T09:29:07Z,497,eb5e78aa35eb1e655001a56ac44c1277c631b081
26502556976,Mypy,push,completed,success,2026-05-27T09:20:50Z,2026-05-27T09:31:10Z,620,eb5e78aa35eb1e655001a56ac44c1277c631b081
26502556969,Pyrefly,push,completed,success,2026-05-27T09:20:50Z,2026-05-27T09:22:57Z,127,eb5e78aa35eb1e655001a56ac44c1277c631b081
26502556898,Spelling,push,completed,success,2026-05-27T09:20:50Z,2026-05-27T09:23:06Z,136,eb5e78aa35eb1e655001a56ac44c1277c631b081
26502369407,ci-4-torch,push,completed,cancelled,2026-05-27T09:16:56Z,2026-05-27T09:33:36Z,1000,466d5ce54c4fd5322ce0cdd65d8c801108005069
26502369361,ci-3-tensorflow,push,completed,cancelled,2026-05-27T09:16:55Z,2026-05-27T09:33:22Z,987,466d5ce54c4fd5322ce0cdd65d8c801108005069
26502369363,ci-2-scikit-learn,push,completed,cancelled,2026-05-27T09:16:55Z,2026-05-27T09:29:37Z,762,466d5ce54c4fd5322ce0cdd65d8c801108005069
26502369318,Spelling,push,completed,success,2026-05-27T09:16:55Z,2026-05-27T09:17:39Z,44,466d5ce54c4fd5322ce0cdd65d8c801108005069
26502369261,Build,push,completed,success,2026-05-27T09:16:55Z,2026-05-27T09:18:01Z,66,466d5ce54c4fd5322ce0cdd65d8c801108005069
26502369260,Style,push,completed,success,2026-05-27T09:16:55Z,2026-05-27T09:18:51Z,116,466d5ce54c4fd5322ce0cdd65d8c801108005069
26502369406,ci-7-sql,push,completed,success,2026-05-27T09:16:55Z,2026-05-27T09:19:22Z,147,466d5ce54c4fd5322ce0cdd65d8c801108005069
26502369232,ci-6-litert,push,completed,success,2026-05-27T09:16:55Z,2026-05-27T09:19:54Z,179,466d5ce54c4fd5322ce0cdd65d8c801108005069
26502369233,Pyrefly,push,completed,success,2026-05-27T09:16:55Z,2026-05-27T09:20:24Z,209,466d5ce54c4fd5322ce0cdd65d8c801108005069
26502369362,ci-9-transformers,push,completed,cancelled,2026-05-27T09:16:55Z,2026-05-27T09:20:52Z,237,466d5ce54c4fd5322ce0cdd65d8c801108005069
26502369408,ci-5-torch,push,completed,cancelled,2026-05-27T09:16:55Z,2026-05-27T09:20:52Z,237,466d5ce54c4fd5322ce0cdd65d8c801108005069
26502369237,Mypy,push,completed,cancelled,2026-05-27T09:16:55Z,2026-05-27T09:20:57Z,242,466d5ce54c4fd5322ce0cdd65d8c801108005069
26502369234,ci-10-torch-op-db,push,completed,cancelled,2026-05-27T09:16:55Z,2026-05-27T09:21:07Z,252,466d5ce54c4fd5322ce0cdd65d8c801108005069
26502369259,ci-1-core,push,completed,cancelled,2026-05-27T09:16:55Z,2026-05-27T09:23:09Z,374,466d5ce54c4fd5322ce0cdd65d8c801108005069
26502369435,ci-8-transformers,push,completed,cancelled,2026-05-27T09:16:55Z,2026-05-27T09:24:06Z,431,466d5ce54c4fd5322ce0cdd65d8c801108005069
26501803494,ci-9-transformers,pull_request,completed,failure,2026-05-27T09:05:18Z,2026-05-27T09:45:33Z,2415,0568cc72b30fd1fdb11a878b08fe00cc932b0ed1
26501803657,ci-5-torch,pull_request,completed,success,2026-05-27T09:05:18Z,2026-05-27T09:50:50Z,2732,0568cc72b30fd1fdb11a878b08fe00cc932b0ed1
26501803590,ci-1-core,pull_request,completed,success,2026-05-27T09:05:18Z,2026-05-27T09:33:36Z,1698,0568cc72b30fd1fdb11a878b08fe00cc932b0ed1
26501803596,ci-3-tensorflow,pull_request,completed,success,2026-05-27T09:05:18Z,2026-05-27T09:33:40Z,1702,0568cc72b30fd1fdb11a878b08fe00cc932b0ed1
26501803764,ci-2-scikit-learn,pull_request,completed,success,2026-05-27T09:05:18Z,2026-05-27T09:37:35Z,1937,0568cc72b30fd1fdb11a878b08fe00cc932b0ed1
26501803605,ci-4-torch,pull_request,completed,success,2026-05-27T09:05:18Z,2026-05-27T09:38:17Z,1979,0568cc72b30fd1fdb11a878b08fe00cc932b0ed1
26501803591,ci-10-torch-op-db,pull_request,completed,success,2026-05-27T09:05:18Z,2026-05-27T09:40:12Z,2094,0568cc72b30fd1fdb11a878b08fe00cc932b0ed1
26501803532,ci-6-litert,pull_request,completed,success,2026-05-27T09:05:18Z,2026-05-27T09:25:13Z,1195,0568cc72b30fd1fdb11a878b08fe00cc932b0ed1
26501803536,Pyrefly,pull_request,completed,success,2026-05-27T09:05:18Z,2026-05-27T09:25:03Z,1185,0568cc72b30fd1fdb11a878b08fe00cc932b0ed1
26501803727,ci-7-sql,pull_request,completed,success,2026-05-27T09:05:18Z,2026-05-27T09:28:11Z,1373,0568cc72b30fd1fdb11a878b08fe00cc932b0ed1
26501803493,Style,pull_request,completed,success,2026-05-27T09:05:18Z,2026-05-27T09:29:45Z,1467,0568cc72b30fd1fdb11a878b08fe00cc932b0ed1
26501803539,Mypy,pull_request,completed,success,2026-05-27T09:05:18Z,2026-05-27T09:29:58Z,1480,0568cc72b30fd1fdb11a878b08fe00cc932b0ed1
26501803537,Spelling,pull_request,completed,success,2026-05-27T09:05:18Z,2026-05-27T09:21:22Z,964,0568cc72b30fd1fdb11a878b08fe00cc932b0ed1
26501803618,PR – report impacted subfolders,pull_request,completed,success,2026-05-27T09:05:18Z,2026-05-27T09:23:11Z,1073,0568cc72b30fd1fdb11a878b08fe00cc932b0ed1
26501803595,Build,pull_request,completed,success,2026-05-27T09:05:18Z,2026-05-27T09:23:16Z,1078,0568cc72b30fd1fdb11a878b08fe00cc932b0ed1
26501803593,ci-8-transformers,pull_request,completed,success,2026-05-27T09:05:18Z,2026-05-27T09:30:12Z,1494,0568cc72b30fd1fdb11a878b08fe00cc932b0ed1
26501144355,Addressing comment on PR #2247,dynamic,completed,success,2026-05-27T08:51:57Z,2026-05-27T09:05:30Z,813,2500de3e9e9aede2077dafc994aaf75e75588578
26500786930,ci-6-litert,push,completed,success,2026-05-27T08:44:34Z,2026-05-27T08:59:03Z,869,b5937b7bc0a2c9b6e53923eca4def6d553db5745
26500786882,Style,push,completed,success,2026-05-27T08:44:34Z,2026-05-27T09:03:52Z,1158,b5937b7bc0a2c9b6e53923eca4def6d553db5745
26500786924,Build,push,completed,success,2026-05-27T08:44:34Z,2026-05-27T08:54:29Z,595,b5937b7bc0a2c9b6e53923eca4def6d553db5745
26500786880,ci-7-sql,push,completed,success,2026-05-27T08:44:34Z,2026-05-27T09:07:20Z,1366,b5937b7bc0a2c9b6e53923eca4def6d553db5745
26500786923,ci-10-torch-op-db,push,completed,success,2026-05-27T08:44:34Z,2026-05-27T09:09:03Z,1469,b5937b7bc0a2c9b6e53923eca4def6d553db5745
26500786875,Mypy,push,completed,success,2026-05-27T08:44:34Z,2026-05-27T08:52:43Z,489,b5937b7bc0a2c9b6e53923eca4def6d553db5745
26500786995,Pyrefly,push,completed,success,2026-05-27T08:44:34Z,2026-05-27T08:52:47Z,493,b5937b7bc0a2c9b6e53923eca4def6d553db5745
26500786886,Spelling,push,completed,success,2026-05-27T08:44:34Z,2026-05-27T09:10:32Z,1558,b5937b7bc0a2c9b6e53923eca4def6d553db5745
26500786920,ci-8-transformers,push,completed,success,2026-05-27T08:44:34Z,2026-05-27T09:10:42Z,1568,b5937b7bc0a2c9b6e53923eca4def6d553db5745
26500786883,ci-1-core,push,completed,success,2026-05-27T08:44:34Z,2026-05-27T09:11:18Z,1604,b5937b7bc0a2c9b6e53923eca4def6d553db5745
26500786881,ci-9-transformers,push,completed,cancelled,2026-05-27T08:44:34Z,2026-05-27T09:23:30Z,2336,b5937b7bc0a2c9b6e53923eca4def6d553db5745
26500786919,ci-5-torch,push,completed,cancelled,2026-05-27T08:44:34Z,2026-05-27T09:25:33Z,2459,b5937b7bc0a2c9b6e53923eca4def6d553db5745
26500786878,ci-4-torch,push,completed,cancelled,2026-05-27T08:44:34Z,2026-05-27T09:18:41Z,2047,b5937b7bc0a2c9b6e53923eca4def6d553db5745
26500786925,ci-3-tensorflow,push,completed,cancelled,2026-05-27T08:44:34Z,2026-05-27T09:20:08Z,2134,b5937b7bc0a2c9b6e53923eca4def6d553db5745
26500786884,ci-2-scikit-learn,push,completed,cancelled,2026-05-27T08:44:34Z,2026-05-27T09:20:48Z,2174,b5937b7bc0a2c9b6e53923eca4def6d553db5745
26500756393,ci-4-torch,push,completed,cancelled,2026-05-27T08:43:56Z,2026-05-27T09:01:06Z,1030,78e4186230246f01242eda9d95ff923dee76b4b1
26500756279,ci-8-transformers,push,completed,cancelled,2026-05-27T08:43:56Z,2026-05-27T09:04:19Z,1223,78e4186230246f01242eda9d95ff923dee76b4b1
26500756353,ci-1-core,push,completed,cancelled,2026-05-27T08:43:56Z,2026-05-27T08:57:24Z,808,78e4186230246f01242eda9d95ff923dee76b4b1
26500756480,ci-3-tensorflow,push,completed,cancelled,2026-05-27T08:43:56Z,2026-05-27T09:06:14Z,1338,78e4186230246f01242eda9d95ff923dee76b4b1
26500756535,ci-5-torch,push,completed,cancelled,2026-05-27T08:43:56Z,2026-05-27T09:08:44Z,1488,78e4186230246f01242eda9d95ff923dee76b4b1
26500756275,Spelling,push,completed,cancelled,2026-05-27T08:43:56Z,2026-05-27T08:44:36Z,40,78e4186230246f01242eda9d95ff923dee76b4b1
26500756274,ci-10-torch-op-db,push,completed,cancelled,2026-05-27T08:43:56Z,2026-05-27T08:44:36Z,40,78e4186230246f01242eda9d95ff923dee76b4b1
26500756316,ci-9-transformers,push,completed,cancelled,2026-05-27T08:43:56Z,2026-05-27T08:44:35Z,39,78e4186230246f01242eda9d95ff923dee76b4b1
26500756317,Mypy,push,completed,cancelled,2026-05-27T08:43:56Z,2026-05-27T08:44:36Z,40,78e4186230246f01242eda9d95ff923dee76b4b1
26500756277,Style,push,completed,cancelled,2026-05-27T08:43:56Z,2026-05-27T08:44:36Z,40,78e4186230246f01242eda9d95ff923dee76b4b1
26500756314,Pyrefly,push,completed,cancelled,2026-05-27T08:43:56Z,2026-05-27T08:44:36Z,40,78e4186230246f01242eda9d95ff923dee76b4b1
26500756188,ci-7-sql,push,completed,cancelled,2026-05-27T08:43:56Z,2026-05-27T08:47:40Z,224,78e4186230246f01242eda9d95ff923dee76b4b1
26500756278,ci-6-litert,push,completed,cancelled,2026-05-27T08:43:56Z,2026-05-27T08:48:55Z,299,78e4186230246f01242eda9d95ff923dee76b4b1
26500756313,Build,push,completed,success,2026-05-27T08:43:56Z,2026-05-27T08:52:58Z,542,78e4186230246f01242eda9d95ff923dee76b4b1
26500756390,ci-2-scikit-learn,push,completed,cancelled,2026-05-27T08:43:56Z,2026-05-27T09:15:03Z,1867,78e4186230246f01242eda9d95ff923dee76b4b1
26500288176,ci-10-gallery-transformers,schedule,completed,success,2026-05-27T08:34:00Z,2026-05-27T08:41:52Z,472,b369f928d41294975f70c77f5e7f03d2cf5825aa
26499641735,PR – report impacted subfolders,pull_request,completed,success,2026-05-27T08:20:15Z,2026-05-27T08:32:26Z,731,47a1d15e0222339fe87ce2dbff6c14f78d47819a
26499628718,ci-8-transformers,pull_request,completed,success,2026-05-27T08:19:59Z,2026-05-27T09:02:44Z,2565,47a1d15e0222339fe87ce2dbff6c14f78d47819a
26499628807,ci-4-torch,pull_request,completed,success,2026-05-27T08:19:59Z,2026-05-27T09:02:21Z,2542,47a1d15e0222339fe87ce2dbff6c14f78d47819a
26499628757,Style,pull_request,completed,success,2026-05-27T08:19:59Z,2026-05-27T08:31:58Z,719,47a1d15e0222339fe87ce2dbff6c14f78d47819a
26499628583,ci-3-tensorflow,pull_request,completed,success,2026-05-27T08:19:59Z,2026-05-27T08:48:00Z,1681,47a1d15e0222339fe87ce2dbff6c14f78d47819a
26499628645,ci-5-torch,pull_request,completed,success,2026-05-27T08:19:59Z,2026-05-27T09:13:22Z,3203,47a1d15e0222339fe87ce2dbff6c14f78d47819a
26499628569,ci-6-litert,pull_request,completed,success,2026-05-27T08:19:58Z,2026-05-27T08:57:58Z,2280,47a1d15e0222339fe87ce2dbff6c14f78d47819a
26499628418,PR – report impacted subfolders,pull_request,completed,cancelled,2026-05-27T08:19:58Z,2026-05-27T08:31:21Z,683,47a1d15e0222339fe87ce2dbff6c14f78d47819a
26499628542,PR – report impacted subfolders,pull_request,completed,cancelled,2026-05-27T08:19:58Z,2026-05-27T08:31:20Z,682,47a1d15e0222339fe87ce2dbff6c14f78d47819a
26499628487,Spelling,pull_request,completed,success,2026-05-27T08:19:58Z,2026-05-27T08:31:50Z,712,47a1d15e0222339fe87ce2dbff6c14f78d47819a
26499628469,ci-2-scikit-learn,pull_request,completed,success,2026-05-27T08:19:58Z,2026-05-27T08:43:19Z,1401,47a1d15e0222339fe87ce2dbff6c14f78d47819a
26499628571,ci-9-transformers,pull_request,completed,success,2026-05-27T08:19:58Z,2026-05-27T08:46:52Z,1614,47a1d15e0222339fe87ce2dbff6c14f78d47819a
26499628471,ci-10-torch-op-db,pull_request,completed,success,2026-05-27T08:19:58Z,2026-05-27T08:49:48Z,1790,47a1d15e0222339fe87ce2dbff6c14f78d47819a
26499628545,Build,pull_request,completed,success,2026-05-27T08:19:58Z,2026-05-27T08:33:51Z,833,47a1d15e0222339fe87ce2dbff6c14f78d47819a
26499628421,Mypy,pull_request,completed,success,2026-05-27T08:19:58Z,2026-05-27T08:36:28Z,990,47a1d15e0222339fe87ce2dbff6c14f78d47819a
26499628422,Pyrefly,pull_request,completed,success,2026-05-27T08:19:58Z,2026-05-27T08:37:39Z,1061,47a1d15e0222339fe87ce2dbff6c14f78d47819a
26499628570,ci-7-sql,pull_request,completed,success,2026-05-27T08:19:58Z,2026-05-27T08:38:01Z,1083,47a1d15e0222339fe87ce2dbff6c14f78d47819a
26499628465,ci-1-core,pull_request,completed,success,2026-05-27T08:19:58Z,2026-05-27T08:40:39Z,1241,47a1d15e0222339fe87ce2dbff6c14f78d47819a
26499542596,PR – report impacted subfolders,pull_request,completed,cancelled,2026-05-27T08:18:04Z,2026-05-27T08:32:28Z,864,56e357c3fb4379ce7470b854045a62d9220efd9c
26499526188,ci-9-transformers,pull_request,completed,failure,2026-05-27T08:17:43Z,2026-05-27T09:14:31Z,3408,2500de3e9e9aede2077dafc994aaf75e75588578
26499524879,ci-7-sql,pull_request,completed,success,2026-05-27T08:17:42Z,2026-05-27T08:49:16Z,1894,2500de3e9e9aede2077dafc994aaf75e75588578
26499524257,ci-1-core,pull_request,completed,success,2026-05-27T08:17:41Z,2026-05-27T09:00:48Z,2587,2500de3e9e9aede2077dafc994aaf75e75588578
26499524752,ci-4-torch,pull_request,completed,success,2026-05-27T08:17:41Z,2026-05-27T09:02:22Z,2681,2500de3e9e9aede2077dafc994aaf75e75588578
26499524620,ci-8-transformers,pull_request,completed,success,2026-05-27T08:17:41Z,2026-05-27T09:06:33Z,2932,2500de3e9e9aede2077dafc994aaf75e75588578
26499524230,ci-10-torch-op-db,pull_request,completed,success,2026-05-27T08:17:41Z,2026-05-27T08:49:58Z,1937,2500de3e9e9aede2077dafc994aaf75e75588578
26499524173,ci-2-scikit-learn,pull_request,completed,success,2026-05-27T08:17:41Z,2026-05-27T08:51:20Z,2019,2500de3e9e9aede2077dafc994aaf75e75588578
26499524676,ci-6-litert,pull_request,completed,success,2026-05-27T08:17:41Z,2026-05-27T08:51:34Z,2033,2500de3e9e9aede2077dafc994aaf75e75588578
26499524619,ci-5-torch,pull_request,completed,success,2026-05-27T08:17:41Z,2026-05-27T08:52:54Z,2113,2500de3e9e9aede2077dafc994aaf75e75588578
26499524058,Style,pull_request,completed,success,2026-05-27T08:17:41Z,2026-05-27T08:33:52Z,971,2500de3e9e9aede2077dafc994aaf75e75588578
26499524124,Mypy,pull_request,completed,failure,2026-05-27T08:17:41Z,2026-05-27T08:34:43Z,1022,2500de3e9e9aede2077dafc994aaf75e75588578
26499524231,Build,pull_request,completed,success,2026-05-27T08:17:41Z,2026-05-27T08:36:41Z,1140,2500de3e9e9aede2077dafc994aaf75e75588578
26499524256,PR – report impacted subfolders,pull_request,completed,success,2026-05-27T08:17:41Z,2026-05-27T08:36:58Z,1157,2500de3e9e9aede2077dafc994aaf75e75588578
26499524308,Spelling,pull_request,completed,success,2026-05-27T08:17:41Z,2026-05-27T08:36:50Z,1149,2500de3e9e9aede2077dafc994aaf75e75588578
26499524229,Pyrefly,pull_request,completed,failure,2026-05-27T08:17:41Z,2026-05-27T08:42:41Z,1500,2500de3e9e9aede2077dafc994aaf75e75588578
26499524749,ci-3-tensorflow,pull_request,completed,success,2026-05-27T08:17:41Z,2026-05-27T09:12:35Z,3294,2500de3e9e9aede2077dafc994aaf75e75588578
26499519574,ci-8-transformers,pull_request,completed,success,2026-05-27T08:17:35Z,2026-05-27T09:00:29Z,2574,56e357c3fb4379ce7470b854045a62d9220efd9c
26499519163,ci-4-torch,pull_request,completed,success,2026-05-27T08:17:35Z,2026-05-27T09:02:00Z,2665,56e357c3fb4379ce7470b854045a62d9220efd9c
26499519490,ci-6-litert,pull_request,completed,success,2026-05-27T08:17:35Z,2026-05-27T08:54:08Z,2193,56e357c3fb4379ce7470b854045a62d9220efd9c
26499519379,ci-3-tensorflow,pull_request,completed,success,2026-05-27T08:17:35Z,2026-05-27T09:07:32Z,2997,56e357c3fb4379ce7470b854045a62d9220efd9c
26499519101,ci-7-sql,pull_request,completed,success,2026-05-27T08:17:35Z,2026-05-27T08:52:41Z,2106,56e357c3fb4379ce7470b854045a62d9220efd9c
26499519346,ci-10-torch-op-db,pull_request,completed,success,2026-05-27T08:17:35Z,2026-05-27T08:52:09Z,2074,56e357c3fb4379ce7470b854045a62d9220efd9c
26499519768,Style,pull_request,completed,success,2026-05-27T08:17:35Z,2026-05-27T08:33:35Z,960,56e357c3fb4379ce7470b854045a62d9220efd9c
26499519148,PR – report impacted subfolders,pull_request,completed,success,2026-05-27T08:17:35Z,2026-05-27T08:36:05Z,1110,56e357c3fb4379ce7470b854045a62d9220efd9c
26499519103,Mypy,pull_request,completed,success,2026-05-27T08:17:35Z,2026-05-27T08:37:26Z,1191,56e357c3fb4379ce7470b854045a62d9220efd9c
26499519223,Build,pull_request,completed,success,2026-05-27T08:17:35Z,2026-05-27T08:40:50Z,1395,56e357c3fb4379ce7470b854045a62d9220efd9c
26499519241,ci-2-scikit-learn,pull_request,completed,success,2026-05-27T08:17:35Z,2026-05-27T09:10:22Z,3167,56e357c3fb4379ce7470b854045a62d9220efd9c
26499518271,ci-9-transformers,pull_request,completed,success,2026-05-27T08:17:34Z,2026-05-27T09:03:40Z,2766,56e357c3fb4379ce7470b854045a62d9220efd9c
26499518212,ci-1-core,pull_request,completed,success,2026-05-27T08:17:34Z,2026-05-27T08:54:11Z,2197,56e357c3fb4379ce7470b854045a62d9220efd9c
26499518215,Pyrefly,pull_request,completed,success,2026-05-27T08:17:34Z,2026-05-27T08:39:30Z,1316,56e357c3fb4379ce7470b854045a62d9220efd9c
26499518218,Spelling,pull_request,completed,success,2026-05-27T08:17:34Z,2026-05-27T08:40:48Z,1394,56e357c3fb4379ce7470b854045a62d9220efd9c
26499517806,ci-5-torch,pull_request,completed,success,2026-05-27T08:17:33Z,2026-05-27T08:50:30Z,1977,56e357c3fb4379ce7470b854045a62d9220efd9c
26499362796,Spelling,push,completed,success,2026-05-27T08:14:11Z,2026-05-27T08:18:16Z,245,b369f928d41294975f70c77f5e7f03d2cf5825aa
26499363029,Running Copilot cloud agent,dynamic,completed,success,2026-05-27T08:14:11Z,2026-05-27T08:20:15Z,364,ccf3e0c0e74edc6bebf82a10f387fe9a6b0c3f14
26499362739,Build,push,completed,success,2026-05-27T08:14:11Z,2026-05-27T08:22:35Z,504,b369f928d41294975f70c77f5e7f03d2cf5825aa
26499362800,Style,push,completed,success,2026-05-27T08:14:11Z,2026-05-27T08:23:31Z,560,b369f928d41294975f70c77f5e7f03d2cf5825aa
26499362794,ci-6-litert,push,completed,success,2026-05-27T08:14:11Z,2026-05-27T08:23:23Z,552,b369f928d41294975f70c77f5e7f03d2cf5825aa
26499362956,ci-7-sql,push,completed,success,2026-05-27T08:14:11Z,2026-05-27T08:28:25Z,854,b369f928d41294975f70c77f5e7f03d2cf5825aa
26499363007,ci-8-transformers,push,completed,success,2026-05-27T08:14:11Z,2026-05-27T08:24:46Z,635,b369f928d41294975f70c77f5e7f03d2cf5825aa
26499363151,ci-1-core,push,completed,success,2026-05-27T08:14:11Z,2026-05-27T08:25:52Z,701,b369f928d41294975f70c77f5e7f03d2cf5825aa
26499362900,Pyrefly,push,completed,success,2026-05-27T08:14:11Z,2026-05-27T08:27:48Z,817,b369f928d41294975f70c77f5e7f03d2cf5825aa
26499362801,Mypy,push,completed,success,2026-05-27T08:14:11Z,2026-05-27T08:28:43Z,872,b369f928d41294975f70c77f5e7f03d2cf5825aa
26499362795,ci-2-scikit-learn,push,completed,success,2026-05-27T08:14:11Z,2026-05-27T08:31:49Z,1058,b369f928d41294975f70c77f5e7f03d2cf5825aa
26499363025,ci-10-torch-op-db,push,completed,success,2026-05-27T08:14:11Z,2026-05-27T08:32:56Z,1125,b369f928d41294975f70c77f5e7f03d2cf5825aa
26499362864,ci-9-transformers,push,completed,cancelled,2026-05-27T08:14:11Z,2026-05-27T08:44:55Z,1844,b369f928d41294975f70c77f5e7f03d2cf5825aa
26499362793,ci-3-tensorflow,push,completed,success,2026-05-27T08:14:11Z,2026-05-27T08:33:39Z,1168,b369f928d41294975f70c77f5e7f03d2cf5825aa
26499363005,ci-4-torch,push,completed,success,2026-05-27T08:14:11Z,2026-05-27T08:36:40Z,1349,b369f928d41294975f70c77f5e7f03d2cf5825aa
26499362842,ci-5-torch,push,completed,success,2026-05-27T08:14:11Z,2026-05-27T08:40:17Z,1566,b369f928d41294975f70c77f5e7f03d2cf5825aa
26499269112,Build,push,completed,success,2026-05-27T08:12:11Z,2026-05-27T08:18:15Z,364,a5fe769e40f46be347bbe86fead98a17554e3ef5
26499269149,ci-2-scikit-learn,push,completed,cancelled,2026-05-27T08:12:11Z,2026-05-27T08:27:36Z,925,a5fe769e40f46be347bbe86fead98a17554e3ef5
26499269151,Style,push,completed,success,2026-05-27T08:12:11Z,2026-05-27T08:13:15Z,64,a5fe769e40f46be347bbe86fead98a17554e3ef5
26499269218,ci-3-tensorflow,push,completed,cancelled,2026-05-27T08:12:11Z,2026-05-27T08:14:13Z,122,a5fe769e40f46be347bbe86fead98a17554e3ef5
26499269113,ci-6-litert,push,completed,cancelled,2026-05-27T08:12:11Z,2026-05-27T08:14:13Z,122,a5fe769e40f46be347bbe86fead98a17554e3ef5
26499269043,Pyrefly,push,completed,cancelled,2026-05-27T08:12:11Z,2026-05-27T08:14:13Z,122,a5fe769e40f46be347bbe86fead98a17554e3ef5
26499269224,ci-5-torch,push,completed,cancelled,2026-05-27T08:12:11Z,2026-05-27T08:14:13Z,122,a5fe769e40f46be347bbe86fead98a17554e3ef5
26499269107,ci-8-transformers,push,completed,cancelled,2026-05-27T08:12:11Z,2026-05-27T08:14:13Z,122,a5fe769e40f46be347bbe86fead98a17554e3ef5
26499269180,ci-1-core,push,completed,cancelled,2026-05-27T08:12:11Z,2026-05-27T08:14:13Z,122,a5fe769e40f46be347bbe86fead98a17554e3ef5
26499269038,ci-4-torch,push,completed,cancelled,2026-05-27T08:12:11Z,2026-05-27T08:14:13Z,122,a5fe769e40f46be347bbe86fead98a17554e3ef5
26499269219,ci-9-transformers,push,completed,cancelled,2026-05-27T08:12:11Z,2026-05-27T08:14:13Z,122,a5fe769e40f46be347bbe86fead98a17554e3ef5
26499269114,ci-7-sql,push,completed,cancelled,2026-05-27T08:12:11Z,2026-05-27T08:14:13Z,122,a5fe769e40f46be347bbe86fead98a17554e3ef5
26499269104,ci-10-torch-op-db,push,completed,cancelled,2026-05-27T08:12:11Z,2026-05-27T08:14:14Z,123,a5fe769e40f46be347bbe86fead98a17554e3ef5
26499269115,Spelling,push,completed,cancelled,2026-05-27T08:12:11Z,2026-05-27T08:14:14Z,123,a5fe769e40f46be347bbe86fead98a17554e3ef5
26499269041,Mypy,push,completed,cancelled,2026-05-27T08:12:11Z,2026-05-27T08:14:16Z,125,a5fe769e40f46be347bbe86fead98a17554e3ef5
26499127890,ci-8-transformers,push,completed,cancelled,2026-05-27T08:09:08Z,2026-05-27T08:18:21Z,553,98ee2b33ed7cf633812a87a1228122bebee69fd2
26499127843,ci-5-torch,push,completed,cancelled,2026-05-27T08:09:08Z,2026-05-27T08:27:39Z,1111,98ee2b33ed7cf633812a87a1228122bebee69fd2
26499127748,ci-7-sql,push,completed,cancelled,2026-05-27T08:09:08Z,2026-05-27T08:25:20Z,972,98ee2b33ed7cf633812a87a1228122bebee69fd2
26499127891,ci-4-torch,push,completed,cancelled,2026-05-27T08:09:08Z,2026-05-27T08:26:27Z,1039,98ee2b33ed7cf633812a87a1228122bebee69fd2
26499127779,ci-3-tensorflow,push,completed,cancelled,2026-05-27T08:09:08Z,2026-05-27T08:28:33Z,1165,98ee2b33ed7cf633812a87a1228122bebee69fd2
26499127830,Build,push,completed,success,2026-05-27T08:09:08Z,2026-05-27T08:10:55Z,107,98ee2b33ed7cf633812a87a1228122bebee69fd2
26499127829,ci-9-transformers,push,completed,cancelled,2026-05-27T08:09:08Z,2026-05-27T08:12:13Z,185,98ee2b33ed7cf633812a87a1228122bebee69fd2
26499127822,ci-6-litert,push,completed,cancelled,2026-05-27T08:09:08Z,2026-05-27T08:12:13Z,185,98ee2b33ed7cf633812a87a1228122bebee69fd2
26499127895,ci-1-core,push,completed,cancelled,2026-05-27T08:09:08Z,2026-05-27T08:17:53Z,525,98ee2b33ed7cf633812a87a1228122bebee69fd2
26499127610,Style,push,completed,cancelled,2026-05-27T08:09:07Z,2026-05-27T08:12:13Z,186,98ee2b33ed7cf633812a87a1228122bebee69fd2
26499127607,ci-2-scikit-learn,push,completed,cancelled,2026-05-27T08:09:07Z,2026-05-27T08:12:13Z,186,98ee2b33ed7cf633812a87a1228122bebee69fd2
26499127604,Spelling,push,completed,cancelled,2026-05-27T08:09:07Z,2026-05-27T08:12:13Z,186,98ee2b33ed7cf633812a87a1228122bebee69fd2
26499127605,ci-10-torch-op-db,push,completed,cancelled,2026-05-27T08:09:07Z,2026-05-27T08:12:26Z,199,98ee2b33ed7cf633812a87a1228122bebee69fd2
26499127690,Pyrefly,push,completed,cancelled,2026-05-27T08:09:07Z,2026-05-27T08:12:20Z,193,98ee2b33ed7cf633812a87a1228122bebee69fd2
26499127609,Mypy,push,completed,cancelled,2026-05-27T08:09:07Z,2026-05-27T08:12:24Z,197,98ee2b33ed7cf633812a87a1228122bebee69fd2
26499109295,Addressing comment on PR #2253,dynamic,completed,success,2026-05-27T08:08:44Z,2026-05-27T08:18:07Z,563,67f02a616bcd2d78337cc5a879a0059ef2329996
26499096713,ci-6-litert,schedule,completed,cancelled,2026-05-27T08:08:28Z,2026-05-27T08:18:57Z,629,a287472ae57f9f70433baba6c2fb181be28b6492
26498992336,ci-9-transformers,schedule,completed,cancelled,2026-05-27T08:06:13Z,2026-05-27T08:30:05Z,1432,a287472ae57f9f70433baba6c2fb181be28b6492
26498841624,Addressing comment on PR #2247,dynamic,completed,success,2026-05-27T08:02:58Z,2026-05-27T08:17:57Z,899,6acb329b97e79f150cd261c48c3f3e6858468172
26498751195,ci-2-scikit-learn,schedule,completed,cancelled,2026-05-27T08:00:59Z,2026-05-27T08:13:05Z,726,a287472ae57f9f70433baba6c2fb181be28b6492
26498496891,ci-3-tensorflow,schedule,completed,success,2026-05-27T07:55:39Z,2026-05-27T08:05:44Z,605,a287472ae57f9f70433baba6c2fb181be28b6492
26498460119,ci-7-sql,schedule,completed,success,2026-05-27T07:54:52Z,2026-05-27T07:57:11Z,139,a287472ae57f9f70433baba6c2fb181be28b6492
26496999038,Addressing comment on PR #2249,dynamic,completed,success,2026-05-27T07:22:25Z,2026-05-27T07:29:40Z,435,8ac489fc558723599d6ac3e291122367f21f8fd3
26496980676,Addressing comment on PR #2253,dynamic,completed,success,2026-05-27T07:21:59Z,2026-05-27T08:00:48Z,2329,67f02a616bcd2d78337cc5a879a0059ef2329996
26496758641,ci-8-transformers,push,completed,success,2026-05-27T07:16:52Z,2026-05-27T07:37:12Z,1220,a287472ae57f9f70433baba6c2fb181be28b6492
26496758564,ci-5-torch,push,completed,success,2026-05-27T07:16:52Z,2026-05-27T07:38:14Z,1282,a287472ae57f9f70433baba6c2fb181be28b6492
26496758605,ci-6-litert,push,completed,success,2026-05-27T07:16:52Z,2026-05-27T07:21:10Z,258,a287472ae57f9f70433baba6c2fb181be28b6492
26496758608,ci-7-sql,push,completed,success,2026-05-27T07:16:52Z,2026-05-27T07:22:28Z,336,a287472ae57f9f70433baba6c2fb181be28b6492
26496758607,ci-4-torch,push,completed,success,2026-05-27T07:16:52Z,2026-05-27T07:26:12Z,560,a287472ae57f9f70433baba6c2fb181be28b6492
26496758528,ci-10-torch-op-db,push,completed,success,2026-05-27T07:16:52Z,2026-05-27T07:40:40Z,1428,a287472ae57f9f70433baba6c2fb181be28b6492
26496758610,ci-3-tensorflow,push,completed,success,2026-05-27T07:16:52Z,2026-05-27T07:41:21Z,1469,a287472ae57f9f70433baba6c2fb181be28b6492
26496758527,ci-2-scikit-learn,push,completed,success,2026-05-27T07:16:52Z,2026-05-27T07:43:00Z,1568,a287472ae57f9f70433baba6c2fb181be28b6492
26496758566,ci-9-transformers,push,completed,success,2026-05-27T07:16:52Z,2026-05-27T07:51:37Z,2085,a287472ae57f9f70433baba6c2fb181be28b6492
26496758478,ci-1-core,push,completed,success,2026-05-27T07:16:51Z,2026-05-27T07:31:35Z,884,a287472ae57f9f70433baba6c2fb181be28b6492
26496758525,Pyrefly,push,completed,success,2026-05-27T07:16:51Z,2026-05-27T07:31:57Z,906,a287472ae57f9f70433baba6c2fb181be28b6492
26496758479,Style,push,completed,success,2026-05-27T07:16:51Z,2026-05-27T07:18:44Z,113,a287472ae57f9f70433baba6c2fb181be28b6492
26496758456,Mypy,push,completed,success,2026-05-27T07:16:51Z,2026-05-27T07:22:19Z,328,a287472ae57f9f70433baba6c2fb181be28b6492
26496758480,Spelling,push,completed,success,2026-05-27T07:16:51Z,2026-05-27T07:23:58Z,427,a287472ae57f9f70433baba6c2fb181be28b6492
26496758477,Build,push,completed,success,2026-05-27T07:16:51Z,2026-05-27T07:24:05Z,434,a287472ae57f9f70433baba6c2fb181be28b6492
26496491401,PR – report impacted subfolders,pull_request,completed,success,2026-05-27T07:10:26Z,2026-05-27T07:48:07Z,2261,313e7fa04266b35a0f8207b84484eb770dfe1b1a
26496472415,ci-10-torch-op-db,pull_request,completed,success,2026-05-27T07:10:00Z,2026-05-27T08:00:33Z,3033,313e7fa04266b35a0f8207b84484eb770dfe1b1a
26496472416,Spelling,pull_request,completed,success,2026-05-27T07:10:00Z,2026-05-27T07:25:34Z,934,313e7fa04266b35a0f8207b84484eb770dfe1b1a
26496472409,ci-8-transformers,pull_request,completed,success,2026-05-27T07:10:00Z,2026-05-27T08:07:05Z,3425,313e7fa04266b35a0f8207b84484eb770dfe1b1a
26496472407,ci-4-torch,pull_request,completed,success,2026-05-27T07:10:00Z,2026-05-27T08:07:30Z,3450,313e7fa04266b35a0f8207b84484eb770dfe1b1a
26496472413,ci-9-transformers,pull_request,completed,success,2026-05-27T07:10:00Z,2026-05-27T08:16:49Z,4009,313e7fa04266b35a0f8207b84484eb770dfe1b1a
26496472204,ci-2-scikit-learn,pull_request,completed,success,2026-05-27T07:09:59Z,2026-05-27T07:57:21Z,2842,313e7fa04266b35a0f8207b84484eb770dfe1b1a
26496472290,ci-5-torch,pull_request,completed,success,2026-05-27T07:09:59Z,2026-05-27T07:58:05Z,2886,313e7fa04266b35a0f8207b84484eb770dfe1b1a
26496472320,ci-6-litert,pull_request,completed,success,2026-05-27T07:09:59Z,2026-05-27T07:59:11Z,2952,313e7fa04266b35a0f8207b84484eb770dfe1b1a
26496472229,ci-7-sql,pull_request,completed,success,2026-05-27T07:09:59Z,2026-05-27T07:46:59Z,2220,313e7fa04266b35a0f8207b84484eb770dfe1b1a
26496472283,ci-1-core,pull_request,completed,success,2026-05-27T07:09:59Z,2026-05-27T08:00:56Z,3057,313e7fa04266b35a0f8207b84484eb770dfe1b1a
26496472200,PR – report impacted subfolders,pull_request,completed,cancelled,2026-05-27T07:09:59Z,2026-05-27T07:20:45Z,646,313e7fa04266b35a0f8207b84484eb770dfe1b1a
26496472049,PR – report impacted subfolders,pull_request,completed,cancelled,2026-05-27T07:09:59Z,2026-05-27T07:20:44Z,645,313e7fa04266b35a0f8207b84484eb770dfe1b1a
26496472227,Style,pull_request,completed,success,2026-05-27T07:09:59Z,2026-05-27T07:22:02Z,723,313e7fa04266b35a0f8207b84484eb770dfe1b1a
26496472201,Build,pull_request,completed,success,2026-05-27T07:09:59Z,2026-05-27T07:25:25Z,926,313e7fa04266b35a0f8207b84484eb770dfe1b1a
26496472231,Mypy,pull_request,completed,success,2026-05-27T07:09:59Z,2026-05-27T07:29:54Z,1195,313e7fa04266b35a0f8207b84484eb770dfe1b1a
26496472230,Pyrefly,pull_request,completed,success,2026-05-27T07:09:59Z,2026-05-27T07:43:24Z,2005,313e7fa04266b35a0f8207b84484eb770dfe1b1a
26496472228,ci-3-tensorflow,pull_request,completed,success,2026-05-27T07:09:59Z,2026-05-27T07:51:49Z,2510,313e7fa04266b35a0f8207b84484eb770dfe1b1a
26495934684,Running Copilot cloud agent,dynamic,completed,success,2026-05-27T06:57:11Z,2026-05-27T07:10:29Z,798,c230de0e9f1b90088fb4a8d1d2592e0e89243111
26495882739,ci-4-torch,pull_request,completed,success,2026-05-27T06:55:53Z,2026-05-27T07:55:41Z,3588,0e15b21b3cff0d1b6c0b16929cb461cfb077f2e2
26495883007,ci-5-torch,pull_request,completed,success,2026-05-27T06:55:53Z,2026-05-27T07:55:59Z,3606,0e15b21b3cff0d1b6c0b16929cb461cfb077f2e2
26495882744,ci-6-litert,pull_request,completed,success,2026-05-27T06:55:53Z,2026-05-27T07:31:18Z,2125,0e15b21b3cff0d1b6c0b16929cb461cfb077f2e2
26495882735,ci-10-torch-op-db,pull_request,completed,success,2026-05-27T06:55:53Z,2026-05-27T07:36:50Z,2457,0e15b21b3cff0d1b6c0b16929cb461cfb077f2e2
26495882734,ci-2-scikit-learn,pull_request,completed,success,2026-05-27T06:55:53Z,2026-05-27T07:47:16Z,3083,0e15b21b3cff0d1b6c0b16929cb461cfb077f2e2
26495882784,ci-3-tensorflow,pull_request,completed,success,2026-05-27T06:55:53Z,2026-05-27T07:47:44Z,3111,0e15b21b3cff0d1b6c0b16929cb461cfb077f2e2
26495882716,ci-8-transformers,pull_request,completed,success,2026-05-27T06:55:53Z,2026-05-27T07:48:42Z,3169,0e15b21b3cff0d1b6c0b16929cb461cfb077f2e2
26495882740,PR – report impacted subfolders,pull_request,completed,success,2026-05-27T06:55:53Z,2026-05-27T07:18:13Z,1340,0e15b21b3cff0d1b6c0b16929cb461cfb077f2e2
26495882785,Build,pull_request,completed,success,2026-05-27T06:55:53Z,2026-05-27T07:18:28Z,1355,0e15b21b3cff0d1b6c0b16929cb461cfb077f2e2
26495882746,Spelling,pull_request,completed,success,2026-05-27T06:55:53Z,2026-05-27T07:20:33Z,1480,0e15b21b3cff0d1b6c0b16929cb461cfb077f2e2
26495882822,Pyrefly,pull_request,completed,success,2026-05-27T06:55:53Z,2026-05-27T07:24:50Z,1737,0e15b21b3cff0d1b6c0b16929cb461cfb077f2e2
26495882821,Mypy,pull_request,completed,success,2026-05-27T06:55:53Z,2026-05-27T07:31:02Z,2109,0e15b21b3cff0d1b6c0b16929cb461cfb077f2e2
26495883013,ci-9-transformers,pull_request,completed,success,2026-05-27T06:55:53Z,2026-05-27T08:13:58Z,4685,0e15b21b3cff0d1b6c0b16929cb461cfb077f2e2
26495882717,ci-1-core,pull_request,completed,success,2026-05-27T06:55:53Z,2026-05-27T07:42:22Z,2789,0e15b21b3cff0d1b6c0b16929cb461cfb077f2e2
26495882737,Style,pull_request,completed,success,2026-05-27T06:55:53Z,2026-05-27T07:43:37Z,2864,0e15b21b3cff0d1b6c0b16929cb461cfb077f2e2
26495882738,ci-7-sql,pull_request,completed,success,2026-05-27T06:55:53Z,2026-05-27T07:50:09Z,3256,0e15b21b3cff0d1b6c0b16929cb461cfb077f2e2
26495795373,ci-8-transformers,schedule,completed,success,2026-05-27T06:53:45Z,2026-05-27T07:00:33Z,408,f66bef354199e084c91ba6a2bf9735107c55e450
26495720779,Addressing comment on PR #2235,dynamic,completed,success,2026-05-27T06:51:55Z,2026-05-27T06:56:08Z,253,60162a51570beca4806d1a78f9743ac973abe553
26495711899,PR – report impacted subfolders,pull_request,completed,success,2026-05-27T06:51:42Z,2026-05-27T07:31:47Z,2405,8ac489fc558723599d6ac3e291122367f21f8fd3
26495693300,ci-7-sql,pull_request,completed,success,2026-05-27T06:51:16Z,2026-05-27T08:11:23Z,4807,8ac489fc558723599d6ac3e291122367f21f8fd3
26495693048,ci-8-transformers,pull_request,completed,success,2026-05-27T06:51:15Z,2026-05-27T07:54:26Z,3791,8ac489fc558723599d6ac3e291122367f21f8fd3
26495693005,ci-10-torch-op-db,pull_request,completed,success,2026-05-27T06:51:15Z,2026-05-27T07:47:10Z,3355,8ac489fc558723599d6ac3e291122367f21f8fd3
26495692928,ci-1-core,pull_request,completed,success,2026-05-27T06:51:15Z,2026-05-27T07:47:41Z,3386,8ac489fc558723599d6ac3e291122367f21f8fd3
26495693051,ci-5-torch,pull_request,completed,success,2026-05-27T06:51:15Z,2026-05-27T08:22:58Z,5503,8ac489fc558723599d6ac3e291122367f21f8fd3
26495693050,ci-9-transformers,pull_request,completed,success,2026-05-27T06:51:15Z,2026-05-27T08:31:27Z,6012,8ac489fc558723599d6ac3e291122367f21f8fd3
26495693047,PR – report impacted subfolders,pull_request,completed,cancelled,2026-05-27T06:51:15Z,2026-05-27T07:19:52Z,1717,8ac489fc558723599d6ac3e291122367f21f8fd3
26495692707,PR – report impacted subfolders,pull_request,completed,cancelled,2026-05-27T06:51:15Z,2026-05-27T07:19:53Z,1718,8ac489fc558723599d6ac3e291122367f21f8fd3
26495692883,Style,pull_request,completed,success,2026-05-27T06:51:15Z,2026-05-27T07:23:24Z,1929,8ac489fc558723599d6ac3e291122367f21f8fd3
26495692931,Pyrefly,pull_request,completed,success,2026-05-27T06:51:15Z,2026-05-27T07:23:15Z,1920,8ac489fc558723599d6ac3e291122367f21f8fd3
26495693008,Spelling,pull_request,completed,success,2026-05-27T06:51:15Z,2026-05-27T07:22:42Z,1887,8ac489fc558723599d6ac3e291122367f21f8fd3
26495692929,Mypy,pull_request,completed,success,2026-05-27T06:51:15Z,2026-05-27T07:23:42Z,1947,8ac489fc558723599d6ac3e291122367f21f8fd3
26495692888,Build,pull_request,completed,success,2026-05-27T06:51:15Z,2026-05-27T07:23:52Z,1957,8ac489fc558723599d6ac3e291122367f21f8fd3
26495693049,ci-3-tensorflow,pull_request,completed,success,2026-05-27T06:51:15Z,2026-05-27T08:11:18Z,4803,8ac489fc558723599d6ac3e291122367f21f8fd3
26495693147,ci-6-litert,pull_request,completed,success,2026-05-27T06:51:15Z,2026-05-27T07:43:47Z,3152,8ac489fc558723599d6ac3e291122367f21f8fd3
26495692881,ci-2-scikit-learn,pull_request,completed,success,2026-05-27T06:51:15Z,2026-05-27T07:52:53Z,3698,8ac489fc558723599d6ac3e291122367f21f8fd3
26495693052,ci-4-torch,pull_request,completed,success,2026-05-27T06:51:15Z,2026-05-27T08:33:37Z,6142,8ac489fc558723599d6ac3e291122367f21f8fd3
26495568902,PR – report impacted subfolders,pull_request,completed,success,2026-05-27T06:48:10Z,2026-05-27T07:41:46Z,3216,6acb329b97e79f150cd261c48c3f3e6858468172
26495549957,ci-3-tensorflow,pull_request,completed,success,2026-05-27T06:47:42Z,2026-05-27T08:01:23Z,4421,6acb329b97e79f150cd261c48c3f3e6858468172
26495549714,ci-2-scikit-learn,pull_request,completed,success,2026-05-27T06:47:41Z,2026-05-27T07:56:44Z,4143,6acb329b97e79f150cd261c48c3f3e6858468172
26495549818,ci-5-torch,pull_request,completed,success,2026-05-27T06:47:41Z,2026-05-27T07:58:30Z,4249,6acb329b97e79f150cd261c48c3f3e6858468172
26495549853,ci-7-sql,pull_request,completed,success,2026-05-27T06:47:41Z,2026-05-27T07:36:50Z,2949,6acb329b97e79f150cd261c48c3f3e6858468172
26495549700,Spelling,pull_request,completed,success,2026-05-27T06:47:41Z,2026-05-27T07:39:45Z,3124,6acb329b97e79f150cd261c48c3f3e6858468172
26495549755,Style,pull_request,completed,success,2026-05-27T06:47:41Z,2026-05-27T07:44:26Z,3405,6acb329b97e79f150cd261c48c3f3e6858468172
26495549713,ci-10-torch-op-db,pull_request,completed,success,2026-05-27T06:47:41Z,2026-05-27T07:45:45Z,3484,6acb329b97e79f150cd261c48c3f3e6858468172
26495549756,PR – report impacted subfolders,pull_request,completed,cancelled,2026-05-27T06:47:41Z,2026-05-27T07:18:12Z,1831,6acb329b97e79f150cd261c48c3f3e6858468172
26495549467,PR – report impacted subfolders,pull_request,completed,cancelled,2026-05-27T06:47:41Z,2026-05-27T07:18:11Z,1830,6acb329b97e79f150cd261c48c3f3e6858468172
26495549716,Pyrefly,pull_request,completed,failure,2026-05-27T06:47:41Z,2026-05-27T07:22:27Z,2086,6acb329b97e79f150cd261c48c3f3e6858468172
26495549712,Mypy,pull_request,completed,failure,2026-05-27T06:47:41Z,2026-05-27T07:25:35Z,2274,6acb329b97e79f150cd261c48c3f3e6858468172
26495549754,Build,pull_request,completed,success,2026-05-27T06:47:41Z,2026-05-27T07:27:40Z,2399,6acb329b97e79f150cd261c48c3f3e6858468172
26495549831,ci-4-torch,pull_request,completed,success,2026-05-27T06:47:41Z,2026-05-27T08:11:48Z,5047,6acb329b97e79f150cd261c48c3f3e6858468172
26495549797,ci-8-transformers,pull_request,completed,success,2026-05-27T06:47:41Z,2026-05-27T08:11:52Z,5051,6acb329b97e79f150cd261c48c3f3e6858468172
26495549856,ci-6-litert,pull_request,completed,success,2026-05-27T06:47:41Z,2026-05-27T07:42:42Z,3301,6acb329b97e79f150cd261c48c3f3e6858468172
26495549817,ci-9-transformers,pull_request,completed,failure,2026-05-27T06:47:41Z,2026-05-27T08:06:25Z,4724,6acb329b97e79f150cd261c48c3f3e6858468172
26495549715,ci-1-core,pull_request,completed,success,2026-05-27T06:47:41Z,2026-05-27T08:06:34Z,4733,6acb329b97e79f150cd261c48c3f3e6858468172
26495470033,Running Copilot cloud agent,dynamic,completed,success,2026-05-27T06:45:40Z,2026-05-27T06:54:28Z,528,fda849e71f3fbea144f2ab31a0586428b0cbe790
26495453910,PR – report impacted subfolders,pull_request,completed,cancelled,2026-05-27T06:45:18Z,2026-05-27T07:17:39Z,1941,871889654a8ab40ab1f804ed2734489dbc5995fe
26495438304,ci-2-scikit-learn,pull_request,completed,success,2026-05-27T06:44:57Z,2026-05-27T07:59:08Z,4451,871889654a8ab40ab1f804ed2734489dbc5995fe
26495438326,Pyrefly,pull_request,completed,success,2026-05-27T06:44:57Z,2026-05-27T07:38:45Z,3228,871889654a8ab40ab1f804ed2734489dbc5995fe
26495438302,ci-7-sql,pull_request,completed,success,2026-05-27T06:44:57Z,2026-05-27T07:46:47Z,3710,871889654a8ab40ab1f804ed2734489dbc5995fe
26495438299,ci-8-transformers,pull_request,completed,success,2026-05-27T06:44:57Z,2026-05-27T08:18:07Z,5590,871889654a8ab40ab1f804ed2734489dbc5995fe
26495438330,ci-9-transformers,pull_request,completed,success,2026-05-27T06:44:57Z,2026-05-27T08:32:06Z,6429,871889654a8ab40ab1f804ed2734489dbc5995fe
26495438323,PR – report impacted subfolders,pull_request,completed,cancelled,2026-05-27T06:44:57Z,2026-05-27T07:17:39Z,1962,871889654a8ab40ab1f804ed2734489dbc5995fe
26495438297,Build,pull_request,completed,success,2026-05-27T06:44:57Z,2026-05-27T07:18:00Z,1983,871889654a8ab40ab1f804ed2734489dbc5995fe
26495438332,Spelling,pull_request,completed,success,2026-05-27T06:44:57Z,2026-05-27T07:22:11Z,2234,871889654a8ab40ab1f804ed2734489dbc5995fe
26495438295,Style,pull_request,completed,success,2026-05-27T06:44:57Z,2026-05-27T07:23:30Z,2313,871889654a8ab40ab1f804ed2734489dbc5995fe
26495438364,PR – report impacted subfolders,pull_request,completed,success,2026-05-27T06:44:57Z,2026-05-27T07:25:44Z,2447,871889654a8ab40ab1f804ed2734489dbc5995fe
26495438362,Mypy,pull_request,completed,success,2026-05-27T06:44:57Z,2026-05-27T07:27:17Z,2540,871889654a8ab40ab1f804ed2734489dbc5995fe
26495438325,ci-6-litert,pull_request,completed,success,2026-05-27T06:44:57Z,2026-05-27T07:26:47Z,2510,871889654a8ab40ab1f804ed2734489dbc5995fe
26495438298,ci-5-torch,pull_request,completed,success,2026-05-27T06:44:57Z,2026-05-27T08:13:43Z,5326,871889654a8ab40ab1f804ed2734489dbc5995fe
26495438328,ci-4-torch,pull_request,completed,success,2026-05-27T06:44:57Z,2026-05-27T08:15:23Z,5426,871889654a8ab40ab1f804ed2734489dbc5995fe
26495438365,ci-10-torch-op-db,pull_request,completed,success,2026-05-27T06:44:57Z,2026-05-27T07:42:33Z,3456,871889654a8ab40ab1f804ed2734489dbc5995fe
26495438327,ci-3-tensorflow,pull_request,completed,success,2026-05-27T06:44:57Z,2026-05-27T08:02:24Z,4647,871889654a8ab40ab1f804ed2734489dbc5995fe
26495438300,ci-1-core,pull_request,completed,success,2026-05-27T06:44:57Z,2026-05-27T08:06:14Z,4877,871889654a8ab40ab1f804ed2734489dbc5995fe
26495390989,PR – report impacted subfolders,pull_request,completed,cancelled,2026-05-27T06:43:43Z,2026-05-27T07:16:35Z,1972,aaf1a7364b317f6d7a4172c9134ff498bd56f6c2
26495372034,ci-10-torch-op-db,pull_request,completed,success,2026-05-27T06:43:15Z,2026-05-27T07:36:19Z,3184,aaf1a7364b317f6d7a4172c9134ff498bd56f6c2
26495372029,ci-6-litert,pull_request,completed,success,2026-05-27T06:43:15Z,2026-05-27T07:37:22Z,3247,aaf1a7364b317f6d7a4172c9134ff498bd56f6c2
26495371991,ci-5-torch,pull_request,completed,success,2026-05-27T06:43:15Z,2026-05-27T07:38:50Z,3335,aaf1a7364b317f6d7a4172c9134ff498bd56f6c2
26495372030,ci-4-torch,pull_request,completed,success,2026-05-27T06:43:15Z,2026-05-27T07:45:22Z,3727,aaf1a7364b317f6d7a4172c9134ff498bd56f6c2
26495372033,PR – report impacted subfolders,pull_request,completed,cancelled,2026-05-27T06:43:15Z,2026-05-27T07:16:36Z,2001,aaf1a7364b317f6d7a4172c9134ff498bd56f6c2
26495372025,Spelling,pull_request,completed,success,2026-05-27T06:43:15Z,2026-05-27T07:17:02Z,2027,aaf1a7364b317f6d7a4172c9134ff498bd56f6c2
26495371990,Style,pull_request,completed,success,2026-05-27T06:43:15Z,2026-05-27T07:17:57Z,2082,aaf1a7364b317f6d7a4172c9134ff498bd56f6c2
26495371986,Pyrefly,pull_request,completed,success,2026-05-27T06:43:15Z,2026-05-27T07:18:43Z,2128,aaf1a7364b317f6d7a4172c9134ff498bd56f6c2
26495372061,PR – report impacted subfolders,pull_request,completed,success,2026-05-27T06:43:15Z,2026-05-27T07:19:01Z,2146,aaf1a7364b317f6d7a4172c9134ff498bd56f6c2
26495372037,Mypy,pull_request,completed,success,2026-05-27T06:43:15Z,2026-05-27T07:20:08Z,2213,aaf1a7364b317f6d7a4172c9134ff498bd56f6c2
26495372028,Build,pull_request,completed,success,2026-05-27T06:43:15Z,2026-05-27T07:23:39Z,2424,aaf1a7364b317f6d7a4172c9134ff498bd56f6c2
26495372035,ci-7-sql,pull_request,completed,success,2026-05-27T06:43:15Z,2026-05-27T07:28:56Z,2741,aaf1a7364b317f6d7a4172c9134ff498bd56f6c2
26495372026,ci-1-core,pull_request,completed,success,2026-05-27T06:43:15Z,2026-05-27T07:41:26Z,3491,aaf1a7364b317f6d7a4172c9134ff498bd56f6c2
26495371981,ci-2-scikit-learn,pull_request,completed,success,2026-05-27T06:43:15Z,2026-05-27T07:43:46Z,3631,aaf1a7364b317f6d7a4172c9134ff498bd56f6c2
26495371992,ci-3-tensorflow,pull_request,completed,success,2026-05-27T06:43:15Z,2026-05-27T07:43:13Z,3598,aaf1a7364b317f6d7a4172c9134ff498bd56f6c2
26495372085,ci-8-transformers,pull_request,completed,success,2026-05-27T06:43:15Z,2026-05-27T07:50:26Z,4031,aaf1a7364b317f6d7a4172c9134ff498bd56f6c2
26495372036,ci-9-transformers,pull_request,completed,success,2026-05-27T06:43:15Z,2026-05-27T08:06:01Z,4966,aaf1a7364b317f6d7a4172c9134ff498bd56f6c2
26495245106,Running Copilot cloud agent,dynamic,completed,success,2026-05-27T06:40:04Z,2026-05-27T06:51:46Z,702,9e4cdb564b9ad24cc19236a365b2be5d7ada74e0
26495220327,Running Copilot cloud agent,dynamic,completed,success,2026-05-27T06:39:24Z,2026-05-27T06:48:14Z,530,bb2318708a9b9bee5e02ca8f843cc315ff001664
26495210501,PR – report impacted subfolders,pull_request,completed,cancelled,2026-05-27T06:39:09Z,2026-05-27T06:42:10Z,181,d16bfd48e3194d01af3b1118cab112ae748fa476
26495196247,PR – report impacted subfolders,pull_request,completed,success,2026-05-27T06:38:47Z,2026-05-27T06:43:06Z,259,d16bfd48e3194d01af3b1118cab112ae748fa476
26495195822,PR – report impacted subfolders,pull_request,completed,cancelled,2026-05-27T06:38:46Z,2026-05-27T06:42:10Z,204,d16bfd48e3194d01af3b1118cab112ae748fa476
26495195806,Build,pull_request,completed,success,2026-05-27T06:38:46Z,2026-05-27T06:43:32Z,286,d16bfd48e3194d01af3b1118cab112ae748fa476
26495195826,Style,pull_request,completed,success,2026-05-27T06:38:46Z,2026-05-27T06:43:56Z,310,d16bfd48e3194d01af3b1118cab112ae748fa476
26495195809,Spelling,pull_request,completed,success,2026-05-27T06:38:46Z,2026-05-27T06:43:56Z,310,d16bfd48e3194d01af3b1118cab112ae748fa476
26495195808,Pyrefly,pull_request,completed,success,2026-05-27T06:38:46Z,2026-05-27T06:44:40Z,354,d16bfd48e3194d01af3b1118cab112ae748fa476
26495195804,ci-6-litert,pull_request,completed,success,2026-05-27T06:38:46Z,2026-05-27T06:46:11Z,445,d16bfd48e3194d01af3b1118cab112ae748fa476
26495195883,ci-7-sql,pull_request,completed,success,2026-05-27T06:38:46Z,2026-05-27T06:46:37Z,471,d16bfd48e3194d01af3b1118cab112ae748fa476
26495195823,Mypy,pull_request,completed,success,2026-05-27T06:38:46Z,2026-05-27T06:47:22Z,516,d16bfd48e3194d01af3b1118cab112ae748fa476
26495195824,ci-3-tensorflow,pull_request,completed,success,2026-05-27T06:38:46Z,2026-05-27T06:52:11Z,805,d16bfd48e3194d01af3b1118cab112ae748fa476
26495195802,ci-1-core,pull_request,completed,success,2026-05-27T06:38:46Z,2026-05-27T06:55:28Z,1002,d16bfd48e3194d01af3b1118cab112ae748fa476
26495195857,ci-2-scikit-learn,pull_request,completed,success,2026-05-27T06:38:46Z,2026-05-27T06:55:06Z,980,d16bfd48e3194d01af3b1118cab112ae748fa476
26495195771,ci-4-torch,pull_request,completed,success,2026-05-27T06:38:46Z,2026-05-27T06:56:06Z,1040,d16bfd48e3194d01af3b1118cab112ae748fa476
26495195805,ci-8-transformers,pull_request,completed,success,2026-05-27T06:38:46Z,2026-05-27T07:01:14Z,1348,d16bfd48e3194d01af3b1118cab112ae748fa476
26495195807,ci-5-torch,pull_request,completed,success,2026-05-27T06:38:46Z,2026-05-27T07:03:57Z,1511,d16bfd48e3194d01af3b1118cab112ae748fa476
26495195825,ci-9-transformers,pull_request,completed,success,2026-05-27T06:38:46Z,2026-05-27T07:05:47Z,1621,d16bfd48e3194d01af3b1118cab112ae748fa476
26495195777,ci-10-torch-op-db,pull_request,completed,success,2026-05-27T06:38:46Z,2026-05-27T07:06:15Z,1649,d16bfd48e3194d01af3b1118cab112ae748fa476
26495044204,ci-8-transformers,push,completed,success,2026-05-27T06:34:57Z,2026-05-27T06:42:47Z,470,f66bef354199e084c91ba6a2bf9735107c55e450
26495044122,ci-4-torch,push,completed,success,2026-05-27T06:34:57Z,2026-05-27T06:48:00Z,783,f66bef354199e084c91ba6a2bf9735107c55e450
26495044199,ci-10-torch-op-db,push,completed,success,2026-05-27T06:34:57Z,2026-05-27T06:57:28Z,1351,f66bef354199e084c91ba6a2bf9735107c55e450
26495044121,Style,push,completed,success,2026-05-27T06:34:57Z,2026-05-27T06:35:08Z,11,f66bef354199e084c91ba6a2bf9735107c55e450
26495044196,Spelling,push,completed,success,2026-05-27T06:34:57Z,2026-05-27T06:35:06Z,9,f66bef354199e084c91ba6a2bf9735107c55e450
26495044187,Build,push,completed,success,2026-05-27T06:34:57Z,2026-05-27T06:35:17Z,20,f66bef354199e084c91ba6a2bf9735107c55e450
26495044192,ci-6-litert,push,completed,success,2026-05-27T06:34:57Z,2026-05-27T06:36:13Z,76,f66bef354199e084c91ba6a2bf9735107c55e450
26495044190,ci-7-sql,push,completed,success,2026-05-27T06:34:57Z,2026-05-27T06:36:26Z,89,f66bef354199e084c91ba6a2bf9735107c55e450
26495044189,Pyrefly,push,completed,success,2026-05-27T06:34:57Z,2026-05-27T06:37:04Z,127,f66bef354199e084c91ba6a2bf9735107c55e450
26495044193,Mypy,push,completed,success,2026-05-27T06:34:57Z,2026-05-27T06:38:00Z,183,f66bef354199e084c91ba6a2bf9735107c55e450
26495044210,ci-2-scikit-learn,push,completed,success,2026-05-27T06:34:57Z,2026-05-27T06:39:56Z,299,f66bef354199e084c91ba6a2bf9735107c55e450
26495044195,ci-1-core,push,completed,success,2026-05-27T06:34:57Z,2026-05-27T06:40:05Z,308,f66bef354199e084c91ba6a2bf9735107c55e450
26495044208,ci-3-tensorflow,push,completed,success,2026-05-27T06:34:57Z,2026-05-27T06:41:25Z,388,f66bef354199e084c91ba6a2bf9735107c55e450
26495044130,ci-5-torch,push,completed,success,2026-05-27T06:34:57Z,2026-05-27T06:57:56Z,1379,f66bef354199e084c91ba6a2bf9735107c55e450
26495044194,ci-9-transformers,push,completed,success,2026-05-27T06:34:57Z,2026-05-27T06:58:59Z,1442,f66bef354199e084c91ba6a2bf9735107c55e450
26494723419,Running Copilot cloud agent,dynamic,completed,success,2026-05-27T06:26:50Z,2026-05-27T06:39:12Z,742,500ab897a8362e2e9cc880da104eb7c8835d8b5e
26494702819,Running Copilot cloud agent,dynamic,completed,success,2026-05-27T06:26:18Z,2026-05-27T06:45:21Z,1143,5acc871eccd5c6582578ad5d503f9767196b571e
26494641137,Running Copilot cloud agent,dynamic,completed,success,2026-05-27T06:24:38Z,2026-05-27T06:43:47Z,1149,40aafb0c43c6eee247bf6695d66ac1f28995d763
26494541596,ci-7-sql,push,completed,success,2026-05-27T06:21:56Z,2026-05-27T06:23:31Z,95,39363cf1e3279c6c577e571c013aa3ed124c46a7
26494541597,Mypy,push,completed,success,2026-05-27T06:21:56Z,2026-05-27T06:26:12Z,256,39363cf1e3279c6c577e571c013aa3ed124c46a7
26494541551,Build,push,completed,success,2026-05-27T06:21:56Z,2026-05-27T06:26:53Z,297,39363cf1e3279c6c577e571c013aa3ed124c46a7
26494541605,Pyrefly,push,completed,success,2026-05-27T06:21:56Z,2026-05-27T06:27:24Z,328,39363cf1e3279c6c577e571c013aa3ed124c46a7
26494541607,Style,push,completed,success,2026-05-27T06:21:56Z,2026-05-27T06:27:50Z,354,39363cf1e3279c6c577e571c013aa3ed124c46a7
26494541598,Spelling,push,completed,success,2026-05-27T06:21:56Z,2026-05-27T06:28:46Z,410,39363cf1e3279c6c577e571c013aa3ed124c46a7
26494541603,ci-6-litert,push,completed,success,2026-05-27T06:21:56Z,2026-05-27T06:28:43Z,407,39363cf1e3279c6c577e571c013aa3ed124c46a7
26494541594,ci-1-core,push,completed,success,2026-05-27T06:21:56Z,2026-05-27T06:29:20Z,444,39363cf1e3279c6c577e571c013aa3ed124c46a7
26494541595,ci-9-transformers,push,completed,cancelled,2026-05-27T06:21:56Z,2026-05-27T06:41:56Z,1200,39363cf1e3279c6c577e571c013aa3ed124c46a7
26494541604,ci-5-torch,push,completed,cancelled,2026-05-27T06:21:56Z,2026-05-27T06:43:56Z,1320,39363cf1e3279c6c577e571c013aa3ed124c46a7
26494541540,ci-3-tensorflow,push,completed,success,2026-05-27T06:21:56Z,2026-05-27T06:31:25Z,569,39363cf1e3279c6c577e571c013aa3ed124c46a7
26494541601,ci-2-scikit-learn,push,completed,success,2026-05-27T06:21:56Z,2026-05-27T06:33:14Z,678,39363cf1e3279c6c577e571c013aa3ed124c46a7
26494541550,ci-8-transformers,push,completed,success,2026-05-27T06:21:56Z,2026-05-27T06:34:25Z,749,39363cf1e3279c6c577e571c013aa3ed124c46a7
26494541643,ci-10-torch-op-db,push,completed,cancelled,2026-05-27T06:21:56Z,2026-05-27T06:35:12Z,796,39363cf1e3279c6c577e571c013aa3ed124c46a7
26494541602,ci-4-torch,push,completed,cancelled,2026-05-27T06:21:56Z,2026-05-27T06:37:05Z,909,39363cf1e3279c6c577e571c013aa3ed124c46a7
26477506746,PR – report impacted subfolders,pull_request,completed,success,2026-05-26T21:57:38Z,2026-05-27T06:04:54Z,29236,a9e6057440f829bc30f5e777b6310ede05177460
26477496204,ci-5-torch,pull_request,completed,success,2026-05-26T21:57:23Z,2026-05-27T06:18:00Z,30037,a9e6057440f829bc30f5e777b6310ede05177460
26477496256,ci-9-transformers,pull_request,completed,success,2026-05-26T21:57:23Z,2026-05-27T06:19:22Z,30119,a9e6057440f829bc30f5e777b6310ede05177460
26477496209,ci-10-torch-op-db,pull_request,completed,success,2026-05-26T21:57:23Z,2026-05-27T06:23:12Z,30349,a9e6057440f829bc30f5e777b6310ede05177460
26477496205,PR – report impacted subfolders,pull_request,completed,cancelled,2026-05-26T21:57:23Z,2026-05-27T06:04:41Z,29238,a9e6057440f829bc30f5e777b6310ede05177460
26477496377,Style,pull_request,completed,success,2026-05-26T21:57:23Z,2026-05-27T06:04:49Z,29246,a9e6057440f829bc30f5e777b6310ede05177460
26477496203,Spelling,pull_request,completed,success,2026-05-26T21:57:23Z,2026-05-27T06:04:51Z,29248,a9e6057440f829bc30f5e777b6310ede05177460
26477496202,Build,pull_request,completed,success,2026-05-26T21:57:23Z,2026-05-27T06:04:54Z,29251,a9e6057440f829bc30f5e777b6310ede05177460
26477496206,ci-6-litert,pull_request,completed,success,2026-05-26T21:57:23Z,2026-05-27T06:05:50Z,29307,a9e6057440f829bc30f5e777b6310ede05177460
26477496201,ci-7-sql,pull_request,completed,success,2026-05-26T21:57:23Z,2026-05-27T06:05:58Z,29315,a9e6057440f829bc30f5e777b6310ede05177460
26477496207,Pyrefly,pull_request,completed,success,2026-05-26T21:57:23Z,2026-05-27T06:06:32Z,29349,a9e6057440f829bc30f5e777b6310ede05177460
26477496212,Mypy,pull_request,completed,success,2026-05-26T21:57:23Z,2026-05-27T06:07:31Z,29408,a9e6057440f829bc30f5e777b6310ede05177460
26477496199,ci-2-scikit-learn,pull_request,completed,success,2026-05-26T21:57:23Z,2026-05-27T06:08:41Z,29478,a9e6057440f829bc30f5e777b6310ede05177460
26477496257,ci-1-core,pull_request,completed,success,2026-05-26T21:57:23Z,2026-05-27T06:08:46Z,29483,a9e6057440f829bc30f5e777b6310ede05177460
26477496200,ci-3-tensorflow,pull_request,completed,success,2026-05-26T21:57:23Z,2026-05-27T06:10:05Z,29562,a9e6057440f829bc30f5e777b6310ede05177460
26477496210,ci-8-transformers,pull_request,completed,success,2026-05-26T21:57:23Z,2026-05-27T06:10:48Z,29605,a9e6057440f829bc30f5e777b6310ede05177460
26477496213,ci-4-torch,pull_request,completed,success,2026-05-26T21:57:23Z,2026-05-27T06:12:56Z,29733,a9e6057440f829bc30f5e777b6310ede05177460
26477400309,Addressing comment on PR #2239,dynamic,completed,success,2026-05-26T21:55:11Z,2026-05-26T21:57:39Z,148,b494f24d7db6d1a81e8aa4c58a2337d6c28ba3a3
26477362149,ci-8-transformers,pull_request,completed,success,2026-05-26T21:54:22Z,2026-05-27T06:16:46Z,30144,276e87b1119e8190f3022f26cd149bb3b8f44f24
26477362151,ci-4-torch,pull_request,completed,success,2026-05-26T21:54:22Z,2026-05-27T06:17:57Z,30215,276e87b1119e8190f3022f26cd149bb3b8f44f24
26477362175,ci-1-core,pull_request,completed,success,2026-05-26T21:54:22Z,2026-05-27T06:21:43Z,30441,276e87b1119e8190f3022f26cd149bb3b8f44f24
26477362153,ci-3-tensorflow,pull_request,completed,success,2026-05-26T21:54:22Z,2026-05-27T06:23:39Z,30557,276e87b1119e8190f3022f26cd149bb3b8f44f24
26477362176,ci-5-torch,pull_request,completed,success,2026-05-26T21:54:22Z,2026-05-27T06:27:36Z,30794,276e87b1119e8190f3022f26cd149bb3b8f44f24
26477362146,ci-10-torch-op-db,pull_request,completed,success,2026-05-26T21:54:22Z,2026-05-27T06:27:42Z,30800,276e87b1119e8190f3022f26cd149bb3b8f44f24
26477362145,ci-9-transformers,pull_request,completed,success,2026-05-26T21:54:22Z,2026-05-27T06:34:19Z,31197,276e87b1119e8190f3022f26cd149bb3b8f44f24
26477362152,PR – report impacted subfolders,pull_request,completed,success,2026-05-26T21:54:22Z,2026-05-27T06:06:11Z,29509,276e87b1119e8190f3022f26cd149bb3b8f44f24
26477362192,Spelling,pull_request,completed,success,2026-05-26T21:54:22Z,2026-05-27T06:06:43Z,29541,276e87b1119e8190f3022f26cd149bb3b8f44f24
26477362189,Style,pull_request,completed,success,2026-05-26T21:54:22Z,2026-05-27T06:07:22Z,29580,276e87b1119e8190f3022f26cd149bb3b8f44f24
26477362144,Build,pull_request,completed,success,2026-05-26T21:54:22Z,2026-05-27T06:07:14Z,29572,276e87b1119e8190f3022f26cd149bb3b8f44f24
26477362190,Pyrefly,pull_request,completed,success,2026-05-26T21:54:22Z,2026-05-27T06:09:14Z,29692,276e87b1119e8190f3022f26cd149bb3b8f44f24
26477362150,Mypy,pull_request,completed,success,2026-05-26T21:54:22Z,2026-05-27T06:09:02Z,29680,276e87b1119e8190f3022f26cd149bb3b8f44f24
26477362092,ci-7-sql,pull_request,completed,success,2026-05-26T21:54:22Z,2026-05-27T06:13:40Z,29958,276e87b1119e8190f3022f26cd149bb3b8f44f24
26477362196,ci-2-scikit-learn,pull_request,completed,success,2026-05-26T21:54:22Z,2026-05-27T06:15:17Z,30055,276e87b1119e8190f3022f26cd149bb3b8f44f24
26477362147,ci-6-litert,pull_request,completed,success,2026-05-26T21:54:22Z,2026-05-27T06:15:53Z,30091,276e87b1119e8190f3022f26cd149bb3b8f44f24
26477323601,Addressing comment on PR #2237,dynamic,completed,success,2026-05-26T21:53:27Z,2026-05-26T21:54:33Z,66,642418313acb9d61b888b311bd460217095bc70e
26476690603,Addressing comment on PR #2239,dynamic,completed,success,2026-05-26T21:39:00Z,2026-05-26T21:40:59Z,119,dc6573a53b507bbd83f9fa77a61b6eb5081c06c1
26476665583,PR – report impacted subfolders,pull_request,completed,success,2026-05-26T21:38:27Z,2026-05-26T21:42:08Z,221,642418313acb9d61b888b311bd460217095bc70e
26476665577,Spelling,pull_request,completed,success,2026-05-26T21:38:27Z,2026-05-26T21:42:09Z,222,642418313acb9d61b888b311bd460217095bc70e
26476665570,Style,pull_request,completed,success,2026-05-26T21:38:27Z,2026-05-26T21:42:07Z,220,642418313acb9d61b888b311bd460217095bc70e
26476665658,Build,pull_request,completed,success,2026-05-26T21:38:27Z,2026-05-26T21:42:18Z,231,642418313acb9d61b888b311bd460217095bc70e
26476665572,Mypy,pull_request,completed,success,2026-05-26T21:38:27Z,2026-05-26T21:44:50Z,383,642418313acb9d61b888b311bd460217095bc70e
26476665672,Pyrefly,pull_request,completed,success,2026-05-26T21:38:27Z,2026-05-26T21:44:02Z,335,642418313acb9d61b888b311bd460217095bc70e
26476665562,ci-7-sql,pull_request,completed,success,2026-05-26T21:38:27Z,2026-05-26T21:45:04Z,397,642418313acb9d61b888b311bd460217095bc70e
26476665582,ci-6-litert,pull_request,completed,success,2026-05-26T21:38:27Z,2026-05-26T21:43:18Z,291,642418313acb9d61b888b311bd460217095bc70e
26476665655,ci-10-torch-op-db,pull_request,completed,success,2026-05-26T21:38:27Z,2026-05-26T22:00:09Z,1302,642418313acb9d61b888b311bd460217095bc70e
26476665578,ci-1-core,pull_request,completed,success,2026-05-26T21:38:27Z,2026-05-26T21:46:12Z,465,642418313acb9d61b888b311bd460217095bc70e
26476665574,ci-3-tensorflow,pull_request,completed,success,2026-05-26T21:38:27Z,2026-05-26T21:47:38Z,551,642418313acb9d61b888b311bd460217095bc70e
26476665652,ci-2-scikit-learn,pull_request,completed,success,2026-05-26T21:38:27Z,2026-05-26T21:48:11Z,584,642418313acb9d61b888b311bd460217095bc70e
26476665580,ci-8-transformers,pull_request,completed,failure,2026-05-26T21:38:27Z,2026-05-26T21:51:21Z,774,642418313acb9d61b888b311bd460217095bc70e
26476665749,ci-4-torch,pull_request,completed,failure,2026-05-26T21:38:27Z,2026-05-26T21:53:11Z,884,642418313acb9d61b888b311bd460217095bc70e
26476665568,ci-9-transformers,pull_request,completed,failure,2026-05-26T21:38:27Z,2026-05-26T21:53:17Z,890,642418313acb9d61b888b311bd460217095bc70e
26476665592,ci-5-torch,pull_request,completed,failure,2026-05-26T21:38:27Z,2026-05-26T21:54:34Z,967,642418313acb9d61b888b311bd460217095bc70e
26476613074,Addressing comment on PR #2237,dynamic,completed,success,2026-05-26T21:37:15Z,2026-05-26T21:38:45Z,90,dccbd84500ab55332be014cef5d3d158c09dcdee
26475755923,Running Copilot cloud agent,dynamic,completed,success,2026-05-26T21:18:50Z,2026-05-26T21:22:03Z,193,3faca4ebebab9c2303a9e235772decfaefce39f2
26475714242,Running Copilot cloud agent,dynamic,completed,success,2026-05-26T21:17:56Z,2026-05-26T21:21:43Z,227,0bd53259b6cd9463494e8841d57a117f369104df
26475572860,PR – report impacted subfolders,pull_request,completed,success,2026-05-26T21:14:55Z,2026-05-26T21:16:54Z,119,60162a51570beca4806d1a78f9743ac973abe553
26475452498,Style,pull_request,completed,success,2026-05-26T21:12:21Z,2026-05-26T21:16:50Z,269,60162a51570beca4806d1a78f9743ac973abe553
26475452545,Spelling,pull_request,completed,success,2026-05-26T21:12:21Z,2026-05-26T21:16:50Z,269,60162a51570beca4806d1a78f9743ac973abe553
26475452495,PR – report impacted subfolders,pull_request,completed,cancelled,2026-05-26T21:12:21Z,2026-05-26T21:16:40Z,259,60162a51570beca4806d1a78f9743ac973abe553
26475452915,Build,pull_request,completed,success,2026-05-26T21:12:21Z,2026-05-26T21:17:01Z,280,60162a51570beca4806d1a78f9743ac973abe553
26475452503,ci-6-litert,pull_request,completed,success,2026-05-26T21:12:21Z,2026-05-26T21:17:53Z,332,60162a51570beca4806d1a78f9743ac973abe553
26475452497,ci-7-sql,pull_request,completed,success,2026-05-26T21:12:21Z,2026-05-26T21:18:03Z,342,60162a51570beca4806d1a78f9743ac973abe553
26475452594,Pyrefly,pull_request,completed,success,2026-05-26T21:12:21Z,2026-05-26T21:18:32Z,371,60162a51570beca4806d1a78f9743ac973abe553
26475452593,Mypy,pull_request,completed,success,2026-05-26T21:12:21Z,2026-05-26T21:19:50Z,449,60162a51570beca4806d1a78f9743ac973abe553
26475452496,ci-2-scikit-learn,pull_request,completed,success,2026-05-26T21:12:21Z,2026-05-26T21:21:13Z,532,60162a51570beca4806d1a78f9743ac973abe553
26475452546,ci-1-core,pull_request,completed,success,2026-05-26T21:12:21Z,2026-05-26T21:20:54Z,513,60162a51570beca4806d1a78f9743ac973abe553
26475452500,ci-10-torch-op-db,pull_request,completed,success,2026-05-26T21:12:21Z,2026-05-26T21:35:15Z,1374,60162a51570beca4806d1a78f9743ac973abe553
26475452653,ci-3-tensorflow,pull_request,completed,success,2026-05-26T21:12:21Z,2026-05-26T21:23:54Z,693,60162a51570beca4806d1a78f9743ac973abe553
26475452507,ci-8-transformers,pull_request,completed,success,2026-05-26T21:12:21Z,2026-05-26T21:24:03Z,702,60162a51570beca4806d1a78f9743ac973abe553
26475452504,ci-4-torch,pull_request,completed,success,2026-05-26T21:12:21Z,2026-05-26T21:26:21Z,840,60162a51570beca4806d1a78f9743ac973abe553
26475452506,ci-5-torch,pull_request,completed,success,2026-05-26T21:12:21Z,2026-05-26T21:29:40Z,1039,60162a51570beca4806d1a78f9743ac973abe553
26475452544,ci-9-transformers,pull_request,completed,success,2026-05-26T21:12:21Z,2026-05-26T21:31:35Z,1154,60162a51570beca4806d1a78f9743ac973abe553
26475057956,Addressing comment on PR #2235,dynamic,completed,success,2026-05-26T21:04:02Z,2026-05-26T21:14:58Z,656,f63760c29c4d4aa9207d6fc2f9c8c2be5e626a16
26474063764,Addressing comment on PR #2235,dynamic,completed,success,2026-05-26T20:44:07Z,2026-05-26T20:51:58Z,471,4397ff8f80bf56b2a90da33edd3c78c4ba93baf6
26473245827,Addressing comment on PR #2235,dynamic,completed,success,2026-05-26T20:27:51Z,2026-05-26T20:32:35Z,284,b00f31210b150adc06a9b14734321c033455d6f2
26473117994,ci-8-transformers,push,completed,success,2026-05-26T20:25:14Z,2026-05-26T20:31:32Z,378,428ce9df54e617ca338c681d1736c681f17857dd
26473117992,ci-4-torch,push,completed,success,2026-05-26T20:25:14Z,2026-05-26T20:33:32Z,498,428ce9df54e617ca338c681d1736c681f17857dd
26473117417,ci-5-torch,push,completed,success,2026-05-26T20:25:13Z,2026-05-26T20:37:32Z,739,428ce9df54e617ca338c681d1736c681f17857dd
26473117708,ci-9-transformers,push,completed,success,2026-05-26T20:25:13Z,2026-05-26T20:40:40Z,927,428ce9df54e617ca338c681d1736c681f17857dd
26473117113,Style,push,completed,success,2026-05-26T20:25:13Z,2026-05-26T20:25:24Z,11,428ce9df54e617ca338c681d1736c681f17857dd
26473117411,Spelling,push,completed,success,2026-05-26T20:25:13Z,2026-05-26T20:25:26Z,13,428ce9df54e617ca338c681d1736c681f17857dd
26473117312,Build,push,completed,success,2026-05-26T20:25:13Z,2026-05-26T20:25:28Z,15,428ce9df54e617ca338c681d1736c681f17857dd
26473117412,ci-7-sql,push,completed,success,2026-05-26T20:25:13Z,2026-05-26T20:26:32Z,79,428ce9df54e617ca338c681d1736c681f17857dd
26473117110,Pyrefly,push,completed,success,2026-05-26T20:25:13Z,2026-05-26T20:27:06Z,113,428ce9df54e617ca338c681d1736c681f17857dd
26473117409,ci-6-litert,push,completed,success,2026-05-26T20:25:13Z,2026-05-26T20:26:21Z,68,428ce9df54e617ca338c681d1736c681f17857dd
26473117851,Mypy,push,completed,success,2026-05-26T20:25:13Z,2026-05-26T20:28:16Z,183,428ce9df54e617ca338c681d1736c681f17857dd
26473117056,ci-1-core,push,completed,success,2026-05-26T20:25:13Z,2026-05-26T20:29:13Z,240,428ce9df54e617ca338c681d1736c681f17857dd
26473117112,ci-2-scikit-learn,push,completed,success,2026-05-26T20:25:13Z,2026-05-26T20:29:40Z,267,428ce9df54e617ca338c681d1736c681f17857dd
26473117576,ci-3-tensorflow,push,completed,success,2026-05-26T20:25:13Z,2026-05-26T20:30:27Z,314,428ce9df54e617ca338c681d1736c681f17857dd
26473117057,ci-10-torch-op-db,push,completed,success,2026-05-26T20:25:12Z,2026-05-26T20:43:40Z,1108,428ce9df54e617ca338c681d1736c681f17857dd
26468767820,Running Copilot cloud agent,dynamic,completed,success,2026-05-26T18:57:55Z,2026-05-26T19:05:57Z,482,692387c9290abdcc8b3329b673fd5dfdd81ebcea
26468711304,ci-3-tensorflow,push,completed,success,2026-05-26T18:56:48Z,2026-05-26T19:02:00Z,312,0e2b15c3c88ac17ed6763ea26203cb6647b8772a
26468711164,ci-8-transformers,push,completed,success,2026-05-26T18:56:48Z,2026-05-26T19:02:49Z,361,0e2b15c3c88ac17ed6763ea26203cb6647b8772a
26468711238,ci-1-core,push,completed,success,2026-05-26T18:56:48Z,2026-05-26T19:06:29Z,581,0e2b15c3c88ac17ed6763ea26203cb6647b8772a
26468711234,ci-5-torch,push,completed,success,2026-05-26T18:56:48Z,2026-05-26T19:09:35Z,767,0e2b15c3c88ac17ed6763ea26203cb6647b8772a
26468711229,ci-9-transformers,push,completed,success,2026-05-26T18:56:48Z,2026-05-26T19:11:51Z,903,0e2b15c3c88ac17ed6763ea26203cb6647b8772a
26468711225,Spelling,push,completed,success,2026-05-26T18:56:48Z,2026-05-26T18:57:00Z,12,0e2b15c3c88ac17ed6763ea26203cb6647b8772a
26468711224,Style,push,completed,success,2026-05-26T18:56:48Z,2026-05-26T18:57:02Z,14,0e2b15c3c88ac17ed6763ea26203cb6647b8772a
26468711393,Build,push,completed,success,2026-05-26T18:56:48Z,2026-05-26T18:57:07Z,19,0e2b15c3c88ac17ed6763ea26203cb6647b8772a
26468711165,ci-6-litert,push,completed,success,2026-05-26T18:56:48Z,2026-05-26T18:57:55Z,67,0e2b15c3c88ac17ed6763ea26203cb6647b8772a
26468711163,Pyrefly,push,completed,success,2026-05-26T18:56:48Z,2026-05-26T18:58:40Z,112,0e2b15c3c88ac17ed6763ea26203cb6647b8772a
26468711308,ci-7-sql,push,completed,success,2026-05-26T18:56:48Z,2026-05-26T18:59:45Z,177,0e2b15c3c88ac17ed6763ea26203cb6647b8772a
26468711259,Mypy,push,completed,success,2026-05-26T18:56:48Z,2026-05-26T19:00:51Z,243,0e2b15c3c88ac17ed6763ea26203cb6647b8772a
26468711223,ci-4-torch,push,completed,success,2026-05-26T18:56:48Z,2026-05-26T19:13:35Z,1007,0e2b15c3c88ac17ed6763ea26203cb6647b8772a
26468711241,ci-2-scikit-learn,push,completed,success,2026-05-26T18:56:48Z,2026-05-26T19:14:56Z,1088,0e2b15c3c88ac17ed6763ea26203cb6647b8772a
26468711231,ci-10-torch-op-db,push,completed,success,2026-05-26T18:56:48Z,2026-05-26T19:15:42Z,1134,0e2b15c3c88ac17ed6763ea26203cb6647b8772a
26468334437,PR – report impacted subfolders,pull_request,completed,success,2026-05-26T18:49:32Z,2026-05-26T19:01:41Z,729,19f7b6305624e6a2afd5b74ad5384b2f9198994d
26468325059,ci-7-sql,pull_request,completed,success,2026-05-26T18:49:21Z,2026-05-26T19:02:50Z,809,19f7b6305624e6a2afd5b74ad5384b2f9198994d
26468325071,Pyrefly,pull_request,completed,success,2026-05-26T18:49:21Z,2026-05-26T19:02:38Z,797,19f7b6305624e6a2afd5b74ad5384b2f9198994d
26468325051,ci-6-litert,pull_request,completed,success,2026-05-26T18:49:21Z,2026-05-26T19:11:04Z,1303,19f7b6305624e6a2afd5b74ad5384b2f9198994d
26468325061,PR – report impacted subfolders,pull_request,completed,cancelled,2026-05-26T18:49:21Z,2026-05-26T18:58:08Z,527,19f7b6305624e6a2afd5b74ad5384b2f9198994d
26468325073,ci-8-transformers,pull_request,completed,success,2026-05-26T18:49:21Z,2026-05-26T19:18:57Z,1776,19f7b6305624e6a2afd5b74ad5384b2f9198994d
26468325052,Mypy,pull_request,completed,success,2026-05-26T18:49:20Z,2026-05-26T19:01:54Z,754,19f7b6305624e6a2afd5b74ad5384b2f9198994d
26468324405,Spelling,pull_request,completed,success,2026-05-26T18:49:20Z,2026-05-26T19:06:09Z,1009,19f7b6305624e6a2afd5b74ad5384b2f9198994d
26468325075,ci-2-scikit-learn,pull_request,completed,success,2026-05-26T18:49:20Z,2026-05-26T19:09:39Z,1219,19f7b6305624e6a2afd5b74ad5384b2f9198994d
26468324402,Build,pull_request,completed,success,2026-05-26T18:49:20Z,2026-05-26T18:59:14Z,594,19f7b6305624e6a2afd5b74ad5384b2f9198994d
26468324396,Style,pull_request,completed,success,2026-05-26T18:49:20Z,2026-05-26T19:01:14Z,714,19f7b6305624e6a2afd5b74ad5384b2f9198994d
26468324392,ci-4-torch,pull_request,completed,success,2026-05-26T18:49:20Z,2026-05-26T19:20:18Z,1858,19f7b6305624e6a2afd5b74ad5384b2f9198994d
26468325060,ci-5-torch,pull_request,completed,success,2026-05-26T18:49:20Z,2026-05-26T19:24:49Z,2129,19f7b6305624e6a2afd5b74ad5384b2f9198994d
26468324404,ci-9-transformers,pull_request,completed,success,2026-05-26T18:49:20Z,2026-05-26T19:25:42Z,2182,19f7b6305624e6a2afd5b74ad5384b2f9198994d
26468325058,ci-1-core,pull_request,completed,success,2026-05-26T18:49:20Z,2026-05-26T19:14:31Z,1511,19f7b6305624e6a2afd5b74ad5384b2f9198994d
26468324403,ci-3-tensorflow,pull_request,completed,success,2026-05-26T18:49:20Z,2026-05-26T19:17:16Z,1676,19f7b6305624e6a2afd5b74ad5384b2f9198994d
26468324409,ci-10-torch-op-db,pull_request,completed,success,2026-05-26T18:49:20Z,2026-05-26T19:20:02Z,1842,19f7b6305624e6a2afd5b74ad5384b2f9198994d
26468277891,Addressing comment on PR #2233,dynamic,completed,success,2026-05-26T18:48:25Z,2026-05-26T18:49:34Z,69,36633ed4b13d07e7188af4b4a8853e9bac38de46
26468021098,Running Copilot cloud agent,dynamic,completed,success,2026-05-26T18:43:20Z,2026-05-26T18:44:23Z,63,c8f7bdfba7bae8d78068a03933303834db41194f
26441162592,ci-10-gallery-transformers,schedule,completed,success,2026-05-26T08:26:14Z,2026-05-26T08:28:06Z,112,70cebaa0906d34c40ef18b11a8aee9ec1b50d093
26439809802,ci-6-litert,schedule,completed,success,2026-05-26T07:55:58Z,2026-05-26T07:57:09Z,71,70cebaa0906d34c40ef18b11a8aee9ec1b50d093
26439694518,ci-9-transformers,schedule,completed,success,2026-05-26T07:53:24Z,2026-05-26T08:08:26Z,902,70cebaa0906d34c40ef18b11a8aee9ec1b50d093
26439208973,ci-2-scikit-learn,schedule,completed,success,2026-05-26T07:42:18Z,2026-05-26T07:46:35Z,257,70cebaa0906d34c40ef18b11a8aee9ec1b50d093
26438953146,ci-3-tensorflow,schedule,completed,success,2026-05-26T07:36:19Z,2026-05-26T07:41:42Z,323,70cebaa0906d34c40ef18b11a8aee9ec1b50d093
26438883847,ci-7-sql,schedule,completed,success,2026-05-26T07:34:42Z,2026-05-26T07:36:42Z,120,70cebaa0906d34c40ef18b11a8aee9ec1b50d093
26436515563,ci-8-transformers,schedule,completed,success,2026-05-26T06:37:04Z,2026-05-26T06:43:01Z,357,70cebaa0906d34c40ef18b11a8aee9ec1b50d093
26401475736,ci-1-core,pull_request,completed,success,2026-05-25T12:52:28Z,2026-05-26T18:39:26Z,107218,9225f98b265e7908f9767cbe3c587fb9e6781cbe
26401475767,ci-3-tensorflow,pull_request,completed,success,2026-05-25T12:52:28Z,2026-05-26T18:41:57Z,107369,9225f98b265e7908f9767cbe3c587fb9e6781cbe
26401475706,ci-8-transformers,pull_request,completed,success,2026-05-25T12:52:28Z,2026-05-26T18:43:53Z,107485,9225f98b265e7908f9767cbe3c587fb9e6781cbe
26401475737,ci-4-torch,pull_request,completed,success,2026-05-25T12:52:28Z,2026-05-26T18:47:04Z,107676,9225f98b265e7908f9767cbe3c587fb9e6781cbe
26401475769,PR – report impacted subfolders,pull_request,completed,success,2026-05-25T12:52:28Z,2026-05-26T18:35:35Z,106987,9225f98b265e7908f9767cbe3c587fb9e6781cbe
26401475735,Spelling,pull_request,completed,success,2026-05-25T12:52:28Z,2026-05-26T18:35:27Z,106979,9225f98b265e7908f9767cbe3c587fb9e6781cbe
26401476161,PR – report impacted subfolders,pull_request,completed,cancelled,2026-05-25T12:52:28Z,2026-05-26T18:35:22Z,106974,9225f98b265e7908f9767cbe3c587fb9e6781cbe
26401475705,Style,pull_request,completed,success,2026-05-25T12:52:28Z,2026-05-26T18:35:28Z,106980,9225f98b265e7908f9767cbe3c587fb9e6781cbe
26401475707,Build,pull_request,completed,success,2026-05-25T12:52:28Z,2026-05-26T18:35:30Z,106982,9225f98b265e7908f9767cbe3c587fb9e6781cbe
26401475708,ci-6-litert,pull_request,completed,success,2026-05-25T12:52:28Z,2026-05-26T18:36:29Z,107041,9225f98b265e7908f9767cbe3c587fb9e6781cbe
26401475761,ci-7-sql,pull_request,completed,success,2026-05-25T12:52:28Z,2026-05-26T18:36:42Z,107054,9225f98b265e7908f9767cbe3c587fb9e6781cbe
26401475766,Pyrefly,pull_request,completed,success,2026-05-25T12:52:28Z,2026-05-26T18:37:20Z,107092,9225f98b265e7908f9767cbe3c587fb9e6781cbe
26401475690,Mypy,pull_request,completed,success,2026-05-25T12:52:28Z,2026-05-26T18:38:10Z,107142,9225f98b265e7908f9767cbe3c587fb9e6781cbe
26401475760,ci-2-scikit-learn,pull_request,completed,success,2026-05-25T12:52:28Z,2026-05-26T18:38:58Z,107190,9225f98b265e7908f9767cbe3c587fb9e6781cbe
26401475704,ci-5-torch,pull_request,completed,success,2026-05-25T12:52:28Z,2026-05-26T18:48:35Z,107767,9225f98b265e7908f9767cbe3c587fb9e6781cbe
26401475734,ci-9-transformers,pull_request,completed,success,2026-05-25T12:52:28Z,2026-05-26T18:50:15Z,107867,9225f98b265e7908f9767cbe3c587fb9e6781cbe
26401475732,ci-10-torch-op-db,pull_request,completed,success,2026-05-25T12:52:28Z,2026-05-26T18:55:05Z,108157,9225f98b265e7908f9767cbe3c587fb9e6781cbe
26401207299,Addressing comment on PR #2207,dynamic,completed,success,2026-05-25T12:45:48Z,2026-05-25T12:53:10Z,442,62a672c8126fc6f773509c2577bebdd4d91accfd
26392087352,ci-10-gallery-transformers,schedule,completed,success,2026-05-25T08:50:22Z,2026-05-25T08:52:19Z,117,70cebaa0906d34c40ef18b11a8aee9ec1b50d093
26391070558,ci-6-litert,schedule,completed,success,2026-05-25T08:25:45Z,2026-05-25T08:27:19Z,94,70cebaa0906d34c40ef18b11a8aee9ec1b50d093
26390972172,ci-9-transformers,schedule,completed,success,2026-05-25T08:23:11Z,2026-05-25T08:37:49Z,878,70cebaa0906d34c40ef18b11a8aee9ec1b50d093
26390798276,ci-2-scikit-learn,schedule,completed,success,2026-05-25T08:18:33Z,2026-05-25T08:22:57Z,264,70cebaa0906d34c40ef18b11a8aee9ec1b50d093
26390541594,ci-3-tensorflow,schedule,completed,success,2026-05-25T08:11:41Z,2026-05-25T08:17:05Z,324,70cebaa0906d34c40ef18b11a8aee9ec1b50d093
26390500191,ci-7-sql,schedule,completed,success,2026-05-25T08:10:33Z,2026-05-25T08:11:50Z,77,70cebaa0906d34c40ef18b11a8aee9ec1b50d093
26387943988,ci-8-transformers,schedule,completed,success,2026-05-25T07:01:55Z,2026-05-25T07:07:49Z,354,70cebaa0906d34c40ef18b11a8aee9ec1b50d093
26355496013,ci-10-gallery-transformers,schedule,completed,success,2026-05-24T07:45:18Z,2026-05-24T07:47:34Z,136,70cebaa0906d34c40ef18b11a8aee9ec1b50d093
26355110920,ci-6-litert,schedule,completed,success,2026-05-24T07:25:54Z,2026-05-24T07:27:07Z,73,70cebaa0906d34c40ef18b11a8aee9ec1b50d093
26355056691,ci-9-transformers,schedule,completed,success,2026-05-24T07:23:05Z,2026-05-24T07:37:30Z,865,70cebaa0906d34c40ef18b11a8aee9ec1b50d093
26354543061,ci-2-scikit-learn,schedule,completed,success,2026-05-24T06:56:49Z,2026-05-24T07:01:15Z,266,70cebaa0906d34c40ef18b11a8aee9ec1b50d093
26354483482,ci-3-tensorflow,schedule,completed,success,2026-05-24T06:53:34Z,2026-05-24T06:58:47Z,313,70cebaa0906d34c40ef18b11a8aee9ec1b50d093
26354473605,ci-7-sql,schedule,completed,success,2026-05-24T06:53:04Z,2026-05-24T06:54:23Z,79,70cebaa0906d34c40ef18b11a8aee9ec1b50d093
26353994352,ci-8-transformers,schedule,completed,success,2026-05-24T06:27:20Z,2026-05-24T06:33:24Z,364,70cebaa0906d34c40ef18b11a8aee9ec1b50d093
26326890009,ci-10-gallery-transformers,schedule,completed,success,2026-05-23T07:25:33Z,2026-05-23T07:27:30Z,117,70cebaa0906d34c40ef18b11a8aee9ec1b50d093
26325981833,ci-6-litert,schedule,completed,success,2026-05-23T06:39:18Z,2026-05-23T06:40:28Z,70,70cebaa0906d34c40ef18b11a8aee9ec1b50d093
26325917039,ci-9-transformers,schedule,completed,success,2026-05-23T06:35:52Z,2026-05-23T06:50:23Z,871,70cebaa0906d34c40ef18b11a8aee9ec1b50d093
26325841401,ci-2-scikit-learn,schedule,completed,success,2026-05-23T06:31:46Z,2026-05-23T06:36:03Z,257,70cebaa0906d34c40ef18b11a8aee9ec1b50d093
26325774091,ci-3-tensorflow,schedule,completed,success,2026-05-23T06:28:16Z,2026-05-23T06:33:23Z,307,70cebaa0906d34c40ef18b11a8aee9ec1b50d093
26325754561,ci-7-sql,schedule,completed,success,2026-05-23T06:27:11Z,2026-05-23T06:28:31Z,80,70cebaa0906d34c40ef18b11a8aee9ec1b50d093
26325194372,ci-8-transformers,schedule,completed,success,2026-05-23T05:58:17Z,2026-05-23T06:04:26Z,369,70cebaa0906d34c40ef18b11a8aee9ec1b50d093
26300193550,ci-9-transformers,push,completed,success,2026-05-22T16:40:56Z,2026-05-22T16:57:40Z,1004,70cebaa0906d34c40ef18b11a8aee9ec1b50d093
26300193504,Style,push,completed,success,2026-05-22T16:40:56Z,2026-05-22T16:41:07Z,11,70cebaa0906d34c40ef18b11a8aee9ec1b50d093
26300193510,ci-3-tensorflow,push,completed,success,2026-05-22T16:40:55Z,2026-05-22T16:46:15Z,320,70cebaa0906d34c40ef18b11a8aee9ec1b50d093
26300193475,ci-8-transformers,push,completed,success,2026-05-22T16:40:55Z,2026-05-22T16:46:50Z,355,70cebaa0906d34c40ef18b11a8aee9ec1b50d093
26300193507,ci-4-torch,push,completed,success,2026-05-22T16:40:55Z,2026-05-22T16:49:04Z,489,70cebaa0906d34c40ef18b11a8aee9ec1b50d093
26300193549,ci-5-torch,push,completed,success,2026-05-22T16:40:55Z,2026-05-22T16:54:06Z,791,70cebaa0906d34c40ef18b11a8aee9ec1b50d093
26300193506,Documentation,push,completed,success,2026-05-22T16:40:55Z,2026-05-22T16:55:42Z,887,70cebaa0906d34c40ef18b11a8aee9ec1b50d093
26300193511,ci-10-torch-op-db,push,completed,success,2026-05-22T16:40:55Z,2026-05-22T17:00:11Z,1156,70cebaa0906d34c40ef18b11a8aee9ec1b50d093
26300193509,Spelling,push,completed,success,2026-05-22T16:40:55Z,2026-05-22T16:41:08Z,13,70cebaa0906d34c40ef18b11a8aee9ec1b50d093
26300193477,Build,push,completed,success,2026-05-22T16:40:55Z,2026-05-22T16:41:11Z,16,70cebaa0906d34c40ef18b11a8aee9ec1b50d093
26300193476,ci-7-sql,push,completed,success,2026-05-22T16:40:55Z,2026-05-22T16:42:13Z,78,70cebaa0906d34c40ef18b11a8aee9ec1b50d093
26300193483,Pyrefly,push,completed,success,2026-05-22T16:40:55Z,2026-05-22T16:42:51Z,116,70cebaa0906d34c40ef18b11a8aee9ec1b50d093
26300193514,Mypy,push,completed,success,2026-05-22T16:40:55Z,2026-05-22T16:43:49Z,174,70cebaa0906d34c40ef18b11a8aee9ec1b50d093
26300193480,ci-1-core,push,completed,success,2026-05-22T16:40:55Z,2026-05-22T16:44:49Z,234,70cebaa0906d34c40ef18b11a8aee9ec1b50d093
26300193512,ci-6-litert,push,completed,success,2026-05-22T16:40:55Z,2026-05-22T16:41:58Z,63,70cebaa0906d34c40ef18b11a8aee9ec1b50d093
26300193478,ci-2-scikit-learn,push,completed,success,2026-05-22T16:40:55Z,2026-05-22T16:45:35Z,280,70cebaa0906d34c40ef18b11a8aee9ec1b50d093
26297853528,ci-9-transformers,pull_request,completed,success,2026-05-22T15:51:49Z,2026-05-22T16:15:14Z,1405,0c4056998a0d1c38a5fccc6dc5870298927be6f5
26297853533,Build,pull_request,completed,success,2026-05-22T15:51:49Z,2026-05-22T15:52:09Z,20,0c4056998a0d1c38a5fccc6dc5870298927be6f5
26297853575,PR – report impacted subfolders,pull_request,completed,success,2026-05-22T15:51:49Z,2026-05-22T15:52:01Z,12,0c4056998a0d1c38a5fccc6dc5870298927be6f5
26297853687,ci-6-litert,pull_request,completed,success,2026-05-22T15:51:49Z,2026-05-22T15:53:05Z,76,0c4056998a0d1c38a5fccc6dc5870298927be6f5
26297853530,ci-3-tensorflow,pull_request,completed,success,2026-05-22T15:51:49Z,2026-05-22T15:56:49Z,300,0c4056998a0d1c38a5fccc6dc5870298927be6f5
26297853531,ci-8-transformers,pull_request,completed,success,2026-05-22T15:51:49Z,2026-05-22T15:57:46Z,357,0c4056998a0d1c38a5fccc6dc5870298927be6f5
26297853467,ci-4-torch,pull_request,completed,success,2026-05-22T15:51:48Z,2026-05-22T16:02:22Z,634,0c4056998a0d1c38a5fccc6dc5870298927be6f5
26297853529,Documentation,pull_request,completed,success,2026-05-22T15:51:48Z,2026-05-22T16:06:21Z,873,0c4056998a0d1c38a5fccc6dc5870298927be6f5
26297853648,ci-10-torch-op-db,pull_request,completed,success,2026-05-22T15:51:48Z,2026-05-22T16:10:19Z,1111,0c4056998a0d1c38a5fccc6dc5870298927be6f5
26297853534,ci-5-torch,pull_request,completed,success,2026-05-22T15:51:48Z,2026-05-22T16:11:48Z,1200,0c4056998a0d1c38a5fccc6dc5870298927be6f5
26297853462,Spelling,pull_request,completed,success,2026-05-22T15:51:48Z,2026-05-22T15:52:02Z,14,0c4056998a0d1c38a5fccc6dc5870298927be6f5
26297853464,Style,pull_request,completed,success,2026-05-22T15:51:48Z,2026-05-22T15:52:00Z,12,0c4056998a0d1c38a5fccc6dc5870298927be6f5
26297853471,ci-7-sql,pull_request,completed,success,2026-05-22T15:51:48Z,2026-05-22T15:53:26Z,98,0c4056998a0d1c38a5fccc6dc5870298927be6f5
26297853468,Pyrefly,pull_request,completed,success,2026-05-22T15:51:48Z,2026-05-22T15:53:43Z,115,0c4056998a0d1c38a5fccc6dc5870298927be6f5
26297853465,Mypy,pull_request,completed,success,2026-05-22T15:51:48Z,2026-05-22T15:54:56Z,188,0c4056998a0d1c38a5fccc6dc5870298927be6f5
26297853475,ci-2-scikit-learn,pull_request,completed,success,2026-05-22T15:51:48Z,2026-05-22T15:56:33Z,285,0c4056998a0d1c38a5fccc6dc5870298927be6f5
26297853463,ci-1-core,pull_request,completed,success,2026-05-22T15:51:48Z,2026-05-22T15:55:58Z,250,0c4056998a0d1c38a5fccc6dc5870298927be6f5
26297526706,ci-9-transformers,pull_request,completed,cancelled,2026-05-22T15:45:08Z,2026-05-22T16:00:14Z,906,86272f9df41fd7327e1ac648ee6397f5436e1e78
26297526920,ci-7-sql,pull_request,completed,success,2026-05-22T15:45:08Z,2026-05-22T15:47:41Z,153,86272f9df41fd7327e1ac648ee6397f5436e1e78
26297526798,Mypy,pull_request,completed,failure,2026-05-22T15:45:08Z,2026-05-22T15:47:47Z,159,86272f9df41fd7327e1ac648ee6397f5436e1e78
26297527013,ci-1-core,pull_request,completed,success,2026-05-22T15:45:08Z,2026-05-22T15:49:06Z,238,86272f9df41fd7327e1ac648ee6397f5436e1e78
26297526994,ci-2-scikit-learn,pull_request,completed,success,2026-05-22T15:45:08Z,2026-05-22T15:49:47Z,279,86272f9df41fd7327e1ac648ee6397f5436e1e78
26297526712,ci-3-tensorflow,pull_request,completed,success,2026-05-22T15:45:08Z,2026-05-22T15:50:31Z,323,86272f9df41fd7327e1ac648ee6397f5436e1e78
26297526992,ci-8-transformers,pull_request,completed,success,2026-05-22T15:45:08Z,2026-05-22T15:51:21Z,373,86272f9df41fd7327e1ac648ee6397f5436e1e78
26297526831,Documentation,pull_request,completed,cancelled,2026-05-22T15:45:08Z,2026-05-22T15:52:06Z,418,86272f9df41fd7327e1ac648ee6397f5436e1e78
26297526754,ci-10-torch-op-db,pull_request,completed,cancelled,2026-05-22T15:45:08Z,2026-05-22T15:52:07Z,419,86272f9df41fd7327e1ac648ee6397f5436e1e78
26297526995,ci-4-torch,pull_request,completed,cancelled,2026-05-22T15:45:08Z,2026-05-22T15:53:53Z,525,86272f9df41fd7327e1ac648ee6397f5436e1e78
26297526709,Spelling,pull_request,completed,success,2026-05-22T15:45:08Z,2026-05-22T15:45:19Z,11,86272f9df41fd7327e1ac648ee6397f5436e1e78
26297526708,Style,pull_request,completed,success,2026-05-22T15:45:08Z,2026-05-22T15:45:20Z,12,86272f9df41fd7327e1ac648ee6397f5436e1e78
26297526705,PR – report impacted subfolders,pull_request,completed,success,2026-05-22T15:45:08Z,2026-05-22T15:45:22Z,14,86272f9df41fd7327e1ac648ee6397f5436e1e78
26297526797,Build,pull_request,completed,success,2026-05-22T15:45:08Z,2026-05-22T15:45:25Z,17,86272f9df41fd7327e1ac648ee6397f5436e1e78
26297526993,ci-6-litert,pull_request,completed,success,2026-05-22T15:45:08Z,2026-05-22T15:46:15Z,67,86272f9df41fd7327e1ac648ee6397f5436e1e78
26297526755,Pyrefly,pull_request,completed,failure,2026-05-22T15:45:08Z,2026-05-22T15:47:08Z,120,86272f9df41fd7327e1ac648ee6397f5436e1e78
26297526753,ci-5-torch,pull_request,completed,cancelled,2026-05-22T15:45:08Z,2026-05-22T15:58:18Z,790,86272f9df41fd7327e1ac648ee6397f5436e1e78
26294992183,PR – report impacted subfolders,pull_request,completed,success,2026-05-22T14:54:27Z,2026-05-22T14:54:40Z,13,d57919c32807dd0e56dd274e4d986372b52daf66
26294990101,ci-5-torch,pull_request,completed,failure,2026-05-22T14:54:25Z,2026-05-22T15:09:34Z,909,d57919c32807dd0e56dd274e4d986372b52daf66
26294990277,ci-8-transformers,pull_request,completed,success,2026-05-22T14:54:25Z,2026-05-22T15:00:43Z,378,d57919c32807dd0e56dd274e4d986372b52daf66
26294990034,ci-4-torch,pull_request,completed,failure,2026-05-22T14:54:24Z,2026-05-22T15:04:21Z,597,d57919c32807dd0e56dd274e4d986372b52daf66
26294989560,Documentation,pull_request,completed,success,2026-05-22T14:54:24Z,2026-05-22T15:07:14Z,770,d57919c32807dd0e56dd274e4d986372b52daf66
26294989818,Spelling,pull_request,completed,success,2026-05-22T14:54:24Z,2026-05-22T14:54:38Z,14,d57919c32807dd0e56dd274e4d986372b52daf66
26294990105,ci-6-litert,pull_request,completed,success,2026-05-22T14:54:24Z,2026-05-22T14:55:42Z,78,d57919c32807dd0e56dd274e4d986372b52daf66
26294989934,ci-7-sql,pull_request,completed,success,2026-05-22T14:54:24Z,2026-05-22T14:56:07Z,103,d57919c32807dd0e56dd274e4d986372b52daf66
26294989929,Pyrefly,pull_request,completed,failure,2026-05-22T14:54:24Z,2026-05-22T14:56:25Z,121,d57919c32807dd0e56dd274e4d986372b52daf66
26294989814,Mypy,pull_request,completed,failure,2026-05-22T14:54:24Z,2026-05-22T14:57:06Z,162,d57919c32807dd0e56dd274e4d986372b52daf66
26294989930,ci-1-core,pull_request,completed,failure,2026-05-22T14:54:24Z,2026-05-22T14:58:29Z,245,d57919c32807dd0e56dd274e4d986372b52daf66
26294990102,ci-3-tensorflow,pull_request,completed,failure,2026-05-22T14:54:24Z,2026-05-22T14:58:46Z,262,d57919c32807dd0e56dd274e4d986372b52daf66
26294989524,ci-2-scikit-learn,pull_request,completed,success,2026-05-22T14:54:24Z,2026-05-22T14:58:48Z,264,d57919c32807dd0e56dd274e4d986372b52daf66
26294989817,ci-9-transformers,pull_request,completed,success,2026-05-22T14:54:24Z,2026-05-22T15:09:41Z,917,d57919c32807dd0e56dd274e4d986372b52daf66
26294989483,ci-10-torch-op-db,pull_request,completed,success,2026-05-22T14:54:24Z,2026-05-22T15:13:09Z,1125,d57919c32807dd0e56dd274e4d986372b52daf66
26294989936,Style,pull_request,completed,success,2026-05-22T14:54:24Z,2026-05-22T14:54:35Z,11,d57919c32807dd0e56dd274e4d986372b52daf66
26294989925,Build,pull_request,completed,success,2026-05-22T14:54:24Z,2026-05-22T14:54:44Z,20,d57919c32807dd0e56dd274e4d986372b52daf66
26291727641,Build,push,completed,success,2026-05-22T13:50:26Z,2026-05-22T13:50:44Z,18,441e97ca901102e80c14dd3e240585c7dcd3f8c5
26291727588,Style,push,completed,success,2026-05-22T13:50:26Z,2026-05-22T13:50:37Z,11,441e97ca901102e80c14dd3e240585c7dcd3f8c5
26291727660,Spelling,push,completed,success,2026-05-22T13:50:26Z,2026-05-22T13:50:39Z,13,441e97ca901102e80c14dd3e240585c7dcd3f8c5
26291727645,Pyrefly,push,completed,success,2026-05-22T13:50:26Z,2026-05-22T13:52:16Z,110,441e97ca901102e80c14dd3e240585c7dcd3f8c5
26291727603,ci-6-litert,push,completed,success,2026-05-22T13:50:26Z,2026-05-22T13:53:15Z,169,441e97ca901102e80c14dd3e240585c7dcd3f8c5
26291727584,Mypy,push,completed,success,2026-05-22T13:50:26Z,2026-05-22T13:53:20Z,174,441e97ca901102e80c14dd3e240585c7dcd3f8c5
26291727661,ci-7-sql,push,completed,success,2026-05-22T13:50:26Z,2026-05-22T13:54:34Z,248,441e97ca901102e80c14dd3e240585c7dcd3f8c5
26291727528,ci-10-torch-op-db,push,completed,success,2026-05-22T13:50:26Z,2026-05-22T14:10:10Z,1184,441e97ca901102e80c14dd3e240585c7dcd3f8c5
26291727643,ci-4-torch,push,completed,success,2026-05-22T13:50:26Z,2026-05-22T14:02:55Z,749,441e97ca901102e80c14dd3e240585c7dcd3f8c5
26291727558,ci-9-transformers,push,completed,success,2026-05-22T13:50:26Z,2026-05-22T14:05:09Z,883,441e97ca901102e80c14dd3e240585c7dcd3f8c5
26291727642,ci-5-torch,push,completed,success,2026-05-22T13:50:26Z,2026-05-22T14:07:32Z,1026,441e97ca901102e80c14dd3e240585c7dcd3f8c5
26291727591,ci-1-core,push,completed,success,2026-05-22T13:50:26Z,2026-05-22T13:56:58Z,392,441e97ca901102e80c14dd3e240585c7dcd3f8c5
26291727644,ci-2-scikit-learn,push,completed,success,2026-05-22T13:50:26Z,2026-05-22T13:56:39Z,373,441e97ca901102e80c14dd3e240585c7dcd3f8c5
26291727707,ci-3-tensorflow,push,completed,success,2026-05-22T13:50:26Z,2026-05-22T13:57:39Z,433,441e97ca901102e80c14dd3e240585c7dcd3f8c5
26291727646,ci-8-transformers,push,completed,success,2026-05-22T13:50:26Z,2026-05-22T13:57:04Z,398,441e97ca901102e80c14dd3e240585c7dcd3f8c5
26290796474,PR – report impacted subfolders,pull_request,completed,success,2026-05-22T13:32:04Z,2026-05-22T13:34:56Z,172,19156c6e0c4b5f7ca63c9dae5757c46801fdd26e
26290775791,PR – report impacted subfolders,pull_request,completed,cancelled,2026-05-22T13:31:39Z,2026-05-22T13:34:44Z,185,19156c6e0c4b5f7ca63c9dae5757c46801fdd26e
26290775827,PR – report impacted subfolders,pull_request,completed,cancelled,2026-05-22T13:31:39Z,2026-05-22T13:34:45Z,186,19156c6e0c4b5f7ca63c9dae5757c46801fdd26e
26290775796,Style,pull_request,completed,success,2026-05-22T13:31:39Z,2026-05-22T13:34:54Z,195,19156c6e0c4b5f7ca63c9dae5757c46801fdd26e
26290775826,Spelling,pull_request,completed,success,2026-05-22T13:31:39Z,2026-05-22T13:34:57Z,198,19156c6e0c4b5f7ca63c9dae5757c46801fdd26e
26290775785,Build,pull_request,completed,success,2026-05-22T13:31:39Z,2026-05-22T13:35:00Z,201,19156c6e0c4b5f7ca63c9dae5757c46801fdd26e
26290775787,Pyrefly,pull_request,completed,success,2026-05-22T13:31:39Z,2026-05-22T13:36:36Z,297,19156c6e0c4b5f7ca63c9dae5757c46801fdd26e
26290775780,Mypy,pull_request,completed,success,2026-05-22T13:31:39Z,2026-05-22T13:37:33Z,354,19156c6e0c4b5f7ca63c9dae5757c46801fdd26e
26290775825,ci-6-litert,pull_request,completed,success,2026-05-22T13:31:39Z,2026-05-22T13:37:47Z,368,19156c6e0c4b5f7ca63c9dae5757c46801fdd26e
26290775797,ci-1-core,pull_request,completed,success,2026-05-22T13:31:39Z,2026-05-22T13:38:40Z,421,19156c6e0c4b5f7ca63c9dae5757c46801fdd26e
26290775782,ci-2-scikit-learn,pull_request,completed,success,2026-05-22T13:31:39Z,2026-05-22T13:39:21Z,462,19156c6e0c4b5f7ca63c9dae5757c46801fdd26e
26290775849,ci-7-sql,pull_request,completed,success,2026-05-22T13:31:39Z,2026-05-22T13:39:20Z,461,19156c6e0c4b5f7ca63c9dae5757c46801fdd26e
26290775953,ci-3-tensorflow,pull_request,completed,success,2026-05-22T13:31:39Z,2026-05-22T13:40:10Z,511,19156c6e0c4b5f7ca63c9dae5757c46801fdd26e
26290775786,ci-8-transformers,pull_request,completed,success,2026-05-22T13:31:39Z,2026-05-22T13:40:47Z,548,19156c6e0c4b5f7ca63c9dae5757c46801fdd26e
26290775790,ci-4-torch,pull_request,completed,success,2026-05-22T13:31:39Z,2026-05-22T13:43:21Z,702,19156c6e0c4b5f7ca63c9dae5757c46801fdd26e
26290775784,ci-5-torch,pull_request,completed,success,2026-05-22T13:31:39Z,2026-05-22T13:48:09Z,990,19156c6e0c4b5f7ca63c9dae5757c46801fdd26e
26290775783,ci-9-transformers,pull_request,completed,success,2026-05-22T13:31:39Z,2026-05-22T13:52:17Z,1238,19156c6e0c4b5f7ca63c9dae5757c46801fdd26e
26290775789,ci-10-torch-op-db,pull_request,completed,success,2026-05-22T13:31:39Z,2026-05-22T13:53:18Z,1299,19156c6e0c4b5f7ca63c9dae5757c46801fdd26e
26290638005,Running Copilot cloud agent,dynamic,completed,success,2026-05-22T13:28:53Z,2026-05-22T13:32:06Z,193,156a396ce8239abb946307b1ab9aa1d34d434ad8
26289839384,Style,push,completed,success,2026-05-22T13:12:40Z,2026-05-22T13:12:55Z,15,80c72994dfa1d42415261e1c49e0ab6ae7876367
26289839446,Build,push,completed,success,2026-05-22T13:12:40Z,2026-05-22T13:12:58Z,18,80c72994dfa1d42415261e1c49e0ab6ae7876367
26289839379,Pyrefly,push,completed,success,2026-05-22T13:12:40Z,2026-05-22T13:14:39Z,119,80c72994dfa1d42415261e1c49e0ab6ae7876367
26289839417,Spelling,push,completed,success,2026-05-22T13:12:40Z,2026-05-22T13:14:49Z,129,80c72994dfa1d42415261e1c49e0ab6ae7876367
26289839450,ci-7-sql,push,completed,success,2026-05-22T13:12:40Z,2026-05-22T13:16:31Z,231,80c72994dfa1d42415261e1c49e0ab6ae7876367
26289839454,ci-6-litert,push,completed,success,2026-05-22T13:12:40Z,2026-05-22T13:17:13Z,273,80c72994dfa1d42415261e1c49e0ab6ae7876367
26289839376,ci-2-scikit-learn,push,completed,success,2026-05-22T13:12:40Z,2026-05-22T13:18:16Z,336,80c72994dfa1d42415261e1c49e0ab6ae7876367
26289839449,Mypy,push,completed,success,2026-05-22T13:12:40Z,2026-05-22T13:19:04Z,384,80c72994dfa1d42415261e1c49e0ab6ae7876367
26289839447,ci-1-core,push,completed,success,2026-05-22T13:12:40Z,2026-05-22T13:20:20Z,460,80c72994dfa1d42415261e1c49e0ab6ae7876367
26289839451,ci-3-tensorflow,push,completed,success,2026-05-22T13:12:40Z,2026-05-22T13:22:16Z,576,80c72994dfa1d42415261e1c49e0ab6ae7876367
26289839378,ci-8-transformers,push,completed,success,2026-05-22T13:12:40Z,2026-05-22T13:22:45Z,605,80c72994dfa1d42415261e1c49e0ab6ae7876367
26289839416,ci-4-torch,push,completed,success,2026-05-22T13:12:40Z,2026-05-22T13:25:37Z,777,80c72994dfa1d42415261e1c49e0ab6ae7876367
26289839415,ci-9-transformers,push,completed,success,2026-05-22T13:12:40Z,2026-05-22T13:27:49Z,909,80c72994dfa1d42415261e1c49e0ab6ae7876367
26289839374,ci-5-torch,push,completed,success,2026-05-22T13:12:40Z,2026-05-22T13:28:04Z,924,80c72994dfa1d42415261e1c49e0ab6ae7876367
26289839414,ci-10-torch-op-db,push,completed,success,2026-05-22T13:12:40Z,2026-05-22T13:30:56Z,1096,80c72994dfa1d42415261e1c49e0ab6ae7876367
26288430455,PR – report impacted subfolders,pull_request,completed,success,2026-05-22T12:42:51Z,2026-05-22T12:57:56Z,905,ac50dcb94f56e5295604f913d24495c2596ebe57
26288415492,ci-4-torch,pull_request,completed,success,2026-05-22T12:42:31Z,2026-05-22T13:08:36Z,1565,ac50dcb94f56e5295604f913d24495c2596ebe57
26288415559,ci-3-tensorflow,pull_request,completed,success,2026-05-22T12:42:31Z,2026-05-22T13:08:45Z,1574,ac50dcb94f56e5295604f913d24495c2596ebe57
26288415488,ci-5-torch,pull_request,completed,success,2026-05-22T12:42:31Z,2026-05-22T13:11:06Z,1715,ac50dcb94f56e5295604f913d24495c2596ebe57
26288415245,PR – report impacted subfolders,pull_request,completed,cancelled,2026-05-22T12:42:31Z,2026-05-22T12:57:40Z,909,ac50dcb94f56e5295604f913d24495c2596ebe57
26288415246,Style,pull_request,completed,success,2026-05-22T12:42:31Z,2026-05-22T12:58:00Z,929,ac50dcb94f56e5295604f913d24495c2596ebe57
26288415278,Build,pull_request,completed,success,2026-05-22T12:42:31Z,2026-05-22T12:57:57Z,926,ac50dcb94f56e5295604f913d24495c2596ebe57
26288415248,Spelling,pull_request,completed,success,2026-05-22T12:42:31Z,2026-05-22T12:57:49Z,918,ac50dcb94f56e5295604f913d24495c2596ebe57
26288415355,PR – report impacted subfolders,pull_request,completed,cancelled,2026-05-22T12:42:31Z,2026-05-22T12:57:41Z,910,ac50dcb94f56e5295604f913d24495c2596ebe57
26288415399,ci-7-sql,pull_request,completed,success,2026-05-22T12:42:31Z,2026-05-22T12:59:15Z,1004,ac50dcb94f56e5295604f913d24495c2596ebe57
26288415281,Pyrefly,pull_request,completed,success,2026-05-22T12:42:31Z,2026-05-22T12:59:56Z,1045,ac50dcb94f56e5295604f913d24495c2596ebe57
26288415284,Mypy,pull_request,completed,success,2026-05-22T12:42:31Z,2026-05-22T13:00:36Z,1085,ac50dcb94f56e5295604f913d24495c2596ebe57
26288415490,ci-6-litert,pull_request,completed,success,2026-05-22T12:42:31Z,2026-05-22T13:01:07Z,1116,ac50dcb94f56e5295604f913d24495c2596ebe57
26288415277,ci-2-scikit-learn,pull_request,completed,success,2026-05-22T12:42:31Z,2026-05-22T13:02:22Z,1191,ac50dcb94f56e5295604f913d24495c2596ebe57
26288415401,ci-8-transformers,pull_request,completed,success,2026-05-22T12:42:31Z,2026-05-22T13:03:28Z,1257,ac50dcb94f56e5295604f913d24495c2596ebe57
26288415282,ci-1-core,pull_request,completed,success,2026-05-22T12:42:31Z,2026-05-22T13:03:44Z,1273,ac50dcb94f56e5295604f913d24495c2596ebe57
26288415279,ci-10-torch-op-db,pull_request,completed,success,2026-05-22T12:42:31Z,2026-05-22T13:16:07Z,2016,ac50dcb94f56e5295604f913d24495c2596ebe57
26288415493,ci-9-transformers,pull_request,completed,success,2026-05-22T12:42:31Z,2026-05-22T13:16:32Z,2041,ac50dcb94f56e5295604f913d24495c2596ebe57
26288301786,Addressing comment on PR #2227,dynamic,completed,success,2026-05-22T12:40:02Z,2026-05-22T12:42:52Z,170,9178bfc6d9a44ef7c178d3fbb389d5fdf0e33fd2
26279904470,Running Copilot cloud agent,dynamic,completed,success,2026-05-22T09:29:35Z,2026-05-22T09:38:32Z,537,556d85cf4628c1e8cd7aaf31d7d9cee25590469e
26278234449,Style,push,completed,success,2026-05-22T08:53:02Z,2026-05-22T08:56:11Z,189,e3760bf46d916166787a21a75514c018b2fdf1a5
26278234458,Mypy,push,completed,success,2026-05-22T08:53:02Z,2026-05-22T09:01:10Z,488,e3760bf46d916166787a21a75514c018b2fdf1a5
26278234448,Pyrefly,push,completed,success,2026-05-22T08:53:02Z,2026-05-22T09:01:51Z,529,e3760bf46d916166787a21a75514c018b2fdf1a5
26278234402,Spelling,push,completed,success,2026-05-22T08:53:02Z,2026-05-22T09:03:00Z,598,e3760bf46d916166787a21a75514c018b2fdf1a5
26278234587,ci-6-litert,push,completed,success,2026-05-22T08:53:02Z,2026-05-22T09:05:10Z,728,e3760bf46d916166787a21a75514c018b2fdf1a5
26278234451,Build,push,completed,success,2026-05-22T08:53:02Z,2026-05-22T09:05:56Z,774,e3760bf46d916166787a21a75514c018b2fdf1a5
26278234606,ci-7-sql,push,completed,success,2026-05-22T08:53:02Z,2026-05-22T09:06:57Z,835,e3760bf46d916166787a21a75514c018b2fdf1a5
26278234455,Documentation,push,completed,failure,2026-05-22T08:53:02Z,2026-05-22T09:08:06Z,904,e3760bf46d916166787a21a75514c018b2fdf1a5
26278234399,ci-10-torch-op-db,push,completed,success,2026-05-22T08:53:02Z,2026-05-22T09:12:55Z,1193,e3760bf46d916166787a21a75514c018b2fdf1a5
26278234457,ci-2-scikit-learn,push,completed,success,2026-05-22T08:53:02Z,2026-05-22T09:17:23Z,1461,e3760bf46d916166787a21a75514c018b2fdf1a5
26278234584,ci-3-tensorflow,push,completed,success,2026-05-22T08:53:02Z,2026-05-22T09:19:54Z,1612,e3760bf46d916166787a21a75514c018b2fdf1a5
26278234554,ci-8-transformers,push,completed,success,2026-05-22T08:53:02Z,2026-05-22T09:20:01Z,1619,e3760bf46d916166787a21a75514c018b2fdf1a5
26278234585,ci-4-torch,push,completed,success,2026-05-22T08:53:02Z,2026-05-22T09:24:54Z,1912,e3760bf46d916166787a21a75514c018b2fdf1a5
26278234586,ci-9-transformers,push,completed,success,2026-05-22T08:53:02Z,2026-05-22T09:28:55Z,2153,e3760bf46d916166787a21a75514c018b2fdf1a5
26278234355,ci-1-core,push,completed,success,2026-05-22T08:53:02Z,2026-05-22T09:31:48Z,2326,e3760bf46d916166787a21a75514c018b2fdf1a5
26278234635,ci-5-torch,push,completed,success,2026-05-22T08:53:02Z,2026-05-22T09:44:28Z,3086,e3760bf46d916166787a21a75514c018b2fdf1a5
26278226480,ci-7-sql,push,completed,cancelled,2026-05-22T08:52:51Z,2026-05-22T08:59:59Z,428,f06ca9ecd89abfcf92e967a71c0549f3dbb5d4bb
26278226487,ci-6-litert,push,completed,cancelled,2026-05-22T08:52:51Z,2026-05-22T09:03:08Z,617,f06ca9ecd89abfcf92e967a71c0549f3dbb5d4bb
26278226490,Build,push,completed,success,2026-05-22T08:52:51Z,2026-05-22T09:05:32Z,761,f06ca9ecd89abfcf92e967a71c0549f3dbb5d4bb
26278226527,ci-2-scikit-learn,push,completed,cancelled,2026-05-22T08:52:51Z,2026-05-22T09:07:31Z,880,f06ca9ecd89abfcf92e967a71c0549f3dbb5d4bb
26278226482,ci-3-tensorflow,push,completed,cancelled,2026-05-22T08:52:51Z,2026-05-22T09:11:05Z,1094,f06ca9ecd89abfcf92e967a71c0549f3dbb5d4bb
26278226479,ci-8-transformers,push,completed,cancelled,2026-05-22T08:52:51Z,2026-05-22T09:11:23Z,1112,f06ca9ecd89abfcf92e967a71c0549f3dbb5d4bb
26278226526,ci-9-transformers,push,completed,cancelled,2026-05-22T08:52:51Z,2026-05-22T08:53:03Z,12,f06ca9ecd89abfcf92e967a71c0549f3dbb5d4bb
26278226489,ci-10-torch-op-db,push,completed,cancelled,2026-05-22T08:52:51Z,2026-05-22T08:53:03Z,12,f06ca9ecd89abfcf92e967a71c0549f3dbb5d4bb
26278226529,Mypy,push,completed,cancelled,2026-05-22T08:52:51Z,2026-05-22T08:53:04Z,13,f06ca9ecd89abfcf92e967a71c0549f3dbb5d4bb
26278226528,Documentation,push,completed,cancelled,2026-05-22T08:52:51Z,2026-05-22T08:53:04Z,13,f06ca9ecd89abfcf92e967a71c0549f3dbb5d4bb
26278226486,Pyrefly,push,completed,cancelled,2026-05-22T08:52:51Z,2026-05-22T08:53:03Z,12,f06ca9ecd89abfcf92e967a71c0549f3dbb5d4bb
26278226488,Style,push,completed,cancelled,2026-05-22T08:52:51Z,2026-05-22T08:53:04Z,13,f06ca9ecd89abfcf92e967a71c0549f3dbb5d4bb
26278226483,Spelling,push,completed,cancelled,2026-05-22T08:52:51Z,2026-05-22T08:53:03Z,12,f06ca9ecd89abfcf92e967a71c0549f3dbb5d4bb
26278226484,ci-4-torch,push,completed,cancelled,2026-05-22T08:52:51Z,2026-05-22T09:12:16Z,1165,f06ca9ecd89abfcf92e967a71c0549f3dbb5d4bb
26278226485,ci-1-core,push,completed,cancelled,2026-05-22T08:52:51Z,2026-05-22T09:14:32Z,1301,f06ca9ecd89abfcf92e967a71c0549f3dbb5d4bb
26278226492,ci-5-torch,push,completed,cancelled,2026-05-22T08:52:51Z,2026-05-22T09:21:12Z,1701,f06ca9ecd89abfcf92e967a71c0549f3dbb5d4bb
26277615170,PR – report impacted subfolders,pull_request,completed,success,2026-05-22T08:39:26Z,2026-05-22T08:52:42Z,796,fffa82e27cf5f35ca1886097679a8dd92cdf3dfa
26277609962,PR – report impacted subfolders,pull_request,completed,cancelled,2026-05-22T08:39:18Z,2026-05-22T08:44:10Z,292,fffa82e27cf5f35ca1886097679a8dd92cdf3dfa
26277610005,PR – report impacted subfolders,pull_request,completed,cancelled,2026-05-22T08:39:18Z,2026-05-22T08:44:10Z,292,fffa82e27cf5f35ca1886097679a8dd92cdf3dfa
26277609875,Pyrefly,pull_request,completed,success,2026-05-22T08:39:18Z,2026-05-22T08:46:25Z,427,fffa82e27cf5f35ca1886097679a8dd92cdf3dfa
26277609882,ci-7-sql,pull_request,completed,success,2026-05-22T08:39:18Z,2026-05-22T08:58:09Z,1131,fffa82e27cf5f35ca1886097679a8dd92cdf3dfa
26277609956,ci-6-litert,pull_request,completed,success,2026-05-22T08:39:18Z,2026-05-22T09:02:15Z,1377,fffa82e27cf5f35ca1886097679a8dd92cdf3dfa
26277609960,ci-1-core,pull_request,completed,success,2026-05-22T08:39:18Z,2026-05-22T09:04:07Z,1489,fffa82e27cf5f35ca1886097679a8dd92cdf3dfa
26277609874,ci-2-scikit-learn,pull_request,completed,success,2026-05-22T08:39:18Z,2026-05-22T09:05:45Z,1587,fffa82e27cf5f35ca1886097679a8dd92cdf3dfa
26277609870,ci-4-torch,pull_request,completed,success,2026-05-22T08:39:18Z,2026-05-22T09:10:14Z,1856,fffa82e27cf5f35ca1886097679a8dd92cdf3dfa
26277609965,ci-3-tensorflow,pull_request,completed,success,2026-05-22T08:39:18Z,2026-05-22T09:10:37Z,1879,fffa82e27cf5f35ca1886097679a8dd92cdf3dfa
26277609880,Mypy,pull_request,completed,success,2026-05-22T08:39:18Z,2026-05-22T08:48:14Z,536,fffa82e27cf5f35ca1886097679a8dd92cdf3dfa
26277609964,Build,pull_request,completed,success,2026-05-22T08:39:18Z,2026-05-22T08:49:53Z,635,fffa82e27cf5f35ca1886097679a8dd92cdf3dfa
26277609955,Style,pull_request,completed,success,2026-05-22T08:39:18Z,2026-05-22T08:51:19Z,721,fffa82e27cf5f35ca1886097679a8dd92cdf3dfa
26277609957,Spelling,pull_request,completed,success,2026-05-22T08:39:18Z,2026-05-22T08:52:25Z,787,fffa82e27cf5f35ca1886097679a8dd92cdf3dfa
26277609877,Documentation,pull_request,completed,failure,2026-05-22T08:39:18Z,2026-05-22T08:52:14Z,776,fffa82e27cf5f35ca1886097679a8dd92cdf3dfa
26277609966,ci-10-torch-op-db,pull_request,completed,success,2026-05-22T08:39:18Z,2026-05-22T09:13:23Z,2045,fffa82e27cf5f35ca1886097679a8dd92cdf3dfa
26277609961,ci-8-transformers,pull_request,completed,success,2026-05-22T08:39:18Z,2026-05-22T09:13:33Z,2055,fffa82e27cf5f35ca1886097679a8dd92cdf3dfa
26277609958,ci-5-torch,pull_request,completed,success,2026-05-22T08:39:18Z,2026-05-22T09:21:09Z,2511,fffa82e27cf5f35ca1886097679a8dd92cdf3dfa
26277609970,ci-9-transformers,pull_request,completed,success,2026-05-22T08:39:18Z,2026-05-22T09:27:57Z,2919,fffa82e27cf5f35ca1886097679a8dd92cdf3dfa
26277224166,Addressing comment on PR #2217,dynamic,completed,success,2026-05-22T08:30:22Z,2026-05-22T08:39:39Z,557,309441bf9af5da3821e55b98fabb12b2773ea60e
26277200405,Build,push,completed,success,2026-05-22T08:29:53Z,2026-05-22T08:30:07Z,14,705597a210bb5ed6df9f210df9ecb1006d1ec4c7
26277200399,Spelling,push,completed,success,2026-05-22T08:29:53Z,2026-05-22T08:30:13Z,20,705597a210bb5ed6df9f210df9ecb1006d1ec4c7
26277200333,Style,push,completed,success,2026-05-22T08:29:53Z,2026-05-22T08:30:05Z,12,705597a210bb5ed6df9f210df9ecb1006d1ec4c7
26277200400,ci-1-core,push,completed,success,2026-05-22T08:29:53Z,2026-05-22T08:42:38Z,765,705597a210bb5ed6df9f210df9ecb1006d1ec4c7
26277200336,Mypy,push,completed,success,2026-05-22T08:29:53Z,2026-05-22T08:42:46Z,773,705597a210bb5ed6df9f210df9ecb1006d1ec4c7
26277200331,ci-4-torch,push,completed,success,2026-05-22T08:29:53Z,2026-05-22T08:44:01Z,848,705597a210bb5ed6df9f210df9ecb1006d1ec4c7
26277200401,ci-5-torch,push,completed,success,2026-05-22T08:29:53Z,2026-05-22T08:44:21Z,868,705597a210bb5ed6df9f210df9ecb1006d1ec4c7
26277200402,ci-9-transformers,push,completed,cancelled,2026-05-22T08:29:53Z,2026-05-22T09:10:33Z,2440,705597a210bb5ed6df9f210df9ecb1006d1ec4c7
26277200341,ci-10-torch-op-db,push,completed,success,2026-05-22T08:29:53Z,2026-05-22T08:49:58Z,1205,705597a210bb5ed6df9f210df9ecb1006d1ec4c7
26277200325,ci-7-sql,push,completed,success,2026-05-22T08:29:53Z,2026-05-22T08:32:33Z,160,705597a210bb5ed6df9f210df9ecb1006d1ec4c7
26277200335,Pyrefly,push,completed,success,2026-05-22T08:29:53Z,2026-05-22T08:32:39Z,166,705597a210bb5ed6df9f210df9ecb1006d1ec4c7
26277200342,ci-8-transformers,push,completed,success,2026-05-22T08:29:53Z,2026-05-22T08:36:25Z,392,705597a210bb5ed6df9f210df9ecb1006d1ec4c7
26277200338,ci-3-tensorflow,push,completed,success,2026-05-22T08:29:53Z,2026-05-22T08:36:44Z,411,705597a210bb5ed6df9f210df9ecb1006d1ec4c7
26277200332,Documentation,push,completed,failure,2026-05-22T08:29:53Z,2026-05-22T08:37:08Z,435,705597a210bb5ed6df9f210df9ecb1006d1ec4c7
26277200337,ci-2-scikit-learn,push,completed,success,2026-05-22T08:29:53Z,2026-05-22T08:37:11Z,438,705597a210bb5ed6df9f210df9ecb1006d1ec4c7
26277200329,ci-6-litert,push,completed,success,2026-05-22T08:29:53Z,2026-05-22T08:37:50Z,477,705597a210bb5ed6df9f210df9ecb1006d1ec4c7
26276850042,PR – report impacted subfolders,pull_request,completed,success,2026-05-22T08:22:00Z,2026-05-22T08:37:57Z,957,07b0a6bd427245f6378154553e284b05ede406c5
26276840352,PR – report impacted subfolders,pull_request,completed,cancelled,2026-05-22T08:21:47Z,2026-05-22T08:30:07Z,500,07b0a6bd427245f6378154553e284b05ede406c5
26276732283,PR – report impacted subfolders,pull_request,completed,cancelled,2026-05-22T08:19:19Z,2026-05-22T08:30:07Z,648,07b0a6bd427245f6378154553e284b05ede406c5
26276638810,ci-10-gallery-transformers,schedule,completed,success,2026-05-22T08:17:08Z,2026-05-22T08:19:22Z,134,acce2379ece34160335d1e0a169ef126ac5142f7
26276531498,Addressing comment on PR #2223,dynamic,completed,success,2026-05-22T08:14:38Z,2026-05-22T08:22:16Z,458,07b0a6bd427245f6378154553e284b05ede406c5
26276516009,PR – report impacted subfolders,pull_request,completed,cancelled,2026-05-22T08:14:17Z,2026-05-22T08:30:07Z,950,07b0a6bd427245f6378154553e284b05ede406c5
26276487131,PR – report impacted subfolders,pull_request,completed,cancelled,2026-05-22T08:13:37Z,2026-05-22T08:30:05Z,988,07b0a6bd427245f6378154553e284b05ede406c5
26276487169,PR – report impacted subfolders,pull_request,completed,cancelled,2026-05-22T08:13:37Z,2026-05-22T08:30:07Z,990,07b0a6bd427245f6378154553e284b05ede406c5
26276487199,Build,pull_request,completed,success,2026-05-22T08:13:37Z,2026-05-22T08:31:35Z,1078,07b0a6bd427245f6378154553e284b05ede406c5
26276487240,Documentation,pull_request,completed,success,2026-05-22T08:13:37Z,2026-05-22T08:44:29Z,1852,07b0a6bd427245f6378154553e284b05ede406c5
26276487271,ci-3-tensorflow,pull_request,completed,success,2026-05-22T08:13:37Z,2026-05-22T08:46:20Z,1963,07b0a6bd427245f6378154553e284b05ede406c5
26276487328,ci-5-torch,pull_request,completed,success,2026-05-22T08:13:37Z,2026-05-22T08:56:03Z,2546,07b0a6bd427245f6378154553e284b05ede406c5
26276487325,ci-7-sql,pull_request,completed,success,2026-05-22T08:13:37Z,2026-05-22T09:01:09Z,2852,07b0a6bd427245f6378154553e284b05ede406c5
26276487326,ci-6-litert,pull_request,completed,success,2026-05-22T08:13:37Z,2026-05-22T09:01:59Z,2902,07b0a6bd427245f6378154553e284b05ede406c5
26276487267,ci-9-transformers,pull_request,completed,success,2026-05-22T08:13:37Z,2026-05-22T09:02:30Z,2933,07b0a6bd427245f6378154553e284b05ede406c5
26276487164,ci-2-scikit-learn,pull_request,completed,success,2026-05-22T08:13:37Z,2026-05-22T08:48:40Z,2103,07b0a6bd427245f6378154553e284b05ede406c5
26276487196,ci-1-core,pull_request,completed,success,2026-05-22T08:13:37Z,2026-05-22T08:48:11Z,2074,07b0a6bd427245f6378154553e284b05ede406c5
26276487195,ci-10-torch-op-db,pull_request,completed,success,2026-05-22T08:13:37Z,2026-05-22T08:49:48Z,2171,07b0a6bd427245f6378154553e284b05ede406c5
26276487369,ci-4-torch,pull_request,completed,success,2026-05-22T08:13:37Z,2026-05-22T08:52:35Z,2338,07b0a6bd427245f6378154553e284b05ede406c5
26276487242,ci-8-transformers,pull_request,completed,success,2026-05-22T08:13:37Z,2026-05-22T08:52:31Z,2334,07b0a6bd427245f6378154553e284b05ede406c5
26276487200,Pyrefly,pull_request,completed,success,2026-05-22T08:13:37Z,2026-05-22T08:35:58Z,1341,07b0a6bd427245f6378154553e284b05ede406c5
26276487198,Style,pull_request,completed,success,2026-05-22T08:13:37Z,2026-05-22T08:36:00Z,1343,07b0a6bd427245f6378154553e284b05ede406c5
26276487241,Spelling,pull_request,completed,success,2026-05-22T08:13:37Z,2026-05-22T08:37:19Z,1422,07b0a6bd427245f6378154553e284b05ede406c5
26276487162,Mypy,pull_request,completed,success,2026-05-22T08:13:37Z,2026-05-22T08:38:30Z,1493,07b0a6bd427245f6378154553e284b05ede406c5
26627214919,ci-10-gallery-transformers,schedule,completed,success,2026-05-29T08:36:59Z,2026-05-29T08:38:57Z,118,3ca04399b06c2f59e5bcadb55d2cd480cfe6547e
26625763029,ci-6-litert,schedule,completed,success,2026-05-29T08:03:14Z,2026-05-29T08:04:57Z,103,3ca04399b06c2f59e5bcadb55d2cd480cfe6547e
26625653489,ci-9-transformers,schedule,completed,success,2026-05-29T08:00:37Z,2026-05-29T08:08:10Z,453,3ca04399b06c2f59e5bcadb55d2cd480cfe6547e
26625313555,ci-2-scikit-learn,schedule,completed,success,2026-05-29T07:52:38Z,2026-05-29T07:59:24Z,406,3ca04399b06c2f59e5bcadb55d2cd480cfe6547e
26678211131,ci-10-gallery-transformers,schedule,completed,success,2026-05-30T07:35:03Z,2026-05-30T07:37:09Z,126,3ca04399b06c2f59e5bcadb55d2cd480cfe6547e
26677337869,ci-6-litert,schedule,completed,success,2026-05-30T06:51:24Z,2026-05-30T06:52:31Z,67,3ca04399b06c2f59e5bcadb55d2cd480cfe6547e
26677280232,ci-9-transformers,schedule,completed,success,2026-05-30T06:48:27Z,2026-05-30T06:56:20Z,473,3ca04399b06c2f59e5bcadb55d2cd480cfe6547e
26677184322,ci-2-scikit-learn,schedule,completed,success,2026-05-30T06:43:26Z,2026-05-30T06:47:39Z,253,3ca04399b06c2f59e5bcadb55d2cd480cfe6547e
26677115437,ci-3-tensorflow,schedule,completed,success,2026-05-30T06:40:00Z,2026-05-30T06:45:18Z,318,3ca04399b06c2f59e5bcadb55d2cd480cfe6547e
26677100916,ci-7-sql,schedule,completed,success,2026-05-30T06:39:11Z,2026-05-30T06:40:27Z,76,3ca04399b06c2f59e5bcadb55d2cd480cfe6547e
26676608972,ci-8-transformers,schedule,completed,success,2026-05-30T06:14:20Z,2026-05-30T06:20:20Z,360,3ca04399b06c2f59e5bcadb55d2cd480cfe6547e
26707321913,ci-10-gallery-transformers,schedule,completed,success,2026-05-31T08:08:52Z,2026-05-31T08:10:57Z,125,3ca04399b06c2f59e5bcadb55d2cd480cfe6547e
26706937640,ci-6-litert,schedule,completed,success,2026-05-31T07:49:29Z,2026-05-31T07:50:36Z,67,3ca04399b06c2f59e5bcadb55d2cd480cfe6547e
26706902095,ci-9-transformers,schedule,completed,success,2026-05-31T07:47:36Z,2026-05-31T07:55:19Z,463,3ca04399b06c2f59e5bcadb55d2cd480cfe6547e
26706824100,ci-2-scikit-learn,schedule,completed,success,2026-05-31T07:43:37Z,2026-05-31T07:47:56Z,259,3ca04399b06c2f59e5bcadb55d2cd480cfe6547e
26706710276,ci-3-tensorflow,schedule,completed,success,2026-05-31T07:37:43Z,2026-05-31T07:42:44Z,301,3ca04399b06c2f59e5bcadb55d2cd480cfe6547e
26706704940,ci-7-sql,schedule,completed,success,2026-05-31T07:37:26Z,2026-05-31T07:38:49Z,83,3ca04399b06c2f59e5bcadb55d2cd480cfe6547e
26705747154,ci-8-transformers,schedule,completed,success,2026-05-31T06:48:21Z,2026-05-31T06:53:18Z,297,3ca04399b06c2f59e5bcadb55d2cd480cfe6547e
26746769237,ci-6-litert,schedule,completed,success,2026-06-01T09:31:11Z,2026-06-01T09:32:24Z,73,3ca04399b06c2f59e5bcadb55d2cd480cfe6547e
26746629590,ci-9-transformers,schedule,completed,success,2026-06-01T09:28:16Z,2026-06-01T09:35:59Z,463,3ca04399b06c2f59e5bcadb55d2cd480cfe6547e
26746434082,ci-2-scikit-learn,schedule,completed,success,2026-06-01T09:24:07Z,2026-06-01T09:28:24Z,257,3ca04399b06c2f59e5bcadb55d2cd480cfe6547e
26745918365,ci-3-tensorflow,schedule,completed,success,2026-06-01T09:13:03Z,2026-06-01T09:18:43Z,340,3ca04399b06c2f59e5bcadb55d2cd480cfe6547e
26745783129,ci-7-sql,schedule,completed,success,2026-06-01T09:10:08Z,2026-06-01T09:14:48Z,280,3ca04399b06c2f59e5bcadb55d2cd480cfe6547e
26743676614,ci-8-transformers,schedule,completed,success,2026-06-01T08:24:55Z,2026-06-01T08:38:47Z,832,3ca04399b06c2f59e5bcadb55d2cd480cfe6547e
26807901059,ci-2-scikit-learn,schedule,completed,success,2026-06-02T08:26:59Z,2026-06-02T08:43:09Z,970,7083bbfb53acbc2ac7a8ad54616643635da4d625
26807568259,ci-3-tensorflow,schedule,completed,success,2026-06-02T08:20:07Z,2026-06-02T08:40:58Z,1251,7083bbfb53acbc2ac7a8ad54616643635da4d625
26807553182,Style,pull_request,completed,success,2026-06-02T08:19:48Z,2026-06-02T08:45:49Z,1561,3070241767cd89cc45729a5bf17e1d61c6dc0223
26807552777,PR – report impacted subfolders,pull_request,completed,success,2026-06-02T08:19:47Z,2026-06-02T08:22:45Z,178,3070241767cd89cc45729a5bf17e1d61c6dc0223
26807552816,Spelling,pull_request,completed,success,2026-06-02T08:19:47Z,2026-06-02T08:37:03Z,1036,3070241767cd89cc45729a5bf17e1d61c6dc0223
26807552847,ci-2-scikit-learn,pull_request,completed,success,2026-06-02T08:19:47Z,2026-06-02T08:40:41Z,1254,3070241767cd89cc45729a5bf17e1d61c6dc0223
26807552793,ci-1-core,pull_request,completed,success,2026-06-02T08:19:47Z,2026-06-02T08:41:38Z,1311,3070241767cd89cc45729a5bf17e1d61c6dc0223
26807552770,ci-8-transformers,pull_request,completed,success,2026-06-02T08:19:47Z,2026-06-02T08:43:12Z,1405,3070241767cd89cc45729a5bf17e1d61c6dc0223
26807553045,ci-6-litert,pull_request,completed,success,2026-06-02T08:19:47Z,2026-06-02T08:43:55Z,1448,3070241767cd89cc45729a5bf17e1d61c6dc0223
26807552766,Pyrefly,pull_request,completed,success,2026-06-02T08:19:47Z,2026-06-02T08:30:37Z,650,3070241767cd89cc45729a5bf17e1d61c6dc0223
26807552867,Build,pull_request,completed,success,2026-06-02T08:19:47Z,2026-06-02T08:30:33Z,646,3070241767cd89cc45729a5bf17e1d61c6dc0223
26807552933,Mypy,pull_request,completed,success,2026-06-02T08:19:47Z,2026-06-02T08:34:47Z,900,3070241767cd89cc45729a5bf17e1d61c6dc0223
26807518062,ci-7-sql,schedule,completed,success,2026-06-02T08:19:03Z,2026-06-02T08:32:12Z,789,7083bbfb53acbc2ac7a8ad54616643635da4d625
26807301431,Addressing comment on PR #2272,dynamic,completed,success,2026-06-02T08:14:28Z,2026-06-02T08:20:01Z,333,01c0341f4151de982e5fbe83bd01630c74cc9fce
26807243764,PR – report impacted subfolders,pull_request,completed,cancelled,2026-06-02T08:13:15Z,2026-06-02T08:16:50Z,215,aa8b29c06ca36cd5ca704c0a8d8087fa237ce80c
26807233034,ci-10-torch-op-db,pull_request,completed,success,2026-06-02T08:13:00Z,2026-06-02T08:42:42Z,1782,aa8b29c06ca36cd5ca704c0a8d8087fa237ce80c
26807232866,PR – report impacted subfolders,pull_request,completed,success,2026-06-02T08:12:59Z,2026-06-02T08:20:14Z,435,aa8b29c06ca36cd5ca704c0a8d8087fa237ce80c
26807232781,ci-6-litert,pull_request,completed,success,2026-06-02T08:12:59Z,2026-06-02T08:35:23Z,1344,aa8b29c06ca36cd5ca704c0a8d8087fa237ce80c
26807232897,ci-8-transformers,pull_request,completed,success,2026-06-02T08:12:59Z,2026-06-02T08:37:28Z,1469,aa8b29c06ca36cd5ca704c0a8d8087fa237ce80c
26807232932,ci-7-sql,pull_request,completed,success,2026-06-02T08:12:59Z,2026-06-02T08:42:53Z,1794,aa8b29c06ca36cd5ca704c0a8d8087fa237ce80c
26807232486,ci-2-scikit-learn,pull_request,completed,success,2026-06-02T08:12:59Z,2026-06-02T08:47:20Z,2061,aa8b29c06ca36cd5ca704c0a8d8087fa237ce80c
26807232490,Mypy,pull_request,completed,success,2026-06-02T08:12:59Z,2026-06-02T08:24:26Z,687,aa8b29c06ca36cd5ca704c0a8d8087fa237ce80c
26807232818,Spelling,pull_request,completed,success,2026-06-02T08:12:59Z,2026-06-02T08:24:46Z,707,aa8b29c06ca36cd5ca704c0a8d8087fa237ce80c
26807232580,Build,pull_request,completed,success,2026-06-02T08:12:59Z,2026-06-02T08:24:53Z,714,aa8b29c06ca36cd5ca704c0a8d8087fa237ce80c
26807232593,Pyrefly,pull_request,completed,success,2026-06-02T08:12:59Z,2026-06-02T08:28:49Z,950,aa8b29c06ca36cd5ca704c0a8d8087fa237ce80c
26807232523,ci-1-core,pull_request,completed,success,2026-06-02T08:12:59Z,2026-06-02T08:32:33Z,1174,aa8b29c06ca36cd5ca704c0a8d8087fa237ce80c
26807232499,Style,pull_request,completed,success,2026-06-02T08:12:59Z,2026-06-02T08:32:45Z,1186,aa8b29c06ca36cd5ca704c0a8d8087fa237ce80c
26807230915,PR – report impacted subfolders,pull_request,completed,cancelled,2026-06-02T08:12:57Z,2026-06-02T08:16:48Z,231,aa8b29c06ca36cd5ca704c0a8d8087fa237ce80c
26806944869,PR – report impacted subfolders,pull_request,completed,success,2026-06-02T08:06:53Z,2026-06-02T08:15:42Z,529,9235fc6e085eba226f8e42c822101842d915b576
26806926286,PR – report impacted subfolders,pull_request,completed,action_required,2026-06-02T08:06:29Z,2026-06-02T08:06:29Z,0,01c0341f4151de982e5fbe83bd01630c74cc9fce
26806922134,PR – report impacted subfolders,pull_request,completed,cancelled,2026-06-02T08:06:23Z,2026-06-02T08:13:43Z,440,9235fc6e085eba226f8e42c822101842d915b576
26806921418,Build,pull_request,completed,success,2026-06-02T08:06:23Z,2026-06-02T08:15:36Z,553,9235fc6e085eba226f8e42c822101842d915b576
26806921415,Style,pull_request,completed,success,2026-06-02T08:06:23Z,2026-06-02T08:16:24Z,601,9235fc6e085eba226f8e42c822101842d915b576
26806921451,ci-3-tensorflow,pull_request,completed,success,2026-06-02T08:06:23Z,2026-06-02T08:36:00Z,1777,9235fc6e085eba226f8e42c822101842d915b576
26806921542,ci-8-transformers,pull_request,completed,success,2026-06-02T08:06:23Z,2026-06-02T08:43:42Z,2239,9235fc6e085eba226f8e42c822101842d915b576
26806921454,ci-7-sql,pull_request,completed,success,2026-06-02T08:06:23Z,2026-06-02T08:26:58Z,1235,9235fc6e085eba226f8e42c822101842d915b576
26806921553,ci-6-litert,pull_request,completed,success,2026-06-02T08:06:23Z,2026-06-02T08:31:19Z,1496,9235fc6e085eba226f8e42c822101842d915b576
26806921455,ci-4-torch,pull_request,completed,success,2026-06-02T08:06:23Z,2026-06-02T08:48:44Z,2541,9235fc6e085eba226f8e42c822101842d915b576
26806921380,PR – report impacted subfolders,pull_request,completed,cancelled,2026-06-02T08:06:22Z,2026-06-02T08:13:43Z,441,9235fc6e085eba226f8e42c822101842d915b576
26806921391,Mypy,pull_request,completed,success,2026-06-02T08:06:22Z,2026-06-02T08:21:39Z,917,9235fc6e085eba226f8e42c822101842d915b576
26806921393,ci-10-torch-op-db,pull_request,completed,success,2026-06-02T08:06:22Z,2026-06-02T08:36:02Z,1780,9235fc6e085eba226f8e42c822101842d915b576
26806921387,ci-2-scikit-learn,pull_request,completed,success,2026-06-02T08:06:22Z,2026-06-02T08:39:58Z,2016,9235fc6e085eba226f8e42c822101842d915b576
26806921384,ci-1-core,pull_request,completed,success,2026-06-02T08:06:22Z,2026-06-02T08:23:24Z,1022,9235fc6e085eba226f8e42c822101842d915b576
26806921396,Pyrefly,pull_request,completed,success,2026-06-02T08:06:22Z,2026-06-02T08:25:11Z,1129,9235fc6e085eba226f8e42c822101842d915b576
26806921368,Spelling,pull_request,completed,success,2026-06-02T08:06:22Z,2026-06-02T08:25:02Z,1120,9235fc6e085eba226f8e42c822101842d915b576
26806901662,ci-4-torch,pull_request,completed,action_required,2026-06-02T08:05:58Z,2026-06-02T08:05:58Z,0,01c0341f4151de982e5fbe83bd01630c74cc9fce
26806900879,ci-5-torch,pull_request,completed,action_required,2026-06-02T08:05:57Z,2026-06-02T08:05:57Z,0,01c0341f4151de982e5fbe83bd01630c74cc9fce
26806900924,PR – report impacted subfolders,pull_request,completed,action_required,2026-06-02T08:05:57Z,2026-06-02T08:05:57Z,0,01c0341f4151de982e5fbe83bd01630c74cc9fce
26806900925,ci-7-sql,pull_request,completed,action_required,2026-06-02T08:05:57Z,2026-06-02T08:05:57Z,0,01c0341f4151de982e5fbe83bd01630c74cc9fce
26806900975,ci-8-transformers,pull_request,completed,action_required,2026-06-02T08:05:57Z,2026-06-02T08:05:57Z,0,01c0341f4151de982e5fbe83bd01630c74cc9fce
26806901095,ci-9-transformers,pull_request,completed,action_required,2026-06-02T08:05:57Z,2026-06-02T08:05:57Z,0,01c0341f4151de982e5fbe83bd01630c74cc9fce
26806901156,ci-3-tensorflow,pull_request,completed,action_required,2026-06-02T08:05:57Z,2026-06-02T08:05:57Z,0,01c0341f4151de982e5fbe83bd01630c74cc9fce
26806901299,ci-6-litert,pull_request,completed,action_required,2026-06-02T08:05:57Z,2026-06-02T08:05:57Z,0,01c0341f4151de982e5fbe83bd01630c74cc9fce
26806900618,ci-10-torch-op-db,pull_request,completed,action_required,2026-06-02T08:05:56Z,2026-06-02T08:05:56Z,0,01c0341f4151de982e5fbe83bd01630c74cc9fce
26806900620,Build,pull_request,completed,action_required,2026-06-02T08:05:56Z,2026-06-02T08:05:56Z,0,01c0341f4151de982e5fbe83bd01630c74cc9fce
26806900634,Spelling,pull_request,completed,action_required,2026-06-02T08:05:56Z,2026-06-02T08:05:56Z,0,01c0341f4151de982e5fbe83bd01630c74cc9fce
26806900673,ci-1-core,pull_request,completed,action_required,2026-06-02T08:05:56Z,2026-06-02T08:05:56Z,0,01c0341f4151de982e5fbe83bd01630c74cc9fce
26806900661,PR – report impacted subfolders,pull_request,completed,action_required,2026-06-02T08:05:56Z,2026-06-02T08:05:56Z,0,01c0341f4151de982e5fbe83bd01630c74cc9fce
26806900706,Mypy,pull_request,completed,action_required,2026-06-02T08:05:56Z,2026-06-02T08:05:56Z,0,01c0341f4151de982e5fbe83bd01630c74cc9fce
26806900740,ci-2-scikit-learn,pull_request,completed,action_required,2026-06-02T08:05:56Z,2026-06-02T08:05:56Z,0,01c0341f4151de982e5fbe83bd01630c74cc9fce
26806900745,Style,pull_request,completed,action_required,2026-06-02T08:05:56Z,2026-06-02T08:05:56Z,0,01c0341f4151de982e5fbe83bd01630c74cc9fce
26806900744,Pyrefly,pull_request,completed,action_required,2026-06-02T08:05:56Z,2026-06-02T08:05:56Z,0,01c0341f4151de982e5fbe83bd01630c74cc9fce
26806816543,ci-2-scikit-learn,pull_request,completed,action_required,2026-06-02T08:04:07Z,2026-06-02T08:04:07Z,0,0045d173d119ae7120d33eab0829c07a500ef5c4
26806816569,PR – report impacted subfolders,pull_request,completed,action_required,2026-06-02T08:04:07Z,2026-06-02T08:04:07Z,0,0045d173d119ae7120d33eab0829c07a500ef5c4
26806816531,Mypy,pull_request,completed,action_required,2026-06-02T08:04:07Z,2026-06-02T08:04:07Z,0,0045d173d119ae7120d33eab0829c07a500ef5c4
26806816551,Spelling,pull_request,completed,action_required,2026-06-02T08:04:07Z,2026-06-02T08:04:07Z,0,0045d173d119ae7120d33eab0829c07a500ef5c4
26806816772,ci-6-litert,pull_request,completed,action_required,2026-06-02T08:04:07Z,2026-06-02T08:04:07Z,0,0045d173d119ae7120d33eab0829c07a500ef5c4
26806816525,ci-9-transformers,pull_request,completed,action_required,2026-06-02T08:04:07Z,2026-06-02T08:04:07Z,0,0045d173d119ae7120d33eab0829c07a500ef5c4
26806816514,ci-10-torch-op-db,pull_request,completed,action_required,2026-06-02T08:04:07Z,2026-06-02T08:04:07Z,0,0045d173d119ae7120d33eab0829c07a500ef5c4
26806816530,ci-8-transformers,pull_request,completed,action_required,2026-06-02T08:04:07Z,2026-06-02T08:04:07Z,0,0045d173d119ae7120d33eab0829c07a500ef5c4
26806816612,Build,pull_request,completed,action_required,2026-06-02T08:04:07Z,2026-06-02T08:04:07Z,0,0045d173d119ae7120d33eab0829c07a500ef5c4
26806816601,ci-1-core,pull_request,completed,action_required,2026-06-02T08:04:07Z,2026-06-02T08:04:07Z,0,0045d173d119ae7120d33eab0829c07a500ef5c4
26806816747,Pyrefly,pull_request,completed,action_required,2026-06-02T08:04:07Z,2026-06-02T08:04:07Z,0,0045d173d119ae7120d33eab0829c07a500ef5c4
26806816665,ci-3-tensorflow,pull_request,completed,action_required,2026-06-02T08:04:07Z,2026-06-02T08:04:07Z,0,0045d173d119ae7120d33eab0829c07a500ef5c4
26806816670,ci-4-torch,pull_request,completed,action_required,2026-06-02T08:04:07Z,2026-06-02T08:04:07Z,0,0045d173d119ae7120d33eab0829c07a500ef5c4
26806816657,ci-7-sql,pull_request,completed,action_required,2026-06-02T08:04:07Z,2026-06-02T08:04:07Z,0,0045d173d119ae7120d33eab0829c07a500ef5c4
26806816715,Style,pull_request,completed,action_required,2026-06-02T08:04:07Z,2026-06-02T08:04:07Z,0,0045d173d119ae7120d33eab0829c07a500ef5c4
26806816654,ci-5-torch,pull_request,completed,action_required,2026-06-02T08:04:07Z,2026-06-02T08:04:07Z,0,0045d173d119ae7120d33eab0829c07a500ef5c4
26806816388,Running Copilot cloud agent,dynamic,completed,success,2026-06-02T08:04:06Z,2026-06-02T08:13:16Z,550,0045d173d119ae7120d33eab0829c07a500ef5c4
26806701493,ci-1-core,pull_request,completed,action_required,2026-06-02T08:01:34Z,2026-06-02T08:01:34Z,0,6da5601d1cb3a3e524bc7bed95146301352d7472
26806701474,Build,pull_request,completed,action_required,2026-06-02T08:01:34Z,2026-06-02T08:01:34Z,0,6da5601d1cb3a3e524bc7bed95146301352d7472
26806701505,Spelling,pull_request,completed,action_required,2026-06-02T08:01:34Z,2026-06-02T08:01:34Z,0,6da5601d1cb3a3e524bc7bed95146301352d7472
26806701483,Pyrefly,pull_request,completed,action_required,2026-06-02T08:01:34Z,2026-06-02T08:01:34Z,0,6da5601d1cb3a3e524bc7bed95146301352d7472
26806701548,ci-10-torch-op-db,pull_request,completed,action_required,2026-06-02T08:01:34Z,2026-06-02T08:01:34Z,0,6da5601d1cb3a3e524bc7bed95146301352d7472
26806701524,Mypy,pull_request,completed,action_required,2026-06-02T08:01:34Z,2026-06-02T08:01:34Z,0,6da5601d1cb3a3e524bc7bed95146301352d7472
26806701595,Style,pull_request,completed,action_required,2026-06-02T08:01:34Z,2026-06-02T08:01:34Z,0,6da5601d1cb3a3e524bc7bed95146301352d7472
26806701543,PR – report impacted subfolders,pull_request,completed,action_required,2026-06-02T08:01:34Z,2026-06-02T08:01:34Z,0,6da5601d1cb3a3e524bc7bed95146301352d7472
26806701594,ci-4-torch,pull_request,completed,action_required,2026-06-02T08:01:34Z,2026-06-02T08:01:34Z,0,6da5601d1cb3a3e524bc7bed95146301352d7472
26806701586,ci-8-transformers,pull_request,completed,action_required,2026-06-02T08:01:34Z,2026-06-02T08:01:34Z,0,6da5601d1cb3a3e524bc7bed95146301352d7472
26806701640,ci-3-tensorflow,pull_request,completed,action_required,2026-06-02T08:01:34Z,2026-06-02T08:01:34Z,0,6da5601d1cb3a3e524bc7bed95146301352d7472
26806701580,ci-2-scikit-learn,pull_request,completed,action_required,2026-06-02T08:01:34Z,2026-06-02T08:01:34Z,0,6da5601d1cb3a3e524bc7bed95146301352d7472
26806701591,ci-5-torch,pull_request,completed,action_required,2026-06-02T08:01:34Z,2026-06-02T08:01:34Z,0,6da5601d1cb3a3e524bc7bed95146301352d7472
26806701691,ci-7-sql,pull_request,completed,action_required,2026-06-02T08:01:34Z,2026-06-02T08:01:34Z,0,6da5601d1cb3a3e524bc7bed95146301352d7472
26806701682,ci-6-litert,pull_request,completed,action_required,2026-06-02T08:01:34Z,2026-06-02T08:01:34Z,0,6da5601d1cb3a3e524bc7bed95146301352d7472
26806701766,ci-9-transformers,pull_request,completed,action_required,2026-06-02T08:01:34Z,2026-06-02T08:01:34Z,0,6da5601d1cb3a3e524bc7bed95146301352d7472
26806699760,Running Copilot cloud agent,dynamic,completed,success,2026-06-02T08:01:32Z,2026-06-02T08:06:55Z,323,6da5601d1cb3a3e524bc7bed95146301352d7472
26806640710,PR – report impacted subfolders,pull_request,completed,action_required,2026-06-02T08:00:21Z,2026-06-02T08:00:21Z,0,437b56510448fd48d78ea106d5d55f6fbc31c19b
26806456689,PR – report impacted subfolders,pull_request,completed,action_required,2026-06-02T07:56:33Z,2026-06-02T07:56:33Z,0,437b56510448fd48d78ea106d5d55f6fbc31c19b
26806456716,Spelling,pull_request,completed,action_required,2026-06-02T07:56:33Z,2026-06-02T07:56:33Z,0,437b56510448fd48d78ea106d5d55f6fbc31c19b
26806456765,ci-9-transformers,pull_request,completed,action_required,2026-06-02T07:56:33Z,2026-06-02T07:56:33Z,0,437b56510448fd48d78ea106d5d55f6fbc31c19b
26806456809,ci-2-scikit-learn,pull_request,completed,action_required,2026-06-02T07:56:33Z,2026-06-02T07:56:33Z,0,437b56510448fd48d78ea106d5d55f6fbc31c19b
26806456804,ci-1-core,pull_request,completed,action_required,2026-06-02T07:56:33Z,2026-06-02T07:56:33Z,0,437b56510448fd48d78ea106d5d55f6fbc31c19b
26806456800,ci-8-transformers,pull_request,completed,action_required,2026-06-02T07:56:33Z,2026-06-02T07:56:33Z,0,437b56510448fd48d78ea106d5d55f6fbc31c19b
26806456796,ci-3-tensorflow,pull_request,completed,action_required,2026-06-02T07:56:33Z,2026-06-02T07:56:33Z,0,437b56510448fd48d78ea106d5d55f6fbc31c19b
26806456844,ci-6-litert,pull_request,completed,action_required,2026-06-02T07:56:33Z,2026-06-02T07:56:33Z,0,437b56510448fd48d78ea106d5d55f6fbc31c19b
26806456892,ci-5-torch,pull_request,completed,action_required,2026-06-02T07:56:33Z,2026-06-02T07:56:33Z,0,437b56510448fd48d78ea106d5d55f6fbc31c19b
26806456981,ci-7-sql,pull_request,completed,action_required,2026-06-02T07:56:33Z,2026-06-02T07:56:33Z,0,437b56510448fd48d78ea106d5d55f6fbc31c19b
26806456986,ci-4-torch,pull_request,completed,action_required,2026-06-02T07:56:33Z,2026-06-02T07:56:33Z,0,437b56510448fd48d78ea106d5d55f6fbc31c19b
26806456500,Pyrefly,pull_request,completed,action_required,2026-06-02T07:56:32Z,2026-06-02T07:56:32Z,0,437b56510448fd48d78ea106d5d55f6fbc31c19b
26806456522,Style,pull_request,completed,action_required,2026-06-02T07:56:32Z,2026-06-02T07:56:32Z,0,437b56510448fd48d78ea106d5d55f6fbc31c19b
26806456487,Mypy,pull_request,completed,action_required,2026-06-02T07:56:32Z,2026-06-02T07:56:32Z,0,437b56510448fd48d78ea106d5d55f6fbc31c19b
26806456535,ci-10-torch-op-db,pull_request,completed,action_required,2026-06-02T07:56:32Z,2026-06-02T07:56:32Z,0,437b56510448fd48d78ea106d5d55f6fbc31c19b
26806456520,Build,pull_request,completed,action_required,2026-06-02T07:56:32Z,2026-06-02T07:56:32Z,0,437b56510448fd48d78ea106d5d55f6fbc31c19b
26806453991,Running Copilot cloud agent,dynamic,completed,success,2026-06-02T07:56:29Z,2026-06-02T08:06:32Z,603,437b56510448fd48d78ea106d5d55f6fbc31c19b
26804608100,ci-8-transformers,schedule,completed,success,2026-06-02T07:16:15Z,2026-06-02T07:22:32Z,377,7083bbfb53acbc2ac7a8ad54616643635da4d625
26754981156,Build,push,completed,success,2026-06-01T12:30:16Z,2026-06-01T12:30:34Z,18,7083bbfb53acbc2ac7a8ad54616643635da4d625
26754981142,ci-7-sql,push,completed,success,2026-06-01T12:30:16Z,2026-06-01T12:31:54Z,98,7083bbfb53acbc2ac7a8ad54616643635da4d625
26754981153,Mypy,push,completed,success,2026-06-01T12:30:16Z,2026-06-01T12:33:18Z,182,7083bbfb53acbc2ac7a8ad54616643635da4d625
26754981079,ci-6-litert,push,completed,success,2026-06-01T12:30:16Z,2026-06-01T12:34:27Z,251,7083bbfb53acbc2ac7a8ad54616643635da4d625
26754981499,Pyrefly,push,completed,success,2026-06-01T12:30:16Z,2026-06-01T12:36:27Z,371,7083bbfb53acbc2ac7a8ad54616643635da4d625
26754981110,ci-1-core,push,completed,success,2026-06-01T12:30:16Z,2026-06-01T12:36:51Z,395,7083bbfb53acbc2ac7a8ad54616643635da4d625
26754981155,ci-3-tensorflow,push,completed,success,2026-06-01T12:30:16Z,2026-06-01T12:38:09Z,473,7083bbfb53acbc2ac7a8ad54616643635da4d625
26754981147,Spelling,push,completed,success,2026-06-01T12:30:16Z,2026-06-01T12:38:38Z,502,7083bbfb53acbc2ac7a8ad54616643635da4d625
26754981233,Style,push,completed,success,2026-06-01T12:30:16Z,2026-06-01T12:38:48Z,512,7083bbfb53acbc2ac7a8ad54616643635da4d625
26754981214,ci-4-torch,push,completed,success,2026-06-01T12:30:16Z,2026-06-01T12:41:37Z,681,7083bbfb53acbc2ac7a8ad54616643635da4d625
26754981247,ci-8-transformers,push,completed,success,2026-06-01T12:30:16Z,2026-06-01T12:42:28Z,732,7083bbfb53acbc2ac7a8ad54616643635da4d625
26754981165,ci-2-scikit-learn,push,completed,success,2026-06-01T12:30:16Z,2026-06-01T12:43:31Z,795,7083bbfb53acbc2ac7a8ad54616643635da4d625
26754981197,ci-5-torch,push,completed,success,2026-06-01T12:30:16Z,2026-06-01T12:44:08Z,832,7083bbfb53acbc2ac7a8ad54616643635da4d625
26754981100,ci-9-transformers,push,completed,success,2026-06-01T12:30:16Z,2026-06-01T12:44:46Z,870,7083bbfb53acbc2ac7a8ad54616643635da4d625
26754981059,ci-10-torch-op-db,push,completed,success,2026-06-01T12:30:16Z,2026-06-01T12:48:16Z,1080,7083bbfb53acbc2ac7a8ad54616643635da4d625
26754438679,Style,pull_request,completed,success,2026-06-01T12:18:42Z,2026-06-01T12:18:53Z,11,603f86f98c927b4ed2c6c58a57188073a3898876
26754438716,Build,pull_request,completed,success,2026-06-01T12:18:42Z,2026-06-01T12:19:01Z,19,603f86f98c927b4ed2c6c58a57188073a3898876
26754438809,Spelling,pull_request,completed,success,2026-06-01T12:18:42Z,2026-06-01T12:18:54Z,12,603f86f98c927b4ed2c6c58a57188073a3898876
26754438694,PR – report impacted subfolders,pull_request,completed,success,2026-06-01T12:18:42Z,2026-06-01T12:20:33Z,111,603f86f98c927b4ed2c6c58a57188073a3898876
26754438703,Pyrefly,pull_request,completed,success,2026-06-01T12:18:42Z,2026-06-01T12:20:42Z,120,603f86f98c927b4ed2c6c58a57188073a3898876
26754438618,Mypy,pull_request,completed,success,2026-06-01T12:18:42Z,2026-06-01T12:21:32Z,170,603f86f98c927b4ed2c6c58a57188073a3898876
26754438734,ci-7-sql,pull_request,completed,success,2026-06-01T12:18:42Z,2026-06-01T12:22:52Z,250,603f86f98c927b4ed2c6c58a57188073a3898876
26754438626,ci-1-core,pull_request,completed,success,2026-06-01T12:18:42Z,2026-06-01T12:23:01Z,259,603f86f98c927b4ed2c6c58a57188073a3898876
26754438732,ci-6-litert,pull_request,completed,success,2026-06-01T12:18:42Z,2026-06-01T12:24:00Z,318,603f86f98c927b4ed2c6c58a57188073a3898876
26754438627,ci-2-scikit-learn,pull_request,completed,success,2026-06-01T12:18:42Z,2026-06-01T12:25:00Z,378,603f86f98c927b4ed2c6c58a57188073a3898876
26754438747,ci-8-transformers,pull_request,completed,success,2026-06-01T12:18:42Z,2026-06-01T12:28:32Z,590,603f86f98c927b4ed2c6c58a57188073a3898876
26754438713,ci-4-torch,pull_request,completed,success,2026-06-01T12:18:42Z,2026-06-01T12:30:34Z,712,603f86f98c927b4ed2c6c58a57188073a3898876
26754438932,ci-3-tensorflow,pull_request,completed,success,2026-06-01T12:18:42Z,2026-06-01T12:31:00Z,738,603f86f98c927b4ed2c6c58a57188073a3898876
26754438752,ci-9-transformers,pull_request,completed,success,2026-06-01T12:18:42Z,2026-06-01T12:32:42Z,840,603f86f98c927b4ed2c6c58a57188073a3898876
26754438719,ci-5-torch,pull_request,completed,success,2026-06-01T12:18:42Z,2026-06-01T12:37:15Z,1113,603f86f98c927b4ed2c6c58a57188073a3898876
26754438934,ci-10-torch-op-db,pull_request,completed,success,2026-06-01T12:18:42Z,2026-06-01T12:38:29Z,1187,603f86f98c927b4ed2c6c58a57188073a3898876
26748601058,ci-10-gallery-transformers,schedule,completed,success,2026-06-01T10:10:22Z,2026-06-01T10:12:27Z,125,3ca04399b06c2f59e5bcadb55d2cd480cfe6547e
26810821279,Spelling,push,completed,success,2026-06-02T09:25:21Z,2026-06-02T09:25:48Z,27,60b3c62f2f84c4ce7c777a5406b4b5d427f2f139
26810821298,Build,push,completed,success,2026-06-02T09:25:21Z,2026-06-02T09:26:01Z,40,60b3c62f2f84c4ce7c777a5406b4b5d427f2f139
26810821267,Style,push,completed,success,2026-06-02T09:25:21Z,2026-06-02T09:26:38Z,77,60b3c62f2f84c4ce7c777a5406b4b5d427f2f139
26810821316,Pyrefly,push,completed,success,2026-06-02T09:25:21Z,2026-06-02T09:27:23Z,122,60b3c62f2f84c4ce7c777a5406b4b5d427f2f139
26810821641,ci-6-litert,push,completed,success,2026-06-02T09:25:21Z,2026-06-02T09:27:56Z,155,60b3c62f2f84c4ce7c777a5406b4b5d427f2f139
26810821625,ci-7-sql,push,completed,success,2026-06-02T09:25:21Z,2026-06-02T09:28:11Z,170,60b3c62f2f84c4ce7c777a5406b4b5d427f2f139
26810821350,Mypy,push,completed,success,2026-06-02T09:25:21Z,2026-06-02T09:29:40Z,259,60b3c62f2f84c4ce7c777a5406b4b5d427f2f139
26810821320,ci-2-scikit-learn,push,completed,success,2026-06-02T09:25:21Z,2026-06-02T09:31:41Z,380,60b3c62f2f84c4ce7c777a5406b4b5d427f2f139
26810821299,ci-1-core,push,completed,success,2026-06-02T09:25:21Z,2026-06-02T09:32:05Z,404,60b3c62f2f84c4ce7c777a5406b4b5d427f2f139
26810821331,ci-3-tensorflow,push,completed,success,2026-06-02T09:25:21Z,2026-06-02T09:35:39Z,618,60b3c62f2f84c4ce7c777a5406b4b5d427f2f139
26810821317,ci-8-transformers,push,completed,success,2026-06-02T09:25:21Z,2026-06-02T09:36:15Z,654,60b3c62f2f84c4ce7c777a5406b4b5d427f2f139
26810821227,ci-9-transformers,push,completed,success,2026-06-02T09:25:21Z,2026-06-02T09:38:53Z,812,60b3c62f2f84c4ce7c777a5406b4b5d427f2f139
26810821337,ci-4-torch,push,completed,success,2026-06-02T09:25:21Z,2026-06-02T09:40:23Z,902,60b3c62f2f84c4ce7c777a5406b4b5d427f2f139
26810821368,ci-10-torch-op-db,push,completed,success,2026-06-02T09:25:21Z,2026-06-02T09:43:19Z,1078,60b3c62f2f84c4ce7c777a5406b4b5d427f2f139
26810821389,ci-5-torch,push,completed,success,2026-06-02T09:25:21Z,2026-06-02T09:54:52Z,1771,60b3c62f2f84c4ce7c777a5406b4b5d427f2f139
26810459142,ci-4-torch,push,completed,cancelled,2026-06-02T09:18:07Z,2026-06-02T09:25:23Z,436,5460d7dc87f1037582bce58e97a184d29055d6ee
26810459148,ci-3-tensorflow,push,completed,cancelled,2026-06-02T09:18:07Z,2026-06-02T09:25:23Z,436,5460d7dc87f1037582bce58e97a184d29055d6ee
26810459160,ci-5-torch,push,completed,cancelled,2026-06-02T09:18:07Z,2026-06-02T09:25:23Z,436,5460d7dc87f1037582bce58e97a184d29055d6ee
26810459517,ci-9-transformers,push,completed,cancelled,2026-06-02T09:18:07Z,2026-06-02T09:25:22Z,435,5460d7dc87f1037582bce58e97a184d29055d6ee
26810459630,ci-8-transformers,push,completed,cancelled,2026-06-02T09:18:07Z,2026-06-02T09:25:23Z,436,5460d7dc87f1037582bce58e97a184d29055d6ee
26810459201,ci-6-litert,push,completed,cancelled,2026-06-02T09:18:07Z,2026-06-02T09:26:46Z,519,5460d7dc87f1037582bce58e97a184d29055d6ee
26810459487,ci-7-sql,push,completed,cancelled,2026-06-02T09:18:07Z,2026-06-02T09:26:58Z,531,5460d7dc87f1037582bce58e97a184d29055d6ee
26810458378,Build,push,completed,success,2026-06-02T09:18:06Z,2026-06-02T09:20:18Z,132,5460d7dc87f1037582bce58e97a184d29055d6ee
26810458341,Spelling,push,completed,success,2026-06-02T09:18:06Z,2026-06-02T09:23:25Z,319,5460d7dc87f1037582bce58e97a184d29055d6ee
26810458464,Pyrefly,push,completed,success,2026-06-02T09:18:06Z,2026-06-02T09:24:20Z,374,5460d7dc87f1037582bce58e97a184d29055d6ee
26810458339,Mypy,push,completed,cancelled,2026-06-02T09:18:06Z,2026-06-02T09:25:23Z,437,5460d7dc87f1037582bce58e97a184d29055d6ee
26810458237,ci-1-core,push,completed,cancelled,2026-06-02T09:18:06Z,2026-06-02T09:25:22Z,436,5460d7dc87f1037582bce58e97a184d29055d6ee
26810458933,Style,push,completed,cancelled,2026-06-02T09:18:06Z,2026-06-02T09:25:23Z,437,5460d7dc87f1037582bce58e97a184d29055d6ee
26810457875,ci-10-torch-op-db,push,completed,cancelled,2026-06-02T09:18:05Z,2026-06-02T09:25:37Z,452,5460d7dc87f1037582bce58e97a184d29055d6ee
26810457493,ci-2-scikit-learn,push,completed,cancelled,2026-06-02T09:18:05Z,2026-06-02T09:27:09Z,544,5460d7dc87f1037582bce58e97a184d29055d6ee
26810413090,Pyrefly,push,completed,cancelled,2026-06-02T09:17:11Z,2026-06-02T09:18:08Z,57,762dea22b97a0414e9e0b7b6c3f25a286e11dcc8
26810412969,ci-7-sql,push,completed,cancelled,2026-06-02T09:17:11Z,2026-06-02T09:19:55Z,164,762dea22b97a0414e9e0b7b6c3f25a286e11dcc8
26810413019,ci-6-litert,push,completed,cancelled,2026-06-02T09:17:11Z,2026-06-02T09:24:24Z,433,762dea22b97a0414e9e0b7b6c3f25a286e11dcc8
26810412968,ci-8-transformers,push,completed,cancelled,2026-06-02T09:17:11Z,2026-06-02T09:29:55Z,764,762dea22b97a0414e9e0b7b6c3f25a286e11dcc8
26810413293,ci-3-tensorflow,push,completed,cancelled,2026-06-02T09:17:11Z,2026-06-02T09:30:30Z,799,762dea22b97a0414e9e0b7b6c3f25a286e11dcc8
26810413040,ci-9-transformers,push,completed,cancelled,2026-06-02T09:17:11Z,2026-06-02T09:30:47Z,816,762dea22b97a0414e9e0b7b6c3f25a286e11dcc8
26810412986,ci-4-torch,push,completed,cancelled,2026-06-02T09:17:11Z,2026-06-02T09:31:39Z,868,762dea22b97a0414e9e0b7b6c3f25a286e11dcc8
26810413092,ci-5-torch,push,completed,cancelled,2026-06-02T09:17:11Z,2026-06-02T09:36:42Z,1171,762dea22b97a0414e9e0b7b6c3f25a286e11dcc8
26810412579,Style,push,completed,success,2026-06-02T09:17:10Z,2026-06-02T09:17:31Z,21,762dea22b97a0414e9e0b7b6c3f25a286e11dcc8
26810412583,Build,push,completed,success,2026-06-02T09:17:10Z,2026-06-02T09:17:28Z,18,762dea22b97a0414e9e0b7b6c3f25a286e11dcc8
26810412643,Spelling,push,completed,cancelled,2026-06-02T09:17:10Z,2026-06-02T09:18:07Z,57,762dea22b97a0414e9e0b7b6c3f25a286e11dcc8
26810412553,ci-10-torch-op-db,push,completed,cancelled,2026-06-02T09:17:10Z,2026-06-02T09:18:12Z,62,762dea22b97a0414e9e0b7b6c3f25a286e11dcc8
26810412754,Mypy,push,completed,cancelled,2026-06-02T09:17:10Z,2026-06-02T09:18:23Z,73,762dea22b97a0414e9e0b7b6c3f25a286e11dcc8
26810412552,ci-2-scikit-learn,push,completed,cancelled,2026-06-02T09:17:10Z,2026-06-02T09:22:41Z,331,762dea22b97a0414e9e0b7b6c3f25a286e11dcc8
26810412591,ci-1-core,push,completed,cancelled,2026-06-02T09:17:10Z,2026-06-02T09:28:09Z,659,762dea22b97a0414e9e0b7b6c3f25a286e11dcc8
26809621863,ci-10-gallery-transformers,schedule,completed,success,2026-06-02T09:01:05Z,2026-06-02T09:08:52Z,467,7083bbfb53acbc2ac7a8ad54616643635da4d625
26840404827,PR – report impacted subfolders,pull_request,completed,cancelled,2026-06-02T18:38:20Z,2026-06-02T19:06:10Z,1670,82dd0f3f1006d93b91053bcb138ef9693279f236
26840384205,ci-9-transformers,pull_request,completed,success,2026-06-02T18:37:56Z,2026-06-02T19:15:29Z,2253,82dd0f3f1006d93b91053bcb138ef9693279f236
26840384287,ci-5-torch,pull_request,completed,success,2026-06-02T18:37:56Z,2026-06-02T19:19:26Z,2490,82dd0f3f1006d93b91053bcb138ef9693279f236
26840384497,ci-4-torch,pull_request,completed,success,2026-06-02T18:37:56Z,2026-06-02T19:15:08Z,2232,82dd0f3f1006d93b91053bcb138ef9693279f236
26840383842,PR – report impacted subfolders,pull_request,completed,success,2026-06-02T18:37:55Z,2026-06-02T19:06:23Z,1708,82dd0f3f1006d93b91053bcb138ef9693279f236
26840383877,Style,pull_request,completed,success,2026-06-02T18:37:55Z,2026-06-02T19:06:16Z,1701,82dd0f3f1006d93b91053bcb138ef9693279f236
26840383387,Build,pull_request,completed,success,2026-06-02T18:37:55Z,2026-06-02T19:06:24Z,1709,82dd0f3f1006d93b91053bcb138ef9693279f236
26840383861,ci-6-litert,pull_request,completed,success,2026-06-02T18:37:55Z,2026-06-02T19:07:19Z,1764,82dd0f3f1006d93b91053bcb138ef9693279f236
26840383892,ci-7-sql,pull_request,completed,success,2026-06-02T18:37:55Z,2026-06-02T19:07:37Z,1782,82dd0f3f1006d93b91053bcb138ef9693279f236
26840383662,ci-2-scikit-learn,pull_request,completed,success,2026-06-02T18:37:55Z,2026-06-02T19:10:34Z,1959,82dd0f3f1006d93b91053bcb138ef9693279f236
26840383808,ci-3-tensorflow,pull_request,completed,success,2026-06-02T18:37:55Z,2026-06-02T19:11:30Z,2015,82dd0f3f1006d93b91053bcb138ef9693279f236
26840383812,ci-8-transformers,pull_request,completed,success,2026-06-02T18:37:55Z,2026-06-02T19:12:27Z,2072,82dd0f3f1006d93b91053bcb138ef9693279f236
26840382739,Pyrefly,pull_request,completed,success,2026-06-02T18:37:54Z,2026-06-02T19:08:03Z,1809,82dd0f3f1006d93b91053bcb138ef9693279f236
26840382729,ci-1-core,pull_request,completed,success,2026-06-02T18:37:54Z,2026-06-02T19:10:06Z,1932,82dd0f3f1006d93b91053bcb138ef9693279f236
26840382754,ci-10-torch-op-db,pull_request,completed,success,2026-06-02T18:37:54Z,2026-06-02T19:25:23Z,2849,82dd0f3f1006d93b91053bcb138ef9693279f236
26840381517,Spelling,pull_request,completed,success,2026-06-02T18:37:52Z,2026-06-02T19:06:20Z,1708,82dd0f3f1006d93b91053bcb138ef9693279f236
26840381513,Mypy,pull_request,completed,success,2026-06-02T18:37:52Z,2026-06-02T19:09:05Z,1873,82dd0f3f1006d93b91053bcb138ef9693279f236
26839948235,Addressing comment on PR #2278,dynamic,completed,success,2026-06-02T18:29:48Z,2026-06-02T18:38:20Z,512,aa1b5480e8a3ba4ed76c3d4346d8b1f0f3e2dc5c
26833211392,PR – report impacted subfolders,pull_request,completed,action_required,2026-06-02T16:23:36Z,2026-06-02T16:23:36Z,0,aa1b5480e8a3ba4ed76c3d4346d8b1f0f3e2dc5c
26833183684,ci-5-torch,pull_request,completed,action_required,2026-06-02T16:23:06Z,2026-06-02T16:23:06Z,0,aa1b5480e8a3ba4ed76c3d4346d8b1f0f3e2dc5c
26833183732,Mypy,pull_request,completed,action_required,2026-06-02T16:23:06Z,2026-06-02T16:23:06Z,0,aa1b5480e8a3ba4ed76c3d4346d8b1f0f3e2dc5c
26833183841,ci-6-litert,pull_request,completed,action_required,2026-06-02T16:23:06Z,2026-06-02T16:23:06Z,0,aa1b5480e8a3ba4ed76c3d4346d8b1f0f3e2dc5c
26833183761,ci-9-transformers,pull_request,completed,action_required,2026-06-02T16:23:06Z,2026-06-02T16:23:06Z,0,aa1b5480e8a3ba4ed76c3d4346d8b1f0f3e2dc5c
26833183876,ci-1-core,pull_request,completed,action_required,2026-06-02T16:23:06Z,2026-06-02T16:23:06Z,0,aa1b5480e8a3ba4ed76c3d4346d8b1f0f3e2dc5c
26833183946,ci-4-torch,pull_request,completed,action_required,2026-06-02T16:23:06Z,2026-06-02T16:23:06Z,0,aa1b5480e8a3ba4ed76c3d4346d8b1f0f3e2dc5c
26833183959,PR – report impacted subfolders,pull_request,completed,action_required,2026-06-02T16:23:06Z,2026-06-02T16:23:06Z,0,aa1b5480e8a3ba4ed76c3d4346d8b1f0f3e2dc5c
26833184168,ci-3-tensorflow,pull_request,completed,action_required,2026-06-02T16:23:06Z,2026-06-02T16:23:06Z,0,aa1b5480e8a3ba4ed76c3d4346d8b1f0f3e2dc5c
26833184295,Style,pull_request,completed,action_required,2026-06-02T16:23:06Z,2026-06-02T16:23:06Z,0,aa1b5480e8a3ba4ed76c3d4346d8b1f0f3e2dc5c
26833184303,Pyrefly,pull_request,completed,action_required,2026-06-02T16:23:06Z,2026-06-02T16:23:06Z,0,aa1b5480e8a3ba4ed76c3d4346d8b1f0f3e2dc5c
26833183729,ci-10-torch-op-db,pull_request,completed,action_required,2026-06-02T16:23:06Z,2026-06-02T16:23:06Z,0,aa1b5480e8a3ba4ed76c3d4346d8b1f0f3e2dc5c
26833183921,Spelling,pull_request,completed,action_required,2026-06-02T16:23:06Z,2026-06-02T16:23:06Z,0,aa1b5480e8a3ba4ed76c3d4346d8b1f0f3e2dc5c
26833183939,ci-2-scikit-learn,pull_request,completed,action_required,2026-06-02T16:23:06Z,2026-06-02T16:23:06Z,0,aa1b5480e8a3ba4ed76c3d4346d8b1f0f3e2dc5c
26833183596,ci-7-sql,pull_request,completed,action_required,2026-06-02T16:23:05Z,2026-06-02T16:23:05Z,0,aa1b5480e8a3ba4ed76c3d4346d8b1f0f3e2dc5c
26833183622,ci-8-transformers,pull_request,completed,action_required,2026-06-02T16:23:05Z,2026-06-02T16:23:05Z,0,aa1b5480e8a3ba4ed76c3d4346d8b1f0f3e2dc5c
26833183620,Build,pull_request,completed,action_required,2026-06-02T16:23:05Z,2026-06-02T16:23:05Z,0,aa1b5480e8a3ba4ed76c3d4346d8b1f0f3e2dc5c
26832908336,Addressing comment on PR #2278,dynamic,completed,success,2026-06-02T16:17:55Z,2026-06-02T16:23:35Z,340,dcb975ac3fd9c537f5d41aeb7f3955d9fdf7234a
26831134399,PR – report impacted subfolders,pull_request,completed,action_required,2026-06-02T15:46:31Z,2026-06-02T15:46:31Z,0,dcb975ac3fd9c537f5d41aeb7f3955d9fdf7234a
26831119883,ci-4-torch,pull_request,completed,action_required,2026-06-02T15:46:16Z,2026-06-02T15:46:16Z,0,dcb975ac3fd9c537f5d41aeb7f3955d9fdf7234a
26831119253,ci-8-transformers,pull_request,completed,action_required,2026-06-02T15:46:16Z,2026-06-02T15:46:16Z,0,dcb975ac3fd9c537f5d41aeb7f3955d9fdf7234a
26831119313,ci-5-torch,pull_request,completed,action_required,2026-06-02T15:46:16Z,2026-06-02T15:46:16Z,0,dcb975ac3fd9c537f5d41aeb7f3955d9fdf7234a
26831118545,ci-9-transformers,pull_request,completed,action_required,2026-06-02T15:46:15Z,2026-06-02T15:46:15Z,0,dcb975ac3fd9c537f5d41aeb7f3955d9fdf7234a
26831118523,ci-6-litert,pull_request,completed,action_required,2026-06-02T15:46:15Z,2026-06-02T15:46:15Z,0,dcb975ac3fd9c537f5d41aeb7f3955d9fdf7234a
26831118558,ci-2-scikit-learn,pull_request,completed,action_required,2026-06-02T15:46:15Z,2026-06-02T15:46:15Z,0,dcb975ac3fd9c537f5d41aeb7f3955d9fdf7234a
26831118675,ci-3-tensorflow,pull_request,completed,action_required,2026-06-02T15:46:15Z,2026-06-02T15:46:15Z,0,dcb975ac3fd9c537f5d41aeb7f3955d9fdf7234a
26831119009,ci-7-sql,pull_request,completed,action_required,2026-06-02T15:46:15Z,2026-06-02T15:46:15Z,0,dcb975ac3fd9c537f5d41aeb7f3955d9fdf7234a
26831119093,Spelling,pull_request,completed,action_required,2026-06-02T15:46:15Z,2026-06-02T15:46:15Z,0,dcb975ac3fd9c537f5d41aeb7f3955d9fdf7234a
26831119166,Pyrefly,pull_request,completed,action_required,2026-06-02T15:46:15Z,2026-06-02T15:46:15Z,0,dcb975ac3fd9c537f5d41aeb7f3955d9fdf7234a
26831117889,Style,pull_request,completed,action_required,2026-06-02T15:46:14Z,2026-06-02T15:46:14Z,0,dcb975ac3fd9c537f5d41aeb7f3955d9fdf7234a
26831117873,Mypy,pull_request,completed,action_required,2026-06-02T15:46:14Z,2026-06-02T15:46:14Z,0,dcb975ac3fd9c537f5d41aeb7f3955d9fdf7234a
26831117918,ci-10-torch-op-db,pull_request,completed,action_required,2026-06-02T15:46:14Z,2026-06-02T15:46:14Z,0,dcb975ac3fd9c537f5d41aeb7f3955d9fdf7234a
26831117885,ci-1-core,pull_request,completed,action_required,2026-06-02T15:46:14Z,2026-06-02T15:46:14Z,0,dcb975ac3fd9c537f5d41aeb7f3955d9fdf7234a
26831117924,Build,pull_request,completed,action_required,2026-06-02T15:46:14Z,2026-06-02T15:46:14Z,0,dcb975ac3fd9c537f5d41aeb7f3955d9fdf7234a
26831118046,PR – report impacted subfolders,pull_request,completed,action_required,2026-06-02T15:46:14Z,2026-06-02T15:46:14Z,0,dcb975ac3fd9c537f5d41aeb7f3955d9fdf7234a
26831118192,PR – report impacted subfolders,pull_request,completed,action_required,2026-06-02T15:46:14Z,2026-06-02T15:46:14Z,0,dcb975ac3fd9c537f5d41aeb7f3955d9fdf7234a
26830576746,ci-9-transformers,pull_request,completed,action_required,2026-06-02T15:36:50Z,2026-06-02T15:36:50Z,0,02b7d8c5a4334dddc28c34db5513dbfee2caa57a
26830574425,ci-5-torch,pull_request,completed,action_required,2026-06-02T15:36:48Z,2026-06-02T15:36:48Z,0,02b7d8c5a4334dddc28c34db5513dbfee2caa57a
26830573782,ci-3-tensorflow,pull_request,completed,action_required,2026-06-02T15:36:47Z,2026-06-02T15:36:47Z,0,02b7d8c5a4334dddc28c34db5513dbfee2caa57a
26830574009,Build,pull_request,completed,action_required,2026-06-02T15:36:47Z,2026-06-02T15:36:47Z,0,02b7d8c5a4334dddc28c34db5513dbfee2caa57a
26830572521,PR – report impacted subfolders,pull_request,completed,action_required,2026-06-02T15:36:46Z,2026-06-02T15:36:46Z,0,02b7d8c5a4334dddc28c34db5513dbfee2caa57a
26830572780,ci-4-torch,pull_request,completed,action_required,2026-06-02T15:36:46Z,2026-06-02T15:36:46Z,0,02b7d8c5a4334dddc28c34db5513dbfee2caa57a
26830571831,ci-10-torch-op-db,pull_request,completed,action_required,2026-06-02T15:36:45Z,2026-06-02T15:36:45Z,0,02b7d8c5a4334dddc28c34db5513dbfee2caa57a
26830570719,ci-8-transformers,pull_request,completed,action_required,2026-06-02T15:36:44Z,2026-06-02T15:36:44Z,0,02b7d8c5a4334dddc28c34db5513dbfee2caa57a
26830570720,ci-6-litert,pull_request,completed,action_required,2026-06-02T15:36:44Z,2026-06-02T15:36:44Z,0,02b7d8c5a4334dddc28c34db5513dbfee2caa57a
26830570773,Spelling,pull_request,completed,action_required,2026-06-02T15:36:44Z,2026-06-02T15:36:44Z,0,02b7d8c5a4334dddc28c34db5513dbfee2caa57a
26830571252,ci-7-sql,pull_request,completed,action_required,2026-06-02T15:36:44Z,2026-06-02T15:36:44Z,0,02b7d8c5a4334dddc28c34db5513dbfee2caa57a
26830570745,ci-2-scikit-learn,pull_request,completed,action_required,2026-06-02T15:36:44Z,2026-06-02T15:36:44Z,0,02b7d8c5a4334dddc28c34db5513dbfee2caa57a
26830570730,ci-1-core,pull_request,completed,action_required,2026-06-02T15:36:44Z,2026-06-02T15:36:44Z,0,02b7d8c5a4334dddc28c34db5513dbfee2caa57a
26830570855,Style,pull_request,completed,action_required,2026-06-02T15:36:44Z,2026-06-02T15:36:44Z,0,02b7d8c5a4334dddc28c34db5513dbfee2caa57a
26830570804,Mypy,pull_request,completed,action_required,2026-06-02T15:36:44Z,2026-06-02T15:36:44Z,0,02b7d8c5a4334dddc28c34db5513dbfee2caa57a
26830570953,Pyrefly,pull_request,completed,action_required,2026-06-02T15:36:44Z,2026-06-02T15:36:44Z,0,02b7d8c5a4334dddc28c34db5513dbfee2caa57a
26830568719,Running Copilot cloud agent,dynamic,completed,success,2026-06-02T15:36:42Z,2026-06-02T15:46:31Z,589,02b7d8c5a4334dddc28c34db5513dbfee2caa57a
26873215885,Build,pull_request,completed,success,2026-06-03T08:32:21Z,2026-06-03T08:32:53Z,32,e918a18c3846b5afab2f09c9b493ce83f85e4e2f
26873215874,PR – report impacted subfolders,pull_request,completed,success,2026-06-03T08:32:21Z,2026-06-03T08:33:14Z,53,e918a18c3846b5afab2f09c9b493ce83f85e4e2f
26873215904,Style,pull_request,completed,success,2026-06-03T08:32:21Z,2026-06-03T08:33:44Z,83,e918a18c3846b5afab2f09c9b493ce83f85e4e2f
26873215862,Spelling,pull_request,completed,success,2026-06-03T08:32:21Z,2026-06-03T08:37:49Z,328,e918a18c3846b5afab2f09c9b493ce83f85e4e2f
26873215905,Pyrefly,pull_request,completed,success,2026-06-03T08:32:21Z,2026-06-03T08:38:38Z,377,e918a18c3846b5afab2f09c9b493ce83f85e4e2f
26872159473,Spelling,pull_request,completed,success,2026-06-03T08:10:08Z,2026-06-03T08:10:45Z,37,ccdc53d65ecddd87a174e9aa8321947042559482
26872159184,PR – report impacted subfolders,pull_request,completed,success,2026-06-03T08:10:08Z,2026-06-03T08:11:16Z,68,ccdc53d65ecddd87a174e9aa8321947042559482
26872159176,Style,pull_request,completed,success,2026-06-03T08:10:08Z,2026-06-03T08:11:27Z,79,ccdc53d65ecddd87a174e9aa8321947042559482
26872159163,Pyrefly,pull_request,completed,success,2026-06-03T08:10:08Z,2026-06-03T08:12:22Z,134,ccdc53d65ecddd87a174e9aa8321947042559482
26872159138,ci-7-sql,pull_request,completed,success,2026-06-03T08:10:08Z,2026-06-03T08:13:45Z,217,ccdc53d65ecddd87a174e9aa8321947042559482
26872159172,ci-6-litert,pull_request,completed,success,2026-06-03T08:10:08Z,2026-06-03T08:13:32Z,204,ccdc53d65ecddd87a174e9aa8321947042559482
26872159147,Mypy,pull_request,completed,failure,2026-06-03T08:10:08Z,2026-06-03T08:14:10Z,242,ccdc53d65ecddd87a174e9aa8321947042559482
26872159218,Build,pull_request,completed,success,2026-06-03T08:10:08Z,2026-06-03T08:14:28Z,260,ccdc53d65ecddd87a174e9aa8321947042559482
26872159255,ci-8-transformers,pull_request,completed,failure,2026-06-03T08:10:08Z,2026-06-03T08:18:26Z,498,ccdc53d65ecddd87a174e9aa8321947042559482
26872159111,ci-2-scikit-learn,pull_request,completed,success,2026-06-03T08:10:08Z,2026-06-03T08:23:25Z,797,ccdc53d65ecddd87a174e9aa8321947042559482
26872159193,ci-3-tensorflow,pull_request,completed,success,2026-06-03T08:10:08Z,2026-06-03T08:23:41Z,813,ccdc53d65ecddd87a174e9aa8321947042559482
26872159115,Documentation,pull_request,completed,success,2026-06-03T08:10:08Z,2026-06-03T08:25:22Z,914,ccdc53d65ecddd87a174e9aa8321947042559482
26872159112,ci-1-core,pull_request,completed,success,2026-06-03T08:10:08Z,2026-06-03T08:29:23Z,1155,ccdc53d65ecddd87a174e9aa8321947042559482
26872159237,ci-9-transformers,pull_request,completed,failure,2026-06-03T08:10:08Z,2026-06-03T08:29:39Z,1171,ccdc53d65ecddd87a174e9aa8321947042559482
26872159214,ci-10-torch-op-db,pull_request,completed,cancelled,2026-06-03T08:10:08Z,2026-06-03T08:32:28Z,1340,ccdc53d65ecddd87a174e9aa8321947042559482
26872159278,ci-4-torch,pull_request,completed,cancelled,2026-06-03T08:10:08Z,2026-06-03T08:38:00Z,1672,ccdc53d65ecddd87a174e9aa8321947042559482
26872159274,ci-5-torch,pull_request,completed,cancelled,2026-06-03T08:10:08Z,2026-06-03T08:38:28Z,1700,ccdc53d65ecddd87a174e9aa8321947042559482
26871942900,ci-8-transformers,schedule,completed,success,2026-06-03T08:05:26Z,2026-06-03T08:12:09Z,403,60b3c62f2f84c4ce7c777a5406b4b5d427f2f139
26871408649,Build,pull_request,completed,success,2026-06-03T07:54:15Z,2026-06-03T07:55:02Z,47,353256d58d7c5b489cdeb8392cbea3a15c4f1f07
26871408728,PR – report impacted subfolders,pull_request,completed,success,2026-06-03T07:54:15Z,2026-06-03T07:59:21Z,306,353256d58d7c5b489cdeb8392cbea3a15c4f1f07
26871408700,Style,pull_request,completed,success,2026-06-03T07:54:15Z,2026-06-03T07:59:48Z,333,353256d58d7c5b489cdeb8392cbea3a15c4f1f07
26871408647,Pyrefly,pull_request,completed,failure,2026-06-03T07:54:15Z,2026-06-03T08:00:58Z,403,353256d58d7c5b489cdeb8392cbea3a15c4f1f07
26871408651,Spelling,pull_request,completed,success,2026-06-03T07:54:15Z,2026-06-03T08:01:15Z,420,353256d58d7c5b489cdeb8392cbea3a15c4f1f07
26871408689,ci-7-sql,pull_request,completed,success,2026-06-03T07:54:15Z,2026-06-03T08:04:08Z,593,353256d58d7c5b489cdeb8392cbea3a15c4f1f07
26871408729,Mypy,pull_request,completed,failure,2026-06-03T07:54:15Z,2026-06-03T08:03:15Z,540,353256d58d7c5b489cdeb8392cbea3a15c4f1f07
26871408770,ci-8-transformers,pull_request,completed,failure,2026-06-03T07:54:15Z,2026-06-03T08:05:42Z,687,353256d58d7c5b489cdeb8392cbea3a15c4f1f07
26871408671,ci-6-litert,pull_request,completed,success,2026-06-03T07:54:15Z,2026-06-03T08:06:34Z,739,353256d58d7c5b489cdeb8392cbea3a15c4f1f07
26871408679,ci-2-scikit-learn,pull_request,completed,success,2026-06-03T07:54:15Z,2026-06-03T08:08:34Z,859,353256d58d7c5b489cdeb8392cbea3a15c4f1f07
26871408702,ci-3-tensorflow,pull_request,completed,success,2026-06-03T07:54:15Z,2026-06-03T08:08:46Z,871,353256d58d7c5b489cdeb8392cbea3a15c4f1f07
26871408648,ci-10-torch-op-db,pull_request,completed,cancelled,2026-06-03T07:54:15Z,2026-06-03T08:10:25Z,970,353256d58d7c5b489cdeb8392cbea3a15c4f1f07
26871408662,Documentation,pull_request,completed,cancelled,2026-06-03T07:54:15Z,2026-06-03T08:10:26Z,971,353256d58d7c5b489cdeb8392cbea3a15c4f1f07
26871408646,ci-1-core,pull_request,completed,cancelled,2026-06-03T07:54:15Z,2026-06-03T08:12:32Z,1097,353256d58d7c5b489cdeb8392cbea3a15c4f1f07
26871408684,ci-9-transformers,pull_request,completed,cancelled,2026-06-03T07:54:15Z,2026-06-03T08:14:15Z,1200,353256d58d7c5b489cdeb8392cbea3a15c4f1f07
26871408745,ci-4-torch,pull_request,completed,cancelled,2026-06-03T07:54:15Z,2026-06-03T08:14:53Z,1238,353256d58d7c5b489cdeb8392cbea3a15c4f1f07
26871408755,ci-5-torch,pull_request,completed,cancelled,2026-06-03T07:54:15Z,2026-06-03T08:21:01Z,1606,353256d58d7c5b489cdeb8392cbea3a15c4f1f07
26870969486,PR – report impacted subfolders,pull_request,completed,success,2026-06-03T07:44:56Z,2026-06-03T07:45:05Z,9,b7a83506fe4f6280ff3ca904ae45e9393061198d
26870969511,Build,pull_request,completed,success,2026-06-03T07:44:56Z,2026-06-03T07:45:14Z,18,b7a83506fe4f6280ff3ca904ae45e9393061198d
26870969468,Spelling,pull_request,completed,success,2026-06-03T07:44:56Z,2026-06-03T07:45:14Z,18,b7a83506fe4f6280ff3ca904ae45e9393061198d
26870969457,Style,pull_request,completed,success,2026-06-03T07:44:56Z,2026-06-03T07:45:24Z,28,b7a83506fe4f6280ff3ca904ae45e9393061198d
26870969458,ci-6-litert,pull_request,completed,success,2026-06-03T07:44:56Z,2026-06-03T07:46:40Z,104,b7a83506fe4f6280ff3ca904ae45e9393061198d
26870969600,ci-7-sql,pull_request,completed,success,2026-06-03T07:44:56Z,2026-06-03T07:46:35Z,99,b7a83506fe4f6280ff3ca904ae45e9393061198d
26870969509,Pyrefly,pull_request,completed,failure,2026-06-03T07:44:56Z,2026-06-03T07:47:03Z,127,b7a83506fe4f6280ff3ca904ae45e9393061198d
26870969484,Mypy,pull_request,completed,failure,2026-06-03T07:44:56Z,2026-06-03T07:47:48Z,172,b7a83506fe4f6280ff3ca904ae45e9393061198d
26870969460,ci-3-tensorflow,pull_request,completed,failure,2026-06-03T07:44:56Z,2026-06-03T07:51:59Z,423,b7a83506fe4f6280ff3ca904ae45e9393061198d
26870969563,ci-8-transformers,pull_request,completed,failure,2026-06-03T07:44:56Z,2026-06-03T07:52:36Z,460,b7a83506fe4f6280ff3ca904ae45e9393061198d
26870969589,ci-4-torch,pull_request,completed,failure,2026-06-03T07:44:56Z,2026-06-03T07:53:45Z,529,b7a83506fe4f6280ff3ca904ae45e9393061198d
26870969479,ci-2-scikit-learn,pull_request,completed,success,2026-06-03T07:44:56Z,2026-06-03T07:53:55Z,539,b7a83506fe4f6280ff3ca904ae45e9393061198d
26870969532,ci-10-torch-op-db,pull_request,completed,cancelled,2026-06-03T07:44:56Z,2026-06-03T07:54:32Z,576,b7a83506fe4f6280ff3ca904ae45e9393061198d
26870969497,ci-1-core,pull_request,completed,cancelled,2026-06-03T07:44:56Z,2026-06-03T07:57:35Z,759,b7a83506fe4f6280ff3ca904ae45e9393061198d
26870969495,ci-5-torch,pull_request,completed,cancelled,2026-06-03T07:44:56Z,2026-06-03T07:59:03Z,847,b7a83506fe4f6280ff3ca904ae45e9393061198d
26870969622,ci-9-transformers,pull_request,completed,cancelled,2026-06-03T07:44:56Z,2026-06-03T08:00:18Z,922,b7a83506fe4f6280ff3ca904ae45e9393061198d
26868584798,Running Copilot cloud agent,dynamic,completed,success,2026-06-03T06:50:02Z,2026-06-03T07:12:14Z,1332,5dd6c837c60638fe42ad42cec1a612c02465cd58
26886908642,ci-9-transformers,pull_request,completed,action_required,2026-06-03T13:09:41Z,2026-06-03T13:09:41Z,0,2c6cc44f62faee6edcf661c43941cbb7bb7b255c
26886909101,ci-4-torch,pull_request,completed,action_required,2026-06-03T13:09:41Z,2026-06-03T13:09:41Z,0,2c6cc44f62faee6edcf661c43941cbb7bb7b255c
26886908624,ci-3-tensorflow,pull_request,completed,action_required,2026-06-03T13:09:41Z,2026-06-03T13:09:41Z,0,2c6cc44f62faee6edcf661c43941cbb7bb7b255c
26886907843,Style,pull_request,completed,action_required,2026-06-03T13:09:40Z,2026-06-03T13:09:40Z,0,2c6cc44f62faee6edcf661c43941cbb7bb7b255c
26886907872,ci-2-scikit-learn,pull_request,completed,action_required,2026-06-03T13:09:40Z,2026-06-03T13:09:40Z,0,2c6cc44f62faee6edcf661c43941cbb7bb7b255c
26886907932,Pyrefly,pull_request,completed,action_required,2026-06-03T13:09:40Z,2026-06-03T13:09:40Z,0,2c6cc44f62faee6edcf661c43941cbb7bb7b255c
26886907907,Mypy,pull_request,completed,action_required,2026-06-03T13:09:40Z,2026-06-03T13:09:40Z,0,2c6cc44f62faee6edcf661c43941cbb7bb7b255c
26886907930,ci-10-torch-op-db,pull_request,completed,action_required,2026-06-03T13:09:40Z,2026-06-03T13:09:40Z,0,2c6cc44f62faee6edcf661c43941cbb7bb7b255c
26886908027,Spelling,pull_request,completed,action_required,2026-06-03T13:09:40Z,2026-06-03T13:09:40Z,0,2c6cc44f62faee6edcf661c43941cbb7bb7b255c
26886907959,ci-1-core,pull_request,completed,action_required,2026-06-03T13:09:40Z,2026-06-03T13:09:40Z,0,2c6cc44f62faee6edcf661c43941cbb7bb7b255c
26886908081,PR – report impacted subfolders,pull_request,completed,action_required,2026-06-03T13:09:40Z,2026-06-03T13:09:40Z,0,2c6cc44f62faee6edcf661c43941cbb7bb7b255c
26886908184,ci-7-sql,pull_request,completed,action_required,2026-06-03T13:09:40Z,2026-06-03T13:09:40Z,0,2c6cc44f62faee6edcf661c43941cbb7bb7b255c
26886908251,ci-5-torch,pull_request,completed,action_required,2026-06-03T13:09:40Z,2026-06-03T13:09:40Z,0,2c6cc44f62faee6edcf661c43941cbb7bb7b255c
26886908157,Build,pull_request,completed,action_required,2026-06-03T13:09:40Z,2026-06-03T13:09:40Z,0,2c6cc44f62faee6edcf661c43941cbb7bb7b255c
26886908243,ci-8-transformers,pull_request,completed,action_required,2026-06-03T13:09:40Z,2026-06-03T13:09:40Z,0,2c6cc44f62faee6edcf661c43941cbb7bb7b255c
26886908377,ci-6-litert,pull_request,completed,action_required,2026-06-03T13:09:40Z,2026-06-03T13:09:40Z,0,2c6cc44f62faee6edcf661c43941cbb7bb7b255c
26885716887,Mypy,pull_request,completed,action_required,2026-06-03T12:47:22Z,2026-06-03T12:47:22Z,0,b3a866b56bfeb1ee2f2420a4c5dd430699d23bfb
26885716894,Pyrefly,pull_request,completed,action_required,2026-06-03T12:47:22Z,2026-06-03T12:47:22Z,0,b3a866b56bfeb1ee2f2420a4c5dd430699d23bfb
26885716899,ci-5-torch,pull_request,completed,action_required,2026-06-03T12:47:22Z,2026-06-03T12:47:22Z,0,b3a866b56bfeb1ee2f2420a4c5dd430699d23bfb
26885716924,ci-1-core,pull_request,completed,action_required,2026-06-03T12:47:22Z,2026-06-03T12:47:22Z,0,b3a866b56bfeb1ee2f2420a4c5dd430699d23bfb
26885716879,Spelling,pull_request,completed,action_required,2026-06-03T12:47:22Z,2026-06-03T12:47:22Z,0,b3a866b56bfeb1ee2f2420a4c5dd430699d23bfb
26885716952,ci-7-sql,pull_request,completed,action_required,2026-06-03T12:47:22Z,2026-06-03T12:47:22Z,0,b3a866b56bfeb1ee2f2420a4c5dd430699d23bfb
26885716938,PR – report impacted subfolders,pull_request,completed,action_required,2026-06-03T12:47:22Z,2026-06-03T12:47:22Z,0,b3a866b56bfeb1ee2f2420a4c5dd430699d23bfb
26885716977,ci-6-litert,pull_request,completed,action_required,2026-06-03T12:47:22Z,2026-06-03T12:47:22Z,0,b3a866b56bfeb1ee2f2420a4c5dd430699d23bfb
26885716971,ci-2-scikit-learn,pull_request,completed,action_required,2026-06-03T12:47:22Z,2026-06-03T12:47:22Z,0,b3a866b56bfeb1ee2f2420a4c5dd430699d23bfb
26885716968,ci-4-torch,pull_request,completed,action_required,2026-06-03T12:47:22Z,2026-06-03T12:47:22Z,0,b3a866b56bfeb1ee2f2420a4c5dd430699d23bfb
26885716940,Build,pull_request,completed,action_required,2026-06-03T12:47:22Z,2026-06-03T12:47:22Z,0,b3a866b56bfeb1ee2f2420a4c5dd430699d23bfb
26885717032,Style,pull_request,completed,action_required,2026-06-03T12:47:22Z,2026-06-03T12:47:22Z,0,b3a866b56bfeb1ee2f2420a4c5dd430699d23bfb
26885716987,ci-10-torch-op-db,pull_request,completed,action_required,2026-06-03T12:47:22Z,2026-06-03T12:47:22Z,0,b3a866b56bfeb1ee2f2420a4c5dd430699d23bfb
26885716944,ci-8-transformers,pull_request,completed,action_required,2026-06-03T12:47:22Z,2026-06-03T12:47:22Z,0,b3a866b56bfeb1ee2f2420a4c5dd430699d23bfb
26885717060,ci-9-transformers,pull_request,completed,action_required,2026-06-03T12:47:22Z,2026-06-03T12:47:22Z,0,b3a866b56bfeb1ee2f2420a4c5dd430699d23bfb
26885717010,ci-3-tensorflow,pull_request,completed,action_required,2026-06-03T12:47:22Z,2026-06-03T12:47:22Z,0,b3a866b56bfeb1ee2f2420a4c5dd430699d23bfb
26885507324,Addressing comment on PR #2281,dynamic,completed,success,2026-06-03T12:43:27Z,2026-06-03T12:47:51Z,264,5822fe344c3c52ae09f3cdda8dae490ede01e258
26883943212,Build,pull_request,completed,success,2026-06-03T12:12:51Z,2026-06-03T12:26:35Z,824,5822fe344c3c52ae09f3cdda8dae490ede01e258
26883943245,Spelling,pull_request,completed,success,2026-06-03T12:12:51Z,2026-06-03T12:26:32Z,821,5822fe344c3c52ae09f3cdda8dae490ede01e258
26883943263,ci-1-core,pull_request,completed,success,2026-06-03T12:12:51Z,2026-06-03T12:43:45Z,1854,5822fe344c3c52ae09f3cdda8dae490ede01e258
26883943251,ci-8-transformers,pull_request,completed,success,2026-06-03T12:12:51Z,2026-06-03T12:33:06Z,1215,5822fe344c3c52ae09f3cdda8dae490ede01e258
26883943193,ci-4-torch,pull_request,completed,success,2026-06-03T12:12:51Z,2026-06-03T12:37:35Z,1484,5822fe344c3c52ae09f3cdda8dae490ede01e258
26883943076,PR – report impacted subfolders,pull_request,completed,success,2026-06-03T12:12:50Z,2026-06-03T12:26:21Z,811,5822fe344c3c52ae09f3cdda8dae490ede01e258
26883943111,Style,pull_request,completed,success,2026-06-03T12:12:50Z,2026-06-03T12:26:22Z,812,5822fe344c3c52ae09f3cdda8dae490ede01e258
26883943109,ci-6-litert,pull_request,completed,success,2026-06-03T12:12:50Z,2026-06-03T12:27:37Z,887,5822fe344c3c52ae09f3cdda8dae490ede01e258
26883943174,Pyrefly,pull_request,completed,success,2026-06-03T12:12:50Z,2026-06-03T12:28:05Z,915,5822fe344c3c52ae09f3cdda8dae490ede01e258
26883943165,ci-7-sql,pull_request,completed,success,2026-06-03T12:12:50Z,2026-06-03T12:28:59Z,969,5822fe344c3c52ae09f3cdda8dae490ede01e258
26883943103,Mypy,pull_request,completed,success,2026-06-03T12:12:50Z,2026-06-03T12:29:06Z,976,5822fe344c3c52ae09f3cdda8dae490ede01e258
26883943083,ci-5-torch,pull_request,completed,failure,2026-06-03T12:12:50Z,2026-06-03T12:39:56Z,1626,5822fe344c3c52ae09f3cdda8dae490ede01e258
26883943146,ci-9-transformers,pull_request,completed,success,2026-06-03T12:12:50Z,2026-06-03T12:42:48Z,1798,5822fe344c3c52ae09f3cdda8dae490ede01e258
26883943093,ci-10-torch-op-db,pull_request,completed,success,2026-06-03T12:12:50Z,2026-06-03T12:43:27Z,1837,5822fe344c3c52ae09f3cdda8dae490ede01e258
26883943132,ci-3-tensorflow,pull_request,completed,success,2026-06-03T12:12:50Z,2026-06-03T12:31:42Z,1132,5822fe344c3c52ae09f3cdda8dae490ede01e258
26883943124,ci-2-scikit-learn,pull_request,completed,success,2026-06-03T12:12:50Z,2026-06-03T12:35:54Z,1384,5822fe344c3c52ae09f3cdda8dae490ede01e258
26883425944,Addressing comment on PR #2281,dynamic,completed,success,2026-06-03T12:02:13Z,2026-06-03T12:13:24Z,671,9a6792220c289f12039128debf07be3922f7b5a4
26881555338,ci-4-torch,push,completed,success,2026-06-03T11:23:59Z,2026-06-03T11:40:44Z,1005,b6205e19f7e3c226edd66456f009c341d0b38241
26881555396,ci-5-torch,push,completed,success,2026-06-03T11:23:59Z,2026-06-03T11:42:14Z,1095,b6205e19f7e3c226edd66456f009c341d0b38241
26881555422,ci-10-torch-op-db,push,completed,success,2026-06-03T11:23:59Z,2026-06-03T11:46:11Z,1332,b6205e19f7e3c226edd66456f009c341d0b38241
26881555407,Pyrefly,push,completed,success,2026-06-03T11:23:59Z,2026-06-03T11:27:35Z,216,b6205e19f7e3c226edd66456f009c341d0b38241
26881555432,Build,push,completed,success,2026-06-03T11:23:59Z,2026-06-03T11:27:51Z,232,b6205e19f7e3c226edd66456f009c341d0b38241
26881555330,Style,push,completed,success,2026-06-03T11:23:59Z,2026-06-03T11:28:29Z,270,b6205e19f7e3c226edd66456f009c341d0b38241
26881555299,Spelling,push,completed,success,2026-06-03T11:23:59Z,2026-06-03T11:29:24Z,325,b6205e19f7e3c226edd66456f009c341d0b38241
26881555323,ci-1-core,push,completed,success,2026-06-03T11:23:59Z,2026-06-03T11:30:09Z,370,b6205e19f7e3c226edd66456f009c341d0b38241
26881555347,ci-6-litert,push,completed,success,2026-06-03T11:23:59Z,2026-06-03T11:30:28Z,389,b6205e19f7e3c226edd66456f009c341d0b38241
26881555605,ci-7-sql,push,completed,success,2026-06-03T11:23:59Z,2026-06-03T11:31:19Z,440,b6205e19f7e3c226edd66456f009c341d0b38241
26881555371,Mypy,push,completed,success,2026-06-03T11:23:59Z,2026-06-03T11:32:05Z,486,b6205e19f7e3c226edd66456f009c341d0b38241
26881555438,ci-8-transformers,push,completed,success,2026-06-03T11:23:59Z,2026-06-03T11:33:34Z,575,b6205e19f7e3c226edd66456f009c341d0b38241
26881555496,ci-2-scikit-learn,push,completed,success,2026-06-03T11:23:59Z,2026-06-03T11:34:58Z,659,b6205e19f7e3c226edd66456f009c341d0b38241
26881555828,ci-3-tensorflow,push,completed,success,2026-06-03T11:23:59Z,2026-06-03T11:37:23Z,804,b6205e19f7e3c226edd66456f009c341d0b38241
26881555332,ci-9-transformers,push,completed,success,2026-06-03T11:23:59Z,2026-06-03T11:38:54Z,895,b6205e19f7e3c226edd66456f009c341d0b38241
26880891357,ci-3-tensorflow,pull_request,completed,success,2026-06-03T11:09:45Z,2026-06-03T11:19:52Z,607,9a6792220c289f12039128debf07be3922f7b5a4
26880891436,ci-2-scikit-learn,pull_request,completed,success,2026-06-03T11:09:45Z,2026-06-03T11:21:55Z,730,9a6792220c289f12039128debf07be3922f7b5a4
26880891464,ci-4-torch,pull_request,completed,failure,2026-06-03T11:09:45Z,2026-06-03T11:26:24Z,999,9a6792220c289f12039128debf07be3922f7b5a4
26880891470,ci-9-transformers,pull_request,completed,success,2026-06-03T11:09:45Z,2026-06-03T11:27:15Z,1050,9a6792220c289f12039128debf07be3922f7b5a4
26880891456,ci-8-transformers,pull_request,completed,failure,2026-06-03T11:09:45Z,2026-06-03T11:28:19Z,1114,9a6792220c289f12039128debf07be3922f7b5a4
26880891420,Spelling,pull_request,completed,success,2026-06-03T11:09:45Z,2026-06-03T11:13:10Z,205,9a6792220c289f12039128debf07be3922f7b5a4
26880891418,Style,pull_request,completed,success,2026-06-03T11:09:45Z,2026-06-03T11:13:09Z,204,9a6792220c289f12039128debf07be3922f7b5a4
26880891526,PR – report impacted subfolders,pull_request,completed,success,2026-06-03T11:09:45Z,2026-06-03T11:13:47Z,242,9a6792220c289f12039128debf07be3922f7b5a4
26880891449,Build,pull_request,completed,success,2026-06-03T11:09:45Z,2026-06-03T11:13:34Z,229,9a6792220c289f12039128debf07be3922f7b5a4
26880891389,ci-7-sql,pull_request,completed,success,2026-06-03T11:09:45Z,2026-06-03T11:14:25Z,280,9a6792220c289f12039128debf07be3922f7b5a4
26880891404,Pyrefly,pull_request,completed,success,2026-06-03T11:09:45Z,2026-06-03T11:14:41Z,296,9a6792220c289f12039128debf07be3922f7b5a4
26880891392,Mypy,pull_request,completed,success,2026-06-03T11:09:45Z,2026-06-03T11:15:26Z,341,9a6792220c289f12039128debf07be3922f7b5a4
26880891469,ci-6-litert,pull_request,completed,success,2026-06-03T11:09:45Z,2026-06-03T11:16:20Z,395,9a6792220c289f12039128debf07be3922f7b5a4
26880891406,ci-1-core,pull_request,completed,success,2026-06-03T11:09:45Z,2026-06-03T11:17:34Z,469,9a6792220c289f12039128debf07be3922f7b5a4
26880891385,ci-10-torch-op-db,pull_request,completed,success,2026-06-03T11:09:45Z,2026-06-03T11:31:11Z,1286,9a6792220c289f12039128debf07be3922f7b5a4
26880891450,ci-5-torch,pull_request,completed,failure,2026-06-03T11:09:45Z,2026-06-03T11:34:01Z,1456,9a6792220c289f12039128debf07be3922f7b5a4
26880603442,Addressing comment on PR #2281,dynamic,completed,success,2026-06-03T11:03:35Z,2026-06-03T11:10:19Z,404,0207899f91948f30caf5fe1dbddef12976c9c7e4
26880172922,PR – report impacted subfolders,pull_request,completed,success,2026-06-03T10:54:36Z,2026-06-03T10:57:48Z,192,21571a9bb1e88d790b7b917a067b9ee42f308407
26880157981,ci-4-torch,pull_request,completed,success,2026-06-03T10:54:18Z,2026-06-03T11:10:04Z,946,21571a9bb1e88d790b7b917a067b9ee42f308407
26880157983,ci-10-torch-op-db,pull_request,completed,success,2026-06-03T10:54:18Z,2026-06-03T11:14:12Z,1194,21571a9bb1e88d790b7b917a067b9ee42f308407
26880158552,PR – report impacted subfolders,pull_request,completed,cancelled,2026-06-03T10:54:18Z,2026-06-03T10:56:34Z,136,21571a9bb1e88d790b7b917a067b9ee42f308407
26880157927,PR – report impacted subfolders,pull_request,completed,cancelled,2026-06-03T10:54:18Z,2026-06-03T10:56:34Z,136,21571a9bb1e88d790b7b917a067b9ee42f308407
26880157933,Style,pull_request,completed,success,2026-06-03T10:54:18Z,2026-06-03T10:57:24Z,186,21571a9bb1e88d790b7b917a067b9ee42f308407
26880157908,Spelling,pull_request,completed,success,2026-06-03T10:54:18Z,2026-06-03T10:57:37Z,199,21571a9bb1e88d790b7b917a067b9ee42f308407
26880157973,Build,pull_request,completed,success,2026-06-03T10:54:18Z,2026-06-03T10:57:36Z,198,21571a9bb1e88d790b7b917a067b9ee42f308407
26880157932,ci-6-litert,pull_request,completed,success,2026-06-03T10:54:18Z,2026-06-03T10:58:19Z,241,21571a9bb1e88d790b7b917a067b9ee42f308407
26880158041,Pyrefly,pull_request,completed,success,2026-06-03T10:54:18Z,2026-06-03T10:58:40Z,262,21571a9bb1e88d790b7b917a067b9ee42f308407
26880157994,ci-7-sql,pull_request,completed,success,2026-06-03T10:54:18Z,2026-06-03T10:59:23Z,305,21571a9bb1e88d790b7b917a067b9ee42f308407
26880157917,ci-1-core,pull_request,completed,success,2026-06-03T10:54:18Z,2026-06-03T11:01:45Z,447,21571a9bb1e88d790b7b917a067b9ee42f308407
26880157939,ci-2-scikit-learn,pull_request,completed,success,2026-06-03T10:54:18Z,2026-06-03T11:02:28Z,490,21571a9bb1e88d790b7b917a067b9ee42f308407
26880157995,ci-8-transformers,pull_request,completed,success,2026-06-03T10:54:18Z,2026-06-03T11:04:21Z,603,21571a9bb1e88d790b7b917a067b9ee42f308407
26880157930,ci-3-tensorflow,pull_request,completed,success,2026-06-03T10:54:18Z,2026-06-03T11:06:31Z,733,21571a9bb1e88d790b7b917a067b9ee42f308407
26880157922,ci-9-transformers,pull_request,completed,success,2026-06-03T10:54:18Z,2026-06-03T11:06:19Z,721,21571a9bb1e88d790b7b917a067b9ee42f308407
26880157900,ci-5-torch,pull_request,completed,success,2026-06-03T10:54:17Z,2026-06-03T11:12:10Z,1073,21571a9bb1e88d790b7b917a067b9ee42f308407
26880157876,Mypy,pull_request,completed,success,2026-06-03T10:54:17Z,2026-06-03T10:59:24Z,307,21571a9bb1e88d790b7b917a067b9ee42f308407
26880002237,Running Copilot cloud agent,dynamic,completed,success,2026-06-03T10:51:03Z,2026-06-03T10:54:38Z,215,e0d56f28026b5c3bfd1a6c274c705d6a8406f5e5
26879934240,ci-8-transformers,pull_request,completed,action_required,2026-06-03T10:49:42Z,2026-06-03T10:49:42Z,0,0207899f91948f30caf5fe1dbddef12976c9c7e4
26879934266,PR – report impacted subfolders,pull_request,completed,action_required,2026-06-03T10:49:42Z,2026-06-03T10:49:42Z,0,0207899f91948f30caf5fe1dbddef12976c9c7e4
26879934228,Style,pull_request,completed,action_required,2026-06-03T10:49:42Z,2026-06-03T10:49:42Z,0,0207899f91948f30caf5fe1dbddef12976c9c7e4
26879934248,Spelling,pull_request,completed,action_required,2026-06-03T10:49:42Z,2026-06-03T10:49:42Z,0,0207899f91948f30caf5fe1dbddef12976c9c7e4
26879934247,ci-5-torch,pull_request,completed,action_required,2026-06-03T10:49:42Z,2026-06-03T10:49:42Z,0,0207899f91948f30caf5fe1dbddef12976c9c7e4
26879934245,ci-6-litert,pull_request,completed,action_required,2026-06-03T10:49:42Z,2026-06-03T10:49:42Z,0,0207899f91948f30caf5fe1dbddef12976c9c7e4
26879934191,ci-9-transformers,pull_request,completed,action_required,2026-06-03T10:49:41Z,2026-06-03T10:49:41Z,0,0207899f91948f30caf5fe1dbddef12976c9c7e4
26879934212,ci-10-torch-op-db,pull_request,completed,action_required,2026-06-03T10:49:41Z,2026-06-03T10:49:41Z,0,0207899f91948f30caf5fe1dbddef12976c9c7e4
26879934204,Mypy,pull_request,completed,action_required,2026-06-03T10:49:41Z,2026-06-03T10:49:41Z,0,0207899f91948f30caf5fe1dbddef12976c9c7e4
26879934218,ci-1-core,pull_request,completed,action_required,2026-06-03T10:49:41Z,2026-06-03T10:49:41Z,0,0207899f91948f30caf5fe1dbddef12976c9c7e4
26879934193,Build,pull_request,completed,action_required,2026-06-03T10:49:41Z,2026-06-03T10:49:41Z,0,0207899f91948f30caf5fe1dbddef12976c9c7e4
26879934216,Pyrefly,pull_request,completed,action_required,2026-06-03T10:49:41Z,2026-06-03T10:49:41Z,0,0207899f91948f30caf5fe1dbddef12976c9c7e4
26879934221,ci-7-sql,pull_request,completed,action_required,2026-06-03T10:49:41Z,2026-06-03T10:49:41Z,0,0207899f91948f30caf5fe1dbddef12976c9c7e4
26879934217,ci-3-tensorflow,pull_request,completed,action_required,2026-06-03T10:49:41Z,2026-06-03T10:49:41Z,0,0207899f91948f30caf5fe1dbddef12976c9c7e4
26879934229,ci-2-scikit-learn,pull_request,completed,action_required,2026-06-03T10:49:41Z,2026-06-03T10:49:41Z,0,0207899f91948f30caf5fe1dbddef12976c9c7e4
26879934210,ci-4-torch,pull_request,completed,action_required,2026-06-03T10:49:41Z,2026-06-03T10:49:41Z,0,0207899f91948f30caf5fe1dbddef12976c9c7e4
26879766429,Addressing comment on PR #2281,dynamic,completed,success,2026-06-03T10:46:10Z,2026-06-03T10:50:14Z,244,d2a028074f4169923ca56d35e880e587f6a76506
26878937091,PR – report impacted subfolders,pull_request,completed,success,2026-06-03T10:28:45Z,2026-06-03T10:28:56Z,11,d2a028074f4169923ca56d35e880e587f6a76506
26878937074,Build,pull_request,completed,success,2026-06-03T10:28:45Z,2026-06-03T10:29:12Z,27,d2a028074f4169923ca56d35e880e587f6a76506
26878937065,Spelling,pull_request,completed,success,2026-06-03T10:28:45Z,2026-06-03T10:29:43Z,58,d2a028074f4169923ca56d35e880e587f6a76506
26878937128,Style,pull_request,completed,success,2026-06-03T10:28:45Z,2026-06-03T10:29:50Z,65,d2a028074f4169923ca56d35e880e587f6a76506
26878937127,ci-6-litert,pull_request,completed,success,2026-06-03T10:28:45Z,2026-06-03T10:30:08Z,83,d2a028074f4169923ca56d35e880e587f6a76506
26878937122,ci-7-sql,pull_request,completed,success,2026-06-03T10:28:45Z,2026-06-03T10:30:37Z,112,d2a028074f4169923ca56d35e880e587f6a76506
26878937045,Pyrefly,pull_request,completed,success,2026-06-03T10:28:45Z,2026-06-03T10:30:40Z,115,d2a028074f4169923ca56d35e880e587f6a76506
26878937135,Mypy,pull_request,completed,success,2026-06-03T10:28:45Z,2026-06-03T10:32:00Z,195,d2a028074f4169923ca56d35e880e587f6a76506
26878937038,ci-8-transformers,pull_request,completed,failure,2026-06-03T10:28:45Z,2026-06-03T10:35:20Z,395,d2a028074f4169923ca56d35e880e587f6a76506
26878937063,ci-2-scikit-learn,pull_request,completed,success,2026-06-03T10:28:45Z,2026-06-03T10:36:25Z,460,d2a028074f4169923ca56d35e880e587f6a76506
26878937079,ci-1-core,pull_request,completed,success,2026-06-03T10:28:45Z,2026-06-03T10:38:30Z,585,d2a028074f4169923ca56d35e880e587f6a76506
26878937149,ci-9-transformers,pull_request,completed,success,2026-06-03T10:28:45Z,2026-06-03T10:39:01Z,616,d2a028074f4169923ca56d35e880e587f6a76506
26878937208,ci-3-tensorflow,pull_request,completed,success,2026-06-03T10:28:45Z,2026-06-03T10:40:02Z,677,d2a028074f4169923ca56d35e880e587f6a76506
26878937086,ci-4-torch,pull_request,completed,failure,2026-06-03T10:28:45Z,2026-06-03T10:41:08Z,743,d2a028074f4169923ca56d35e880e587f6a76506
26878937092,ci-10-torch-op-db,pull_request,completed,success,2026-06-03T10:28:45Z,2026-06-03T10:46:44Z,1079,d2a028074f4169923ca56d35e880e587f6a76506
26878937046,ci-5-torch,pull_request,completed,failure,2026-06-03T10:28:45Z,2026-06-03T10:47:56Z,1151,d2a028074f4169923ca56d35e880e587f6a76506
26878593822,Style,push,completed,success,2026-06-03T10:21:27Z,2026-06-03T10:21:38Z,11,e633f8807da385bf23ebff84463cf87d55edaef2
26878593884,Spelling,push,completed,success,2026-06-03T10:21:27Z,2026-06-03T10:21:37Z,10,e633f8807da385bf23ebff84463cf87d55edaef2
26878593880,Build,push,completed,success,2026-06-03T10:21:27Z,2026-06-03T10:21:57Z,30,e633f8807da385bf23ebff84463cf87d55edaef2
26878593818,ci-6-litert,push,completed,success,2026-06-03T10:21:27Z,2026-06-03T10:22:31Z,64,e633f8807da385bf23ebff84463cf87d55edaef2
26878593825,ci-7-sql,push,completed,success,2026-06-03T10:21:27Z,2026-06-03T10:22:59Z,92,e633f8807da385bf23ebff84463cf87d55edaef2
26878593894,Mypy,push,completed,success,2026-06-03T10:21:27Z,2026-06-03T10:24:19Z,172,e633f8807da385bf23ebff84463cf87d55edaef2
26878594006,ci-1-core,push,completed,success,2026-06-03T10:21:27Z,2026-06-03T10:25:22Z,235,e633f8807da385bf23ebff84463cf87d55edaef2
26878593870,ci-2-scikit-learn,push,completed,success,2026-06-03T10:21:27Z,2026-06-03T10:25:41Z,254,e633f8807da385bf23ebff84463cf87d55edaef2
26878593995,ci-3-tensorflow,push,completed,success,2026-06-03T10:21:27Z,2026-06-03T10:27:10Z,343,e633f8807da385bf23ebff84463cf87d55edaef2
26878594062,ci-8-transformers,push,completed,success,2026-06-03T10:21:27Z,2026-06-03T10:28:49Z,442,e633f8807da385bf23ebff84463cf87d55edaef2
26878593945,ci-9-transformers,push,completed,success,2026-06-03T10:21:27Z,2026-06-03T10:29:33Z,486,e633f8807da385bf23ebff84463cf87d55edaef2
26878593925,ci-4-torch,push,completed,success,2026-06-03T10:21:27Z,2026-06-03T10:31:38Z,611,e633f8807da385bf23ebff84463cf87d55edaef2
26878593898,ci-5-torch,push,completed,success,2026-06-03T10:21:27Z,2026-06-03T10:34:03Z,756,e633f8807da385bf23ebff84463cf87d55edaef2
26878593976,Documentation,push,completed,success,2026-06-03T10:21:27Z,2026-06-03T10:36:02Z,875,e633f8807da385bf23ebff84463cf87d55edaef2
26878593903,ci-10-torch-op-db,push,completed,success,2026-06-03T10:21:27Z,2026-06-03T10:40:11Z,1124,e633f8807da385bf23ebff84463cf87d55edaef2
26878593859,Pyrefly,push,completed,success,2026-06-03T10:21:27Z,2026-06-03T10:23:26Z,119,e633f8807da385bf23ebff84463cf87d55edaef2
26875925358,PR – report impacted subfolders,pull_request,completed,cancelled,2026-06-03T09:27:20Z,2026-06-03T09:29:12Z,112,9da0f039e75e1a8930130bb38906b19c906ec6d5
26875906551,Spelling,pull_request,completed,success,2026-06-03T09:26:57Z,2026-06-03T09:29:19Z,142,9da0f039e75e1a8930130bb38906b19c906ec6d5
26875906604,Build,pull_request,completed,success,2026-06-03T09:26:57Z,2026-06-03T09:29:23Z,146,9da0f039e75e1a8930130bb38906b19c906ec6d5
26875906555,Style,pull_request,completed,success,2026-06-03T09:26:57Z,2026-06-03T09:29:24Z,147,9da0f039e75e1a8930130bb38906b19c906ec6d5
26875906951,ci-6-litert,pull_request,completed,success,2026-06-03T09:26:57Z,2026-06-03T09:30:41Z,224,9da0f039e75e1a8930130bb38906b19c906ec6d5
26875906666,Pyrefly,pull_request,completed,success,2026-06-03T09:26:57Z,2026-06-03T09:31:13Z,256,9da0f039e75e1a8930130bb38906b19c906ec6d5
26875906493,Mypy,pull_request,completed,success,2026-06-03T09:26:57Z,2026-06-03T09:31:59Z,302,9da0f039e75e1a8930130bb38906b19c906ec6d5
26875906589,ci-1-core,pull_request,completed,success,2026-06-03T09:26:57Z,2026-06-03T09:38:46Z,709,9da0f039e75e1a8930130bb38906b19c906ec6d5
26875906797,PR – report impacted subfolders,pull_request,completed,success,2026-06-03T09:26:57Z,2026-06-03T09:39:06Z,729,9da0f039e75e1a8930130bb38906b19c906ec6d5
26875906892,ci-7-sql,pull_request,completed,success,2026-06-03T09:26:57Z,2026-06-03T09:40:11Z,794,9da0f039e75e1a8930130bb38906b19c906ec6d5
26875906580,ci-2-scikit-learn,pull_request,completed,success,2026-06-03T09:26:57Z,2026-06-03T09:41:54Z,897,9da0f039e75e1a8930130bb38906b19c906ec6d5
26875906801,ci-5-torch,pull_request,completed,success,2026-06-03T09:26:57Z,2026-06-03T09:42:47Z,950,9da0f039e75e1a8930130bb38906b19c906ec6d5
26875906627,ci-9-transformers,pull_request,completed,success,2026-06-03T09:26:57Z,2026-06-03T09:43:19Z,982,9da0f039e75e1a8930130bb38906b19c906ec6d5
26875906839,Documentation,pull_request,completed,success,2026-06-03T09:26:57Z,2026-06-03T09:43:52Z,1015,9da0f039e75e1a8930130bb38906b19c906ec6d5
26875906822,ci-4-torch,pull_request,completed,success,2026-06-03T09:26:57Z,2026-06-03T09:44:21Z,1044,9da0f039e75e1a8930130bb38906b19c906ec6d5
26875906725,ci-8-transformers,pull_request,completed,success,2026-06-03T09:26:57Z,2026-06-03T09:44:10Z,1033,9da0f039e75e1a8930130bb38906b19c906ec6d5
26875906645,ci-10-torch-op-db,pull_request,completed,success,2026-06-03T09:26:57Z,2026-06-03T09:46:03Z,1146,9da0f039e75e1a8930130bb38906b19c906ec6d5
26875906785,ci-3-tensorflow,pull_request,completed,success,2026-06-03T09:26:57Z,2026-06-03T09:47:04Z,1207,9da0f039e75e1a8930130bb38906b19c906ec6d5
26875766950,Addressing comment on PR #2278,dynamic,completed,success,2026-06-03T09:24:10Z,2026-06-03T09:27:21Z,191,1049a6cdf25502e8efb8a3bd50285880f3f38c1b
26875595552,ci-10-gallery-transformers,schedule,completed,success,2026-06-03T09:20:42Z,2026-06-03T09:22:42Z,120,60b3c62f2f84c4ce7c777a5406b4b5d427f2f139
26874536363,ci-6-litert,schedule,completed,success,2026-06-03T08:59:13Z,2026-06-03T09:10:51Z,698,60b3c62f2f84c4ce7c777a5406b4b5d427f2f139
26874421141,ci-9-transformers,schedule,completed,success,2026-06-03T08:56:53Z,2026-06-03T09:19:34Z,1361,60b3c62f2f84c4ce7c777a5406b4b5d427f2f139
26874253314,ci-2-scikit-learn,schedule,completed,success,2026-06-03T08:53:35Z,2026-06-03T09:12:55Z,1160,60b3c62f2f84c4ce7c777a5406b4b5d427f2f139
26873939001,ci-3-tensorflow,schedule,completed,success,2026-06-03T08:47:17Z,2026-06-03T09:01:29Z,852,60b3c62f2f84c4ce7c777a5406b4b5d427f2f139
26873878247,ci-7-sql,schedule,completed,success,2026-06-03T08:46:03Z,2026-06-03T08:50:53Z,290,60b3c62f2f84c4ce7c777a5406b4b5d427f2f139
26873836368,Style,pull_request,completed,success,2026-06-03T08:45:13Z,2026-06-03T08:56:32Z,679,1049a6cdf25502e8efb8a3bd50285880f3f38c1b
26873836333,Documentation,pull_request,completed,success,2026-06-03T08:45:13Z,2026-06-03T09:09:43Z,1470,1049a6cdf25502e8efb8a3bd50285880f3f38c1b
26873836304,ci-6-litert,pull_request,completed,success,2026-06-03T08:45:13Z,2026-06-03T09:20:59Z,2146,1049a6cdf25502e8efb8a3bd50285880f3f38c1b
26873836085,Pyrefly,pull_request,completed,success,2026-06-03T08:45:12Z,2026-06-03T08:48:07Z,175,1049a6cdf25502e8efb8a3bd50285880f3f38c1b
26873836114,Build,pull_request,completed,success,2026-06-03T08:45:12Z,2026-06-03T08:55:18Z,606,1049a6cdf25502e8efb8a3bd50285880f3f38c1b
26873836043,PR – report impacted subfolders,pull_request,completed,success,2026-06-03T08:45:12Z,2026-06-03T08:55:47Z,635,1049a6cdf25502e8efb8a3bd50285880f3f38c1b
26873836093,Spelling,pull_request,completed,success,2026-06-03T08:45:12Z,2026-06-03T09:00:22Z,910,1049a6cdf25502e8efb8a3bd50285880f3f38c1b
26873836179,ci-2-scikit-learn,pull_request,completed,success,2026-06-03T08:45:12Z,2026-06-03T09:02:46Z,1054,1049a6cdf25502e8efb8a3bd50285880f3f38c1b
26873836018,Mypy,pull_request,completed,success,2026-06-03T08:45:12Z,2026-06-03T09:02:09Z,1017,1049a6cdf25502e8efb8a3bd50285880f3f38c1b
26873836130,ci-8-transformers,pull_request,completed,success,2026-06-03T08:45:12Z,2026-06-03T09:08:30Z,1398,1049a6cdf25502e8efb8a3bd50285880f3f38c1b
26873836166,ci-7-sql,pull_request,completed,success,2026-06-03T08:45:12Z,2026-06-03T09:14:19Z,1747,1049a6cdf25502e8efb8a3bd50285880f3f38c1b
26873836263,ci-5-torch,pull_request,completed,success,2026-06-03T08:45:12Z,2026-06-03T09:16:22Z,1870,1049a6cdf25502e8efb8a3bd50285880f3f38c1b
26873836129,ci-1-core,pull_request,completed,success,2026-06-03T08:45:12Z,2026-06-03T09:18:15Z,1983,1049a6cdf25502e8efb8a3bd50285880f3f38c1b
26873835980,ci-10-torch-op-db,pull_request,completed,success,2026-06-03T08:45:12Z,2026-06-03T09:18:46Z,2014,1049a6cdf25502e8efb8a3bd50285880f3f38c1b
26873836006,ci-4-torch,pull_request,completed,success,2026-06-03T08:45:12Z,2026-06-03T09:19:52Z,2080,1049a6cdf25502e8efb8a3bd50285880f3f38c1b
26873836187,ci-3-tensorflow,pull_request,completed,success,2026-06-03T08:45:12Z,2026-06-03T09:23:31Z,2299,1049a6cdf25502e8efb8a3bd50285880f3f38c1b
26873836035,ci-9-transformers,pull_request,completed,success,2026-06-03T08:45:12Z,2026-06-03T09:26:10Z,2458,1049a6cdf25502e8efb8a3bd50285880f3f38c1b
26897311717,ci-5-torch,push,completed,success,2026-06-03T16:07:39Z,2026-06-03T16:32:09Z,1470,177741a7e3e1ac9c715eed7f3a35cd7173fee252
26897310206,ci-3-tensorflow,push,completed,success,2026-06-03T16:07:38Z,2026-06-03T16:22:01Z,863,177741a7e3e1ac9c715eed7f3a35cd7173fee252
26897310159,ci-7-sql,push,completed,success,2026-06-03T16:07:38Z,2026-06-03T16:16:53Z,555,177741a7e3e1ac9c715eed7f3a35cd7173fee252
26897310734,ci-4-torch,push,completed,success,2026-06-03T16:07:38Z,2026-06-03T16:28:56Z,1278,177741a7e3e1ac9c715eed7f3a35cd7173fee252
26897310189,ci-6-litert,push,completed,success,2026-06-03T16:07:38Z,2026-06-03T16:09:26Z,108,177741a7e3e1ac9c715eed7f3a35cd7173fee252
26897309804,ci-9-transformers,push,completed,success,2026-06-03T16:07:37Z,2026-06-03T16:22:09Z,872,177741a7e3e1ac9c715eed7f3a35cd7173fee252
26897309769,ci-8-transformers,push,completed,success,2026-06-03T16:07:37Z,2026-06-03T16:24:17Z,1000,177741a7e3e1ac9c715eed7f3a35cd7173fee252
26897309915,Style,push,completed,success,2026-06-03T16:07:37Z,2026-06-03T16:10:57Z,200,177741a7e3e1ac9c715eed7f3a35cd7173fee252
26897309978,ci-2-scikit-learn,push,completed,success,2026-06-03T16:07:37Z,2026-06-03T16:13:55Z,378,177741a7e3e1ac9c715eed7f3a35cd7173fee252
26897310037,Mypy,push,completed,success,2026-06-03T16:07:37Z,2026-06-03T16:13:57Z,380,177741a7e3e1ac9c715eed7f3a35cd7173fee252
26897309998,Build,push,completed,success,2026-06-03T16:07:37Z,2026-06-03T16:14:09Z,392,177741a7e3e1ac9c715eed7f3a35cd7173fee252
26897309971,Spelling,push,completed,success,2026-06-03T16:07:37Z,2026-06-03T16:14:22Z,405,177741a7e3e1ac9c715eed7f3a35cd7173fee252
26897310013,ci-1-core,push,completed,success,2026-06-03T16:07:37Z,2026-06-03T16:18:52Z,675,177741a7e3e1ac9c715eed7f3a35cd7173fee252
26897309986,Pyrefly,push,completed,success,2026-06-03T16:07:37Z,2026-06-03T16:10:54Z,197,177741a7e3e1ac9c715eed7f3a35cd7173fee252
26897308971,ci-10-torch-op-db,push,completed,success,2026-06-03T16:07:36Z,2026-06-03T16:26:26Z,1130,177741a7e3e1ac9c715eed7f3a35cd7173fee252
26897298096,ci-5-torch,pull_request,completed,success,2026-06-03T16:07:24Z,2026-06-03T16:28:02Z,1238,425deb02cb24786c6cd0b7cc4f27125984a0da29
26897297919,ci-8-transformers,pull_request,completed,success,2026-06-03T16:07:24Z,2026-06-03T16:16:22Z,538,425deb02cb24786c6cd0b7cc4f27125984a0da29
26897298018,ci-6-litert,pull_request,completed,success,2026-06-03T16:07:24Z,2026-06-03T16:18:54Z,690,425deb02cb24786c6cd0b7cc4f27125984a0da29
26897298043,ci-3-tensorflow,pull_request,completed,success,2026-06-03T16:07:24Z,2026-06-03T16:18:53Z,689,425deb02cb24786c6cd0b7cc4f27125984a0da29
26897297798,ci-2-scikit-learn,pull_request,completed,success,2026-06-03T16:07:23Z,2026-06-03T16:23:04Z,941,425deb02cb24786c6cd0b7cc4f27125984a0da29
26897297205,ci-10-torch-op-db,pull_request,completed,success,2026-06-03T16:07:23Z,2026-06-03T16:24:47Z,1044,425deb02cb24786c6cd0b7cc4f27125984a0da29
26897297483,ci-9-transformers,pull_request,completed,success,2026-06-03T16:07:23Z,2026-06-03T16:25:55Z,1112,425deb02cb24786c6cd0b7cc4f27125984a0da29
26897297486,ci-4-torch,pull_request,completed,success,2026-06-03T16:07:23Z,2026-06-03T16:27:20Z,1197,425deb02cb24786c6cd0b7cc4f27125984a0da29
26897297283,ci-1-core,pull_request,completed,success,2026-06-03T16:07:23Z,2026-06-03T16:12:08Z,285,425deb02cb24786c6cd0b7cc4f27125984a0da29
26897297810,ci-7-sql,pull_request,completed,success,2026-06-03T16:07:23Z,2026-06-03T16:17:41Z,618,425deb02cb24786c6cd0b7cc4f27125984a0da29
26897297213,Style,pull_request,completed,success,2026-06-03T16:07:23Z,2026-06-03T16:07:34Z,11,425deb02cb24786c6cd0b7cc4f27125984a0da29
26897297252,Spelling,pull_request,completed,success,2026-06-03T16:07:23Z,2026-06-03T16:07:34Z,11,425deb02cb24786c6cd0b7cc4f27125984a0da29
26897297242,Build,pull_request,completed,success,2026-06-03T16:07:23Z,2026-06-03T16:07:45Z,22,425deb02cb24786c6cd0b7cc4f27125984a0da29
26897297191,PR – report impacted subfolders,pull_request,completed,success,2026-06-03T16:07:23Z,2026-06-03T16:07:37Z,14,425deb02cb24786c6cd0b7cc4f27125984a0da29
26897297423,Pyrefly,pull_request,completed,success,2026-06-03T16:07:23Z,2026-06-03T16:09:22Z,119,425deb02cb24786c6cd0b7cc4f27125984a0da29
26897297599,Mypy,pull_request,completed,success,2026-06-03T16:07:23Z,2026-06-03T16:10:47Z,204,425deb02cb24786c6cd0b7cc4f27125984a0da29
26889571322,ci-5-torch,push,completed,success,2026-06-03T13:56:42Z,2026-06-03T14:12:35Z,953,085b9cde43fb2883ef7eafadc98372f84b08d9ee
26889570542,ci-6-litert,push,completed,success,2026-06-03T13:56:41Z,2026-06-03T13:58:59Z,138,085b9cde43fb2883ef7eafadc98372f84b08d9ee
26889570678,Mypy,push,completed,success,2026-06-03T13:56:41Z,2026-06-03T13:59:43Z,182,085b9cde43fb2883ef7eafadc98372f84b08d9ee
26889570300,ci-1-core,push,completed,success,2026-06-03T13:56:41Z,2026-06-03T14:00:40Z,239,085b9cde43fb2883ef7eafadc98372f84b08d9ee
26889570483,ci-2-scikit-learn,push,completed,success,2026-06-03T13:56:41Z,2026-06-03T14:03:02Z,381,085b9cde43fb2883ef7eafadc98372f84b08d9ee
26889570809,ci-3-tensorflow,push,completed,success,2026-06-03T13:56:41Z,2026-06-03T14:05:02Z,501,085b9cde43fb2883ef7eafadc98372f84b08d9ee
26889570518,ci-9-transformers,push,completed,success,2026-06-03T13:56:41Z,2026-06-03T14:05:09Z,508,085b9cde43fb2883ef7eafadc98372f84b08d9ee
26889570575,ci-4-torch,push,completed,success,2026-06-03T13:56:41Z,2026-06-03T14:05:28Z,527,085b9cde43fb2883ef7eafadc98372f84b08d9ee
26889570702,ci-8-transformers,push,completed,success,2026-06-03T13:56:41Z,2026-06-03T14:06:18Z,577,085b9cde43fb2883ef7eafadc98372f84b08d9ee
26889570391,Spelling,push,completed,success,2026-06-03T13:56:41Z,2026-06-03T13:56:53Z,12,085b9cde43fb2883ef7eafadc98372f84b08d9ee
26889570245,Build,push,completed,success,2026-06-03T13:56:41Z,2026-06-03T13:57:00Z,19,085b9cde43fb2883ef7eafadc98372f84b08d9ee
26889570252,Style,push,completed,success,2026-06-03T13:56:41Z,2026-06-03T13:56:55Z,14,085b9cde43fb2883ef7eafadc98372f84b08d9ee
26889570631,ci-7-sql,push,completed,success,2026-06-03T13:56:41Z,2026-06-03T13:57:56Z,75,085b9cde43fb2883ef7eafadc98372f84b08d9ee
26889570264,Pyrefly,push,completed,success,2026-06-03T13:56:41Z,2026-06-03T13:58:34Z,113,085b9cde43fb2883ef7eafadc98372f84b08d9ee
26889570584,ci-10-torch-op-db,push,completed,success,2026-06-03T13:56:41Z,2026-06-03T14:13:55Z,1034,085b9cde43fb2883ef7eafadc98372f84b08d9ee
26887323056,Spelling,pull_request,completed,success,2026-06-03T13:17:19Z,2026-06-03T13:39:13Z,1314,3fad490a0d9d46bc1ebec88b815cbcc969aba051
26887323308,Style,pull_request,completed,success,2026-06-03T13:17:19Z,2026-06-03T13:39:18Z,1319,3fad490a0d9d46bc1ebec88b815cbcc969aba051
26887323513,PR – report impacted subfolders,pull_request,completed,success,2026-06-03T13:17:19Z,2026-06-03T13:39:15Z,1316,3fad490a0d9d46bc1ebec88b815cbcc969aba051
26887322875,Build,pull_request,completed,success,2026-06-03T13:17:19Z,2026-06-03T13:39:20Z,1321,3fad490a0d9d46bc1ebec88b815cbcc969aba051
26887323230,ci-7-sql,pull_request,completed,success,2026-06-03T13:17:19Z,2026-06-03T13:40:34Z,1395,3fad490a0d9d46bc1ebec88b815cbcc969aba051
26887322878,Pyrefly,pull_request,completed,success,2026-06-03T13:17:19Z,2026-06-03T13:40:57Z,1418,3fad490a0d9d46bc1ebec88b815cbcc969aba051
26887323469,ci-6-litert,pull_request,completed,success,2026-06-03T13:17:19Z,2026-06-03T13:42:11Z,1492,3fad490a0d9d46bc1ebec88b815cbcc969aba051
26887323098,Mypy,pull_request,completed,success,2026-06-03T13:17:19Z,2026-06-03T13:42:05Z,1486,3fad490a0d9d46bc1ebec88b815cbcc969aba051
26887323036,ci-2-scikit-learn,pull_request,completed,success,2026-06-03T13:17:19Z,2026-06-03T13:43:37Z,1578,3fad490a0d9d46bc1ebec88b815cbcc969aba051
26887322883,ci-1-core,pull_request,completed,success,2026-06-03T13:17:19Z,2026-06-03T13:43:36Z,1577,3fad490a0d9d46bc1ebec88b815cbcc969aba051
26887323239,ci-8-transformers,pull_request,completed,success,2026-06-03T13:17:19Z,2026-06-03T13:45:11Z,1672,3fad490a0d9d46bc1ebec88b815cbcc969aba051
26887323061,ci-5-torch,pull_request,completed,success,2026-06-03T13:17:19Z,2026-06-03T13:53:42Z,2183,3fad490a0d9d46bc1ebec88b815cbcc969aba051
26887322841,ci-3-tensorflow,pull_request,completed,success,2026-06-03T13:17:19Z,2026-06-03T13:46:25Z,1746,3fad490a0d9d46bc1ebec88b815cbcc969aba051
26887323046,ci-9-transformers,pull_request,completed,success,2026-06-03T13:17:19Z,2026-06-03T13:46:08Z,1729,3fad490a0d9d46bc1ebec88b815cbcc969aba051
26887322952,ci-4-torch,pull_request,completed,success,2026-06-03T13:17:19Z,2026-06-03T13:47:56Z,1837,3fad490a0d9d46bc1ebec88b815cbcc969aba051
26887322895,ci-10-torch-op-db,pull_request,completed,success,2026-06-03T13:17:19Z,2026-06-03T13:57:15Z,2396,3fad490a0d9d46bc1ebec88b815cbcc969aba051
26887209718,Addressing comment on PR #2281,dynamic,completed,success,2026-06-03T13:15:13Z,2026-06-03T13:18:00Z,167,2c6cc44f62faee6edcf661c43941cbb7bb7b255c
26940979826,ci-10-gallery-transformers,schedule,completed,success,2026-06-04T08:42:48Z,2026-06-04T08:44:57Z,129,177741a7e3e1ac9c715eed7f3a35cd7173fee252
26940046133,ci-6-litert,schedule,completed,success,2026-06-04T08:23:47Z,2026-06-04T08:26:03Z,136,177741a7e3e1ac9c715eed7f3a35cd7173fee252
26939961886,ci-9-transformers,schedule,completed,success,2026-06-04T08:22:02Z,2026-06-04T08:41:24Z,1162,177741a7e3e1ac9c715eed7f3a35cd7173fee252
26939807099,ci-2-scikit-learn,schedule,completed,success,2026-06-04T08:18:46Z,2026-06-04T08:31:47Z,781,177741a7e3e1ac9c715eed7f3a35cd7173fee252
26939499873,ci-3-tensorflow,schedule,completed,success,2026-06-04T08:12:13Z,2026-06-04T08:38:11Z,1558,177741a7e3e1ac9c715eed7f3a35cd7173fee252
26939450690,ci-7-sql,schedule,completed,success,2026-06-04T08:11:11Z,2026-06-04T08:27:27Z,976,177741a7e3e1ac9c715eed7f3a35cd7173fee252
26936840553,ci-8-transformers,schedule,completed,success,2026-06-04T07:14:18Z,2026-06-04T07:30:03Z,945,177741a7e3e1ac9c715eed7f3a35cd7173fee252
27000433975,ci-8-transformers,schedule,completed,success,2026-06-05T06:57:08Z,2026-06-05T07:03:25Z,377,177741a7e3e1ac9c715eed7f3a35cd7173fee252
27056460435,ci-10-gallery-transformers,schedule,completed,success,2026-06-06T07:39:53Z,2026-06-06T07:41:50Z,117,177741a7e3e1ac9c715eed7f3a35cd7173fee252
27056050546,ci-6-litert,schedule,completed,success,2026-06-06T07:20:04Z,2026-06-06T07:21:06Z,62,177741a7e3e1ac9c715eed7f3a35cd7173fee252
27055522984,ci-9-transformers,schedule,completed,success,2026-06-06T06:54:43Z,2026-06-06T07:02:45Z,482,177741a7e3e1ac9c715eed7f3a35cd7173fee252
27055445395,ci-2-scikit-learn,schedule,completed,success,2026-06-06T06:50:43Z,2026-06-06T06:55:01Z,258,177741a7e3e1ac9c715eed7f3a35cd7173fee252
27055368253,ci-3-tensorflow,schedule,completed,success,2026-06-06T06:46:40Z,2026-06-06T06:52:01Z,321,177741a7e3e1ac9c715eed7f3a35cd7173fee252
27055346718,ci-7-sql,schedule,completed,success,2026-06-06T06:45:32Z,2026-06-06T06:46:49Z,77,177741a7e3e1ac9c715eed7f3a35cd7173fee252
27054850219,ci-8-transformers,schedule,completed,success,2026-06-06T06:20:49Z,2026-06-06T06:25:06Z,257,177741a7e3e1ac9c715eed7f3a35cd7173fee252
27004735635,ci-10-gallery-transformers,schedule,completed,success,2026-06-05T08:38:01Z,2026-06-05T08:43:21Z,320,177741a7e3e1ac9c715eed7f3a35cd7173fee252
27003585845,ci-6-litert,schedule,completed,success,2026-06-05T08:11:56Z,2026-06-05T08:40:47Z,1731,177741a7e3e1ac9c715eed7f3a35cd7173fee252
27003472857,ci-9-transformers,schedule,completed,success,2026-06-05T08:09:19Z,2026-06-05T08:42:03Z,1964,177741a7e3e1ac9c715eed7f3a35cd7173fee252
27003259544,ci-2-scikit-learn,schedule,completed,success,2026-06-05T08:04:31Z,2026-06-05T08:43:10Z,2319,177741a7e3e1ac9c715eed7f3a35cd7173fee252
27003026819,ci-3-tensorflow,schedule,completed,success,2026-06-05T07:59:18Z,2026-06-05T08:45:41Z,2783,177741a7e3e1ac9c715eed7f3a35cd7173fee252
27002975288,ci-7-sql,schedule,completed,success,2026-06-05T07:58:07Z,2026-06-05T08:40:11Z,2524,177741a7e3e1ac9c715eed7f3a35cd7173fee252
27086520876,ci-3-tensorflow,schedule,completed,success,2026-06-07T07:47:15Z,2026-06-07T07:52:17Z,302,177741a7e3e1ac9c715eed7f3a35cd7173fee252
27086495600,ci-7-sql,schedule,completed,success,2026-06-07T07:45:57Z,2026-06-07T07:47:18Z,81,177741a7e3e1ac9c715eed7f3a35cd7173fee252
27085516316,ci-8-transformers,schedule,completed,success,2026-06-07T06:58:15Z,2026-06-07T07:04:25Z,370,177741a7e3e1ac9c715eed7f3a35cd7173fee252
27087156886,ci-10-gallery-transformers,schedule,completed,success,2026-06-07T08:18:01Z,2026-06-07T08:20:01Z,120,177741a7e3e1ac9c715eed7f3a35cd7173fee252
27086742452,ci-6-litert,schedule,completed,success,2026-06-07T07:58:11Z,2026-06-07T07:59:22Z,71,177741a7e3e1ac9c715eed7f3a35cd7173fee252
27086704458,ci-9-transformers,schedule,completed,success,2026-06-07T07:56:16Z,2026-06-07T08:04:06Z,470,177741a7e3e1ac9c715eed7f3a35cd7173fee252
27086636109,ci-2-scikit-learn,schedule,completed,success,2026-06-07T07:52:50Z,2026-06-07T07:57:03Z,253,177741a7e3e1ac9c715eed7f3a35cd7173fee252
27126857857,ci-6-litert,schedule,completed,success,2026-06-08T08:58:58Z,2026-06-08T09:00:32Z,94,177741a7e3e1ac9c715eed7f3a35cd7173fee252
27126553566,ci-2-scikit-learn,schedule,completed,success,2026-06-08T08:52:58Z,2026-06-08T09:05:55Z,777,177741a7e3e1ac9c715eed7f3a35cd7173fee252
27126186995,ci-3-tensorflow,schedule,completed,success,2026-06-08T08:45:36Z,2026-06-08T08:51:00Z,324,177741a7e3e1ac9c715eed7f3a35cd7173fee252
27126098766,ci-7-sql,schedule,completed,success,2026-06-08T08:43:54Z,2026-06-08T08:45:11Z,77,177741a7e3e1ac9c715eed7f3a35cd7173fee252
27122244145,ci-8-transformers,schedule,completed,success,2026-06-08T07:22:31Z,2026-06-08T07:29:58Z,447,177741a7e3e1ac9c715eed7f3a35cd7173fee252
27127820291,ci-10-gallery-transformers,schedule,completed,success,2026-06-08T09:17:19Z,2026-06-08T09:19:11Z,112,177741a7e3e1ac9c715eed7f3a35cd7173fee252
27188612481,ci-8-transformers,schedule,completed,success,2026-06-09T06:39:16Z,2026-06-09T06:45:43Z,387,177741a7e3e1ac9c715eed7f3a35cd7173fee252
27193631076,ci-10-gallery-transformers,schedule,completed,success,2026-06-09T08:25:44Z,2026-06-09T08:27:52Z,128,177741a7e3e1ac9c715eed7f3a35cd7173fee252
27192142803,ci-6-litert,schedule,completed,success,2026-06-09T07:56:12Z,2026-06-09T07:57:23Z,71,177741a7e3e1ac9c715eed7f3a35cd7173fee252
27191961393,ci-9-transformers,schedule,completed,success,2026-06-09T07:52:25Z,2026-06-09T08:00:13Z,468,177741a7e3e1ac9c715eed7f3a35cd7173fee252
27191556465,ci-2-scikit-learn,schedule,completed,success,2026-06-09T07:43:53Z,2026-06-09T07:50:46Z,413,177741a7e3e1ac9c715eed7f3a35cd7173fee252
27191244958,ci-3-tensorflow,schedule,completed,success,2026-06-09T07:37:11Z,2026-06-09T07:42:44Z,333,177741a7e3e1ac9c715eed7f3a35cd7173fee252
27191206881,ci-7-sql,schedule,completed,success,2026-06-09T07:36:21Z,2026-06-09T07:37:41Z,80,177741a7e3e1ac9c715eed7f3a35cd7173fee252
27264278810,ci-10-gallery-transformers,schedule,completed,success,2026-06-10T08:42:28Z,2026-06-10T08:44:44Z,136,177741a7e3e1ac9c715eed7f3a35cd7173fee252
27262669704,ci-6-litert,schedule,completed,success,2026-06-10T08:12:21Z,2026-06-10T08:13:30Z,69,177741a7e3e1ac9c715eed7f3a35cd7173fee252
27262540384,ci-9-transformers,schedule,completed,success,2026-06-10T08:09:53Z,2026-06-10T08:17:36Z,463,177741a7e3e1ac9c715eed7f3a35cd7173fee252
27262305231,ci-2-scikit-learn,schedule,completed,success,2026-06-10T08:05:28Z,2026-06-10T08:10:20Z,292,177741a7e3e1ac9c715eed7f3a35cd7173fee252
27262000474,ci-3-tensorflow,schedule,completed,success,2026-06-10T07:59:45Z,2026-06-10T08:09:32Z,587,177741a7e3e1ac9c715eed7f3a35cd7173fee252
27261955046,ci-7-sql,schedule,completed,success,2026-06-10T07:58:49Z,2026-06-10T08:00:12Z,83,177741a7e3e1ac9c715eed7f3a35cd7173fee252
27259009415,ci-8-transformers,schedule,completed,success,2026-06-10T06:58:08Z,2026-06-10T07:04:56Z,408,177741a7e3e1ac9c715eed7f3a35cd7173fee252
27336186384,ci-10-gallery-transformers,schedule,completed,success,2026-06-11T09:06:56Z,2026-06-11T09:08:51Z,115,177741a7e3e1ac9c715eed7f3a35cd7173fee252
27335279531,ci-6-litert,schedule,completed,success,2026-06-11T08:50:12Z,2026-06-11T08:55:51Z,339,177741a7e3e1ac9c715eed7f3a35cd7173fee252
27335160293,ci-9-transformers,schedule,completed,success,2026-06-11T08:47:57Z,2026-06-11T09:00:48Z,771,177741a7e3e1ac9c715eed7f3a35cd7173fee252
27334964814,ci-2-scikit-learn,schedule,completed,success,2026-06-11T08:44:14Z,2026-06-11T08:56:05Z,711,177741a7e3e1ac9c715eed7f3a35cd7173fee252
27334094339,ci-3-tensorflow,schedule,completed,success,2026-06-11T08:27:44Z,2026-06-11T08:33:21Z,337,177741a7e3e1ac9c715eed7f3a35cd7173fee252
27334065402,ci-7-sql,schedule,completed,success,2026-06-11T08:27:11Z,2026-06-11T08:28:32Z,81,177741a7e3e1ac9c715eed7f3a35cd7173fee252
27330728341,ci-8-transformers,schedule,completed,success,2026-06-11T07:21:32Z,2026-06-11T07:27:55Z,383,177741a7e3e1ac9c715eed7f3a35cd7173fee252
27405430123,ci-10-gallery-transformers,schedule,completed,success,2026-06-12T08:53:10Z,2026-06-12T08:55:10Z,120,177741a7e3e1ac9c715eed7f3a35cd7173fee252
27404663932,ci-6-litert,schedule,completed,success,2026-06-12T08:37:31Z,2026-06-12T08:40:29Z,178,177741a7e3e1ac9c715eed7f3a35cd7173fee252
27404146149,ci-9-transformers,schedule,completed,success,2026-06-12T08:26:53Z,2026-06-12T08:34:32Z,459,177741a7e3e1ac9c715eed7f3a35cd7173fee252
27403968210,ci-2-scikit-learn,schedule,completed,success,2026-06-12T08:23:11Z,2026-06-12T08:27:34Z,263,177741a7e3e1ac9c715eed7f3a35cd7173fee252
27403657369,ci-3-tensorflow,schedule,completed,success,2026-06-12T08:16:20Z,2026-06-12T08:21:48Z,328,177741a7e3e1ac9c715eed7f3a35cd7173fee252
27403586187,ci-7-sql,schedule,completed,success,2026-06-12T08:14:51Z,2026-06-12T08:16:12Z,81,177741a7e3e1ac9c715eed7f3a35cd7173fee252
27400678610,ci-8-transformers,schedule,completed,success,2026-06-12T07:12:18Z,2026-06-12T07:18:58Z,400,177741a7e3e1ac9c715eed7f3a35cd7173fee252
27461391328,ci-10-gallery-transformers,schedule,completed,success,2026-06-13T08:15:55Z,2026-06-13T08:18:08Z,133,177741a7e3e1ac9c715eed7f3a35cd7173fee252
27460887031,ci-6-litert,schedule,completed,success,2026-06-13T07:52:28Z,2026-06-13T08:00:21Z,473,177741a7e3e1ac9c715eed7f3a35cd7173fee252
27460843469,ci-9-transformers,schedule,completed,success,2026-06-13T07:50:27Z,2026-06-13T08:05:12Z,885,177741a7e3e1ac9c715eed7f3a35cd7173fee252
27460698537,ci-2-scikit-learn,schedule,completed,success,2026-06-13T07:43:52Z,2026-06-13T07:48:13Z,261,177741a7e3e1ac9c715eed7f3a35cd7173fee252
27460598610,ci-3-tensorflow,schedule,completed,success,2026-06-13T07:39:07Z,2026-06-13T07:44:31Z,324,177741a7e3e1ac9c715eed7f3a35cd7173fee252
27460591669,ci-7-sql,schedule,completed,success,2026-06-13T07:38:46Z,2026-06-13T07:40:15Z,89,177741a7e3e1ac9c715eed7f3a35cd7173fee252
27459485328,ci-8-transformers,schedule,completed,success,2026-06-13T06:47:17Z,2026-06-13T06:53:59Z,402,177741a7e3e1ac9c715eed7f3a35cd7173fee252
27493432624,ci-10-gallery-transformers,schedule,completed,success,2026-06-14T08:36:15Z,2026-06-14T08:38:17Z,122,177741a7e3e1ac9c715eed7f3a35cd7173fee252
27493037001,ci-6-litert,schedule,completed,success,2026-06-14T08:18:51Z,2026-06-14T08:24:06Z,315,177741a7e3e1ac9c715eed7f3a35cd7173fee252
27493001557,ci-9-transformers,schedule,completed,success,2026-06-14T08:17:07Z,2026-06-14T08:36:30Z,1163,177741a7e3e1ac9c715eed7f3a35cd7173fee252
27492938640,ci-2-scikit-learn,schedule,completed,success,2026-06-14T08:14:15Z,2026-06-14T08:30:34Z,979,177741a7e3e1ac9c715eed7f3a35cd7173fee252
27492808804,ci-3-tensorflow,schedule,completed,success,2026-06-14T08:08:35Z,2026-06-14T08:16:44Z,489,177741a7e3e1ac9c715eed7f3a35cd7173fee252
27492781577,ci-7-sql,schedule,completed,success,2026-06-14T08:07:17Z,2026-06-14T08:10:37Z,200,177741a7e3e1ac9c715eed7f3a35cd7173fee252
27491648059,ci-8-transformers,schedule,completed,success,2026-06-14T07:15:27Z,2026-06-14T07:22:13Z,406,177741a7e3e1ac9c715eed7f3a35cd7173fee252
27540119015,ci-6-litert,schedule,completed,success,2026-06-15T10:28:57Z,2026-06-15T10:30:06Z,69,177741a7e3e1ac9c715eed7f3a35cd7173fee252
27539954627,ci-9-transformers,schedule,completed,success,2026-06-15T10:25:29Z,2026-06-15T10:33:07Z,458,177741a7e3e1ac9c715eed7f3a35cd7173fee252
27539743461,ci-2-scikit-learn,schedule,completed,success,2026-06-15T10:21:19Z,2026-06-15T10:26:53Z,334,177741a7e3e1ac9c715eed7f3a35cd7173fee252
27538173116,ci-3-tensorflow,schedule,completed,success,2026-06-15T09:51:56Z,2026-06-15T09:57:28Z,332,177741a7e3e1ac9c715eed7f3a35cd7173fee252
27538106937,ci-7-sql,schedule,completed,success,2026-06-15T09:50:41Z,2026-06-15T09:52:04Z,83,177741a7e3e1ac9c715eed7f3a35cd7173fee252
27534754903,ci-8-transformers,schedule,completed,success,2026-06-15T08:47:07Z,2026-06-15T08:54:00Z,413,177741a7e3e1ac9c715eed7f3a35cd7173fee252
27679130823,ci-10-gallery-transformers,schedule,completed,success,2026-06-17T09:25:11Z,2026-06-17T09:27:39Z,148,177741a7e3e1ac9c715eed7f3a35cd7173fee252
27678087879,ci-6-litert,schedule,completed,success,2026-06-17T09:06:02Z,2026-06-17T09:13:02Z,420,177741a7e3e1ac9c715eed7f3a35cd7173fee252
27677963351,ci-9-transformers,schedule,completed,success,2026-06-17T09:03:47Z,2026-06-17T09:17:37Z,830,177741a7e3e1ac9c715eed7f3a35cd7173fee252
27677809659,ci-2-scikit-learn,schedule,completed,success,2026-06-17T09:00:59Z,2026-06-17T09:14:54Z,835,177741a7e3e1ac9c715eed7f3a35cd7173fee252
27677396161,ci-3-tensorflow,schedule,completed,failure,2026-06-17T08:53:32Z,2026-06-17T09:01:49Z,497,177741a7e3e1ac9c715eed7f3a35cd7173fee252
27677353569,ci-7-sql,schedule,completed,success,2026-06-17T08:52:45Z,2026-06-17T08:57:13Z,268,177741a7e3e1ac9c715eed7f3a35cd7173fee252
27675659311,ci-8-transformers,schedule,completed,success,2026-06-17T08:20:58Z,2026-06-17T08:27:38Z,400,177741a7e3e1ac9c715eed7f3a35cd7173fee252
27669019109,PR – report impacted subfolders,pull_request,completed,success,2026-06-17T05:58:22Z,2026-06-17T07:39:27Z,6065,35142816da4f6b253a7641abae035caa5c45bdc0
27669011410,Build,pull_request,completed,success,2026-06-17T05:58:10Z,2026-06-17T07:39:14Z,6064,35142816da4f6b253a7641abae035caa5c45bdc0
27669011461,PR – report impacted subfolders,pull_request,completed,cancelled,2026-06-17T05:58:10Z,2026-06-17T07:38:57Z,6047,35142816da4f6b253a7641abae035caa5c45bdc0
27669011437,Style,pull_request,completed,success,2026-06-17T05:58:10Z,2026-06-17T07:39:59Z,6109,35142816da4f6b253a7641abae035caa5c45bdc0
27669011490,ci-9-transformers,pull_request,completed,success,2026-06-17T05:58:10Z,2026-06-17T08:02:49Z,7479,35142816da4f6b253a7641abae035caa5c45bdc0
27669011519,ci-4-torch,pull_request,completed,failure,2026-06-17T05:58:10Z,2026-06-17T08:04:25Z,7575,35142816da4f6b253a7641abae035caa5c45bdc0
27669011473,ci-6-litert,pull_request,completed,success,2026-06-17T05:58:10Z,2026-06-17T07:54:48Z,6998,35142816da4f6b253a7641abae035caa5c45bdc0
27669011427,ci-10-torch-op-db,pull_request,completed,success,2026-06-17T05:58:10Z,2026-06-17T07:56:14Z,7084,35142816da4f6b253a7641abae035caa5c45bdc0
27669011514,ci-5-torch,pull_request,completed,failure,2026-06-17T05:58:10Z,2026-06-17T08:06:33Z,7703,35142816da4f6b253a7641abae035caa5c45bdc0
27669011423,Mypy,pull_request,completed,success,2026-06-17T05:58:10Z,2026-06-17T07:41:54Z,6224,35142816da4f6b253a7641abae035caa5c45bdc0
27669011459,Spelling,pull_request,completed,success,2026-06-17T05:58:10Z,2026-06-17T07:42:11Z,6241,35142816da4f6b253a7641abae035caa5c45bdc0
27669011438,Pyrefly,pull_request,completed,success,2026-06-17T05:58:10Z,2026-06-17T07:44:00Z,6350,35142816da4f6b253a7641abae035caa5c45bdc0
27669011433,ci-1-core,pull_request,completed,failure,2026-06-17T05:58:10Z,2026-06-17T07:48:04Z,6594,35142816da4f6b253a7641abae035caa5c45bdc0
27669011487,ci-8-transformers,pull_request,completed,success,2026-06-17T05:58:10Z,2026-06-17T07:49:02Z,6652,35142816da4f6b253a7641abae035caa5c45bdc0
27669011508,ci-7-sql,pull_request,completed,success,2026-06-17T05:58:10Z,2026-06-17T07:50:35Z,6745,35142816da4f6b253a7641abae035caa5c45bdc0
27669011416,ci-2-scikit-learn,pull_request,completed,success,2026-06-17T05:58:10Z,2026-06-17T07:51:30Z,6800,35142816da4f6b253a7641abae035caa5c45bdc0
27669011499,ci-3-tensorflow,pull_request,completed,failure,2026-06-17T05:58:10Z,2026-06-17T07:52:58Z,6888,35142816da4f6b253a7641abae035caa5c45bdc0
27669011389,PR – report impacted subfolders,pull_request,completed,cancelled,2026-06-17T05:58:09Z,2026-06-17T07:38:56Z,6047,35142816da4f6b253a7641abae035caa5c45bdc0
27668966923,ci-5-torch,pull_request,completed,action_required,2026-06-17T05:56:59Z,2026-06-17T05:56:59Z,0,8d9a71a47c070772d18383d25e448e7929fc0301
27668966932,ci-7-sql,pull_request,completed,action_required,2026-06-17T05:56:59Z,2026-06-17T05:56:59Z,0,8d9a71a47c070772d18383d25e448e7929fc0301
27668966939,ci-4-torch,pull_request,completed,action_required,2026-06-17T05:56:59Z,2026-06-17T05:56:59Z,0,8d9a71a47c070772d18383d25e448e7929fc0301
27668966942,ci-9-transformers,pull_request,completed,action_required,2026-06-17T05:56:59Z,2026-06-17T05:56:59Z,0,8d9a71a47c070772d18383d25e448e7929fc0301
27668966955,ci-3-tensorflow,pull_request,completed,action_required,2026-06-17T05:56:59Z,2026-06-17T05:56:59Z,0,8d9a71a47c070772d18383d25e448e7929fc0301
27668966973,ci-6-litert,pull_request,completed,action_required,2026-06-17T05:56:59Z,2026-06-17T05:56:59Z,0,8d9a71a47c070772d18383d25e448e7929fc0301
27668966981,ci-8-transformers,pull_request,completed,action_required,2026-06-17T05:56:59Z,2026-06-17T05:56:59Z,0,8d9a71a47c070772d18383d25e448e7929fc0301
27668966798,Mypy,pull_request,completed,action_required,2026-06-17T05:56:58Z,2026-06-17T05:56:58Z,0,8d9a71a47c070772d18383d25e448e7929fc0301
27668966799,ci-1-core,pull_request,completed,action_required,2026-06-17T05:56:58Z,2026-06-17T05:56:58Z,0,8d9a71a47c070772d18383d25e448e7929fc0301
27668966809,Pyrefly,pull_request,completed,action_required,2026-06-17T05:56:58Z,2026-06-17T05:56:58Z,0,8d9a71a47c070772d18383d25e448e7929fc0301
27668966792,Style,pull_request,completed,action_required,2026-06-17T05:56:58Z,2026-06-17T05:56:58Z,0,8d9a71a47c070772d18383d25e448e7929fc0301
27668966810,Spelling,pull_request,completed,action_required,2026-06-17T05:56:58Z,2026-06-17T05:56:58Z,0,8d9a71a47c070772d18383d25e448e7929fc0301
27668966818,ci-10-torch-op-db,pull_request,completed,action_required,2026-06-17T05:56:58Z,2026-06-17T05:56:58Z,0,8d9a71a47c070772d18383d25e448e7929fc0301
27668966814,ci-2-scikit-learn,pull_request,completed,action_required,2026-06-17T05:56:58Z,2026-06-17T05:56:58Z,0,8d9a71a47c070772d18383d25e448e7929fc0301
27668966797,Build,pull_request,completed,action_required,2026-06-17T05:56:58Z,2026-06-17T05:56:58Z,0,8d9a71a47c070772d18383d25e448e7929fc0301
27668966819,PR – report impacted subfolders,pull_request,completed,action_required,2026-06-17T05:56:58Z,2026-06-17T05:56:58Z,0,8d9a71a47c070772d18383d25e448e7929fc0301
27668965467,Running Copilot cloud agent,dynamic,completed,success,2026-06-17T05:56:56Z,2026-06-17T05:58:30Z,94,8d9a71a47c070772d18383d25e448e7929fc0301
27609758046,ci-10-gallery-transformers,schedule,completed,success,2026-06-16T10:01:22Z,2026-06-16T10:03:33Z,131,177741a7e3e1ac9c715eed7f3a35cd7173fee252
27608110934,ci-6-litert,schedule,completed,success,2026-06-16T09:31:16Z,2026-06-16T09:32:24Z,68,177741a7e3e1ac9c715eed7f3a35cd7173fee252
27607950384,ci-9-transformers,schedule,completed,success,2026-06-16T09:28:17Z,2026-06-16T09:36:04Z,467,177741a7e3e1ac9c715eed7f3a35cd7173fee252
27607753880,ci-2-scikit-learn,schedule,completed,success,2026-06-16T09:24:35Z,2026-06-16T09:29:08Z,273,177741a7e3e1ac9c715eed7f3a35cd7173fee252
27607326531,ci-3-tensorflow,schedule,completed,failure,2026-06-16T09:16:50Z,2026-06-16T09:21:31Z,281,177741a7e3e1ac9c715eed7f3a35cd7173fee252
27607203445,ci-7-sql,schedule,completed,success,2026-06-16T09:14:39Z,2026-06-16T09:16:04Z,85,177741a7e3e1ac9c715eed7f3a35cd7173fee252
27605157475,ci-8-transformers,schedule,completed,success,2026-06-16T08:37:51Z,2026-06-16T08:44:51Z,420,177741a7e3e1ac9c715eed7f3a35cd7173fee252
27541137136,ci-10-gallery-transformers,schedule,completed,success,2026-06-15T10:49:31Z,2026-06-15T10:52:02Z,151,177741a7e3e1ac9c715eed7f3a35cd7173fee252
27696036882,PR – report impacted subfolders,pull_request,completed,action_required,2026-06-17T14:23:07Z,2026-06-17T14:23:07Z,0,05d731206fc57a038689273e2b7d20c7c32c493a
27695981583,ci-5-torch,pull_request,completed,action_required,2026-06-17T14:22:17Z,2026-06-17T14:22:17Z,0,05d731206fc57a038689273e2b7d20c7c32c493a
27695980791,ci-9-transformers,pull_request,completed,action_required,2026-06-17T14:22:16Z,2026-06-17T14:22:16Z,0,05d731206fc57a038689273e2b7d20c7c32c493a
27695980782,ci-4-torch,pull_request,completed,action_required,2026-06-17T14:22:16Z,2026-06-17T14:22:16Z,0,05d731206fc57a038689273e2b7d20c7c32c493a
27695980801,ci-6-litert,pull_request,completed,action_required,2026-06-17T14:22:16Z,2026-06-17T14:22:16Z,0,05d731206fc57a038689273e2b7d20c7c32c493a
27695980864,ci-3-tensorflow,pull_request,completed,action_required,2026-06-17T14:22:16Z,2026-06-17T14:22:16Z,0,05d731206fc57a038689273e2b7d20c7c32c493a
27695980781,ci-7-sql,pull_request,completed,action_required,2026-06-17T14:22:16Z,2026-06-17T14:22:16Z,0,05d731206fc57a038689273e2b7d20c7c32c493a
27695979529,Pyrefly,pull_request,completed,action_required,2026-06-17T14:22:15Z,2026-06-17T14:22:15Z,0,05d731206fc57a038689273e2b7d20c7c32c493a
27695979597,PR – report impacted subfolders,pull_request,completed,action_required,2026-06-17T14:22:15Z,2026-06-17T14:22:15Z,0,05d731206fc57a038689273e2b7d20c7c32c493a
27695979601,Mypy,pull_request,completed,action_required,2026-06-17T14:22:15Z,2026-06-17T14:22:15Z,0,05d731206fc57a038689273e2b7d20c7c32c493a
27695980128,Spelling,pull_request,completed,action_required,2026-06-17T14:22:15Z,2026-06-17T14:22:15Z,0,05d731206fc57a038689273e2b7d20c7c32c493a
27695980162,Build,pull_request,completed,action_required,2026-06-17T14:22:15Z,2026-06-17T14:22:15Z,0,05d731206fc57a038689273e2b7d20c7c32c493a
27695980151,ci-10-torch-op-db,pull_request,completed,action_required,2026-06-17T14:22:15Z,2026-06-17T14:22:15Z,0,05d731206fc57a038689273e2b7d20c7c32c493a
27695980108,Style,pull_request,completed,action_required,2026-06-17T14:22:15Z,2026-06-17T14:22:15Z,0,05d731206fc57a038689273e2b7d20c7c32c493a
27695980180,ci-2-scikit-learn,pull_request,completed,action_required,2026-06-17T14:22:15Z,2026-06-17T14:22:15Z,0,05d731206fc57a038689273e2b7d20c7c32c493a
27695980086,ci-8-transformers,pull_request,completed,action_required,2026-06-17T14:22:15Z,2026-06-17T14:22:15Z,0,05d731206fc57a038689273e2b7d20c7c32c493a
27695978174,ci-1-core,pull_request,completed,action_required,2026-06-17T14:22:13Z,2026-06-17T14:22:13Z,0,05d731206fc57a038689273e2b7d20c7c32c493a
27695649603,Addressing comment on PR #2286,dynamic,completed,success,2026-06-17T14:17:20Z,2026-06-17T14:23:11Z,351,51b82eb5eccc546490ab499a7f976f23fd3a74e3
27692778145,PR – report impacted subfolders,pull_request,completed,cancelled,2026-06-17T13:33:02Z,2026-06-17T13:47:54Z,892,51b82eb5eccc546490ab499a7f976f23fd3a74e3
27692761400,Style,pull_request,completed,success,2026-06-17T13:32:46Z,2026-06-17T13:34:05Z,79,aa53f9992c076b56f326a76ba6d0ea913f48c7ae
27692760836,Pyrefly,pull_request,completed,success,2026-06-17T13:32:46Z,2026-06-17T13:35:29Z,163,aa53f9992c076b56f326a76ba6d0ea913f48c7ae
27692761084,Mypy,pull_request,completed,success,2026-06-17T13:32:46Z,2026-06-17T13:36:19Z,213,aa53f9992c076b56f326a76ba6d0ea913f48c7ae
27692761426,ci-1-core,pull_request,completed,failure,2026-06-17T13:32:46Z,2026-06-17T13:43:28Z,642,aa53f9992c076b56f326a76ba6d0ea913f48c7ae
27692760833,ci-9-transformers,pull_request,completed,success,2026-06-17T13:32:46Z,2026-06-17T13:44:23Z,697,aa53f9992c076b56f326a76ba6d0ea913f48c7ae
27692761254,ci-5-torch,pull_request,completed,failure,2026-06-17T13:32:46Z,2026-06-17T13:48:58Z,972,aa53f9992c076b56f326a76ba6d0ea913f48c7ae
27692760558,ci-10-torch-op-db,pull_request,completed,success,2026-06-17T13:32:46Z,2026-06-17T13:53:22Z,1236,aa53f9992c076b56f326a76ba6d0ea913f48c7ae
27692759308,PR – report impacted subfolders,pull_request,completed,success,2026-06-17T13:32:45Z,2026-06-17T13:33:11Z,26,aa53f9992c076b56f326a76ba6d0ea913f48c7ae
27692759420,ci-6-litert,pull_request,completed,success,2026-06-17T13:32:45Z,2026-06-17T13:37:40Z,295,aa53f9992c076b56f326a76ba6d0ea913f48c7ae
27692759328,ci-8-transformers,pull_request,completed,success,2026-06-17T13:32:45Z,2026-06-17T13:46:17Z,812,aa53f9992c076b56f326a76ba6d0ea913f48c7ae
27692758610,Build,pull_request,completed,success,2026-06-17T13:32:44Z,2026-06-17T13:33:21Z,37,aa53f9992c076b56f326a76ba6d0ea913f48c7ae
27692758618,Spelling,pull_request,completed,success,2026-06-17T13:32:44Z,2026-06-17T13:33:23Z,39,aa53f9992c076b56f326a76ba6d0ea913f48c7ae
27692758642,ci-7-sql,pull_request,completed,success,2026-06-17T13:32:44Z,2026-06-17T13:36:30Z,226,aa53f9992c076b56f326a76ba6d0ea913f48c7ae
27692758671,ci-3-tensorflow,pull_request,completed,failure,2026-06-17T13:32:44Z,2026-06-17T13:41:01Z,497,aa53f9992c076b56f326a76ba6d0ea913f48c7ae
27692758701,ci-2-scikit-learn,pull_request,completed,success,2026-06-17T13:32:44Z,2026-06-17T13:44:44Z,720,aa53f9992c076b56f326a76ba6d0ea913f48c7ae
27692758598,ci-4-torch,pull_request,completed,failure,2026-06-17T13:32:44Z,2026-06-17T13:53:31Z,1247,aa53f9992c076b56f326a76ba6d0ea913f48c7ae
27692719822,PR – report impacted subfolders,pull_request,completed,success,2026-06-17T13:32:07Z,2026-06-17T13:53:31Z,1284,51b82eb5eccc546490ab499a7f976f23fd3a74e3
27692719284,ci-1-core,pull_request,completed,failure,2026-06-17T13:32:07Z,2026-06-17T13:54:50Z,1363,51b82eb5eccc546490ab499a7f976f23fd3a74e3
27692719405,ci-6-litert,pull_request,completed,success,2026-06-17T13:32:07Z,2026-06-17T13:55:42Z,1415,51b82eb5eccc546490ab499a7f976f23fd3a74e3
27692719481,ci-4-torch,pull_request,completed,failure,2026-06-17T13:32:07Z,2026-06-17T14:05:41Z,2014,51b82eb5eccc546490ab499a7f976f23fd3a74e3
27692719403,ci-5-torch,pull_request,completed,failure,2026-06-17T13:32:07Z,2026-06-17T14:09:25Z,2238,51b82eb5eccc546490ab499a7f976f23fd3a74e3
27692719247,ci-10-torch-op-db,pull_request,completed,success,2026-06-17T13:32:07Z,2026-06-17T14:10:29Z,2302,51b82eb5eccc546490ab499a7f976f23fd3a74e3
27692719429,ci-9-transformers,pull_request,completed,success,2026-06-17T13:32:07Z,2026-06-17T14:01:22Z,1755,51b82eb5eccc546490ab499a7f976f23fd3a74e3
27692718484,Style,pull_request,completed,success,2026-06-17T13:32:06Z,2026-06-17T13:52:55Z,1249,51b82eb5eccc546490ab499a7f976f23fd3a74e3
27692718356,Build,pull_request,completed,success,2026-06-17T13:32:06Z,2026-06-17T13:53:23Z,1277,51b82eb5eccc546490ab499a7f976f23fd3a74e3
27692718608,Pyrefly,pull_request,completed,success,2026-06-17T13:32:06Z,2026-06-17T13:53:26Z,1280,51b82eb5eccc546490ab499a7f976f23fd3a74e3
27692718553,ci-2-scikit-learn,pull_request,completed,success,2026-06-17T13:32:06Z,2026-06-17T13:56:09Z,1443,51b82eb5eccc546490ab499a7f976f23fd3a74e3
27692717113,Spelling,pull_request,completed,success,2026-06-17T13:32:05Z,2026-06-17T13:49:07Z,1022,51b82eb5eccc546490ab499a7f976f23fd3a74e3
27692717764,ci-7-sql,pull_request,completed,success,2026-06-17T13:32:05Z,2026-06-17T13:54:30Z,1345,51b82eb5eccc546490ab499a7f976f23fd3a74e3
27692717801,ci-3-tensorflow,pull_request,completed,success,2026-06-17T13:32:05Z,2026-06-17T13:58:56Z,1611,51b82eb5eccc546490ab499a7f976f23fd3a74e3
27692717837,ci-8-transformers,pull_request,completed,success,2026-06-17T13:32:05Z,2026-06-17T14:02:00Z,1795,51b82eb5eccc546490ab499a7f976f23fd3a74e3
27692715971,Mypy,pull_request,completed,success,2026-06-17T13:32:04Z,2026-06-17T13:51:00Z,1136,51b82eb5eccc546490ab499a7f976f23fd3a74e3
27692613729,Spelling,pull_request,completed,success,2026-06-17T13:30:25Z,2026-06-17T13:31:03Z,38,812c546f02ed804618d10927499f68e8c3f9d2a4
27692614238,ci-4-torch,pull_request,completed,cancelled,2026-06-17T13:30:25Z,2026-06-17T13:32:46Z,141,812c546f02ed804618d10927499f68e8c3f9d2a4
27692613769,ci-1-core,pull_request,completed,cancelled,2026-06-17T13:30:25Z,2026-06-17T13:32:48Z,143,812c546f02ed804618d10927499f68e8c3f9d2a4
27692613781,ci-9-transformers,pull_request,completed,cancelled,2026-06-17T13:30:25Z,2026-06-17T13:32:47Z,142,812c546f02ed804618d10927499f68e8c3f9d2a4
27692614259,Mypy,pull_request,completed,cancelled,2026-06-17T13:30:25Z,2026-06-17T13:33:03Z,158,812c546f02ed804618d10927499f68e8c3f9d2a4
27692613666,Build,pull_request,completed,success,2026-06-17T13:30:25Z,2026-06-17T13:33:07Z,162,812c546f02ed804618d10927499f68e8c3f9d2a4
27692612954,Style,pull_request,completed,failure,2026-06-17T13:30:24Z,2026-06-17T13:32:06Z,102,812c546f02ed804618d10927499f68e8c3f9d2a4
27692613036,ci-8-transformers,pull_request,completed,cancelled,2026-06-17T13:30:24Z,2026-06-17T13:32:46Z,142,812c546f02ed804618d10927499f68e8c3f9d2a4
27692612770,ci-7-sql,pull_request,completed,cancelled,2026-06-17T13:30:24Z,2026-06-17T13:32:46Z,142,812c546f02ed804618d10927499f68e8c3f9d2a4
27692613438,ci-2-scikit-learn,pull_request,completed,cancelled,2026-06-17T13:30:24Z,2026-06-17T13:32:46Z,142,812c546f02ed804618d10927499f68e8c3f9d2a4
27692613550,ci-3-tensorflow,pull_request,completed,cancelled,2026-06-17T13:30:24Z,2026-06-17T13:32:47Z,143,812c546f02ed804618d10927499f68e8c3f9d2a4
27692612714,ci-5-torch,pull_request,completed,cancelled,2026-06-17T13:30:24Z,2026-06-17T13:32:48Z,144,812c546f02ed804618d10927499f68e8c3f9d2a4
27692613458,ci-6-litert,pull_request,completed,cancelled,2026-06-17T13:30:24Z,2026-06-17T13:32:47Z,143,812c546f02ed804618d10927499f68e8c3f9d2a4
27692612861,Pyrefly,pull_request,completed,cancelled,2026-06-17T13:30:24Z,2026-06-17T13:32:54Z,150,812c546f02ed804618d10927499f68e8c3f9d2a4
27692612948,ci-10-torch-op-db,pull_request,completed,cancelled,2026-06-17T13:30:24Z,2026-06-17T13:32:48Z,144,812c546f02ed804618d10927499f68e8c3f9d2a4
27692612090,PR – report impacted subfolders,pull_request,completed,cancelled,2026-06-17T13:30:23Z,2026-06-17T13:32:47Z,144,812c546f02ed804618d10927499f68e8c3f9d2a4
27692372972,PR – report impacted subfolders,pull_request,completed,action_required,2026-06-17T13:26:35Z,2026-06-17T13:26:35Z,0,54eb8605aa85e84ff7c25f221652db0de95a01ce
27692344492,Spelling,pull_request,completed,action_required,2026-06-17T13:26:08Z,2026-06-17T13:26:08Z,0,54eb8605aa85e84ff7c25f221652db0de95a01ce
27692344575,ci-9-transformers,pull_request,completed,action_required,2026-06-17T13:26:08Z,2026-06-17T13:26:08Z,0,54eb8605aa85e84ff7c25f221652db0de95a01ce
27692344628,ci-10-torch-op-db,pull_request,completed,action_required,2026-06-17T13:26:08Z,2026-06-17T13:26:08Z,0,54eb8605aa85e84ff7c25f221652db0de95a01ce
27692344673,PR – report impacted subfolders,pull_request,completed,action_required,2026-06-17T13:26:08Z,2026-06-17T13:26:08Z,0,54eb8605aa85e84ff7c25f221652db0de95a01ce
27692344629,ci-3-tensorflow,pull_request,completed,action_required,2026-06-17T13:26:08Z,2026-06-17T13:26:08Z,0,54eb8605aa85e84ff7c25f221652db0de95a01ce
27692344702,ci-7-sql,pull_request,completed,action_required,2026-06-17T13:26:08Z,2026-06-17T13:26:08Z,0,54eb8605aa85e84ff7c25f221652db0de95a01ce
27692344739,ci-1-core,pull_request,completed,action_required,2026-06-17T13:26:08Z,2026-06-17T13:26:08Z,0,54eb8605aa85e84ff7c25f221652db0de95a01ce
27692344949,ci-8-transformers,pull_request,completed,action_required,2026-06-17T13:26:08Z,2026-06-17T13:26:08Z,0,54eb8605aa85e84ff7c25f221652db0de95a01ce
27692344648,Style,pull_request,completed,action_required,2026-06-17T13:26:08Z,2026-06-17T13:26:08Z,0,54eb8605aa85e84ff7c25f221652db0de95a01ce
27692344540,ci-5-torch,pull_request,completed,action_required,2026-06-17T13:26:08Z,2026-06-17T13:26:08Z,0,54eb8605aa85e84ff7c25f221652db0de95a01ce
27692345076,ci-4-torch,pull_request,completed,action_required,2026-06-17T13:26:08Z,2026-06-17T13:26:08Z,0,54eb8605aa85e84ff7c25f221652db0de95a01ce
27692344940,ci-6-litert,pull_request,completed,action_required,2026-06-17T13:26:08Z,2026-06-17T13:26:08Z,0,54eb8605aa85e84ff7c25f221652db0de95a01ce
27692344226,ci-2-scikit-learn,pull_request,completed,action_required,2026-06-17T13:26:07Z,2026-06-17T13:26:07Z,0,54eb8605aa85e84ff7c25f221652db0de95a01ce
27692344303,Mypy,pull_request,completed,action_required,2026-06-17T13:26:07Z,2026-06-17T13:26:07Z,0,54eb8605aa85e84ff7c25f221652db0de95a01ce
27692344238,Pyrefly,pull_request,completed,action_required,2026-06-17T13:26:07Z,2026-06-17T13:26:07Z,0,54eb8605aa85e84ff7c25f221652db0de95a01ce
27692344316,Build,pull_request,completed,action_required,2026-06-17T13:26:07Z,2026-06-17T13:26:07Z,0,54eb8605aa85e84ff7c25f221652db0de95a01ce
27692174998,ci-3-tensorflow,pull_request,completed,cancelled,2026-06-17T13:23:27Z,2026-06-17T13:30:27Z,420,5a82519690e471ca816408186f04f72447e76ceb
27692175064,ci-1-core,pull_request,completed,cancelled,2026-06-17T13:23:27Z,2026-06-17T13:37:20Z,833,5a82519690e471ca816408186f04f72447e76ceb
27692174003,Style,pull_request,completed,success,2026-06-17T13:23:26Z,2026-06-17T13:26:47Z,201,5a82519690e471ca816408186f04f72447e76ceb
27692172458,Spelling,pull_request,completed,success,2026-06-17T13:23:25Z,2026-06-17T13:26:48Z,203,5a82519690e471ca816408186f04f72447e76ceb
27692172254,ci-7-sql,pull_request,completed,cancelled,2026-06-17T13:23:25Z,2026-06-17T13:30:26Z,421,5a82519690e471ca816408186f04f72447e76ceb
27692172435,PR – report impacted subfolders,pull_request,completed,success,2026-06-17T13:23:25Z,2026-06-17T13:30:11Z,406,5a82519690e471ca816408186f04f72447e76ceb
27692172352,ci-10-torch-op-db,pull_request,completed,cancelled,2026-06-17T13:23:25Z,2026-06-17T13:30:41Z,436,5a82519690e471ca816408186f04f72447e76ceb
27692173195,ci-8-transformers,pull_request,completed,cancelled,2026-06-17T13:23:25Z,2026-06-17T13:37:54Z,869,5a82519690e471ca816408186f04f72447e76ceb
27692171447,Build,pull_request,completed,success,2026-06-17T13:23:24Z,2026-06-17T13:27:42Z,258,5a82519690e471ca816408186f04f72447e76ceb
27692171520,ci-9-transformers,pull_request,completed,cancelled,2026-06-17T13:23:24Z,2026-06-17T13:30:27Z,423,5a82519690e471ca816408186f04f72447e76ceb
27692171553,ci-6-litert,pull_request,completed,cancelled,2026-06-17T13:23:24Z,2026-06-17T13:30:27Z,423,5a82519690e471ca816408186f04f72447e76ceb
27692171521,ci-4-torch,pull_request,completed,cancelled,2026-06-17T13:23:24Z,2026-06-17T13:42:07Z,1123,5a82519690e471ca816408186f04f72447e76ceb
27692170743,ci-2-scikit-learn,pull_request,completed,cancelled,2026-06-17T13:23:23Z,2026-06-17T13:38:16Z,893,5a82519690e471ca816408186f04f72447e76ceb
27692169686,Mypy,pull_request,completed,failure,2026-06-17T13:23:22Z,2026-06-17T13:27:16Z,234,5a82519690e471ca816408186f04f72447e76ceb
27692169710,Pyrefly,pull_request,completed,failure,2026-06-17T13:23:22Z,2026-06-17T13:29:48Z,386,5a82519690e471ca816408186f04f72447e76ceb
27692169719,ci-5-torch,pull_request,completed,cancelled,2026-06-17T13:23:22Z,2026-06-17T13:30:25Z,423,5a82519690e471ca816408186f04f72447e76ceb
27691854461,Addressing comment on PR #2286,dynamic,completed,success,2026-06-17T13:18:14Z,2026-06-17T13:33:01Z,887,35142816da4f6b253a7641abae035caa5c45bdc0
27691788065,Addressing comment on PR #2287,dynamic,completed,success,2026-06-17T13:17:10Z,2026-06-17T13:26:37Z,567,7642095971bea1691e6540b886d9d2508d03b1ec
27691755563,Spelling,pull_request,completed,success,2026-06-17T13:16:39Z,2026-06-17T13:17:11Z,32,7642095971bea1691e6540b886d9d2508d03b1ec
27691756581,ci-6-litert,pull_request,completed,cancelled,2026-06-17T13:16:39Z,2026-06-17T13:26:15Z,576,7642095971bea1691e6540b886d9d2508d03b1ec
27691756210,ci-8-transformers,pull_request,completed,cancelled,2026-06-17T13:16:39Z,2026-06-17T13:24:09Z,450,7642095971bea1691e6540b886d9d2508d03b1ec
27691756253,ci-7-sql,pull_request,completed,success,2026-06-17T13:16:39Z,2026-06-17T13:19:23Z,164,7642095971bea1691e6540b886d9d2508d03b1ec
27691756130,Mypy,pull_request,completed,failure,2026-06-17T13:16:39Z,2026-06-17T13:19:56Z,197,7642095971bea1691e6540b886d9d2508d03b1ec
27691755647,ci-2-scikit-learn,pull_request,completed,success,2026-06-17T13:16:39Z,2026-06-17T13:21:22Z,283,7642095971bea1691e6540b886d9d2508d03b1ec
27691756139,ci-9-transformers,pull_request,completed,cancelled,2026-06-17T13:16:39Z,2026-06-17T13:33:27Z,1008,7642095971bea1691e6540b886d9d2508d03b1ec
27691755073,Build,pull_request,completed,success,2026-06-17T13:16:38Z,2026-06-17T13:17:03Z,25,7642095971bea1691e6540b886d9d2508d03b1ec
27691755270,PR – report impacted subfolders,pull_request,completed,success,2026-06-17T13:16:38Z,2026-06-17T13:16:56Z,18,7642095971bea1691e6540b886d9d2508d03b1ec
27691754505,ci-10-torch-op-db,pull_request,completed,cancelled,2026-06-17T13:16:38Z,2026-06-17T13:23:42Z,424,7642095971bea1691e6540b886d9d2508d03b1ec
27691754881,ci-4-torch,pull_request,completed,cancelled,2026-06-17T13:16:38Z,2026-06-17T13:26:39Z,601,7642095971bea1691e6540b886d9d2508d03b1ec
27691755308,ci-3-tensorflow,pull_request,completed,cancelled,2026-06-17T13:16:38Z,2026-06-17T13:28:48Z,730,7642095971bea1691e6540b886d9d2508d03b1ec
27691755161,Pyrefly,pull_request,completed,failure,2026-06-17T13:16:38Z,2026-06-17T13:18:32Z,114,7642095971bea1691e6540b886d9d2508d03b1ec
27691755487,ci-1-core,pull_request,completed,cancelled,2026-06-17T13:16:38Z,2026-06-17T13:23:29Z,411,7642095971bea1691e6540b886d9d2508d03b1ec
27691755224,ci-5-torch,pull_request,completed,cancelled,2026-06-17T13:16:38Z,2026-06-17T13:31:35Z,897,7642095971bea1691e6540b886d9d2508d03b1ec
27691753711,Style,pull_request,completed,success,2026-06-17T13:16:37Z,2026-06-17T13:17:00Z,23,7642095971bea1691e6540b886d9d2508d03b1ec
27748986885,ci-10-gallery-transformers,schedule,completed,failure,2026-06-18T09:08:23Z,2026-06-18T09:14:18Z,355,295b9542d8f2ae3164e7472fb606d6f893a1a534
27748024836,ci-6-litert,schedule,completed,success,2026-06-18T08:50:28Z,2026-06-18T08:51:42Z,74,295b9542d8f2ae3164e7472fb606d6f893a1a534
27747934635,ci-9-transformers,schedule,completed,success,2026-06-18T08:48:47Z,2026-06-18T08:57:44Z,537,295b9542d8f2ae3164e7472fb606d6f893a1a534
27747696679,ci-2-scikit-learn,schedule,completed,success,2026-06-18T08:44:17Z,2026-06-18T08:49:23Z,306,295b9542d8f2ae3164e7472fb606d6f893a1a534
27747323982,ci-3-tensorflow,schedule,completed,success,2026-06-18T08:37:14Z,2026-06-18T08:51:57Z,883,295b9542d8f2ae3164e7472fb606d6f893a1a534
27746901157,ci-7-sql,schedule,completed,success,2026-06-18T08:29:21Z,2026-06-18T08:31:18Z,117,295b9542d8f2ae3164e7472fb606d6f893a1a534
27743719282,ci-8-transformers,schedule,completed,success,2026-06-18T07:26:47Z,2026-06-18T07:33:23Z,396,295b9542d8f2ae3164e7472fb606d6f893a1a534
27707998921,PR – report impacted subfolders,pull_request,completed,action_required,2026-06-17T17:37:44Z,2026-06-17T17:37:44Z,0,359e2243d300539cef3857bc3d6768db509a886d
27707998077,ci-3-tensorflow,pull_request,completed,action_required,2026-06-17T17:37:43Z,2026-06-17T17:37:43Z,0,359e2243d300539cef3857bc3d6768db509a886d
27707998122,ci-7-sql,pull_request,completed,action_required,2026-06-17T17:37:43Z,2026-06-17T17:37:43Z,0,359e2243d300539cef3857bc3d6768db509a886d
27707997309,ci-9-transformers,pull_request,completed,action_required,2026-06-17T17:37:42Z,2026-06-17T17:37:42Z,0,359e2243d300539cef3857bc3d6768db509a886d
27707997346,Mypy,pull_request,completed,action_required,2026-06-17T17:37:42Z,2026-06-17T17:37:42Z,0,359e2243d300539cef3857bc3d6768db509a886d
27707997419,ci-6-litert,pull_request,completed,action_required,2026-06-17T17:37:42Z,2026-06-17T17:37:42Z,0,359e2243d300539cef3857bc3d6768db509a886d
27707997438,ci-5-torch,pull_request,completed,action_required,2026-06-17T17:37:42Z,2026-06-17T17:37:42Z,0,359e2243d300539cef3857bc3d6768db509a886d
27707997455,Pyrefly,pull_request,completed,action_required,2026-06-17T17:37:42Z,2026-06-17T17:37:42Z,0,359e2243d300539cef3857bc3d6768db509a886d
27707997470,ci-8-transformers,pull_request,completed,action_required,2026-06-17T17:37:42Z,2026-06-17T17:37:42Z,0,359e2243d300539cef3857bc3d6768db509a886d
27707997437,Spelling,pull_request,completed,action_required,2026-06-17T17:37:42Z,2026-06-17T17:37:42Z,0,359e2243d300539cef3857bc3d6768db509a886d
27707997392,ci-10-torch-op-db,pull_request,completed,action_required,2026-06-17T17:37:42Z,2026-06-17T17:37:42Z,0,359e2243d300539cef3857bc3d6768db509a886d
27707997434,Style,pull_request,completed,action_required,2026-06-17T17:37:42Z,2026-06-17T17:37:42Z,0,359e2243d300539cef3857bc3d6768db509a886d
27707996583,ci-1-core,pull_request,completed,action_required,2026-06-17T17:37:41Z,2026-06-17T17:37:41Z,0,359e2243d300539cef3857bc3d6768db509a886d
27707996630,Build,pull_request,completed,action_required,2026-06-17T17:37:41Z,2026-06-17T17:37:41Z,0,359e2243d300539cef3857bc3d6768db509a886d
27707996596,ci-2-scikit-learn,pull_request,completed,action_required,2026-06-17T17:37:41Z,2026-06-17T17:37:41Z,0,359e2243d300539cef3857bc3d6768db509a886d
27707996639,ci-4-torch,pull_request,completed,action_required,2026-06-17T17:37:41Z,2026-06-17T17:37:41Z,0,359e2243d300539cef3857bc3d6768db509a886d
27707593372,Addressing comment on PR #2287,dynamic,completed,success,2026-06-17T17:30:38Z,2026-06-17T17:38:05Z,447,cb40ca821baabed0be9dc24adff71d818c29898b
27702333797,Style,pull_request,completed,success,2026-06-17T16:00:27Z,2026-06-17T16:02:06Z,99,cb40ca821baabed0be9dc24adff71d818c29898b
27702334034,Spelling,pull_request,completed,success,2026-06-17T16:00:27Z,2026-06-17T16:02:17Z,110,cb40ca821baabed0be9dc24adff71d818c29898b
27702333806,ci-8-transformers,pull_request,completed,success,2026-06-17T16:00:27Z,2026-06-17T16:18:38Z,1091,cb40ca821baabed0be9dc24adff71d818c29898b
27702333803,ci-1-core,pull_request,completed,success,2026-06-17T16:00:27Z,2026-06-17T16:19:13Z,1126,cb40ca821baabed0be9dc24adff71d818c29898b
27702333844,ci-9-transformers,pull_request,completed,success,2026-06-17T16:00:27Z,2026-06-17T16:21:49Z,1282,cb40ca821baabed0be9dc24adff71d818c29898b
27702333734,ci-3-tensorflow,pull_request,completed,success,2026-06-17T16:00:27Z,2026-06-17T16:21:42Z,1275,cb40ca821baabed0be9dc24adff71d818c29898b
27702333815,ci-10-torch-op-db,pull_request,completed,success,2026-06-17T16:00:27Z,2026-06-17T16:23:35Z,1388,cb40ca821baabed0be9dc24adff71d818c29898b
27702333816,ci-5-torch,pull_request,completed,success,2026-06-17T16:00:27Z,2026-06-17T16:24:22Z,1435,cb40ca821baabed0be9dc24adff71d818c29898b
27702333846,ci-4-torch,pull_request,completed,success,2026-06-17T16:00:27Z,2026-06-17T16:25:08Z,1481,cb40ca821baabed0be9dc24adff71d818c29898b
27702333855,ci-2-scikit-learn,pull_request,completed,success,2026-06-17T16:00:27Z,2026-06-17T16:12:06Z,699,cb40ca821baabed0be9dc24adff71d818c29898b
27702333840,ci-7-sql,pull_request,completed,success,2026-06-17T16:00:27Z,2026-06-17T16:14:05Z,818,cb40ca821baabed0be9dc24adff71d818c29898b
27702333781,ci-6-litert,pull_request,completed,success,2026-06-17T16:00:27Z,2026-06-17T16:15:15Z,888,cb40ca821baabed0be9dc24adff71d818c29898b
27702333799,PR – report impacted subfolders,pull_request,completed,success,2026-06-17T16:00:27Z,2026-06-17T16:08:52Z,505,cb40ca821baabed0be9dc24adff71d818c29898b
27702334031,Mypy,pull_request,completed,success,2026-06-17T16:00:27Z,2026-06-17T16:09:36Z,549,cb40ca821baabed0be9dc24adff71d818c29898b
27702333788,Build,pull_request,completed,success,2026-06-17T16:00:27Z,2026-06-17T16:09:57Z,570,cb40ca821baabed0be9dc24adff71d818c29898b
27702333789,Pyrefly,pull_request,completed,failure,2026-06-17T16:00:27Z,2026-06-17T16:10:10Z,583,cb40ca821baabed0be9dc24adff71d818c29898b
27702296693,ci-4-torch,push,completed,success,2026-06-17T15:59:55Z,2026-06-17T16:16:45Z,1010,295b9542d8f2ae3164e7472fb606d6f893a1a534
27702296718,ci-3-tensorflow,push,completed,success,2026-06-17T15:59:55Z,2026-06-17T16:14:08Z,853,295b9542d8f2ae3164e7472fb606d6f893a1a534
27702296184,Build,push,completed,success,2026-06-17T15:59:54Z,2026-06-17T16:00:17Z,23,295b9542d8f2ae3164e7472fb606d6f893a1a534
27702296300,Style,push,completed,success,2026-06-17T15:59:54Z,2026-06-17T16:00:17Z,23,295b9542d8f2ae3164e7472fb606d6f893a1a534
27702296167,Spelling,push,completed,success,2026-06-17T15:59:54Z,2026-06-17T16:00:07Z,13,295b9542d8f2ae3164e7472fb606d6f893a1a534
27702296192,Pyrefly,push,completed,success,2026-06-17T15:59:54Z,2026-06-17T16:01:50Z,116,295b9542d8f2ae3164e7472fb606d6f893a1a534
27702296194,Mypy,push,completed,success,2026-06-17T15:59:54Z,2026-06-17T16:03:00Z,186,295b9542d8f2ae3164e7472fb606d6f893a1a534
27702296106,ci-1-core,push,completed,success,2026-06-17T15:59:54Z,2026-06-17T16:03:58Z,244,295b9542d8f2ae3164e7472fb606d6f893a1a534
27702296621,ci-2-scikit-learn,push,completed,success,2026-06-17T15:59:54Z,2026-06-17T16:04:36Z,282,295b9542d8f2ae3164e7472fb606d6f893a1a534
27702296180,ci-10-torch-op-db,push,completed,success,2026-06-17T15:59:54Z,2026-06-17T16:18:08Z,1094,295b9542d8f2ae3164e7472fb606d6f893a1a534
27702296534,ci-5-torch,push,completed,success,2026-06-17T15:59:54Z,2026-06-17T16:13:53Z,839,295b9542d8f2ae3164e7472fb606d6f893a1a534
27702296551,ci-7-sql,push,completed,success,2026-06-17T15:59:54Z,2026-06-17T16:06:45Z,411,295b9542d8f2ae3164e7472fb606d6f893a1a534
27702296581,ci-6-litert,push,completed,success,2026-06-17T15:59:54Z,2026-06-17T16:09:01Z,547,295b9542d8f2ae3164e7472fb606d6f893a1a534
27702296548,ci-8-transformers,push,completed,success,2026-06-17T15:59:54Z,2026-06-17T16:08:59Z,545,295b9542d8f2ae3164e7472fb606d6f893a1a534
27702296588,ci-9-transformers,push,completed,success,2026-06-17T15:59:54Z,2026-06-17T16:09:51Z,597,295b9542d8f2ae3164e7472fb606d6f893a1a534
27698460276,PR – report impacted subfolders,pull_request,completed,cancelled,2026-06-17T14:59:54Z,2026-06-17T15:18:05Z,1091,d44ac13182f8dbf6771256701dc584c296af78fd
27698416202,ci-5-torch,pull_request,completed,success,2026-06-17T14:59:14Z,2026-06-17T15:32:11Z,1977,d44ac13182f8dbf6771256701dc584c296af78fd
27698416195,ci-6-litert,pull_request,completed,success,2026-06-17T14:59:14Z,2026-06-17T15:19:41Z,1227,d44ac13182f8dbf6771256701dc584c296af78fd
27698415204,ci-8-transformers,pull_request,completed,failure,2026-06-17T14:59:14Z,2026-06-17T16:08:30Z,4156,d44ac13182f8dbf6771256701dc584c296af78fd
27698414380,ci-1-core,pull_request,completed,success,2026-06-17T14:59:13Z,2026-06-17T15:27:25Z,1692,d44ac13182f8dbf6771256701dc584c296af78fd
27698414084,ci-9-transformers,pull_request,completed,success,2026-06-17T14:59:13Z,2026-06-17T15:29:11Z,1798,d44ac13182f8dbf6771256701dc584c296af78fd
27698415142,Mypy,pull_request,completed,success,2026-06-17T14:59:13Z,2026-06-17T15:21:26Z,1333,d44ac13182f8dbf6771256701dc584c296af78fd
27698414329,ci-4-torch,pull_request,completed,success,2026-06-17T14:59:13Z,2026-06-17T15:30:28Z,1875,d44ac13182f8dbf6771256701dc584c296af78fd
27698414408,ci-3-tensorflow,pull_request,completed,success,2026-06-17T14:59:13Z,2026-06-17T15:31:54Z,1961,d44ac13182f8dbf6771256701dc584c296af78fd
27698414553,Pyrefly,pull_request,completed,success,2026-06-17T14:59:13Z,2026-06-17T15:20:10Z,1257,d44ac13182f8dbf6771256701dc584c296af78fd
27698412894,Spelling,pull_request,completed,success,2026-06-17T14:59:12Z,2026-06-17T15:18:09Z,1137,d44ac13182f8dbf6771256701dc584c296af78fd
27698413221,PR – report impacted subfolders,pull_request,completed,success,2026-06-17T14:59:12Z,2026-06-17T15:18:27Z,1155,d44ac13182f8dbf6771256701dc584c296af78fd
27698413280,Style,pull_request,completed,success,2026-06-17T14:59:12Z,2026-06-17T15:18:25Z,1153,d44ac13182f8dbf6771256701dc584c296af78fd
27698412981,ci-7-sql,pull_request,completed,success,2026-06-17T14:59:12Z,2026-06-17T15:19:43Z,1231,d44ac13182f8dbf6771256701dc584c296af78fd
27698412089,ci-10-torch-op-db,pull_request,completed,success,2026-06-17T14:59:11Z,2026-06-17T15:36:53Z,2262,d44ac13182f8dbf6771256701dc584c296af78fd
27698412707,Build,pull_request,completed,success,2026-06-17T14:59:11Z,2026-06-17T15:18:18Z,1147,d44ac13182f8dbf6771256701dc584c296af78fd
27698412065,ci-2-scikit-learn,pull_request,completed,success,2026-06-17T14:59:11Z,2026-06-17T15:22:33Z,1402,d44ac13182f8dbf6771256701dc584c296af78fd
27698254298,Addressing comment on PR #2286,dynamic,completed,success,2026-06-17T14:56:47Z,2026-06-17T14:59:52Z,185,05d731206fc57a038689273e2b7d20c7c32c493a
27838640214,Build,push,completed,success,2026-06-19T16:59:15Z,2026-06-19T16:59:32Z,17,f54fc6c973dfe0284ded27424af34084e42f34b3
27838640188,Spelling,push,completed,success,2026-06-19T16:59:15Z,2026-06-19T16:59:30Z,15,f54fc6c973dfe0284ded27424af34084e42f34b3
27838640203,Style,push,completed,success,2026-06-19T16:59:15Z,2026-06-19T16:59:37Z,22,f54fc6c973dfe0284ded27424af34084e42f34b3
27838640175,Pyrefly,push,completed,success,2026-06-19T16:59:15Z,2026-06-19T17:01:06Z,111,f54fc6c973dfe0284ded27424af34084e42f34b3
27838640172,Mypy,push,completed,success,2026-06-19T16:59:15Z,2026-06-19T17:02:14Z,179,f54fc6c973dfe0284ded27424af34084e42f34b3
27838640195,ci-7-sql,push,completed,success,2026-06-19T16:59:15Z,2026-06-19T17:05:27Z,372,f54fc6c973dfe0284ded27424af34084e42f34b3
27838640212,ci-3-tensorflow,push,completed,success,2026-06-19T16:59:15Z,2026-06-19T17:06:57Z,462,f54fc6c973dfe0284ded27424af34084e42f34b3
27838640178,ci-2-scikit-learn,push,completed,success,2026-06-19T16:59:15Z,2026-06-19T17:08:19Z,544,f54fc6c973dfe0284ded27424af34084e42f34b3
27838640207,ci-1-core,push,completed,success,2026-06-19T16:59:15Z,2026-06-19T17:08:42Z,567,f54fc6c973dfe0284ded27424af34084e42f34b3
27838640259,ci-6-litert,push,completed,success,2026-06-19T16:59:15Z,2026-06-19T17:09:07Z,592,f54fc6c973dfe0284ded27424af34084e42f34b3
27838640208,ci-8-transformers,push,completed,success,2026-06-19T16:59:15Z,2026-06-19T17:10:37Z,682,f54fc6c973dfe0284ded27424af34084e42f34b3
27838640191,ci-4-torch,push,completed,success,2026-06-19T16:59:15Z,2026-06-19T17:13:02Z,827,f54fc6c973dfe0284ded27424af34084e42f34b3
27838640182,Documentation,push,completed,success,2026-06-19T16:59:15Z,2026-06-19T17:13:57Z,882,f54fc6c973dfe0284ded27424af34084e42f34b3
27838640217,ci-9-transformers,push,completed,success,2026-06-19T16:59:15Z,2026-06-19T17:14:55Z,940,f54fc6c973dfe0284ded27424af34084e42f34b3
27838640180,ci-10-torch-op-db,push,completed,success,2026-06-19T16:59:15Z,2026-06-19T17:17:46Z,1111,f54fc6c973dfe0284ded27424af34084e42f34b3
27838640234,ci-5-torch,push,completed,success,2026-06-19T16:59:15Z,2026-06-19T17:19:30Z,1215,f54fc6c973dfe0284ded27424af34084e42f34b3
27835168824,PR – report impacted subfolders,pull_request,completed,success,2026-06-19T15:41:39Z,2026-06-19T15:51:02Z,563,ae8d88812d180c5dad60e8bcd5846f41bdcce978
27835135306,ci-1-core,pull_request,completed,success,2026-06-19T15:40:57Z,2026-06-19T15:55:34Z,877,ae8d88812d180c5dad60e8bcd5846f41bdcce978
27835135442,ci-7-sql,pull_request,completed,success,2026-06-19T15:40:57Z,2026-06-19T15:54:53Z,836,ae8d88812d180c5dad60e8bcd5846f41bdcce978
27835135287,ci-2-scikit-learn,pull_request,completed,success,2026-06-19T15:40:57Z,2026-06-19T15:55:10Z,853,ae8d88812d180c5dad60e8bcd5846f41bdcce978
27835135485,ci-8-transformers,pull_request,completed,success,2026-06-19T15:40:57Z,2026-06-19T15:57:25Z,988,ae8d88812d180c5dad60e8bcd5846f41bdcce978
27835135450,ci-3-tensorflow,pull_request,completed,success,2026-06-19T15:40:57Z,2026-06-19T15:58:15Z,1038,ae8d88812d180c5dad60e8bcd5846f41bdcce978
27835135431,ci-9-transformers,pull_request,completed,success,2026-06-19T15:40:57Z,2026-06-19T15:59:13Z,1096,ae8d88812d180c5dad60e8bcd5846f41bdcce978
27835135441,ci-4-torch,pull_request,completed,success,2026-06-19T15:40:57Z,2026-06-19T16:01:57Z,1260,ae8d88812d180c5dad60e8bcd5846f41bdcce978
27835135333,Documentation,pull_request,completed,success,2026-06-19T15:40:57Z,2026-06-19T16:04:39Z,1422,ae8d88812d180c5dad60e8bcd5846f41bdcce978
27835135290,PR – report impacted subfolders,pull_request,completed,cancelled,2026-06-19T15:40:57Z,2026-06-19T15:50:39Z,582,ae8d88812d180c5dad60e8bcd5846f41bdcce978
27835135325,PR – report impacted subfolders,pull_request,completed,cancelled,2026-06-19T15:40:57Z,2026-06-19T15:50:40Z,583,ae8d88812d180c5dad60e8bcd5846f41bdcce978
27835135378,Spelling,pull_request,completed,success,2026-06-19T15:40:57Z,2026-06-19T15:50:49Z,592,ae8d88812d180c5dad60e8bcd5846f41bdcce978
27835135300,Style,pull_request,completed,success,2026-06-19T15:40:57Z,2026-06-19T15:50:48Z,591,ae8d88812d180c5dad60e8bcd5846f41bdcce978
27835135330,Build,pull_request,completed,success,2026-06-19T15:40:57Z,2026-06-19T15:50:53Z,596,ae8d88812d180c5dad60e8bcd5846f41bdcce978
27835135443,ci-6-litert,pull_request,completed,success,2026-06-19T15:40:57Z,2026-06-19T15:52:01Z,664,ae8d88812d180c5dad60e8bcd5846f41bdcce978
27835135297,Pyrefly,pull_request,completed,success,2026-06-19T15:40:57Z,2026-06-19T15:52:27Z,690,ae8d88812d180c5dad60e8bcd5846f41bdcce978
27835135331,Mypy,pull_request,completed,success,2026-06-19T15:40:57Z,2026-06-19T15:53:32Z,755,ae8d88812d180c5dad60e8bcd5846f41bdcce978
27835135277,ci-10-torch-op-db,pull_request,completed,success,2026-06-19T15:40:57Z,2026-06-19T16:09:28Z,1711,ae8d88812d180c5dad60e8bcd5846f41bdcce978
27835135479,ci-5-torch,pull_request,completed,success,2026-06-19T15:40:57Z,2026-06-19T16:09:45Z,1728,ae8d88812d180c5dad60e8bcd5846f41bdcce978
27834867469,Running Copilot cloud agent,dynamic,completed,success,2026-06-19T15:35:11Z,2026-06-19T15:41:44Z,393,552ca01967f364f7a2c81f95febcfc0c61ef1ca8
27828056013,ci-8-transformers,push,completed,success,2026-06-19T13:17:31Z,2026-06-19T13:29:04Z,693,a35938ac9a288b83a96f4b8b0f888fc3e11d83be
27828056085,ci-9-transformers,push,completed,success,2026-06-19T13:17:31Z,2026-06-19T13:30:14Z,763,a35938ac9a288b83a96f4b8b0f888fc3e11d83be
27828056230,ci-3-tensorflow,push,completed,success,2026-06-19T13:17:31Z,2026-06-19T13:33:42Z,971,a35938ac9a288b83a96f4b8b0f888fc3e11d83be
27828056036,ci-4-torch,push,completed,success,2026-06-19T13:17:31Z,2026-06-19T13:35:05Z,1054,a35938ac9a288b83a96f4b8b0f888fc3e11d83be
27828055614,Build,push,completed,success,2026-06-19T13:17:30Z,2026-06-19T13:17:45Z,15,a35938ac9a288b83a96f4b8b0f888fc3e11d83be
27828055894,Style,push,completed,success,2026-06-19T13:17:30Z,2026-06-19T13:18:21Z,51,a35938ac9a288b83a96f4b8b0f888fc3e11d83be
27828055649,ci-1-core,push,completed,success,2026-06-19T13:17:30Z,2026-06-19T13:24:38Z,428,a35938ac9a288b83a96f4b8b0f888fc3e11d83be
27828055678,ci-10-torch-op-db,push,completed,success,2026-06-19T13:17:30Z,2026-06-19T13:36:03Z,1113,a35938ac9a288b83a96f4b8b0f888fc3e11d83be
27828055925,ci-5-torch,push,completed,success,2026-06-19T13:17:30Z,2026-06-19T13:37:05Z,1175,a35938ac9a288b83a96f4b8b0f888fc3e11d83be
27828055962,ci-6-litert,push,completed,success,2026-06-19T13:17:30Z,2026-06-19T13:19:03Z,93,a35938ac9a288b83a96f4b8b0f888fc3e11d83be
27828055880,Spelling,push,completed,success,2026-06-19T13:17:30Z,2026-06-19T13:20:08Z,158,a35938ac9a288b83a96f4b8b0f888fc3e11d83be
27828055623,Mypy,push,completed,success,2026-06-19T13:17:30Z,2026-06-19T13:20:48Z,198,a35938ac9a288b83a96f4b8b0f888fc3e11d83be
27828055597,ci-2-scikit-learn,push,completed,success,2026-06-19T13:17:30Z,2026-06-19T13:22:35Z,305,a35938ac9a288b83a96f4b8b0f888fc3e11d83be
27828055952,Pyrefly,push,completed,success,2026-06-19T13:17:30Z,2026-06-19T13:22:28Z,298,a35938ac9a288b83a96f4b8b0f888fc3e11d83be
27828055960,ci-7-sql,push,completed,success,2026-06-19T13:17:30Z,2026-06-19T13:22:22Z,292,a35938ac9a288b83a96f4b8b0f888fc3e11d83be
27818016649,ci-2-scikit-learn,pull_request,completed,success,2026-06-19T09:39:39Z,2026-06-19T13:07:42Z,12483,ed59d431315a5db5e9ea4b82c480cd3ecaf3b7b9
27818016644,ci-4-torch,pull_request,completed,success,2026-06-19T09:39:39Z,2026-06-19T13:08:17Z,12518,ed59d431315a5db5e9ea4b82c480cd3ecaf3b7b9
27818016643,ci-1-core,pull_request,completed,success,2026-06-19T09:39:39Z,2026-06-19T13:09:13Z,12574,ed59d431315a5db5e9ea4b82c480cd3ecaf3b7b9
27818016666,ci-9-transformers,pull_request,completed,success,2026-06-19T09:39:39Z,2026-06-19T13:09:09Z,12570,ed59d431315a5db5e9ea4b82c480cd3ecaf3b7b9
27818016695,ci-3-tensorflow,pull_request,completed,success,2026-06-19T09:39:39Z,2026-06-19T13:10:51Z,12672,ed59d431315a5db5e9ea4b82c480cd3ecaf3b7b9
27818016738,ci-8-transformers,pull_request,completed,success,2026-06-19T09:39:39Z,2026-06-19T13:10:53Z,12674,ed59d431315a5db5e9ea4b82c480cd3ecaf3b7b9
27818016656,ci-5-torch,pull_request,completed,success,2026-06-19T09:39:39Z,2026-06-19T13:12:49Z,12790,ed59d431315a5db5e9ea4b82c480cd3ecaf3b7b9
27818016694,ci-6-litert,pull_request,completed,success,2026-06-19T09:39:39Z,2026-06-19T13:05:10Z,12331,ed59d431315a5db5e9ea4b82c480cd3ecaf3b7b9
27818016718,ci-10-torch-op-db,pull_request,completed,success,2026-06-19T09:39:39Z,2026-06-19T13:14:44Z,12905,ed59d431315a5db5e9ea4b82c480cd3ecaf3b7b9
27818016635,Style,pull_request,completed,success,2026-06-19T09:39:39Z,2026-06-19T12:56:23Z,11804,ed59d431315a5db5e9ea4b82c480cd3ecaf3b7b9
27818016617,PR – report impacted subfolders,pull_request,completed,success,2026-06-19T09:39:39Z,2026-06-19T12:56:22Z,11803,ed59d431315a5db5e9ea4b82c480cd3ecaf3b7b9
27818016624,Build,pull_request,completed,success,2026-06-19T09:39:39Z,2026-06-19T12:56:30Z,11811,ed59d431315a5db5e9ea4b82c480cd3ecaf3b7b9
27818016630,Spelling,pull_request,completed,success,2026-06-19T09:39:39Z,2026-06-19T12:56:46Z,11827,ed59d431315a5db5e9ea4b82c480cd3ecaf3b7b9
27818016668,Pyrefly,pull_request,completed,success,2026-06-19T09:39:39Z,2026-06-19T12:58:08Z,11909,ed59d431315a5db5e9ea4b82c480cd3ecaf3b7b9
27818016638,ci-7-sql,pull_request,completed,success,2026-06-19T09:39:39Z,2026-06-19T12:59:03Z,11964,ed59d431315a5db5e9ea4b82c480cd3ecaf3b7b9
27818016627,Mypy,pull_request,completed,success,2026-06-19T09:39:39Z,2026-06-19T12:59:08Z,11969,ed59d431315a5db5e9ea4b82c480cd3ecaf3b7b9
27817576324,Addressing comment on PR #2289,dynamic,completed,success,2026-06-19T09:30:23Z,2026-06-19T09:39:52Z,569,bf1be3a545d954be84b9d2b03f4ae9f7d8ae7353
27817419164,Addressing comment on PR #2289,dynamic,completed,success,2026-06-19T09:27:08Z,2026-06-19T09:30:18Z,190,be00e6b23fc4737c4e4fd71ace42063c70643570
27817267973,ci-10-gallery-transformers,schedule,completed,success,2026-06-19T09:23:56Z,2026-06-19T09:27:55Z,239,9ac74de674496ee6031b5fa46a3646281bb3b111
27816550983,ci-6-litert,schedule,completed,success,2026-06-19T09:08:52Z,2026-06-19T09:14:53Z,361,9ac74de674496ee6031b5fa46a3646281bb3b111
27816455466,ci-9-transformers,schedule,completed,success,2026-06-19T09:06:48Z,2026-06-19T09:32:56Z,1568,9ac74de674496ee6031b5fa46a3646281bb3b111
27816300018,ci-2-scikit-learn,schedule,completed,success,2026-06-19T09:03:37Z,2026-06-19T09:23:16Z,1179,9ac74de674496ee6031b5fa46a3646281bb3b111
27816035696,ci-3-tensorflow,schedule,completed,success,2026-06-19T08:58:07Z,2026-06-19T09:19:23Z,1276,9ac74de674496ee6031b5fa46a3646281bb3b111
27816002895,ci-7-sql,schedule,completed,success,2026-06-19T08:57:25Z,2026-06-19T09:12:52Z,927,9ac74de674496ee6031b5fa46a3646281bb3b111
27815814160,ci-9-transformers,push,completed,cancelled,2026-06-19T08:53:23Z,2026-06-19T09:15:35Z,1332,9ac74de674496ee6031b5fa46a3646281bb3b111
27815814078,ci-5-torch,push,completed,success,2026-06-19T08:53:23Z,2026-06-19T09:18:23Z,1500,9ac74de674496ee6031b5fa46a3646281bb3b111
27815813984,ci-10-torch-op-db,push,completed,success,2026-06-19T08:53:23Z,2026-06-19T09:18:56Z,1533,9ac74de674496ee6031b5fa46a3646281bb3b111
27815814022,ci-4-torch,push,completed,success,2026-06-19T08:53:23Z,2026-06-19T09:21:11Z,1668,9ac74de674496ee6031b5fa46a3646281bb3b111
27815813974,ci-1-core,push,completed,success,2026-06-19T08:53:23Z,2026-06-19T09:09:53Z,990,9ac74de674496ee6031b5fa46a3646281bb3b111
27815813955,ci-2-scikit-learn,push,completed,cancelled,2026-06-19T08:53:23Z,2026-06-19T09:10:06Z,1003,9ac74de674496ee6031b5fa46a3646281bb3b111
27815814061,Style,push,completed,success,2026-06-19T08:53:23Z,2026-06-19T08:58:38Z,315,9ac74de674496ee6031b5fa46a3646281bb3b111
27815814021,ci-8-transformers,push,completed,success,2026-06-19T08:53:23Z,2026-06-19T09:00:17Z,414,9ac74de674496ee6031b5fa46a3646281bb3b111
27815813960,Pyrefly,push,completed,success,2026-06-19T08:53:23Z,2026-06-19T09:00:28Z,425,9ac74de674496ee6031b5fa46a3646281bb3b111
27815814099,ci-6-litert,push,completed,success,2026-06-19T08:53:23Z,2026-06-19T09:03:35Z,612,9ac74de674496ee6031b5fa46a3646281bb3b111
27815814006,Build,push,completed,success,2026-06-19T08:53:23Z,2026-06-19T09:04:12Z,649,9ac74de674496ee6031b5fa46a3646281bb3b111
27815813953,Spelling,push,completed,success,2026-06-19T08:53:23Z,2026-06-19T09:04:29Z,666,9ac74de674496ee6031b5fa46a3646281bb3b111
27815814010,Mypy,push,completed,success,2026-06-19T08:53:23Z,2026-06-19T09:05:54Z,751,9ac74de674496ee6031b5fa46a3646281bb3b111
27815814042,ci-7-sql,push,completed,cancelled,2026-06-19T08:53:23Z,2026-06-19T09:09:06Z,943,9ac74de674496ee6031b5fa46a3646281bb3b111
27815814119,ci-3-tensorflow,push,completed,cancelled,2026-06-19T08:53:23Z,2026-06-19T09:09:04Z,941,9ac74de674496ee6031b5fa46a3646281bb3b111
27814760103,ci-1-core,pull_request,completed,success,2026-06-19T08:30:31Z,2026-06-19T09:16:50Z,2779,be00e6b23fc4737c4e4fd71ace42063c70643570
27814760079,ci-10-torch-op-db,pull_request,completed,success,2026-06-19T08:30:31Z,2026-06-19T09:16:52Z,2781,be00e6b23fc4737c4e4fd71ace42063c70643570
27814760087,ci-9-transformers,pull_request,completed,success,2026-06-19T08:30:31Z,2026-06-19T09:19:33Z,2942,be00e6b23fc4737c4e4fd71ace42063c70643570
27814760088,ci-5-torch,pull_request,completed,success,2026-06-19T08:30:31Z,2026-06-19T09:23:49Z,3198,be00e6b23fc4737c4e4fd71ace42063c70643570
27814760104,ci-4-torch,pull_request,completed,success,2026-06-19T08:30:31Z,2026-06-19T09:25:51Z,3320,be00e6b23fc4737c4e4fd71ace42063c70643570
27814760122,ci-8-transformers,pull_request,completed,success,2026-06-19T08:30:31Z,2026-06-19T09:28:21Z,3470,be00e6b23fc4737c4e4fd71ace42063c70643570
27814760105,ci-3-tensorflow,pull_request,completed,success,2026-06-19T08:30:31Z,2026-06-19T09:11:42Z,2471,be00e6b23fc4737c4e4fd71ace42063c70643570
27814760129,ci-2-scikit-learn,pull_request,completed,success,2026-06-19T08:30:31Z,2026-06-19T09:12:13Z,2502,be00e6b23fc4737c4e4fd71ace42063c70643570
27814760098,Build,pull_request,completed,success,2026-06-19T08:30:31Z,2026-06-19T09:01:39Z,1868,be00e6b23fc4737c4e4fd71ace42063c70643570
27814760132,Style,pull_request,completed,success,2026-06-19T08:30:31Z,2026-06-19T09:03:32Z,1981,be00e6b23fc4737c4e4fd71ace42063c70643570
27814760086,Mypy,pull_request,completed,success,2026-06-19T08:30:31Z,2026-06-19T09:04:18Z,2027,be00e6b23fc4737c4e4fd71ace42063c70643570
27814760090,Pyrefly,pull_request,completed,failure,2026-06-19T08:30:31Z,2026-06-19T09:04:10Z,2019,be00e6b23fc4737c4e4fd71ace42063c70643570
27814760096,Spelling,pull_request,completed,success,2026-06-19T08:30:31Z,2026-06-19T09:04:25Z,2034,be00e6b23fc4737c4e4fd71ace42063c70643570
27814760123,PR – report impacted subfolders,pull_request,completed,success,2026-06-19T08:30:31Z,2026-06-19T09:04:30Z,2039,be00e6b23fc4737c4e4fd71ace42063c70643570
27814760100,ci-6-litert,pull_request,completed,success,2026-06-19T08:30:31Z,2026-06-19T09:05:34Z,2103,be00e6b23fc4737c4e4fd71ace42063c70643570
27814760140,ci-7-sql,pull_request,completed,success,2026-06-19T08:30:31Z,2026-06-19T09:08:09Z,2258,be00e6b23fc4737c4e4fd71ace42063c70643570
27814511578,ci-8-transformers,schedule,completed,success,2026-06-19T08:25:01Z,2026-06-19T08:37:15Z,734,295b9542d8f2ae3164e7472fb606d6f893a1a534
27814212378,Addressing comment on PR #2289,dynamic,completed,success,2026-06-19T08:18:31Z,2026-06-19T08:30:57Z,746,269be35625382a5cf8946250a593aef4a375afd5
27813942909,Spelling,pull_request,completed,success,2026-06-19T08:12:42Z,2026-06-19T08:14:05Z,83,864182dcd98206b0f58b5acd3b9f6f5d74ed976b
27813942953,Style,pull_request,completed,success,2026-06-19T08:12:42Z,2026-06-19T08:14:52Z,130,864182dcd98206b0f58b5acd3b9f6f5d74ed976b
27813942919,Build,pull_request,completed,success,2026-06-19T08:12:42Z,2026-06-19T08:15:09Z,147,864182dcd98206b0f58b5acd3b9f6f5d74ed976b
27813942935,ci-6-litert,pull_request,completed,success,2026-06-19T08:12:42Z,2026-06-19T08:16:00Z,198,864182dcd98206b0f58b5acd3b9f6f5d74ed976b
27813942951,Mypy,pull_request,completed,success,2026-06-19T08:12:42Z,2026-06-19T08:17:24Z,282,864182dcd98206b0f58b5acd3b9f6f5d74ed976b
27813942915,ci-1-core,pull_request,completed,success,2026-06-19T08:12:42Z,2026-06-19T08:19:56Z,434,864182dcd98206b0f58b5acd3b9f6f5d74ed976b
27813942904,ci-3-tensorflow,pull_request,completed,success,2026-06-19T08:12:42Z,2026-06-19T08:28:49Z,967,864182dcd98206b0f58b5acd3b9f6f5d74ed976b
27813942940,ci-10-torch-op-db,pull_request,completed,success,2026-06-19T08:12:42Z,2026-06-19T08:32:56Z,1214,864182dcd98206b0f58b5acd3b9f6f5d74ed976b
27813942955,ci-2-scikit-learn,pull_request,completed,success,2026-06-19T08:12:42Z,2026-06-19T08:33:25Z,1243,864182dcd98206b0f58b5acd3b9f6f5d74ed976b
27813942902,Pyrefly,pull_request,completed,success,2026-06-19T08:12:42Z,2026-06-19T08:22:40Z,598,864182dcd98206b0f58b5acd3b9f6f5d74ed976b
27813942938,PR – report impacted subfolders,pull_request,completed,success,2026-06-19T08:12:42Z,2026-06-19T08:23:40Z,658,864182dcd98206b0f58b5acd3b9f6f5d74ed976b
27813942963,ci-7-sql,pull_request,completed,success,2026-06-19T08:12:42Z,2026-06-19T08:24:03Z,681,864182dcd98206b0f58b5acd3b9f6f5d74ed976b
27813942912,ci-9-transformers,pull_request,completed,success,2026-06-19T08:12:42Z,2026-06-19T08:37:59Z,1517,864182dcd98206b0f58b5acd3b9f6f5d74ed976b
27813942931,ci-8-transformers,pull_request,completed,success,2026-06-19T08:12:42Z,2026-06-19T08:38:21Z,1539,864182dcd98206b0f58b5acd3b9f6f5d74ed976b
27813942930,ci-5-torch,pull_request,completed,success,2026-06-19T08:12:42Z,2026-06-19T08:40:45Z,1683,864182dcd98206b0f58b5acd3b9f6f5d74ed976b
27813942965,ci-4-torch,pull_request,completed,success,2026-06-19T08:12:42Z,2026-06-19T08:42:13Z,1771,864182dcd98206b0f58b5acd3b9f6f5d74ed976b
27813654448,Spelling,pull_request,completed,success,2026-06-19T08:06:30Z,2026-06-19T08:13:53Z,443,269be35625382a5cf8946250a593aef4a375afd5
27813654456,Build,pull_request,completed,success,2026-06-19T08:06:30Z,2026-06-19T08:13:58Z,448,269be35625382a5cf8946250a593aef4a375afd5
27813654499,PR – report impacted subfolders,pull_request,completed,success,2026-06-19T08:06:30Z,2026-06-19T08:14:18Z,468,269be35625382a5cf8946250a593aef4a375afd5
27813654481,Style,pull_request,completed,success,2026-06-19T08:06:30Z,2026-06-19T08:15:14Z,524,269be35625382a5cf8946250a593aef4a375afd5
27813654461,Mypy,pull_request,completed,success,2026-06-19T08:06:30Z,2026-06-19T08:16:32Z,602,269be35625382a5cf8946250a593aef4a375afd5
27813654469,ci-7-sql,pull_request,completed,success,2026-06-19T08:06:30Z,2026-06-19T08:16:29Z,599,269be35625382a5cf8946250a593aef4a375afd5
27813654482,Pyrefly,pull_request,completed,failure,2026-06-19T08:06:30Z,2026-06-19T08:17:13Z,643,269be35625382a5cf8946250a593aef4a375afd5
27813654459,ci-6-litert,pull_request,completed,success,2026-06-19T08:06:30Z,2026-06-19T08:28:48Z,1338,269be35625382a5cf8946250a593aef4a375afd5
27813654552,ci-1-core,pull_request,completed,success,2026-06-19T08:06:30Z,2026-06-19T08:33:01Z,1591,269be35625382a5cf8946250a593aef4a375afd5
27813654534,ci-3-tensorflow,pull_request,completed,success,2026-06-19T08:06:30Z,2026-06-19T08:23:30Z,1020,269be35625382a5cf8946250a593aef4a375afd5
27813654511,ci-8-transformers,pull_request,completed,success,2026-06-19T08:06:30Z,2026-06-19T08:35:29Z,1739,269be35625382a5cf8946250a593aef4a375afd5
27813654531,ci-10-torch-op-db,pull_request,completed,success,2026-06-19T08:06:30Z,2026-06-19T08:35:27Z,1737,269be35625382a5cf8946250a593aef4a375afd5
27813654547,ci-4-torch,pull_request,completed,success,2026-06-19T08:06:30Z,2026-06-19T08:47:56Z,2486,269be35625382a5cf8946250a593aef4a375afd5
27813654501,ci-2-scikit-learn,pull_request,completed,success,2026-06-19T08:06:30Z,2026-06-19T08:36:30Z,1800,269be35625382a5cf8946250a593aef4a375afd5
27813654493,ci-9-transformers,pull_request,completed,success,2026-06-19T08:06:30Z,2026-06-19T08:36:28Z,1798,269be35625382a5cf8946250a593aef4a375afd5
27813654487,ci-5-torch,pull_request,completed,success,2026-06-19T08:06:30Z,2026-06-19T08:51:22Z,2692,269be35625382a5cf8946250a593aef4a375afd5
27813597731,Addressing comment on PR #2287,dynamic,completed,success,2026-06-19T08:05:21Z,2026-06-19T08:12:58Z,457,359e2243d300539cef3857bc3d6768db509a886d
27813572730,Addressing comment on PR #2289,dynamic,completed,success,2026-06-19T08:04:52Z,2026-06-19T08:06:51Z,119,fda3848b261db917e4c52d1617625c0ddd62f10c
27813443887,PR – report impacted subfolders,pull_request,completed,success,2026-06-19T08:02:14Z,2026-06-19T08:05:21Z,187,fda3848b261db917e4c52d1617625c0ddd62f10c
27813427492,ci-7-sql,pull_request,completed,success,2026-06-19T08:01:54Z,2026-06-19T08:09:30Z,456,fda3848b261db917e4c52d1617625c0ddd62f10c
27813427511,ci-8-transformers,pull_request,completed,success,2026-06-19T08:01:54Z,2026-06-19T08:11:57Z,603,fda3848b261db917e4c52d1617625c0ddd62f10c
27813427481,ci-3-tensorflow,pull_request,completed,success,2026-06-19T08:01:53Z,2026-06-19T08:13:17Z,684,fda3848b261db917e4c52d1617625c0ddd62f10c
27813427476,ci-10-torch-op-db,pull_request,completed,cancelled,2026-06-19T08:01:53Z,2026-06-19T08:13:55Z,722,fda3848b261db917e4c52d1617625c0ddd62f10c
27813427455,ci-9-transformers,pull_request,completed,success,2026-06-19T08:01:53Z,2026-06-19T08:13:20Z,687,fda3848b261db917e4c52d1617625c0ddd62f10c
27813427488,ci-2-scikit-learn,pull_request,completed,cancelled,2026-06-19T08:01:53Z,2026-06-19T08:15:55Z,842,fda3848b261db917e4c52d1617625c0ddd62f10c
27813427479,ci-5-torch,pull_request,completed,cancelled,2026-06-19T08:01:53Z,2026-06-19T08:20:10Z,1097,fda3848b261db917e4c52d1617625c0ddd62f10c
27813427477,ci-4-torch,pull_request,completed,cancelled,2026-06-19T08:01:53Z,2026-06-19T08:21:02Z,1149,fda3848b261db917e4c52d1617625c0ddd62f10c
27813427460,Pyrefly,pull_request,completed,failure,2026-06-19T08:01:53Z,2026-06-19T08:06:48Z,295,fda3848b261db917e4c52d1617625c0ddd62f10c
27813427462,Build,pull_request,completed,success,2026-06-19T08:01:53Z,2026-06-19T08:05:11Z,198,fda3848b261db917e4c52d1617625c0ddd62f10c
27813427434,ci-6-litert,pull_request,completed,success,2026-06-19T08:01:53Z,2026-06-19T08:06:15Z,262,fda3848b261db917e4c52d1617625c0ddd62f10c
27813427431,Mypy,pull_request,completed,success,2026-06-19T08:01:53Z,2026-06-19T08:08:11Z,378,fda3848b261db917e4c52d1617625c0ddd62f10c
27813427463,ci-1-core,pull_request,completed,success,2026-06-19T08:01:53Z,2026-06-19T08:10:35Z,522,fda3848b261db917e4c52d1617625c0ddd62f10c
27813427438,PR – report impacted subfolders,pull_request,completed,cancelled,2026-06-19T08:01:53Z,2026-06-19T08:04:55Z,182,fda3848b261db917e4c52d1617625c0ddd62f10c
27813427443,Spelling,pull_request,completed,success,2026-06-19T08:01:53Z,2026-06-19T08:05:03Z,190,fda3848b261db917e4c52d1617625c0ddd62f10c
27813427444,Style,pull_request,completed,success,2026-06-19T08:01:53Z,2026-06-19T08:05:03Z,190,fda3848b261db917e4c52d1617625c0ddd62f10c
27813319412,Addressing comment on PR #2289,dynamic,completed,success,2026-06-19T07:59:39Z,2026-06-19T08:02:16Z,157,a000a4618c10e9ae05f43f7b8e3b3f7c6fcd12ab
27811452438,Addressing comment on PR #2289,dynamic,completed,success,2026-06-19T07:16:54Z,2026-06-19T07:21:28Z,274,ca676272266ab5188d2a8dfb153f8c18c673d079
27808264225,Running Copilot cloud agent,dynamic,completed,success,2026-06-19T05:54:00Z,2026-06-19T06:01:05Z,425,13d54ebf311372fd02f75877a85d9fb5144891bb
27865372583,ci-10-gallery-transformers,schedule,completed,success,2026-06-20T08:16:34Z,2026-06-20T08:18:42Z,128,f54fc6c973dfe0284ded27424af34084e42f34b3
27864859786,ci-6-litert,schedule,completed,success,2026-06-20T07:54:20Z,2026-06-20T07:56:24Z,124,f54fc6c973dfe0284ded27424af34084e42f34b3
27864823175,ci-9-transformers,schedule,completed,success,2026-06-20T07:52:38Z,2026-06-20T08:04:22Z,704,f54fc6c973dfe0284ded27424af34084e42f34b3
27864723210,ci-2-scikit-learn,schedule,completed,success,2026-06-20T07:48:13Z,2026-06-20T07:55:50Z,457,f54fc6c973dfe0284ded27424af34084e42f34b3
27864604159,ci-3-tensorflow,schedule,completed,success,2026-06-20T07:42:55Z,2026-06-20T07:57:40Z,885,f54fc6c973dfe0284ded27424af34084e42f34b3
27864573056,ci-7-sql,schedule,completed,success,2026-06-20T07:41:34Z,2026-06-20T07:52:31Z,657,f54fc6c973dfe0284ded27424af34084e42f34b3
27863471871,ci-8-transformers,schedule,completed,success,2026-06-20T06:53:56Z,2026-06-20T07:00:41Z,405,f54fc6c973dfe0284ded27424af34084e42f34b3
27944242152,ci-6-litert,schedule,completed,success,2026-06-22T09:51:20Z,2026-06-22T09:52:29Z,69,f54fc6c973dfe0284ded27424af34084e42f34b3
27944134029,ci-9-transformers,schedule,completed,success,2026-06-22T09:49:20Z,2026-06-22T09:57:18Z,478,f54fc6c973dfe0284ded27424af34084e42f34b3
27943980570,ci-2-scikit-learn,schedule,completed,success,2026-06-22T09:46:22Z,2026-06-22T09:50:41Z,259,f54fc6c973dfe0284ded27424af34084e42f34b3
27943590136,ci-3-tensorflow,schedule,completed,success,2026-06-22T09:39:06Z,2026-06-22T09:44:38Z,332,f54fc6c973dfe0284ded27424af34084e42f34b3
27943498791,ci-7-sql,schedule,completed,success,2026-06-22T09:37:21Z,2026-06-22T09:38:38Z,77,f54fc6c973dfe0284ded27424af34084e42f34b3
27940709160,ci-8-transformers,schedule,completed,success,2026-06-22T08:47:40Z,2026-06-22T08:54:26Z,406,f54fc6c973dfe0284ded27424af34084e42f34b3
27899252425,ci-10-gallery-transformers,schedule,completed,success,2026-06-21T08:53:16Z,2026-06-21T08:55:11Z,115,f54fc6c973dfe0284ded27424af34084e42f34b3
27898890506,ci-6-litert,schedule,completed,success,2026-06-21T08:37:58Z,2026-06-21T08:39:07Z,69,f54fc6c973dfe0284ded27424af34084e42f34b3
27898844188,ci-9-transformers,schedule,completed,success,2026-06-21T08:35:57Z,2026-06-21T08:43:57Z,480,f54fc6c973dfe0284ded27424af34084e42f34b3
27898652796,ci-2-scikit-learn,schedule,completed,success,2026-06-21T08:27:51Z,2026-06-21T08:32:12Z,261,f54fc6c973dfe0284ded27424af34084e42f34b3
27898492644,ci-3-tensorflow,schedule,completed,success,2026-06-21T08:20:56Z,2026-06-21T08:26:02Z,306,f54fc6c973dfe0284ded27424af34084e42f34b3
27898464439,ci-7-sql,schedule,completed,success,2026-06-21T08:19:45Z,2026-06-21T08:21:03Z,78,f54fc6c973dfe0284ded27424af34084e42f34b3
27897187139,ci-8-transformers,schedule,completed,success,2026-06-21T07:24:52Z,2026-06-21T07:31:32Z,400,f54fc6c973dfe0284ded27424af34084e42f34b3
27946446164,ci-10-gallery-transformers,schedule,completed,success,2026-06-22T10:31:59Z,2026-06-22T10:33:55Z,116,f54fc6c973dfe0284ded27424af34084e42f34b3
28109343983,ci-10-torch-op-db,push,completed,success,2026-06-24T15:20:42Z,2026-06-24T15:51:46Z,1864,aebca4eee061d31a933cd258c4c4f185fceed3d6
28109344232,ci-4-torch,push,completed,success,2026-06-24T15:20:42Z,2026-06-24T15:52:07Z,1885,aebca4eee061d31a933cd258c4c4f185fceed3d6
28109344191,ci-8-transformers,push,completed,success,2026-06-24T15:20:42Z,2026-06-24T15:33:25Z,763,aebca4eee061d31a933cd258c4c4f185fceed3d6
28109343980,ci-2-scikit-learn,push,completed,success,2026-06-24T15:20:42Z,2026-06-24T15:43:13Z,1351,aebca4eee061d31a933cd258c4c4f185fceed3d6
28109343996,ci-1-core,push,completed,success,2026-06-24T15:20:42Z,2026-06-24T15:44:03Z,1401,aebca4eee061d31a933cd258c4c4f185fceed3d6
28109344285,ci-3-tensorflow,push,completed,success,2026-06-24T15:20:42Z,2026-06-24T15:38:45Z,1083,aebca4eee061d31a933cd258c4c4f185fceed3d6
28109344170,ci-5-torch,push,completed,success,2026-06-24T15:20:42Z,2026-06-24T15:40:05Z,1163,aebca4eee061d31a933cd258c4c4f185fceed3d6
28109343988,Style,push,completed,success,2026-06-24T15:20:42Z,2026-06-24T15:36:40Z,958,aebca4eee061d31a933cd258c4c4f185fceed3d6
28109344220,ci-6-litert,push,completed,success,2026-06-24T15:20:42Z,2026-06-24T15:31:21Z,639,aebca4eee061d31a933cd258c4c4f185fceed3d6
28109344202,ci-7-sql,push,completed,success,2026-06-24T15:20:42Z,2026-06-24T15:31:18Z,636,aebca4eee061d31a933cd258c4c4f185fceed3d6
28109344006,Mypy,push,completed,success,2026-06-24T15:20:42Z,2026-06-24T15:32:49Z,727,aebca4eee061d31a933cd258c4c4f185fceed3d6
28109344010,Pyrefly,push,completed,success,2026-06-24T15:20:42Z,2026-06-24T15:33:54Z,792,aebca4eee061d31a933cd258c4c4f185fceed3d6
28109344030,Build,push,completed,success,2026-06-24T15:20:42Z,2026-06-24T15:22:31Z,109,aebca4eee061d31a933cd258c4c4f185fceed3d6
28109344002,Spelling,push,completed,success,2026-06-24T15:20:42Z,2026-06-24T15:22:39Z,117,aebca4eee061d31a933cd258c4c4f185fceed3d6
28109343994,ci-8-perpetual,push,completed,success,2026-06-24T15:20:42Z,2026-06-24T15:24:49Z,247,aebca4eee061d31a933cd258c4c4f185fceed3d6
28109344288,ci-9-transformers,push,completed,success,2026-06-24T15:20:42Z,2026-06-24T15:50:45Z,1803,aebca4eee061d31a933cd258c4c4f185fceed3d6
28108335139,Addressing comment on PR #2309,dynamic,completed,success,2026-06-24T15:05:06Z,2026-06-24T15:07:15Z,129,5a78d861d22c2cdd892c0ff48a321804081516af
28107555566,ci-9-transformers,push,completed,success,2026-06-24T14:53:36Z,2026-06-24T15:04:27Z,651,5470bcb56f2bd962de85666061a8f024d67a82fd
28107555563,ci-3-tensorflow,push,completed,success,2026-06-24T14:53:36Z,2026-06-24T15:05:53Z,737,5470bcb56f2bd962de85666061a8f024d67a82fd
28107555468,ci-4-torch,push,completed,success,2026-06-24T14:53:36Z,2026-06-24T15:06:18Z,762,5470bcb56f2bd962de85666061a8f024d67a82fd
28107555288,Documentation,push,completed,cancelled,2026-06-24T14:53:36Z,2026-06-24T15:08:44Z,908,5470bcb56f2bd962de85666061a8f024d67a82fd
28107555219,ci-10-torch-op-db,push,completed,success,2026-06-24T14:53:36Z,2026-06-24T15:12:11Z,1115,5470bcb56f2bd962de85666061a8f024d67a82fd
28107555479,ci-5-torch,push,completed,success,2026-06-24T14:53:36Z,2026-06-24T15:14:20Z,1244,5470bcb56f2bd962de85666061a8f024d67a82fd
28107555291,Mypy,push,completed,success,2026-06-24T14:53:36Z,2026-06-24T14:56:36Z,180,5470bcb56f2bd962de85666061a8f024d67a82fd
28107555222,ci-1-core,push,completed,success,2026-06-24T14:53:36Z,2026-06-24T14:59:17Z,341,5470bcb56f2bd962de85666061a8f024d67a82fd
28107555652,ci-6-litert,push,completed,success,2026-06-24T14:53:36Z,2026-06-24T15:00:11Z,395,5470bcb56f2bd962de85666061a8f024d67a82fd
28107555231,Spelling,push,completed,success,2026-06-24T14:53:36Z,2026-06-24T14:53:48Z,12,5470bcb56f2bd962de85666061a8f024d67a82fd
28107555455,ci-7-sql,push,completed,success,2026-06-24T14:53:36Z,2026-06-24T14:55:10Z,94,5470bcb56f2bd962de85666061a8f024d67a82fd
28107555244,Pyrefly,push,completed,success,2026-06-24T14:53:36Z,2026-06-24T14:55:28Z,112,5470bcb56f2bd962de85666061a8f024d67a82fd
28107555530,ci-8-transformers,push,completed,success,2026-06-24T14:53:36Z,2026-06-24T15:03:03Z,567,5470bcb56f2bd962de85666061a8f024d67a82fd
28107555172,ci-2-scikit-learn,push,completed,success,2026-06-24T14:53:35Z,2026-06-24T14:58:55Z,320,5470bcb56f2bd962de85666061a8f024d67a82fd
28107555212,Style,push,completed,success,2026-06-24T14:53:35Z,2026-06-24T14:53:48Z,13,5470bcb56f2bd962de85666061a8f024d67a82fd
28107555187,Build,push,completed,success,2026-06-24T14:53:35Z,2026-06-24T14:53:52Z,17,5470bcb56f2bd962de85666061a8f024d67a82fd
28107555189,ci-8-perpetual,push,completed,success,2026-06-24T14:53:35Z,2026-06-24T14:54:21Z,46,5470bcb56f2bd962de85666061a8f024d67a82fd
28105726152,PR – report impacted subfolders,pull_request,completed,success,2026-06-24T14:26:05Z,2026-06-24T14:37:09Z,664,5a78d861d22c2cdd892c0ff48a321804081516af
28105702616,PR – report impacted subfolders,pull_request,completed,cancelled,2026-06-24T14:25:42Z,2026-06-24T14:36:59Z,677,5a78d861d22c2cdd892c0ff48a321804081516af
28105702649,Style,pull_request,completed,success,2026-06-24T14:25:42Z,2026-06-24T14:37:07Z,685,5a78d861d22c2cdd892c0ff48a321804081516af
28105702754,Build,pull_request,completed,success,2026-06-24T14:25:42Z,2026-06-24T14:37:14Z,692,5a78d861d22c2cdd892c0ff48a321804081516af
28105702705,Spelling,pull_request,completed,success,2026-06-24T14:25:42Z,2026-06-24T14:37:07Z,685,5a78d861d22c2cdd892c0ff48a321804081516af
28105702880,ci-6-litert,pull_request,completed,success,2026-06-24T14:25:42Z,2026-06-24T14:38:08Z,746,5a78d861d22c2cdd892c0ff48a321804081516af
28105702638,Pyrefly,pull_request,completed,success,2026-06-24T14:25:42Z,2026-06-24T14:38:50Z,788,5a78d861d22c2cdd892c0ff48a321804081516af
28105702975,ci-7-sql,pull_request,completed,success,2026-06-24T14:25:42Z,2026-06-24T14:38:23Z,761,5a78d861d22c2cdd892c0ff48a321804081516af
28105702645,Mypy,pull_request,completed,success,2026-06-24T14:25:42Z,2026-06-24T14:39:51Z,849,5a78d861d22c2cdd892c0ff48a321804081516af
28105702725,ci-10-torch-op-db,pull_request,completed,success,2026-06-24T14:25:42Z,2026-06-24T14:55:09Z,1767,5a78d861d22c2cdd892c0ff48a321804081516af
28105702625,ci-2-scikit-learn,pull_request,completed,success,2026-06-24T14:25:42Z,2026-06-24T14:41:36Z,954,5a78d861d22c2cdd892c0ff48a321804081516af
28105702634,ci-1-core,pull_request,completed,success,2026-06-24T14:25:42Z,2026-06-24T14:41:19Z,937,5a78d861d22c2cdd892c0ff48a321804081516af
28105702832,ci-3-tensorflow,pull_request,completed,success,2026-06-24T14:25:42Z,2026-06-24T14:42:23Z,1001,5a78d861d22c2cdd892c0ff48a321804081516af
28105702854,ci-8-transformers,pull_request,completed,success,2026-06-24T14:25:42Z,2026-06-24T14:43:09Z,1047,5a78d861d22c2cdd892c0ff48a321804081516af
28105702890,ci-9-transformers,pull_request,completed,success,2026-06-24T14:25:42Z,2026-06-24T14:45:49Z,1207,5a78d861d22c2cdd892c0ff48a321804081516af
28105702810,ci-4-torch,pull_request,completed,failure,2026-06-24T14:25:42Z,2026-06-24T14:47:31Z,1309,5a78d861d22c2cdd892c0ff48a321804081516af
28105702872,ci-5-torch,pull_request,completed,success,2026-06-24T14:25:42Z,2026-06-24T14:48:06Z,1344,5a78d861d22c2cdd892c0ff48a321804081516af
28104927648,Addressing comment on PR #2309,dynamic,completed,success,2026-06-24T14:13:40Z,2026-06-24T14:26:08Z,748,454d0de12c9dc2a6ac65d0c05ac8bd5dc88f7b3f
28104368595,Running Copilot cloud agent,dynamic,completed,success,2026-06-24T14:04:57Z,2026-06-24T14:09:25Z,268,be50b76088b4203a18bffa285ef0e37353884dd4
28104301537,ci-8-transformers,pull_request,completed,success,2026-06-24T14:03:55Z,2026-06-24T14:19:14Z,919,ef5a7ef0cda07863c81626d00e47304c4e743df8
28104301635,ci-7-sql,pull_request,completed,success,2026-06-24T14:03:55Z,2026-06-24T14:21:13Z,1038,ef5a7ef0cda07863c81626d00e47304c4e743df8
28104301373,ci-10-torch-op-db,pull_request,completed,success,2026-06-24T14:03:55Z,2026-06-24T14:28:38Z,1483,ef5a7ef0cda07863c81626d00e47304c4e743df8
28104301670,ci-3-tensorflow,pull_request,completed,success,2026-06-24T14:03:55Z,2026-06-24T14:29:49Z,1554,ef5a7ef0cda07863c81626d00e47304c4e743df8
28104301653,ci-6-litert,pull_request,completed,success,2026-06-24T14:03:55Z,2026-06-24T14:22:19Z,1104,ef5a7ef0cda07863c81626d00e47304c4e743df8
28104301418,ci-1-core,pull_request,completed,success,2026-06-24T14:03:55Z,2026-06-24T14:23:57Z,1202,ef5a7ef0cda07863c81626d00e47304c4e743df8
28104301426,ci-2-scikit-learn,pull_request,completed,success,2026-06-24T14:03:55Z,2026-06-24T14:24:19Z,1224,ef5a7ef0cda07863c81626d00e47304c4e743df8
28104301385,Documentation,pull_request,completed,success,2026-06-24T14:03:55Z,2026-06-24T14:25:13Z,1278,ef5a7ef0cda07863c81626d00e47304c4e743df8
28104301557,ci-4-torch,pull_request,completed,success,2026-06-24T14:03:55Z,2026-06-24T14:32:44Z,1729,ef5a7ef0cda07863c81626d00e47304c4e743df8
28104301600,ci-9-transformers,pull_request,completed,success,2026-06-24T14:03:55Z,2026-06-24T14:33:21Z,1766,ef5a7ef0cda07863c81626d00e47304c4e743df8
28104301542,ci-5-torch,pull_request,completed,success,2026-06-24T14:03:55Z,2026-06-24T14:37:37Z,2022,ef5a7ef0cda07863c81626d00e47304c4e743df8
28104301405,PR – report impacted subfolders,pull_request,completed,success,2026-06-24T14:03:55Z,2026-06-24T14:04:41Z,46,ef5a7ef0cda07863c81626d00e47304c4e743df8
28104301466,Build,pull_request,completed,success,2026-06-24T14:03:55Z,2026-06-24T14:06:03Z,128,ef5a7ef0cda07863c81626d00e47304c4e743df8
28104301374,Pyrefly,pull_request,completed,success,2026-06-24T14:03:55Z,2026-06-24T14:06:22Z,147,ef5a7ef0cda07863c81626d00e47304c4e743df8
28104301375,Spelling,pull_request,completed,success,2026-06-24T14:03:55Z,2026-06-24T14:07:12Z,197,ef5a7ef0cda07863c81626d00e47304c4e743df8
28104301397,ci-8-perpetual,pull_request,completed,success,2026-06-24T14:03:55Z,2026-06-24T14:08:33Z,278,ef5a7ef0cda07863c81626d00e47304c4e743df8
28104301393,Mypy,pull_request,completed,success,2026-06-24T14:03:55Z,2026-06-24T14:09:39Z,344,ef5a7ef0cda07863c81626d00e47304c4e743df8
28104301464,Style,pull_request,completed,success,2026-06-24T14:03:55Z,2026-06-24T14:10:17Z,382,ef5a7ef0cda07863c81626d00e47304c4e743df8
28103973980,Addressing comment on PR #2305,dynamic,completed,success,2026-06-24T13:58:52Z,2026-06-24T14:04:20Z,328,83fdbe71c026ad36c7e69a837dad0eebdf52568a
28102440903,ci-9-transformers,push,completed,success,2026-06-24T13:34:54Z,2026-06-24T13:44:48Z,594,aacf85eb5b58afe312fa1993a9a2946de7cb4b2b
28102440813,ci-8-transformers,push,completed,success,2026-06-24T13:34:54Z,2026-06-24T13:44:49Z,595,aacf85eb5b58afe312fa1993a9a2946de7cb4b2b
28102440640,Style,push,completed,success,2026-06-24T13:34:54Z,2026-06-24T13:44:58Z,604,aacf85eb5b58afe312fa1993a9a2946de7cb4b2b
28102440891,ci-6-litert,push,completed,success,2026-06-24T13:34:54Z,2026-06-24T13:44:25Z,571,aacf85eb5b58afe312fa1993a9a2946de7cb4b2b
28102440797,ci-7-sql,push,completed,success,2026-06-24T13:34:54Z,2026-06-24T13:46:01Z,667,aacf85eb5b58afe312fa1993a9a2946de7cb4b2b
28102440652,ci-1-core,push,completed,success,2026-06-24T13:34:54Z,2026-06-24T13:47:27Z,753,aacf85eb5b58afe312fa1993a9a2946de7cb4b2b
28102440647,Pyrefly,push,completed,success,2026-06-24T13:34:54Z,2026-06-24T13:47:50Z,776,aacf85eb5b58afe312fa1993a9a2946de7cb4b2b
28102440659,Spelling,push,completed,success,2026-06-24T13:34:54Z,2026-06-24T13:35:06Z,12,aacf85eb5b58afe312fa1993a9a2946de7cb4b2b
28102440630,Build,push,completed,success,2026-06-24T13:34:54Z,2026-06-24T13:35:15Z,21,aacf85eb5b58afe312fa1993a9a2946de7cb4b2b
28102440639,Mypy,push,completed,success,2026-06-24T13:34:54Z,2026-06-24T13:37:52Z,178,aacf85eb5b58afe312fa1993a9a2946de7cb4b2b
28102440628,ci-10-torch-op-db,push,completed,success,2026-06-24T13:34:54Z,2026-06-24T13:53:29Z,1115,aacf85eb5b58afe312fa1993a9a2946de7cb4b2b
28102440888,ci-4-torch,push,completed,success,2026-06-24T13:34:54Z,2026-06-24T13:55:10Z,1216,aacf85eb5b58afe312fa1993a9a2946de7cb4b2b
28102440823,ci-5-torch,push,completed,success,2026-06-24T13:34:54Z,2026-06-24T13:57:16Z,1342,aacf85eb5b58afe312fa1993a9a2946de7cb4b2b
28102440840,ci-3-tensorflow,push,completed,success,2026-06-24T13:34:54Z,2026-06-24T13:50:29Z,935,aacf85eb5b58afe312fa1993a9a2946de7cb4b2b
28102440614,ci-2-scikit-learn,push,completed,success,2026-06-24T13:34:54Z,2026-06-24T13:51:54Z,1020,aacf85eb5b58afe312fa1993a9a2946de7cb4b2b
28100814281,Build,pull_request,completed,success,2026-06-24T13:08:41Z,2026-06-24T13:44:05Z,2124,83fdbe71c026ad36c7e69a837dad0eebdf52568a
28100814270,Pyrefly,pull_request,completed,success,2026-06-24T13:08:41Z,2026-06-24T13:46:19Z,2258,83fdbe71c026ad36c7e69a837dad0eebdf52568a
28100814377,Spelling,pull_request,completed,success,2026-06-24T13:08:41Z,2026-06-24T13:46:36Z,2275,83fdbe71c026ad36c7e69a837dad0eebdf52568a
28100814357,ci-8-perpetual,pull_request,completed,success,2026-06-24T13:08:41Z,2026-06-24T13:47:03Z,2302,83fdbe71c026ad36c7e69a837dad0eebdf52568a
28100814284,Mypy,pull_request,completed,success,2026-06-24T13:08:41Z,2026-06-24T13:43:14Z,2073,83fdbe71c026ad36c7e69a837dad0eebdf52568a
28100814256,PR – report impacted subfolders,pull_request,completed,success,2026-06-24T13:08:41Z,2026-06-24T13:38:08Z,1767,83fdbe71c026ad36c7e69a837dad0eebdf52568a
28100814300,ci-1-core,pull_request,completed,success,2026-06-24T13:08:41Z,2026-06-24T13:58:32Z,2991,83fdbe71c026ad36c7e69a837dad0eebdf52568a
28100814582,ci-4-torch,pull_request,completed,success,2026-06-24T13:08:41Z,2026-06-24T14:03:06Z,3265,83fdbe71c026ad36c7e69a837dad0eebdf52568a
28100814301,ci-10-torch-op-db,pull_request,completed,cancelled,2026-06-24T13:08:41Z,2026-06-24T14:04:25Z,3344,83fdbe71c026ad36c7e69a837dad0eebdf52568a
28100814468,ci-8-transformers,pull_request,completed,success,2026-06-24T13:08:41Z,2026-06-24T13:53:38Z,2697,83fdbe71c026ad36c7e69a837dad0eebdf52568a
28100814530,ci-7-sql,pull_request,completed,success,2026-06-24T13:08:41Z,2026-06-24T13:54:40Z,2759,83fdbe71c026ad36c7e69a837dad0eebdf52568a
28100814630,ci-3-tensorflow,pull_request,completed,success,2026-06-24T13:08:41Z,2026-06-24T13:54:16Z,2735,83fdbe71c026ad36c7e69a837dad0eebdf52568a
28100814305,ci-2-scikit-learn,pull_request,completed,success,2026-06-24T13:08:41Z,2026-06-24T13:55:51Z,2830,83fdbe71c026ad36c7e69a837dad0eebdf52568a
28100814515,ci-6-litert,pull_request,completed,success,2026-06-24T13:08:41Z,2026-06-24T13:49:15Z,2434,83fdbe71c026ad36c7e69a837dad0eebdf52568a
28100814381,Style,pull_request,completed,success,2026-06-24T13:08:41Z,2026-06-24T13:52:29Z,2628,83fdbe71c026ad36c7e69a837dad0eebdf52568a
28100814444,Documentation,pull_request,completed,failure,2026-06-24T13:08:41Z,2026-06-24T13:52:19Z,2618,83fdbe71c026ad36c7e69a837dad0eebdf52568a
28100814565,ci-9-transformers,pull_request,completed,cancelled,2026-06-24T13:08:41Z,2026-06-24T14:05:07Z,3386,83fdbe71c026ad36c7e69a837dad0eebdf52568a
28100814511,ci-5-torch,pull_request,completed,cancelled,2026-06-24T13:08:41Z,2026-06-24T14:07:17Z,3516,83fdbe71c026ad36c7e69a837dad0eebdf52568a
28100621538,Addressing comment on PR #2305,dynamic,completed,success,2026-06-24T13:05:25Z,2026-06-24T13:09:03Z,218,e66aebdf0daa26a3b71ce951c0d10a5015344076
28100239438,ci-8-transformers,pull_request,completed,success,2026-06-24T12:59:20Z,2026-06-24T13:14:33Z,913,e66aebdf0daa26a3b71ce951c0d10a5015344076
28100239413,ci-5-torch,pull_request,completed,cancelled,2026-06-24T12:59:19Z,2026-06-24T13:39:00Z,2381,e66aebdf0daa26a3b71ce951c0d10a5015344076
28100239177,PR – report impacted subfolders,pull_request,completed,success,2026-06-24T12:59:19Z,2026-06-24T13:01:57Z,158,e66aebdf0daa26a3b71ce951c0d10a5015344076
28100239163,Spelling,pull_request,completed,success,2026-06-24T12:59:19Z,2026-06-24T13:01:58Z,159,e66aebdf0daa26a3b71ce951c0d10a5015344076
28100239167,Style,pull_request,completed,success,2026-06-24T12:59:19Z,2026-06-24T13:02:03Z,164,e66aebdf0daa26a3b71ce951c0d10a5015344076
28100239221,Build,pull_request,completed,success,2026-06-24T12:59:19Z,2026-06-24T13:02:14Z,175,e66aebdf0daa26a3b71ce951c0d10a5015344076
28100239174,ci-8-perpetual,pull_request,completed,success,2026-06-24T12:59:19Z,2026-06-24T13:02:34Z,195,e66aebdf0daa26a3b71ce951c0d10a5015344076
28100239193,Pyrefly,pull_request,completed,failure,2026-06-24T12:59:19Z,2026-06-24T13:03:56Z,277,e66aebdf0daa26a3b71ce951c0d10a5015344076
28100239362,ci-7-sql,pull_request,completed,success,2026-06-24T12:59:19Z,2026-06-24T13:04:13Z,294,e66aebdf0daa26a3b71ce951c0d10a5015344076
28100239178,Mypy,pull_request,completed,success,2026-06-24T12:59:19Z,2026-06-24T13:04:45Z,326,e66aebdf0daa26a3b71ce951c0d10a5015344076
28100239206,ci-2-scikit-learn,pull_request,completed,success,2026-06-24T12:59:19Z,2026-06-24T13:06:54Z,455,e66aebdf0daa26a3b71ce951c0d10a5015344076
28100239349,ci-3-tensorflow,pull_request,completed,success,2026-06-24T12:59:19Z,2026-06-24T13:08:38Z,559,e66aebdf0daa26a3b71ce951c0d10a5015344076
28100239417,ci-6-litert,pull_request,completed,success,2026-06-24T12:59:19Z,2026-06-24T13:10:05Z,646,e66aebdf0daa26a3b71ce951c0d10a5015344076
28100239220,ci-1-core,pull_request,completed,success,2026-06-24T12:59:19Z,2026-06-24T13:11:20Z,721,e66aebdf0daa26a3b71ce951c0d10a5015344076
28100239365,ci-9-transformers,pull_request,completed,success,2026-06-24T12:59:19Z,2026-06-24T13:12:59Z,820,e66aebdf0daa26a3b71ce951c0d10a5015344076
28100239179,Documentation,pull_request,completed,cancelled,2026-06-24T12:59:19Z,2026-06-24T13:17:24Z,1085,e66aebdf0daa26a3b71ce951c0d10a5015344076
28100239386,ci-4-torch,pull_request,completed,success,2026-06-24T12:59:19Z,2026-06-24T13:18:05Z,1126,e66aebdf0daa26a3b71ce951c0d10a5015344076
28100239190,ci-10-torch-op-db,pull_request,completed,success,2026-06-24T12:59:19Z,2026-06-24T13:20:37Z,1278,e66aebdf0daa26a3b71ce951c0d10a5015344076
28100219403,PR – report impacted subfolders,pull_request,completed,success,2026-06-24T12:59:00Z,2026-06-24T13:10:18Z,678,8620cffb4a3fcbd9af999c795bccfac3677f9e3e
28100204431,PR – report impacted subfolders,pull_request,completed,cancelled,2026-06-24T12:58:45Z,2026-06-24T13:03:29Z,284,8620cffb4a3fcbd9af999c795bccfac3677f9e3e
28100184913,ci-2-scikit-learn,pull_request,completed,success,2026-06-24T12:58:26Z,2026-06-24T13:30:22Z,1916,8620cffb4a3fcbd9af999c795bccfac3677f9e3e
28100185060,ci-8-transformers,pull_request,completed,success,2026-06-24T12:58:26Z,2026-06-24T13:24:49Z,1583,8620cffb4a3fcbd9af999c795bccfac3677f9e3e
28100185082,ci-9-transformers,pull_request,completed,success,2026-06-24T12:58:26Z,2026-06-24T13:25:00Z,1594,8620cffb4a3fcbd9af999c795bccfac3677f9e3e
28100185019,ci-5-torch,pull_request,completed,success,2026-06-24T12:58:26Z,2026-06-24T13:25:46Z,1640,8620cffb4a3fcbd9af999c795bccfac3677f9e3e
28100185079,ci-4-torch,pull_request,completed,success,2026-06-24T12:58:26Z,2026-06-24T13:31:45Z,1999,8620cffb4a3fcbd9af999c795bccfac3677f9e3e
28100184850,PR – report impacted subfolders,pull_request,completed,cancelled,2026-06-24T12:58:26Z,2026-06-24T13:03:28Z,302,8620cffb4a3fcbd9af999c795bccfac3677f9e3e
28100185073,PR – report impacted subfolders,pull_request,completed,cancelled,2026-06-24T12:58:26Z,2026-06-24T13:03:30Z,304,8620cffb4a3fcbd9af999c795bccfac3677f9e3e
28100184892,Build,pull_request,completed,success,2026-06-24T12:58:26Z,2026-06-24T13:04:49Z,383,8620cffb4a3fcbd9af999c795bccfac3677f9e3e
28100184874,Mypy,pull_request,completed,success,2026-06-24T12:58:26Z,2026-06-24T13:06:54Z,508,8620cffb4a3fcbd9af999c795bccfac3677f9e3e
28100184853,Spelling,pull_request,completed,success,2026-06-24T12:58:26Z,2026-06-24T13:08:00Z,574,8620cffb4a3fcbd9af999c795bccfac3677f9e3e
28100184865,Style,pull_request,completed,success,2026-06-24T12:58:26Z,2026-06-24T13:13:07Z,881,8620cffb4a3fcbd9af999c795bccfac3677f9e3e
28100184860,Pyrefly,pull_request,completed,success,2026-06-24T12:58:26Z,2026-06-24T13:13:24Z,898,8620cffb4a3fcbd9af999c795bccfac3677f9e3e
28100185043,ci-7-sql,pull_request,completed,success,2026-06-24T12:58:26Z,2026-06-24T13:14:38Z,972,8620cffb4a3fcbd9af999c795bccfac3677f9e3e
28100185028,ci-6-litert,pull_request,completed,success,2026-06-24T12:58:26Z,2026-06-24T13:20:10Z,1304,8620cffb4a3fcbd9af999c795bccfac3677f9e3e
28100184988,ci-3-tensorflow,pull_request,completed,success,2026-06-24T12:58:26Z,2026-06-24T13:20:31Z,1325,8620cffb4a3fcbd9af999c795bccfac3677f9e3e
28100184838,ci-10-torch-op-db,pull_request,completed,success,2026-06-24T12:58:26Z,2026-06-24T13:23:48Z,1522,8620cffb4a3fcbd9af999c795bccfac3677f9e3e
28100184952,ci-1-core,pull_request,completed,success,2026-06-24T12:58:26Z,2026-06-24T13:24:31Z,1565,8620cffb4a3fcbd9af999c795bccfac3677f9e3e
28099989275,Addressing comment on PR #2305,dynamic,completed,success,2026-06-24T12:55:05Z,2026-06-24T13:00:20Z,315,d352b703ba6fc4375fb66691b2cbda479a2daad1
28099872925,Running Copilot cloud agent,dynamic,completed,success,2026-06-24T12:53:08Z,2026-06-24T12:59:04Z,356,825a1e754c0acc76688d04fc6794fb0b2d961da7
28098194533,PR – report impacted subfolders,pull_request,completed,success,2026-06-24T12:23:36Z,2026-06-24T12:48:44Z,1508,d352b703ba6fc4375fb66691b2cbda479a2daad1
28098171668,PR – report impacted subfolders,pull_request,completed,cancelled,2026-06-24T12:23:13Z,2026-06-24T12:48:27Z,1514,d352b703ba6fc4375fb66691b2cbda479a2daad1
28098119156,ci-8-transformers,pull_request,completed,success,2026-06-24T12:22:16Z,2026-06-24T12:55:29Z,1993,d352b703ba6fc4375fb66691b2cbda479a2daad1
28098119196,ci-9-transformers,pull_request,completed,success,2026-06-24T12:22:16Z,2026-06-24T12:56:52Z,2076,d352b703ba6fc4375fb66691b2cbda479a2daad1
28098119251,ci-3-tensorflow,pull_request,completed,success,2026-06-24T12:22:16Z,2026-06-24T12:58:04Z,2148,d352b703ba6fc4375fb66691b2cbda479a2daad1
28098119137,ci-4-torch,pull_request,completed,success,2026-06-24T12:22:16Z,2026-06-24T13:01:37Z,2361,d352b703ba6fc4375fb66691b2cbda479a2daad1
28098119016,Documentation,pull_request,completed,cancelled,2026-06-24T12:22:16Z,2026-06-24T13:02:04Z,2388,d352b703ba6fc4375fb66691b2cbda479a2daad1
28098119043,ci-10-torch-op-db,pull_request,completed,cancelled,2026-06-24T12:22:16Z,2026-06-24T13:02:03Z,2387,d352b703ba6fc4375fb66691b2cbda479a2daad1
28098119190,ci-5-torch,pull_request,completed,cancelled,2026-06-24T12:22:16Z,2026-06-24T13:07:19Z,2703,d352b703ba6fc4375fb66691b2cbda479a2daad1
28098119348,PR – report impacted subfolders,pull_request,completed,cancelled,2026-06-24T12:22:16Z,2026-06-24T12:48:27Z,1571,d352b703ba6fc4375fb66691b2cbda479a2daad1
28098119034,PR – report impacted subfolders,pull_request,completed,cancelled,2026-06-24T12:22:16Z,2026-06-24T12:48:27Z,1571,d352b703ba6fc4375fb66691b2cbda479a2daad1
28098119032,Style,pull_request,completed,success,2026-06-24T12:22:16Z,2026-06-24T12:48:35Z,1579,d352b703ba6fc4375fb66691b2cbda479a2daad1
28098119026,Spelling,pull_request,completed,success,2026-06-24T12:22:16Z,2026-06-24T12:48:35Z,1579,d352b703ba6fc4375fb66691b2cbda479a2daad1
28098119060,Build,pull_request,completed,success,2026-06-24T12:22:16Z,2026-06-24T12:48:49Z,1593,d352b703ba6fc4375fb66691b2cbda479a2daad1
28098119126,ci-8-perpetual,pull_request,completed,success,2026-06-24T12:22:16Z,2026-06-24T12:49:13Z,1617,d352b703ba6fc4375fb66691b2cbda479a2daad1
28098119025,Pyrefly,pull_request,completed,failure,2026-06-24T12:22:16Z,2026-06-24T12:50:26Z,1690,d352b703ba6fc4375fb66691b2cbda479a2daad1
28098119187,ci-7-sql,pull_request,completed,success,2026-06-24T12:22:16Z,2026-06-24T12:50:28Z,1692,d352b703ba6fc4375fb66691b2cbda479a2daad1
28098119087,Mypy,pull_request,completed,success,2026-06-24T12:22:16Z,2026-06-24T12:51:08Z,1732,d352b703ba6fc4375fb66691b2cbda479a2daad1
28098119194,ci-6-litert,pull_request,completed,success,2026-06-24T12:22:16Z,2026-06-24T12:52:00Z,1784,d352b703ba6fc4375fb66691b2cbda479a2daad1
28098119030,ci-2-scikit-learn,pull_request,completed,failure,2026-06-24T12:22:16Z,2026-06-24T12:52:44Z,1828,d352b703ba6fc4375fb66691b2cbda479a2daad1
28098119051,ci-1-core,pull_request,completed,success,2026-06-24T12:22:16Z,2026-06-24T12:52:44Z,1828,d352b703ba6fc4375fb66691b2cbda479a2daad1
28097390398,Running Copilot cloud agent,dynamic,completed,success,2026-06-24T12:09:03Z,2026-06-24T12:23:38Z,875,fc6c193fa54cd4e14e7ebddf95e12ca7ab052124
28085019499,ci-10-gallery-transformers,schedule,completed,success,2026-06-24T08:17:19Z,2026-06-24T08:19:22Z,123,4b53bb84414d45a3a4e3b3f3d4336bba756a11a1
28083563565,ci-6-litert,schedule,completed,success,2026-06-24T07:49:19Z,2026-06-24T07:50:21Z,62,4b53bb84414d45a3a4e3b3f3d4336bba756a11a1
28083272189,ci-9-transformers,schedule,completed,success,2026-06-24T07:43:33Z,2026-06-24T07:52:21Z,528,4b53bb84414d45a3a4e3b3f3d4336bba756a11a1
28082978224,ci-2-scikit-learn,schedule,completed,success,2026-06-24T07:37:34Z,2026-06-24T07:41:49Z,255,4b53bb84414d45a3a4e3b3f3d4336bba756a11a1
28082737693,ci-3-tensorflow,schedule,completed,success,2026-06-24T07:32:40Z,2026-06-24T07:37:50Z,310,4b53bb84414d45a3a4e3b3f3d4336bba756a11a1
28082660689,ci-7-sql,schedule,completed,success,2026-06-24T07:31:07Z,2026-06-24T07:32:28Z,81,4b53bb84414d45a3a4e3b3f3d4336bba756a11a1
28080077853,ci-8-transformers,schedule,completed,success,2026-06-24T06:35:57Z,2026-06-24T06:42:50Z,413,4b53bb84414d45a3a4e3b3f3d4336bba756a11a1
28043428779,ci-9-transformers,push,completed,success,2026-06-23T17:12:02Z,2026-06-23T17:24:42Z,760,4b53bb84414d45a3a4e3b3f3d4336bba756a11a1
28043428853,ci-5-torch,push,completed,success,2026-06-23T17:12:02Z,2026-06-23T17:32:53Z,1251,4b53bb84414d45a3a4e3b3f3d4336bba756a11a1
28043427891,ci-3-tensorflow,push,completed,success,2026-06-23T17:12:01Z,2026-06-23T17:22:01Z,600,4b53bb84414d45a3a4e3b3f3d4336bba756a11a1
28043427230,Pyrefly,push,completed,success,2026-06-23T17:12:00Z,2026-06-23T17:17:03Z,303,4b53bb84414d45a3a4e3b3f3d4336bba756a11a1
28043427002,ci-1-core,push,completed,success,2026-06-23T17:12:00Z,2026-06-23T17:19:02Z,422,4b53bb84414d45a3a4e3b3f3d4336bba756a11a1
28043427141,Spelling,push,completed,success,2026-06-23T17:12:00Z,2026-06-23T17:12:19Z,19,4b53bb84414d45a3a4e3b3f3d4336bba756a11a1
28043427142,Build,push,completed,success,2026-06-23T17:12:00Z,2026-06-23T17:12:35Z,35,4b53bb84414d45a3a4e3b3f3d4336bba756a11a1
28043427153,Style,push,completed,success,2026-06-23T17:12:00Z,2026-06-23T17:14:19Z,139,4b53bb84414d45a3a4e3b3f3d4336bba756a11a1
28043427241,ci-7-sql,push,completed,success,2026-06-23T17:12:00Z,2026-06-23T17:14:58Z,178,4b53bb84414d45a3a4e3b3f3d4336bba756a11a1
28043426626,ci-6-litert,push,completed,success,2026-06-23T17:11:59Z,2026-06-23T17:15:24Z,205,4b53bb84414d45a3a4e3b3f3d4336bba756a11a1
28043426586,ci-4-torch,push,completed,success,2026-06-23T17:11:59Z,2026-06-23T17:24:33Z,754,4b53bb84414d45a3a4e3b3f3d4336bba756a11a1
28043426496,ci-10-torch-op-db,push,completed,success,2026-06-23T17:11:59Z,2026-06-23T17:32:17Z,1218,4b53bb84414d45a3a4e3b3f3d4336bba756a11a1
28043425779,ci-2-scikit-learn,push,completed,success,2026-06-23T17:11:58Z,2026-06-23T17:16:21Z,263,4b53bb84414d45a3a4e3b3f3d4336bba756a11a1
28043425751,Mypy,push,completed,success,2026-06-23T17:11:58Z,2026-06-23T17:15:02Z,184,4b53bb84414d45a3a4e3b3f3d4336bba756a11a1
28043423995,ci-8-transformers,push,completed,success,2026-06-23T17:11:57Z,2026-06-23T17:18:59Z,422,4b53bb84414d45a3a4e3b3f3d4336bba756a11a1
28040692357,PR – report impacted subfolders,pull_request,completed,cancelled,2026-06-23T16:27:00Z,2026-06-23T16:32:32Z,332,a51360ff6edea39626063e94e522a9d331fc212b
28040666554,ci-2-scikit-learn,pull_request,completed,success,2026-06-23T16:26:34Z,2026-06-23T16:42:17Z,943,a51360ff6edea39626063e94e522a9d331fc212b
28040663062,Build,pull_request,completed,success,2026-06-23T16:26:31Z,2026-06-23T16:36:51Z,620,a51360ff6edea39626063e94e522a9d331fc212b
28040663064,Spelling,pull_request,completed,success,2026-06-23T16:26:31Z,2026-06-23T16:37:14Z,643,a51360ff6edea39626063e94e522a9d331fc212b
28040663085,Pyrefly,pull_request,completed,success,2026-06-23T16:26:31Z,2026-06-23T16:38:38Z,727,a51360ff6edea39626063e94e522a9d331fc212b
28040663105,ci-3-tensorflow,pull_request,completed,success,2026-06-23T16:26:31Z,2026-06-23T16:44:08Z,1057,a51360ff6edea39626063e94e522a9d331fc212b
28040660913,ci-6-litert,pull_request,completed,success,2026-06-23T16:26:29Z,2026-06-23T16:38:01Z,692,a51360ff6edea39626063e94e522a9d331fc212b
28040661802,ci-7-sql,pull_request,completed,success,2026-06-23T16:26:29Z,2026-06-23T16:41:51Z,922,a51360ff6edea39626063e94e522a9d331fc212b
28040661679,ci-1-core,pull_request,completed,success,2026-06-23T16:26:29Z,2026-06-23T16:43:43Z,1034,a51360ff6edea39626063e94e522a9d331fc212b
28040660907,ci-4-torch,pull_request,completed,success,2026-06-23T16:26:29Z,2026-06-23T16:50:34Z,1445,a51360ff6edea39626063e94e522a9d331fc212b
28040661862,ci-8-transformers,pull_request,completed,success,2026-06-23T16:26:29Z,2026-06-23T16:47:09Z,1240,a51360ff6edea39626063e94e522a9d331fc212b
28040661781,ci-9-transformers,pull_request,completed,success,2026-06-23T16:26:29Z,2026-06-23T16:48:48Z,1339,a51360ff6edea39626063e94e522a9d331fc212b
28040660911,ci-5-torch,pull_request,completed,success,2026-06-23T16:26:29Z,2026-06-23T16:56:24Z,1795,a51360ff6edea39626063e94e522a9d331fc212b
28040660718,PR – report impacted subfolders,pull_request,completed,success,2026-06-23T16:26:28Z,2026-06-23T16:34:15Z,467,a51360ff6edea39626063e94e522a9d331fc212b
28040660732,Style,pull_request,completed,success,2026-06-23T16:26:28Z,2026-06-23T16:37:02Z,634,a51360ff6edea39626063e94e522a9d331fc212b
28040660717,ci-11-onnx-light,pull_request,completed,failure,2026-06-23T16:26:28Z,2026-06-23T16:37:04Z,636,a51360ff6edea39626063e94e522a9d331fc212b
28040660721,Mypy,pull_request,completed,success,2026-06-23T16:26:28Z,2026-06-23T16:40:06Z,818,a51360ff6edea39626063e94e522a9d331fc212b
28040660756,ci-10-torch-op-db,pull_request,completed,success,2026-06-23T16:26:28Z,2026-06-23T16:56:36Z,1808,a51360ff6edea39626063e94e522a9d331fc212b
28040543801,Addressing comment on PR #2299,dynamic,completed,success,2026-06-23T16:24:32Z,2026-06-23T16:26:58Z,146,cfaa6a53bbc90784c27a0bfaed3c43ccb51faa42
28035676428,PR – report impacted subfolders,pull_request,completed,cancelled,2026-06-23T15:06:04Z,2026-06-23T16:19:45Z,4421,cfaa6a53bbc90784c27a0bfaed3c43ccb51faa42
28035621986,ci-4-torch,pull_request,completed,success,2026-06-23T15:05:12Z,2026-06-23T16:29:25Z,5053,cfaa6a53bbc90784c27a0bfaed3c43ccb51faa42
28035622510,ci-5-torch,pull_request,completed,cancelled,2026-06-23T15:05:12Z,2026-06-23T16:35:39Z,5427,cfaa6a53bbc90784c27a0bfaed3c43ccb51faa42
28035622725,ci-7-sql,pull_request,completed,success,2026-06-23T15:05:12Z,2026-06-23T16:21:08Z,4556,cfaa6a53bbc90784c27a0bfaed3c43ccb51faa42
28035622038,ci-9-transformers,pull_request,completed,success,2026-06-23T15:05:12Z,2026-06-23T16:27:32Z,4940,cfaa6a53bbc90784c27a0bfaed3c43ccb51faa42
28035622568,ci-8-transformers,pull_request,completed,success,2026-06-23T15:05:12Z,2026-06-23T16:27:29Z,4937,cfaa6a53bbc90784c27a0bfaed3c43ccb51faa42
28035621295,ci-10-torch-op-db,pull_request,completed,cancelled,2026-06-23T15:05:11Z,2026-06-23T16:32:41Z,5250,cfaa6a53bbc90784c27a0bfaed3c43ccb51faa42
28035621134,Style,pull_request,completed,success,2026-06-23T15:05:11Z,2026-06-23T16:19:56Z,4485,cfaa6a53bbc90784c27a0bfaed3c43ccb51faa42
28035620949,PR – report impacted subfolders,pull_request,completed,success,2026-06-23T15:05:11Z,2026-06-23T16:19:58Z,4487,cfaa6a53bbc90784c27a0bfaed3c43ccb51faa42
28035621119,ci-11-onnx-light,pull_request,completed,failure,2026-06-23T15:05:11Z,2026-06-23T16:20:36Z,4525,cfaa6a53bbc90784c27a0bfaed3c43ccb51faa42
28035621537,Build,pull_request,completed,success,2026-06-23T15:05:11Z,2026-06-23T16:19:57Z,4486,cfaa6a53bbc90784c27a0bfaed3c43ccb51faa42
28035621320,ci-6-litert,pull_request,completed,success,2026-06-23T15:05:11Z,2026-06-23T16:21:00Z,4549,cfaa6a53bbc90784c27a0bfaed3c43ccb51faa42
28035621480,Pyrefly,pull_request,completed,success,2026-06-23T15:05:11Z,2026-06-23T16:21:41Z,4590,cfaa6a53bbc90784c27a0bfaed3c43ccb51faa42
28035621345,ci-2-scikit-learn,pull_request,completed,success,2026-06-23T15:05:11Z,2026-06-23T16:24:08Z,4737,cfaa6a53bbc90784c27a0bfaed3c43ccb51faa42
28035620816,Spelling,pull_request,completed,success,2026-06-23T15:05:10Z,2026-06-23T16:19:53Z,4483,cfaa6a53bbc90784c27a0bfaed3c43ccb51faa42
28035620826,Mypy,pull_request,completed,success,2026-06-23T15:05:10Z,2026-06-23T16:22:40Z,4650,cfaa6a53bbc90784c27a0bfaed3c43ccb51faa42
28035620873,ci-1-core,pull_request,completed,success,2026-06-23T15:05:10Z,2026-06-23T16:24:01Z,4731,cfaa6a53bbc90784c27a0bfaed3c43ccb51faa42
28035620831,ci-3-tensorflow,pull_request,completed,success,2026-06-23T15:05:10Z,2026-06-23T16:25:07Z,4797,cfaa6a53bbc90784c27a0bfaed3c43ccb51faa42
28034806795,PR – report impacted subfolders,pull_request,completed,success,2026-06-23T14:51:21Z,2026-06-23T16:25:12Z,5631,aafa2054a068eecbd862360b75433511af1e8cc1
28034767138,Mypy,pull_request,completed,success,2026-06-23T14:50:40Z,2026-06-23T16:27:52Z,5832,aafa2054a068eecbd862360b75433511af1e8cc1
28034767468,ci-7-sql,pull_request,completed,success,2026-06-23T14:50:40Z,2026-06-23T16:28:47Z,5887,aafa2054a068eecbd862360b75433511af1e8cc1
28034767232,ci-2-scikit-learn,pull_request,completed,success,2026-06-23T14:50:40Z,2026-06-23T16:29:35Z,5935,aafa2054a068eecbd862360b75433511af1e8cc1
28034767306,ci-3-tensorflow,pull_request,completed,success,2026-06-23T14:50:40Z,2026-06-23T16:30:15Z,5975,aafa2054a068eecbd862360b75433511af1e8cc1
28034767127,ci-1-core,pull_request,completed,success,2026-06-23T14:50:40Z,2026-06-23T16:31:23Z,6043,aafa2054a068eecbd862360b75433511af1e8cc1
28034767389,ci-8-transformers,pull_request,completed,success,2026-06-23T14:50:40Z,2026-06-23T16:31:24Z,6044,aafa2054a068eecbd862360b75433511af1e8cc1
28034767402,ci-9-transformers,pull_request,completed,success,2026-06-23T14:50:40Z,2026-06-23T16:35:01Z,6261,aafa2054a068eecbd862360b75433511af1e8cc1
28034767234,ci-10-torch-op-db,pull_request,completed,success,2026-06-23T14:50:40Z,2026-06-23T16:36:24Z,6344,aafa2054a068eecbd862360b75433511af1e8cc1
28034767251,PR – report impacted subfolders,pull_request,completed,cancelled,2026-06-23T14:50:40Z,2026-06-23T16:24:50Z,5650,aafa2054a068eecbd862360b75433511af1e8cc1
28034767113,Style,pull_request,completed,success,2026-06-23T14:50:40Z,2026-06-23T16:24:54Z,5654,aafa2054a068eecbd862360b75433511af1e8cc1
28034767257,Spelling,pull_request,completed,success,2026-06-23T14:50:40Z,2026-06-23T16:25:00Z,5660,aafa2054a068eecbd862360b75433511af1e8cc1
28034767366,Build,pull_request,completed,success,2026-06-23T14:50:40Z,2026-06-23T16:25:24Z,5684,aafa2054a068eecbd862360b75433511af1e8cc1
28034767333,ci-6-litert,pull_request,completed,success,2026-06-23T14:50:40Z,2026-06-23T16:26:13Z,5733,aafa2054a068eecbd862360b75433511af1e8cc1
28034767108,Pyrefly,pull_request,completed,success,2026-06-23T14:50:40Z,2026-06-23T16:26:46Z,5766,aafa2054a068eecbd862360b75433511af1e8cc1
28034767406,ci-4-torch,pull_request,completed,success,2026-06-23T14:50:40Z,2026-06-23T16:38:44Z,6484,aafa2054a068eecbd862360b75433511af1e8cc1
28034767359,ci-5-torch,pull_request,completed,success,2026-06-23T14:50:40Z,2026-06-23T16:43:25Z,6765,aafa2054a068eecbd862360b75433511af1e8cc1
28034632829,Addressing comment on PR #2303,dynamic,completed,success,2026-06-23T14:48:14Z,2026-06-23T14:51:25Z,191,a3b34389aef9aef76a0d3aa158d4b1aca84d69b2
28034556768,Addressing comment on PR #2299,dynamic,completed,success,2026-06-23T14:46:51Z,2026-06-23T15:06:03Z,1152,a68d081f12560ab2ae307cb94c1cb0323b975ba5
28032477445,PR – report impacted subfolders,pull_request,completed,action_required,2026-06-23T14:10:09Z,2026-06-23T14:10:09Z,0,a68d081f12560ab2ae307cb94c1cb0323b975ba5
28032412893,ci-7-sql,pull_request,completed,success,2026-06-23T14:09:07Z,2026-06-23T14:25:59Z,1012,a68d081f12560ab2ae307cb94c1cb0323b975ba5
28032411681,ci-8-transformers,pull_request,completed,success,2026-06-23T14:09:06Z,2026-06-23T14:23:27Z,861,a68d081f12560ab2ae307cb94c1cb0323b975ba5
28032411907,ci-11-onnx-light,pull_request,completed,failure,2026-06-23T14:09:06Z,2026-06-23T14:24:45Z,939,a68d081f12560ab2ae307cb94c1cb0323b975ba5
28032412169,ci-6-litert,pull_request,completed,success,2026-06-23T14:09:06Z,2026-06-23T14:34:59Z,1553,a68d081f12560ab2ae307cb94c1cb0323b975ba5
28032411696,ci-1-core,pull_request,completed,success,2026-06-23T14:09:06Z,2026-06-23T14:36:18Z,1632,a68d081f12560ab2ae307cb94c1cb0323b975ba5
28032411440,ci-3-tensorflow,pull_request,completed,success,2026-06-23T14:09:06Z,2026-06-23T14:38:47Z,1781,a68d081f12560ab2ae307cb94c1cb0323b975ba5
28032411675,ci-5-torch,pull_request,completed,success,2026-06-23T14:09:06Z,2026-06-23T14:42:31Z,2005,a68d081f12560ab2ae307cb94c1cb0323b975ba5
28032411398,ci-9-transformers,pull_request,completed,success,2026-06-23T14:09:06Z,2026-06-23T14:43:15Z,2049,a68d081f12560ab2ae307cb94c1cb0323b975ba5
28032411958,ci-4-torch,pull_request,completed,success,2026-06-23T14:09:06Z,2026-06-23T14:43:01Z,2035,a68d081f12560ab2ae307cb94c1cb0323b975ba5
28032411347,Spelling,pull_request,completed,success,2026-06-23T14:09:05Z,2026-06-23T14:23:29Z,864,a68d081f12560ab2ae307cb94c1cb0323b975ba5
28032410536,Pyrefly,pull_request,completed,success,2026-06-23T14:09:05Z,2026-06-23T14:24:44Z,939,a68d081f12560ab2ae307cb94c1cb0323b975ba5
28032411248,Build,pull_request,completed,success,2026-06-23T14:09:05Z,2026-06-23T14:12:14Z,189,a68d081f12560ab2ae307cb94c1cb0323b975ba5
28032410702,Style,pull_request,completed,success,2026-06-23T14:09:05Z,2026-06-23T14:14:46Z,341,a68d081f12560ab2ae307cb94c1cb0323b975ba5
28032411082,ci-2-scikit-learn,pull_request,completed,success,2026-06-23T14:09:05Z,2026-06-23T14:32:12Z,1387,a68d081f12560ab2ae307cb94c1cb0323b975ba5
28032410172,Mypy,pull_request,completed,success,2026-06-23T14:09:04Z,2026-06-23T14:17:13Z,489,a68d081f12560ab2ae307cb94c1cb0323b975ba5
28032410135,PR – report impacted subfolders,pull_request,completed,success,2026-06-23T14:09:04Z,2026-06-23T14:22:35Z,811,a68d081f12560ab2ae307cb94c1cb0323b975ba5
28032410273,ci-10-torch-op-db,pull_request,completed,success,2026-06-23T14:09:04Z,2026-06-23T14:40:41Z,1897,a68d081f12560ab2ae307cb94c1cb0323b975ba5
28032215863,Addressing comment on PR #2299,dynamic,completed,success,2026-06-23T14:05:59Z,2026-06-23T14:10:10Z,251,9be62387c62e925dff26babfedf2ff3db4691f03
28032171403,ci-10-torch-op-db,push,completed,success,2026-06-23T14:05:18Z,2026-06-23T14:24:46Z,1168,da5b06c9345522ee333ed9d65aec430e991faa48
28032170332,ci-4-torch,push,completed,success,2026-06-23T14:05:17Z,2026-06-23T14:23:17Z,1080,da5b06c9345522ee333ed9d65aec430e991faa48
28032169941,Pyrefly,push,completed,success,2026-06-23T14:05:17Z,2026-06-23T14:08:04Z,167,da5b06c9345522ee333ed9d65aec430e991faa48
28032169309,ci-7-sql,push,completed,success,2026-06-23T14:05:16Z,2026-06-23T14:17:52Z,756,da5b06c9345522ee333ed9d65aec430e991faa48
28032169713,ci-3-tensorflow,push,completed,success,2026-06-23T14:05:16Z,2026-06-23T14:22:52Z,1056,da5b06c9345522ee333ed9d65aec430e991faa48
28032169119,ci-9-transformers,push,completed,success,2026-06-23T14:05:16Z,2026-06-23T14:24:37Z,1161,da5b06c9345522ee333ed9d65aec430e991faa48
28032169489,ci-6-litert,push,completed,success,2026-06-23T14:05:16Z,2026-06-23T14:24:33Z,1157,da5b06c9345522ee333ed9d65aec430e991faa48
28032169443,Mypy,push,completed,success,2026-06-23T14:05:16Z,2026-06-23T14:11:15Z,359,da5b06c9345522ee333ed9d65aec430e991faa48
28032169071,ci-8-transformers,push,completed,success,2026-06-23T14:05:16Z,2026-06-23T14:13:06Z,470,da5b06c9345522ee333ed9d65aec430e991faa48
28032168499,ci-1-core,push,completed,success,2026-06-23T14:05:15Z,2026-06-23T14:22:43Z,1048,da5b06c9345522ee333ed9d65aec430e991faa48
28032167592,ci-5-torch,push,completed,success,2026-06-23T14:05:15Z,2026-06-23T14:24:20Z,1145,da5b06c9345522ee333ed9d65aec430e991faa48
28032167428,Style,push,completed,success,2026-06-23T14:05:15Z,2026-06-23T14:08:19Z,184,da5b06c9345522ee333ed9d65aec430e991faa48
28032167964,Build,push,completed,success,2026-06-23T14:05:15Z,2026-06-23T14:06:11Z,56,da5b06c9345522ee333ed9d65aec430e991faa48
28032167933,ci-2-scikit-learn,push,completed,success,2026-06-23T14:05:15Z,2026-06-23T14:14:05Z,530,da5b06c9345522ee333ed9d65aec430e991faa48
28032168154,Spelling,push,completed,success,2026-06-23T14:05:15Z,2026-06-23T14:14:38Z,563,da5b06c9345522ee333ed9d65aec430e991faa48
28031997124,PR – report impacted subfolders,pull_request,completed,success,2026-06-23T14:02:41Z,2026-06-23T14:10:13Z,452,a3b34389aef9aef76a0d3aa158d4b1aca84d69b2
28031918297,ci-6-litert,pull_request,completed,success,2026-06-23T14:01:30Z,2026-06-23T14:27:48Z,1578,a3b34389aef9aef76a0d3aa158d4b1aca84d69b2
28031916477,ci-7-sql,pull_request,completed,success,2026-06-23T14:01:29Z,2026-06-23T14:26:10Z,1481,a3b34389aef9aef76a0d3aa158d4b1aca84d69b2
28031916487,ci-3-tensorflow,pull_request,completed,success,2026-06-23T14:01:29Z,2026-06-23T14:38:14Z,2205,a3b34389aef9aef76a0d3aa158d4b1aca84d69b2
28031917047,ci-2-scikit-learn,pull_request,completed,success,2026-06-23T14:01:29Z,2026-06-23T14:27:21Z,1552,a3b34389aef9aef76a0d3aa158d4b1aca84d69b2
28031916351,ci-5-torch,pull_request,completed,success,2026-06-23T14:01:29Z,2026-06-23T14:50:40Z,2951,a3b34389aef9aef76a0d3aa158d4b1aca84d69b2
28031915823,Pyrefly,pull_request,completed,failure,2026-06-23T14:01:28Z,2026-06-23T14:10:16Z,528,a3b34389aef9aef76a0d3aa158d4b1aca84d69b2
28031915845,PR – report impacted subfolders,pull_request,completed,cancelled,2026-06-23T14:01:28Z,2026-06-23T14:06:13Z,285,a3b34389aef9aef76a0d3aa158d4b1aca84d69b2
28031915958,Spelling,pull_request,completed,success,2026-06-23T14:01:28Z,2026-06-23T14:08:09Z,401,a3b34389aef9aef76a0d3aa158d4b1aca84d69b2
28031915882,ci-10-torch-op-db,pull_request,completed,success,2026-06-23T14:01:28Z,2026-06-23T14:35:16Z,2028,a3b34389aef9aef76a0d3aa158d4b1aca84d69b2
28031915834,ci-1-core,pull_request,completed,success,2026-06-23T14:01:28Z,2026-06-23T14:27:34Z,1566,a3b34389aef9aef76a0d3aa158d4b1aca84d69b2
28031915383,ci-4-torch,pull_request,completed,success,2026-06-23T14:01:28Z,2026-06-23T14:43:59Z,2551,a3b34389aef9aef76a0d3aa158d4b1aca84d69b2
28031914117,Mypy,pull_request,completed,success,2026-06-23T14:01:27Z,2026-06-23T14:23:34Z,1327,a3b34389aef9aef76a0d3aa158d4b1aca84d69b2
28031914156,Style,pull_request,completed,success,2026-06-23T14:01:27Z,2026-06-23T14:10:36Z,549,a3b34389aef9aef76a0d3aa158d4b1aca84d69b2
28031915177,Build,pull_request,completed,success,2026-06-23T14:01:27Z,2026-06-23T14:10:32Z,545,a3b34389aef9aef76a0d3aa158d4b1aca84d69b2
28031913545,ci-8-transformers,pull_request,completed,success,2026-06-23T14:01:26Z,2026-06-23T14:24:01Z,1355,a3b34389aef9aef76a0d3aa158d4b1aca84d69b2
28031913616,ci-9-transformers,pull_request,completed,success,2026-06-23T14:01:26Z,2026-06-23T14:35:59Z,2073,a3b34389aef9aef76a0d3aa158d4b1aca84d69b2
28031651028,PR – report impacted subfolders,pull_request,completed,action_required,2026-06-23T13:57:29Z,2026-06-23T13:57:29Z,0,9be62387c62e925dff26babfedf2ff3db4691f03
28031625207,ci-4-torch,pull_request,completed,action_required,2026-06-23T13:57:04Z,2026-06-23T13:57:04Z,0,9be62387c62e925dff26babfedf2ff3db4691f03
28031623774,ci-8-transformers,pull_request,completed,action_required,2026-06-23T13:57:03Z,2026-06-23T13:57:03Z,0,9be62387c62e925dff26babfedf2ff3db4691f03
28031623533,ci-2-scikit-learn,pull_request,completed,action_required,2026-06-23T13:57:03Z,2026-06-23T13:57:03Z,0,9be62387c62e925dff26babfedf2ff3db4691f03
28031623635,ci-9-transformers,pull_request,completed,action_required,2026-06-23T13:57:03Z,2026-06-23T13:57:03Z,0,9be62387c62e925dff26babfedf2ff3db4691f03
28031623785,ci-3-tensorflow,pull_request,completed,action_required,2026-06-23T13:57:03Z,2026-06-23T13:57:03Z,0,9be62387c62e925dff26babfedf2ff3db4691f03
28031622318,Build,pull_request,completed,action_required,2026-06-23T13:57:02Z,2026-06-23T13:57:02Z,0,9be62387c62e925dff26babfedf2ff3db4691f03
28031622401,ci-11-onnx-light,pull_request,completed,action_required,2026-06-23T13:57:02Z,2026-06-23T13:57:02Z,0,9be62387c62e925dff26babfedf2ff3db4691f03
28031622796,Style,pull_request,completed,action_required,2026-06-23T13:57:02Z,2026-06-23T13:57:02Z,0,9be62387c62e925dff26babfedf2ff3db4691f03
28031622830,Spelling,pull_request,completed,action_required,2026-06-23T13:57:02Z,2026-06-23T13:57:02Z,0,9be62387c62e925dff26babfedf2ff3db4691f03
28031622884,PR – report impacted subfolders,pull_request,completed,action_required,2026-06-23T13:57:02Z,2026-06-23T13:57:02Z,0,9be62387c62e925dff26babfedf2ff3db4691f03
28031621262,ci-5-torch,pull_request,completed,action_required,2026-06-23T13:57:01Z,2026-06-23T13:57:01Z,0,9be62387c62e925dff26babfedf2ff3db4691f03
28031621351,ci-7-sql,pull_request,completed,action_required,2026-06-23T13:57:01Z,2026-06-23T13:57:01Z,0,9be62387c62e925dff26babfedf2ff3db4691f03
28031621294,ci-6-litert,pull_request,completed,action_required,2026-06-23T13:57:01Z,2026-06-23T13:57:01Z,0,9be62387c62e925dff26babfedf2ff3db4691f03
28031621085,Mypy,pull_request,completed,action_required,2026-06-23T13:57:00Z,2026-06-23T13:57:00Z,0,9be62387c62e925dff26babfedf2ff3db4691f03
28031621117,Pyrefly,pull_request,completed,action_required,2026-06-23T13:57:00Z,2026-06-23T13:57:00Z,0,9be62387c62e925dff26babfedf2ff3db4691f03
28031621114,ci-10-torch-op-db,pull_request,completed,action_required,2026-06-23T13:57:00Z,2026-06-23T13:57:00Z,0,9be62387c62e925dff26babfedf2ff3db4691f03
28031621123,ci-1-core,pull_request,completed,action_required,2026-06-23T13:57:00Z,2026-06-23T13:57:00Z,0,9be62387c62e925dff26babfedf2ff3db4691f03
28031619554,Addressing comment on PR #2303,dynamic,completed,success,2026-06-23T13:56:59Z,2026-06-23T14:02:40Z,341,dcdf760037d52f8bd66cf546b2899ea0b0e8e049
28031610403,PR – report impacted subfolders,pull_request,completed,success,2026-06-23T13:56:50Z,2026-06-23T14:00:30Z,220,dcdf760037d52f8bd66cf546b2899ea0b0e8e049
28031575465,ci-7-sql,pull_request,completed,success,2026-06-23T13:56:18Z,2026-06-23T14:01:25Z,307,dcdf760037d52f8bd66cf546b2899ea0b0e8e049
28031576089,ci-4-torch,pull_request,completed,cancelled,2026-06-23T13:56:18Z,2026-06-23T14:17:13Z,1255,dcdf760037d52f8bd66cf546b2899ea0b0e8e049
28031575541,ci-5-torch,pull_request,completed,cancelled,2026-06-23T13:56:18Z,2026-06-23T14:17:49Z,1291,dcdf760037d52f8bd66cf546b2899ea0b0e8e049
28031575582,ci-8-transformers,pull_request,completed,cancelled,2026-06-23T13:56:18Z,2026-06-23T14:06:47Z,629,dcdf760037d52f8bd66cf546b2899ea0b0e8e049
28031576044,ci-3-tensorflow,pull_request,completed,cancelled,2026-06-23T13:56:18Z,2026-06-23T14:07:32Z,674,dcdf760037d52f8bd66cf546b2899ea0b0e8e049
28031574986,ci-6-litert,pull_request,completed,success,2026-06-23T13:56:17Z,2026-06-23T14:01:27Z,310,dcdf760037d52f8bd66cf546b2899ea0b0e8e049
28031574685,Build,pull_request,completed,success,2026-06-23T13:56:17Z,2026-06-23T14:00:17Z,240,dcdf760037d52f8bd66cf546b2899ea0b0e8e049
28031574814,PR – report impacted subfolders,pull_request,completed,cancelled,2026-06-23T13:56:17Z,2026-06-23T14:00:08Z,231,dcdf760037d52f8bd66cf546b2899ea0b0e8e049
28031574275,Spelling,pull_request,completed,success,2026-06-23T13:56:17Z,2026-06-23T14:00:09Z,232,dcdf760037d52f8bd66cf546b2899ea0b0e8e049
28031574667,Pyrefly,pull_request,completed,failure,2026-06-23T13:56:17Z,2026-06-23T14:01:49Z,332,dcdf760037d52f8bd66cf546b2899ea0b0e8e049
28031574790,Mypy,pull_request,completed,success,2026-06-23T13:56:17Z,2026-06-23T14:02:48Z,391,dcdf760037d52f8bd66cf546b2899ea0b0e8e049
28031574780,ci-2-scikit-learn,pull_request,completed,success,2026-06-23T13:56:17Z,2026-06-23T14:04:54Z,517,dcdf760037d52f8bd66cf546b2899ea0b0e8e049
28031574707,ci-10-torch-op-db,pull_request,completed,cancelled,2026-06-23T13:56:17Z,2026-06-23T14:06:24Z,607,dcdf760037d52f8bd66cf546b2899ea0b0e8e049
28031573698,Style,pull_request,completed,success,2026-06-23T13:56:16Z,2026-06-23T14:00:09Z,233,dcdf760037d52f8bd66cf546b2899ea0b0e8e049
28031573720,ci-1-core,pull_request,completed,success,2026-06-23T13:56:16Z,2026-06-23T14:04:38Z,502,dcdf760037d52f8bd66cf546b2899ea0b0e8e049
28031572705,ci-9-transformers,pull_request,completed,cancelled,2026-06-23T13:56:15Z,2026-06-23T14:09:37Z,802,dcdf760037d52f8bd66cf546b2899ea0b0e8e049
28031217208,Addressing comment on PR #2299,dynamic,completed,success,2026-06-23T13:50:52Z,2026-06-23T13:57:26Z,394,8d7d7dd6a854c5b64605cebbd8d231be469dd4d5
28030908620,Addressing comment on PR #2303,dynamic,completed,success,2026-06-23T13:46:03Z,2026-06-23T13:56:52Z,649,968aaf9d3d780258357f016fd82477bd8bde9708
28030223790,Mypy,pull_request,completed,success,2026-06-23T13:35:19Z,2026-06-23T13:38:52Z,213,245c55f28ffd9545c5770acd3828f8c36440960a
28030223802,ci-1-core,pull_request,completed,success,2026-06-23T13:35:19Z,2026-06-23T13:45:48Z,629,245c55f28ffd9545c5770acd3828f8c36440960a
28030223139,ci-4-torch,pull_request,completed,success,2026-06-23T13:35:19Z,2026-06-23T14:01:56Z,1597,245c55f28ffd9545c5770acd3828f8c36440960a
28030223171,ci-7-sql,pull_request,completed,success,2026-06-23T13:35:19Z,2026-06-23T13:52:38Z,1039,245c55f28ffd9545c5770acd3828f8c36440960a
28030221838,Pyrefly,pull_request,completed,success,2026-06-23T13:35:18Z,2026-06-23T13:39:59Z,281,245c55f28ffd9545c5770acd3828f8c36440960a
28030222340,ci-5-torch,pull_request,completed,success,2026-06-23T13:35:18Z,2026-06-23T14:02:48Z,1650,245c55f28ffd9545c5770acd3828f8c36440960a
28030222349,ci-8-transformers,pull_request,completed,success,2026-06-23T13:35:18Z,2026-06-23T13:53:00Z,1062,245c55f28ffd9545c5770acd3828f8c36440960a
28030221769,Style,pull_request,completed,success,2026-06-23T13:35:17Z,2026-06-23T13:40:35Z,318,245c55f28ffd9545c5770acd3828f8c36440960a
28030221246,ci-9-transformers,pull_request,completed,success,2026-06-23T13:35:17Z,2026-06-23T13:54:36Z,1159,245c55f28ffd9545c5770acd3828f8c36440960a
28030220441,Build,pull_request,completed,success,2026-06-23T13:35:16Z,2026-06-23T13:40:16Z,300,245c55f28ffd9545c5770acd3828f8c36440960a
28030220734,ci-6-litert,pull_request,completed,success,2026-06-23T13:35:16Z,2026-06-23T13:48:56Z,820,245c55f28ffd9545c5770acd3828f8c36440960a
28030219770,Spelling,pull_request,completed,success,2026-06-23T13:35:15Z,2026-06-23T13:37:09Z,114,245c55f28ffd9545c5770acd3828f8c36440960a
28030219791,PR – report impacted subfolders,pull_request,completed,success,2026-06-23T13:35:15Z,2026-06-23T13:40:22Z,307,245c55f28ffd9545c5770acd3828f8c36440960a
28030219859,ci-10-torch-op-db,pull_request,completed,success,2026-06-23T13:35:15Z,2026-06-23T13:58:19Z,1384,245c55f28ffd9545c5770acd3828f8c36440960a
28030219925,ci-3-tensorflow,pull_request,completed,success,2026-06-23T13:35:15Z,2026-06-23T13:54:24Z,1149,245c55f28ffd9545c5770acd3828f8c36440960a
28030219802,ci-2-scikit-learn,pull_request,completed,success,2026-06-23T13:35:15Z,2026-06-23T13:53:59Z,1124,245c55f28ffd9545c5770acd3828f8c36440960a
28030100831,Addressing comment on PR #2303,dynamic,completed,success,2026-06-23T13:33:25Z,2026-06-23T13:42:36Z,551,a1318ef7c42ba0b1c3797766bd4cd82dd6eff376
28029883752,ci-8-transformers,push,completed,success,2026-06-23T13:30:04Z,2026-06-23T13:40:13Z,609,90de6387e0c6327d1b85a1625742cd3f0fd1714d
28029883715,ci-7-sql,push,completed,success,2026-06-23T13:30:04Z,2026-06-23T13:33:13Z,189,90de6387e0c6327d1b85a1625742cd3f0fd1714d
28029883634,ci-9-transformers,push,completed,success,2026-06-23T13:30:04Z,2026-06-23T13:41:25Z,681,90de6387e0c6327d1b85a1625742cd3f0fd1714d
28029883099,ci-2-scikit-learn,push,completed,success,2026-06-23T13:30:03Z,2026-06-23T13:34:34Z,271,90de6387e0c6327d1b85a1625742cd3f0fd1714d
28029883367,ci-3-tensorflow,push,completed,success,2026-06-23T13:30:03Z,2026-06-23T13:35:20Z,317,90de6387e0c6327d1b85a1625742cd3f0fd1714d
28029883036,Spelling,push,completed,success,2026-06-23T13:30:03Z,2026-06-23T13:30:14Z,11,90de6387e0c6327d1b85a1625742cd3f0fd1714d
28029883225,Style,push,completed,success,2026-06-23T13:30:03Z,2026-06-23T13:30:16Z,13,90de6387e0c6327d1b85a1625742cd3f0fd1714d
28029883142,Build,push,completed,success,2026-06-23T13:30:03Z,2026-06-23T13:30:18Z,15,90de6387e0c6327d1b85a1625742cd3f0fd1714d
28029883448,ci-6-litert,push,completed,success,2026-06-23T13:30:03Z,2026-06-23T13:32:03Z,120,90de6387e0c6327d1b85a1625742cd3f0fd1714d
28029883144,Pyrefly,push,completed,success,2026-06-23T13:30:03Z,2026-06-23T13:31:52Z,109,90de6387e0c6327d1b85a1625742cd3f0fd1714d
28029883102,Mypy,push,completed,success,2026-06-23T13:30:03Z,2026-06-23T13:33:05Z,182,90de6387e0c6327d1b85a1625742cd3f0fd1714d
28029883030,ci-1-core,push,completed,success,2026-06-23T13:30:03Z,2026-06-23T13:34:03Z,240,90de6387e0c6327d1b85a1625742cd3f0fd1714d
28029883513,ci-4-torch,push,completed,success,2026-06-23T13:30:03Z,2026-06-23T13:42:05Z,722,90de6387e0c6327d1b85a1625742cd3f0fd1714d
28029883358,ci-5-torch,push,completed,success,2026-06-23T13:30:03Z,2026-06-23T13:46:57Z,1014,90de6387e0c6327d1b85a1625742cd3f0fd1714d
28029883083,ci-10-torch-op-db,push,completed,success,2026-06-23T13:30:03Z,2026-06-23T13:47:52Z,1069,90de6387e0c6327d1b85a1625742cd3f0fd1714d
28028861825,PR – report impacted subfolders,pull_request,completed,cancelled,2026-06-23T13:13:43Z,2026-06-23T13:34:53Z,1270,8d7d7dd6a854c5b64605cebbd8d231be469dd4d5
28028820324,PR – report impacted subfolders,pull_request,completed,success,2026-06-23T13:13:06Z,2026-06-23T13:36:26Z,1400,8d7d7dd6a854c5b64605cebbd8d231be469dd4d5
28028820678,ci-7-sql,pull_request,completed,success,2026-06-23T13:13:06Z,2026-06-23T13:40:10Z,1624,8d7d7dd6a854c5b64605cebbd8d231be469dd4d5
28028819975,ci-3-tensorflow,pull_request,completed,success,2026-06-23T13:13:06Z,2026-06-23T13:46:37Z,2011,8d7d7dd6a854c5b64605cebbd8d231be469dd4d5
28028820079,ci-4-torch,pull_request,completed,success,2026-06-23T13:13:06Z,2026-06-23T13:49:14Z,2168,8d7d7dd6a854c5b64605cebbd8d231be469dd4d5
28028820026,ci-9-transformers,pull_request,completed,success,2026-06-23T13:13:06Z,2026-06-23T13:50:34Z,2248,8d7d7dd6a854c5b64605cebbd8d231be469dd4d5
28028819495,Style,pull_request,completed,success,2026-06-23T13:13:05Z,2026-06-23T13:35:01Z,1316,8d7d7dd6a854c5b64605cebbd8d231be469dd4d5
28028819720,ci-11-onnx-light,pull_request,completed,success,2026-06-23T13:13:05Z,2026-06-23T13:35:57Z,1372,8d7d7dd6a854c5b64605cebbd8d231be469dd4d5
28028819693,ci-6-litert,pull_request,completed,success,2026-06-23T13:13:05Z,2026-06-23T13:36:18Z,1393,8d7d7dd6a854c5b64605cebbd8d231be469dd4d5
28028819621,Pyrefly,pull_request,completed,success,2026-06-23T13:13:05Z,2026-06-23T13:36:57Z,1432,8d7d7dd6a854c5b64605cebbd8d231be469dd4d5
28028819698,Spelling,pull_request,completed,success,2026-06-23T13:13:05Z,2026-06-23T13:36:54Z,1429,8d7d7dd6a854c5b64605cebbd8d231be469dd4d5
28028819674,Mypy,pull_request,completed,success,2026-06-23T13:13:05Z,2026-06-23T13:38:56Z,1551,8d7d7dd6a854c5b64605cebbd8d231be469dd4d5
28028819636,ci-1-core,pull_request,completed,success,2026-06-23T13:13:05Z,2026-06-23T13:43:59Z,1854,8d7d7dd6a854c5b64605cebbd8d231be469dd4d5
28028818949,ci-2-scikit-learn,pull_request,completed,success,2026-06-23T13:13:05Z,2026-06-23T13:45:13Z,1928,8d7d7dd6a854c5b64605cebbd8d231be469dd4d5
28028819459,ci-5-torch,pull_request,completed,success,2026-06-23T13:13:05Z,2026-06-23T13:58:05Z,2700,8d7d7dd6a854c5b64605cebbd8d231be469dd4d5
28028819804,ci-8-transformers,pull_request,completed,success,2026-06-23T13:13:05Z,2026-06-23T13:52:22Z,2357,8d7d7dd6a854c5b64605cebbd8d231be469dd4d5
28028819661,ci-10-torch-op-db,pull_request,completed,success,2026-06-23T13:13:05Z,2026-06-23T13:55:55Z,2570,8d7d7dd6a854c5b64605cebbd8d231be469dd4d5
28028818447,Build,pull_request,completed,success,2026-06-23T13:13:04Z,2026-06-23T13:36:44Z,1420,8d7d7dd6a854c5b64605cebbd8d231be469dd4d5
28028459132,Addressing comment on PR #2299,dynamic,completed,success,2026-06-23T13:07:10Z,2026-06-23T13:13:45Z,395,080d2f171a9d88f33289ab74f145369787970d1e
28028374039,ci-8-transformers,push,completed,success,2026-06-23T13:05:46Z,2026-06-23T13:16:11Z,625,c9f21dbdeee396619a3285f4283d7f298e500d09
28028374038,ci-3-tensorflow,push,completed,success,2026-06-23T13:05:46Z,2026-06-23T13:16:32Z,646,c9f21dbdeee396619a3285f4283d7f298e500d09
28028374094,ci-4-torch,push,completed,success,2026-06-23T13:05:46Z,2026-06-23T13:17:05Z,679,c9f21dbdeee396619a3285f4283d7f298e500d09
28028374068,ci-9-transformers,push,completed,success,2026-06-23T13:05:46Z,2026-06-23T13:19:46Z,840,c9f21dbdeee396619a3285f4283d7f298e500d09
28028374042,ci-5-torch,push,completed,success,2026-06-23T13:05:46Z,2026-06-23T13:22:18Z,992,c9f21dbdeee396619a3285f4283d7f298e500d09
28028373745,Spelling,push,completed,success,2026-06-23T13:05:46Z,2026-06-23T13:10:38Z,292,c9f21dbdeee396619a3285f4283d7f298e500d09
28028374752,ci-7-sql,push,completed,success,2026-06-23T13:05:46Z,2026-06-23T13:12:18Z,392,c9f21dbdeee396619a3285f4283d7f298e500d09
28028373985,ci-1-core,push,completed,success,2026-06-23T13:05:46Z,2026-06-23T13:13:17Z,451,c9f21dbdeee396619a3285f4283d7f298e500d09
28028374007,ci-6-litert,push,completed,success,2026-06-23T13:05:46Z,2026-06-23T13:13:15Z,449,c9f21dbdeee396619a3285f4283d7f298e500d09
28028373677,ci-10-torch-op-db,push,completed,success,2026-06-23T13:05:46Z,2026-06-23T13:28:43Z,1377,c9f21dbdeee396619a3285f4283d7f298e500d09
28028373189,Style,push,completed,success,2026-06-23T13:05:45Z,2026-06-23T13:05:59Z,14,c9f21dbdeee396619a3285f4283d7f298e500d09
28028373645,Documentation,push,completed,success,2026-06-23T13:05:45Z,2026-06-23T13:21:34Z,949,c9f21dbdeee396619a3285f4283d7f298e500d09
28028373485,Mypy,push,completed,success,2026-06-23T13:05:45Z,2026-06-23T13:09:20Z,215,c9f21dbdeee396619a3285f4283d7f298e500d09
28028373495,ci-2-scikit-learn,push,completed,success,2026-06-23T13:05:45Z,2026-06-23T13:10:25Z,280,c9f21dbdeee396619a3285f4283d7f298e500d09
28028372930,Build,push,completed,success,2026-06-23T13:05:44Z,2026-06-23T13:06:07Z,23,c9f21dbdeee396619a3285f4283d7f298e500d09
28028372856,Pyrefly,push,completed,success,2026-06-23T13:05:44Z,2026-06-23T13:08:33Z,169,c9f21dbdeee396619a3285f4283d7f298e500d09
28026104582,ci-7-sql,pull_request,completed,success,2026-06-23T12:27:12Z,2026-06-23T12:57:23Z,1811,a1318ef7c42ba0b1c3797766bd4cd82dd6eff376
28026104611,ci-6-litert,pull_request,completed,success,2026-06-23T12:27:12Z,2026-06-23T13:01:34Z,2062,a1318ef7c42ba0b1c3797766bd4cd82dd6eff376
28026104578,ci-4-torch,pull_request,completed,success,2026-06-23T12:27:12Z,2026-06-23T13:05:32Z,2300,a1318ef7c42ba0b1c3797766bd4cd82dd6eff376
28026104592,ci-9-transformers,pull_request,completed,success,2026-06-23T12:27:12Z,2026-06-23T13:05:50Z,2318,a1318ef7c42ba0b1c3797766bd4cd82dd6eff376
28026104547,ci-8-transformers,pull_request,completed,success,2026-06-23T12:27:12Z,2026-06-23T13:05:50Z,2318,a1318ef7c42ba0b1c3797766bd4cd82dd6eff376
28026104603,ci-3-tensorflow,pull_request,completed,success,2026-06-23T12:27:12Z,2026-06-23T13:07:28Z,2416,a1318ef7c42ba0b1c3797766bd4cd82dd6eff376
28026104490,Build,pull_request,completed,success,2026-06-23T12:27:12Z,2026-06-23T12:30:06Z,174,a1318ef7c42ba0b1c3797766bd4cd82dd6eff376
28026104452,PR – report impacted subfolders,pull_request,completed,success,2026-06-23T12:27:12Z,2026-06-23T12:37:52Z,640,a1318ef7c42ba0b1c3797766bd4cd82dd6eff376
28026104462,Mypy,pull_request,completed,success,2026-06-23T12:27:12Z,2026-06-23T12:41:32Z,860,a1318ef7c42ba0b1c3797766bd4cd82dd6eff376
28026104064,ci-1-core,pull_request,completed,success,2026-06-23T12:27:11Z,2026-06-23T12:43:22Z,971,a1318ef7c42ba0b1c3797766bd4cd82dd6eff376
28026104150,ci-10-torch-op-db,pull_request,completed,success,2026-06-23T12:27:11Z,2026-06-23T12:51:05Z,1434,a1318ef7c42ba0b1c3797766bd4cd82dd6eff376
28026104130,ci-2-scikit-learn,pull_request,completed,success,2026-06-23T12:27:11Z,2026-06-23T12:54:45Z,1654,a1318ef7c42ba0b1c3797766bd4cd82dd6eff376
28026103447,ci-5-torch,pull_request,completed,success,2026-06-23T12:27:11Z,2026-06-23T12:56:54Z,1783,a1318ef7c42ba0b1c3797766bd4cd82dd6eff376
28026104029,Pyrefly,pull_request,completed,success,2026-06-23T12:27:11Z,2026-06-23T12:31:21Z,250,a1318ef7c42ba0b1c3797766bd4cd82dd6eff376
28026104162,Style,pull_request,completed,success,2026-06-23T12:27:11Z,2026-06-23T12:32:29Z,318,a1318ef7c42ba0b1c3797766bd4cd82dd6eff376
28026104087,Spelling,pull_request,completed,success,2026-06-23T12:27:11Z,2026-06-23T12:40:35Z,804,a1318ef7c42ba0b1c3797766bd4cd82dd6eff376
28026034665,ci-8-transformers,pull_request,completed,success,2026-06-23T12:25:58Z,2026-06-23T12:46:52Z,1254,f7c56910cd47672781697cd90fa60998cb9dccd1
28026034213,ci-10-torch-op-db,pull_request,completed,success,2026-06-23T12:25:58Z,2026-06-23T12:47:32Z,1294,f7c56910cd47672781697cd90fa60998cb9dccd1
28026034679,ci-5-torch,pull_request,completed,success,2026-06-23T12:25:58Z,2026-06-23T12:51:04Z,1506,f7c56910cd47672781697cd90fa60998cb9dccd1
28026034264,ci-2-scikit-learn,pull_request,completed,success,2026-06-23T12:25:58Z,2026-06-23T12:50:45Z,1487,f7c56910cd47672781697cd90fa60998cb9dccd1
28026034925,ci-6-litert,pull_request,completed,success,2026-06-23T12:25:58Z,2026-06-23T12:52:50Z,1612,f7c56910cd47672781697cd90fa60998cb9dccd1
28026034629,ci-7-sql,pull_request,completed,success,2026-06-23T12:25:58Z,2026-06-23T12:55:43Z,1785,f7c56910cd47672781697cd90fa60998cb9dccd1
28026034639,ci-3-tensorflow,pull_request,completed,success,2026-06-23T12:25:58Z,2026-06-23T13:03:59Z,2281,f7c56910cd47672781697cd90fa60998cb9dccd1
28026034667,ci-4-torch,pull_request,completed,success,2026-06-23T12:25:58Z,2026-06-23T13:04:47Z,2329,f7c56910cd47672781697cd90fa60998cb9dccd1
28026034707,ci-9-transformers,pull_request,completed,success,2026-06-23T12:25:58Z,2026-06-23T13:10:24Z,2666,f7c56910cd47672781697cd90fa60998cb9dccd1
28026034253,Build,pull_request,completed,success,2026-06-23T12:25:58Z,2026-06-23T12:26:41Z,43,f7c56910cd47672781697cd90fa60998cb9dccd1
28026034198,PR – report impacted subfolders,pull_request,completed,success,2026-06-23T12:25:58Z,2026-06-23T12:28:14Z,136,f7c56910cd47672781697cd90fa60998cb9dccd1
28026034250,Mypy,pull_request,completed,success,2026-06-23T12:25:58Z,2026-06-23T12:31:59Z,361,f7c56910cd47672781697cd90fa60998cb9dccd1
28026034536,Spelling,pull_request,completed,success,2026-06-23T12:25:58Z,2026-06-23T12:32:31Z,393,f7c56910cd47672781697cd90fa60998cb9dccd1
28026034215,Pyrefly,pull_request,completed,success,2026-06-23T12:25:58Z,2026-06-23T12:38:03Z,725,f7c56910cd47672781697cd90fa60998cb9dccd1
28026033572,ci-1-core,pull_request,completed,success,2026-06-23T12:25:57Z,2026-06-23T12:48:29Z,1352,f7c56910cd47672781697cd90fa60998cb9dccd1
28026033636,Style,pull_request,completed,success,2026-06-23T12:25:57Z,2026-06-23T12:28:01Z,124,f7c56910cd47672781697cd90fa60998cb9dccd1
28026015213,ci-1-core,pull_request,completed,success,2026-06-23T12:25:37Z,2026-06-23T12:46:52Z,1275,6400d32e41b0af3a14942903f0bb026dd994f088
28026015437,ci-8-transformers,pull_request,completed,success,2026-06-23T12:25:37Z,2026-06-23T12:47:41Z,1324,6400d32e41b0af3a14942903f0bb026dd994f088
28026015476,ci-5-torch,pull_request,completed,success,2026-06-23T12:25:37Z,2026-06-23T12:46:09Z,1232,6400d32e41b0af3a14942903f0bb026dd994f088
28026015228,ci-10-torch-op-db,pull_request,completed,success,2026-06-23T12:25:37Z,2026-06-23T12:51:34Z,1557,6400d32e41b0af3a14942903f0bb026dd994f088
28026015419,ci-3-tensorflow,pull_request,completed,success,2026-06-23T12:25:37Z,2026-06-23T12:58:20Z,1963,6400d32e41b0af3a14942903f0bb026dd994f088
28026015343,ci-9-transformers,pull_request,completed,success,2026-06-23T12:25:37Z,2026-06-23T12:59:00Z,2003,6400d32e41b0af3a14942903f0bb026dd994f088
28026015412,ci-4-torch,pull_request,completed,success,2026-06-23T12:25:37Z,2026-06-23T13:00:38Z,2101,6400d32e41b0af3a14942903f0bb026dd994f088
28026015214,ci-2-scikit-learn,pull_request,completed,success,2026-06-23T12:25:37Z,2026-06-23T13:06:50Z,2473,6400d32e41b0af3a14942903f0bb026dd994f088
28026015237,Pyrefly,pull_request,completed,success,2026-06-23T12:25:37Z,2026-06-23T12:27:40Z,123,6400d32e41b0af3a14942903f0bb026dd994f088
28026015212,PR – report impacted subfolders,pull_request,completed,success,2026-06-23T12:25:37Z,2026-06-23T12:29:20Z,223,6400d32e41b0af3a14942903f0bb026dd994f088
28026015222,Mypy,pull_request,completed,success,2026-06-23T12:25:37Z,2026-06-23T12:30:04Z,267,6400d32e41b0af3a14942903f0bb026dd994f088
28026015390,Style,pull_request,completed,success,2026-06-23T12:25:37Z,2026-06-23T12:31:41Z,364,6400d32e41b0af3a14942903f0bb026dd994f088
28026015258,Build,pull_request,completed,success,2026-06-23T12:25:37Z,2026-06-23T12:31:37Z,360,6400d32e41b0af3a14942903f0bb026dd994f088
28026015305,Spelling,pull_request,completed,success,2026-06-23T12:25:37Z,2026-06-23T12:32:08Z,391,6400d32e41b0af3a14942903f0bb026dd994f088
28026015464,ci-7-sql,pull_request,completed,success,2026-06-23T12:25:37Z,2026-06-23T12:36:18Z,641,6400d32e41b0af3a14942903f0bb026dd994f088
28026015418,ci-6-litert,pull_request,completed,success,2026-06-23T12:25:37Z,2026-06-23T12:37:11Z,694,6400d32e41b0af3a14942903f0bb026dd994f088
28025988576,ci-4-torch,pull_request,completed,success,2026-06-23T12:25:09Z,2026-06-23T13:05:16Z,2407,316c3fbbb10b0e8e02e3e69ff903002b88147e65
28025987949,Build,pull_request,completed,success,2026-06-23T12:25:09Z,2026-06-23T12:26:03Z,54,316c3fbbb10b0e8e02e3e69ff903002b88147e65
28025986862,ci-3-tensorflow,pull_request,completed,success,2026-06-23T12:25:08Z,2026-06-23T12:59:17Z,2049,316c3fbbb10b0e8e02e3e69ff903002b88147e65
28025987546,ci-2-scikit-learn,pull_request,completed,success,2026-06-23T12:25:08Z,2026-06-23T13:03:06Z,2278,316c3fbbb10b0e8e02e3e69ff903002b88147e65
28025986838,ci-8-transformers,pull_request,completed,success,2026-06-23T12:25:08Z,2026-06-23T13:05:24Z,2416,316c3fbbb10b0e8e02e3e69ff903002b88147e65
28025987584,Pyrefly,pull_request,completed,success,2026-06-23T12:25:08Z,2026-06-23T12:28:06Z,178,316c3fbbb10b0e8e02e3e69ff903002b88147e65
28025987134,Spelling,pull_request,completed,success,2026-06-23T12:25:08Z,2026-06-23T12:31:27Z,379,316c3fbbb10b0e8e02e3e69ff903002b88147e65
28025987471,Mypy,pull_request,completed,success,2026-06-23T12:25:08Z,2026-06-23T12:34:49Z,581,316c3fbbb10b0e8e02e3e69ff903002b88147e65
28025986860,ci-7-sql,pull_request,completed,success,2026-06-23T12:25:08Z,2026-06-23T12:40:27Z,919,316c3fbbb10b0e8e02e3e69ff903002b88147e65
28025986235,ci-10-torch-op-db,pull_request,completed,success,2026-06-23T12:25:07Z,2026-06-23T12:45:54Z,1247,316c3fbbb10b0e8e02e3e69ff903002b88147e65
28025986237,ci-9-transformers,pull_request,completed,success,2026-06-23T12:25:07Z,2026-06-23T12:56:01Z,1854,316c3fbbb10b0e8e02e3e69ff903002b88147e65
28025986326,ci-5-torch,pull_request,completed,success,2026-06-23T12:25:07Z,2026-06-23T13:01:29Z,2182,316c3fbbb10b0e8e02e3e69ff903002b88147e65
28025986206,PR – report impacted subfolders,pull_request,completed,success,2026-06-23T12:25:07Z,2026-06-23T12:27:53Z,166,316c3fbbb10b0e8e02e3e69ff903002b88147e65
28025986165,Style,pull_request,completed,success,2026-06-23T12:25:07Z,2026-06-23T12:28:43Z,216,316c3fbbb10b0e8e02e3e69ff903002b88147e65
28025986338,ci-6-litert,pull_request,completed,success,2026-06-23T12:25:07Z,2026-06-23T12:31:15Z,368,316c3fbbb10b0e8e02e3e69ff903002b88147e65
28025986208,ci-1-core,pull_request,completed,success,2026-06-23T12:25:07Z,2026-06-23T12:40:58Z,951,316c3fbbb10b0e8e02e3e69ff903002b88147e65
28025986195,Documentation,pull_request,completed,cancelled,2026-06-23T12:25:07Z,2026-06-23T12:41:46Z,999,316c3fbbb10b0e8e02e3e69ff903002b88147e65
28025954176,ci-9-transformers,push,completed,success,2026-06-23T12:24:33Z,2026-06-23T12:55:35Z,1862,07e589d64c9044c50258206b7b9d152eb0dba29b
28025953709,Mypy,push,completed,success,2026-06-23T12:24:32Z,2026-06-23T12:27:27Z,175,07e589d64c9044c50258206b7b9d152eb0dba29b
28025953475,ci-1-core,push,completed,success,2026-06-23T12:24:32Z,2026-06-23T12:28:32Z,240,07e589d64c9044c50258206b7b9d152eb0dba29b
28025953469,ci-2-scikit-learn,push,completed,success,2026-06-23T12:24:32Z,2026-06-23T12:29:02Z,270,07e589d64c9044c50258206b7b9d152eb0dba29b
28025953162,ci-3-tensorflow,push,completed,success,2026-06-23T12:24:32Z,2026-06-23T12:29:37Z,305,07e589d64c9044c50258206b7b9d152eb0dba29b
28025953548,ci-8-transformers,push,completed,success,2026-06-23T12:24:32Z,2026-06-23T12:29:52Z,320,07e589d64c9044c50258206b7b9d152eb0dba29b
28025953589,ci-4-torch,push,completed,success,2026-06-23T12:24:32Z,2026-06-23T12:34:23Z,591,07e589d64c9044c50258206b7b9d152eb0dba29b
28025953050,ci-10-torch-op-db,push,completed,success,2026-06-23T12:24:32Z,2026-06-23T12:34:59Z,627,07e589d64c9044c50258206b7b9d152eb0dba29b
28025953377,Spelling,push,completed,success,2026-06-23T12:24:32Z,2026-06-23T12:24:43Z,11,07e589d64c9044c50258206b7b9d152eb0dba29b
28025952997,Style,push,completed,success,2026-06-23T12:24:32Z,2026-06-23T12:24:44Z,12,07e589d64c9044c50258206b7b9d152eb0dba29b
28025953126,Build,push,completed,success,2026-06-23T12:24:32Z,2026-06-23T12:24:53Z,21,07e589d64c9044c50258206b7b9d152eb0dba29b
28025953174,ci-7-sql,push,completed,success,2026-06-23T12:24:32Z,2026-06-23T12:25:48Z,76,07e589d64c9044c50258206b7b9d152eb0dba29b
28025953538,ci-6-litert,push,completed,success,2026-06-23T12:24:32Z,2026-06-23T12:25:45Z,73,07e589d64c9044c50258206b7b9d152eb0dba29b
28025953006,Pyrefly,push,completed,success,2026-06-23T12:24:32Z,2026-06-23T12:26:14Z,102,07e589d64c9044c50258206b7b9d152eb0dba29b
28025953564,ci-5-torch,push,completed,success,2026-06-23T12:24:32Z,2026-06-23T12:38:48Z,856,07e589d64c9044c50258206b7b9d152eb0dba29b
28025125786,Running Copilot cloud agent,dynamic,completed,success,2026-06-23T12:09:46Z,2026-06-23T12:18:01Z,495,932d0214c5d250277fa46c573cb36d9a52274a69
28024435172,PR – report impacted subfolders,pull_request,completed,success,2026-06-23T11:57:21Z,2026-06-23T11:58:53Z,92,4fadbc31ca1992a29f777e0c7b9f6c928dfe3c4c
28024389007,ci-1-core,pull_request,completed,success,2026-06-23T11:56:30Z,2026-06-23T12:02:53Z,383,4fadbc31ca1992a29f777e0c7b9f6c928dfe3c4c
28024388989,ci-2-scikit-learn,pull_request,completed,success,2026-06-23T11:56:30Z,2026-06-23T12:03:03Z,393,4fadbc31ca1992a29f777e0c7b9f6c928dfe3c4c
28024389237,ci-3-tensorflow,pull_request,completed,success,2026-06-23T11:56:30Z,2026-06-23T12:04:10Z,460,4fadbc31ca1992a29f777e0c7b9f6c928dfe3c4c
28024389138,ci-8-transformers,pull_request,completed,success,2026-06-23T11:56:30Z,2026-06-23T12:05:23Z,533,4fadbc31ca1992a29f777e0c7b9f6c928dfe3c4c
28024389079,ci-9-transformers,pull_request,completed,success,2026-06-23T11:56:30Z,2026-06-23T12:06:48Z,618,4fadbc31ca1992a29f777e0c7b9f6c928dfe3c4c
28024389131,ci-4-torch,pull_request,completed,success,2026-06-23T11:56:30Z,2026-06-23T12:07:48Z,678,4fadbc31ca1992a29f777e0c7b9f6c928dfe3c4c
28024389005,PR – report impacted subfolders,pull_request,completed,cancelled,2026-06-23T11:56:30Z,2026-06-23T11:58:43Z,133,4fadbc31ca1992a29f777e0c7b9f6c928dfe3c4c
28024389025,Build,pull_request,completed,success,2026-06-23T11:56:30Z,2026-06-23T11:58:58Z,148,4fadbc31ca1992a29f777e0c7b9f6c928dfe3c4c
28024389004,Spelling,pull_request,completed,success,2026-06-23T11:56:30Z,2026-06-23T11:58:51Z,141,4fadbc31ca1992a29f777e0c7b9f6c928dfe3c4c
28024389023,Style,pull_request,completed,success,2026-06-23T11:56:30Z,2026-06-23T11:58:51Z,141,4fadbc31ca1992a29f777e0c7b9f6c928dfe3c4c
28024389243,ci-6-litert,pull_request,completed,success,2026-06-23T11:56:30Z,2026-06-23T12:00:06Z,216,4fadbc31ca1992a29f777e0c7b9f6c928dfe3c4c
28024389274,ci-7-sql,pull_request,completed,success,2026-06-23T11:56:30Z,2026-06-23T12:00:24Z,234,4fadbc31ca1992a29f777e0c7b9f6c928dfe3c4c
28024389018,Pyrefly,pull_request,completed,success,2026-06-23T11:56:30Z,2026-06-23T12:00:34Z,244,4fadbc31ca1992a29f777e0c7b9f6c928dfe3c4c
28024389002,Mypy,pull_request,completed,success,2026-06-23T11:56:30Z,2026-06-23T12:01:42Z,312,4fadbc31ca1992a29f777e0c7b9f6c928dfe3c4c
28024389120,ci-5-torch,pull_request,completed,success,2026-06-23T11:56:30Z,2026-06-23T12:12:57Z,987,4fadbc31ca1992a29f777e0c7b9f6c928dfe3c4c
28024389056,ci-10-torch-op-db,pull_request,completed,success,2026-06-23T11:56:30Z,2026-06-23T12:17:32Z,1262,4fadbc31ca1992a29f777e0c7b9f6c928dfe3c4c
28024159869,PR – report impacted subfolders,pull_request,completed,cancelled,2026-06-23T11:52:19Z,2026-06-23T12:00:45Z,506,bcdb280de77d35d672da82da68a476fe90e1c684
28024147886,ci-7-sql,pull_request,completed,success,2026-06-23T11:52:07Z,2026-06-23T12:02:54Z,647,bcdb280de77d35d672da82da68a476fe90e1c684
28024147779,Build,pull_request,completed,success,2026-06-23T11:52:07Z,2026-06-23T12:03:11Z,664,bcdb280de77d35d672da82da68a476fe90e1c684
28024147848,Style,pull_request,completed,success,2026-06-23T11:52:07Z,2026-06-23T12:03:09Z,662,bcdb280de77d35d672da82da68a476fe90e1c684
28024147610,Pyrefly,pull_request,completed,success,2026-06-23T11:52:07Z,2026-06-23T12:03:27Z,680,bcdb280de77d35d672da82da68a476fe90e1c684
28024147607,Mypy,pull_request,completed,success,2026-06-23T11:52:07Z,2026-06-23T12:04:40Z,753,bcdb280de77d35d672da82da68a476fe90e1c684
28024148031,ci-6-litert,pull_request,completed,success,2026-06-23T11:52:07Z,2026-06-23T12:06:08Z,841,bcdb280de77d35d672da82da68a476fe90e1c684
28024147618,ci-1-core,pull_request,completed,failure,2026-06-23T11:52:07Z,2026-06-23T12:07:16Z,909,bcdb280de77d35d672da82da68a476fe90e1c684
28024147740,Spelling,pull_request,completed,success,2026-06-23T11:52:07Z,2026-06-23T12:01:10Z,543,bcdb280de77d35d672da82da68a476fe90e1c684
28024147702,PR – report impacted subfolders,pull_request,completed,cancelled,2026-06-23T11:52:07Z,2026-06-23T12:00:44Z,517,bcdb280de77d35d672da82da68a476fe90e1c684
28024148009,ci-8-transformers,pull_request,completed,success,2026-06-23T11:52:07Z,2026-06-23T12:09:44Z,1057,bcdb280de77d35d672da82da68a476fe90e1c684
28024147812,ci-2-scikit-learn,pull_request,completed,success,2026-06-23T11:52:07Z,2026-06-23T12:11:20Z,1153,bcdb280de77d35d672da82da68a476fe90e1c684
28024147631,ci-10-torch-op-db,pull_request,completed,success,2026-06-23T11:52:07Z,2026-06-23T12:18:53Z,1606,bcdb280de77d35d672da82da68a476fe90e1c684
28024148043,ci-5-torch,pull_request,completed,success,2026-06-23T11:52:07Z,2026-06-23T12:19:29Z,1642,bcdb280de77d35d672da82da68a476fe90e1c684
28024148038,ci-9-transformers,pull_request,completed,success,2026-06-23T11:52:07Z,2026-06-23T12:16:02Z,1435,bcdb280de77d35d672da82da68a476fe90e1c684
28024147908,ci-3-tensorflow,pull_request,completed,success,2026-06-23T11:52:07Z,2026-06-23T12:16:12Z,1445,bcdb280de77d35d672da82da68a476fe90e1c684
28024147961,ci-4-torch,pull_request,completed,success,2026-06-23T11:52:07Z,2026-06-23T12:17:01Z,1494,bcdb280de77d35d672da82da68a476fe90e1c684
28024147483,PR – report impacted subfolders,pull_request,completed,success,2026-06-23T11:52:06Z,2026-06-23T12:01:33Z,567,bcdb280de77d35d672da82da68a476fe90e1c684
28024115987,Addressing comment on PR #2297,dynamic,completed,success,2026-06-23T11:51:32Z,2026-06-23T11:57:24Z,352,d221e4b94e9636d565bf00325cf6cdb0852f9f1f
28024088931,Running Copilot cloud agent,dynamic,completed,success,2026-06-23T11:51:02Z,2026-06-23T11:52:22Z,80,c150c111dfea8aeaaca008277760f328de2296fb
28023732901,Build,pull_request,completed,action_required,2026-06-23T11:44:23Z,2026-06-23T11:44:23Z,0,080d2f171a9d88f33289ab74f145369787970d1e
28023732903,Style,pull_request,completed,action_required,2026-06-23T11:44:23Z,2026-06-23T11:44:23Z,0,080d2f171a9d88f33289ab74f145369787970d1e
28023732926,Mypy,pull_request,completed,action_required,2026-06-23T11:44:23Z,2026-06-23T11:44:23Z,0,080d2f171a9d88f33289ab74f145369787970d1e
28023732953,Spelling,pull_request,completed,action_required,2026-06-23T11:44:23Z,2026-06-23T11:44:23Z,0,080d2f171a9d88f33289ab74f145369787970d1e
28023732925,PR – report impacted subfolders,pull_request,completed,action_required,2026-06-23T11:44:23Z,2026-06-23T11:44:23Z,0,080d2f171a9d88f33289ab74f145369787970d1e
28023732964,ci-10-torch-op-db,pull_request,completed,action_required,2026-06-23T11:44:23Z,2026-06-23T11:44:23Z,0,080d2f171a9d88f33289ab74f145369787970d1e
28023732952,ci-1-core,pull_request,completed,action_required,2026-06-23T11:44:23Z,2026-06-23T11:44:23Z,0,080d2f171a9d88f33289ab74f145369787970d1e
28023732969,ci-2-scikit-learn,pull_request,completed,action_required,2026-06-23T11:44:23Z,2026-06-23T11:44:23Z,0,080d2f171a9d88f33289ab74f145369787970d1e
28023732987,Pyrefly,pull_request,completed,action_required,2026-06-23T11:44:23Z,2026-06-23T11:44:23Z,0,080d2f171a9d88f33289ab74f145369787970d1e
28023733016,ci-5-torch,pull_request,completed,action_required,2026-06-23T11:44:23Z,2026-06-23T11:44:23Z,0,080d2f171a9d88f33289ab74f145369787970d1e
28023733034,ci-8-transformers,pull_request,completed,action_required,2026-06-23T11:44:23Z,2026-06-23T11:44:23Z,0,080d2f171a9d88f33289ab74f145369787970d1e
28023733044,ci-6-litert,pull_request,completed,action_required,2026-06-23T11:44:23Z,2026-06-23T11:44:23Z,0,080d2f171a9d88f33289ab74f145369787970d1e
28023733024,ci-4-torch,pull_request,completed,action_required,2026-06-23T11:44:23Z,2026-06-23T11:44:23Z,0,080d2f171a9d88f33289ab74f145369787970d1e
28023733102,ci-3-tensorflow,pull_request,completed,action_required,2026-06-23T11:44:23Z,2026-06-23T11:44:23Z,0,080d2f171a9d88f33289ab74f145369787970d1e
28023733111,ci-9-transformers,pull_request,completed,action_required,2026-06-23T11:44:23Z,2026-06-23T11:44:23Z,0,080d2f171a9d88f33289ab74f145369787970d1e
28023733152,ci-7-sql,pull_request,completed,action_required,2026-06-23T11:44:23Z,2026-06-23T11:44:23Z,0,080d2f171a9d88f33289ab74f145369787970d1e
28023730642,Running Copilot cloud agent,dynamic,completed,failure,2026-06-23T11:44:20Z,2026-06-23T11:47:24Z,184,080d2f171a9d88f33289ab74f145369787970d1e
28017602389,PR – report impacted subfolders,pull_request,completed,success,2026-06-23T09:50:16Z,2026-06-23T11:41:44Z,6688,d221e4b94e9636d565bf00325cf6cdb0852f9f1f
28017568509,ci-10-torch-op-db,pull_request,completed,cancelled,2026-06-23T09:49:38Z,2026-06-23T11:58:57Z,7759,d221e4b94e9636d565bf00325cf6cdb0852f9f1f
28017568553,Build,pull_request,completed,success,2026-06-23T09:49:38Z,2026-06-23T11:41:45Z,6727,d221e4b94e9636d565bf00325cf6cdb0852f9f1f
28017568481,Style,pull_request,completed,success,2026-06-23T09:49:38Z,2026-06-23T11:41:45Z,6727,d221e4b94e9636d565bf00325cf6cdb0852f9f1f
28017568586,PR – report impacted subfolders,pull_request,completed,cancelled,2026-06-23T09:49:38Z,2026-06-23T11:41:33Z,6715,d221e4b94e9636d565bf00325cf6cdb0852f9f1f
28017568461,Spelling,pull_request,completed,success,2026-06-23T09:49:38Z,2026-06-23T11:41:43Z,6725,d221e4b94e9636d565bf00325cf6cdb0852f9f1f
28017568645,ci-6-litert,pull_request,completed,success,2026-06-23T09:49:38Z,2026-06-23T11:42:44Z,6786,d221e4b94e9636d565bf00325cf6cdb0852f9f1f
28017568620,ci-7-sql,pull_request,completed,success,2026-06-23T09:49:38Z,2026-06-23T11:43:02Z,6804,d221e4b94e9636d565bf00325cf6cdb0852f9f1f
28017568520,Pyrefly,pull_request,completed,success,2026-06-23T09:49:38Z,2026-06-23T11:43:32Z,6834,d221e4b94e9636d565bf00325cf6cdb0852f9f1f
28017568659,ci-4-torch,pull_request,completed,failure,2026-06-23T09:49:38Z,2026-06-23T11:51:05Z,7287,d221e4b94e9636d565bf00325cf6cdb0852f9f1f
28017568530,Mypy,pull_request,completed,success,2026-06-23T09:49:38Z,2026-06-23T11:44:31Z,6893,d221e4b94e9636d565bf00325cf6cdb0852f9f1f
28017568445,ci-1-core,pull_request,completed,success,2026-06-23T09:49:38Z,2026-06-23T11:45:47Z,6969,d221e4b94e9636d565bf00325cf6cdb0852f9f1f
28017568473,ci-2-scikit-learn,pull_request,completed,success,2026-06-23T09:49:38Z,2026-06-23T11:46:02Z,6984,d221e4b94e9636d565bf00325cf6cdb0852f9f1f
28017568653,ci-3-tensorflow,pull_request,completed,success,2026-06-23T09:49:38Z,2026-06-23T11:47:02Z,7044,d221e4b94e9636d565bf00325cf6cdb0852f9f1f
28017568608,ci-8-transformers,pull_request,completed,success,2026-06-23T09:49:38Z,2026-06-23T11:48:14Z,7116,d221e4b94e9636d565bf00325cf6cdb0852f9f1f
28017568660,ci-9-transformers,pull_request,completed,success,2026-06-23T09:49:38Z,2026-06-23T11:48:58Z,7160,d221e4b94e9636d565bf00325cf6cdb0852f9f1f
28017568689,ci-5-torch,pull_request,completed,success,2026-06-23T09:49:38Z,2026-06-23T11:56:41Z,7623,d221e4b94e9636d565bf00325cf6cdb0852f9f1f
28017400630,Addressing comment on PR #2297,dynamic,completed,success,2026-06-23T09:46:33Z,2026-06-23T09:50:17Z,224,76cc671b2929afdcf5d5dbb9507e23110c2f4ded
28012666766,ci-10-gallery-transformers,schedule,completed,success,2026-06-23T08:23:17Z,2026-06-23T08:25:13Z,116,f54fc6c973dfe0284ded27424af34084e42f34b3
28011457298,PR – report impacted subfolders,pull_request,completed,success,2026-06-23T08:01:17Z,2026-06-23T09:13:18Z,4321,76cc671b2929afdcf5d5dbb9507e23110c2f4ded
28011424345,ci-3-tensorflow,pull_request,completed,success,2026-06-23T08:00:42Z,2026-06-23T09:18:33Z,4671,76cc671b2929afdcf5d5dbb9507e23110c2f4ded
28011424235,ci-8-transformers,pull_request,completed,success,2026-06-23T08:00:42Z,2026-06-23T09:19:39Z,4737,76cc671b2929afdcf5d5dbb9507e23110c2f4ded
28011424114,ci-9-transformers,pull_request,completed,success,2026-06-23T08:00:42Z,2026-06-23T09:21:47Z,4865,76cc671b2929afdcf5d5dbb9507e23110c2f4ded
28011424348,ci-4-torch,pull_request,completed,success,2026-06-23T08:00:42Z,2026-06-23T09:22:19Z,4897,76cc671b2929afdcf5d5dbb9507e23110c2f4ded
28011424320,ci-5-torch,pull_request,completed,success,2026-06-23T08:00:42Z,2026-06-23T09:28:16Z,5254,76cc671b2929afdcf5d5dbb9507e23110c2f4ded
28011424419,ci-6-litert,pull_request,completed,success,2026-06-23T08:00:42Z,2026-06-23T09:14:30Z,4428,76cc671b2929afdcf5d5dbb9507e23110c2f4ded
28011424294,ci-7-sql,pull_request,completed,success,2026-06-23T08:00:42Z,2026-06-23T09:14:35Z,4433,76cc671b2929afdcf5d5dbb9507e23110c2f4ded
28011423829,ci-10-torch-op-db,pull_request,completed,success,2026-06-23T08:00:41Z,2026-06-23T09:30:24Z,5383,76cc671b2929afdcf5d5dbb9507e23110c2f4ded
28011423994,PR – report impacted subfolders,pull_request,completed,cancelled,2026-06-23T08:00:41Z,2026-06-23T09:13:06Z,4345,76cc671b2929afdcf5d5dbb9507e23110c2f4ded
28011423840,Style,pull_request,completed,success,2026-06-23T08:00:41Z,2026-06-23T09:13:13Z,4352,76cc671b2929afdcf5d5dbb9507e23110c2f4ded
28011423849,Spelling,pull_request,completed,success,2026-06-23T08:00:41Z,2026-06-23T09:13:19Z,4358,76cc671b2929afdcf5d5dbb9507e23110c2f4ded
28011423978,Build,pull_request,completed,success,2026-06-23T08:00:41Z,2026-06-23T09:13:24Z,4363,76cc671b2929afdcf5d5dbb9507e23110c2f4ded
28011423908,Pyrefly,pull_request,completed,success,2026-06-23T08:00:41Z,2026-06-23T09:14:52Z,4451,76cc671b2929afdcf5d5dbb9507e23110c2f4ded
28011423847,Mypy,pull_request,completed,success,2026-06-23T08:00:41Z,2026-06-23T09:15:56Z,4515,76cc671b2929afdcf5d5dbb9507e23110c2f4ded
28011423864,ci-1-core,pull_request,completed,failure,2026-06-23T08:00:41Z,2026-06-23T09:17:15Z,4594,76cc671b2929afdcf5d5dbb9507e23110c2f4ded
28011423842,ci-2-scikit-learn,pull_request,completed,success,2026-06-23T08:00:41Z,2026-06-23T09:17:37Z,4616,76cc671b2929afdcf5d5dbb9507e23110c2f4ded
28011422049,PR – report impacted subfolders,pull_request,completed,cancelled,2026-06-23T08:00:40Z,2026-06-23T09:13:05Z,4345,76cc671b2929afdcf5d5dbb9507e23110c2f4ded
28011073727,ci-6-litert,schedule,completed,success,2026-06-23T07:54:04Z,2026-06-23T07:55:22Z,78,f54fc6c973dfe0284ded27424af34084e42f34b3
28010966059,ci-9-transformers,schedule,completed,success,2026-06-23T07:52:02Z,2026-06-23T08:03:56Z,714,f54fc6c973dfe0284ded27424af34084e42f34b3
28010826320,Running Copilot cloud agent,dynamic,completed,success,2026-06-23T07:49:22Z,2026-06-23T08:01:18Z,716,c53a974635e9eafe7f9e4d5cd8e3c6b61789cccc
28010631368,ci-2-scikit-learn,schedule,completed,success,2026-06-23T07:45:34Z,2026-06-23T07:49:42Z,248,f54fc6c973dfe0284ded27424af34084e42f34b3
28010343461,ci-3-tensorflow,schedule,completed,success,2026-06-23T07:40:03Z,2026-06-23T07:45:23Z,320,f54fc6c973dfe0284ded27424af34084e42f34b3
28010254840,ci-7-sql,schedule,completed,success,2026-06-23T07:38:15Z,2026-06-23T07:40:23Z,128,f54fc6c973dfe0284ded27424af34084e42f34b3
28009855493,PR – report impacted subfolders,pull_request,completed,success,2026-06-23T07:30:31Z,2026-06-23T07:34:03Z,212,cf4cd958784b8499638bb32337219d57bfb9a36f
28009829218,PR – report impacted subfolders,pull_request,completed,cancelled,2026-06-23T07:30:05Z,2026-06-23T07:33:49Z,224,cf4cd958784b8499638bb32337219d57bfb9a36f
28009828101,ci-9-transformers,pull_request,completed,success,2026-06-23T07:30:04Z,2026-06-23T07:43:31Z,807,cf4cd958784b8499638bb32337219d57bfb9a36f
28009828112,ci-5-torch,pull_request,completed,success,2026-06-23T07:30:04Z,2026-06-23T07:48:49Z,1125,cf4cd958784b8499638bb32337219d57bfb9a36f
28009827912,ci-10-torch-op-db,pull_request,completed,success,2026-06-23T07:30:04Z,2026-06-23T07:51:57Z,1313,cf4cd958784b8499638bb32337219d57bfb9a36f
28009827906,Spelling,pull_request,completed,success,2026-06-23T07:30:04Z,2026-06-23T07:33:56Z,232,cf4cd958784b8499638bb32337219d57bfb9a36f
28009827909,Style,pull_request,completed,success,2026-06-23T07:30:04Z,2026-06-23T07:33:57Z,233,cf4cd958784b8499638bb32337219d57bfb9a36f
28009827954,Build,pull_request,completed,success,2026-06-23T07:30:04Z,2026-06-23T07:34:01Z,237,cf4cd958784b8499638bb32337219d57bfb9a36f
28009828020,PR – report impacted subfolders,pull_request,completed,cancelled,2026-06-23T07:30:04Z,2026-06-23T07:33:50Z,226,cf4cd958784b8499638bb32337219d57bfb9a36f
28009827958,Pyrefly,pull_request,completed,success,2026-06-23T07:30:04Z,2026-06-23T07:35:41Z,337,cf4cd958784b8499638bb32337219d57bfb9a36f
28009828100,ci-7-sql,pull_request,completed,success,2026-06-23T07:30:04Z,2026-06-23T07:35:22Z,318,cf4cd958784b8499638bb32337219d57bfb9a36f
28009828075,ci-6-litert,pull_request,completed,success,2026-06-23T07:30:04Z,2026-06-23T07:36:46Z,402,cf4cd958784b8499638bb32337219d57bfb9a36f
28009827946,Mypy,pull_request,completed,success,2026-06-23T07:30:04Z,2026-06-23T07:36:41Z,397,cf4cd958784b8499638bb32337219d57bfb9a36f
28009827897,ci-1-core,pull_request,completed,failure,2026-06-23T07:30:04Z,2026-06-23T07:38:03Z,479,cf4cd958784b8499638bb32337219d57bfb9a36f
28009828109,ci-3-tensorflow,pull_request,completed,success,2026-06-23T07:30:04Z,2026-06-23T07:39:20Z,556,cf4cd958784b8499638bb32337219d57bfb9a36f
28009828098,ci-8-transformers,pull_request,completed,success,2026-06-23T07:30:04Z,2026-06-23T07:40:33Z,629,cf4cd958784b8499638bb32337219d57bfb9a36f
28009827894,ci-2-scikit-learn,pull_request,completed,success,2026-06-23T07:30:04Z,2026-06-23T07:42:15Z,731,cf4cd958784b8499638bb32337219d57bfb9a36f
28009828082,ci-4-torch,pull_request,completed,success,2026-06-23T07:30:04Z,2026-06-23T07:42:56Z,772,cf4cd958784b8499638bb32337219d57bfb9a36f
28009602446,Running Copilot cloud agent,dynamic,completed,success,2026-06-23T07:25:35Z,2026-06-23T07:30:35Z,300,c39172948d4f13a9f7a5b56e41485bcb3f291993
28007356583,ci-8-transformers,schedule,completed,success,2026-06-23T06:38:29Z,2026-06-23T06:45:07Z,398,f54fc6c973dfe0284ded27424af34084e42f34b3
27963991666,PR – report impacted subfolders,pull_request,completed,success,2026-06-22T15:26:52Z,2026-06-23T07:49:58Z,58986,46498eeb0eb8efe9cc961b55797c1caeee42a13e
27963989508,Build,pull_request,completed,success,2026-06-22T15:26:50Z,2026-06-23T07:50:03Z,58993,46498eeb0eb8efe9cc961b55797c1caeee42a13e
27963989553,Spelling,pull_request,completed,success,2026-06-22T15:26:50Z,2026-06-23T07:50:01Z,58991,46498eeb0eb8efe9cc961b55797c1caeee42a13e
27963989598,Style,pull_request,completed,success,2026-06-22T15:26:50Z,2026-06-23T07:49:59Z,58989,46498eeb0eb8efe9cc961b55797c1caeee42a13e
27963989612,ci-5-torch,pull_request,completed,success,2026-06-22T15:26:50Z,2026-06-23T08:04:26Z,59856,46498eeb0eb8efe9cc961b55797c1caeee42a13e
27963989466,ci-10-torch-op-db,pull_request,completed,success,2026-06-22T15:26:50Z,2026-06-23T08:04:51Z,59881,46498eeb0eb8efe9cc961b55797c1caeee42a13e
27963989472,Documentation,pull_request,completed,cancelled,2026-06-22T15:26:50Z,2026-06-23T08:04:58Z,59888,46498eeb0eb8efe9cc961b55797c1caeee42a13e
27963989527,ci-6-litert,pull_request,completed,success,2026-06-22T15:26:50Z,2026-06-23T07:51:07Z,59057,46498eeb0eb8efe9cc961b55797c1caeee42a13e
27963989463,ci-7-sql,pull_request,completed,success,2026-06-22T15:26:50Z,2026-06-23T07:51:15Z,59065,46498eeb0eb8efe9cc961b55797c1caeee42a13e
27963989455,Pyrefly,pull_request,completed,success,2026-06-22T15:26:50Z,2026-06-23T07:51:35Z,59085,46498eeb0eb8efe9cc961b55797c1caeee42a13e
27963989514,Mypy,pull_request,completed,success,2026-06-22T15:26:50Z,2026-06-23T07:52:45Z,59155,46498eeb0eb8efe9cc961b55797c1caeee42a13e
27963989572,ci-1-core,pull_request,completed,failure,2026-06-22T15:26:50Z,2026-06-23T07:54:02Z,59232,46498eeb0eb8efe9cc961b55797c1caeee42a13e
27963989469,ci-2-scikit-learn,pull_request,completed,success,2026-06-22T15:26:50Z,2026-06-23T07:54:14Z,59244,46498eeb0eb8efe9cc961b55797c1caeee42a13e
27963989510,ci-3-tensorflow,pull_request,completed,success,2026-06-22T15:26:50Z,2026-06-23T07:55:40Z,59330,46498eeb0eb8efe9cc961b55797c1caeee42a13e
27963989528,ci-9-transformers,pull_request,completed,success,2026-06-22T15:26:50Z,2026-06-23T07:58:39Z,59509,46498eeb0eb8efe9cc961b55797c1caeee42a13e
27963989623,ci-4-torch,pull_request,completed,success,2026-06-22T15:26:50Z,2026-06-23T08:02:58Z,59768,46498eeb0eb8efe9cc961b55797c1caeee42a13e
27963989602,ci-8-transformers,pull_request,completed,success,2026-06-22T15:26:50Z,2026-06-23T07:56:47Z,59397,46498eeb0eb8efe9cc961b55797c1caeee42a13e
27963752851,Addressing comment on PR #2293,dynamic,completed,success,2026-06-22T15:23:14Z,2026-06-22T15:27:37Z,263,5416c306a2be06e185dc2cb6f73dac6e96e64956
27961480497,PR – report impacted subfolders,pull_request,completed,success,2026-06-22T14:48:48Z,2026-06-22T15:09:10Z,1222,5416c306a2be06e185dc2cb6f73dac6e96e64956
27961445773,ci-4-torch,pull_request,completed,success,2026-06-22T14:48:16Z,2026-06-22T15:18:20Z,1804,5416c306a2be06e185dc2cb6f73dac6e96e64956
27961446642,ci-7-sql,pull_request,completed,success,2026-06-22T14:48:16Z,2026-06-22T15:10:26Z,1330,5416c306a2be06e185dc2cb6f73dac6e96e64956
27961446149,ci-3-tensorflow,pull_request,completed,success,2026-06-22T14:48:16Z,2026-06-22T15:14:30Z,1574,5416c306a2be06e185dc2cb6f73dac6e96e64956
27961446168,ci-8-transformers,pull_request,completed,success,2026-06-22T14:48:16Z,2026-06-22T15:15:13Z,1617,5416c306a2be06e185dc2cb6f73dac6e96e64956
27961444850,Documentation,pull_request,completed,success,2026-06-22T14:48:15Z,2026-06-22T15:23:05Z,2090,5416c306a2be06e185dc2cb6f73dac6e96e64956
27961445619,ci-5-torch,pull_request,completed,success,2026-06-22T14:48:15Z,2026-06-22T15:24:45Z,2190,5416c306a2be06e185dc2cb6f73dac6e96e64956
27961445272,ci-1-core,pull_request,completed,failure,2026-06-22T14:48:15Z,2026-06-22T15:15:54Z,1659,5416c306a2be06e185dc2cb6f73dac6e96e64956
27961445702,ci-9-transformers,pull_request,completed,success,2026-06-22T14:48:15Z,2026-06-22T15:19:26Z,1871,5416c306a2be06e185dc2cb6f73dac6e96e64956
27961444835,ci-10-torch-op-db,pull_request,completed,success,2026-06-22T14:48:15Z,2026-06-22T15:27:46Z,2371,5416c306a2be06e185dc2cb6f73dac6e96e64956
27961445348,Pyrefly,pull_request,completed,success,2026-06-22T14:48:15Z,2026-06-22T15:10:48Z,1353,5416c306a2be06e185dc2cb6f73dac6e96e64956
27961445490,ci-6-litert,pull_request,completed,success,2026-06-22T14:48:15Z,2026-06-22T15:11:31Z,1396,5416c306a2be06e185dc2cb6f73dac6e96e64956
27961445255,Mypy,pull_request,completed,success,2026-06-22T14:48:15Z,2026-06-22T15:11:49Z,1414,5416c306a2be06e185dc2cb6f73dac6e96e64956
27961444907,PR – report impacted subfolders,pull_request,completed,cancelled,2026-06-22T14:48:15Z,2026-06-22T15:08:55Z,1240,5416c306a2be06e185dc2cb6f73dac6e96e64956
27961444874,PR – report impacted subfolders,pull_request,completed,cancelled,2026-06-22T14:48:15Z,2026-06-22T15:08:57Z,1242,5416c306a2be06e185dc2cb6f73dac6e96e64956
27961444857,Spelling,pull_request,completed,success,2026-06-22T14:48:15Z,2026-06-22T15:09:04Z,1249,5416c306a2be06e185dc2cb6f73dac6e96e64956
27961445242,Build,pull_request,completed,success,2026-06-22T14:48:15Z,2026-06-22T15:09:12Z,1257,5416c306a2be06e185dc2cb6f73dac6e96e64956
27961444865,Style,pull_request,completed,success,2026-06-22T14:48:15Z,2026-06-22T15:09:06Z,1251,5416c306a2be06e185dc2cb6f73dac6e96e64956
27961444871,ci-2-scikit-learn,pull_request,completed,success,2026-06-22T14:48:15Z,2026-06-22T15:13:27Z,1512,5416c306a2be06e185dc2cb6f73dac6e96e64956
27961210457,Running Copilot cloud agent,dynamic,completed,success,2026-06-22T14:44:42Z,2026-06-22T14:48:50Z,248,268871985803d9ca6623c1033b2780041cb7f788
