job_id,run_id,workflow,job_name,status,conclusion,started_at,completed_at,duration_seconds,head_sha
78549812548,26651222519,Check URLs,build,completed,success,2026-05-29T17:10:34Z,2026-05-29T17:10:55Z,21,b766fa6d7078dc407c7e8a5e24d699af35ab7c0d
78549808540,26651221450,Generate and publish ONNX docs,build,completed,success,2026-05-29T17:10:32Z,2026-05-29T17:24:40Z,848,b766fa6d7078dc407c7e8a5e24d699af35ab7c0d
78545977387,26650117544,Check URLs,build,completed,success,2026-05-29T16:47:19Z,2026-05-29T16:47:37Z,18,b1ec30d6fe7202f0bdb293ad074fc01fb1906111
78545975722,26650117601,Generate and publish ONNX docs,build,completed,success,2026-05-29T16:47:18Z,2026-05-29T17:03:24Z,966,b1ec30d6fe7202f0bdb293ad074fc01fb1906111
78505817352,26632898641,Generate and publish ONNX docs,build,completed,success,2026-05-29T13:02:10Z,2026-05-29T13:17:36Z,926,8f06c299e99e212a6d50bd28fc55ad85b5140668
78407319765,26607947700,Generate and publish ONNX docs,build,completed,success,2026-05-28T23:17:40Z,2026-05-28T23:33:32Z,952,185e494c29df7cb86a7173938b0c41a89c1a66ff
78407319871,26607947807,Check URLs,build,completed,success,2026-05-28T23:17:40Z,2026-05-28T23:17:58Z,18,185e494c29df7cb86a7173938b0c41a89c1a66ff
78405975304,26607525934,Generate and publish ONNX docs,build,completed,success,2026-05-28T23:06:14Z,2026-05-28T23:21:38Z,924,6d53b6f88a23a92e320f8c44abd1d53499281dd3
78405975659,26607525905,Check URLs,build,completed,failure,2026-05-28T23:06:14Z,2026-05-28T23:07:49Z,95,6d53b6f88a23a92e320f8c44abd1d53499281dd3
78404827875,26607167567,Check URLs,build,completed,success,2026-05-28T22:56:53Z,2026-05-28T22:57:10Z,17,76390cb7176ceffa1ea4b23227c91cbe79dc02d8
78404827882,26607167564,Generate and publish ONNX docs,build,completed,success,2026-05-28T22:56:53Z,2026-05-28T23:14:19Z,1046,76390cb7176ceffa1ea4b23227c91cbe79dc02d8
78403311179,26606681614,Check URLs,build,completed,failure,2026-05-28T22:44:44Z,2026-05-28T22:45:30Z,46,778c3c13dea84a4858402b5559b2d7efffb2d724
78403311189,26606681597,Generate and publish ONNX docs,build,completed,success,2026-05-28T22:44:44Z,2026-05-28T23:00:56Z,972,778c3c13dea84a4858402b5559b2d7efffb2d724
78401615179,26606146300,Check URLs,build,completed,failure,2026-05-28T22:32:06Z,2026-05-28T22:33:41Z,95,b4f1a6530e53c550b8f82b61c5650758ccc9b136
78401615593,26606146339,Generate and publish ONNX docs,build,completed,success,2026-05-28T22:32:06Z,2026-05-28T22:46:02Z,836,b4f1a6530e53c550b8f82b61c5650758ccc9b136
78401319767,26606053905,Check URLs,build,completed,failure,2026-05-28T22:30:00Z,2026-05-28T22:31:35Z,95,1506c39e52f05b1dc94b4946b8e4a64fcec45e37
78401319724,26606053956,Generate and publish ONNX docs,build,completed,success,2026-05-28T22:30:00Z,2026-05-28T22:45:19Z,919,1506c39e52f05b1dc94b4946b8e4a64fcec45e37
78399832201,26605591814,Generate and publish ONNX docs,build,completed,success,2026-05-28T22:19:01Z,2026-05-28T22:35:16Z,975,0e3903b87a1ae564246fdb370a567cc3995ba8b3
78399832073,26605591783,Check URLs,build,completed,success,2026-05-28T22:19:01Z,2026-05-28T22:19:21Z,20,0e3903b87a1ae564246fdb370a567cc3995ba8b3
78398554497,26605209176,Check URLs,build,completed,failure,2026-05-28T22:09:46Z,2026-05-28T22:10:03Z,17,70452e7b7736d66307327e068bbb2907331dcc47
78398554697,26605209157,Generate and publish ONNX docs,build,completed,success,2026-05-28T22:09:46Z,2026-05-28T22:24:54Z,908,70452e7b7736d66307327e068bbb2907331dcc47
78396490050,26604593785,Check URLs,build,completed,failure,2026-05-28T21:55:45Z,2026-05-28T21:56:19Z,34,70452e7b7736d66307327e068bbb2907331dcc47
78396490089,26604593829,Generate and publish ONNX docs,build,completed,success,2026-05-28T21:55:44Z,2026-05-28T22:11:17Z,933,70452e7b7736d66307327e068bbb2907331dcc47
78396317267,26604543171,Check URLs,build,completed,failure,2026-05-28T21:54:38Z,2026-05-28T21:56:13Z,95,1f964887631491adfe96111ce4024c4b5058b09c
78396317299,26604543107,Generate and publish ONNX docs,build,completed,success,2026-05-28T21:54:38Z,2026-05-28T22:13:34Z,1136,1f964887631491adfe96111ce4024c4b5058b09c
78395914849,26604421540,Check URLs,build,completed,failure,2026-05-28T21:52:04Z,2026-05-28T21:53:45Z,101,5b6d694c237733c892843343b812e2e6e25ac683
78395914896,26604421536,Generate and publish ONNX docs,build,completed,success,2026-05-28T21:52:04Z,2026-05-28T22:06:56Z,892,5b6d694c237733c892843343b812e2e6e25ac683
78382923079,26600587168,Generate and publish ONNX docs,build,completed,success,2026-05-28T20:33:33Z,2026-05-28T20:49:29Z,956,1647a460914ad52cac95d583e5ae18959439d22e
78382923282,26600587170,Check URLs,build,completed,success,2026-05-28T20:33:34Z,2026-05-28T20:33:52Z,18,1647a460914ad52cac95d583e5ae18959439d22e
78382829858,26600560165,Check URLs,build,completed,failure,2026-05-28T20:33:01Z,2026-05-28T20:34:37Z,96,b201509a671d6ab188b35a16bfe49cfda7ae1840
78382829090,26600559794,Generate and publish ONNX docs,build,completed,success,2026-05-28T20:33:02Z,2026-05-28T20:48:15Z,913,b201509a671d6ab188b35a16bfe49cfda7ae1840
78280447136,26571768901,Generate and publish ONNX docs,build,completed,success,2026-05-28T11:25:21Z,2026-05-28T11:40:15Z,894,a23bf1c354fb25697c0bca8640d7c50700c782cb
78280447233,26571768904,Check URLs,build,completed,failure,2026-05-28T11:25:20Z,2026-05-28T11:26:56Z,96,a23bf1c354fb25697c0bca8640d7c50700c782cb
78213541158,26551214362,Check URLs,build,completed,success,2026-05-28T02:37:39Z,2026-05-28T02:37:57Z,18,8a8144ced43f8c777084289aa10faa16d3b93643
78213540744,26551214263,Generate and publish ONNX docs,build,completed,success,2026-05-28T02:37:39Z,2026-05-28T02:51:04Z,805,8a8144ced43f8c777084289aa10faa16d3b93643
78191279181,26543847021,Check URLs,build,completed,failure,2026-05-27T23:02:16Z,2026-05-27T23:02:46Z,30,f5348fb40b6d66a5b2c76800a4a851bf7e57da67
78191278446,26543847022,Generate and publish ONNX docs,build,completed,success,2026-05-27T23:02:16Z,2026-05-27T23:18:04Z,948,f5348fb40b6d66a5b2c76800a4a851bf7e57da67
78180466843,26540491918,Check URLs,build,completed,success,2026-05-27T21:43:09Z,2026-05-27T21:43:29Z,20,e086903b078abc7d238110addd67da9b8680b609
78180467008,26540491920,Generate and publish ONNX docs,build,completed,success,2026-05-27T21:43:10Z,2026-05-27T21:59:32Z,982,e086903b078abc7d238110addd67da9b8680b609
78179592752,26540229452,Check URLs,build,completed,success,2026-05-27T21:37:27Z,2026-05-27T21:37:48Z,21,2ab3bacb82e3a96888e66d5b07966a084c1de555
78179592206,26540229451,Generate and publish ONNX docs,build,completed,success,2026-05-27T21:37:27Z,2026-05-27T21:53:02Z,935,2ab3bacb82e3a96888e66d5b07966a084c1de555
78178477892,26539898347,Generate and publish ONNX docs,build,completed,success,2026-05-27T21:30:34Z,2026-05-27T21:46:36Z,962,f02702131da453a50c5d1ad1e800e4e26060bdff
78178477890,26539898304,Check URLs,build,completed,success,2026-05-27T21:30:33Z,2026-05-27T21:30:49Z,16,f02702131da453a50c5d1ad1e800e4e26060bdff
78177601544,26539635989,Generate and publish ONNX docs,build,completed,success,2026-05-27T21:25:01Z,2026-05-27T21:37:58Z,777,395e5ac15ee98517fc57b3684b9f4173cc194ba3
78177601042,26539635910,Check URLs,build,completed,failure,2026-05-27T21:25:00Z,2026-05-27T21:26:36Z,96,395e5ac15ee98517fc57b3684b9f4173cc194ba3
78165484077,26536162716,Check URLs,build,completed,success,2026-05-27T20:15:00Z,2026-05-27T20:15:21Z,21,93d9f12a3d810b92d9aa6cda961f5b020f3315ac
78165481617,26536161951,Generate and publish ONNX docs,build,completed,success,2026-05-27T20:14:59Z,2026-05-27T20:33:19Z,1100,93d9f12a3d810b92d9aa6cda961f5b020f3315ac
78169598471,26532733548,Generate and publish ONNX docs,build,completed,success,2026-05-27T20:38:09Z,2026-05-27T20:53:51Z,942,28646540fda34393bd35e0da214b0706811e5d43
78169594682,26532732496,Check URLs,build,completed,failure,2026-05-27T20:38:08Z,2026-05-27T20:38:27Z,19,28646540fda34393bd35e0da214b0706811e5d43
78137768440,26528165221,Check URLs,build,completed,failure,2026-05-27T17:43:05Z,2026-05-27T17:44:48Z,103,1fe72a6e99c73d5135441efc91357074c2a8fe9a
78137783718,26528165267,Generate and publish ONNX docs,build,completed,success,2026-05-27T17:43:11Z,2026-05-27T18:00:43Z,1052,1fe72a6e99c73d5135441efc91357074c2a8fe9a
78131995146,26526652252,Check URLs,build,completed,success,2026-05-27T17:11:44Z,2026-05-27T17:12:04Z,20,e1481b1df670e3620b2b60cb7e8f19c0f23e86ea
78131992679,26526651788,Generate and publish ONNX docs,build,completed,success,2026-05-27T17:11:44Z,2026-05-27T17:27:14Z,930,e1481b1df670e3620b2b60cb7e8f19c0f23e86ea
78117758947,26522658518,Generate and publish ONNX docs,build,completed,success,2026-05-27T15:57:37Z,2026-05-27T16:14:15Z,998,6a46603ae02b7e8ae19b4ee49d8a8a8ac1bcff47
78117758697,26522658526,Check URLs,build,completed,success,2026-05-27T15:57:37Z,2026-05-27T15:57:53Z,16,6a46603ae02b7e8ae19b4ee49d8a8a8ac1bcff47
78009290272,26491232644,Generate and publish ONNX docs,build,completed,success,2026-05-27T04:42:37Z,2026-05-27T05:00:00Z,1043,864742983359bfa003ce7bfce534f7d1eb099bad
78004095681,26488442029,Generate and publish ONNX docs,build,completed,success,2026-05-27T03:46:41Z,2026-05-27T04:01:23Z,882,803158c5ccbf8e7e4742cdea9b1d328cddbacb61
78004233516,26488142848,Check URLs,build,completed,success,2026-05-27T03:48:13Z,2026-05-27T03:48:29Z,16,19767c8d3dfb9002678ed02e5dd7260716fdef7e
78004232132,26488142850,Generate and publish ONNX docs,build,completed,success,2026-05-27T03:48:13Z,2026-05-27T04:03:37Z,924,19767c8d3dfb9002678ed02e5dd7260716fdef7e
77979932047,26476878260,Check URLs,build,completed,failure,2026-05-26T23:43:00Z,2026-05-26T23:44:37Z,97,a9b1e880358efa66149bff8d2e056f6c3f4e0315
77979931926,26476878164,Generate and publish ONNX docs,build,completed,success,2026-05-26T23:43:01Z,2026-05-26T23:59:12Z,971,a9b1e880358efa66149bff8d2e056f6c3f4e0315
77962926097,26475204828,Generate and publish ONNX docs,build,completed,success,2026-05-26T21:32:31Z,2026-05-26T21:47:24Z,893,b6885215a27a4727e6f6427b67729217194cf012
77962924219,26475204510,Check URLs,build,completed,success,2026-05-26T21:32:30Z,2026-05-26T21:32:51Z,21,b6885215a27a4727e6f6427b67729217194cf012
77979573282,26466634080,Check URLs,build,completed,success,2026-05-26T23:39:42Z,2026-05-26T23:40:02Z,20,c7920c619092d9c567439505b20c411b54c31d44
77979574208,26466634169,Generate and publish ONNX docs,build,completed,success,2026-05-26T23:39:42Z,2026-05-26T23:54:45Z,903,c7920c619092d9c567439505b20c411b54c31d44
77802323844,26430404417,Generate and publish ONNX docs,build,completed,success,2026-05-26T03:24:01Z,2026-05-26T03:38:56Z,895,edc823dbe63776a999a3223470bcdcf5b93e53e5
77637332580,26376417220,Check URLs,build,completed,success,2026-05-24T23:59:48Z,2026-05-25T00:00:30Z,42,6537780fd134b14fde438455141a3f379b0d2ec0
77637332594,26376417236,Generate and publish ONNX docs,build,completed,failure,2026-05-24T23:59:48Z,2026-05-25T00:00:57Z,69,6537780fd134b14fde438455141a3f379b0d2ec0
77583580773,26356317484,Check URLs,build,completed,failure,2026-05-24T08:26:19Z,2026-05-24T08:27:55Z,96,22159d17d6150b0c92280545ac6502f308addfb3
77583580771,26356317502,Generate and publish ONNX docs,build,completed,success,2026-05-24T08:26:20Z,2026-05-24T08:41:50Z,930,22159d17d6150b0c92280545ac6502f308addfb3
77576121390,26353600724,Check URLs,build,completed,failure,2026-05-24T06:05:40Z,2026-05-24T06:05:56Z,16,790c1fe8795debd347d058950a051c4ab13c9d42
77576121301,26353600748,Generate and publish ONNX docs,build,completed,success,2026-05-24T06:05:40Z,2026-05-24T06:20:55Z,915,790c1fe8795debd347d058950a051c4ab13c9d42
77547571344,26342775936,Generate and publish ONNX docs,build,completed,success,2026-05-23T20:28:52Z,2026-05-23T20:43:09Z,857,9d40fd34d2e3bf69d8d327764724ec93f21b884a
77547571449,26342775941,Check URLs,build,completed,success,2026-05-23T20:28:52Z,2026-05-23T20:29:09Z,17,9d40fd34d2e3bf69d8d327764724ec93f21b884a
77544227226,26341494238,Check URLs,build,completed,success,2026-05-23T19:27:15Z,2026-05-23T19:27:36Z,21,25680a60544415a2df6cc5ddcbec30e92d5d6ad5
77544227209,26341494245,Generate and publish ONNX docs,build,completed,success,2026-05-23T19:27:13Z,2026-05-23T19:43:17Z,964,25680a60544415a2df6cc5ddcbec30e92d5d6ad5
77537363627,26338926653,Generate and publish ONNX docs,build,completed,success,2026-05-23T17:22:48Z,2026-05-23T17:38:04Z,916,0ce10a714cf980589dc7c6125a2905dd5df652d6
77699713180,26338926655,Check URLs,build,completed,success,2026-05-25T10:56:31Z,2026-05-25T10:56:47Z,16,0ce10a714cf980589dc7c6125a2905dd5df652d6
77533810741,26337586654,Check URLs,build,completed,success,2026-05-23T16:17:30Z,2026-05-23T16:17:51Z,21,337ec8abf01a524f2032ffc0f94b16048e7fef7a
77533810704,26337586716,Generate and publish ONNX docs,build,completed,success,2026-05-23T16:17:29Z,2026-05-23T16:34:07Z,998,337ec8abf01a524f2032ffc0f94b16048e7fef7a
77529991180,26336114210,Check URLs,build,completed,success,2026-05-23T15:07:08Z,2026-05-23T15:07:23Z,15,1c8122c8fb232603e9fd2ddd08d8aab63fbf61ac
77529991161,26336114209,Generate and publish ONNX docs,build,completed,success,2026-05-23T15:07:09Z,2026-05-23T15:22:20Z,911,1c8122c8fb232603e9fd2ddd08d8aab63fbf61ac
77529368510,26335871976,Check URLs,build,completed,success,2026-05-23T14:55:51Z,2026-05-23T14:56:10Z,19,aa4bd0cd35ab6339f6020f031cf80be53182376d
77529368533,26335871973,Generate and publish ONNX docs,build,completed,success,2026-05-23T14:55:51Z,2026-05-23T15:12:36Z,1005,aa4bd0cd35ab6339f6020f031cf80be53182376d
77527581549,26335177352,Generate and publish ONNX docs,build,completed,success,2026-05-23T14:25:10Z,2026-05-23T14:40:12Z,902,f34e0a34792a759aa35db9f29f8c848146482ede
77527490538,26335141819,Generate and publish ONNX docs,build,completed,success,2026-05-23T14:23:26Z,2026-05-23T14:36:36Z,790,be6b67e73de7b08571f15a88f2582df6a27cf7ae
77526770928,26334857826,Check URLs,build,completed,failure,2026-05-23T14:10:00Z,2026-05-23T14:11:07Z,67,8924febb0e4a559ac0eb5a41424ce7049988004f
77526770876,26334857829,Generate and publish ONNX docs,build,completed,success,2026-05-23T14:10:00Z,2026-05-23T14:25:14Z,914,8924febb0e4a559ac0eb5a41424ce7049988004f
77524138552,26333819401,Check URLs,build,completed,success,2026-05-23T13:21:51Z,2026-05-23T13:22:07Z,16,6e137ff6394e30b34fd69bee0f6bbc90e74e48a2
77524138557,26333819366,Generate and publish ONNX docs,build,completed,success,2026-05-23T13:21:52Z,2026-05-23T13:37:40Z,948,6e137ff6394e30b34fd69bee0f6bbc90e74e48a2
77522758158,26333275997,Check URLs,build,completed,success,2026-05-23T12:56:00Z,2026-05-23T12:56:20Z,20,5439808b267835574ecd8282d0ed779b7cc7d455
77522758147,26333276001,Generate and publish ONNX docs,build,completed,success,2026-05-23T12:56:00Z,2026-05-23T13:11:01Z,901,5439808b267835574ecd8282d0ed779b7cc7d455
77522723534,26333262261,Check URLs,build,completed,failure,2026-05-23T12:55:20Z,2026-05-23T12:56:55Z,95,76fe8134c705a2c5e7ba3e3a661b772ed9dda0ea
77522723507,26333262257,Generate and publish ONNX docs,build,completed,success,2026-05-23T12:55:20Z,2026-05-23T13:09:02Z,822,76fe8134c705a2c5e7ba3e3a661b772ed9dda0ea
77509038754,26327983056,Generate and publish ONNX docs,build,completed,success,2026-05-23T08:21:43Z,2026-05-23T08:37:16Z,933,a78b74ea597243b6ccad9960d641f84d4e122237
77506463114,26327007797,Generate and publish ONNX docs,build,completed,success,2026-05-23T07:31:32Z,2026-05-23T07:46:33Z,901,f229200944638c9e4c3aaf264386c146de6b0ee4
77497542396,26323777954,Generate and publish ONNX docs,build,completed,success,2026-05-23T04:44:48Z,2026-05-23T05:00:22Z,934,032124f04222d6f7f657bd803059825d0f730afb
77497542304,26323777909,Check URLs,build,completed,success,2026-05-23T04:44:48Z,2026-05-23T04:45:07Z,19,032124f04222d6f7f657bd803059825d0f730afb
77496876798,26323525353,Check URLs,build,completed,success,2026-05-23T04:31:46Z,2026-05-23T04:32:09Z,23,6d61e1612a38ceda3bcc4ac71440570a2c363324
77496876926,26323525398,Generate and publish ONNX docs,build,completed,success,2026-05-23T04:31:47Z,2026-05-23T04:48:08Z,981,6d61e1612a38ceda3bcc4ac71440570a2c363324
77496297498,26323315233,Generate and publish ONNX docs,build,completed,success,2026-05-23T04:20:58Z,2026-05-23T04:36:52Z,954,343b46d8ba7f0039d2bf05268f11a6cdbd594663
77496198287,26323281190,Generate and publish ONNX docs,build,completed,success,2026-05-23T04:19:19Z,2026-05-23T04:33:04Z,825,523a11c04efb5a44dcf8a5a2047a8bf8cfb91f99
77465061907,26306740056,Generate and publish ONNX docs,build,completed,success,2026-05-22T21:25:22Z,2026-05-22T21:42:44Z,1042,73417bdc757e606404d37e530bdd36176382dd93
77465063072,26306740060,Check URLs,build,completed,success,2026-05-22T21:25:22Z,2026-05-22T21:25:43Z,21,73417bdc757e606404d37e530bdd36176382dd93
77444356042,26306158029,Check URLs,build,completed,success,2026-05-22T18:59:23Z,2026-05-22T18:59:47Z,24,8f767a86462429bd939adbcb3a587f8a3df94c48
77444356824,26306158084,Generate and publish ONNX docs,build,completed,success,2026-05-22T18:59:23Z,2026-05-22T19:15:05Z,942,8f767a86462429bd939adbcb3a587f8a3df94c48
77442011745,26305750526,Check URLs,build,completed,success,2026-05-22T18:43:58Z,2026-05-22T18:44:15Z,17,d33e14b757bbf7b7f6000f3dc942e6bc0e16bbb5
77442011834,26305750531,Generate and publish ONNX docs,build,completed,success,2026-05-22T18:43:58Z,2026-05-22T19:01:15Z,1037,d33e14b757bbf7b7f6000f3dc942e6bc0e16bbb5
77423789652,26300408387,Generate and publish ONNX docs,build,completed,success,2026-05-22T16:45:36Z,2026-05-22T17:01:51Z,975,d68d644de98b3d800496a7a3946dd0bab570deaa
77423789177,26300408390,Check URLs,build,completed,success,2026-05-22T16:45:36Z,2026-05-22T16:45:59Z,23,d68d644de98b3d800496a7a3946dd0bab570deaa
77422653216,26299007082,Generate and publish ONNX docs,build,completed,success,2026-05-22T16:38:23Z,2026-05-22T16:54:42Z,979,ad72414dfe19d20c6bce7d57f61aff5a63a63d47
77364016973,26283129571,Generate and publish ONNX docs,build,completed,success,2026-05-22T10:42:11Z,2026-05-22T10:58:42Z,991,fdb7de26ce8a08bbd643ca04d90059fdc12e3043
77318249718,26268992751,Generate and publish ONNX docs,build,completed,success,2026-05-22T04:47:57Z,2026-05-22T05:03:08Z,911,11b3e5264149125d82b0d623781ab6ecc7455540
77227443194,26241125538,Generate and publish ONNX docs,build,completed,success,2026-05-21T17:07:54Z,2026-05-21T17:22:41Z,887,fea12954095bccdb7d952feb25a1868d1258cb36
77223752211,26240080718,Generate and publish ONNX docs,build,completed,success,2026-05-21T16:48:09Z,2026-05-21T17:05:15Z,1026,bd8ccd1e035404ae71b5bff54963cd90e693d98e
77219928476,26238564149,Generate and publish ONNX docs,build,completed,success,2026-05-21T16:27:17Z,2026-05-21T16:43:13Z,956,a5a75e37de4842324316b83bb6063faa917ec437
77216891697,26238126079,Check URLs,build,completed,success,2026-05-21T16:11:12Z,2026-05-21T16:11:39Z,27,c0e4907f644fadff45aaa22494fb50231a6f6eac
77216892228,26238126141,Generate and publish ONNX docs,build,completed,success,2026-05-21T16:11:12Z,2026-05-21T16:27:15Z,963,c0e4907f644fadff45aaa22494fb50231a6f6eac
77216118015,26237744426,Generate and publish ONNX docs,build,completed,success,2026-05-21T16:07:09Z,2026-05-21T16:24:58Z,1069,0e7994d149008f7e2a8fca77a9ac1e7b99cf088a
77145952285,26218195265,Generate and publish ONNX docs,build,completed,success,2026-05-21T09:40:26Z,2026-05-21T09:56:26Z,960,6e3c99c7c4ce0fd6550fb97b3365e64d4050bfa4
77102843804,26204985816,Generate and publish ONNX docs,build,completed,success,2026-05-21T04:13:00Z,2026-05-21T04:28:38Z,938,0ab94f6e303b5a0f658abb41a889c50bb00e8936
77095714726,26202672245,Generate and publish ONNX docs,build,completed,success,2026-05-21T02:55:25Z,2026-05-21T03:17:24Z,1319,439d5e2ac9b758bd0924f47b0c580b69f9bb7515
77092223363,26201484154,Generate and publish ONNX docs,build,completed,success,2026-05-21T02:16:59Z,2026-05-21T02:32:51Z,952,7965aa7d9f4dbed491191e0d431f89073fd1a079
77070713160,26194503950,Generate and publish ONNX docs,build,completed,success,2026-05-20T22:49:58Z,2026-05-20T23:06:23Z,985,687c4e538d38b46fb2c367ea570414dc5621bccd
77070713172,26194503948,Check URLs,build,completed,success,2026-05-20T22:49:58Z,2026-05-20T22:50:20Z,22,687c4e538d38b46fb2c367ea570414dc5621bccd
77069710692,26194190481,Generate and publish ONNX docs,build,completed,success,2026-05-20T22:41:53Z,2026-05-20T22:57:14Z,921,30783cc52463f90aa87c430411dd4d0adce3dda8
77069710643,26194190479,Check URLs,build,completed,success,2026-05-20T22:41:53Z,2026-05-20T22:42:08Z,15,30783cc52463f90aa87c430411dd4d0adce3dda8
77068190867,26193725498,Generate and publish ONNX docs,build,completed,success,2026-05-20T22:30:19Z,2026-05-20T22:45:42Z,923,ec91dc49c6747028183a991f131a5f918099b79c
77068190530,26193725417,Check URLs,build,completed,success,2026-05-20T22:30:20Z,2026-05-20T22:30:39Z,19,ec91dc49c6747028183a991f131a5f918099b79c
77063650383,26191209431,Check URLs,build,completed,success,2026-05-20T21:57:39Z,2026-05-20T21:57:57Z,18,6495baade444e787cfac626651beb910f9b6942b
77063649803,26191209348,Generate and publish ONNX docs,build,completed,success,2026-05-20T21:57:39Z,2026-05-20T22:12:26Z,887,6495baade444e787cfac626651beb910f9b6942b
77050373251,26188500920,Generate and publish ONNX docs,build,completed,success,2026-05-20T20:36:58Z,2026-05-20T20:52:14Z,916,9c1a22ba456586ae3496476bc961c12ba78ac6d1
77050373265,26188501008,Check URLs,build,completed,success,2026-05-20T20:36:57Z,2026-05-20T20:37:14Z,17,9c1a22ba456586ae3496476bc961c12ba78ac6d1
77049444143,26188232760,Check URLs,build,completed,success,2026-05-20T20:31:44Z,2026-05-20T20:32:00Z,16,73736f2de2a1d852565006531f30475f2e38c7eb
77049443962,26188232811,Generate and publish ONNX docs,build,completed,success,2026-05-20T20:31:44Z,2026-05-20T20:47:19Z,935,73736f2de2a1d852565006531f30475f2e38c7eb
77043092643,26186433525,Generate and publish ONNX docs,build,completed,success,2026-05-20T19:56:08Z,2026-05-20T20:12:52Z,1004,0d584dc4226e82fce208697f897bc8748f8d2862
77043092399,26186433321,Check URLs,build,completed,success,2026-05-20T19:56:08Z,2026-05-20T19:56:26Z,18,0d584dc4226e82fce208697f897bc8748f8d2862
77042676726,26186315931,Generate and publish ONNX docs,build,completed,success,2026-05-20T19:53:48Z,2026-05-20T20:07:36Z,828,dbf812548ab8d293239f081b0405caef02a6f393
77042676519,26186315963,Check URLs,build,completed,success,2026-05-20T19:53:48Z,2026-05-20T19:54:11Z,23,dbf812548ab8d293239f081b0405caef02a6f393
77029997771,26182761192,Generate and publish ONNX docs,build,completed,success,2026-05-20T18:43:47Z,2026-05-20T18:59:18Z,931,b109d15f0df9d0f698ca17425b4d30d3053f0b47
77027935871,26182174573,Generate and publish ONNX docs,build,completed,success,2026-05-20T18:32:18Z,2026-05-20T18:47:44Z,926,01b4a3fd71a222fe6a1124e67d5f648d0580078e
77027935909,26182174571,Check URLs,build,completed,success,2026-05-20T18:32:17Z,2026-05-20T18:32:35Z,18,01b4a3fd71a222fe6a1124e67d5f648d0580078e
77026939396,26181885878,Check URLs,build,completed,success,2026-05-20T18:26:51Z,2026-05-20T18:27:07Z,16,0ebe0841967a1fe2e143eaf5bed12fd43a14690a
77026939313,26181885879,Generate and publish ONNX docs,build,completed,success,2026-05-20T18:26:51Z,2026-05-20T18:44:20Z,1049,0ebe0841967a1fe2e143eaf5bed12fd43a14690a
77025076915,26181149934,Generate and publish ONNX docs,build,completed,success,2026-05-20T18:16:34Z,2026-05-20T18:32:13Z,939,c6e382e9cae93dfd03ff0330ced1e66de5636c7d
76997262551,26173470734,Check URLs,build,completed,success,2026-05-20T15:44:15Z,2026-05-20T15:44:38Z,23,b6f803ec4bb88f80bd775e72a254ada3df11f04f
76997262716,26173470736,Generate and publish ONNX docs,build,completed,success,2026-05-20T15:44:15Z,2026-05-20T16:00:26Z,971,b6f803ec4bb88f80bd775e72a254ada3df11f04f
76955663118,26161905087,Generate and publish ONNX docs,build,completed,success,2026-05-20T12:16:16Z,2026-05-20T12:30:54Z,878,a6f1908b9bd0cae2b20460a5ff546a870624906c
76955663389,26161905180,Check URLs,build,completed,failure,2026-05-20T12:16:15Z,2026-05-20T12:18:23Z,128,a6f1908b9bd0cae2b20460a5ff546a870624906c
76888271616,26141652812,Generate and publish ONNX docs,build,completed,success,2026-05-20T04:38:35Z,2026-05-20T04:55:03Z,988,1ea440d9370d4e7b01b45b1d40f8c555e3c4bb73
76883825988,26140157183,Check URLs,build,completed,success,2026-05-20T03:51:45Z,2026-05-20T03:52:04Z,19,ab50333114d62139c4de669a6494b4939e193eea
76883825973,26140157173,Generate and publish ONNX docs,build,completed,success,2026-05-20T03:51:44Z,2026-05-20T04:06:29Z,885,ab50333114d62139c4de669a6494b4939e193eea
76883719123,26140121605,Check URLs,build,completed,success,2026-05-20T03:50:35Z,2026-05-20T03:50:52Z,17,9fd2601d333615fcbccf6ebb1c521ece713042e0
76883719116,26140121609,Generate and publish ONNX docs,build,completed,success,2026-05-20T03:50:35Z,2026-05-20T04:04:53Z,858,9fd2601d333615fcbccf6ebb1c521ece713042e0
76833057705,26124039592,Check URLs,build,completed,success,2026-05-19T20:41:49Z,2026-05-19T20:42:12Z,23,2ec288908952eea9dcf48d4b197915e1f72c6abf
76833057630,26124039517,Generate and publish ONNX docs,build,completed,success,2026-05-19T20:41:48Z,2026-05-19T20:55:58Z,850,2ec288908952eea9dcf48d4b197915e1f72c6abf
76828244810,26122627933,Generate and publish ONNX docs,build,completed,success,2026-05-19T20:15:01Z,2026-05-19T20:33:12Z,1091,6dde82facd897befc16bcd416a7924d76051f60a
76809338064,26117168858,Generate and publish ONNX docs,build,completed,success,2026-05-19T18:30:25Z,2026-05-19T18:46:14Z,949,2cc8189e08b9f5131433f2cc0e9e66cb6e891817
76800852719,26114722022,Generate and publish ONNX docs,build,completed,success,2026-05-19T17:44:04Z,2026-05-19T17:59:49Z,945,4f7fd4f4b142006dbee8e85d8eb6da2517db04f6
76800700516,26114679055,Generate and publish ONNX docs,build,completed,success,2026-05-19T17:43:14Z,2026-05-19T17:58:29Z,915,3db57e156e48797fc0bda9660de4fb736cc1b9d7
76713895642,26090289476,Check URLs,build,completed,success,2026-05-19T10:03:53Z,2026-05-19T10:04:11Z,18,7a1b99e3e49533f6a82a11d6f8a421a3c70c1a5f
76713895169,26090289301,Generate and publish ONNX docs,build,completed,success,2026-05-19T10:03:54Z,2026-05-19T10:20:04Z,970,7a1b99e3e49533f6a82a11d6f8a421a3c70c1a5f
76704882973,26087680759,Generate and publish ONNX docs,build,completed,success,2026-05-19T09:10:57Z,2026-05-19T09:25:39Z,882,1ad2a6407a5b776ef319b5bdcff666f3f3a166af
76703528738,26087292506,Check URLs,build,completed,success,2026-05-19T09:02:53Z,2026-05-19T09:03:10Z,17,9a48f83aa6673619a9ef7641f7891e1f0f66b076
76703526274,26087291606,Generate and publish ONNX docs,build,completed,success,2026-05-19T09:02:52Z,2026-05-19T09:18:44Z,952,9a48f83aa6673619a9ef7641f7891e1f0f66b076
76702157954,26086890318,Generate and publish ONNX docs,build,completed,success,2026-05-19T08:54:50Z,2026-05-19T09:11:12Z,982,251494ff6aa42e8781718fd83612517ed1d44a9c
76698337841,26085760185,Check URLs,build,completed,success,2026-05-19T08:31:42Z,2026-05-19T08:32:25Z,43,f07e915ce723e6919d771dd2fdaa3e299e3d83b5
76698337747,26085760259,Generate and publish ONNX docs,build,completed,success,2026-05-19T08:31:42Z,2026-05-19T08:48:33Z,1011,f07e915ce723e6919d771dd2fdaa3e299e3d83b5
76644241560,26068412967,Generate and publish ONNX docs,build,completed,success,2026-05-19T00:23:48Z,2026-05-19T00:38:49Z,901,c94546f8cf6fe683bc78c2998043f8ec128c3376
76643947268,26068318825,Generate and publish ONNX docs,build,completed,success,2026-05-19T00:21:00Z,2026-05-19T00:36:50Z,950,3a50ca940b99036f090b8aef72b39e2aec90a0d6
76638915815,26066665370,Generate and publish ONNX docs,build,completed,success,2026-05-18T23:34:21Z,2026-05-18T23:49:30Z,909,93bb6190d6697d0594d3ee6c2f1235d42a23f200
76638915879,26066665324,Check URLs,build,completed,success,2026-05-18T23:34:21Z,2026-05-18T23:34:38Z,17,93bb6190d6697d0594d3ee6c2f1235d42a23f200
76626563762,26062737594,Generate and publish ONNX docs,build,completed,success,2026-05-18T21:54:49Z,2026-05-18T22:10:24Z,935,c96c82d8c2db629c764f0566fb5b1e66c43412b2
76626106914,26062595289,Generate and publish ONNX docs,build,completed,success,2026-05-18T21:51:37Z,2026-05-18T22:05:24Z,827,9f31f837b85853c136e0b001f8908e3d0c117706
76618962840,26060437361,Check URLs,build,completed,success,2026-05-18T21:05:26Z,2026-05-18T21:05:46Z,20,fd25487ea781eb2c9a2a3e3a3edf043d743d63d1
76618962921,26060437358,Generate and publish ONNX docs,build,completed,success,2026-05-18T21:05:26Z,2026-05-18T21:21:27Z,961,fd25487ea781eb2c9a2a3e3a3edf043d743d63d1
76616274260,26059645090,Generate and publish ONNX docs,build,completed,success,2026-05-18T20:49:23Z,2026-05-18T21:05:38Z,975,fa652d85c14b532f12fef14dfd2c2acf675f2d3e
76613905119,26058934458,Generate and publish ONNX docs,build,completed,success,2026-05-18T20:35:33Z,2026-05-18T20:53:09Z,1056,e3fd238cc76987440da4ebedc747010a813a49e0
76612710634,26058576616,Generate and publish ONNX docs,build,completed,success,2026-05-18T20:28:36Z,2026-05-18T20:45:55Z,1039,701a92af3f28f5eb51d28ffd71cc9ce956cececf
76611039123,26058067734,Check URLs,build,completed,success,2026-05-18T20:18:18Z,2026-05-18T20:18:58Z,40,58c7d79465f8eeccf1596727f42443e60d233a43
76611039049,26058067732,Generate and publish ONNX docs,build,completed,success,2026-05-18T20:18:20Z,2026-05-18T20:33:06Z,886,58c7d79465f8eeccf1596727f42443e60d233a43
76607293654,26056949641,Generate and publish ONNX docs,build,completed,success,2026-05-18T19:55:25Z,2026-05-18T20:11:17Z,952,762224e7c8e460cbda6d838caa9d452182ba629e
76605332683,26056363080,Generate and publish ONNX docs,build,completed,success,2026-05-18T19:43:40Z,2026-05-18T20:00:35Z,1015,da331ecfb45084c40209bb43123729de2f71765f
76604590939,26056138800,Generate and publish ONNX docs,build,completed,success,2026-05-18T19:39:17Z,2026-05-18T19:54:47Z,930,5d4454e27ac5b324ff3ba5de7266bf6ccfe9f103
76596123316,26053617795,Check URLs,build,completed,success,2026-05-18T18:49:53Z,2026-05-18T18:51:03Z,70,72eac1a91ec7eab440bd02009d9622e15b143052
76596123247,26053617858,Generate and publish ONNX docs,build,completed,success,2026-05-18T18:49:53Z,2026-05-18T19:05:24Z,931,72eac1a91ec7eab440bd02009d9622e15b143052
76585305521,26050407201,Generate and publish ONNX docs,build,completed,success,2026-05-18T17:47:15Z,2026-05-18T18:03:27Z,972,ade0ee5827c08b5b119f58eabcd766203d695cce
76582086530,26049453338,Generate and publish ONNX docs,build,completed,success,2026-05-18T17:28:40Z,2026-05-18T17:43:32Z,892,f3d74bbaa34865ca9f60cbcbed8a7d996e83cbec
76580848860,26049087957,Generate and publish ONNX docs,build,completed,success,2026-05-18T17:21:33Z,2026-05-18T17:38:16Z,1003,e3c0ff6a4d8710432102e17872916a663c3aa587
76579827135,26048788744,Generate and publish ONNX docs,build,completed,success,2026-05-18T17:15:41Z,2026-05-18T17:32:18Z,997,38dcbc96bdaf84c3858c906319f5e6c29087ea0d
76554989080,26041753917,Generate and publish ONNX docs,build,completed,success,2026-05-18T15:02:21Z,2026-05-18T15:18:29Z,968,30887a4fd7f1c29f79526dda2aa2ab13f38d9161
76495366631,26024835176,Check URLs,build,completed,success,2026-05-18T09:23:30Z,2026-05-18T09:23:47Z,17,8288fe1e5d48fb5b81db7b848e4ba3663e4c8243
76495366358,26024835067,Generate and publish ONNX docs,build,completed,success,2026-05-18T09:23:30Z,2026-05-18T09:38:31Z,901,8288fe1e5d48fb5b81db7b848e4ba3663e4c8243
76460804807,26014209540,Generate and publish ONNX docs,build,completed,success,2026-05-18T04:51:42Z,2026-05-18T05:07:24Z,942,36de9ed25c649d6b657b3618c7ed924352b2bf2e
76456131013,26012592186,Generate and publish ONNX docs,build,completed,success,2026-05-18T03:54:04Z,2026-05-18T04:09:53Z,949,9bf9124819bb5864f85df340be60fd58dddbd0c9
76455590331,26012404208,Generate and publish ONNX docs,build,completed,success,2026-05-18T03:47:10Z,2026-05-18T04:03:40Z,990,3252bdbbde6dd414eadac2ac48f7e493f9ad2531
76448245931,26009846722,Generate and publish ONNX docs,build,completed,success,2026-05-18T02:11:33Z,2026-05-18T02:29:04Z,1051,dfd956c14ad0ab9243a0f9c1481623b397f98e7c
76448245861,26009846726,Check URLs,build,completed,success,2026-05-18T02:11:32Z,2026-05-18T02:11:49Z,17,dfd956c14ad0ab9243a0f9c1481623b397f98e7c
76437082732,26005840442,Check URLs,build,completed,success,2026-05-17T23:28:19Z,2026-05-17T23:28:34Z,15,d8820d4cfee132b4fd01c2a0c2c4a2e71e02427a
76437082750,26005840474,Generate and publish ONNX docs,build,completed,success,2026-05-17T23:28:19Z,2026-05-17T23:46:57Z,1118,d8820d4cfee132b4fd01c2a0c2c4a2e71e02427a
76436887565,26005768475,Check URLs,build,completed,success,2026-05-17T23:24:57Z,2026-05-17T23:25:12Z,15,7aa7013aa3b1d5f98692d4ea05c1aba442e0b3c6
76436887522,26005768423,Generate and publish ONNX docs,build,completed,success,2026-05-17T23:24:57Z,2026-05-17T23:39:52Z,895,7aa7013aa3b1d5f98692d4ea05c1aba442e0b3c6
76436756771,26005720263,Check URLs,build,completed,success,2026-05-17T23:22:38Z,2026-05-17T23:22:53Z,15,0b95250d20af29055abb274010b9025ee5bdacc9
76436756794,26005720261,Generate and publish ONNX docs,build,completed,success,2026-05-17T23:22:39Z,2026-05-17T23:38:23Z,944,0b95250d20af29055abb274010b9025ee5bdacc9
76436321408,26005562154,Generate and publish ONNX docs,build,completed,success,2026-05-17T23:15:10Z,2026-05-17T23:31:37Z,987,70e74471f540cdba408d8a5f96abde76edecae1d
76436321327,26005562150,Check URLs,build,completed,failure,2026-05-17T23:15:10Z,2026-05-17T23:16:46Z,96,70e74471f540cdba408d8a5f96abde76edecae1d
76436258368,26005537596,Generate and publish ONNX docs,build,completed,success,2026-05-17T23:14:02Z,2026-05-17T23:28:24Z,862,15e514a6a20c3a2c364220084c1e4ff9b743adc1
76436258411,26005537587,Check URLs,build,completed,success,2026-05-17T23:14:02Z,2026-05-17T23:14:22Z,20,15e514a6a20c3a2c364220084c1e4ff9b743adc1
76417188039,25998498395,Generate and publish ONNX docs,build,completed,success,2026-05-17T18:01:18Z,2026-05-17T18:16:29Z,911,984138262b362133416288b018be956d766a39d2
76415072026,25997713691,Generate and publish ONNX docs,build,completed,success,2026-05-17T17:26:49Z,2026-05-17T17:43:11Z,982,13c6e94c341c44e1596d19b30920fc1b9b67a8d4
76403141422,25993263992,Generate and publish ONNX docs,build,completed,success,2026-05-17T14:15:26Z,2026-05-17T14:33:52Z,1106,c91ff7dd7611914adc9e8444b349c2ac02c0dcbd
76397259739,25991095356,Generate and publish ONNX docs,build,completed,success,2026-05-17T12:39:17Z,2026-05-17T12:55:09Z,952,69dcf71e2845c5eb1bc73b43c52c8a714690ad47
76397175658,25991063795,Generate and publish ONNX docs,build,completed,success,2026-05-17T12:37:49Z,2026-05-17T12:52:49Z,900,5c90814375c7f2bd4ed46786106dbe10e4a7e539
76389865375,25988350054,Generate and publish ONNX docs,build,completed,success,2026-05-17T10:29:39Z,2026-05-17T10:45:17Z,938,dffda2f87b8cf8656b18012820445be8eb023c68
76376776247,25983605910,Check URLs,build,completed,success,2026-05-17T06:33:45Z,2026-05-17T06:34:23Z,38,79e57f749ae04ccd352ef67f77ba52abfe5e12df
76376776255,25983605908,Generate and publish ONNX docs,build,completed,success,2026-05-17T06:33:46Z,2026-05-17T06:49:57Z,971,79e57f749ae04ccd352ef67f77ba52abfe5e12df
76373862330,25982580686,Generate and publish ONNX docs,build,completed,success,2026-05-17T05:39:06Z,2026-05-17T05:56:25Z,1039,3e9808d5db544e31006fa3ba33d52bbcd04bf8e7
76373862324,25982580694,Check URLs,build,completed,success,2026-05-17T05:39:06Z,2026-05-17T05:39:22Z,16,3e9808d5db544e31006fa3ba33d52bbcd04bf8e7
76372277210,25981995507,Check URLs,build,completed,success,2026-05-17T05:07:01Z,2026-05-17T05:07:23Z,22,3856f03b8b86d53aed3bc36956ae549c5d123d42
76372277194,25981995505,Generate and publish ONNX docs,build,completed,success,2026-05-17T05:07:01Z,2026-05-17T05:22:46Z,945,3856f03b8b86d53aed3bc36956ae549c5d123d42
76371477257,25981688211,Check URLs,build,completed,success,2026-05-17T04:49:48Z,2026-05-17T04:50:11Z,23,bb155e4f674cc73f2a34b95f3cea1514a156a480
76371477286,25981688196,Generate and publish ONNX docs,build,completed,success,2026-05-17T04:49:49Z,2026-05-17T05:05:36Z,947,bb155e4f674cc73f2a34b95f3cea1514a156a480
76370611681,25981366037,Generate and publish ONNX docs,build,completed,success,2026-05-17T04:31:13Z,2026-05-17T04:45:16Z,843,aca5204e96eb17f833b8263cbd1f3072a0e66faa
76370427294,25981301836,Generate and publish ONNX docs,build,completed,success,2026-05-17T04:27:42Z,2026-05-17T04:43:10Z,928,0716b8246233ee202cc0e6f6ec6764ab362f27bb
76369963448,25981132814,Generate and publish ONNX docs,build,completed,success,2026-05-17T04:18:16Z,2026-05-17T04:34:37Z,981,20601d4fe5989956ebbd82eb262dfb1f3cf82ad3
76369720827,25981037496,Generate and publish ONNX docs,build,completed,success,2026-05-17T04:12:36Z,2026-05-17T04:28:11Z,935,987439da45f63d45969bdaf03ddd3d5d08a14f7d
76367995156,25980387743,Generate and publish ONNX docs,build,completed,success,2026-05-17T03:35:59Z,2026-05-17T03:51:07Z,908,09e06df0a3ef52518f7b39f291d3f7855fead2c2
76367970871,25980379089,Generate and publish ONNX docs,build,completed,success,2026-05-17T03:35:28Z,2026-05-17T03:50:19Z,891,9433c7942865684e71b00ed5ceb4e40ab5d27c6f
76367970780,25980379081,Check URLs,build,completed,success,2026-05-17T03:35:29Z,2026-05-17T03:35:49Z,20,9433c7942865684e71b00ed5ceb4e40ab5d27c6f
76365256027,25979408731,Check URLs,build,completed,success,2026-05-17T02:42:51Z,2026-05-17T02:43:06Z,15,1433ad1aa0014b07ed58220c9e50ff71ece5cdcb
76365256024,25979408737,Generate and publish ONNX docs,build,completed,success,2026-05-17T02:42:51Z,2026-05-17T03:00:37Z,1066,1433ad1aa0014b07ed58220c9e50ff71ece5cdcb
76328260641,25965534150,Generate and publish ONNX docs,build,completed,success,2026-05-16T15:20:32Z,2026-05-16T15:36:25Z,953,a3c1aadc8866445c8c4d1aab9ab4f92e8c42608b
76328260635,25965534137,Check URLs,build,completed,success,2026-05-16T15:20:33Z,2026-05-16T15:21:18Z,45,a3c1aadc8866445c8c4d1aab9ab4f92e8c42608b
76327870370,25965389622,Generate and publish ONNX docs,build,completed,success,2026-05-16T15:13:48Z,2026-05-16T15:29:07Z,919,0771a74877a00c57eb64178f7098d0afb85d7669
76327870379,25965389613,Check URLs,build,completed,success,2026-05-16T15:13:47Z,2026-05-16T15:14:22Z,35,0771a74877a00c57eb64178f7098d0afb85d7669
76327709591,25965328966,Generate and publish ONNX docs,build,completed,success,2026-05-16T15:11:01Z,2026-05-16T15:28:11Z,1030,6a664b0a8ccf95f48d12e336011e6fd54ac40611
76324447381,25964118577,Check URLs,build,completed,success,2026-05-16T14:14:40Z,2026-05-16T14:15:07Z,27,bf54fef61b8176911bcc7f96edf90c04d16428ff
76324447385,25964118581,Generate and publish ONNX docs,build,completed,success,2026-05-16T14:14:40Z,2026-05-16T14:30:52Z,972,bf54fef61b8176911bcc7f96edf90c04d16428ff
76321948793,25963176330,Generate and publish ONNX docs,build,completed,success,2026-05-16T13:29:44Z,2026-05-16T13:44:50Z,906,4ed8f2022da86e9e72aa199c6cf1837200827970
76711898578,25962064389,Generate and publish ONNX docs,build,completed,success,2026-05-19T09:52:10Z,2026-05-19T10:05:59Z,829,0af0bc76a286e2dece90727702c88f4ce72bcd30
76711899709,25962064404,Check URLs,build,completed,success,2026-05-19T09:52:11Z,2026-05-19T09:52:29Z,18,0af0bc76a286e2dece90727702c88f4ce72bcd30
76313869028,25960110844,Generate and publish ONNX docs,build,completed,success,2026-05-16T10:53:52Z,2026-05-16T11:07:20Z,808,58f8ffabacc58e08bb4b39132c14e1c90f33317a
76313800933,25960084281,Generate and publish ONNX docs,build,completed,success,2026-05-16T10:52:27Z,2026-05-16T11:08:22Z,955,b4fb2bf5471d8e4e255db5d83995c98132ac4d12
76313570503,25959994459,Generate and publish ONNX docs,build,completed,success,2026-05-16T10:47:36Z,2026-05-16T11:02:48Z,912,0349cfec3575327f1dac60f0cb1f478e964ff015
76312730058,25959669005,Generate and publish ONNX docs,build,completed,success,2026-05-16T10:30:41Z,2026-05-16T10:46:06Z,925,fadc8a09a1efc2caac4b0cc6f2435b800cce3627
76312715027,25959663311,Generate and publish ONNX docs,build,completed,success,2026-05-16T10:30:26Z,2026-05-16T10:43:44Z,798,ea79d1d08aae9f2a3970d028177aa04c9bd244ea
76312715006,25959663313,Check URLs,build,completed,success,2026-05-16T10:30:26Z,2026-05-16T10:30:47Z,21,ea79d1d08aae9f2a3970d028177aa04c9bd244ea
76311917690,25959362268,Generate and publish ONNX docs,build,completed,success,2026-05-16T10:14:30Z,2026-05-16T10:31:07Z,997,d70056fbf34cc2eafc62a824dc75de07a5760d54
76311175597,25959097649,Generate and publish ONNX docs,build,completed,success,2026-05-16T10:00:33Z,2026-05-16T10:16:12Z,939,111db72dbf7a0da2617a0b329266390ccd26e79b
76311175632,25959097643,Check URLs,build,completed,success,2026-05-16T10:00:33Z,2026-05-16T10:00:52Z,19,111db72dbf7a0da2617a0b329266390ccd26e79b
76311093958,25959065371,Generate and publish ONNX docs,build,completed,success,2026-05-16T09:59:06Z,2026-05-16T10:14:40Z,934,f8ce41d0892d00fa4b4daa5a8fbbeb3b9182ae85
76311093961,25959065370,Check URLs,build,completed,success,2026-05-16T09:59:07Z,2026-05-16T09:59:28Z,21,f8ce41d0892d00fa4b4daa5a8fbbeb3b9182ae85
76310295965,25958576039,Generate and publish ONNX docs,build,completed,success,2026-05-16T09:44:33Z,2026-05-16T09:59:44Z,911,13ede249ce3ca5a1cbe45f0de4c3cd0fad87e4f8
76307726720,25957846250,Generate and publish ONNX docs,build,completed,success,2026-05-16T08:55:28Z,2026-05-16T09:10:25Z,897,5d47c135f93bbb31285b89ed584dcedcb56bc761
76307726699,25957846257,Check URLs,build,completed,success,2026-05-16T08:55:28Z,2026-05-16T08:55:46Z,18,5d47c135f93bbb31285b89ed584dcedcb56bc761
76305817264,25957173085,Generate and publish ONNX docs,build,completed,success,2026-05-16T08:20:25Z,2026-05-16T08:37:21Z,1016,9c48513796924c1cb0d5cbc983f65f580a08a2e6
76305393311,25957010219,Generate and publish ONNX docs,build,completed,success,2026-05-16T08:11:56Z,2026-05-16T08:28:40Z,1004,dce4a10039811e2d733f597dd9c66d2bc2f8cd6b
76300992718,25955384846,Generate and publish ONNX docs,build,completed,success,2026-05-16T06:48:35Z,2026-05-16T07:04:08Z,933,357f1f351f2c57dc00cf087c20013a43423928ca
76298053689,25954318095,Generate and publish ONNX docs,build,completed,success,2026-05-16T05:52:18Z,2026-05-16T06:10:08Z,1070,43c8ca7bf523a64e28ef38113f2c329dc5ac494c
76297672304,25954181213,Generate and publish ONNX docs,build,completed,success,2026-05-16T05:44:41Z,2026-05-16T06:02:28Z,1067,e0dda23bec86d7bf4b36affe07740cd4f435257e
76296425166,25953774122,Check URLs,build,completed,failure,2026-05-16T05:22:43Z,2026-05-16T05:24:18Z,95,9c1c8cf2159e7ad25228a10f6b9486cdd6dff37b
76296425210,25953774168,Generate and publish ONNX docs,build,completed,success,2026-05-16T05:22:44Z,2026-05-16T05:37:45Z,901,9c1c8cf2159e7ad25228a10f6b9486cdd6dff37b
76296387598,25953762256,Check URLs,build,completed,success,2026-05-16T05:22:07Z,2026-05-16T05:22:23Z,16,c7fe950317063ea49da9bd7b5ecd3bc14df17994
76296387561,25953762288,Generate and publish ONNX docs,build,completed,success,2026-05-16T05:22:07Z,2026-05-16T05:38:52Z,1005,c7fe950317063ea49da9bd7b5ecd3bc14df17994
76294916663,25953243105,Generate and publish ONNX docs,build,completed,success,2026-05-16T04:54:53Z,2026-05-16T05:09:50Z,897,b9b5c9374ab5f72eb8a82964550aabcb0206c5b1
76294916651,25953243112,Check URLs,build,completed,success,2026-05-16T04:54:53Z,2026-05-16T04:55:11Z,18,b9b5c9374ab5f72eb8a82964550aabcb0206c5b1
76266870468,25943639308,Generate and publish ONNX docs,build,completed,success,2026-05-15T22:05:11Z,2026-05-15T22:19:40Z,869,7cfe8dc19d2d16d9e636f8af54a2e51f08f3654c
76266870417,25943639300,Check URLs,build,completed,success,2026-05-15T22:05:11Z,2026-05-15T22:05:30Z,19,7cfe8dc19d2d16d9e636f8af54a2e51f08f3654c
76266844533,25943630817,Check URLs,build,completed,success,2026-05-15T22:04:55Z,2026-05-15T22:05:15Z,20,c74034974b74587fbb25bf0f5b1bd41a79d15dfa
76266844544,25943630808,Generate and publish ONNX docs,build,completed,success,2026-05-15T22:04:56Z,2026-05-15T22:18:52Z,836,c74034974b74587fbb25bf0f5b1bd41a79d15dfa
76265192080,25943116673,Check URLs,build,completed,failure,2026-05-15T21:50:15Z,2026-05-15T21:51:55Z,100,8f6e7d476d74281e11091bfb3e458db59ea33d19
76265191970,25943116632,Generate and publish ONNX docs,build,completed,success,2026-05-15T21:50:15Z,2026-05-15T22:05:26Z,911,8f6e7d476d74281e11091bfb3e458db59ea33d19
76264786834,25942990966,Generate and publish ONNX docs,build,completed,success,2026-05-15T21:46:52Z,2026-05-15T22:02:08Z,916,c98e99b95bdae0aa37496abd55ded7858f846837
76264786776,25942990963,Check URLs,build,completed,success,2026-05-15T21:46:52Z,2026-05-15T21:47:14Z,22,c98e99b95bdae0aa37496abd55ded7858f846837
76263329806,25942538445,Generate and publish ONNX docs,build,completed,success,2026-05-15T21:34:55Z,2026-05-15T21:50:10Z,915,5683835507b184b447d59ae0b2b5ccbabac101c9
76263329710,25942538462,Check URLs,build,completed,success,2026-05-15T21:34:55Z,2026-05-15T21:35:20Z,25,5683835507b184b447d59ae0b2b5ccbabac101c9
76237060753,25934709540,Generate and publish ONNX docs,build,completed,success,2026-05-15T18:32:18Z,2026-05-15T18:48:35Z,977,46726814f157edaa9f3ee0fc83447c8bd7a4e490
76237018183,25934696560,Generate and publish ONNX docs,build,completed,success,2026-05-15T18:32:03Z,2026-05-15T18:48:37Z,994,0b35098718b7f7869a128e31941c8bf168fdefb4
76236878683,25934655799,Generate and publish ONNX docs,build,completed,success,2026-05-15T18:31:09Z,2026-05-15T18:45:59Z,890,e196a752f2557fcd0ab834c0c31e7666358bd6e7
76236538934,25934555630,Generate and publish ONNX docs,build,completed,success,2026-05-15T18:29:00Z,2026-05-15T18:42:39Z,819,f639a2dd9126829459c1fc32336361b7dee0e61e
76237085503,25934525940,Check URLs,build,completed,success,2026-05-15T18:32:28Z,2026-05-15T18:32:49Z,21,6ba65a1901abacbabbe0391d73ecabefca10f7e2
76236438134,25934525954,Generate and publish ONNX docs,build,completed,success,2026-05-15T18:28:20Z,2026-05-15T18:45:32Z,1032,6ba65a1901abacbabbe0391d73ecabefca10f7e2
76229976813,25932620369,Generate and publish ONNX docs,build,completed,success,2026-05-15T17:46:00Z,2026-05-15T18:01:48Z,948,d6271cae8e88f43ee48523304b333722e5e26316
76229731853,25932546436,Generate and publish ONNX docs,build,completed,success,2026-05-15T17:44:25Z,2026-05-15T18:00:48Z,983,7e56e9efe84ad7ed968c5617b1fda93961b3ff49
76225823022,25931379257,Generate and publish ONNX docs,build,completed,success,2026-05-15T17:19:06Z,2026-05-15T17:35:14Z,968,d62e873e4a7017596d8a3e2b2b1c5c9217195bbe
76225538786,25931294856,Check URLs,build,completed,success,2026-05-15T17:17:14Z,2026-05-15T17:17:32Z,18,bc099598efb1aced91c191f805e56496db1dc242
76225538694,25931294864,Generate and publish ONNX docs,build,completed,success,2026-05-15T17:17:13Z,2026-05-15T17:31:03Z,830,bc099598efb1aced91c191f805e56496db1dc242
76220004906,25929657194,Generate and publish ONNX docs,build,completed,success,2026-05-15T16:41:19Z,2026-05-15T16:58:48Z,1049,656c51bd965950c9d97d811d8de603edcb1b7109
76217439053,25928898505,Generate and publish ONNX docs,build,completed,success,2026-05-15T16:25:09Z,2026-05-15T16:42:56Z,1067,81d4117bb3ea768282bbfecceede65275b3f7eef
76198385092,25923480726,Generate and publish ONNX docs,build,completed,success,2026-05-15T14:32:34Z,2026-05-15T14:49:22Z,1008,8880bc715be0d4970486d9149fc02e1477431ce6
76197944825,25923354516,Generate and publish ONNX docs,build,completed,success,2026-05-15T14:30:03Z,2026-05-15T14:44:15Z,852,1a534d4e5f316ab4606939e384ca74f49be82b8a
76194723929,25922442633,Generate and publish ONNX docs,build,completed,success,2026-05-15T14:10:57Z,2026-05-15T14:25:53Z,896,70deebc01ef33f3dac9376659115b216166ad178
76179884960,25918146661,Generate and publish ONNX docs,build,completed,success,2026-05-15T12:37:18Z,2026-05-15T12:53:09Z,951,d3d71f1c8c8c4d16bf41847b45c99ce4aa0def63
76177052281,25917308376,Generate and publish ONNX docs,build,completed,success,2026-05-15T12:16:58Z,2026-05-15T12:32:25Z,927,8b0aa049cd8c05fd6eae293c7aa31da8db1f185d
76177052326,25917308392,Check URLs,build,completed,success,2026-05-15T12:16:59Z,2026-05-15T12:17:22Z,23,8b0aa049cd8c05fd6eae293c7aa31da8db1f185d
76174863181,25916657611,Generate and publish ONNX docs,build,completed,success,2026-05-15T12:00:33Z,2026-05-15T12:16:49Z,976,48a65488ac0bf27c2f88bca2ffe8e99f36f03f77
76174838602,25916650336,Generate and publish ONNX docs,build,completed,success,2026-05-15T12:00:24Z,2026-05-15T12:15:16Z,892,031b3052a7c6a7d6e54483faf6944d3211a77cc4
76174540588,25916561219,Generate and publish ONNX docs,build,completed,success,2026-05-15T11:58:02Z,2026-05-15T12:13:09Z,907,031b3052a7c6a7d6e54483faf6944d3211a77cc4
76171381444,25915611135,Generate and publish ONNX docs,build,completed,success,2026-05-15T11:33:38Z,2026-05-15T11:49:13Z,935,3141cc8ae23c398c655272662a156e370fb3be9c
76170328647,25915288117,Generate and publish ONNX docs,build,completed,success,2026-05-15T11:25:27Z,2026-05-15T11:40:42Z,915,e748a380a9a1f4b374f5a51e81c9061bc6b495ba
76168950829,25914879690,Check URLs,build,completed,success,2026-05-15T11:14:52Z,2026-05-15T11:15:13Z,21,800c2932274c580831485de73f4dad624af194e3
76168950881,25914879729,Generate and publish ONNX docs,build,completed,success,2026-05-15T11:14:52Z,2026-05-15T11:30:23Z,931,800c2932274c580831485de73f4dad624af194e3
76167506124,25914453697,Generate and publish ONNX docs,build,completed,success,2026-05-15T11:03:48Z,2026-05-15T11:19:16Z,928,c8ca83acfd0c095df3c1e7d80d0074a0c9916629
76164267460,25913505468,Generate and publish ONNX docs,build,completed,success,2026-05-15T10:39:35Z,2026-05-15T10:54:03Z,868,53eb8130bd2cefc73e673ddff5c2f754f028aada
76157493757,25911494510,Generate and publish ONNX docs,build,completed,success,2026-05-15T09:49:47Z,2026-05-15T10:05:09Z,922,1536a43206ecbc715002251f3aeb9c3da7d59d77
76157493857,25911494518,Check URLs,build,completed,success,2026-05-15T09:49:47Z,2026-05-15T09:50:02Z,15,1536a43206ecbc715002251f3aeb9c3da7d59d77
76157233183,25911417945,Generate and publish ONNX docs,build,completed,success,2026-05-15T09:47:55Z,2026-05-15T10:04:29Z,994,b792fa7553f45a3117588935887c8b4ed1404451
76150286885,25909368278,Generate and publish ONNX docs,build,completed,success,2026-05-15T08:58:15Z,2026-05-15T09:13:20Z,905,1a3943676302a8e6ab8796234ca59b01d989b442
76145367553,25907874199,Generate and publish ONNX docs,build,completed,success,2026-05-15T08:21:06Z,2026-05-15T08:36:21Z,915,c1be1865592134a3b35c6fd2355dc871f2b441a4
76145332427,25907863856,Generate and publish ONNX docs,build,completed,success,2026-05-15T08:20:49Z,2026-05-15T08:37:23Z,994,955409dcab61b256543a26e6564be348a4d376a1
76145299193,25907853241,Check URLs,build,completed,success,2026-05-15T08:20:32Z,2026-05-15T08:20:53Z,21,15ab23603577815da8d897a175c18c0eba1e41cd
76145299187,25907853246,Generate and publish ONNX docs,build,completed,success,2026-05-15T08:20:32Z,2026-05-15T08:36:22Z,950,15ab23603577815da8d897a175c18c0eba1e41cd
76145175975,25907813957,Generate and publish ONNX docs,build,completed,success,2026-05-15T08:19:34Z,2026-05-15T08:34:55Z,921,ec784aabd550903f59c8b6591688a344bbf4d2ee
76144790874,25907709002,Generate and publish ONNX docs,build,completed,success,2026-05-15T08:16:44Z,2026-05-15T08:32:30Z,946,64182cf38226cc697c8ad54e466c0363f519cf7e
76143598294,25907498855,Generate and publish ONNX docs,build,completed,success,2026-05-15T08:10:55Z,2026-05-15T08:27:25Z,990,657e9a1b3e6d124d2e9d46d40a3be551fcff90f5
76143297918,25907351391,Generate and publish ONNX docs,build,completed,success,2026-05-15T08:06:15Z,2026-05-15T08:21:11Z,896,09a22193b9a207c23a31d93e6f79b5234118ef08
76143028700,25907220338,Generate and publish ONNX docs,build,completed,success,2026-05-15T08:02:04Z,2026-05-15T08:15:51Z,827,6e319617cd193818548242e072ebb277129fc309
76142981588,25907198309,Check URLs,build,completed,success,2026-05-15T08:01:16Z,2026-05-15T08:01:37Z,21,67b71d21e679aba5982d9d3f13530b804c3f6526
76142981616,25907198280,Generate and publish ONNX docs,build,completed,success,2026-05-15T08:01:15Z,2026-05-15T08:16:32Z,917,67b71d21e679aba5982d9d3f13530b804c3f6526
76140003376,25906067483,Generate and publish ONNX docs,build,completed,success,2026-05-15T07:29:18Z,2026-05-15T07:45:37Z,979,a36cea3a03ef7cd3bac94a6a620f4bc1e3809d70
76140003268,25906067500,Check URLs,build,completed,success,2026-05-15T07:29:13Z,2026-05-15T07:29:35Z,22,a36cea3a03ef7cd3bac94a6a620f4bc1e3809d70
76123535051,25900798551,Check URLs,build,completed,success,2026-05-15T04:47:08Z,2026-05-15T04:47:24Z,16,b20ac0c84506037ce3bdc88e8b093a3c70bf9e30
76123535316,25900798606,Generate and publish ONNX docs,build,completed,success,2026-05-15T04:47:07Z,2026-05-15T05:02:00Z,893,b20ac0c84506037ce3bdc88e8b093a3c70bf9e30
76121408885,25900087971,Check URLs,build,completed,success,2026-05-15T04:22:51Z,2026-05-15T04:23:13Z,22,be1989a09db33d3ceb12e6f896e4a45e17eda495
76121408910,25900087984,Generate and publish ONNX docs,build,completed,success,2026-05-15T04:22:50Z,2026-05-15T04:37:57Z,907,be1989a09db33d3ceb12e6f896e4a45e17eda495
76118640915,25899152306,Check URLs,build,completed,success,2026-05-15T03:48:37Z,2026-05-15T03:48:52Z,15,8312b0a2b9e401aa06daabed89c25f543852d8db
76118640872,25899152311,Generate and publish ONNX docs,build,completed,success,2026-05-15T03:48:37Z,2026-05-15T04:03:51Z,914,8312b0a2b9e401aa06daabed89c25f543852d8db
77075166660,25891187389,Check URLs,build,completed,success,2026-05-20T23:28:19Z,2026-05-20T23:28:35Z,16,89d85ddb89db26dd581077084f017caaae38a207
77075166485,25891187328,Generate and publish ONNX docs,build,completed,success,2026-05-20T23:28:18Z,2026-05-20T23:45:58Z,1060,89d85ddb89db26dd581077084f017caaae38a207
76049830509,25877896475,Generate and publish ONNX docs,build,completed,success,2026-05-14T18:28:20Z,2026-05-14T18:51:08Z,1368,c9ed1da6946a045c3e34aa69ad19a00b7caa891d
76046112869,25876819315,Check URLs,build,completed,failure,2026-05-14T18:06:37Z,2026-05-14T18:08:14Z,97,1f9dd99064024fcfc919904b4e00002d0e1d0194
76046113199,25876819399,Generate and publish ONNX docs,build,completed,success,2026-05-14T18:06:37Z,2026-05-14T18:21:48Z,911,1f9dd99064024fcfc919904b4e00002d0e1d0194
76044906088,25876476035,Generate and publish ONNX docs,build,completed,success,2026-05-14T17:59:39Z,2026-05-14T18:14:56Z,917,619cbbc02e97372d83a2f0ca75d8800b14907a3a
76043966294,25876205016,Generate and publish ONNX docs,build,completed,failure,2026-05-14T17:54:14Z,2026-05-14T17:57:26Z,192,cd6b5f8d8d2c2f76376beeadb4079cb8b051872b
76044031630,25875181538,Generate and publish ONNX docs,build,completed,success,2026-05-14T17:54:38Z,2026-05-14T18:09:58Z,920,69c96a21a0702d4cb71e58a08b02dbecfc9fe868
76043998003,25875181441,Check URLs,build,completed,success,2026-05-14T17:54:25Z,2026-05-14T17:54:43Z,18,69c96a21a0702d4cb71e58a08b02dbecfc9fe868
76040286582,25875153852,Check URLs,build,completed,success,2026-05-14T17:32:46Z,2026-05-14T17:33:05Z,19,b9eace2cc198f384ea874ad0fe88e39893b278a3
76040286617,25875153799,Generate and publish ONNX docs,build,completed,success,2026-05-14T17:32:52Z,2026-05-14T17:49:08Z,976,b9eace2cc198f384ea874ad0fe88e39893b278a3
76039501622,25874929356,Check URLs,build,completed,success,2026-05-14T17:28:18Z,2026-05-14T17:28:42Z,24,e4f64a3e0b496a3f867210687667a3b30a390c92
76039501676,25874929405,Generate and publish ONNX docs,build,completed,success,2026-05-14T17:28:19Z,2026-05-14T17:43:28Z,909,e4f64a3e0b496a3f867210687667a3b30a390c92
76036423765,25874038132,Generate and publish ONNX docs,build,completed,success,2026-05-14T17:10:26Z,2026-05-14T17:26:57Z,991,e31fc588968383379af3a1620b8d539a77fd2ef6
76141534100,25874033419,Check URLs,build,completed,success,2026-05-15T07:41:35Z,2026-05-15T07:41:53Z,18,e31fc588968383379af3a1620b8d539a77fd2ef6
76020726407,25869549424,Generate and publish ONNX docs,build,completed,success,2026-05-14T15:41:17Z,2026-05-14T15:56:38Z,921,c48c16f26eebe82aaedb5ee551d4ead85a13ab64
76020726469,25869549339,Check URLs,build,completed,success,2026-05-14T15:41:16Z,2026-05-14T15:41:37Z,21,c48c16f26eebe82aaedb5ee551d4ead85a13ab64
75999268390,25863496579,Check URLs,build,completed,failure,2026-05-14T13:44:25Z,2026-05-14T13:46:02Z,97,e90bd41d593abc4b061a297f284be5e4a53110e6
75999268628,25863496534,Generate and publish ONNX docs,build,completed,success,2026-05-14T13:44:25Z,2026-05-14T14:00:21Z,956,e90bd41d593abc4b061a297f284be5e4a53110e6
75982635179,25858634794,Check URLs,build,completed,failure,2026-05-14T11:55:24Z,2026-05-14T11:55:46Z,22,821d51b4fc2433ae1e763fbd64c16e38376a7066
75982635079,25858634790,Generate and publish ONNX docs,build,completed,success,2026-05-14T11:55:25Z,2026-05-14T12:11:38Z,973,821d51b4fc2433ae1e763fbd64c16e38376a7066
75979630161,25857728169,Generate and publish ONNX docs,build,completed,success,2026-05-14T11:32:44Z,2026-05-14T11:48:12Z,928,959239c4d16db979d7a96eacf378fc37fc6ebed3
75979630299,25857728173,Check URLs,build,completed,success,2026-05-14T11:32:39Z,2026-05-14T11:33:00Z,21,959239c4d16db979d7a96eacf378fc37fc6ebed3
75979530578,25857699202,Generate and publish ONNX docs,build,completed,failure,2026-05-14T11:31:53Z,2026-05-14T11:34:51Z,178,9be748ee50a8b111523cb8776e5d6aae9504a7cd
75979064520,25857559158,Generate and publish ONNX docs,build,completed,success,2026-05-14T11:28:21Z,2026-05-14T11:43:32Z,911,d18892921d30bb39458bd3fe083f85b973bd96df
75979064506,25857559141,Check URLs,build,completed,failure,2026-05-14T11:28:21Z,2026-05-14T11:29:58Z,97,d18892921d30bb39458bd3fe083f85b973bd96df
75978933303,25857517285,Generate and publish ONNX docs,build,completed,success,2026-05-14T11:27:20Z,2026-05-14T11:42:37Z,917,db43da92cec3d3e43190126efefe988d611895b8
75978933329,25857517280,Check URLs,build,completed,success,2026-05-14T11:27:20Z,2026-05-14T11:27:52Z,32,db43da92cec3d3e43190126efefe988d611895b8
75978826308,25857484548,Generate and publish ONNX docs,build,completed,success,2026-05-14T11:26:38Z,2026-05-14T11:42:21Z,943,73019917ab35757fe13d689063a0b155bc8861c1
75978826333,25857484583,Check URLs,build,completed,success,2026-05-14T11:26:31Z,2026-05-14T11:26:53Z,22,73019917ab35757fe13d689063a0b155bc8861c1
75975356786,25856443162,Check URLs,build,completed,success,2026-05-14T11:00:47Z,2026-05-14T11:01:08Z,21,7e8b4340c972b21ceae6a70c023d3eda80c5d6e9
75975356788,25856443157,Generate and publish ONNX docs,build,completed,success,2026-05-14T11:00:53Z,2026-05-14T11:16:18Z,925,7e8b4340c972b21ceae6a70c023d3eda80c5d6e9
75974053821,25856052885,Check URLs,build,completed,failure,2026-05-14T10:51:24Z,2026-05-14T10:52:59Z,95,ba3cb218666f450dbb188c8c62e6738fa986c6af
75974053891,25856052924,Generate and publish ONNX docs,build,completed,success,2026-05-14T10:51:23Z,2026-05-14T11:05:13Z,830,ba3cb218666f450dbb188c8c62e6738fa986c6af
75973693112,25855945594,Check URLs,build,completed,failure,2026-05-14T10:48:48Z,2026-05-14T10:50:23Z,95,20005c454083859e15269577706b547fb6754072
75973693052,25855945595,Generate and publish ONNX docs,build,completed,success,2026-05-14T10:48:49Z,2026-05-14T11:03:57Z,908,20005c454083859e15269577706b547fb6754072
75972973491,25855730190,Generate and publish ONNX docs,build,completed,success,2026-05-14T10:43:36Z,2026-05-14T10:58:23Z,887,910229adc9fd8df05d73b4c6d6cb5d249d3e6bad
75966797311,25853891232,Check URLs,build,completed,success,2026-05-14T09:58:44Z,2026-05-14T09:59:08Z,24,50a8cf72d51872a5acfb24abd6181f1838fe1b0c
75966797129,25853891170,Generate and publish ONNX docs,build,completed,success,2026-05-14T09:58:43Z,2026-05-14T10:15:04Z,981,50a8cf72d51872a5acfb24abd6181f1838fe1b0c
75961781524,25852371849,Check URLs,build,completed,failure,2026-05-14T09:22:42Z,2026-05-14T09:24:18Z,96,bb60acc3654fa8504929a1e1ed68914ac49357b8
75961781902,25852371906,Generate and publish ONNX docs,build,completed,success,2026-05-14T09:22:48Z,2026-05-14T09:38:07Z,919,bb60acc3654fa8504929a1e1ed68914ac49357b8
75960316476,25851928617,Check URLs,build,completed,success,2026-05-14T09:12:16Z,2026-05-14T09:12:37Z,21,c57a06bc65c6c823420849484311bfaf31868a8b
75960316492,25851928633,Generate and publish ONNX docs,build,completed,success,2026-05-14T09:12:21Z,2026-05-14T09:26:44Z,863,c57a06bc65c6c823420849484311bfaf31868a8b
75957709716,25851143589,Generate and publish ONNX docs,build,completed,success,2026-05-14T08:53:55Z,2026-05-14T09:09:45Z,950,c96821b2174c575be1c38b07a9f296ec515a69a1
75957709634,25851143580,Check URLs,build,completed,failure,2026-05-14T08:53:49Z,2026-05-14T08:55:26Z,97,c96821b2174c575be1c38b07a9f296ec515a69a1
75956843985,25850882112,Check URLs,build,completed,success,2026-05-14T08:47:23Z,2026-05-14T08:47:46Z,23,09baeedd3393f6ecc9aef0bca62def6a055751f1
75956843827,25850882097,Generate and publish ONNX docs,build,completed,success,2026-05-14T08:47:24Z,2026-05-14T09:04:10Z,1006,09baeedd3393f6ecc9aef0bca62def6a055751f1
75956525574,25850784503,Generate and publish ONNX docs,build,completed,success,2026-05-14T08:45:02Z,2026-05-14T09:00:16Z,914,29aa116a6a497ecff6142e9877e68d079f002037
75955946930,25850609129,Generate and publish ONNX docs,build,completed,success,2026-05-14T08:40:37Z,2026-05-14T08:56:31Z,954,8ff340561fbe1e178302ce869433f1cf0fd6c5a0
75955947209,25850609160,Check URLs,build,completed,success,2026-05-14T08:40:37Z,2026-05-14T08:41:00Z,23,8ff340561fbe1e178302ce869433f1cf0fd6c5a0
75953578161,25849877088,Generate and publish ONNX docs,build,completed,success,2026-05-14T08:22:53Z,2026-05-14T08:39:57Z,1024,46c16fec6c867681af1311f88148a604b4864c74
75953497355,25849851880,Generate and publish ONNX docs,build,completed,success,2026-05-14T08:22:17Z,2026-05-14T08:38:23Z,966,3a6f086495f96b544deffc98dcd000e443423d74
75953202542,25849760168,Generate and publish ONNX docs,build,completed,success,2026-05-14T08:19:56Z,2026-05-14T08:35:59Z,963,195d3dce869ff50eee483638763a0afdcd17cd48
75952000938,25849383048,Generate and publish ONNX docs,build,completed,success,2026-05-14T08:10:35Z,2026-05-14T08:26:06Z,931,0140a9431aa074c533b707aa9ee433d96a6a5e36
75951824211,25849327396,Generate and publish ONNX docs,build,completed,success,2026-05-14T08:09:12Z,2026-05-14T08:26:02Z,1010,7c121cf7cb65b3217e02a641c20c5925006576d5
75949511215,25848615503,Generate and publish ONNX docs,build,completed,success,2026-05-14T07:50:58Z,2026-05-14T08:08:10Z,1032,185bf84c4fd784ab9cb2caaaa8584b9c0299660a
75947172305,25847879642,Generate and publish ONNX docs,build,completed,success,2026-05-14T07:31:24Z,2026-05-14T07:48:09Z,1005,7b0d80046140b009462a17801fe970c2b2d0de7d
75946606683,25847701117,Generate and publish ONNX docs,build,completed,success,2026-05-14T07:26:42Z,2026-05-14T07:42:50Z,968,96604d8738ac8d10a00264a9c7b240f5f4726f2c
75945754986,25847424508,Generate and publish ONNX docs,build,completed,success,2026-05-14T07:19:30Z,2026-05-14T07:35:11Z,941,11f8226c39ebc7174b156b1f2eb94598836e754a
76436264919,25845304407,Generate and publish ONNX docs,build,completed,success,2026-05-17T23:14:09Z,2026-05-17T23:29:20Z,911,220a214adaa59e2ec08e8172953bba7eab05dd88
76436264455,25845304378,Check URLs,build,completed,success,2026-05-17T23:14:08Z,2026-05-17T23:14:25Z,17,220a214adaa59e2ec08e8172953bba7eab05dd88
75938313824,25845041022,Generate and publish ONNX docs,build,completed,success,2026-05-14T06:13:26Z,2026-05-14T06:28:14Z,888,847c6579edbfa0e58cc67aa39e34cc8e8ad8a2ec
75935886751,25844266768,Generate and publish ONNX docs,build,completed,success,2026-05-14T05:50:27Z,2026-05-14T06:05:57Z,930,b412be91a2da369b9f5027510ee2250c98f4977d
76040360972,25843856778,Check URLs,build,completed,success,2026-05-14T17:33:12Z,2026-05-14T17:33:32Z,20,6a6349b8809c385ed9f2fb91d96cc14ba2a1da02
76040359875,25843856765,Generate and publish ONNX docs,build,completed,success,2026-05-14T17:33:11Z,2026-05-14T17:49:14Z,963,6a6349b8809c385ed9f2fb91d96cc14ba2a1da02
75934502432,25843834764,Check URLs,build,completed,failure,2026-05-14T05:37:01Z,2026-05-14T05:38:36Z,95,686fb19b80aefd310b365644236ae854ef740a58
75934502461,25843834763,Generate and publish ONNX docs,build,completed,success,2026-05-14T05:36:54Z,2026-05-14T05:51:36Z,882,686fb19b80aefd310b365644236ae854ef740a58
75933817373,25843607085,Generate and publish ONNX docs,build,completed,success,2026-05-14T05:30:04Z,2026-05-14T05:44:45Z,881,8e9dc5dbc9193b731791e9aed89601bd6f736223
75933817337,25843607060,Check URLs,build,completed,success,2026-05-14T05:30:04Z,2026-05-14T05:30:18Z,14,8e9dc5dbc9193b731791e9aed89601bd6f736223
75933762549,25843589010,Check URLs,build,completed,success,2026-05-14T05:29:30Z,2026-05-14T05:29:45Z,15,ec2534aed0f4f2ed1658fd77423bde8fcf7a0c92
75933762559,25843589013,Generate and publish ONNX docs,build,completed,success,2026-05-14T05:29:36Z,2026-05-14T05:45:33Z,957,ec2534aed0f4f2ed1658fd77423bde8fcf7a0c92
75933229838,25843408622,Generate and publish ONNX docs,build,completed,success,2026-05-14T05:23:57Z,2026-05-14T05:37:58Z,841,42c047662d5139bb3c563450b65434d92cf9cf02
75933229870,25843408636,Check URLs,build,completed,success,2026-05-14T05:23:57Z,2026-05-14T05:24:17Z,20,42c047662d5139bb3c563450b65434d92cf9cf02
75932790656,25843260552,Generate and publish ONNX docs,build,completed,success,2026-05-14T05:19:37Z,2026-05-14T05:36:40Z,1023,9940a60a8efa91b67177183d28d2cae81742b4c5
75932790579,25843260556,Check URLs,build,completed,failure,2026-05-14T05:19:30Z,2026-05-14T05:21:05Z,95,9940a60a8efa91b67177183d28d2cae81742b4c5
75932110322,25843032518,Generate and publish ONNX docs,build,completed,success,2026-05-14T05:12:31Z,2026-05-14T05:27:54Z,923,00c631232956e0a5d59ed37654843006bfbecb6d
75932110099,25843032501,Check URLs,build,completed,success,2026-05-14T05:12:25Z,2026-05-14T05:12:46Z,21,00c631232956e0a5d59ed37654843006bfbecb6d
75932081598,25843023078,Generate and publish ONNX docs,build,completed,success,2026-05-14T05:12:13Z,2026-05-14T05:27:33Z,920,b8cd7f684bd026f3d1265796403dafe4bce05ac6
75932081568,25843023103,Check URLs,build,completed,failure,2026-05-14T05:12:07Z,2026-05-14T05:13:42Z,95,b8cd7f684bd026f3d1265796403dafe4bce05ac6
75931628346,25842866825,Check URLs,build,completed,success,2026-05-14T05:07:02Z,2026-05-14T05:07:17Z,15,e634a6886e05786ff9b90b02259259bfc73c1bca
75931628274,25842866810,Generate and publish ONNX docs,build,completed,success,2026-05-14T05:07:02Z,2026-05-14T05:21:56Z,894,e634a6886e05786ff9b90b02259259bfc73c1bca
75928873703,25841922546,Generate and publish ONNX docs,build,completed,success,2026-05-14T04:36:08Z,2026-05-14T04:50:38Z,870,9eb3f61248242d4ede5b310890b9c6366255f5ec
75928873719,25841922527,Check URLs,build,completed,success,2026-05-14T04:36:09Z,2026-05-14T04:36:39Z,30,9eb3f61248242d4ede5b310890b9c6366255f5ec
75925582976,25840828459,Generate and publish ONNX docs,build,completed,success,2026-05-14T03:59:44Z,2026-05-14T04:17:38Z,1074,f2a83da0c23c98a73a2881e3cb64320dc4baca56
75925583009,25840828451,Check URLs,build,completed,success,2026-05-14T03:59:44Z,2026-05-14T04:00:02Z,18,f2a83da0c23c98a73a2881e3cb64320dc4baca56
75924938357,25840609262,Generate and publish ONNX docs,build,completed,success,2026-05-14T03:52:20Z,2026-05-14T04:09:51Z,1051,b8d918d42b86376aca529797cd369e8604058491
75919275642,25838735295,Generate and publish ONNX docs,build,completed,success,2026-05-14T02:49:37Z,2026-05-14T03:06:13Z,996,7cde2b9e0ffda9ffe050a43b83eabf02cf7979a2
75918039458,25838315652,Generate and publish ONNX docs,build,completed,success,2026-05-14T02:35:56Z,2026-05-14T02:52:28Z,992,756b2a778a1d3b677e856e8dd627b401416c0e41
75918039491,25838315627,Check URLs,build,completed,success,2026-05-14T02:35:50Z,2026-05-14T02:36:05Z,15,756b2a778a1d3b677e856e8dd627b401416c0e41
75913175634,25836686853,Generate and publish ONNX docs,build,completed,success,2026-05-14T01:43:13Z,2026-05-14T01:58:12Z,899,ab8ad54f70c45452a6118f245e97805c64fffe81
75913175585,25836686832,Check URLs,build,completed,success,2026-05-14T01:43:06Z,2026-05-14T01:43:23Z,17,ab8ad54f70c45452a6118f245e97805c64fffe81
75912229368,25836378187,Generate and publish ONNX docs,build,completed,success,2026-05-14T01:33:01Z,2026-05-14T01:48:19Z,918,c7027a8ab99d923f49feba23d2dd1b9c64a29b89
75912229344,25836378173,Check URLs,build,completed,success,2026-05-14T01:32:55Z,2026-05-14T01:33:17Z,22,c7027a8ab99d923f49feba23d2dd1b9c64a29b89
75903927508,25833666281,Check URLs,build,completed,failure,2026-05-14T00:07:15Z,2026-05-14T00:08:51Z,96,804d90157b540333659bbf3fa9af58d0c65fcb2d
75903927521,25833666263,Generate and publish ONNX docs,build,completed,success,2026-05-14T00:07:10Z,2026-05-14T00:23:58Z,1008,804d90157b540333659bbf3fa9af58d0c65fcb2d
75901685900,25832930790,Generate and publish ONNX docs,build,completed,success,2026-05-13T23:45:12Z,2026-05-14T00:03:27Z,1095,23e6c29d62b805aafecb972a7cc31fa0790c5009
75901685877,25832930779,Check URLs,build,completed,success,2026-05-13T23:45:12Z,2026-05-13T23:45:29Z,17,23e6c29d62b805aafecb972a7cc31fa0790c5009
75901302335,25832802010,Generate and publish ONNX docs,build,completed,success,2026-05-13T23:41:28Z,2026-05-13T23:59:14Z,1066,b75d81962e1ab3ace71d551279655d9405fda82c
75901302362,25832802017,Check URLs,build,completed,failure,2026-05-13T23:41:28Z,2026-05-13T23:43:05Z,97,b75d81962e1ab3ace71d551279655d9405fda82c
75901086729,25832731341,Generate and publish ONNX docs,build,completed,success,2026-05-13T23:39:28Z,2026-05-13T23:57:04Z,1056,158290987fb0beaaa727a18c49e5b128a41a8d93
75901086690,25832731340,Check URLs,build,completed,success,2026-05-13T23:39:30Z,2026-05-13T23:39:50Z,20,158290987fb0beaaa727a18c49e5b128a41a8d93
75895722994,25831016481,Generate and publish ONNX docs,build,completed,success,2026-05-13T22:51:57Z,2026-05-13T23:08:24Z,987,6b814cd4bdd28e819f27a3de6621b7863fba217e
75895722928,25831016443,Check URLs,build,completed,failure,2026-05-13T22:52:03Z,2026-05-13T22:53:40Z,97,6b814cd4bdd28e819f27a3de6621b7863fba217e
75895422879,25830923131,Generate and publish ONNX docs,build,completed,success,2026-05-13T22:49:38Z,2026-05-13T23:06:41Z,1023,7c53e272d4562274df7f300f423845a8840bba82
75895422970,25830923135,Check URLs,build,completed,success,2026-05-13T22:49:32Z,2026-05-13T22:49:48Z,16,7c53e272d4562274df7f300f423845a8840bba82
75895368711,25830906885,Generate and publish ONNX docs,build,completed,success,2026-05-13T22:49:05Z,2026-05-13T23:06:11Z,1026,9913a85cbf9893ab8ec017d1520d96ba1b6e884a
75895368777,25830906858,Check URLs,build,completed,failure,2026-05-13T22:49:05Z,2026-05-13T22:50:42Z,97,9913a85cbf9893ab8ec017d1520d96ba1b6e884a
75930855390,25827237395,Check URLs,build,completed,failure,2026-05-14T04:58:25Z,2026-05-14T05:00:01Z,96,21e108ef7046d821905d3c208ad0bec9385e73e4
75930855975,25827237426,Generate and publish ONNX docs,build,completed,success,2026-05-14T04:58:31Z,2026-05-14T05:15:42Z,1031,21e108ef7046d821905d3c208ad0bec9385e73e4
75871206723,25823684325,Generate and publish ONNX docs,build,completed,success,2026-05-13T20:10:52Z,2026-05-13T20:27:35Z,1003,a4beff1e802b0bb5577e75271917222ba1bb2869
75869243651,25823113422,Generate and publish ONNX docs,build,completed,success,2026-05-13T19:59:26Z,2026-05-13T20:14:56Z,930,b04593d556b9b9d8a224c61275bc60289adb78aa
75866275258,25822248682,Generate and publish ONNX docs,build,completed,success,2026-05-13T19:42:17Z,2026-05-13T19:59:19Z,1022,df467bdf8c6bf27f9a1800d9ade6e77809a4f359
75930818680,25815847956,Check URLs,build,completed,success,2026-05-14T04:58:00Z,2026-05-14T04:58:39Z,39,cc02bc7b88892560fb71fbe632a745b459a4422a
75930818726,25815848007,Generate and publish ONNX docs,build,completed,success,2026-05-14T04:58:01Z,2026-05-14T05:13:05Z,904,cc02bc7b88892560fb71fbe632a745b459a4422a
75842810414,25815513798,Generate and publish ONNX docs,build,completed,success,2026-05-13T17:30:17Z,2026-05-13T17:46:49Z,992,1deca92363db01b1086971fea00ed12198934b9e
75842451467,25815400992,Generate and publish ONNX docs,build,completed,success,2026-05-13T17:28:16Z,2026-05-13T17:47:10Z,1134,cdb11a9b45ef75ed1e164fc182d686f9c1249b77
75842379502,25815244619,Generate and publish ONNX docs,build,completed,success,2026-05-13T17:27:50Z,2026-05-13T17:44:53Z,1023,f918317cbfe42534d6b1c9545185a2b9c31211bb
75840959855,25814979569,Check URLs,build,completed,failure,2026-05-13T17:20:03Z,2026-05-13T17:21:39Z,96,fc131ecf091e8a35a07f81906f83c4829ef21140
75840958814,25814979258,Generate and publish ONNX docs,build,completed,success,2026-05-13T17:19:55Z,2026-05-13T17:36:28Z,993,fc131ecf091e8a35a07f81906f83c4829ef21140
75840736855,25814916138,Check URLs,build,completed,success,2026-05-13T17:18:48Z,2026-05-13T17:19:06Z,18,fc131ecf091e8a35a07f81906f83c4829ef21140
75840735297,25814915165,Generate and publish ONNX docs,build,completed,success,2026-05-13T17:18:41Z,2026-05-13T17:35:37Z,1016,fc131ecf091e8a35a07f81906f83c4829ef21140
75838606139,25814307952,Generate and publish ONNX docs,build,completed,success,2026-05-13T17:06:48Z,2026-05-13T17:21:40Z,892,4d25bf19e5a212890efcb835f9e67d57ad6c6d36
75836991618,25813790590,Check URLs,build,completed,failure,2026-05-13T16:58:18Z,2026-05-13T16:59:57Z,99,4668f9b74297852628b48d9e27f213e40910296b
75836989144,25813790536,Generate and publish ONNX docs,build,completed,success,2026-05-13T16:58:02Z,2026-05-13T17:15:08Z,1026,4668f9b74297852628b48d9e27f213e40910296b
75832527144,25812581051,Generate and publish ONNX docs,build,completed,success,2026-05-13T16:33:35Z,2026-05-13T16:50:30Z,1015,f57ddf1aa6faf925972c99e9a70e770a090758c4
75832527219,25812581063,Check URLs,build,completed,failure,2026-05-13T16:33:33Z,2026-05-13T16:35:09Z,96,f57ddf1aa6faf925972c99e9a70e770a090758c4
75804423190,25804803844,Generate and publish ONNX docs,build,completed,success,2026-05-13T14:15:02Z,2026-05-13T14:33:06Z,1084,29d46ab6e8eec4b8f09115aa068218368c4901de
75805369656,25804139187,Check URLs,build,completed,success,2026-05-13T14:19:31Z,2026-05-13T14:19:54Z,23,4ee00680809ce7d5a3450ec307ffdcdc78aa71d8
75802015641,25804139261,Generate and publish ONNX docs,build,completed,success,2026-05-13T14:03:09Z,2026-05-13T14:21:12Z,1083,4ee00680809ce7d5a3450ec307ffdcdc78aa71d8
75801869774,25804098744,Generate and publish ONNX docs,build,completed,success,2026-05-13T14:02:27Z,2026-05-13T14:20:55Z,1108,2457bc1592f20250c758678b9ab50f2fcc6c57aa
75799972221,25803565889,Generate and publish ONNX docs,build,completed,success,2026-05-13T13:53:14Z,2026-05-13T14:11:06Z,1072,d12da7377b89fe23238eda5f117ed975b3b81188
75799730632,25803498696,Check URLs,build,completed,success,2026-05-13T13:52:11Z,2026-05-13T13:52:33Z,22,fc68af72f361b19ac6c43e5cf608afb3a2c23c4a
75799730666,25803498644,Generate and publish ONNX docs,build,completed,success,2026-05-13T13:52:11Z,2026-05-13T14:09:23Z,1032,fc68af72f361b19ac6c43e5cf608afb3a2c23c4a
75797530369,25802892474,Generate and publish ONNX docs,build,completed,success,2026-05-13T13:41:28Z,2026-05-13T13:59:31Z,1083,14b59c412db6dcca36a4b73ef3111d54899ac339
75796704829,25802665048,Generate and publish ONNX docs,build,completed,success,2026-05-13T13:37:23Z,2026-05-13T13:54:00Z,997,191b13bf25ab9d7631da2459b827dbe8dc1b3b89
75788394804,25800356723,Check URLs,build,completed,success,2026-05-13T12:53:50Z,2026-05-13T12:54:11Z,21,e08c328ece692dacb34975aae039378865592895
75788395581,25800356761,Generate and publish ONNX docs,build,completed,success,2026-05-13T12:53:56Z,2026-05-13T13:10:52Z,1016,e08c328ece692dacb34975aae039378865592895
75786374147,25799795182,Generate and publish ONNX docs,build,completed,success,2026-05-13T12:42:51Z,2026-05-13T12:59:36Z,1005,01a643c878f8daf9d6eaa424375cee53d1052a32
75786372767,25799794994,Check URLs,build,completed,success,2026-05-13T12:42:45Z,2026-05-13T12:43:09Z,24,01a643c878f8daf9d6eaa424375cee53d1052a32
75784311472,25799208650,Check URLs,build,completed,success,2026-05-13T12:30:58Z,2026-05-13T12:31:20Z,22,9627f352de509686404391b3a3d27a9191cc1e21
75784311696,25799208671,Generate and publish ONNX docs,build,completed,success,2026-05-13T12:31:03Z,2026-05-13T12:47:30Z,987,9627f352de509686404391b3a3d27a9191cc1e21
75772275394,25795683496,Generate and publish ONNX docs,build,completed,success,2026-05-13T11:16:45Z,2026-05-13T11:33:42Z,1017,09e1d86c59ea1a5291ca812f6be030279a6ebc55
75738445233,25785425925,Check URLs,build,completed,failure,2026-05-13T07:46:36Z,2026-05-13T07:48:49Z,133,f1fd19ed1065072589147a7e03b2b80fc5a431cc
75738446060,25785425919,Generate and publish ONNX docs,build,completed,success,2026-05-13T07:46:42Z,2026-05-13T08:03:47Z,1025,f1fd19ed1065072589147a7e03b2b80fc5a431cc
75737105414,25785289091,Generate and publish ONNX docs,build,completed,success,2026-05-13T07:37:23Z,2026-05-13T07:54:36Z,1033,e12c2e2092abf9f475a16d41452713803bd9dee4
75733390946,25784147615,Generate and publish ONNX docs,build,completed,success,2026-05-13T07:11:10Z,2026-05-13T07:27:54Z,1004,b787594e532421217dd7e3a580b72d376a62f0b3
75730725781,25783324949,Generate and publish ONNX docs,build,completed,success,2026-05-13T06:51:16Z,2026-05-13T07:10:09Z,1133,e1c33bd4e9e5c56d621ad745544d502de7a0bf3b
75730651985,25783301407,Generate and publish ONNX docs,build,completed,success,2026-05-13T06:50:34Z,2026-05-13T07:08:14Z,1060,f07d4b0c59318c103f080e893112a8eb918b8864
75729941737,25783047638,Check URLs,build,completed,failure,2026-05-13T06:44:49Z,2026-05-13T06:46:16Z,87,feccca88eb9a716c18359616eb3530a18630650e
75729942886,25783047662,Generate and publish ONNX docs,build,completed,success,2026-05-13T06:44:50Z,2026-05-13T07:03:59Z,1149,feccca88eb9a716c18359616eb3530a18630650e
75724360567,25781302765,Check URLs,build,completed,failure,2026-05-13T05:57:47Z,2026-05-13T05:59:13Z,86,cd5e40e005ad778cc15c4b427d2ba5e0150adc61
75724360591,25781302772,Generate and publish ONNX docs,build,completed,success,2026-05-13T05:57:48Z,2026-05-13T06:14:44Z,1016,cd5e40e005ad778cc15c4b427d2ba5e0150adc61
75718780615,25779465647,Generate and publish ONNX docs,build,completed,success,2026-05-13T05:04:18Z,2026-05-13T05:21:14Z,1016,c8197a8ddd50c2266a6e4857014270d9f1212adf
75717777271,25779114142,Generate and publish ONNX docs,build,completed,success,2026-05-13T04:53:25Z,2026-05-13T05:11:10Z,1065,bbea7c6bae5f0ea751c1f234fc8617e74506ee57
75717733470,25779097577,Generate and publish ONNX docs,build,completed,success,2026-05-13T04:52:56Z,2026-05-13T05:10:28Z,1052,39677cb4b49256aadaea067036479324dbe14aed
75716597041,25778707135,Generate and publish ONNX docs,build,completed,success,2026-05-13T04:40:46Z,2026-05-13T04:57:29Z,1003,f0064d407fb63ec01892254ae97d9520caae500e
76327869084,25777877621,Generate and publish ONNX docs,build,completed,success,2026-05-16T15:13:46Z,2026-05-16T15:29:35Z,949,08eb6b0c2e4263700c93b11c277b4a530e1ade0d
76327868733,25777877617,Check URLs,build,completed,failure,2026-05-16T15:13:46Z,2026-05-16T15:14:04Z,18,08eb6b0c2e4263700c93b11c277b4a530e1ade0d
75714059273,25777839427,Generate and publish ONNX docs,build,completed,success,2026-05-13T04:13:47Z,2026-05-13T04:30:35Z,1008,3702b5c7064d942123e02fdf6538a2a99367f90c
75712934480,25777451526,Generate and publish ONNX docs,build,completed,success,2026-05-13T04:01:10Z,2026-05-13T04:18:17Z,1027,8b0b8340bb9ccec90f317265c577085be7bf1ad9
75712934407,25777451520,Check URLs,build,completed,failure,2026-05-13T04:01:16Z,2026-05-13T04:02:47Z,91,8b0b8340bb9ccec90f317265c577085be7bf1ad9
75711142742,25776827452,Generate and publish ONNX docs,build,completed,success,2026-05-13T03:40:52Z,2026-05-13T03:58:02Z,1030,fa81b8439e265262b9e7dfbbe0089fd423812209
75710997932,25776777630,Generate and publish ONNX docs,build,completed,success,2026-05-13T03:39:14Z,2026-05-13T03:55:59Z,1005,a7c3217224cec027a41e6c222ae6d309a19a7351
75710652848,25776660746,Generate and publish ONNX docs,build,completed,success,2026-05-13T03:35:18Z,2026-05-13T03:52:07Z,1009,a83a6ba965d4403e3f4a2f7e8375c4f46d29fba0
75710119753,25776481463,Generate and publish ONNX docs,build,completed,success,2026-05-13T03:29:35Z,2026-05-13T03:46:09Z,994,ca26374f63e4e63cb676049c5ac04566e2319d79
75709833303,25776392188,Generate and publish ONNX docs,build,completed,success,2026-05-13T03:26:45Z,2026-05-13T03:44:13Z,1048,c9d2666619a68a9cec92c172a1d1a78b1da12952
75709781424,25776375114,Generate and publish ONNX docs,build,completed,success,2026-05-13T03:26:06Z,2026-05-13T03:42:57Z,1011,12a3c7413b9da0f4f867a1f73b55b754671c6532
75709725485,25776358513,Generate and publish ONNX docs,build,completed,success,2026-05-13T03:25:32Z,2026-05-13T03:42:54Z,1042,e00b6f5bb87ecdf40ba724126a78e14dd6906744
75709157925,25776173834,Check URLs,build,completed,failure,2026-05-13T03:19:36Z,2026-05-13T03:21:12Z,96,d5f44d3f3868e5a662cceeb9e301c6ab3a447136
75709158025,25776173811,Generate and publish ONNX docs,build,completed,success,2026-05-13T03:19:37Z,2026-05-13T03:38:06Z,1109,d5f44d3f3868e5a662cceeb9e301c6ab3a447136
75708008773,25775787434,Generate and publish ONNX docs,build,completed,success,2026-05-13T03:07:47Z,2026-05-13T03:25:28Z,1061,8c74e762f494ff3ab16f44c6bd68e7a9546fc53b
75707649850,25775682564,Generate and publish ONNX docs,build,completed,success,2026-05-13T03:04:04Z,2026-05-13T03:21:18Z,1034,b4074dc4e3ac9a492244c53442e937c553d2ab6a
75707622015,25775673131,Generate and publish ONNX docs,build,completed,success,2026-05-13T03:03:49Z,2026-05-13T03:22:18Z,1109,1d095c4860589de03b5ea1bc72ff2d3603e24e08
75707584184,25775661374,Generate and publish ONNX docs,build,completed,success,2026-05-13T03:03:24Z,2026-05-13T03:19:51Z,987,e92c96308d0fb17edcd87ab4dfbc0ffe4ab4efab
75707584162,25775661378,Check URLs,build,completed,failure,2026-05-13T03:03:24Z,2026-05-13T03:04:56Z,92,e92c96308d0fb17edcd87ab4dfbc0ffe4ab4efab
75707951392,25774617974,Generate and publish ONNX docs,build,completed,success,2026-05-13T03:07:17Z,2026-05-13T03:24:42Z,1045,564b74c96fb70a91e7f67fd791a6409850c273fc
75703075022,25774095946,Generate and publish ONNX docs,build,completed,success,2026-05-13T02:16:01Z,2026-05-13T02:33:11Z,1030,713aa999a469a3e84011be44b5197b2a872f80c6
75702734475,25773979597,Generate and publish ONNX docs,build,completed,failure,2026-05-13T02:12:24Z,2026-05-13T02:13:37Z,73,853ba4dd6a27a2704a28c991148e26a38d6f73e5
75702734332,25773979582,Check URLs,build,completed,failure,2026-05-13T02:12:30Z,2026-05-13T02:14:06Z,96,853ba4dd6a27a2704a28c991148e26a38d6f73e5
75702649230,25773950528,Generate and publish ONNX docs,build,completed,failure,2026-05-13T02:11:32Z,2026-05-13T02:12:51Z,79,9cde8d0d5f2185a04d5b3d9f32158b205956c2d0
75702499502,25773901384,Generate and publish ONNX docs,build,completed,failure,2026-05-13T02:10:09Z,2026-05-13T02:11:25Z,76,b1052a6b6797091dd37a2b2af65838dacff5b210
75700976691,25773392470,Generate and publish ONNX docs,build,completed,success,2026-05-13T01:55:05Z,2026-05-13T02:12:41Z,1056,1d1e44b4654e332ee51acb7464b572e31e603a6d
75700875341,25773357431,Check URLs,build,completed,failure,2026-05-13T01:53:56Z,2026-05-13T01:55:32Z,96,dfce06ad64de14dad08b0d42f0310d57cb13af7d
75700875335,25773357409,Generate and publish ONNX docs,build,completed,success,2026-05-13T01:53:56Z,2026-05-13T02:10:17Z,981,dfce06ad64de14dad08b0d42f0310d57cb13af7d
75699935952,25773036874,Generate and publish ONNX docs,build,completed,success,2026-05-13T01:44:37Z,2026-05-13T02:05:05Z,1228,3fa1443ec63d47a083fdfb9228447d4dfbfa6b60
75699345525,25772837528,Generate and publish ONNX docs,build,completed,success,2026-05-13T01:38:41Z,2026-05-13T01:55:21Z,1000,3c405979d7438c26a089cd861e84ca898cb44e90
75699142805,25772768497,Generate and publish ONNX docs,build,completed,success,2026-05-13T01:36:40Z,2026-05-13T01:52:28Z,948,b41229be01c2897e603868da7c263dcb3f718353
75697743138,25772285504,Generate and publish ONNX docs,build,completed,success,2026-05-13T01:22:41Z,2026-05-13T01:39:47Z,1026,019e628542a6bf7306847bba129cfea8a12c7610
75697185281,25772091717,Generate and publish ONNX docs,build,completed,success,2026-05-13T01:17:13Z,2026-05-13T01:33:47Z,994,f846e096c3cac12b4ba577794e6509b987486c80
75696583508,25771889666,Generate and publish ONNX docs,build,completed,success,2026-05-13T01:11:08Z,2026-05-13T01:28:35Z,1047,659aa44d1970e25669915bf9029a626f3d0615b5
75694166905,25771086721,Generate and publish ONNX docs,build,completed,success,2026-05-13T00:47:43Z,2026-05-13T01:06:12Z,1109,e56b433b11aaa9889332983e6d87f7eea79942bf
75691836961,25770324621,Generate and publish ONNX docs,build,completed,success,2026-05-13T00:25:41Z,2026-05-13T00:43:14Z,1053,1dd664afb234d7e0f1e71c9d453dc857c6d9608d
75691666088,25770269029,Generate and publish ONNX docs,build,completed,success,2026-05-13T00:24:03Z,2026-05-13T00:41:47Z,1064,4901aa8e65f486ff9bc2dd84a68f5d34fd031cdd
75691382127,25770178971,Generate and publish ONNX docs,build,completed,success,2026-05-13T00:21:22Z,2026-05-13T00:38:59Z,1057,c25e459e585ca43c97ff7d0fdcfd0a30b083ccb5
75689793643,25769656033,Generate and publish ONNX docs,build,completed,success,2026-05-13T00:06:09Z,2026-05-13T00:22:54Z,1005,4c271187a938f49cf1d88812872c206118f6b6dd
75686659427,25766951370,Check URLs,build,completed,failure,2026-05-12T23:37:14Z,2026-05-12T23:38:51Z,97,f926eb27522a5e06a4971d2ca9d6f50149e74ed4
75686660581,25766951388,Generate and publish ONNX docs,build,completed,success,2026-05-12T23:37:10Z,2026-05-12T23:55:14Z,1084,f926eb27522a5e06a4971d2ca9d6f50149e74ed4
75672411994,25764105849,Generate and publish ONNX docs,build,completed,success,2026-05-12T21:46:09Z,2026-05-12T22:04:56Z,1127,08780259456110cc4ede94cda26bc30bb1784a1e
75664086211,25761654224,Check URLs,build,completed,failure,2026-05-12T20:54:59Z,2026-05-12T20:56:35Z,96,52d8b37e5abe45bbf786f9bc563014059ae326cf
75664086232,25761654187,Generate and publish ONNX docs,build,completed,success,2026-05-12T20:54:59Z,2026-05-12T21:12:38Z,1059,52d8b37e5abe45bbf786f9bc563014059ae326cf
75659575728,25760351829,Generate and publish ONNX docs,build,completed,success,2026-05-12T20:29:16Z,2026-05-12T20:46:11Z,1015,003b242f16aec3270d1d3e17afa953d65a5ca666
75657807963,25759830477,Generate and publish ONNX docs,build,completed,success,2026-05-12T20:19:10Z,2026-05-12T20:35:27Z,977,312a0da653d00c0f979444c0772fc2186c618953
75657057720,25759611387,Generate and publish ONNX docs,build,completed,success,2026-05-12T20:14:38Z,2026-05-12T20:32:29Z,1071,46ac9c88d59e24d53c9aa96e2843e532c2fec610
75656440614,25759432547,Generate and publish ONNX docs,build,completed,success,2026-05-12T20:11:06Z,2026-05-12T20:27:41Z,995,57a1f072e1b8f10fb7e4ed38a93bed34c87883c7
75654385381,25758835732,Generate and publish ONNX docs,build,completed,success,2026-05-12T19:59:28Z,2026-05-12T20:16:40Z,1032,ef70dbb79d676c9c89e31d8982245e2db117e784
75652750339,25758366600,Generate and publish ONNX docs,build,completed,success,2026-05-12T19:50:11Z,2026-05-12T20:06:11Z,960,932ee160668266d29f0a16c9bebc5a998e6d7acf
75650370604,25757685153,Generate and publish ONNX docs,build,completed,success,2026-05-12T19:36:19Z,2026-05-12T19:55:15Z,1136,db5acfa89b5a2756d5cf643a57d12632d28c5410
75650093273,25757607952,Generate and publish ONNX docs,build,completed,success,2026-05-12T19:34:44Z,2026-05-12T19:51:29Z,1005,59db2898d3d2fd263b872b7e23e41f8f1d4eb993
75645567745,25756318654,Check URLs,build,completed,failure,2026-05-12T19:09:26Z,2026-05-12T19:10:58Z,92,d74f206c72b75f8025aa75456a188d238564b10a
75645567885,25756318713,Generate and publish ONNX docs,build,completed,success,2026-05-12T19:09:26Z,2026-05-12T19:26:59Z,1053,d74f206c72b75f8025aa75456a188d238564b10a
75643194056,25755635006,Check URLs,build,completed,failure,2026-05-12T18:56:20Z,2026-05-12T18:57:57Z,97,4da22aa8c80e6c5f026993f4241ff7802c50cd5e
75643193692,25755634952,Generate and publish ONNX docs,build,completed,success,2026-05-12T18:56:20Z,2026-05-12T19:13:07Z,1007,4da22aa8c80e6c5f026993f4241ff7802c50cd5e
75642857085,25755534069,Generate and publish ONNX docs,build,completed,success,2026-05-12T18:54:31Z,2026-05-12T19:12:27Z,1076,ae53b476ae7559693fad8fa1c1b56c2991c0fa71
75640824588,25754920468,Generate and publish ONNX docs,build,completed,success,2026-05-12T18:43:30Z,2026-05-12T18:59:57Z,987,5b2a3c8df76ec0090ccca9fe082d7f6791913296
75640228476,25754781636,Generate and publish ONNX docs,build,completed,success,2026-05-12T18:40:26Z,2026-05-12T18:57:31Z,1025,e2c985811a160a63ee52a20cfa61c59eb138dfb9
75640228551,25754781646,Check URLs,build,completed,failure,2026-05-12T18:40:20Z,2026-05-12T18:41:54Z,94,e2c985811a160a63ee52a20cfa61c59eb138dfb9
75638283850,25754227725,Check URLs,build,completed,failure,2026-05-12T18:29:58Z,2026-05-12T18:31:34Z,96,144453cbab297b6624189ae05522adbf90a5a64b
75638283980,25754227824,Generate and publish ONNX docs,build,completed,success,2026-05-12T18:29:59Z,2026-05-12T18:47:05Z,1026,144453cbab297b6624189ae05522adbf90a5a64b
75636500614,25753712787,Generate and publish ONNX docs,build,completed,success,2026-05-12T18:20:20Z,2026-05-12T18:37:28Z,1028,0e727f43afa90469e1b9f79d4680b12cb6105b2c
75629729711,25751785266,Generate and publish ONNX docs,build,completed,success,2026-05-12T17:43:23Z,2026-05-12T18:00:47Z,1044,3ba18f5755b7778efa80ade14efa0680dd5d23f0
75635882543,25751591948,Generate and publish ONNX docs,build,completed,success,2026-05-12T18:16:54Z,2026-05-12T18:34:08Z,1034,711d1cbc907863d8c73f75017be5df908f0870d8
75627986558,25751295498,Generate and publish ONNX docs,build,completed,success,2026-05-12T17:33:47Z,2026-05-12T17:50:23Z,996,2f760fb861d93eab0927e6ccf8bb5fbd3c6fc357
75627510731,25751159104,Generate and publish ONNX docs,build,completed,success,2026-05-12T17:31:12Z,2026-05-12T17:48:15Z,1023,3eab8d9915094fe7f6de229c7a8f5cde9dcd49b3
75627363371,25751117804,Generate and publish ONNX docs,build,completed,success,2026-05-12T17:30:19Z,2026-05-12T17:47:20Z,1021,d74c583fe93e3712632d9e1c5d763addc88e9a7a
75624887021,25750404023,Generate and publish ONNX docs,build,completed,success,2026-05-12T17:16:49Z,2026-05-12T17:35:46Z,1137,b0b53d216556d78dc8d032aa865297a5ba0a63c9
75624764555,25750367672,Generate and publish ONNX docs,build,completed,success,2026-05-12T17:16:08Z,2026-05-12T17:33:05Z,1017,960791acda52b5f7f8c642267774b90d06eb7ea7
75624085317,25750171924,Generate and publish ONNX docs,build,completed,success,2026-05-12T17:12:25Z,2026-05-12T17:29:00Z,995,5c12698653ac36564f60434c0858ee7ccc1b5cea
75687045149,25748790653,Generate and publish ONNX docs,build,completed,success,2026-05-12T23:40:35Z,2026-05-12T23:57:30Z,1015,1c484c5dae3e853c6b41c2f4cb57c4a5072a7ee1
75616830025,25748119780,Generate and publish ONNX docs,build,completed,success,2026-05-12T16:33:06Z,2026-05-12T16:50:37Z,1051,180735ac1615c715170b2876d54064a51b873616
75616110316,25747412207,Generate and publish ONNX docs,build,completed,success,2026-05-12T16:29:28Z,2026-05-12T16:47:05Z,1057,0808b350e96de0c9c7de9467fd978c56051dc0e1
75611869238,25746726248,Check URLs,build,completed,success,2026-05-12T16:07:12Z,2026-05-12T16:07:36Z,24,f9aa5169126d9c77b2264112c737ed824889098d
75611869132,25746726319,Generate and publish ONNX docs,build,completed,success,2026-05-12T16:07:06Z,2026-05-12T16:24:25Z,1039,f9aa5169126d9c77b2264112c737ed824889098d
75614297333,25745776954,Generate and publish ONNX docs,build,completed,success,2026-05-12T16:19:45Z,2026-05-12T16:36:45Z,1020,6fba59f7516b01bc072f4d313bee092ea5c5e935
75598178490,25742937216,Generate and publish ONNX docs,build,completed,success,2026-05-12T15:00:46Z,2026-05-12T15:17:52Z,1026,db278cda042f4a914882fc24dace75bdc2e098f9
75598176321,25742937110,Check URLs,build,completed,success,2026-05-12T15:00:45Z,2026-05-12T15:01:08Z,23,db278cda042f4a914882fc24dace75bdc2e098f9
75592010456,25741273707,Check URLs,build,completed,success,2026-05-12T14:32:16Z,2026-05-12T14:32:36Z,20,4faeaabbc533b13b48e48536d7efeb96181ed685
75592010634,25741273838,Generate and publish ONNX docs,build,completed,success,2026-05-12T14:32:22Z,2026-05-12T14:50:00Z,1058,4faeaabbc533b13b48e48536d7efeb96181ed685
75583394079,25738888268,Generate and publish ONNX docs,build,completed,success,2026-05-12T13:51:29Z,2026-05-12T14:07:01Z,932,9b956f3cf94ac60c551c076dc809033b72008c50
75576622667,25737016812,Check URLs,build,completed,failure,2026-05-12T13:17:37Z,2026-05-12T13:19:08Z,91,b3e8c958e27e9c068bcb01d94641a52c03d50c3b
75576622690,25737016761,Generate and publish ONNX docs,build,completed,success,2026-05-12T13:17:37Z,2026-05-12T13:35:20Z,1063,b3e8c958e27e9c068bcb01d94641a52c03d50c3b
75573567050,25736138692,Check URLs,build,completed,failure,2026-05-12T13:01:44Z,2026-05-12T13:03:21Z,97,9853e771a8e082ed0ac94a939a34badaa1d1c049
75573566673,25736138567,Generate and publish ONNX docs,build,completed,success,2026-05-12T13:01:50Z,2026-05-12T13:19:08Z,1038,9853e771a8e082ed0ac94a939a34badaa1d1c049
75573308346,25736064962,Check URLs,build,completed,failure,2026-05-12T13:00:23Z,2026-05-12T13:00:49Z,26,7008bfbc48102247d83f9eb50bb6d2f802ea04ff
75573308361,25736064992,Generate and publish ONNX docs,build,completed,success,2026-05-12T13:00:28Z,2026-05-12T13:18:16Z,1068,7008bfbc48102247d83f9eb50bb6d2f802ea04ff
75570511426,25735275422,Check URLs,build,completed,failure,2026-05-12T12:45:37Z,2026-05-12T12:45:55Z,18,2c50a5b2eabd69eca482c5d817e38fcb97735607
75570511320,25735275396,Generate and publish ONNX docs,build,completed,success,2026-05-12T12:45:30Z,2026-05-12T13:02:39Z,1029,2c50a5b2eabd69eca482c5d817e38fcb97735607
75570068011,25735149377,Check URLs,build,completed,failure,2026-05-12T12:43:05Z,2026-05-12T12:43:22Z,17,1fbcf990fe941c4b183eafd3d48bc762c2adc299
75570068397,25735149359,Generate and publish ONNX docs,build,completed,success,2026-05-12T12:43:04Z,2026-05-12T13:01:00Z,1076,1fbcf990fe941c4b183eafd3d48bc762c2adc299
75568173011,25734613371,Generate and publish ONNX docs,build,completed,success,2026-05-12T12:32:32Z,2026-05-12T12:49:57Z,1045,00b48051e123bc04a43281cea6ecdd3934a94c0c
75567014157,25734275490,Generate and publish ONNX docs,build,completed,success,2026-05-12T12:25:52Z,2026-05-12T12:41:25Z,933,6ada500b763bd93292d8c12362eaa963855875ae
75567014105,25734275463,Check URLs,build,completed,failure,2026-05-12T12:25:52Z,2026-05-12T12:27:00Z,68,6ada500b763bd93292d8c12362eaa963855875ae
75561582254,25732676110,Generate and publish ONNX docs,build,completed,success,2026-05-12T11:53:22Z,2026-05-12T12:11:05Z,1063,538261b80ceedc08864b784a2dc6992740606f4a
75559298440,25731997080,Generate and publish ONNX docs,build,completed,success,2026-05-12T11:39:12Z,2026-05-12T11:57:30Z,1098,a825b9c20ce5cf2a41e34ec1c9568d2e063d92f7
75556183074,25731073053,Generate and publish ONNX docs,build,completed,success,2026-05-12T11:19:35Z,2026-05-12T11:36:30Z,1015,f9ab8a9a89db5fd7f639fe3d9625b993641b7797
75555970261,25731010276,Generate and publish ONNX docs,build,completed,success,2026-05-12T11:18:08Z,2026-05-12T11:35:34Z,1046,db114293df3a04e9abdce09c9af08f585ce5432f
75554551810,25730594481,Generate and publish ONNX docs,build,completed,success,2026-05-12T11:09:21Z,2026-05-12T11:26:24Z,1023,e6b4ba3f5e18d87717b842a9caf8a23010e379aa
75554505689,25730579289,Generate and publish ONNX docs,build,completed,success,2026-05-12T11:09:04Z,2026-05-12T11:25:55Z,1011,b8f2ac4ae6fce0d9a46e088a2e463b0a024a9f9d
75552937045,25730123703,Generate and publish ONNX docs,build,completed,success,2026-05-12T10:59:18Z,2026-05-12T11:15:22Z,964,44c2a8ebeecd8fc8628ed1738178392105e46f0f
75552937145,25730123720,Check URLs,build,completed,success,2026-05-12T10:59:49Z,2026-05-12T11:00:20Z,31,44c2a8ebeecd8fc8628ed1738178392105e46f0f
75549283160,25729058706,Generate and publish ONNX docs,build,completed,success,2026-05-12T10:36:41Z,2026-05-12T10:53:40Z,1019,0ba58bc3fb7235ed14c9573195555b3fcc5a1db7
75546789945,25728328262,Generate and publish ONNX docs,build,completed,success,2026-05-12T10:21:02Z,2026-05-12T10:38:34Z,1052,9978819b80546e08eb7c598931b79287ba88743a
75544623505,25727530857,Check URLs,build,completed,failure,2026-05-12T10:07:29Z,2026-05-12T10:09:05Z,96,e3576fb495ce944d4cc227aec1d54237dde1b42c
75544061422,25727530825,Generate and publish ONNX docs,build,completed,success,2026-05-12T10:04:11Z,2026-05-12T10:23:05Z,1134,e3576fb495ce944d4cc227aec1d54237dde1b42c
75542690650,25727137736,Generate and publish ONNX docs,build,completed,success,2026-05-12T09:56:07Z,2026-05-12T10:12:15Z,968,cbf3bae8628bc5914de44103d6900fc67915ada2
75540875807,25726606164,Generate and publish ONNX docs,build,completed,success,2026-05-12T09:45:24Z,2026-05-12T10:02:04Z,1000,9d3058696dbe246fcd789c5f2e0e152961fac3ee
75536377007,25725294358,Generate and publish ONNX docs,build,completed,success,2026-05-12T09:18:49Z,2026-05-12T09:33:27Z,878,45832d4495694df606fd08000b8eb356a460e4a0
75534032399,25724605189,Check URLs,build,completed,success,2026-05-12T09:04:53Z,2026-05-12T09:05:10Z,17,92b94eaa650aadfa2593da1f5e8c9b14f73ac1e9
75534032107,25724605264,Generate and publish ONNX docs,build,completed,success,2026-05-12T09:04:53Z,2026-05-12T09:21:53Z,1020,92b94eaa650aadfa2593da1f5e8c9b14f73ac1e9
75484981038,25708962514,Check URLs,build,completed,success,2026-05-12T02:09:18Z,2026-05-12T02:09:41Z,23,fe193bd684a7f8ed086638004a9139153b78b3aa
75484981258,25708962511,Generate and publish ONNX docs,build,completed,success,2026-05-12T02:09:16Z,2026-05-12T02:26:02Z,1006,fe193bd684a7f8ed086638004a9139153b78b3aa
75450088660,25697707324,Generate and publish ONNX docs,build,completed,success,2026-05-11T21:14:10Z,2026-05-11T21:31:16Z,1026,ee52cbaf92bca8d493dfe1a1dd908af34922b645
75448877541,25697367833,Generate and publish ONNX docs,build,completed,success,2026-05-11T21:06:55Z,2026-05-11T21:23:53Z,1018,6865a04f54284b8ba2b60355239d90fb9a7d947a
75448640977,25697299020,Generate and publish ONNX docs,build,completed,success,2026-05-11T21:05:23Z,2026-05-11T21:22:37Z,1034,f179792e7e12916ea6a5cdd8c374b01cb3ab2491
75448216348,25697175104,Generate and publish ONNX docs,build,completed,success,2026-05-11T21:03:01Z,2026-05-11T21:20:01Z,1020,fc87e7405122a18ce3334edd0ebdc378cc34cd83
75447172106,25696864918,Generate and publish ONNX docs,build,completed,success,2026-05-11T20:56:57Z,2026-05-11T21:13:58Z,1021,04ed55d307813fd32aa9dbba6eb1f751dd92801d
75439470436,25694595368,Generate and publish ONNX docs,build,completed,success,2026-05-11T20:12:20Z,2026-05-11T20:29:17Z,1017,070e66a90af079934a5cdd5995e727c301407146
75438596287,25694344580,Generate and publish ONNX docs,build,completed,success,2026-05-11T20:07:09Z,2026-05-11T20:23:49Z,1000,62f3de76b39e48be331ea51d57dfd601672c2402
75434647296,25693187242,Generate and publish ONNX docs,build,completed,success,2026-05-11T19:44:22Z,2026-05-11T20:00:37Z,975,426895678d3d7a87756ac388d7c2a67a4bac146d
75433708729,25692910077,Generate and publish ONNX docs,build,completed,success,2026-05-11T19:38:56Z,2026-05-11T19:53:53Z,897,d1745e133e824a67ad67038ba4ba88a2dd6e8639
75432938307,25692685199,Generate and publish ONNX docs,build,completed,success,2026-05-11T19:34:31Z,2026-05-11T19:57:51Z,1400,e9f4d86a0d82362b4f3490a45d7eef74dde2a25d
75427369092,25691093424,Generate and publish ONNX docs,build,completed,success,2026-05-11T19:02:45Z,2026-05-11T19:19:29Z,1004,d53f11ef5a9089ed74f45f5c14e18f421d58a2ba
75425748808,25690619661,Generate and publish ONNX docs,build,completed,success,2026-05-11T18:53:41Z,2026-05-11T19:10:04Z,983,70439459eaab804ed3809d7c895848fe01a9f3dc
75425684830,25690600526,Generate and publish ONNX docs,build,completed,success,2026-05-11T18:53:19Z,2026-05-11T19:08:56Z,937,3bd95a69a6b30811e7306ee3bb713ac9d8cacb16
75421493734,25689389280,Generate and publish ONNX docs,build,completed,success,2026-05-11T18:30:10Z,2026-05-11T18:45:01Z,891,82f12ce8048c451196cccc14624aa2848cb5f3dc
75420042436,25688970885,Generate and publish ONNX docs,build,completed,success,2026-05-11T18:21:59Z,2026-05-11T18:38:57Z,1018,eea54003407268a7f01fed9a3ddad45595c546f0
75418298330,25688472549,Generate and publish ONNX docs,build,completed,success,2026-05-11T18:12:03Z,2026-05-11T18:31:35Z,1172,03f20dae71c9d2f4bcb6330af7541bce600c31ad
75378561264,25677245066,Generate and publish ONNX docs,build,completed,success,2026-05-11T14:44:15Z,2026-05-11T15:01:31Z,1036,ff0ea58a4933d40734e653045fc81eb2224dc557
75533008360,25677245083,Check URLs,build,completed,success,2026-05-12T08:58:55Z,2026-05-12T08:59:10Z,15,ff0ea58a4933d40734e653045fc81eb2224dc557
75374402423,25676133639,Check URLs,build,completed,failure,2026-05-11T14:24:14Z,2026-05-11T14:25:49Z,95,b9a4f549e9a212beb04754981b4c997f9d20a7ef
75374402504,25676133554,Generate and publish ONNX docs,build,completed,success,2026-05-11T14:24:14Z,2026-05-11T14:40:20Z,966,b9a4f549e9a212beb04754981b4c997f9d20a7ef
75372823124,25675705797,Check URLs,build,completed,success,2026-05-11T14:16:05Z,2026-05-11T14:20:25Z,260,e92c5ee552a2cf880ec84ab6ada2691c3cbd8039
75372823871,25675705859,Generate and publish ONNX docs,build,completed,success,2026-05-11T14:16:00Z,2026-05-11T14:36:55Z,1255,e92c5ee552a2cf880ec84ab6ada2691c3cbd8039
75370060311,25674936547,Check URLs,build,completed,success,2026-05-11T14:01:17Z,2026-05-11T14:01:39Z,22,88fbe0c796612d0c16b2a8e496bbf6c89f928dd4
75370061337,25674936527,Generate and publish ONNX docs,build,completed,success,2026-05-11T14:01:22Z,2026-05-11T14:16:43Z,921,88fbe0c796612d0c16b2a8e496bbf6c89f928dd4
75369361251,25674745415,Generate and publish ONNX docs,build,completed,failure,2026-05-11T13:58:00Z,2026-05-11T14:01:13Z,193,8369b1ad4efe2ff530cd4019c623f48eb166f67d
75368398953,25674481555,Check URLs,build,completed,failure,2026-05-11T13:53:08Z,2026-05-11T13:54:44Z,96,0bf8591cfcb1aa4e664f4fdd835e57c8c5576771
75368398911,25674481511,Generate and publish ONNX docs,build,completed,success,2026-05-11T13:53:09Z,2026-05-11T14:10:41Z,1052,0bf8591cfcb1aa4e664f4fdd835e57c8c5576771
75360272517,25672229329,Check URLs,build,completed,failure,2026-05-11T13:10:51Z,2026-05-11T13:11:10Z,19,970bf49a3f83d27060041cf53be35a1812a46315
75360272188,25672229272,Generate and publish ONNX docs,build,completed,success,2026-05-11T13:10:51Z,2026-05-11T13:25:10Z,859,970bf49a3f83d27060041cf53be35a1812a46315
75359186527,25671926921,Check URLs,build,completed,success,2026-05-11T13:04:55Z,2026-05-11T13:05:14Z,19,f1a62ca5549c29210e170ea7856c6269091607d6
75359186923,25671926904,Generate and publish ONNX docs,build,completed,success,2026-05-11T13:05:01Z,2026-05-11T13:22:14Z,1033,f1a62ca5549c29210e170ea7856c6269091607d6
77214606476,25663919948,Check URLs,build,completed,success,2026-05-21T15:59:38Z,2026-05-21T16:00:02Z,24,4c07234c55f549cf34361e3519fa8a1bdac1b2b4
77214603825,25663919922,Generate and publish ONNX docs,build,completed,success,2026-05-21T15:59:38Z,2026-05-21T16:17:11Z,1053,4c07234c55f549cf34361e3519fa8a1bdac1b2b4
75330576564,25663693785,Check URLs,build,completed,success,2026-05-11T10:06:30Z,2026-05-11T10:06:47Z,17,3abe257995377a0b376a8d08270e06167aabcdd4
75330576367,25663693808,Generate and publish ONNX docs,build,completed,success,2026-05-11T10:06:30Z,2026-05-11T10:23:31Z,1021,3abe257995377a0b376a8d08270e06167aabcdd4
75330218213,25663591253,Check URLs,build,completed,failure,2026-05-11T10:04:17Z,2026-05-11T10:05:53Z,96,f7764ae4ac2eebf0282c020ab3a79a93e5eaa16d
75330218051,25663591244,Generate and publish ONNX docs,build,completed,success,2026-05-11T10:04:18Z,2026-05-11T10:21:37Z,1039,f7764ae4ac2eebf0282c020ab3a79a93e5eaa16d
75328894275,25663208225,Generate and publish ONNX docs,build,completed,success,2026-05-11T09:56:01Z,2026-05-11T10:12:22Z,981,3dfe565aed3a59b8232e54f3d829ca9341f9b3e0
75328894132,25663208181,Check URLs,build,completed,success,2026-05-11T09:56:02Z,2026-05-11T09:56:24Z,22,3dfe565aed3a59b8232e54f3d829ca9341f9b3e0
75328801950,25663182317,Check URLs,build,completed,failure,2026-05-11T09:55:27Z,2026-05-11T09:57:04Z,97,60798c8915555633e5987691106bbe3bee540e21
75328802044,25663182340,Generate and publish ONNX docs,build,completed,success,2026-05-11T09:55:28Z,2026-05-11T10:12:13Z,1005,60798c8915555633e5987691106bbe3bee540e21
75328020049,25662951974,Generate and publish ONNX docs,build,completed,success,2026-05-11T09:50:40Z,2026-05-11T10:07:19Z,999,0471bc2fed9c7e569749f300c2ce623126479076
75328020206,25662951913,Check URLs,build,completed,success,2026-05-11T09:50:35Z,2026-05-11T09:50:55Z,20,0471bc2fed9c7e569749f300c2ce623126479076
75327287523,25662737105,Generate and publish ONNX docs,build,completed,success,2026-05-11T09:46:08Z,2026-05-11T10:03:07Z,1019,d98cac35e3b59d0538001355999514374d7e472a
75327287547,25662737100,Check URLs,build,completed,success,2026-05-11T09:46:09Z,2026-05-11T09:46:31Z,22,d98cac35e3b59d0538001355999514374d7e472a
75326001705,25662366748,Generate and publish ONNX docs,build,completed,success,2026-05-11T09:38:13Z,2026-05-11T09:58:14Z,1201,78d08325bbc9d47489c1ca74fd2f9ee413aebada
75326001902,25662366828,Check URLs,build,completed,failure,2026-05-11T09:38:07Z,2026-05-11T09:38:28Z,21,78d08325bbc9d47489c1ca74fd2f9ee413aebada
75314641648,25659048976,Generate and publish ONNX docs,build,completed,success,2026-05-11T08:28:21Z,2026-05-11T08:45:23Z,1022,0391cbdb81e70ee3ece0d843a7fb44699bcd5c17
75314641505,25659049025,Check URLs,build,completed,success,2026-05-11T08:28:15Z,2026-05-11T08:28:36Z,21,0391cbdb81e70ee3ece0d843a7fb44699bcd5c17
75308845010,25657329126,Check URLs,build,completed,success,2026-05-11T07:49:16Z,2026-05-11T07:49:37Z,21,db4774c001faccfd9ef94d9120a444b8d18dffb2
75308844923,25657329136,Generate and publish ONNX docs,build,completed,success,2026-05-11T07:49:21Z,2026-05-11T08:06:06Z,1005,db4774c001faccfd9ef94d9120a444b8d18dffb2
75308668678,25657276162,Check URLs,build,completed,success,2026-05-11T07:48:08Z,2026-05-11T07:48:26Z,18,32d5c94706fe9123aa846eb1248600e4a1f0eac2
75308668804,25657276129,Generate and publish ONNX docs,build,completed,success,2026-05-11T07:48:03Z,2026-05-11T08:05:17Z,1034,32d5c94706fe9123aa846eb1248600e4a1f0eac2
75291133214,25651709304,Generate and publish ONNX docs,build,completed,success,2026-05-11T05:16:06Z,2026-05-11T05:32:51Z,1005,786d25640e78f962da4eff3c0c3a79c9aaf9eff6
75291132590,25651709091,Check URLs,build,completed,success,2026-05-11T05:16:06Z,2026-05-11T05:16:27Z,21,786d25640e78f962da4eff3c0c3a79c9aaf9eff6
75290873742,25651619558,Check URLs,build,completed,success,2026-05-11T05:13:01Z,2026-05-11T05:13:19Z,18,9388a3371716160deb80038887972bca2ec9f3a4
75290873597,25651619526,Generate and publish ONNX docs,build,completed,success,2026-05-11T05:13:03Z,2026-05-11T05:30:17Z,1034,9388a3371716160deb80038887972bca2ec9f3a4
75289478156,25651131233,Check URLs,build,completed,success,2026-05-11T04:56:20Z,2026-05-11T04:56:41Z,21,d3550bba1f74242b5c726cb0552bc732bfc0d60a
75289478239,25651131235,Generate and publish ONNX docs,build,completed,success,2026-05-11T04:56:20Z,2026-05-11T05:13:49Z,1049,d3550bba1f74242b5c726cb0552bc732bfc0d60a
75279992585,25647839429,Check URLs,build,completed,success,2026-05-11T02:54:37Z,2026-05-11T02:54:55Z,18,ed2d9028f43ac61c075b5a59e4689bfa34ae0ef7
75279992541,25647839430,Generate and publish ONNX docs,build,completed,success,2026-05-11T02:54:37Z,2026-05-11T03:11:30Z,1013,ed2d9028f43ac61c075b5a59e4689bfa34ae0ef7
75241813170,25633716722,Check URLs,build,completed,failure,2026-05-10T16:22:18Z,2026-05-10T16:23:54Z,96,e0297b28728b119c7c76b8c736de4e180e09a261
75241813114,25633716701,Generate and publish ONNX docs,build,completed,success,2026-05-10T16:22:18Z,2026-05-10T16:39:57Z,1059,e0297b28728b119c7c76b8c736de4e180e09a261
75239002267,25632243722,Generate and publish ONNX docs,build,completed,success,2026-05-10T15:33:02Z,2026-05-10T15:49:46Z,1004,6c8f7326f7f4152ed4bd80bcaa80a3e6682876a5
75233793408,25630355757,Generate and publish ONNX docs,build,completed,success,2026-05-10T14:03:58Z,2026-05-10T14:20:35Z,997,dc6ac39985fa709c8bbbfd9261af3845c1ec8301
75230861777,25629629246,Check URLs,build,completed,success,2026-05-10T13:12:01Z,2026-05-10T13:12:22Z,21,cd9707d59e4b3b178803c419f6c73a6baeb50197
75230861731,25629629239,Generate and publish ONNX docs,build,completed,success,2026-05-10T13:12:01Z,2026-05-10T13:31:09Z,1148,cd9707d59e4b3b178803c419f6c73a6baeb50197
75228015351,25628586686,Generate and publish ONNX docs,build,completed,success,2026-05-10T12:21:12Z,2026-05-10T12:39:13Z,1081,7f1ee45a74bffd49b858ec5ef88daa5ff883554e
75227915573,25628551664,Generate and publish ONNX docs,build,completed,success,2026-05-10T12:19:29Z,2026-05-10T12:36:45Z,1036,ba5030feb1bdafab46e581226c3a613c32e7d403
75226256794,25627926545,Check URLs,build,completed,success,2026-05-10T11:48:05Z,2026-05-10T11:48:26Z,21,887218deaf3f90f4f0c467774884dd480ba39d68
75226256783,25627926515,Generate and publish ONNX docs,build,completed,success,2026-05-10T11:48:05Z,2026-05-10T12:04:34Z,989,887218deaf3f90f4f0c467774884dd480ba39d68
75226122959,25627875631,Generate and publish ONNX docs,build,completed,success,2026-05-10T11:45:36Z,2026-05-10T12:03:09Z,1053,3081e12950a5a6829fa59c05a59c78d2bc42b383
75225710282,25627712662,Check URLs,build,completed,success,2026-05-10T11:37:18Z,2026-05-10T11:37:32Z,14,a5ba4819d4f32eeb54822aed3def4c15073e6090
75225710247,25627712646,Generate and publish ONNX docs,build,completed,success,2026-05-10T11:37:18Z,2026-05-10T11:54:09Z,1011,a5ba4819d4f32eeb54822aed3def4c15073e6090
78649930915,26684350688,Generate and publish ONNX docs,build,completed,success,2026-05-30T12:55:08Z,2026-05-30T13:13:22Z,1094,c54e51eea0fb5446012999aab3f550ee4521df5e
78649772967,26684286453,Generate and publish ONNX docs,build,completed,success,2026-05-30T12:52:00Z,2026-05-30T13:07:09Z,909,0030ec5ea5430592049b13c81fee2e6f7e3dc3bc
78643601792,26681881488,Generate and publish ONNX docs,build,completed,success,2026-05-30T10:47:33Z,2026-05-30T11:02:50Z,917,5c1fc49e98cc5b4e5ff328f26f8c6959c1fc45b7
78642927215,26681626279,Generate and publish ONNX docs,build,completed,success,2026-05-30T10:33:57Z,2026-05-30T10:48:06Z,849,961917affbd3da870b94875f45f4cf54c70bf9ff
78710416057,26707121474,Check URLs,build,completed,success,2026-05-31T07:58:59Z,2026-05-31T07:59:19Z,20,edf4bcfaa9488256054b159f2ad267af293bccac
78710416029,26707121471,Generate and publish ONNX docs,build,completed,success,2026-05-31T07:58:58Z,2026-05-31T08:14:24Z,926,edf4bcfaa9488256054b159f2ad267af293bccac
78710378027,26707109754,Check URLs,build,completed,failure,2026-05-31T07:58:22Z,2026-05-31T07:58:36Z,14,fab1096ba3f1ad9860fab0c36044af174173d96a
78710378067,26707109741,Generate and publish ONNX docs,build,completed,success,2026-05-31T07:58:23Z,2026-05-31T08:14:00Z,937,fab1096ba3f1ad9860fab0c36044af174173d96a
78699705225,26703214698,Check URLs,build,completed,failure,2026-05-31T04:28:42Z,2026-05-31T04:29:09Z,27,09b8e11a685279401db6014555da3e04d73a54c7
78699705265,26703214710,Generate and publish ONNX docs,build,completed,success,2026-05-31T04:28:42Z,2026-05-31T04:45:38Z,1016,09b8e11a685279401db6014555da3e04d73a54c7
78698917226,26702912501,Check URLs,build,completed,success,2026-05-31T04:11:19Z,2026-05-31T04:11:34Z,15,c144695900f0a96982e969d40d11bce3ca8cff00
78698917221,26702912490,Generate and publish ONNX docs,build,completed,success,2026-05-31T04:11:19Z,2026-05-31T04:24:47Z,808,c144695900f0a96982e969d40d11bce3ca8cff00
78692250954,26700432507,Generate and publish ONNX docs,build,completed,success,2026-05-31T01:53:24Z,2026-05-31T02:10:55Z,1051,44e2ddf7bba12affb00e4c17944723c93e7429b7
78667880702,26691237473,Check URLs,build,completed,success,2026-05-30T18:12:16Z,2026-05-30T18:12:37Z,21,882a5ef11bf987462e0fbaf9d95d5e640a7b82c7
78667880688,26691237478,Generate and publish ONNX docs,build,completed,success,2026-05-30T18:12:16Z,2026-05-30T18:28:02Z,946,882a5ef11bf987462e0fbaf9d95d5e640a7b82c7
78789219694,26735983618,Generate and publish ONNX docs,build,completed,success,2026-06-01T04:56:29Z,2026-06-01T05:11:56Z,927,3c0e7c66bc9d115556cf1a2b5f9f369ced465fe4
78787475792,26735383813,Generate and publish ONNX docs,build,completed,success,2026-06-01T04:35:47Z,2026-06-01T04:51:12Z,925,285ceb8322691a6034dd80a6e210b2c6564ec48e
78781738283,26733394527,Generate and publish ONNX docs,build,completed,failure,2026-06-01T03:22:51Z,2026-06-01T03:23:00Z,9,248a9201eaf2fbfef9511533a0596a9170746705
78781704249,26733384118,Generate and publish ONNX docs,build,completed,success,2026-06-01T03:22:27Z,2026-06-01T03:38:50Z,983,0e0eb9b6ba71fd1bfa9a7a150e544804c0cb293e
78770547041,26729472379,Check URLs,build,completed,success,2026-06-01T00:50:03Z,2026-06-01T00:50:23Z,20,882a5ef11bf987462e0fbaf9d95d5e640a7b82c7
78753423075,26723029269,Check URLs,build,completed,success,2026-05-31T20:02:41Z,2026-05-31T20:03:03Z,22,2615f793fec12751dd45f1460e8487f99ab280c7
78753423085,26723029266,Generate and publish ONNX docs,build,completed,success,2026-05-31T20:02:40Z,2026-05-31T20:17:51Z,911,2615f793fec12751dd45f1460e8487f99ab280c7
78742291084,26718897244,Generate and publish ONNX docs,build,completed,success,2026-05-31T17:03:43Z,2026-05-31T17:19:06Z,923,9d886fb165b5f4a7ab8ffbb251d25382ac1ba077
78736155389,26716596366,Check URLs,build,completed,success,2026-05-31T15:25:03Z,2026-05-31T15:25:38Z,35,edf4bcfaa9488256054b159f2ad267af293bccac
78736155393,26716596371,Generate and publish ONNX docs,build,completed,success,2026-05-31T15:25:03Z,2026-05-31T15:39:49Z,886,edf4bcfaa9488256054b159f2ad267af293bccac
78730118297,26714332753,Check URLs,build,completed,success,2026-05-31T13:46:06Z,2026-05-31T13:46:27Z,21,130f8c528959de5fd2678a4542f1193f64e6d07b
78730118375,26714332779,Generate and publish ONNX docs,build,completed,success,2026-05-31T13:46:06Z,2026-05-31T14:01:28Z,922,130f8c528959de5fd2678a4542f1193f64e6d07b
78726917417,26713142840,Generate and publish ONNX docs,build,completed,success,2026-05-31T12:52:47Z,2026-05-31T13:08:26Z,939,cee47d19a2c1eb524da84715948c7ce52bdfff9e
78726917401,26713142831,Check URLs,build,completed,failure,2026-05-31T12:52:47Z,2026-05-31T12:53:28Z,41,cee47d19a2c1eb524da84715948c7ce52bdfff9e
78721316702,26711070305,Generate and publish ONNX docs,build,completed,success,2026-05-31T11:15:13Z,2026-05-31T11:30:41Z,928,f137abbf1bbdc299a44a3c985fb1c5e01a9caae8
78721316532,26711070303,Check URLs,build,completed,failure,2026-05-31T11:15:13Z,2026-05-31T11:16:50Z,97,f137abbf1bbdc299a44a3c985fb1c5e01a9caae8
78810672386,26742794924,Generate and publish ONNX docs,build,completed,success,2026-06-01T08:04:31Z,2026-06-01T08:20:11Z,940,2ec30405a01c876b0ff9a6c6a1b99dfe08dbe007
78808540642,26742154383,Check URLs,build,completed,success,2026-06-01T07:49:48Z,2026-06-01T07:50:06Z,18,a8201114f1c06ce389b9a2e7f739ee76736f25de
78808540590,26742154396,Generate and publish ONNX docs,build,completed,success,2026-06-01T07:49:47Z,2026-06-01T08:05:40Z,953,a8201114f1c06ce389b9a2e7f739ee76736f25de
78805258730,26741145633,Generate and publish ONNX docs,build,completed,failure,2026-06-01T07:25:54Z,2026-06-01T07:26:00Z,6,248a9201eaf2fbfef9511533a0596a9170746705
78805242495,26741140562,Generate and publish ONNX docs,build,completed,success,2026-06-01T07:25:47Z,2026-06-01T07:41:44Z,957,0e0eb9b6ba71fd1bfa9a7a150e544804c0cb293e
78803685766,26740669314,Generate and publish ONNX docs,build,completed,success,2026-06-01T07:14:05Z,2026-06-01T07:29:23Z,918,ae50b28fd676498e08bc900a60d6bff6b8943f70
78800967416,26739833279,Generate and publish ONNX docs,build,completed,failure,2026-06-01T06:52:31Z,2026-06-01T06:52:48Z,17,248a9201eaf2fbfef9511533a0596a9170746705
78800951012,26739828202,Generate and publish ONNX docs,build,completed,success,2026-06-01T06:52:22Z,2026-06-01T07:08:53Z,991,0e0eb9b6ba71fd1bfa9a7a150e544804c0cb293e
78800497640,26739686297,Check URLs,build,completed,failure,2026-06-01T06:48:42Z,2026-06-01T06:50:18Z,96,8847da48ff3bcf9314cdebb1a44114f723a8de4d
78800497648,26739686295,Generate and publish ONNX docs,build,completed,success,2026-06-01T06:48:42Z,2026-06-01T07:03:12Z,870,8847da48ff3bcf9314cdebb1a44114f723a8de4d
79029964669,26807887930,Generate and publish ONNX docs,build,completed,failure,2026-06-02T08:26:45Z,2026-06-02T08:28:05Z,80,68057710a2b7584617dd566d70a9829a6523c652
79024511399,26806290807,Check URLs,build,completed,failure,2026-06-02T07:53:09Z,2026-06-02T07:54:04Z,55,27ae09441ccf2416645dc5c7138ddf076adf74f9
79024511592,26806290827,Generate and publish ONNX docs,build,completed,success,2026-06-02T07:53:10Z,2026-06-02T08:09:06Z,956,27ae09441ccf2416645dc5c7138ddf076adf74f9
79021887901,26805511336,Check URLs,build,completed,failure,2026-06-02T07:36:13Z,2026-06-02T07:37:11Z,58,b373ebf7481c46897e9196ca83108f9862a52118
79021887653,26805511340,Generate and publish ONNX docs,build,completed,success,2026-06-02T07:36:12Z,2026-06-02T07:49:46Z,814,b373ebf7481c46897e9196ca83108f9862a52118
79019771861,26804864079,Generate and publish ONNX docs,build,completed,success,2026-06-02T07:22:10Z,2026-06-02T07:37:49Z,939,fcf012bc34c8000bd3db08bd8901436bec4c6496
79015869813,26803667582,Check URLs,build,completed,success,2026-06-02T06:54:00Z,2026-06-02T06:54:16Z,16,b8da8257e2516646072a74a015c569408e0e18aa
79015869810,26803667586,Generate and publish ONNX docs,build,completed,success,2026-06-02T06:53:59Z,2026-06-02T07:08:58Z,899,b8da8257e2516646072a74a015c569408e0e18aa
79007979269,26801170668,Check URLs,build,completed,success,2026-06-02T05:50:21Z,2026-06-02T05:50:43Z,22,99750c7cb49201985c1cee39f46ae11b827b4311
79007979395,26801170666,Generate and publish ONNX docs,build,completed,success,2026-06-02T05:50:22Z,2026-06-02T06:05:24Z,902,99750c7cb49201985c1cee39f46ae11b827b4311
79004529677,26800024474,Check URLs,build,completed,success,2026-06-02T05:17:25Z,2026-06-02T05:18:03Z,38,b8c4d95d862123dfecf10cf71b91c81a67a1c39b
79004529595,26800024484,Generate and publish ONNX docs,build,completed,success,2026-06-02T05:17:26Z,2026-06-02T05:32:30Z,904,b8c4d95d862123dfecf10cf71b91c81a67a1c39b
79003979841,26799844680,Generate and publish ONNX docs,build,completed,success,2026-06-02T05:12:05Z,2026-06-02T05:24:46Z,761,fdea4bb470de236c65c2a1cf34cc960189397b0b
79003980111,26799844720,Check URLs,build,completed,success,2026-06-02T05:12:05Z,2026-06-02T05:12:25Z,20,fdea4bb470de236c65c2a1cf34cc960189397b0b
78999880426,26798477530,Generate and publish ONNX docs,build,completed,success,2026-06-02T04:30:30Z,2026-06-02T04:46:48Z,978,171856ba0d7f97bc5e56225fad8d5eadfdfcb520
78999880481,26798477543,Check URLs,build,completed,success,2026-06-02T04:30:31Z,2026-06-02T04:30:51Z,20,171856ba0d7f97bc5e56225fad8d5eadfdfcb520
78984767160,26793473560,Generate and publish ONNX docs,build,completed,success,2026-06-02T01:52:49Z,2026-06-02T02:05:09Z,740,34af3104825c4daf6f51132c455dd0333139009c
78960599023,26785650596,Generate and publish ONNX docs,build,completed,success,2026-06-01T22:22:36Z,2026-06-01T22:37:08Z,872,13b569e8e9b3c1bce38cc7cecf0c4e4ddc9818e8
78959353581,26785260722,Check URLs,build,completed,failure,2026-06-01T22:13:37Z,2026-06-01T22:15:13Z,96,a46579e3800d7bc7e68a97376c1fff97fd44ad43
78959353239,26785260681,Generate and publish ONNX docs,build,completed,success,2026-06-01T22:13:36Z,2026-06-01T22:29:12Z,936,a46579e3800d7bc7e68a97376c1fff97fd44ad43
78953994342,26783612434,Generate and publish ONNX docs,build,completed,success,2026-06-01T21:38:23Z,2026-06-01T21:53:22Z,899,b06ca965c01bc173de405baf4754784105ff5ff8
78926158474,26775573532,Check URLs,build,completed,success,2026-06-01T19:00:38Z,2026-06-01T19:01:13Z,35,9fd56267925f7fe1b342a1da2c55e792b3bddc0b
78926158494,26775573472,Generate and publish ONNX docs,build,completed,success,2026-06-01T19:00:37Z,2026-06-01T19:17:19Z,1002,9fd56267925f7fe1b342a1da2c55e792b3bddc0b
78920515023,26773963508,Check URLs,build,completed,success,2026-06-01T18:29:08Z,2026-06-01T18:29:32Z,24,c88b691a79cfdf26280ae9fcae3d6d303563f9d6
78920514952,26773963351,Generate and publish ONNX docs,build,completed,success,2026-06-01T18:29:07Z,2026-06-01T18:45:42Z,995,c88b691a79cfdf26280ae9fcae3d6d303563f9d6
78910869086,26771210411,Generate and publish ONNX docs,build,completed,failure,2026-06-01T17:35:23Z,2026-06-01T17:38:25Z,182,9e681af68cdc310fbe56a8b0d551bfd15cbe02d8
78910261393,26771036982,Generate and publish ONNX docs,build,completed,success,2026-06-01T17:32:00Z,2026-06-01T17:47:46Z,946,351f1de3fcaad1a392400269b62bea0e4a74e965
78910260687,26771037105,Check URLs,build,completed,success,2026-06-01T17:31:59Z,2026-06-01T17:32:19Z,20,351f1de3fcaad1a392400269b62bea0e4a74e965
78909589326,26770844120,Generate and publish ONNX docs,build,completed,success,2026-06-01T17:28:13Z,2026-06-01T17:45:03Z,1010,63da149880e76d83f2ac29ca7c4ac2811274b01f
78909018442,26770679747,Check URLs,build,completed,success,2026-06-01T17:24:58Z,2026-06-01T17:25:18Z,20,54a837f22ab2ad899c61db735ef8d29e831f2ebc
78909017970,26770679778,Generate and publish ONNX docs,build,completed,success,2026-06-01T17:24:58Z,2026-06-01T17:41:00Z,962,54a837f22ab2ad899c61db735ef8d29e831f2ebc
78907985663,26770387699,Generate and publish ONNX docs,build,completed,success,2026-06-01T17:19:04Z,2026-06-01T17:37:53Z,1129,430ba095f64e29ac938bf88ee22819cc3207e39b
78903406931,26769096251,Check URLs,build,completed,failure,2026-06-01T16:53:28Z,2026-06-01T16:55:05Z,97,bc3be77bec2f628788796dff60819186bacf49df
78902212763,26768759060,Generate and publish ONNX docs,build,completed,success,2026-06-01T16:46:48Z,2026-06-01T17:02:40Z,952,35dd5390d92c65632f6ec9ed7936266c37b7c8d4
78901179001,26768461341,Generate and publish ONNX docs,build,completed,success,2026-06-01T16:40:56Z,2026-06-01T16:55:56Z,900,8156ad9f0ca4b3d2c9a88e0e5305c8a2ac778f15
78898617139,26767737765,Generate and publish ONNX docs,build,completed,success,2026-06-01T16:26:46Z,2026-06-01T16:42:53Z,967,a84885faafe7ee741e096801aec9874b7e2473d1
78898158338,26767606435,Check URLs,build,completed,success,2026-06-01T16:24:16Z,2026-06-01T16:24:35Z,19,54c21cbc9d25bbc37093c890438cb0d32079bc84
78898158142,26767606426,Generate and publish ONNX docs,build,completed,success,2026-06-01T16:24:16Z,2026-06-01T16:37:14Z,778,54c21cbc9d25bbc37093c890438cb0d32079bc84
78897178803,26767328901,Generate and publish ONNX docs,build,completed,failure,2026-06-01T16:19:00Z,2026-06-01T16:22:21Z,201,78a5bb59b05e65e8f75760d871cb0390ca07a5e4
78895898161,26766967297,Check URLs,build,completed,success,2026-06-01T16:11:49Z,2026-06-01T16:12:10Z,21,e945daf7e12eaeb624ce1edd39ccdbb97879626d
78892253820,26765955305,Check URLs,build,completed,success,2026-06-01T15:52:57Z,2026-06-01T15:53:22Z,25,e945daf7e12eaeb624ce1edd39ccdbb97879626d
78892238960,26765950799,Generate and publish ONNX docs,build,completed,success,2026-06-01T15:52:52Z,2026-06-01T16:08:47Z,955,e945daf7e12eaeb624ce1edd39ccdbb97879626d
78890860019,26765567815,Check URLs,build,completed,failure,2026-06-01T15:45:38Z,2026-06-01T15:47:15Z,97,92ba938cbdfaf6fdc03abbe6d3f56c512e1b61b0
78890860601,26765568347,Generate and publish ONNX docs,build,completed,success,2026-06-01T15:45:37Z,2026-06-01T16:00:41Z,904,92ba938cbdfaf6fdc03abbe6d3f56c512e1b61b0
78887021949,26764516225,Generate and publish ONNX docs,build,completed,success,2026-06-01T15:26:19Z,2026-06-01T15:43:44Z,1045,2020a1d5098a101bd52244ce5a84479f8dbdd43c
78887021035,26764515359,Check URLs,build,completed,failure,2026-06-01T15:26:17Z,2026-06-01T15:27:54Z,97,2020a1d5098a101bd52244ce5a84479f8dbdd43c
78880768386,26762799918,Generate and publish ONNX docs,build,completed,success,2026-06-01T14:55:39Z,2026-06-01T15:12:09Z,990,f031dd6a59f9d944d47565988e05fa9f099a75ce
78878979557,26762305701,Generate and publish ONNX docs,build,completed,success,2026-06-01T14:47:04Z,2026-06-01T15:03:13Z,969,fea22a7e5bd822133dc12b9535baf7458b2ebb46
78878865026,26762274635,Generate and publish ONNX docs,build,completed,success,2026-06-01T14:46:31Z,2026-06-01T15:01:51Z,920,293ad621a244fb501a5ed9660c01e666ba5e3e86
78878861127,26762273550,Check URLs,build,completed,success,2026-06-01T14:46:31Z,2026-06-01T14:46:54Z,23,293ad621a244fb501a5ed9660c01e666ba5e3e86
78876265326,26761569224,Generate and publish ONNX docs,build,completed,success,2026-06-01T14:34:12Z,2026-06-01T14:52:36Z,1104,0f99998e85a1426f1ea7d5154c2c4fe25342b74f
78876263571,26761568702,Check URLs,build,completed,success,2026-06-01T14:34:11Z,2026-06-01T14:34:30Z,19,0f99998e85a1426f1ea7d5154c2c4fe25342b74f
78849247652,26754082886,Generate and publish ONNX docs,build,completed,success,2026-06-01T12:11:09Z,2026-06-01T12:24:50Z,821,e6daeee7056a87f1d68131b9adf7af9fb4699d21
78825541432,26747171850,Generate and publish ONNX docs,build,completed,success,2026-06-01T09:39:53Z,2026-06-01T09:54:33Z,880,da29ea16330eaf23cbadf636a8b53fe749c173f5
79072077444,26820087658,Check URLs,build,completed,success,2026-06-02T12:36:13Z,2026-06-02T12:36:38Z,25,1969e076eb397101d82e8ad0779a6eecc8c0e547
79054669167,26815074392,Generate and publish ONNX docs,build,completed,success,2026-06-02T10:53:14Z,2026-06-02T11:09:28Z,974,51b1e6dd74e680f214010effddf087ef87852877
79054607870,26815056152,Generate and publish ONNX docs,build,completed,success,2026-06-02T10:52:50Z,2026-06-02T11:08:55Z,965,61d7ad67859d810245b1fb3d2fb429da2f3be49c
79223959045,26864116065,Generate and publish ONNX docs,build,completed,success,2026-06-03T04:41:10Z,2026-06-03T04:55:17Z,847,151f4581bd8a25aa3d75d47aae6c474ca674dad6
79223444827,26863951467,Generate and publish ONNX docs,build,completed,success,2026-06-03T04:35:53Z,2026-06-03T04:50:01Z,848,56dfcd79b7b72d135cb0de0f8376847a9086bc94
79219778197,26862744496,Check URLs,build,completed,success,2026-06-03T03:56:20Z,2026-06-03T03:56:45Z,25,91d4eab54133da2a3a6f351f2ccb2ffce20c2e90
79219778207,26862744478,Generate and publish ONNX docs,build,completed,success,2026-06-03T03:56:20Z,2026-06-03T04:11:17Z,897,91d4eab54133da2a3a6f351f2ccb2ffce20c2e90
79214136288,26860942931,Generate and publish ONNX docs,build,completed,success,2026-06-03T02:57:37Z,2026-06-03T03:11:42Z,845,95dce7edecaa6fe1b62036e5b4c3c4c36238c12d
79213527415,26859208529,Generate and publish ONNX docs,build,completed,success,2026-06-03T02:50:59Z,2026-06-03T03:04:50Z,831,610cec643ae6e8676e62c1fb36f45b35be4f0302
79205683450,26858167139,Check URLs,build,completed,failure,2026-06-03T01:28:53Z,2026-06-03T01:30:29Z,96,954b17916f2b1fb3a2499e74e34bdedbb52450bc
79205683400,26858167162,Generate and publish ONNX docs,build,completed,success,2026-06-03T01:28:52Z,2026-06-03T01:43:40Z,888,954b17916f2b1fb3a2499e74e34bdedbb52450bc
79205128847,26857990020,Check URLs,build,completed,failure,2026-06-03T01:23:10Z,2026-06-03T01:23:30Z,20,23be60bada506e039d18e403a07727d72294d341
79205128831,26857990015,Generate and publish ONNX docs,build,completed,success,2026-06-03T01:23:10Z,2026-06-03T01:38:03Z,893,23be60bada506e039d18e403a07727d72294d341
79204900161,26857920326,Check URLs,build,completed,failure,2026-06-03T01:20:48Z,2026-06-03T01:22:24Z,96,ace2c57a78f0aaa4a637045285c099aa60bf800a
79204900077,26857920303,Generate and publish ONNX docs,build,completed,success,2026-06-03T01:20:48Z,2026-06-03T01:35:17Z,869,ace2c57a78f0aaa4a637045285c099aa60bf800a
79204806649,26857890537,Check URLs,build,completed,success,2026-06-03T01:19:55Z,2026-06-03T01:20:18Z,23,a55f8c6eac01cd90d4dddea9ea84345252b9a4bb
79204806771,26857890508,Generate and publish ONNX docs,build,completed,success,2026-06-03T01:19:55Z,2026-06-03T01:34:30Z,875,a55f8c6eac01cd90d4dddea9ea84345252b9a4bb
79204659746,26857844377,Generate and publish ONNX docs,build,completed,success,2026-06-03T01:18:23Z,2026-06-03T01:33:05Z,882,2c9738db9c331f9ac914a303c3b9c0f33baf81be
79204358288,26857746638,Generate and publish ONNX docs,build,completed,success,2026-06-03T01:15:22Z,2026-06-03T01:29:44Z,862,d02f92d1680a0c57108363e76c6e344bfcb0ec42
79204199247,26857695895,Generate and publish ONNX docs,build,completed,success,2026-06-03T01:13:47Z,2026-06-03T01:27:23Z,816,4b3892dcb0100b016d0e4300be440647f1a3a304
79204142700,26857678241,Check URLs,build,completed,success,2026-06-03T01:13:12Z,2026-06-03T01:13:30Z,18,f249a5f28adf2a4b0c8d8bc74911ca079a39636f
79204142657,26857678242,Generate and publish ONNX docs,build,completed,success,2026-06-03T01:13:13Z,2026-06-03T01:27:19Z,846,f249a5f28adf2a4b0c8d8bc74911ca079a39636f
79199080519,26856076096,Check URLs,build,completed,success,2026-06-03T00:24:06Z,2026-06-03T00:24:26Z,20,c202c6ece6b897acbc2407fd37f9c34837375e38
79199080490,26856076148,Generate and publish ONNX docs,build,completed,success,2026-06-03T00:24:04Z,2026-06-03T00:40:29Z,985,c202c6ece6b897acbc2407fd37f9c34837375e38
79198229398,26855795743,Check URLs,build,completed,failure,2026-06-03T00:15:54Z,2026-06-03T00:17:35Z,101,6dae2470341c3c0fea55b91da6e97b0114519ee2
79198229342,26855795717,Generate and publish ONNX docs,build,completed,success,2026-06-03T00:15:54Z,2026-06-03T00:29:56Z,842,6dae2470341c3c0fea55b91da6e97b0114519ee2
79197584083,26855590971,Generate and publish ONNX docs,build,completed,success,2026-06-03T00:09:42Z,2026-06-03T00:20:50Z,668,1097a0e1383dad37f41f7419b28b5ef757477623
79197420065,26855540986,Generate and publish ONNX docs,build,completed,success,2026-06-03T00:08:10Z,2026-06-03T00:23:30Z,920,caec81220df6220f8f1ce23c2415a3f668329040
79197414225,26855539209,Generate and publish ONNX docs,build,completed,success,2026-06-03T00:08:07Z,2026-06-03T00:22:09Z,842,14d1a45786f2ea014f254c40aa142f408d357128
79197375092,26855526989,Generate and publish ONNX docs,build,completed,success,2026-06-03T00:07:44Z,2026-06-03T00:21:54Z,850,e7213192387d955695dd32baebb758d88afda14b
79197299521,26855503437,Generate and publish ONNX docs,build,completed,success,2026-06-03T00:07:03Z,2026-06-03T00:21:50Z,887,e364f65b608543a4eda45720a6ce363d0d83e591
79197299599,26855503394,Check URLs,build,completed,failure,2026-06-03T00:07:03Z,2026-06-03T00:08:40Z,97,e364f65b608543a4eda45720a6ce363d0d83e591
79197157489,26855461037,Generate and publish ONNX docs,build,completed,success,2026-06-03T00:05:45Z,2026-06-03T00:21:06Z,921,69abf57f045991263dd47293bf0b5a038ba03aa8
79197157417,26855460994,Check URLs,build,completed,success,2026-06-03T00:05:45Z,2026-06-03T00:06:03Z,18,69abf57f045991263dd47293bf0b5a038ba03aa8
79196879003,26855376225,Generate and publish ONNX docs,build,completed,success,2026-06-03T00:03:20Z,2026-06-03T00:18:34Z,914,d3c90311d0e4bf8ba0886deaa9a69f659cfe0056
79196875607,26855375018,Generate and publish ONNX docs,build,completed,success,2026-06-03T00:03:18Z,2026-06-03T00:18:40Z,922,98dbf724aa28d5a6f64834d9fa4faa1e80981b55
79196866611,26855372265,Generate and publish ONNX docs,build,completed,success,2026-06-03T00:03:13Z,2026-06-03T00:19:12Z,959,5cb259fca980c57164b02f8d673e5f246fa98651
79196855169,26855368735,Generate and publish ONNX docs,build,completed,success,2026-06-03T00:03:07Z,2026-06-03T00:19:51Z,1004,4b4fb509dcf8242eaf880df4b298a1f6d5b0fd54
79196610791,26855289795,Generate and publish ONNX docs,build,completed,success,2026-06-03T00:01:00Z,2026-06-03T00:17:33Z,993,9b97bbf2976dd3b1fb4caeb3d0e5bad15bb15b76
79196610864,26855289801,Check URLs,build,completed,failure,2026-06-03T00:01:00Z,2026-06-03T00:02:38Z,98,9b97bbf2976dd3b1fb4caeb3d0e5bad15bb15b76
79194571130,26854633765,Generate and publish ONNX docs,build,completed,success,2026-06-02T23:42:18Z,2026-06-02T23:56:24Z,846,a2ea276fd0a99b8271c70218f32f3c186aadb041
79194370416,26854571808,Generate and publish ONNX docs,build,completed,success,2026-06-02T23:40:32Z,2026-06-02T23:54:38Z,846,cd0284bcf3bed24e32af8c648665f2cffe42ed2f
79187186752,26852343263,Generate and publish ONNX docs,build,completed,success,2026-06-02T22:41:59Z,2026-06-02T22:56:17Z,858,a7f14ba1e246129b1b1f884c6dd85f8802becad2
79185926588,26851955338,Generate and publish ONNX docs,build,completed,success,2026-06-02T22:32:30Z,2026-06-02T22:46:22Z,832,b649c7193f1a8068301a795b2608b21a9f018875
79179115663,26849899949,Generate and publish ONNX docs,build,completed,success,2026-06-02T21:45:13Z,2026-06-02T22:01:59Z,1006,b21b0f1ebbfa54db515f780a803027f358b37146
79168887334,26846938045,Generate and publish ONNX docs,build,completed,success,2026-06-02T20:44:50Z,2026-06-02T20:59:07Z,857,bda1f8e035a73806e0d3a1c9fb34e42e1e1b7be0
79168842446,26846925733,Generate and publish ONNX docs,build,completed,success,2026-06-02T20:44:35Z,2026-06-02T21:00:33Z,958,8e417096d0b20b6dbd1cc881ac3424ccc1621099
79168766373,26846904110,Generate and publish ONNX docs,build,completed,success,2026-06-02T20:44:11Z,2026-06-02T20:59:04Z,893,79fc942d56838f223ce807aa90018c9165b59648
79168737411,26846895829,Generate and publish ONNX docs,build,completed,success,2026-06-02T20:44:01Z,2026-06-02T21:00:05Z,964,54b009ab67ce764788ac56c05a9d0050d0e47478
79168431828,26846808272,Generate and publish ONNX docs,build,completed,success,2026-06-02T20:42:21Z,2026-06-02T20:58:12Z,951,aef5b0c3032bdc5ab70862e52024e3dce11d4032
79168407800,26846801380,Generate and publish ONNX docs,build,completed,success,2026-06-02T20:42:13Z,2026-06-02T20:57:07Z,894,f6ba904d34568c39533707bb8bfb36fd773ff649
79168334082,26846780235,Generate and publish ONNX docs,build,completed,success,2026-06-02T20:41:48Z,2026-06-02T20:58:19Z,991,a19ee0886be9dd1f31fe986cd2702de9baeb5401
79168314391,26846773357,Generate and publish ONNX docs,build,completed,success,2026-06-02T20:41:42Z,2026-06-02T20:57:45Z,963,68539b60c8dbd277bb54079015cc0eee76829159
79168262546,26846758397,Generate and publish ONNX docs,build,completed,success,2026-06-02T20:41:24Z,2026-06-02T20:55:29Z,845,49c287ef6dd32fc3dc4d90db49126319d08076a1
79168233489,26846749878,Generate and publish ONNX docs,build,completed,success,2026-06-02T20:41:15Z,2026-06-02T20:57:11Z,956,15ff0135bcf030a9c1d44455bbea9f338019d396
79168213871,26846744246,Generate and publish ONNX docs,build,completed,success,2026-06-02T20:41:09Z,2026-06-02T20:56:00Z,891,a059d74d7f5dd997d93a70d82f18a7d1149e40ce
79168209588,26846742461,Generate and publish ONNX docs,build,completed,success,2026-06-02T20:41:07Z,2026-06-02T20:57:57Z,1010,e0adbe241f3e76b44e11aff0bf2e9003942c79e3
79159004932,26844156458,Check URLs,build,completed,success,2026-06-02T19:50:34Z,2026-06-02T19:50:53Z,19,0f6df2163b5d99717d024b44e5eaf213eaaf7bc5
79159003291,26844155732,Generate and publish ONNX docs,build,completed,success,2026-06-02T19:50:34Z,2026-06-02T20:05:24Z,890,0f6df2163b5d99717d024b44e5eaf213eaaf7bc5
79141319141,26839201916,Generate and publish ONNX docs,build,completed,success,2026-06-02T18:15:47Z,2026-06-02T18:31:00Z,913,da77e6d9a1310a23e79a9ffc0472357102b3d57d
79147151945,26838854783,Generate and publish ONNX docs,build,completed,success,2026-06-02T18:46:31Z,2026-06-02T19:00:50Z,859,f7247f2d899d28bacc75a913d3a33fe27c12314d
79136570926,26837871793,Generate and publish ONNX docs,build,completed,success,2026-06-02T17:50:50Z,2026-06-02T18:04:59Z,849,c215f9b9ef35db54dc5f5579f9bc73522a9c8e44
79131240782,26834892209,Generate and publish ONNX docs,build,completed,success,2026-06-02T17:22:41Z,2026-06-02T17:34:37Z,716,ce2314e25618843239e7da1b8acc93f7eb79057a
79115342732,26831934171,Generate and publish ONNX docs,build,completed,success,2026-06-02T16:00:19Z,2026-06-02T16:15:00Z,881,36b53571bc26275cde70af4b2bb59fb6772f28f3
79115341464,26831933899,Check URLs,build,completed,failure,2026-06-02T16:00:18Z,2026-06-02T16:01:55Z,97,36b53571bc26275cde70af4b2bb59fb6772f28f3
79108643300,26830102419,Generate and publish ONNX docs,build,completed,success,2026-06-02T15:28:51Z,2026-06-02T15:43:45Z,894,a87979321332f897f0aa313d6fdb68f195709858
79106536654,26829532879,Generate and publish ONNX docs,build,completed,success,2026-06-02T15:19:13Z,2026-06-02T15:33:26Z,853,9a5a3b082374920d469a5ad8525ecf4da441b298
79098300509,26827289764,Check URLs,build,completed,success,2026-06-02T14:42:25Z,2026-06-02T14:42:46Z,21,b8d6c2a6629912f0a312756fac4e0c1b82058047
79098296824,26827290210,Generate and publish ONNX docs,build,completed,success,2026-06-02T14:42:25Z,2026-06-02T15:02:21Z,1196,b8d6c2a6629912f0a312756fac4e0c1b82058047
79083992127,26822732894,Generate and publish ONNX docs,build,completed,success,2026-06-02T13:37:07Z,2026-06-02T13:52:08Z,901,454221c7fbae49bb5345c2d0c6d378e62089e347
79074450194,26820765838,Generate and publish ONNX docs,build,completed,success,2026-06-02T12:49:14Z,2026-06-02T13:03:50Z,876,4907f39b4fc02b0044b9f0729e27807b673a2319
79268231172,26877396706,Generate and publish ONNX docs,build,completed,success,2026-06-03T09:56:37Z,2026-06-03T10:11:17Z,880,4480de511752b9c5fd8814f4a239f076394a4d7a
79457686970,26933421653,Generate and publish ONNX docs,build,completed,success,2026-06-04T05:46:58Z,2026-06-04T06:01:47Z,889,caa4cb46f98ce1068d39d6ab08a6dd4174843c5e
79445606803,26929268196,Generate and publish ONNX docs,build,completed,success,2026-06-04T03:48:21Z,2026-06-04T04:03:50Z,929,8259e3fe256b1f4e706a8f5150ada60262de451f
79441423903,26927850273,Check URLs,build,completed,success,2026-06-04T03:08:36Z,2026-06-04T03:08:59Z,23,507be17248e715386de064f65eadaae82ea58764
79441423893,26927850256,Generate and publish ONNX docs,build,completed,success,2026-06-04T03:08:37Z,2026-06-04T03:23:33Z,896,507be17248e715386de064f65eadaae82ea58764
79423666481,26921815792,Generate and publish ONNX docs,build,completed,success,2026-06-04T00:24:13Z,2026-06-04T00:37:46Z,813,12cd8ddacccb62c78c540721105fe1ef7677469d
79405010422,26915791652,Check URLs,build,completed,success,2026-06-03T22:02:28Z,2026-06-03T22:02:51Z,23,a7bf3a0f1d18bb62575236ef6e4944980c40e045
79405010570,26915791640,Generate and publish ONNX docs,build,completed,success,2026-06-03T22:02:28Z,2026-06-03T22:16:24Z,836,a7bf3a0f1d18bb62575236ef6e4944980c40e045
79367082040,26904921919,Generate and publish ONNX docs,build,completed,success,2026-06-03T18:30:28Z,2026-06-03T18:44:44Z,856,829a524cd10eac6c2d36b7b613c4ef814396bacc
79346033174,26899040352,Check URLs,build,completed,success,2026-06-03T16:39:30Z,2026-06-03T16:39:59Z,29,3416d6f2d6e0d25ff9834ccd11cbbc4cd7c9bac5
79346032955,26899040274,Generate and publish ONNX docs,build,completed,success,2026-06-03T16:39:28Z,2026-06-03T16:54:52Z,924,3416d6f2d6e0d25ff9834ccd11cbbc4cd7c9bac5
79344572217,26898637494,Generate and publish ONNX docs,build,completed,success,2026-06-03T16:32:00Z,2026-06-03T16:46:08Z,848,63c117baba99f9fe17b97da8845338cc24c4c82a
79342875369,26898159056,Generate and publish ONNX docs,build,completed,success,2026-06-03T16:23:17Z,2026-06-03T16:40:12Z,1015,dbd26657534dc5ca67ae7e06904ada8f565bea99
79341904361,26897891577,Generate and publish ONNX docs,build,completed,success,2026-06-03T16:18:18Z,2026-06-03T16:33:44Z,926,ae12b417ce32a1ba40869dc321297baa7859ab66
79341307005,26897725034,Generate and publish ONNX docs,build,completed,success,2026-06-03T16:15:19Z,2026-06-03T16:31:19Z,960,2b06a2a2db75a5f83457af11ae1ad48182f63a29
79339900119,26897339075,Generate and publish ONNX docs,build,completed,success,2026-06-03T16:08:13Z,2026-06-03T16:23:00Z,887,8e3ff7d8127297d2ea720ff219ceed1d0a5426c2
79335573419,26896145208,Generate and publish ONNX docs,build,completed,success,2026-06-03T15:47:22Z,2026-06-03T16:02:57Z,935,84d48ac85410d8ba4ebe8ec318b58b912a4b2d3a
79332194168,26895229046,Check URLs,build,completed,success,2026-06-03T15:31:32Z,2026-06-03T15:31:58Z,26,a4e965f3599a9567619464a0fd69c36355c92305
79332193954,26895229086,Generate and publish ONNX docs,build,completed,success,2026-06-03T15:31:33Z,2026-06-03T15:46:08Z,875,a4e965f3599a9567619464a0fd69c36355c92305
79544353608,26959126830,Generate and publish ONNX docs,build,completed,success,2026-06-04T14:44:18Z,2026-06-04T14:59:27Z,909,149aea96a2e978b1205543e2499b85d0c8b3fc4d
79541556962,26958341149,Generate and publish ONNX docs,build,completed,success,2026-06-04T14:30:42Z,2026-06-04T14:47:28Z,1006,e268806e353132e4ce35d1eda59a074033c46131
79474352176,26938639634,Check URLs,build,completed,success,2026-06-04T07:54:21Z,2026-06-04T07:54:50Z,29,dce5876d6cc6cc30157af7d26a752ef44976da8e
79474349526,26938638798,Generate and publish ONNX docs,build,completed,success,2026-06-04T07:54:20Z,2026-06-04T08:09:16Z,896,dce5876d6cc6cc30157af7d26a752ef44976da8e
79472488324,26938061902,Generate and publish ONNX docs,build,completed,success,2026-06-04T07:42:12Z,2026-06-04T07:57:37Z,925,05c1bc3bceceb8d3cf11e9e7fc7f19f971c44988
79472488410,26938061941,Check URLs,build,completed,success,2026-06-04T07:42:12Z,2026-06-04T07:42:30Z,18,05c1bc3bceceb8d3cf11e9e7fc7f19f971c44988
79462298096,26934922650,Generate and publish ONNX docs,build,completed,success,2026-06-04T06:27:38Z,2026-06-04T06:43:07Z,929,15375a7d6e80f7d53c8472807e4867c6390db825
79679609871,27000490931,Check URLs,build,completed,success,2026-06-05T06:58:38Z,2026-06-05T06:58:54Z,16,784d2ceb12a7e3e7858bf136c05af879c2e42965
79679609968,27000490984,Generate and publish ONNX docs,build,completed,success,2026-06-05T06:58:38Z,2026-06-05T07:13:55Z,917,784d2ceb12a7e3e7858bf136c05af879c2e42965
79678798488,27000227759,Generate and publish ONNX docs,build,completed,success,2026-06-05T06:52:00Z,2026-06-05T07:07:18Z,918,b9ff68119193b9efde7e13a82f1ca2661288ccf6
79678798493,27000227781,Check URLs,build,completed,success,2026-06-05T06:52:00Z,2026-06-05T06:52:20Z,20,b9ff68119193b9efde7e13a82f1ca2661288ccf6
79678642246,27000177829,Generate and publish ONNX docs,build,completed,success,2026-06-05T06:50:42Z,2026-06-05T07:06:39Z,957,b9a793a088e532dcaa8681f7acd7befaf8220ba1
79678642297,27000177839,Check URLs,build,completed,success,2026-06-05T06:50:42Z,2026-06-05T06:51:04Z,22,b9a793a088e532dcaa8681f7acd7befaf8220ba1
79673897063,26998693804,Generate and publish ONNX docs,build,completed,success,2026-06-05T06:10:03Z,2026-06-05T06:25:07Z,904,93558f81c90bb04bb87c05863dad8a5375b76234
79665999125,26996076591,Generate and publish ONNX docs,build,completed,success,2026-06-05T04:50:30Z,2026-06-05T05:05:34Z,904,cba809499d18a2648f76086abd3af7ff2eddb98b
79665999214,26996076569,Check URLs,build,completed,success,2026-06-05T04:50:31Z,2026-06-05T04:50:52Z,21,cba809499d18a2648f76086abd3af7ff2eddb98b
79663508401,26995243163,Check URLs,build,completed,success,2026-06-05T04:23:47Z,2026-06-05T04:24:05Z,18,6cb2e96ceb58b2993f4dc58ec977ec85f45c9582
79663508492,26995243226,Generate and publish ONNX docs,build,completed,success,2026-06-05T04:23:47Z,2026-06-05T04:38:13Z,866,6cb2e96ceb58b2993f4dc58ec977ec85f45c9582
79662763715,26994989223,Check URLs,build,completed,success,2026-06-05T04:15:22Z,2026-06-05T04:15:43Z,21,758fe9b53c5cc55b03201d535d460e0fbe0e2ebc
79662763691,26994989222,Generate and publish ONNX docs,build,completed,success,2026-06-05T04:15:21Z,2026-06-05T04:30:47Z,926,758fe9b53c5cc55b03201d535d460e0fbe0e2ebc
79579643154,26968834241,Generate and publish ONNX docs,build,completed,success,2026-06-04T17:44:57Z,2026-06-04T17:59:07Z,850,8e6e47dc023378250c6f013d5c97bb8ce2e9acae
79678378362,26968770744,Generate and publish ONNX docs,build,completed,success,2026-06-05T06:48:28Z,2026-06-05T07:03:44Z,916,68fa40b7e677025850d212daeca24a9d7df0e14c
79577940732,26968677300,Generate and publish ONNX docs,build,completed,success,2026-06-04T17:35:28Z,2026-06-04T17:50:15Z,887,cf0915dd67339d38e00f4f5e964b00b8295ab49b
79854323229,27053879918,Generate and publish ONNX docs,build,completed,success,2026-06-06T05:32:58Z,2026-06-06T05:47:40Z,882,a3ca21c719ef813e20c2be2d96e86620618155c6
79800352561,27036088313,Generate and publish ONNX docs,build,completed,failure,2026-06-05T19:37:41Z,2026-06-05T19:38:43Z,62,c5002602e09879f56021b819877462fd5e0ca309
79796165999,27034872960,Generate and publish ONNX docs,build,completed,success,2026-06-05T19:11:17Z,2026-06-05T19:25:18Z,841,32b24aa2448563682ff6b11b878e972c6e8ca740
79796166238,27034872929,Check URLs,build,completed,failure,2026-06-05T19:11:18Z,2026-06-05T19:12:57Z,99,32b24aa2448563682ff6b11b878e972c6e8ca740
79793486686,27034069858,Generate and publish ONNX docs,build,completed,success,2026-06-05T18:54:55Z,2026-06-05T19:10:21Z,926,1d767276c903a129d7589731422389043c0077dc
79793319167,27034019833,Check URLs,build,completed,success,2026-06-05T18:53:54Z,2026-06-05T18:54:16Z,22,364200fd81f2235a20b906da6d4efdd5d8413f79
79793318858,27034019695,Generate and publish ONNX docs,build,completed,success,2026-06-05T18:53:52Z,2026-06-05T19:08:27Z,875,364200fd81f2235a20b906da6d4efdd5d8413f79
79780515622,27030255063,Generate and publish ONNX docs,build,completed,success,2026-06-05T17:35:19Z,2026-06-05T17:50:32Z,913,efa3b9308fb4c0868ed27764d81d51e4188268ea
79781906109,27029584983,Generate and publish ONNX docs,build,completed,success,2026-06-05T17:43:49Z,2026-06-05T17:58:29Z,880,719944e3cc5b0d9fc4e90fff0551dbfe77bc641a
79761658918,27024716298,Check URLs,build,completed,success,2026-06-05T15:43:20Z,2026-06-05T15:43:41Z,21,a31da393ae2dbe603720ee30f563d2870a00871a
79761658955,27024716327,Generate and publish ONNX docs,build,completed,success,2026-06-05T15:43:20Z,2026-06-05T15:59:18Z,958,a31da393ae2dbe603720ee30f563d2870a00871a
79761345981,27024625396,Check URLs,build,completed,failure,2026-06-05T15:41:32Z,2026-06-05T15:41:50Z,18,eb46e38284d641ebf03f7060966125564fccbd82
79761345599,27024625303,Generate and publish ONNX docs,build,completed,success,2026-06-05T15:41:33Z,2026-06-05T15:56:59Z,926,eb46e38284d641ebf03f7060966125564fccbd82
79759548477,27024110252,Check URLs,build,completed,failure,2026-06-05T15:31:17Z,2026-06-05T15:31:36Z,19,fe2040a624294669946b45aef5ccf8aee07907ff
79759548626,27024110030,Generate and publish ONNX docs,build,completed,success,2026-06-05T15:31:17Z,2026-06-05T15:46:34Z,917,fe2040a624294669946b45aef5ccf8aee07907ff
79757939135,27023303473,Check URLs,build,completed,success,2026-06-05T15:22:18Z,2026-06-05T15:22:41Z,23,e069930fc28a8e81ad2e1017b4a3f2c40e7ef8f1
79757937356,27023303396,Generate and publish ONNX docs,build,completed,success,2026-06-05T15:22:17Z,2026-06-05T15:36:29Z,852,e069930fc28a8e81ad2e1017b4a3f2c40e7ef8f1
79775212108,27022158817,Generate and publish ONNX docs,build,completed,success,2026-06-05T17:03:04Z,2026-06-05T17:18:36Z,932,5bc7af854913c7bde2db9a910d9b4c633a72138e
79752117246,27021038383,Check URLs,build,completed,failure,2026-06-05T14:51:02Z,2026-06-05T14:52:38Z,96,d47c75cc3badbe4179f4f00dc955cc4e4a0e2a90
79752112692,27021037980,Generate and publish ONNX docs,build,completed,success,2026-06-05T14:51:01Z,2026-06-05T15:06:25Z,924,d47c75cc3badbe4179f4f00dc955cc4e4a0e2a90
79745004963,27019819167,Generate and publish ONNX docs,build,completed,success,2026-06-05T14:12:52Z,2026-06-05T14:27:13Z,861,753512fae8c3620a3b27e43fb36e908fe1e5fe19
79739124576,27018309654,Generate and publish ONNX docs,build,completed,success,2026-06-05T13:40:43Z,2026-06-05T13:55:04Z,861,3e18272e1626f77ca41fe8fae74a099919ce9e3f
79728101972,27015131253,Generate and publish ONNX docs,build,completed,success,2026-06-05T12:34:43Z,2026-06-05T12:51:02Z,979,9ad3dafceae250b90d2ee30de6ce275f2cc08ce7
79715456793,27011353806,Generate and publish ONNX docs,build,completed,success,2026-06-05T11:08:07Z,2026-06-05T11:24:31Z,984,e708fbb886db4a5b2dcb8c6334a7aefc30c93ca8
79712972344,27010603357,Generate and publish ONNX docs,build,completed,success,2026-06-05T10:50:23Z,2026-06-05T11:04:10Z,827,b20cfea505b61512cbae0aba40c1b5e12ba8c463
79711014325,27010010362,Generate and publish ONNX docs,build,completed,success,2026-06-05T10:36:21Z,2026-06-05T10:51:11Z,890,74fac9974ef591cbf9c4e0bb80d0af0b06330e95
79704243172,27007969056,Generate and publish ONNX docs,build,completed,success,2026-06-05T09:50:00Z,2026-06-05T10:05:15Z,915,33f83238be07095aed0ce3d14c65c748629b2757
79699628323,27006601853,Check URLs,build,completed,success,2026-06-05T09:19:36Z,2026-06-05T09:19:57Z,21,53d61200c0b966f39027ea46ea4e3078363a0308
79699268804,27006496987,Generate and publish ONNX docs,build,completed,success,2026-06-05T09:17:13Z,2026-06-05T09:31:41Z,868,c3156622505a4313ce3836d660cf0547e249957e
79699169510,27006467868,Generate and publish ONNX docs,build,completed,success,2026-06-05T09:16:34Z,2026-06-05T09:30:26Z,832,f2c729c3a3f3ae7572dacdbdf9f6c34b8780183e
79698728025,27006335975,Generate and publish ONNX docs,build,completed,success,2026-06-05T09:13:39Z,2026-06-05T09:28:42Z,903,9891d7ef253ada73d188b8937833e53bc5d2bd67
79698407588,27006240875,Generate and publish ONNX docs,build,completed,success,2026-06-05T09:11:32Z,2026-06-05T09:26:57Z,925,17cfefe073714b517700eb733779fc1de7a2caeb
79698284005,27006205431,Generate and publish ONNX docs,build,completed,success,2026-06-05T09:10:44Z,2026-06-05T09:25:52Z,908,7099b8cb575fbf6f0ef85f0aea0445ade7926e97
79696892510,27005788397,Generate and publish ONNX docs,build,completed,success,2026-06-05T09:01:32Z,2026-06-05T09:16:13Z,881,33406e12e52f32c42c789931ce22accde8fd4899
79696632370,27005709556,Generate and publish ONNX docs,build,completed,success,2026-06-05T08:59:53Z,2026-06-05T09:15:01Z,908,040c604c8c7312bc40902f443816647450a08d28
79696434956,27005649873,Generate and publish ONNX docs,build,completed,success,2026-06-05T08:58:33Z,2026-06-05T09:13:35Z,902,07300a8b8d11924c6bc93138a45f05578d9dfc0a
79929623722,27075331312,Generate and publish ONNX docs,build,completed,success,2026-06-07T03:56:06Z,2026-06-07T04:10:39Z,873,f69e77544694945fd9be9064d71a5fd1d60478c2
79910362536,27074746998,Generate and publish ONNX docs,build,completed,success,2026-06-06T21:50:46Z,2026-06-06T22:04:10Z,804,b06ab360fa74d114ea69cd8f92ce17d619980c9d
79893999348,27068713040,Generate and publish ONNX docs,build,completed,success,2026-06-06T17:13:30Z,2026-06-06T17:23:55Z,625,9b42b79aecd1fbe15d5f2f7861f841bbddb2df34
79885611632,27065525692,Check URLs,build,completed,failure,2026-06-06T14:55:57Z,2026-06-06T14:56:38Z,41,8b5d2fc7df5dadaafc2d2ba5d2274afa4b1d641b
79885611616,27065525683,Generate and publish ONNX docs,build,completed,success,2026-06-06T14:55:56Z,2026-06-06T15:10:31Z,875,8b5d2fc7df5dadaafc2d2ba5d2274afa4b1d641b
79974829974,27098485257,Check URLs,build,completed,failure,2026-06-07T16:38:40Z,2026-06-07T16:40:16Z,96,b55282569f300ebe00a3e8ac90462421c6cca5e7
80015113646,27113262199,Generate and publish ONNX docs,build,completed,success,2026-06-08T02:52:30Z,2026-06-08T03:07:34Z,904,9eb1c3eb834e82252acd8e5ea46540cc78a9ac37
80178311733,27161638157,Generate and publish ONNX docs,build,completed,success,2026-06-08T19:26:55Z,2026-06-08T19:41:01Z,846,67fc8ed1e2b49e40c5e3ed73de825123962e8f7d
80178311902,27161638103,Check URLs,build,completed,failure,2026-06-08T19:26:55Z,2026-06-08T19:28:29Z,94,67fc8ed1e2b49e40c5e3ed73de825123962e8f7d
80176673316,27161162658,Check URLs,build,completed,success,2026-06-08T19:17:58Z,2026-06-08T19:18:21Z,23,217211e9ba6d9f51c4aa5f7dbdfa7db927382514
80176673512,27161162598,Generate and publish ONNX docs,build,completed,success,2026-06-08T19:17:58Z,2026-06-08T19:29:06Z,668,217211e9ba6d9f51c4aa5f7dbdfa7db927382514
80173558453,27160259702,Check URLs,build,completed,success,2026-06-08T19:01:26Z,2026-06-08T19:01:46Z,20,0bf378b7e753a440b0c7fe11af3fd3763d6a4ff7
80173558387,27160259703,Generate and publish ONNX docs,build,completed,success,2026-06-08T19:01:28Z,2026-06-08T19:16:38Z,910,0bf378b7e753a440b0c7fe11af3fd3763d6a4ff7
80250326843,27184465241,Generate and publish ONNX docs,build,completed,success,2026-06-09T04:46:47Z,2026-06-09T05:02:11Z,924,25cc1758467cd50fed20309761b8a66cf41cfec6
80250326807,27184465252,Check URLs,build,completed,success,2026-06-09T04:46:48Z,2026-06-09T04:47:09Z,21,25cc1758467cd50fed20309761b8a66cf41cfec6
80233225572,27178767240,Generate and publish ONNX docs,build,completed,success,2026-06-09T01:51:20Z,2026-06-09T02:05:57Z,877,4e7139f108bc6f0154d95527188820cdc9aeba5e
80233225338,27178767258,Check URLs,build,completed,success,2026-06-09T01:51:19Z,2026-06-09T01:51:38Z,19,4e7139f108bc6f0154d95527188820cdc9aeba5e
80220084510,27174364394,Check URLs,build,completed,success,2026-06-08T23:49:55Z,2026-06-08T23:50:12Z,17,91feaf0c64adff1d417a117e25e046429e0c61e1
80220084617,27174364404,Generate and publish ONNX docs,build,completed,success,2026-06-08T23:49:55Z,2026-06-09T00:04:46Z,891,91feaf0c64adff1d417a117e25e046429e0c61e1
80218563924,27173865459,Generate and publish ONNX docs,build,completed,success,2026-06-08T23:36:42Z,2026-06-08T23:51:36Z,894,25cc1758467cd50fed20309761b8a66cf41cfec6
80218563870,27173865476,Check URLs,build,completed,success,2026-06-08T23:36:42Z,2026-06-08T23:37:05Z,23,25cc1758467cd50fed20309761b8a66cf41cfec6
80218313732,27173783039,Generate and publish ONNX docs,build,completed,success,2026-06-08T23:34:41Z,2026-06-08T23:49:50Z,909,55d942ea6eb45463d6354a545eba0cba577c3cfb
80218313691,27173783011,Check URLs,build,completed,success,2026-06-08T23:34:41Z,2026-06-08T23:35:06Z,25,55d942ea6eb45463d6354a545eba0cba577c3cfb
80218145340,27173726115,Generate and publish ONNX docs,build,completed,success,2026-06-08T23:33:19Z,2026-06-08T23:46:39Z,800,9bf98636aa063d67bb064f3651c7e8c26e487f32
80218145364,27173726081,Check URLs,build,completed,success,2026-06-08T23:33:19Z,2026-06-08T23:33:39Z,20,9bf98636aa063d67bb064f3651c7e8c26e487f32
80217663678,27173571302,Generate and publish ONNX docs,build,completed,success,2026-06-08T23:29:30Z,2026-06-08T23:44:17Z,887,1912272f202a84087f63ca888925813813d2e264
80217663654,27173571325,Check URLs,build,completed,success,2026-06-08T23:29:30Z,2026-06-08T23:29:53Z,23,1912272f202a84087f63ca888925813813d2e264
80212963442,27172004078,Generate and publish ONNX docs,build,completed,success,2026-06-08T22:51:39Z,2026-06-08T23:06:06Z,867,f0a806e15467ca7cff997ad38317ad8ed9bb15aa
80212963540,27172004080,Check URLs,build,completed,failure,2026-06-08T22:51:39Z,2026-06-08T22:53:15Z,96,f0a806e15467ca7cff997ad38317ad8ed9bb15aa
80202585352,27168759917,Generate and publish ONNX docs,build,completed,success,2026-06-08T21:41:44Z,2026-06-08T21:56:32Z,888,04138e07da14f1eb60f5619f038e044eec365c1e
80202585176,27168759932,Check URLs,build,completed,success,2026-06-08T21:41:45Z,2026-06-08T21:42:11Z,26,04138e07da14f1eb60f5619f038e044eec365c1e
80315320919,27204118842,Check URLs,build,completed,success,2026-06-09T11:49:59Z,2026-06-09T11:50:18Z,19,8de2cf6aa47928e6515ac6d9e1a8b4758886a7df
80311283510,27202956376,Check URLs,build,completed,failure,2026-06-09T11:26:26Z,2026-06-09T11:26:50Z,24,7ce1869120dfcf783b931defd6ec05fd086f6c32
80311283393,27202956378,Generate and publish ONNX docs,build,completed,success,2026-06-09T11:26:26Z,2026-06-09T11:40:39Z,853,7ce1869120dfcf783b931defd6ec05fd086f6c32
80305383830,27201201948,Generate and publish ONNX docs,build,completed,success,2026-06-09T10:52:23Z,2026-06-09T11:06:55Z,872,81e5e4c56553f3ecd7c403dc61e46993a8bb9878
80305383815,27201201931,Check URLs,build,completed,success,2026-06-09T10:52:23Z,2026-06-09T10:52:46Z,23,81e5e4c56553f3ecd7c403dc61e46993a8bb9878
80304690709,27201000325,Generate and publish ONNX docs,build,completed,success,2026-06-09T10:48:10Z,2026-06-09T11:04:16Z,966,4e03bfad4ef3a1e0b55765a8ac1205bf65408de6
80304690614,27201000345,Check URLs,build,completed,success,2026-06-09T10:48:10Z,2026-06-09T10:48:30Z,20,4e03bfad4ef3a1e0b55765a8ac1205bf65408de6
80303821916,27200742259,Generate and publish ONNX docs,build,completed,success,2026-06-09T10:42:56Z,2026-06-09T10:57:07Z,851,cba9d3a4ee3205ce96e1d4fe83953bf1e4460299
80303821881,27200742246,Check URLs,build,completed,success,2026-06-09T10:42:56Z,2026-06-09T10:43:17Z,21,cba9d3a4ee3205ce96e1d4fe83953bf1e4460299
80477942709,27251085544,Generate and publish ONNX docs,build,completed,success,2026-06-10T03:50:41Z,2026-06-10T04:05:46Z,905,c577fb7a357ccbbb0799302dceee289784cd0153
80439278426,27239416932,Check URLs,build,completed,failure,2026-06-09T22:16:04Z,2026-06-09T22:16:21Z,17,175e31b55ded83dcf6e0a4448a5a9524c8f7dec2
80439278457,27239416920,Generate and publish ONNX docs,build,completed,success,2026-06-09T22:16:05Z,2026-06-09T22:31:53Z,948,175e31b55ded83dcf6e0a4448a5a9524c8f7dec2
80425039699,27235131444,Generate and publish ONNX docs,build,completed,success,2026-06-09T20:52:59Z,2026-06-09T21:07:31Z,872,196dae8937891873896b6cdae7e02fe1696989ad
80425039635,27235131408,Check URLs,build,completed,failure,2026-06-09T20:52:59Z,2026-06-09T20:54:58Z,119,196dae8937891873896b6cdae7e02fe1696989ad
80424727938,27235040314,Generate and publish ONNX docs,build,completed,success,2026-06-09T20:51:21Z,2026-06-09T21:05:37Z,856,23d47d9d7cc4ea1609adf949901693b050b2a3fd
80424727880,27235040232,Check URLs,build,completed,success,2026-06-09T20:51:19Z,2026-06-09T20:51:43Z,24,23d47d9d7cc4ea1609adf949901693b050b2a3fd
80423597100,27234716401,Generate and publish ONNX docs,build,completed,success,2026-06-09T20:45:22Z,2026-06-09T21:00:05Z,883,2ac0e76c13d1f4ce935c05ef14c4b6f217cf5f89
80423596993,27234716375,Check URLs,build,completed,failure,2026-06-09T20:45:22Z,2026-06-09T20:46:03Z,41,2ac0e76c13d1f4ce935c05ef14c4b6f217cf5f89
80414962951,27232199127,Generate and publish ONNX docs,build,completed,success,2026-06-09T19:59:51Z,2026-06-09T20:15:31Z,940,0b07567df6ee5417e44de38dbde8a560eed9c1b6
80414963075,27232199066,Check URLs,build,completed,failure,2026-06-09T19:59:52Z,2026-06-09T20:00:17Z,25,0b07567df6ee5417e44de38dbde8a560eed9c1b6
80413592151,27231799345,Generate and publish ONNX docs,build,completed,success,2026-06-09T19:52:42Z,2026-06-09T20:08:35Z,953,4fc7cc895906b629a136959ca3b5696d0243567f
80410766841,27230984605,Generate and publish ONNX docs,build,completed,success,2026-06-09T19:37:38Z,2026-06-09T19:51:38Z,840,48ca6c8730fd88fe6fd32fa384cf805a584f364c
80406909198,27229888008,Check URLs,build,completed,failure,2026-06-09T19:17:22Z,2026-06-09T19:18:58Z,96,438b0426ddaca869be5236ea2f8dc09d99f6f1ad
80406909164,27229887977,Generate and publish ONNX docs,build,completed,success,2026-06-09T19:17:22Z,2026-06-09T19:31:42Z,860,438b0426ddaca869be5236ea2f8dc09d99f6f1ad
80404291845,27229144752,Generate and publish ONNX docs,build,completed,success,2026-06-09T19:03:35Z,2026-06-09T19:17:41Z,846,d9cf6b655825a3390eb255105be83785fac25e1e
80404162256,27229108888,Check URLs,build,completed,success,2026-06-09T19:02:55Z,2026-06-09T19:03:16Z,21,f4857e1851165f8de6befbf10f0f5d252561a675
80404161654,27229108701,Generate and publish ONNX docs,build,completed,success,2026-06-09T19:02:55Z,2026-06-09T19:19:20Z,985,f4857e1851165f8de6befbf10f0f5d252561a675
80392998357,27225934565,Generate and publish ONNX docs,build,completed,success,2026-06-09T18:05:43Z,2026-06-09T18:20:53Z,910,871df8e4fa015de6cf359296b84c5ae8339c9627
80390822104,27225325341,Generate and publish ONNX docs,build,completed,success,2026-06-09T17:54:38Z,2026-06-09T18:07:24Z,766,abd3d4b164a7480664552a49a03e606030f35548
80376112875,27221183817,Check URLs,build,completed,success,2026-06-09T16:39:17Z,2026-06-09T16:39:36Z,19,b124e0188a8bc47c9de8157e3296df6c77fdc06b
80688496379,27313391182,Generate and publish ONNX docs,build,completed,success,2026-06-10T23:36:51Z,2026-06-10T23:49:37Z,766,8165d4a272f200497015b48a9f61266d55ca77eb
80688496378,27313391251,Check URLs,build,completed,failure,2026-06-10T23:36:50Z,2026-06-10T23:38:26Z,96,8165d4a272f200497015b48a9f61266d55ca77eb
80645871602,27300827661,Check URLs,build,completed,success,2026-06-10T19:29:37Z,2026-06-10T19:30:02Z,25,d63709524dfe0fb63f2807dfd919f12b07d58494
80645871820,27300827654,Generate and publish ONNX docs,build,completed,success,2026-06-10T19:29:37Z,2026-06-10T19:46:44Z,1027,d63709524dfe0fb63f2807dfd919f12b07d58494
80637535579,27298500472,Check URLs,build,completed,success,2026-06-10T18:48:17Z,2026-06-10T18:48:43Z,26,3b477554d179396bf8432e10331432fb52805813
80637533018,27298499796,Generate and publish ONNX docs,build,completed,success,2026-06-10T18:48:16Z,2026-06-10T19:02:06Z,830,3b477554d179396bf8432e10331432fb52805813
80623177070,27294399719,Generate and publish ONNX docs,build,completed,success,2026-06-10T17:38:09Z,2026-06-10T17:52:59Z,890,d253e5dd4bad7300fe84e7b5d546bd0db6cdca86
80623176972,27294399691,Check URLs,build,completed,success,2026-06-10T17:38:10Z,2026-06-10T17:38:34Z,24,d253e5dd4bad7300fe84e7b5d546bd0db6cdca86
80573554355,27280555989,Generate and publish ONNX docs,build,completed,success,2026-06-10T13:42:30Z,2026-06-10T13:58:15Z,945,f211445f409451574fcb827e7bb40db4a725b1ee
80561412068,27277165672,Generate and publish ONNX docs,build,completed,success,2026-06-10T12:45:22Z,2026-06-10T13:00:00Z,878,47e677113f2bba896c024f53ff1d57ab370ea392
80532028920,27268616127,Generate and publish ONNX docs,build,completed,success,2026-06-10T10:01:39Z,2026-06-10T10:15:45Z,846,619d484812dcb111f9aaf66aed4419eeaaed93e4
80529590748,27267905100,Generate and publish ONNX docs,build,completed,success,2026-06-10T09:48:22Z,2026-06-10T10:03:16Z,894,ac73eecced066ab789de6b06ed7480c7115c00ce
80527585086,27267318449,Generate and publish ONNX docs,build,completed,success,2026-06-10T09:37:29Z,2026-06-10T09:52:38Z,909,b8c1b6fe42fb2829e9542a3b0d7827cbae46b50b
80520635653,27265248421,Generate and publish ONNX docs,build,completed,success,2026-06-10T08:59:55Z,2026-06-10T09:15:06Z,911,1c9fe0466fd0029f35fba6efaface2611e684564
80520636785,27265248858,Check URLs,build,completed,success,2026-06-10T08:59:56Z,2026-06-10T09:00:21Z,25,1c9fe0466fd0029f35fba6efaface2611e684564
80795506494,27345406800,Generate and publish ONNX docs,build,completed,success,2026-06-11T12:19:01Z,2026-06-11T12:35:10Z,969,57c3f709548fde936a5dcacf63c4446ef480d254
80784055522,27340122368,Generate and publish ONNX docs,build,completed,success,2026-06-11T11:15:23Z,2026-06-11T11:30:03Z,880,81159ad8a33e828a0b555e61dac63d5e4ea61316
80930076381,27385019788,Generate and publish ONNX docs,build,completed,success,2026-06-11T23:53:48Z,2026-06-12T00:07:25Z,817,ad3ceaa2f2edb0f646158b395ee3b05c2658c69e
80930076401,27385019797,Check URLs,build,completed,success,2026-06-11T23:53:48Z,2026-06-11T23:54:04Z,16,ad3ceaa2f2edb0f646158b395ee3b05c2658c69e
80926473019,27383842759,Generate and publish ONNX docs,build,completed,success,2026-06-11T23:24:21Z,2026-06-11T23:40:05Z,944,246c9c8da951fa024192f1e95fa01321e470c085
80926473079,27383842782,Check URLs,build,completed,success,2026-06-11T23:24:21Z,2026-06-11T23:24:40Z,19,246c9c8da951fa024192f1e95fa01321e470c085
80926026205,27383693807,Check URLs,build,completed,failure,2026-06-11T23:20:47Z,2026-06-11T23:22:41Z,114,f65770726014dc410a69ddce328ba416d4061a03
80926026219,27383693823,Generate and publish ONNX docs,build,completed,success,2026-06-11T23:20:47Z,2026-06-11T23:36:18Z,931,f65770726014dc410a69ddce328ba416d4061a03
80899161306,27375679391,Generate and publish ONNX docs,build,completed,success,2026-06-11T20:34:01Z,2026-06-11T20:47:53Z,832,8f797eea2a8971622167b4baf4092c11eab138d4
80899150810,27375676141,Generate and publish ONNX docs,build,completed,success,2026-06-11T20:33:57Z,2026-06-11T20:48:09Z,852,4dbbbf86cf539eb17b679531de4636951fc41e7a
80892979885,27373874301,Generate and publish ONNX docs,build,completed,success,2026-06-11T20:01:31Z,2026-06-11T20:16:46Z,915,2e8a95b1de1a9110e3aa682b2f9403c93302b237
80946745078,27372714384,Generate and publish ONNX docs,build,completed,success,2026-06-12T02:25:44Z,2026-06-12T02:42:21Z,997,ac1a5043704872e3186ced6e4a78937a96297408
80885458331,27371725004,Check URLs,build,completed,failure,2026-06-11T19:22:02Z,2026-06-11T19:22:23Z,21,a21f2e707313e15399330f39b027ab2d01bada11
80885458457,27371724905,Generate and publish ONNX docs,build,completed,success,2026-06-11T19:22:03Z,2026-06-11T19:36:41Z,878,a21f2e707313e15399330f39b027ab2d01bada11
80880203482,27370218527,Generate and publish ONNX docs,build,completed,success,2026-06-11T18:55:20Z,2026-06-11T19:10:55Z,935,777531d88b75bcd339f0841c7555bd0dbecc92fc
80880203453,27370218489,Check URLs,build,completed,success,2026-06-11T18:55:20Z,2026-06-11T18:55:44Z,24,777531d88b75bcd339f0841c7555bd0dbecc92fc
80853717874,27360713440,Generate and publish ONNX docs,build,completed,success,2026-06-11T16:42:19Z,2026-06-11T16:58:40Z,981,b3cf85f964eaf2604b0bd91f0176f96c1b9ced45
81039657327,27419120181,Check URLs,build,completed,failure,2026-06-12T13:35:40Z,2026-06-12T13:36:01Z,21,e1e82c5448a280b897893c48cd37a43f3732a0c8
81039657611,27419120113,Generate and publish ONNX docs,build,completed,success,2026-06-12T13:35:41Z,2026-06-12T13:50:41Z,900,e1e82c5448a280b897893c48cd37a43f3732a0c8
81036741614,27418283192,Check URLs,build,completed,success,2026-06-12T13:20:19Z,2026-06-12T13:20:38Z,19,9996a14a6c719603def9f882c1c21cde7b41de66
81036741484,27418283201,Generate and publish ONNX docs,build,completed,success,2026-06-12T13:20:19Z,2026-06-12T13:36:02Z,943,9996a14a6c719603def9f882c1c21cde7b41de66
81035692518,27417987037,Generate and publish ONNX docs,build,completed,success,2026-06-12T13:14:38Z,2026-06-12T13:29:53Z,915,64491d6a1154a33d8543903c4f5aaee22bc8b32a
81035692978,27417987097,Check URLs,build,completed,success,2026-06-12T13:14:39Z,2026-06-12T13:14:59Z,20,64491d6a1154a33d8543903c4f5aaee22bc8b32a
80991331103,27404850361,Generate and publish ONNX docs,build,completed,success,2026-06-12T08:41:26Z,2026-06-12T08:56:33Z,907,efedbaa5bd04126392a2ddbcc130302aff7dece5
80991331048,27404850308,Check URLs,build,completed,success,2026-06-12T08:41:26Z,2026-06-12T08:41:59Z,33,efedbaa5bd04126392a2ddbcc130302aff7dece5
80989409891,27404281484,Check URLs,build,completed,success,2026-06-12T08:29:45Z,2026-06-12T08:30:06Z,21,17ac8d7166b93aa6207ab398c348304976c6df32
80989409946,27404281501,Generate and publish ONNX docs,build,completed,success,2026-06-12T08:29:46Z,2026-06-12T08:44:35Z,889,17ac8d7166b93aa6207ab398c348304976c6df32
80987781100,27402268133,Generate and publish ONNX docs,build,completed,success,2026-06-12T08:19:16Z,2026-06-12T08:34:04Z,888,776d6784cdc015331f4a3dfbd1bfec55406a88a8
81137063710,27447959389,Check URLs,build,completed,success,2026-06-12T23:00:51Z,2026-06-12T23:01:07Z,16,516a61417cf3ed0124e949bcffab4f586c50ce04
81137063485,27447959349,Generate and publish ONNX docs,build,completed,success,2026-06-12T23:00:45Z,2026-06-12T23:15:21Z,876,516a61417cf3ed0124e949bcffab4f586c50ce04
81134592932,27447152321,Check URLs,build,completed,success,2026-06-12T22:39:32Z,2026-06-12T22:39:48Z,16,a8380d34ceeca8c3e19abb16ddc27a247c8c41be
81134592908,27447152286,Generate and publish ONNX docs,build,completed,success,2026-06-12T22:39:32Z,2026-06-12T22:55:08Z,936,a8380d34ceeca8c3e19abb16ddc27a247c8c41be
81133621343,27446836367,Generate and publish ONNX docs,build,completed,success,2026-06-12T22:31:44Z,2026-06-12T22:45:58Z,854,64b4f1566c2c93e13e3ef45d1a6c37a0b853bc23
81133621221,27446836342,Check URLs,build,completed,success,2026-06-12T22:31:44Z,2026-06-12T22:32:00Z,16,64b4f1566c2c93e13e3ef45d1a6c37a0b853bc23
81106636772,27438564435,Check URLs,build,completed,success,2026-06-12T19:36:31Z,2026-06-12T19:36:49Z,18,f1fbb053e3e5b3f24cad8316014a9b9e90332fce
81106636843,27438564444,Generate and publish ONNX docs,build,completed,success,2026-06-12T19:36:31Z,2026-06-12T19:51:23Z,892,f1fbb053e3e5b3f24cad8316014a9b9e90332fce
81093922679,27434809089,Generate and publish ONNX docs,build,completed,success,2026-06-12T18:23:28Z,2026-06-12T18:37:52Z,864,1186843134fcaf5c2fb0254af42dbd150f3db6f5
81093922761,27434809054,Check URLs,build,completed,success,2026-06-12T18:23:28Z,2026-06-12T18:23:47Z,19,1186843134fcaf5c2fb0254af42dbd150f3db6f5
81057457443,27424195629,Check URLs,build,completed,success,2026-06-12T15:05:08Z,2026-06-12T15:06:15Z,67,45062c663dd15e4a10e4030361a8139bf6568d30
81057456452,27424195275,Generate and publish ONNX docs,build,completed,success,2026-06-12T15:05:07Z,2026-06-12T15:20:44Z,937,45062c663dd15e4a10e4030361a8139bf6568d30
81044741870,27420568782,Check URLs,build,completed,failure,2026-06-12T14:01:52Z,2026-06-12T14:02:10Z,18,8acd2e500b9031929e4f8637024aa1d280775bbe
81044742054,27420568975,Generate and publish ONNX docs,build,completed,success,2026-06-12T14:01:52Z,2026-06-12T14:16:21Z,869,8acd2e500b9031929e4f8637024aa1d280775bbe
81044153345,27420402867,Check URLs,build,completed,success,2026-06-12T13:58:57Z,2026-06-12T13:59:15Z,18,075d5ff4853b714a92d33bf045612998a4da3c6f
81044153311,27420402648,Generate and publish ONNX docs,build,completed,success,2026-06-12T13:58:57Z,2026-06-12T14:11:58Z,781,075d5ff4853b714a92d33bf045612998a4da3c6f
81163562094,27457089127,Generate and publish ONNX docs,build,completed,success,2026-06-13T04:54:03Z,2026-06-13T05:09:10Z,907,b872a9ddd033e1620fcb47d306d0cbaedc2d03a8
81265290527,27494087983,Generate and publish ONNX docs,build,completed,success,2026-06-14T09:12:31Z,2026-06-14T09:27:13Z,882,193767e2a5726f9e9cb0aacef0533e8d146ff93c
81386680904,27536354027,Check URLs,build,completed,success,2026-06-15T09:18:21Z,2026-06-15T09:18:41Z,20,eda03851c322d0132a937f983cef83fb33c0dd9b
81350874464,27525153116,Generate and publish ONNX docs,build,completed,success,2026-06-15T05:03:15Z,2026-06-15T05:17:49Z,874,17747c94ffbfabd399cf0866eaa17c80ed90a025
81341472480,27521928774,Generate and publish ONNX docs,build,completed,success,2026-06-15T03:18:46Z,2026-06-15T03:33:37Z,891,33de29dba2523178e8f7d9b5d3bf911da1540b14
81341264540,27521863374,Generate and publish ONNX docs,build,completed,success,2026-06-15T03:16:19Z,2026-06-15T03:31:25Z,906,7989b3ca2b8c0b4732e315f5bb689bcb51734903
81390709634,27521863347,Check URLs,build,completed,success,2026-06-15T09:40:17Z,2026-06-15T09:40:35Z,18,7989b3ca2b8c0b4732e315f5bb689bcb51734903
81306168958,27509253028,Generate and publish ONNX docs,build,completed,success,2026-06-14T19:15:44Z,2026-06-14T19:31:38Z,954,a2e8d98c9f886bc581bf9f4030662ae8665f796e
81306155883,27509247982,Generate and publish ONNX docs,build,completed,success,2026-06-14T19:15:27Z,2026-06-14T19:30:32Z,905,07532b38274b125503deb6dee1e97823a91995e9
81303135261,27508170214,Check URLs,build,completed,success,2026-06-14T18:32:58Z,2026-06-14T18:33:18Z,20,33c673a93320c816ddbe4fc610904a27d4732820
81303135336,27508170229,Generate and publish ONNX docs,build,completed,success,2026-06-14T18:32:58Z,2026-06-14T18:46:54Z,836,33c673a93320c816ddbe4fc610904a27d4732820
81303123701,27508166175,Check URLs,build,completed,success,2026-06-14T18:32:43Z,2026-06-14T18:33:03Z,20,1e3a0b7a3c7fd5d2a94b56ae3714f8fd6c271141
81303123697,27508166216,Generate and publish ONNX docs,build,completed,success,2026-06-14T18:32:43Z,2026-06-14T18:46:21Z,818,1e3a0b7a3c7fd5d2a94b56ae3714f8fd6c271141
81720741805,27630332939,Generate and publish ONNX docs,build,completed,success,2026-06-16T17:16:24Z,2026-06-16T17:29:57Z,813,de6ce5f4f735a303057f4ef0ba7d3cf1559777ea
81598141337,27599889304,Check URLs,build,completed,success,2026-06-16T06:55:19Z,2026-06-16T06:55:36Z,17,3e975b4929069e5bed6ea295e33375b035b330f2
81598141144,27599889189,Generate and publish ONNX docs,build,completed,success,2026-06-16T06:55:18Z,2026-06-16T07:10:03Z,885,3e975b4929069e5bed6ea295e33375b035b330f2
81584383752,27595334972,Generate and publish ONNX docs,build,completed,success,2026-06-16T05:02:07Z,2026-06-16T05:16:02Z,835,f5cc4f2a095d9d4030b4289701f2d845afcfc4bb
81584303067,27595308682,Generate and publish ONNX docs,build,completed,success,2026-06-16T05:01:13Z,2026-06-16T05:17:01Z,948,754c761c288319c626b7e194ede4c3a53172390f
81584303011,27595308670,Check URLs,build,completed,failure,2026-06-16T05:01:13Z,2026-06-16T05:01:44Z,31,754c761c288319c626b7e194ede4c3a53172390f
81579909127,27593834801,Generate and publish ONNX docs,build,completed,success,2026-06-16T04:18:15Z,2026-06-16T04:34:23Z,968,2c263394b24563dc83840b8ae1ddcbfdc690c08b
81579908913,27593834780,Check URLs,build,completed,success,2026-06-16T04:18:09Z,2026-06-16T04:18:29Z,20,2c263394b24563dc83840b8ae1ddcbfdc690c08b
81578373041,27593301378,Generate and publish ONNX docs,build,completed,success,2026-06-16T04:03:22Z,2026-06-16T04:18:23Z,901,4455d60cb5c199c07fe2fced5783783c36866055
81578158795,27593223556,Generate and publish ONNX docs,build,completed,success,2026-06-16T04:01:19Z,2026-06-16T04:16:20Z,901,65578bc73abaa2b544f46543498e2e9db6e41b8c
81498385518,27568433771,Check URLs,build,completed,failure,2026-06-15T18:44:24Z,2026-06-15T18:45:59Z,95,2bf934c27a27ed3b80915cf8ae321019c86166d9
81498385619,27568433833,Generate and publish ONNX docs,build,completed,success,2026-06-15T18:44:24Z,2026-06-15T18:59:51Z,927,2bf934c27a27ed3b80915cf8ae321019c86166d9
81464358536,27558656445,Check URLs,build,completed,failure,2026-06-15T15:53:16Z,2026-06-15T15:53:37Z,21,795052c6bfa1621f0eac284620cb591ce8dc25a3
81464358393,27558656639,Generate and publish ONNX docs,build,completed,success,2026-06-15T15:53:10Z,2026-06-15T16:07:59Z,889,795052c6bfa1621f0eac284620cb591ce8dc25a3
81450205125,27554515062,Generate and publish ONNX docs,build,completed,success,2026-06-15T14:48:38Z,2026-06-15T15:04:04Z,926,1859e5ee9b9281d8e61a6de09f8d373175a6fcdf
81414133248,27544450451,Check URLs,build,completed,success,2026-06-15T11:55:01Z,2026-06-15T11:55:20Z,19,2bb50465112feca9003e1ed654d77f01ff1415ca
82115880697,27755406541,Check URLs,build,completed,success,2026-06-18T11:10:29Z,2026-06-18T11:10:37Z,8,ac57ee1f4ce6eca7986723626cb3964d69dd1155
82115880522,27755406471,Generate and publish ONNX docs,build,completed,success,2026-06-18T11:10:30Z,2026-06-18T11:25:22Z,892,ac57ee1f4ce6eca7986723626cb3964d69dd1155
82115683021,27755347468,Check URLs,build,completed,success,2026-06-18T11:09:20Z,2026-06-18T11:09:40Z,20,2c3a956b22f4f00f97caa06904fdda1d746be554
82115683492,27755347555,Generate and publish ONNX docs,build,completed,success,2026-06-18T11:09:20Z,2026-06-18T11:24:17Z,897,2c3a956b22f4f00f97caa06904fdda1d746be554
82114721519,27755059036,Check URLs,build,completed,success,2026-06-18T11:03:43Z,2026-06-18T11:04:03Z,20,4577de4ca15158c6466b3e9ab6feb4257c357f52
82114721506,27755059084,Generate and publish ONNX docs,build,completed,success,2026-06-18T11:03:43Z,2026-06-18T11:18:28Z,885,4577de4ca15158c6466b3e9ab6feb4257c357f52
82114288296,27754929493,Check URLs,build,completed,success,2026-06-18T11:01:10Z,2026-06-18T11:01:30Z,20,fbcde266ad445ee68d1a564a8f1c343e8eeb97ff
82114288057,27754929573,Generate and publish ONNX docs,build,completed,success,2026-06-18T11:01:16Z,2026-06-18T11:15:55Z,879,fbcde266ad445ee68d1a564a8f1c343e8eeb97ff
82099180362,27750409177,Generate and publish ONNX docs,build,completed,success,2026-06-18T09:34:50Z,2026-06-18T09:50:01Z,911,5aa6926448ffddc34472357348767f273ba8223f
82090361714,27747805673,Generate and publish ONNX docs,build,completed,success,2026-06-18T08:46:23Z,2026-06-18T09:00:05Z,822,2e2abafa0848e4ba497fcdfbc52c720b9890bcbb
82090362486,27747805924,Check URLs,build,completed,success,2026-06-18T08:46:24Z,2026-06-18T08:46:47Z,23,2e2abafa0848e4ba497fcdfbc52c720b9890bcbb
82082471036,27745283346,Check URLs,build,completed,success,2026-06-18T08:01:37Z,2026-06-18T08:02:00Z,23,2ae5359286d5a6c0ce904e85a8e141ad04ed568a
82081959001,27745283332,Generate and publish ONNX docs,build,completed,success,2026-06-18T07:58:38Z,2026-06-18T08:12:21Z,823,2ae5359286d5a6c0ce904e85a8e141ad04ed568a
82055048918,27736746877,Generate and publish ONNX docs,build,completed,success,2026-06-18T04:28:57Z,2026-06-18T04:43:33Z,876,7a84e0d900d98239766d6836e764f0fe7da2bb0d
82055015996,27736736465,Generate and publish ONNX docs,build,completed,success,2026-06-18T04:28:30Z,2026-06-18T04:44:43Z,973,ff0c41065e4e5ec48f1a651907ec1815b042d2ce
82055016065,27736736485,Check URLs,build,completed,success,2026-06-18T04:28:30Z,2026-06-18T04:28:48Z,18,ff0c41065e4e5ec48f1a651907ec1815b042d2ce
82052845488,27735995399,Generate and publish ONNX docs,build,completed,success,2026-06-18T04:06:44Z,2026-06-18T04:23:21Z,997,ee52a6c7dd6ddea46584662fd8f50fbb89b5adc3
81976383010,27712364724,Generate and publish ONNX docs,build,completed,success,2026-06-17T18:54:26Z,2026-06-17T19:09:19Z,893,c292980200d8eb460eefe8250910f0b371f7ba03
81972949437,27711358226,Check URLs,build,completed,success,2026-06-17T18:36:42Z,2026-06-17T18:37:06Z,24,e70eec4dc8a73533f3873a4ac29f949a61adeb0b
81972949728,27711358070,Generate and publish ONNX docs,build,completed,success,2026-06-17T18:36:43Z,2026-06-17T18:51:21Z,878,e70eec4dc8a73533f3873a4ac29f949a61adeb0b
81972259665,27711158772,Generate and publish ONNX docs,build,completed,success,2026-06-17T18:33:04Z,2026-06-17T18:47:49Z,885,c7eee8b53409834aadb29e9060569c84686e42be
81972259555,27711158729,Check URLs,build,completed,success,2026-06-17T18:33:04Z,2026-06-17T18:33:27Z,23,c7eee8b53409834aadb29e9060569c84686e42be
81966773869,27709549645,Generate and publish ONNX docs,build,completed,success,2026-06-17T18:04:49Z,2026-06-17T18:20:04Z,915,514c9aa5669a8be868f18021966a5bdb0f30768c
81966762062,27709546287,Check URLs,build,completed,success,2026-06-17T18:04:39Z,2026-06-17T18:05:03Z,24,514c9aa5669a8be868f18021966a5bdb0f30768c
81965515209,27709183697,Generate and publish ONNX docs,build,completed,success,2026-06-17T17:58:24Z,2026-06-17T18:14:37Z,973,af91bc6a2d4595b5810abccb79c57e1f80755e01
81965353263,27709136160,Check URLs,build,completed,failure,2026-06-17T17:57:35Z,2026-06-17T17:59:16Z,101,dd14fc2afe64d49a70d1b43893584322300c9312
81965344176,27709134446,Generate and publish ONNX docs,build,completed,success,2026-06-17T17:57:32Z,2026-06-17T18:11:46Z,854,dd14fc2afe64d49a70d1b43893584322300c9312
81961952661,27708143126,Generate and publish ONNX docs,build,completed,success,2026-06-17T17:40:24Z,2026-06-17T17:54:26Z,842,e3afdd61f294b1af84eb24e013e1f2812155d186
81961886985,27708124355,Generate and publish ONNX docs,build,completed,success,2026-06-17T17:39:59Z,2026-06-17T17:55:16Z,917,7d6db8fe031c855fc54fd062363b958710f903a3
81961887868,27708123834,Generate and publish ONNX docs,build,completed,success,2026-06-17T17:39:59Z,2026-06-17T17:55:24Z,925,1bb52ca98d014e426bf292d542e90ce03737897b
81961645228,27708053718,Generate and publish ONNX docs,build,completed,success,2026-06-17T17:38:51Z,2026-06-17T17:55:11Z,980,c61d2f04bc71e58c4d5761c595fa0d6ceb6846d1
81961614663,27708045120,Generate and publish ONNX docs,build,completed,success,2026-06-17T17:38:36Z,2026-06-17T17:53:17Z,881,44402851712dc43103473d94518d60ef9c0cab33
81961375097,27707975382,Generate and publish ONNX docs,build,completed,success,2026-06-17T17:37:21Z,2026-06-17T17:52:37Z,916,1c589300dc7f81537b274958dbe1e5a426d39ea9
81961374992,27707975414,Check URLs,build,completed,failure,2026-06-17T17:37:21Z,2026-06-17T17:37:45Z,24,1c589300dc7f81537b274958dbe1e5a426d39ea9
82395795529,27839717237,Check URLs,build,completed,success,2026-06-19T17:24:53Z,2026-06-19T17:25:05Z,12,c7db756c30a4169eefc77bcd10c412c237765f9e
82395795440,27839717231,Generate and publish ONNX docs,build,completed,success,2026-06-19T17:24:53Z,2026-06-19T17:39:33Z,880,c7db756c30a4169eefc77bcd10c412c237765f9e
82335602778,27821539540,Generate and publish ONNX docs,build,completed,success,2026-06-19T10:55:33Z,2026-06-19T11:10:56Z,923,239c342ea5dca892dd428ab648c78097799fec87
82308884911,27813448923,Check URLs,build,completed,success,2026-06-19T08:02:23Z,2026-06-19T08:02:36Z,13,7257d95de0f505c4a2988bfcbb39cc00e2633da0
82308879142,27813447094,Generate and publish ONNX docs,build,completed,success,2026-06-19T08:02:20Z,2026-06-19T08:16:38Z,858,7257d95de0f505c4a2988bfcbb39cc00e2633da0
82304206939,27811977804,Check URLs,build,completed,success,2026-06-19T07:29:18Z,2026-06-19T07:29:53Z,35,b475559fbceea0bc70ada62d903b2e463e0063f2
82304206830,27811977802,Generate and publish ONNX docs,build,completed,success,2026-06-19T07:29:19Z,2026-06-19T07:44:36Z,917,b475559fbceea0bc70ada62d903b2e463e0063f2
82260882129,27797669223,Generate and publish ONNX docs,build,completed,success,2026-06-19T00:24:33Z,2026-06-19T00:38:26Z,833,e7cd2952ee315e32f6e410376484c5448ff072f9
82260881941,27797669193,Check URLs,build,completed,failure,2026-06-19T00:24:33Z,2026-06-19T00:26:08Z,95,e7cd2952ee315e32f6e410376484c5448ff072f9
82260781472,27797635666,Generate and publish ONNX docs,build,completed,success,2026-06-19T00:23:37Z,2026-06-19T00:38:21Z,884,16a1463cc84c5c5129a7349378b11ce5200e908d
82260781516,27797635681,Check URLs,build,completed,success,2026-06-19T00:23:37Z,2026-06-19T00:23:52Z,15,16a1463cc84c5c5129a7349378b11ce5200e908d
82258118035,27796757809,Generate and publish ONNX docs,build,completed,success,2026-06-18T23:59:55Z,2026-06-19T00:14:17Z,862,12719ffdfe631edc4bd214724c06c7013d0e9926
82258118130,27796757818,Check URLs,build,completed,failure,2026-06-18T23:59:55Z,2026-06-19T00:00:13Z,18,12719ffdfe631edc4bd214724c06c7013d0e9926
82257444287,27796536742,Generate and publish ONNX docs,build,completed,success,2026-06-18T23:53:38Z,2026-06-19T00:07:52Z,854,0e3377fb4d1fc642ca22708eaa39eef0a91a2db3
82257444157,27796536757,Check URLs,build,completed,success,2026-06-18T23:53:36Z,2026-06-18T23:53:55Z,19,0e3377fb4d1fc642ca22708eaa39eef0a91a2db3
82242403658,27791826262,Generate and publish ONNX docs,build,completed,success,2026-06-18T21:57:19Z,2026-06-18T22:18:22Z,1263,1b3d5cec2b1676c8c4c11cf79d35873ff330965f
82242403797,27791826269,Check URLs,build,completed,success,2026-06-18T21:57:20Z,2026-06-18T21:57:43Z,23,1b3d5cec2b1676c8c4c11cf79d35873ff330965f
82167597653,27770151191,Generate and publish ONNX docs,build,completed,success,2026-06-18T15:23:55Z,2026-06-18T15:39:33Z,938,d772a5efb13c2caee52931ff7f40e04b7cc23a40
82167588239,27770148835,Check URLs,build,completed,failure,2026-06-18T15:23:53Z,2026-06-18T15:24:17Z,24,d772a5efb13c2caee52931ff7f40e04b7cc23a40
82545430444,27895194612,Generate and publish ONNX docs,build,completed,success,2026-06-21T05:51:32Z,2026-06-21T06:05:01Z,809,c83dcc3cfe671d4c18725803259fe42e6032087a
82543736031,27894545573,Generate and publish ONNX docs,build,completed,success,2026-06-21T05:20:19Z,2026-06-21T05:35:31Z,912,47ddb344000a8f075aef6906d60d326d916bef1b
82473277568,27867247072,Check URLs,build,completed,success,2026-06-20T09:38:26Z,2026-06-20T09:38:48Z,22,7084c98e9bb9af716e9adafac130d811192166e3
82473277566,27867247078,Generate and publish ONNX docs,build,completed,success,2026-06-20T09:38:26Z,2026-06-20T09:49:17Z,651,7084c98e9bb9af716e9adafac130d811192166e3
82465091973,27864097850,Generate and publish ONNX docs,build,completed,success,2026-06-20T07:21:20Z,2026-06-20T07:36:23Z,903,577393af8e8e6fa69e36058826f7a9ab20dd308f
82461725269,27862728079,Generate and publish ONNX docs,build,completed,success,2026-06-20T06:26:38Z,2026-06-20T06:40:46Z,848,867d35919c5deed9604bf8eb150ba15e3442a4f3
82461725438,27862728081,Check URLs,build,completed,success,2026-06-20T06:26:38Z,2026-06-20T06:26:51Z,13,867d35919c5deed9604bf8eb150ba15e3442a4f3
82437852482,27853942176,Check URLs,build,completed,success,2026-06-20T00:01:54Z,2026-06-20T00:02:08Z,14,2816da65b11128bec0f3953ccc79884598232348
82437852392,27853942171,Generate and publish ONNX docs,build,completed,success,2026-06-20T00:01:54Z,2026-06-20T00:16:18Z,864,2816da65b11128bec0f3953ccc79884598232348
82437274568,27853728816,Check URLs,build,completed,success,2026-06-19T23:54:27Z,2026-06-19T23:54:38Z,11,be143c1b60390d9ce2760ff9f1e3c965403523b9
82437274537,27853728815,Generate and publish ONNX docs,build,completed,success,2026-06-19T23:54:26Z,2026-06-20T00:08:38Z,852,be143c1b60390d9ce2760ff9f1e3c965403523b9
82437232247,27853713252,Check URLs,build,completed,success,2026-06-19T23:53:51Z,2026-06-19T23:54:04Z,13,cca064262d08487f305e78b95e3d1572754b24d8
82437232119,27853713191,Generate and publish ONNX docs,build,completed,success,2026-06-19T23:53:51Z,2026-06-20T00:09:42Z,951,cca064262d08487f305e78b95e3d1572754b24d8
82432598165,27851989031,Check URLs,build,completed,success,2026-06-19T22:52:33Z,2026-06-19T22:52:45Z,12,921de796b21245ffef3f4b78022bdf283d443017
82432598265,27851989048,Generate and publish ONNX docs,build,completed,success,2026-06-19T22:52:32Z,2026-06-19T23:05:09Z,757,921de796b21245ffef3f4b78022bdf283d443017
82430989330,27851394735,Generate and publish ONNX docs,build,completed,success,2026-06-19T22:33:01Z,2026-06-19T22:47:39Z,878,8bc53246bd44de7cb8ad2aaff95694ec2d028081
82430989239,27851394742,Check URLs,build,completed,success,2026-06-19T22:33:01Z,2026-06-19T22:33:10Z,9,8bc53246bd44de7cb8ad2aaff95694ec2d028081
82684104206,27944024839,Check URLs,build,completed,success,2026-06-22T09:47:16Z,2026-06-22T09:47:25Z,9,04989052c635bed425b81568c6b139d7baa84fd4
82684104400,27944024824,Generate and publish ONNX docs,build,completed,success,2026-06-22T09:47:17Z,2026-06-22T10:01:59Z,882,04989052c635bed425b81568c6b139d7baa84fd4
82676440609,27941710328,Check URLs,build,completed,success,2026-06-22T09:06:16Z,2026-06-22T09:06:28Z,12,81ab435fbf70c5976e98df7ff729e5e2bf666a0b
82676439729,27941710101,Generate and publish ONNX docs,build,completed,success,2026-06-22T09:06:16Z,2026-06-22T09:20:57Z,881,81ab435fbf70c5976e98df7ff729e5e2bf666a0b
82673975153,27940961961,Check URLs,build,completed,success,2026-06-22T08:52:33Z,2026-06-22T08:52:41Z,8,7573d315f0bedc224af98bf9fbfbe464de7a59e2
82673975544,27940962126,Generate and publish ONNX docs,build,completed,success,2026-06-22T08:52:33Z,2026-06-22T09:09:05Z,992,7573d315f0bedc224af98bf9fbfbe464de7a59e2
82630928066,27926894102,Generate and publish ONNX docs,build,completed,success,2026-06-22T03:05:00Z,2026-06-22T03:20:53Z,953,fce5ac9d4047394080b440720eb776bee59949b3
82630928023,27926894099,Check URLs,build,completed,success,2026-06-22T03:05:00Z,2026-06-22T03:05:18Z,18,fce5ac9d4047394080b440720eb776bee59949b3
82623251204,27924159273,Generate and publish ONNX docs,build,completed,success,2026-06-22T01:32:22Z,2026-06-22T01:47:42Z,920,2333e6b67b1503151963f2a1ab8c8b5532758c3e
82620227684,27923094973,Check URLs,build,completed,failure,2026-06-22T00:53:14Z,2026-06-22T00:54:52Z,98,d694b70a59127f96915d3b96f3898aeb706d848e
82620227716,27923095023,Generate and publish ONNX docs,build,completed,success,2026-06-22T00:53:14Z,2026-06-22T01:07:40Z,866,d694b70a59127f96915d3b96f3898aeb706d848e
82616978383,27921907940,Generate and publish ONNX docs,build,completed,success,2026-06-22T00:07:53Z,2026-06-22T00:23:10Z,917,b8d288abb14102b4035adcad7a0038a0d675ff3d
82587276166,27910724948,Check URLs,build,completed,success,2026-06-21T16:38:00Z,2026-06-21T16:38:19Z,19,223b33b08f5130e13a2ff5615a0804f968c58016
82587276180,27910724936,Generate and publish ONNX docs,build,completed,success,2026-06-21T16:38:00Z,2026-06-21T16:55:28Z,1048,223b33b08f5130e13a2ff5615a0804f968c58016
82577643538,27907118534,Generate and publish ONNX docs,build,completed,success,2026-06-21T14:17:07Z,2026-06-21T14:30:57Z,830,22bb6d46e8a671ea79c43154ead344b9099335ef
83221086204,28106222267,Check URLs,build,completed,success,2026-06-24T14:33:37Z,2026-06-24T14:33:48Z,11,e914f965eda3855654520a6fe2bc53bb1b29e395
83221086410,28106222315,Generate and publish ONNX docs,build,completed,success,2026-06-24T14:33:37Z,2026-06-24T14:48:09Z,872,e914f965eda3855654520a6fe2bc53bb1b29e395
83216058015,28104815574,Generate and publish ONNX docs,build,completed,success,2026-06-24T14:11:58Z,2026-06-24T14:28:23Z,985,b177b682e70485d5db6d6de306f1a517214c59ae
83216057670,28104815560,Check URLs,build,completed,success,2026-06-24T14:11:58Z,2026-06-24T14:12:09Z,11,b177b682e70485d5db6d6de306f1a517214c59ae
83152605613,28086176670,Generate and publish ONNX docs,build,completed,success,2026-06-24T08:39:23Z,2026-06-24T08:54:56Z,933,70f22446ec6cbfea0aca91ddcea94392d3ac2a81
83151613140,28085878994,Check URLs,build,completed,success,2026-06-24T08:33:45Z,2026-06-24T08:33:55Z,10,a3d9f536a5f96f1e419e835f53ac2443c87f73ac
83151612887,28085878942,Generate and publish ONNX docs,build,completed,success,2026-06-24T08:33:46Z,2026-06-24T08:49:46Z,960,a3d9f536a5f96f1e419e835f53ac2443c87f73ac
83149132547,28085120502,Generate and publish ONNX docs,build,completed,success,2026-06-24T08:19:27Z,2026-06-24T08:34:47Z,920,e93299ddc6102bd8cd75585f1d2095edb9800319
83140265160,28082419035,Generate and publish ONNX docs,build,completed,success,2026-06-24T07:26:30Z,2026-06-24T07:42:06Z,936,39d22d2544a864335b2987a4de726a6480d4a50d
83178720020,28081866761,Generate and publish ONNX docs,build,completed,success,2026-06-24T11:04:40Z,2026-06-24T11:19:06Z,866,bf7da255698509ad7a71debe01a891a82ec4b4b1
83178720015,28081866773,Check URLs,build,completed,success,2026-06-24T11:04:41Z,2026-06-24T11:04:54Z,13,bf7da255698509ad7a71debe01a891a82ec4b4b1
83136080411,28081119806,Generate and publish ONNX docs,build,completed,success,2026-06-24T06:59:41Z,2026-06-24T07:14:39Z,898,b9caa0e3d3b7de95becff32378194e3ea4c14365
83134289648,28080563179,Generate and publish ONNX docs,build,completed,success,2026-06-24T06:47:15Z,2026-06-24T07:02:48Z,933,bfe5ed447e6fa2216262738f8dab0799e95d0376
83133389385,28080275332,Generate and publish ONNX docs,build,completed,success,2026-06-24T06:40:40Z,2026-06-24T06:53:21Z,761,ceebf013588429c17aca6cc12057709bbf39b85f
83133316579,28080252348,Generate and publish ONNX docs,build,completed,success,2026-06-24T06:40:08Z,2026-06-24T06:54:44Z,876,2d31ea4a5d80cbd8f6e4652aa823b34718759f25
83128529469,28078732917,Generate and publish ONNX docs,build,completed,success,2026-06-24T06:04:19Z,2026-06-24T06:20:18Z,959,3d7223a22449c452d9ea6374d77c33edf612e0f3
83127773396,28078489911,Check URLs,build,completed,success,2026-06-24T05:58:29Z,2026-06-24T05:59:36Z,67,fb69ac0c4d09dcc1958ad73554a62332faa3ccdb
83127773449,28078489895,Generate and publish ONNX docs,build,completed,success,2026-06-24T05:58:29Z,2026-06-24T06:14:49Z,980,fb69ac0c4d09dcc1958ad73554a62332faa3ccdb
83107473361,28071720208,Generate and publish ONNX docs,build,completed,success,2026-06-24T02:50:09Z,2026-06-24T03:07:08Z,1019,89755ec4079634732422ff7ff61bcfbb4b803c50
83105224529,28070964467,Generate and publish ONNX docs,build,completed,success,2026-06-24T02:28:18Z,2026-06-24T02:45:51Z,1053,b279ebeba1429f34eba3eff750ac9760d0a8b864
83103771454,28070469058,Generate and publish ONNX docs,build,completed,success,2026-06-24T02:13:56Z,2026-06-24T02:32:25Z,1109,c3151f150ac9b8f83d497114458b99aaca582dc0
83103650033,28070428016,Generate and publish ONNX docs,build,completed,success,2026-06-24T02:12:48Z,2026-06-24T02:30:01Z,1033,dc26d6cf613a29a1ac03fdfa48f7415fdc7d096a
83100962263,28069521600,Generate and publish ONNX docs,build,completed,success,2026-06-24T01:47:33Z,2026-06-24T02:03:29Z,956,fdcc07b86c0c7a1aff1872c9c5fd1699282de42b
83099928942,28069174465,Generate and publish ONNX docs,build,completed,success,2026-06-24T01:38:08Z,2026-06-24T01:50:33Z,745,aaa91afd60a460a338205cc091dc411c194533b3
83099153677,28068908822,Generate and publish ONNX docs,build,completed,success,2026-06-24T01:30:49Z,2026-06-24T01:47:23Z,994,7585df33719ca3707824e4b6deff219a5530478e
83099094687,28068888398,Generate and publish ONNX docs,build,completed,success,2026-06-24T01:30:17Z,2026-06-24T01:44:40Z,863,1ddb21cb7f370f65d0df34955e8e7a8b89339f88
83094757946,28067447637,Generate and publish ONNX docs,build,completed,success,2026-06-24T00:52:11Z,2026-06-24T01:09:41Z,1050,228da1957bf368e8462a2cdd3526235aed4d8d7b
83094666422,28067415968,Generate and publish ONNX docs,build,completed,success,2026-06-24T00:51:21Z,2026-06-24T01:08:38Z,1037,d02d277a5a983404f3448469ac3c1ca5ec7e9073
83092764580,28066790346,Generate and publish ONNX docs,build,completed,success,2026-06-24T00:34:51Z,2026-06-24T00:52:20Z,1049,3865b6c8b7a046225eb547b7bb3ddf0de773b09f
83091542469,28066399017,Generate and publish ONNX docs,build,completed,success,2026-06-24T00:24:37Z,2026-06-24T00:41:12Z,995,3c8fa627eb725ebdc961590c71e54155442101fa
83091147821,28066270489,Check URLs,build,completed,success,2026-06-24T00:21:22Z,2026-06-24T00:21:31Z,9,e83db7f040e001d942c53cfc4da0a9a95ebf72a7
83091147901,28066270499,Generate and publish ONNX docs,build,completed,success,2026-06-24T00:21:23Z,2026-06-24T00:40:01Z,1118,e83db7f040e001d942c53cfc4da0a9a95ebf72a7
83074634443,28060920902,Generate and publish ONNX docs,build,completed,success,2026-06-23T22:18:31Z,2026-06-23T22:35:30Z,1019,f1897e812c969387e2982487d61c8b16940142e7
83074634362,28060920894,Check URLs,build,completed,success,2026-06-23T22:18:31Z,2026-06-23T22:18:40Z,9,f1897e812c969387e2982487d61c8b16940142e7
83064263954,28057759956,Generate and publish ONNX docs,build,completed,success,2026-06-23T21:18:06Z,2026-06-23T21:35:35Z,1049,8ad34b549f6cd114ff1b32d27deef917bc7e68ce
83063511699,28057536928,Generate and publish ONNX docs,build,completed,success,2026-06-23T21:14:08Z,2026-06-23T21:29:03Z,895,367c46c8b053b872f7f3c8bea9a157d3cebd2669
83061912365,28057058736,Generate and publish ONNX docs,build,completed,success,2026-06-23T21:05:48Z,2026-06-23T21:23:21Z,1053,e68e448173cbf25b930a213d5ec85a46316e87d0
83061486360,28056924077,Generate and publish ONNX docs,build,completed,success,2026-06-23T21:03:40Z,2026-06-23T21:20:52Z,1032,23e08f67696915b93b4075e11dd35e93ecc27739
83060736524,28056699009,Generate and publish ONNX docs,build,completed,failure,2026-06-23T20:59:57Z,2026-06-23T21:00:57Z,60,da5272aa74c8ceb681ac0ec9b069905cb12f3a0d
83055191634,28055062684,Generate and publish ONNX docs,build,completed,success,2026-06-23T20:31:35Z,2026-06-23T20:49:26Z,1071,7186126674e7f3ee9d9070a87170ae045d7779f6
83044610645,28051964870,Generate and publish ONNX docs,build,completed,success,2026-06-23T19:37:35Z,2026-06-23T19:55:32Z,1077,433afe1bf1e9bd33d0954f5c6caf9fc5bff795ba
83043812530,28051735242,Generate and publish ONNX docs,build,completed,success,2026-06-23T19:33:33Z,2026-06-23T19:50:37Z,1024,351d583f4fbc24bd8af220a8595ed51bbd698ce8
83042059766,28051229908,Generate and publish ONNX docs,build,completed,failure,2026-06-23T19:24:40Z,2026-06-23T19:27:40Z,180,d60850fa421bf960167f7939e71a9170c577ef46
83037568294,28049918709,Generate and publish ONNX docs,build,completed,success,2026-06-23T19:01:52Z,2026-06-23T19:17:23Z,931,99c836fe3a142ce560351b60874f1c9781e43ae8
82995576063,28037747023,Generate and publish ONNX docs,build,completed,success,2026-06-23T15:39:50Z,2026-06-23T15:56:14Z,984,6b0356ea7303106cae98e785b6d9828a49ba8fdf
82995571704,28037745949,Check URLs,build,completed,success,2026-06-23T15:39:48Z,2026-06-23T15:39:58Z,10,6b0356ea7303106cae98e785b6d9828a49ba8fdf
82994709123,28037508845,Generate and publish ONNX docs,build,completed,success,2026-06-23T15:35:59Z,2026-06-23T15:51:48Z,949,c537d35d22835c7732e205ba4efb977465e77abe
82994702438,28037507791,Check URLs,build,completed,success,2026-06-23T15:35:57Z,2026-06-23T15:36:06Z,9,c537d35d22835c7732e205ba4efb977465e77abe
82994233179,28037374151,Check URLs,build,completed,success,2026-06-23T15:33:54Z,2026-06-23T15:34:14Z,20,97b3c37ff287ef1f268c5a7e6c3cc7c81cb17ef6
82994227134,28037372613,Generate and publish ONNX docs,build,completed,success,2026-06-23T15:33:53Z,2026-06-23T15:48:45Z,892,97b3c37ff287ef1f268c5a7e6c3cc7c81cb17ef6
82992382723,28036845085,Generate and publish ONNX docs,build,completed,success,2026-06-23T15:25:36Z,2026-06-23T15:41:49Z,973,e7fe94df3264a0485b006169357a50ad82922ce5
82991782294,28036671272,Check URLs,build,completed,success,2026-06-23T15:22:48Z,2026-06-23T15:23:11Z,23,c0160a3fd20c0c46ffc27e2b4f373a456d06b377
82991780019,28036670667,Generate and publish ONNX docs,build,completed,success,2026-06-23T15:22:47Z,2026-06-23T15:40:51Z,1084,c0160a3fd20c0c46ffc27e2b4f373a456d06b377
82931393506,28019323528,Generate and publish ONNX docs,build,completed,success,2026-06-23T10:21:30Z,2026-06-23T10:35:22Z,832,14d431d039dbe1dcc3c7bf968a8c26258756c5f1
82926178491,28017743698,Generate and publish ONNX docs,build,completed,success,2026-06-23T09:52:49Z,2026-06-23T10:03:33Z,644,51ed7802f040788840bce3f682cee4e0a5bfc685
82925676092,28017590548,Generate and publish ONNX docs,build,completed,success,2026-06-23T09:50:06Z,2026-06-23T10:05:33Z,927,f6501bb34b5693e706a462f14d0e582994dcd454
83026211527,28010147782,Check URLs,build,completed,success,2026-06-23T18:05:35Z,2026-06-23T18:05:43Z,8,57ef7014c4b0f8f6d4cdfef5934f62a3e68df598
83026194613,28010147739,Generate and publish ONNX docs,build,completed,success,2026-06-23T18:05:30Z,2026-06-23T18:19:50Z,860,57ef7014c4b0f8f6d4cdfef5934f62a3e68df598
82860938743,27996915175,Check URLs,build,completed,success,2026-06-23T01:58:35Z,2026-06-23T01:58:44Z,9,9095e2b50d0dcd58bfd0eff80902a5756c34f9db
82860938740,27996915178,Generate and publish ONNX docs,build,completed,success,2026-06-23T01:58:35Z,2026-06-23T02:14:42Z,967,9095e2b50d0dcd58bfd0eff80902a5756c34f9db
82855713874,27995154401,Check URLs,build,completed,success,2026-06-23T01:10:29Z,2026-06-23T01:10:41Z,12,9ff60df5153c7e04da2b047b1f81450ff7edaeeb
82855714049,27995154453,Generate and publish ONNX docs,build,completed,success,2026-06-23T01:10:29Z,2026-06-23T01:28:17Z,1068,9ff60df5153c7e04da2b047b1f81450ff7edaeeb
82853732116,27994497909,Check URLs,build,completed,success,2026-06-23T00:53:22Z,2026-06-23T00:53:33Z,11,9b109fef40c0cb7cb039889f550deb608f37d0e8
82853732461,27994497992,Generate and publish ONNX docs,build,completed,success,2026-06-23T00:53:22Z,2026-06-23T01:09:00Z,938,9b109fef40c0cb7cb039889f550deb608f37d0e8
82853670699,27994476663,Check URLs,build,completed,success,2026-06-23T00:52:50Z,2026-06-23T00:53:03Z,13,28efc7fea84c29843df2c0c985901ec840f2e55a
82853670576,27994476666,Generate and publish ONNX docs,build,completed,success,2026-06-23T00:52:50Z,2026-06-23T01:07:42Z,892,28efc7fea84c29843df2c0c985901ec840f2e55a
82852599339,27994124548,Check URLs,build,completed,success,2026-06-23T00:43:39Z,2026-06-23T00:43:55Z,16,4e165a608aa9117ae8a57a9b559a4ff15d9a9464
82852599463,27994124557,Generate and publish ONNX docs,build,completed,success,2026-06-23T00:43:40Z,2026-06-23T00:59:28Z,948,4e165a608aa9117ae8a57a9b559a4ff15d9a9464
82743861960,27961476991,Generate and publish ONNX docs,build,completed,success,2026-06-22T14:48:48Z,2026-06-22T15:05:24Z,996,1e3bcee035b40710a01c538d0ad4827a2d7382e8
82738330823,27959924230,Check URLs,build,completed,success,2026-06-22T14:25:10Z,2026-06-22T14:25:35Z,25,5b9cdd96654c2b60b09412581848c4e0458af906
82738329907,27959923852,Generate and publish ONNX docs,build,completed,success,2026-06-22T14:25:08Z,2026-06-22T14:40:07Z,899,5b9cdd96654c2b60b09412581848c4e0458af906
82725885006,27956412928,Generate and publish ONNX docs,build,completed,success,2026-06-22T13:30:39Z,2026-06-22T13:45:55Z,916,6c543b1050ead07151b24f91680544b7ddf5eb41
82725884705,27956412947,Check URLs,build,completed,success,2026-06-22T13:30:39Z,2026-06-22T13:30:48Z,9,6c543b1050ead07151b24f91680544b7ddf5eb41
82720944614,27954980329,Check URLs,build,completed,success,2026-06-22T13:07:58Z,2026-06-22T13:08:12Z,14,df80107567eec6fc06277065fa0e6cd2033cbd1d
82720944165,27954980186,Generate and publish ONNX docs,build,completed,success,2026-06-22T13:07:58Z,2026-06-22T13:23:14Z,916,df80107567eec6fc06277065fa0e6cd2033cbd1d
83640914655,28232969314,Generate and publish ONNX docs,build,completed,success,2026-06-26T10:40:53Z,2026-06-26T10:56:13Z,920,ba814eac1017d214fd75a82b7e161edd22543c30
83613645623,28224134393,Generate and publish ONNX docs,build,completed,success,2026-06-26T07:46:32Z,2026-06-26T08:02:52Z,980,f275585947873227d98c4d22c89ba89f3d4ecc48
83613644669,28224134386,Check URLs,build,completed,success,2026-06-26T07:46:30Z,2026-06-26T07:46:51Z,21,f275585947873227d98c4d22c89ba89f3d4ecc48
83378817203,28154232034,Generate and publish ONNX docs,build,completed,success,2026-06-25T07:30:21Z,2026-06-25T07:44:56Z,875,bc2b4776c277813944a22b1c67eb7955914c3dc5
83363888613,28149546673,Generate and publish ONNX docs,build,completed,success,2026-06-25T05:43:15Z,2026-06-25T05:58:19Z,904,0f523711b2aeae71cccf6edbf1747d87344b9415
83361161489,28148656428,Generate and publish ONNX docs,build,completed,success,2026-06-25T05:19:16Z,2026-06-25T05:34:23Z,907,0a6529219e6836e942ccd19b043e7dbfcda1962e
83380963042,28143269757,Generate and publish ONNX docs,build,completed,success,2026-06-25T07:43:54Z,2026-06-25T07:59:32Z,938,4662efa4d865b425767c85e7b4b5e227e6011116
83380962084,28143269750,Check URLs,build,completed,success,2026-06-25T07:43:53Z,2026-06-25T07:44:17Z,24,4662efa4d865b425767c85e7b4b5e227e6011116
83305746985,28130659929,Generate and publish ONNX docs,build,completed,success,2026-06-24T21:26:12Z,2026-06-24T21:40:57Z,885,a2d4014f4859b6b3bb65c63f45914956d254b243
83305747672,28130659959,Check URLs,build,completed,success,2026-06-24T21:26:11Z,2026-06-24T21:26:19Z,8,a2d4014f4859b6b3bb65c63f45914956d254b243
83997758618,28355609734,Generate and publish ONNX docs,build,completed,success,2026-06-29T07:24:48Z,2026-06-29T07:41:04Z,976,c34c01c8ffc89b51d7157b92a8684aa697affcfb
83997382487,28355489209,Generate and publish ONNX docs,build,completed,success,2026-06-29T07:22:20Z,2026-06-29T07:36:41Z,861,28a4a18d8df3780c2209f3120413bcb94b576713
83988529693,28352662537,Generate and publish ONNX docs,build,completed,success,2026-06-29T06:19:25Z,2026-06-29T06:33:51Z,866,040b090157aad175e95763dca163e95e41b18639
83984754115,28351364905,Generate and publish ONNX docs,build,completed,success,2026-06-29T05:47:05Z,2026-06-29T06:01:27Z,862,ec08ce9f38cfc02588e25ec52a5399bebc92e2e7
83980632717,28349937322,Generate and publish ONNX docs,build,completed,success,2026-06-29T05:07:24Z,2026-06-29T05:22:10Z,886,243358534fd4199119beec1dade295aab1bf8494
83980393819,28349852912,Generate and publish ONNX docs,build,completed,success,2026-06-29T05:05:00Z,2026-06-29T05:18:53Z,833,98f22a0a90ed7d2fcd7005df2f0bee4d8d708596
83972285964,28346998093,Check URLs,build,completed,success,2026-06-29T03:37:42Z,2026-06-29T03:38:05Z,23,0069a9bbdb41527a287b64bcae7325ea0e7b3518
83972285996,28346998117,Generate and publish ONNX docs,build,completed,failure,2026-06-29T03:37:42Z,2026-06-29T03:40:17Z,155,0069a9bbdb41527a287b64bcae7325ea0e7b3518
83967680407,28345422774,Check URLs,build,completed,success,2026-06-29T02:47:34Z,2026-06-29T02:47:44Z,10,66c357e7ebcfef1c241a7eec1fc5ed8c222ede42
83967680485,28345422771,Generate and publish ONNX docs,build,completed,success,2026-06-29T02:47:35Z,2026-06-29T03:05:33Z,1078,66c357e7ebcfef1c241a7eec1fc5ed8c222ede42
83961993771,28343373174,Generate and publish ONNX docs,build,completed,success,2026-06-29T01:40:53Z,2026-06-29T01:56:20Z,927,410fba836e678f70734b7a98384e9f2ee7ec3d00
83960525034,28342853669,Generate and publish ONNX docs,build,completed,success,2026-06-29T01:23:29Z,2026-06-29T01:39:13Z,944,e5a394a38215e738749aafa696bb175eafb87bbb
83960525024,28342853675,Check URLs,build,completed,success,2026-06-29T01:23:31Z,2026-06-29T01:23:54Z,23,e5a394a38215e738749aafa696bb175eafb87bbb
83928552698,28330819379,Generate and publish ONNX docs,build,completed,success,2026-06-28T17:50:23Z,2026-06-28T18:03:28Z,785,c039ef6d092e4eb45539687d09120e6d9734962f
83928552743,28330819394,Check URLs,build,completed,success,2026-06-28T17:50:23Z,2026-06-28T17:50:38Z,15,c039ef6d092e4eb45539687d09120e6d9734962f
83927591978,28330447025,Generate and publish ONNX docs,build,completed,success,2026-06-28T17:36:16Z,2026-06-28T17:51:01Z,885,d35541a0f57626347ddf619f805de4caca974e1c
83920553533,28327744484,Generate and publish ONNX docs,build,completed,success,2026-06-28T15:55:36Z,2026-06-28T16:10:49Z,913,8c4af95b5c42830f8c5555c4c89f721a7de7067c
83920553629,28327744482,Check URLs,build,completed,success,2026-06-28T15:55:37Z,2026-06-28T15:55:50Z,13,8c4af95b5c42830f8c5555c4c89f721a7de7067c
83917952564,28326752906,Generate and publish ONNX docs,build,completed,success,2026-06-28T15:18:51Z,2026-06-28T15:33:44Z,893,cc39e201d445b2ca26ff12c27b7fa5a1fbb7af18
83917557143,28326599059,Generate and publish ONNX docs,build,completed,success,2026-06-28T15:13:10Z,2026-06-28T15:26:29Z,799,95555add73886f4d6997044eebfdaf8d8d2053da
83916847382,28326326176,Generate and publish ONNX docs,build,completed,success,2026-06-28T15:03:11Z,2026-06-28T15:18:28Z,917,715eca00e3ce2170f3f0e8ae268be9a0ab7e5143
83916847437,28326326192,Check URLs,build,completed,success,2026-06-28T15:03:11Z,2026-06-28T15:03:18Z,7,715eca00e3ce2170f3f0e8ae268be9a0ab7e5143
83916089870,28326030475,Check URLs,build,completed,success,2026-06-28T14:52:35Z,2026-06-28T14:52:45Z,10,7251b47c83ae06ef19a098b0ee090dfb4292ca6c
83916089893,28326030472,Generate and publish ONNX docs,build,completed,success,2026-06-28T14:52:35Z,2026-06-28T15:05:53Z,798,7251b47c83ae06ef19a098b0ee090dfb4292ca6c
83903791700,28321372828,Check URLs,build,completed,success,2026-06-28T11:54:15Z,2026-06-28T11:54:28Z,13,1cc5e05db6e7b0807dc5e68e3bf97318932bd958
83903791735,28321372837,Generate and publish ONNX docs,build,completed,failure,2026-06-28T11:54:15Z,2026-06-28T11:56:55Z,160,1cc5e05db6e7b0807dc5e68e3bf97318932bd958
83900325632,28320057010,Check URLs,build,completed,success,2026-06-28T11:01:10Z,2026-06-28T11:01:23Z,13,9467e7526c0a973bdd4061b54f143753624da1e1
83900325598,28320057000,Generate and publish ONNX docs,build,completed,success,2026-06-28T11:01:11Z,2026-06-28T11:15:28Z,857,9467e7526c0a973bdd4061b54f143753624da1e1
83892916383,28317324131,Check URLs,build,completed,success,2026-06-28T09:04:02Z,2026-06-28T09:04:16Z,14,771762a1afd487a73476dec43160451b20af47c6
83892916419,28317324139,Generate and publish ONNX docs,build,completed,success,2026-06-28T09:04:02Z,2026-06-28T09:18:30Z,868,771762a1afd487a73476dec43160451b20af47c6
83892435672,28317151247,Generate and publish ONNX docs,build,completed,success,2026-06-28T08:56:44Z,2026-06-28T09:12:08Z,924,77aff1c4fa117e966caa405bd114c0f5aca4e18a
83891135645,28316672628,Generate and publish ONNX docs,build,completed,success,2026-06-28T08:35:34Z,2026-06-28T08:51:28Z,954,6a9e1b0f5657fd42e333111488f156995bc84c06
83891135661,28316672615,Check URLs,build,completed,success,2026-06-28T08:35:34Z,2026-06-28T08:35:46Z,12,6a9e1b0f5657fd42e333111488f156995bc84c06
83891106727,28316661536,Generate and publish ONNX docs,build,completed,success,2026-06-28T08:35:08Z,2026-06-28T08:52:00Z,1012,ccf8c9551dd711dc7caaec93c8a1ea3ac3f5ad9b
83891106720,28316661521,Check URLs,build,completed,success,2026-06-28T08:35:08Z,2026-06-28T08:35:15Z,7,ccf8c9551dd711dc7caaec93c8a1ea3ac3f5ad9b
83890781906,28316540856,Check URLs,build,completed,success,2026-06-28T08:30:02Z,2026-06-28T08:30:10Z,8,c163a6cf44b6a1f4fc2162ee4c1596652efe3986
83890781881,28316540875,Generate and publish ONNX docs,build,completed,success,2026-06-28T08:30:03Z,2026-06-28T08:44:12Z,849,c163a6cf44b6a1f4fc2162ee4c1596652efe3986
83887735460,28315453394,Generate and publish ONNX docs,build,completed,success,2026-06-28T07:42:23Z,2026-06-28T07:56:20Z,837,a143b11a05f6928df9fdb9af10d59108d2e11f07
83874179765,28310405541,Generate and publish ONNX docs,build,completed,success,2026-06-28T03:45:02Z,2026-06-28T03:59:33Z,871,447ed3c924da7cc7f2d1dc06765a46109dfbe63b
83873180391,28310044399,Generate and publish ONNX docs,build,completed,success,2026-06-28T03:27:12Z,2026-06-28T03:42:09Z,897,c0f09acd513d6c6c31af0d3564e99c4fcecec2de
83871209996,28309368087,Generate and publish ONNX docs,build,completed,success,2026-06-28T02:54:45Z,2026-06-28T03:09:41Z,896,7870f22ca176fd4516be468b0885c2dbcbb85701
83871206484,28309366851,Generate and publish ONNX docs,build,completed,success,2026-06-28T02:54:40Z,2026-06-28T03:10:20Z,940,1c841aff980852d015159010e2996d6446c13e76
83870338561,28309038411,Generate and publish ONNX docs,build,completed,success,2026-06-28T02:38:08Z,2026-06-28T02:54:09Z,961,ba79c8c830ce65bdd3895db4ae0365bdd2e9b56f
83870079900,28308941128,Generate and publish ONNX docs,build,completed,success,2026-06-28T02:33:14Z,2026-06-28T02:47:56Z,882,c02c6ad92c2505b09e3eaaabddadbdc53658f0ea
83869983844,28308905772,Generate and publish ONNX docs,build,completed,success,2026-06-28T02:31:31Z,2026-06-28T02:46:20Z,889,f10a16b99828c9ecaf3631d156ba67402197e955
83869534962,28308734440,Generate and publish ONNX docs,build,completed,success,2026-06-28T02:23:02Z,2026-06-28T02:37:39Z,877,fa36ba141c9f41667e19a0817c3bcaaef8559a70
83868881132,28308486214,Check URLs,build,completed,success,2026-06-28T02:10:21Z,2026-06-28T02:10:28Z,7,19a4e032739ba58204a1ec0183e4395e5a6cd056
83868881119,28308486217,Generate and publish ONNX docs,build,completed,success,2026-06-28T02:10:21Z,2026-06-28T02:25:13Z,892,19a4e032739ba58204a1ec0183e4395e5a6cd056
83868697564,28308417146,Generate and publish ONNX docs,build,completed,success,2026-06-28T02:07:12Z,2026-06-28T02:20:04Z,772,bcdd1f65bee84e5a39ec95cf5fca91c6388eef2c
83866819365,28307710051,Check URLs,build,completed,success,2026-06-28T01:33:26Z,2026-06-28T01:33:34Z,8,d31141e6e0e32080a4859e802de5c92355a71ede
83866819542,28307710041,Generate and publish ONNX docs,build,completed,success,2026-06-28T01:33:27Z,2026-06-28T01:46:53Z,806,d31141e6e0e32080a4859e802de5c92355a71ede
83855608328,28303456976,Generate and publish ONNX docs,build,completed,success,2026-06-27T22:16:30Z,2026-06-27T22:31:07Z,877,f523958e6a0b80d147456bdb65bbfd50f37147c9
83854562608,28303049482,Generate and publish ONNX docs,build,completed,success,2026-06-27T21:59:18Z,2026-06-27T22:14:54Z,936,26d62db94047005e5797d4c914dfe95821a56a28
83836763158,28296323263,Generate and publish ONNX docs,build,completed,success,2026-06-27T17:21:01Z,2026-06-27T17:36:48Z,947,f6b447ce4a39da500f6d287c7cc10056db3811f7
83836763107,28296323261,Check URLs,build,completed,failure,2026-06-27T17:21:01Z,2026-06-27T17:21:10Z,9,f6b447ce4a39da500f6d287c7cc10056db3811f7
83836433645,28296198082,Generate and publish ONNX docs,build,completed,success,2026-06-27T17:15:51Z,2026-06-27T17:30:36Z,885,30acf32d8d953813136f3f03c78c8eb14368a0df
83836433609,28296198090,Check URLs,build,completed,success,2026-06-27T17:15:51Z,2026-06-27T17:16:00Z,9,30acf32d8d953813136f3f03c78c8eb14368a0df
83835987396,28296029724,Generate and publish ONNX docs,build,completed,success,2026-06-27T17:09:06Z,2026-06-27T17:25:35Z,989,3967e73ca76c110378912103e3f26ddc1a49dfb6
83835987385,28296029723,Check URLs,build,completed,success,2026-06-27T17:09:05Z,2026-06-27T17:09:13Z,8,3967e73ca76c110378912103e3f26ddc1a49dfb6
83835537602,28295861789,Generate and publish ONNX docs,build,completed,success,2026-06-27T17:02:04Z,2026-06-27T17:16:21Z,857,54ddd3b0c147c136a57c08bf52c37cf8d90d357d
83835537626,28295861809,Check URLs,build,completed,success,2026-06-27T17:02:04Z,2026-06-27T17:02:12Z,8,54ddd3b0c147c136a57c08bf52c37cf8d90d357d
83915243726,28295662679,Generate and publish ONNX docs,build,completed,success,2026-06-28T14:40:36Z,2026-06-28T14:54:47Z,851,915a8b0efa41aa794232c67d07955e766883a2f2
83834585568,28295499019,Generate and publish ONNX docs,build,completed,success,2026-06-27T16:47:30Z,2026-06-27T17:03:15Z,945,ff8d2d677aa6e0efdab777072e2659ec03a7c741
83834569657,28295492595,Check URLs,build,completed,success,2026-06-27T16:47:15Z,2026-06-27T16:47:31Z,16,1523de3915603a41224a75f590bdb2eb06df3968
83834569720,28295492601,Generate and publish ONNX docs,build,completed,success,2026-06-27T16:47:15Z,2026-06-27T17:02:06Z,891,1523de3915603a41224a75f590bdb2eb06df3968
83833756146,28295178122,Generate and publish ONNX docs,build,completed,success,2026-06-27T16:34:51Z,2026-06-27T16:49:42Z,891,f79b3d1edbb55df3caa8ad2856d3547e72b787fe
83833756174,28295178095,Check URLs,build,completed,success,2026-06-27T16:34:52Z,2026-06-27T16:35:05Z,13,f79b3d1edbb55df3caa8ad2856d3547e72b787fe
83831882915,28294460096,Generate and publish ONNX docs,build,completed,success,2026-06-27T16:06:19Z,2026-06-27T16:21:40Z,921,8a2f250ad8e33fc7aa1fdc6a2b05fba56b0f7d0e
83831883041,28294460114,Check URLs,build,completed,success,2026-06-27T16:06:18Z,2026-06-27T16:06:36Z,18,8a2f250ad8e33fc7aa1fdc6a2b05fba56b0f7d0e
83830398881,28293888538,Generate and publish ONNX docs,build,completed,success,2026-06-27T15:43:52Z,2026-06-27T15:57:23Z,811,87ee399f6f236c048f69e2c0dd3d04d1b4c37327
83830399000,28293888548,Check URLs,build,completed,failure,2026-06-27T15:43:52Z,2026-06-27T15:44:07Z,15,87ee399f6f236c048f69e2c0dd3d04d1b4c37327
83826952437,28292563910,Generate and publish ONNX docs,build,completed,success,2026-06-27T14:50:45Z,2026-06-27T15:03:55Z,790,91e36715e20173414ad43ee045f733d0fbcbc80a
83728527210,28258768529,Generate and publish ONNX docs,build,completed,success,2026-06-26T18:53:10Z,2026-06-26T19:07:23Z,853,1491d696516ef032ba69d69d797a13f38affacbd
83833648034,28257721293,Generate and publish ONNX docs,build,completed,success,2026-06-27T16:33:12Z,2026-06-27T16:47:30Z,858,6ad12052284ee4ed8819aae0086ba330d743d367
83663912992,28239913708,Generate and publish ONNX docs,build,completed,success,2026-06-26T13:05:23Z,2026-06-26T13:19:58Z,875,6108817474f7c61cac2360a1b0223f6286c12934
83663912923,28239913687,Check URLs,build,completed,failure,2026-06-26T13:05:23Z,2026-06-26T13:05:41Z,18,6108817474f7c61cac2360a1b0223f6286c12934
83662460524,28239483467,Generate and publish ONNX docs,build,completed,success,2026-06-26T12:57:24Z,2026-06-26T13:12:14Z,890,f92a771a2ff1b1f8608596fb3aa796768e6f0742
84770908691,28590007661,Check URLs,build,completed,failure,2026-07-02T12:28:51Z,2026-07-02T12:29:00Z,9,d2587ec8022becbe9495aff29cd5fe0542bbebcd
84770908399,28590007607,Generate and publish ONNX docs,build,completed,failure,2026-07-02T12:28:52Z,2026-07-02T12:29:19Z,27,d2587ec8022becbe9495aff29cd5fe0542bbebcd
84769879866,28589698526,Check URLs,build,completed,failure,2026-07-02T12:23:36Z,2026-07-02T12:23:47Z,11,773395052b381d5b30a3646cffacf09d46b91ac9
84769881116,28589698413,Generate and publish ONNX docs,build,completed,failure,2026-07-02T12:23:36Z,2026-07-02T12:23:59Z,23,773395052b381d5b30a3646cffacf09d46b91ac9
84762834031,28587438368,Check URLs,build,completed,failure,2026-07-02T11:46:57Z,2026-07-02T11:47:08Z,11,be424cca4ee91efd522675de79eab58ff5212efa
84762835844,28587438429,Generate and publish ONNX docs,build,completed,failure,2026-07-02T11:46:57Z,2026-07-02T11:47:15Z,18,be424cca4ee91efd522675de79eab58ff5212efa
84753510631,28584774063,Generate and publish ONNX docs,build,completed,success,2026-07-02T10:56:24Z,2026-07-02T11:11:08Z,884,6317e22f7af1ae4df2e0bfba59465d1ebc24f1ea
84751056824,28584042485,Check URLs,build,completed,failure,2026-07-02T10:43:03Z,2026-07-02T10:43:11Z,8,9bd020392741f978853a8df23f67142f11dadff8
84751056771,28584042429,Generate and publish ONNX docs,build,completed,failure,2026-07-02T10:43:04Z,2026-07-02T10:43:30Z,26,9bd020392741f978853a8df23f67142f11dadff8
84750101902,28583756645,Generate and publish ONNX docs,build,completed,success,2026-07-02T10:37:42Z,2026-07-02T10:52:39Z,897,b2e2ba260d6e84b58459d69419a8088a43d310e6
84749515749,28583579746,Generate and publish ONNX docs,build,completed,success,2026-07-02T10:34:28Z,2026-07-02T10:48:55Z,867,1a4ee39c863557aa5a8cfb0dd4027fb97939d6bb
84711253096,28571867880,Check URLs,build,completed,success,2026-07-02T07:04:05Z,2026-07-02T07:04:14Z,9,a5934724a474d61f09bdc012bbd32d0520f1d667
84711253199,28571867894,Generate and publish ONNX docs,build,completed,success,2026-07-02T07:04:07Z,2026-07-02T07:20:33Z,986,a5934724a474d61f09bdc012bbd32d0520f1d667
84696789935,28567191254,Generate and publish ONNX docs,build,completed,success,2026-07-02T05:15:50Z,2026-07-02T05:32:31Z,1001,6722590f25abaa0273fe86cce0b87ac4e0b960ca
84691619018,28565427629,Generate and publish ONNX docs,build,completed,success,2026-07-02T04:28:30Z,2026-07-02T04:42:29Z,839,d4cdb90d434365448cd1d5a00fcd673fbc431881
84690061928,28564905077,Generate and publish ONNX docs,build,completed,success,2026-07-02T04:14:09Z,2026-07-02T04:29:08Z,899,29f3349de8f0911f294f57db15ed3aec270949f4
84690062013,28564905066,Check URLs,build,completed,success,2026-07-02T04:14:08Z,2026-07-02T04:14:25Z,17,29f3349de8f0911f294f57db15ed3aec270949f4
84689290403,28564633850,Generate and publish ONNX docs,build,completed,success,2026-07-02T04:07:20Z,2026-07-02T04:22:43Z,923,26fbb514cd2f4919e01cc40a1f1abdeffca2652c
84682876718,28562505668,Generate and publish ONNX docs,build,completed,success,2026-07-02T03:07:37Z,2026-07-02T03:21:35Z,838,4148c0555b8b561cd9973772d9a2c6ad8451998f
84682476592,28562373360,Generate and publish ONNX docs,build,completed,success,2026-07-02T03:04:05Z,2026-07-02T03:18:34Z,869,7dec54b9e401fd0fef4332525e5a5b5f2b86c77b
84679810485,28561461462,Generate and publish ONNX docs,build,completed,success,2026-07-02T02:38:25Z,2026-07-02T02:54:51Z,986,7960ae104662e19e2e94bfcb5354c325861b0618
84678363044,28560965853,Generate and publish ONNX docs,build,completed,success,2026-07-02T02:24:25Z,2026-07-02T02:39:42Z,917,5ef0911e82f3925cd85ee23406820eecc607e957
84678286421,28560940121,Generate and publish ONNX docs,build,completed,success,2026-07-02T02:23:31Z,2026-07-02T02:37:55Z,864,17b4da7e378241844637bb821435e34c885fde52
84671597637,28558673861,Check URLs,build,completed,success,2026-07-02T01:18:58Z,2026-07-02T01:19:15Z,17,ddf08c8e093707dee888e2da3dbf4e50a35cb560
84671597515,28558673841,Generate and publish ONNX docs,build,completed,success,2026-07-02T01:18:59Z,2026-07-02T01:34:20Z,921,ddf08c8e093707dee888e2da3dbf4e50a35cb560
84645774910,28550334794,Generate and publish ONNX docs,build,completed,success,2026-07-01T21:55:59Z,2026-07-01T22:10:47Z,888,46bc6fb9904b58cffbedcb7a58182dbb28cc4c35
84605036371,28538239524,Check URLs,build,completed,success,2026-07-01T18:13:02Z,2026-07-01T18:13:23Z,21,aad79a99f5d0937b4f0ea7dd68073583e83159e7
84605036640,28538239509,Generate and publish ONNX docs,build,completed,success,2026-07-01T18:13:02Z,2026-07-01T18:28:37Z,935,aad79a99f5d0937b4f0ea7dd68073583e83159e7
84595205525,28535355065,Generate and publish ONNX docs,build,completed,success,2026-07-01T17:21:08Z,2026-07-01T17:35:29Z,861,9ecfe9cc345a320ccd94551eef07f61cafdb1b30
84595058116,28535311966,Generate and publish ONNX docs,build,completed,success,2026-07-01T17:20:21Z,2026-07-01T17:35:03Z,882,66ff9b1a8e10bb9ade885c2231693945995b9106
84594923170,28535272542,Generate and publish ONNX docs,build,completed,success,2026-07-01T17:19:40Z,2026-07-01T17:36:08Z,988,592bad248c1d78851395db47b87f5d551f8ca83a
84594353067,28535103671,Check URLs,build,completed,success,2026-07-01T17:16:40Z,2026-07-01T17:16:47Z,7,e2492a4baf621f7a73b9cde3bd4716de35d034bc
84594353673,28535103949,Generate and publish ONNX docs,build,completed,success,2026-07-01T17:16:40Z,2026-07-01T17:31:16Z,876,e2492a4baf621f7a73b9cde3bd4716de35d034bc
84594127186,28535038654,Generate and publish ONNX docs,build,completed,success,2026-07-01T17:15:30Z,2026-07-01T17:28:34Z,784,0b8b0e707722dd28303e93282e37348a8fbf4f9c
84594128297,28535038892,Check URLs,build,completed,success,2026-07-01T17:15:32Z,2026-07-01T17:15:56Z,24,0b8b0e707722dd28303e93282e37348a8fbf4f9c
84591296796,28534218117,Generate and publish ONNX docs,build,completed,success,2026-07-01T17:00:46Z,2026-07-01T17:15:30Z,884,3495af744400d9e620ce57e61bad4a0d6f3648bc
84589613142,28533728342,Check URLs,build,completed,success,2026-07-01T16:52:07Z,2026-07-01T16:52:28Z,21,3442c1ef61d229f4b02b5920356c791386e56f77
84589613255,28533728307,Generate and publish ONNX docs,build,completed,success,2026-07-01T16:52:07Z,2026-07-01T17:08:33Z,986,3442c1ef61d229f4b02b5920356c791386e56f77
84583749251,28532028376,Generate and publish ONNX docs,build,completed,success,2026-07-01T16:22:06Z,2026-07-01T16:36:57Z,891,28e07546eaf45851757ed653786f4714c5ec62c8
84583703543,28532015444,Generate and publish ONNX docs,build,completed,success,2026-07-01T16:21:53Z,2026-07-01T16:37:32Z,939,33a8a43f726ce11e3cc575d1f3b4b728514997b7
84578913594,28530643020,Check URLs,build,completed,success,2026-07-01T15:58:25Z,2026-07-01T15:58:38Z,13,6be661881ee9fb6ebc1a7ab088dea786a3a8b77a
84578917133,28530643060,Generate and publish ONNX docs,build,completed,success,2026-07-01T15:58:26Z,2026-07-01T16:14:30Z,964,6be661881ee9fb6ebc1a7ab088dea786a3a8b77a
84578448727,28530509911,Generate and publish ONNX docs,build,completed,success,2026-07-01T15:56:13Z,2026-07-01T16:09:11Z,778,6ce73bc6c837947043eb7f2812ee403159d6c6cf
84575360598,28529625110,Check URLs,build,completed,success,2026-07-01T15:41:45Z,2026-07-01T15:41:59Z,14,5bf1394157a5a937ebb692f950463bb4a86140a7
84575359071,28529624541,Generate and publish ONNX docs,build,completed,success,2026-07-01T15:41:44Z,2026-07-01T15:56:31Z,887,5bf1394157a5a937ebb692f950463bb4a86140a7
84572849697,28528917820,Generate and publish ONNX docs,build,completed,success,2026-07-01T15:30:15Z,2026-07-01T15:45:50Z,935,3f416b4a72562aea4dd15f1e37eba8d53d7c9e47
84572849253,28528917807,Check URLs,build,completed,success,2026-07-01T15:30:15Z,2026-07-01T15:30:22Z,7,3f416b4a72562aea4dd15f1e37eba8d53d7c9e47
84570667911,28528298438,Generate and publish ONNX docs,build,completed,success,2026-07-01T15:20:37Z,2026-07-01T15:35:59Z,922,37b1aca7ae8dbc0458beafce31e4825af632944a
84570517362,28528255662,Generate and publish ONNX docs,build,completed,success,2026-07-01T15:19:59Z,2026-07-01T15:34:48Z,889,c084a89705edc1cc44832625b6c35345a3db3493
84570516970,28528255148,Check URLs,build,completed,success,2026-07-01T15:19:58Z,2026-07-01T15:20:09Z,11,c084a89705edc1cc44832625b6c35345a3db3493
84570406302,28528223224,Generate and publish ONNX docs,build,completed,success,2026-07-01T15:19:28Z,2026-07-01T15:35:18Z,950,d76478e89a620211408497f4b4eeef705bcbab4b
84570406999,28528223333,Check URLs,build,completed,success,2026-07-01T15:19:27Z,2026-07-01T15:19:35Z,8,d76478e89a620211408497f4b4eeef705bcbab4b
84570311084,28528196255,Generate and publish ONNX docs,build,completed,success,2026-07-01T15:19:02Z,2026-07-01T15:32:53Z,831,1f4ced472a48c1da0ebb343860037d8ae81fca8b
84570310909,28528196200,Check URLs,build,completed,success,2026-07-01T15:19:01Z,2026-07-01T15:19:20Z,19,1f4ced472a48c1da0ebb343860037d8ae81fca8b
84567177228,28527319241,Generate and publish ONNX docs,build,completed,success,2026-07-01T15:05:11Z,2026-07-01T15:19:30Z,859,703f3fa981c4ec3bf96526a4965a58f0705d9d1f
84567102500,28527298445,Check URLs,build,completed,success,2026-07-01T15:04:52Z,2026-07-01T15:05:35Z,43,b9f6fa6b263d714255d1512926c5262757c4b86d
84567103108,28527298505,Generate and publish ONNX docs,build,completed,success,2026-07-01T15:04:52Z,2026-07-01T15:19:17Z,865,b9f6fa6b263d714255d1512926c5262757c4b86d
84567045040,28527282135,Generate and publish ONNX docs,build,completed,success,2026-07-01T15:04:39Z,2026-07-01T15:20:32Z,953,e43d3a4375a6b804b250d6961bb802c0a66270a6
84567044642,28527281981,Check URLs,build,completed,success,2026-07-01T15:04:37Z,2026-07-01T15:04:57Z,20,e43d3a4375a6b804b250d6961bb802c0a66270a6
84566997218,28527269074,Generate and publish ONNX docs,build,completed,success,2026-07-01T15:04:24Z,2026-07-01T15:19:16Z,892,93b68acd9669c7d5240fe282ce03bc606b656612
84566713582,28527192370,Generate and publish ONNX docs,build,completed,success,2026-07-01T15:03:12Z,2026-07-01T15:19:32Z,980,093c75ed1836d770072c2f5517fd6d04bf611d17
84532605737,28517440238,Generate and publish ONNX docs,build,completed,success,2026-07-01T12:27:20Z,2026-07-01T12:42:58Z,938,cd80ab7fc06ac0cbc4bb3f1462a0d4febf46ec2b
84527945181,28516048068,Generate and publish ONNX docs,build,completed,success,2026-07-01T12:02:35Z,2026-07-01T12:18:03Z,928,185384792e498ccbadc4e145cc9432ce235b371a
84505391906,28509297839,Generate and publish ONNX docs,build,completed,success,2026-07-01T09:57:55Z,2026-07-01T10:13:25Z,930,aeb6c9654410de36a311a49324bf3df8d75dc054
84505391693,28509297830,Check URLs,build,completed,success,2026-07-01T09:57:54Z,2026-07-01T09:58:07Z,13,aeb6c9654410de36a311a49324bf3df8d75dc054
84505138635,28509223715,Generate and publish ONNX docs,build,completed,success,2026-07-01T09:56:36Z,2026-07-01T10:11:25Z,889,a10b3621d3d4827ffce9a2be22279211bb09aee5
84505138437,28509223709,Check URLs,build,completed,success,2026-07-01T09:56:37Z,2026-07-01T09:56:49Z,12,a10b3621d3d4827ffce9a2be22279211bb09aee5
84431546642,28485694496,Check URLs,build,completed,success,2026-07-01T00:48:52Z,2026-07-01T00:49:12Z,20,5e059dbeff839bf4e1a4234e7c9cfc2d98b862b7
84427558994,28484388175,Generate and publish ONNX docs,build,completed,success,2026-07-01T00:14:21Z,2026-07-01T00:29:36Z,915,72d86b658ab3b4b9e0bc748d3efa019dc0f8541f
84427050238,28484214865,Generate and publish ONNX docs,build,completed,success,2026-07-01T00:10:09Z,2026-07-01T00:25:06Z,897,5e059dbeff839bf4e1a4234e7c9cfc2d98b862b7
84427050260,28484214887,Check URLs,build,completed,success,2026-07-01T00:10:09Z,2026-07-01T00:10:22Z,13,5e059dbeff839bf4e1a4234e7c9cfc2d98b862b7
84426800130,28484131057,Generate and publish ONNX docs,build,completed,success,2026-07-01T00:08:08Z,2026-07-01T00:24:38Z,990,5bb9e164b0f87384772e3e2f2ca7e76ec6467245
84426799687,28484131060,Check URLs,build,completed,success,2026-07-01T00:08:08Z,2026-07-01T00:08:24Z,16,5bb9e164b0f87384772e3e2f2ca7e76ec6467245
84340668793,28458776595,Generate and publish ONNX docs,build,completed,success,2026-06-30T16:10:33Z,2026-06-30T16:24:54Z,861,35796405895a513b795719b2978540b034cd72f1
84334735785,28457091731,Generate and publish ONNX docs,build,completed,success,2026-06-30T15:44:53Z,2026-06-30T16:01:25Z,992,3ae8d251eab0812203001ca285e25efbfc2b3ea8
84334124294,28456918597,Check URLs,build,completed,success,2026-06-30T15:42:12Z,2026-06-30T15:42:19Z,7,8fba37cf78f95bc759a2ba978be5a5b9007f0af5
84334124021,28456918618,Generate and publish ONNX docs,build,completed,success,2026-06-30T15:42:12Z,2026-06-30T15:56:56Z,884,8fba37cf78f95bc759a2ba978be5a5b9007f0af5
84326961700,28454922169,Generate and publish ONNX docs,build,completed,success,2026-06-30T15:11:56Z,2026-06-30T15:27:22Z,926,cd544b1c2492c466d574e1a18671495a0bd4723f
84326961551,28454922197,Check URLs,build,completed,success,2026-06-30T15:11:56Z,2026-06-30T15:12:09Z,13,cd544b1c2492c466d574e1a18671495a0bd4723f
84323846927,28454056189,Generate and publish ONNX docs,build,completed,success,2026-06-30T14:59:09Z,2026-06-30T15:15:25Z,976,6c30e3c38679978fc74d470c90c1c198c7135271
84322556952,28453699052,Check URLs,build,completed,success,2026-06-30T14:53:55Z,2026-06-30T14:54:04Z,9,ca4f618aa3d7c36e4ba9454cb184816d0b5c2f16
84322554712,28453698565,Generate and publish ONNX docs,build,completed,success,2026-06-30T14:53:55Z,2026-06-30T15:09:06Z,911,ca4f618aa3d7c36e4ba9454cb184816d0b5c2f16
84287260603,28435065240,Generate and publish ONNX docs,build,completed,success,2026-06-30T12:16:52Z,2026-06-30T12:31:56Z,904,3fe5eafe200e59ea001826c9c24ab274393b3733
84206549346,28418507901,Generate and publish ONNX docs,build,completed,success,2026-06-30T03:36:41Z,2026-06-30T03:50:25Z,824,b1dc78899aa37957c3d4e0bd85eedb95579e7de3
84200225420,28416433871,Generate and publish ONNX docs,build,completed,success,2026-06-30T02:36:19Z,2026-06-30T02:50:34Z,855,62dfd84868630c7aa4a140cf5f3a22fd15d7a563
84178269969,28409170567,Generate and publish ONNX docs,build,completed,success,2026-06-29T23:21:02Z,2026-06-29T23:36:22Z,920,f320feb96b88ad895541b7caaa63ea1c8000423e
84178270093,28409170581,Check URLs,build,completed,success,2026-06-29T23:21:01Z,2026-06-29T23:21:19Z,18,f320feb96b88ad895541b7caaa63ea1c8000423e
84160543389,28403538026,Generate and publish ONNX docs,build,completed,success,2026-06-29T21:22:21Z,2026-06-29T21:36:54Z,873,6fae565bce50feb056a10767cd7492d73186a4a2
84134150174,28395814982,Generate and publish ONNX docs,build,completed,success,2026-06-29T19:01:59Z,2026-06-29T19:16:06Z,847,b66e81fcee5ca2bd3b9fd4ec0836afb6c5987219
84097851906,28385178328,Generate and publish ONNX docs,build,completed,success,2026-06-29T15:56:20Z,2026-06-29T16:10:58Z,878,4c192454f87bd1a5e1e4209323dc2f1622b512e5
85272674176,28756592554,Check URLs,build,completed,success,2026-07-06T00:08:39Z,2026-07-06T00:08:49Z,10,c310d5e93cdf7ad3f4bf5eeec5055f730666334b
85272673924,28756592583,Generate and publish ONNX docs,build,completed,success,2026-07-06T00:08:39Z,2026-07-06T00:23:05Z,866,c310d5e93cdf7ad3f4bf5eeec5055f730666334b
85243286567,28748444692,Generate and publish ONNX docs,build,completed,success,2026-07-05T17:08:53Z,2026-07-05T17:21:52Z,779,c11e177f7752d62b09daf5a10465f7a9d43d1d8e
85241728009,28747850175,Generate and publish ONNX docs,build,completed,success,2026-07-05T16:46:53Z,2026-07-05T17:02:11Z,918,262d2cf700155adbe3a431f8ae1367bae8d7549d
85241728008,28747850184,Check URLs,build,completed,success,2026-07-05T16:46:55Z,2026-07-05T16:47:08Z,13,262d2cf700155adbe3a431f8ae1367bae8d7549d
85214873262,28737749091,Generate and publish ONNX docs,build,completed,success,2026-07-05T10:29:18Z,2026-07-05T10:39:36Z,618,279ade3a9458d9ad7a472ffd2a005ec00c7ae25e
85213852238,28737362300,Generate and publish ONNX docs,build,completed,success,2026-07-05T10:14:02Z,2026-07-05T10:26:38Z,756,cb9546ac7402aefc21f544f40e654579d04ca89e
85213397593,28737192783,Generate and publish ONNX docs,build,completed,success,2026-07-05T10:07:08Z,2026-07-05T10:22:11Z,903,aaf9493472f433f7459e03c6a519d88ac9347584
85212571630,28736889265,Generate and publish ONNX docs,build,completed,success,2026-07-05T09:54:45Z,2026-07-05T10:11:52Z,1027,4b0494fc79a9291cfaa84d50187d67293fecfd13
85211577386,28736519169,Generate and publish ONNX docs,build,completed,success,2026-07-05T09:39:35Z,2026-07-05T09:54:51Z,916,56c3ef8dac5bf00d0f5b647bff08a89c5d04f22a
85198693314,28731784150,Check URLs,build,completed,success,2026-07-05T06:18:45Z,2026-07-05T06:19:07Z,22,28487453e76391124ac224df4a3ee3a237c6a25c
85198693255,28731784121,Generate and publish ONNX docs,build,completed,success,2026-07-05T06:18:46Z,2026-07-05T06:34:01Z,915,28487453e76391124ac224df4a3ee3a237c6a25c
85198069652,28731575180,Generate and publish ONNX docs,build,completed,success,2026-07-05T06:09:23Z,2026-07-05T06:24:40Z,917,17bf363469e8a5e8760deb16f500312bba509bbc
85184467030,28726401434,Generate and publish ONNX docs,build,completed,success,2026-07-05T02:02:36Z,2026-07-05T02:17:54Z,918,dc086706ce06815b60e29a63a0fcf6253c8e9963
85183540467,28726047743,Generate and publish ONNX docs,build,completed,failure,2026-07-05T01:45:56Z,2026-07-05T01:47:05Z,69,6de019ab84fd535d458017f44bf0587c0583471b
85151384692,28713717038,Generate and publish ONNX docs,build,completed,success,2026-07-04T17:15:43Z,2026-07-04T17:30:00Z,857,bcfa5149795bacad2b0cfeabce3a4ef693726132
85241648719,28711721795,Generate and publish ONNX docs,build,completed,success,2026-07-05T16:45:43Z,2026-07-05T17:00:46Z,903,cf5670546fb9929de8c7100cc6d64883fcd7d7d1
85241649053,28711721829,Check URLs,build,completed,success,2026-07-05T16:45:44Z,2026-07-05T16:45:58Z,14,cf5670546fb9929de8c7100cc6d64883fcd7d7d1
85110277968,28697743138,Generate and publish ONNX docs,build,completed,success,2026-07-04T06:29:28Z,2026-07-04T06:44:01Z,873,a1125b48ad0c9a83e670cf1e69d70a8fc8beb3be
84984333753,28655413136,Generate and publish ONNX docs,build,completed,success,2026-07-03T10:51:09Z,2026-07-03T11:05:56Z,887,6b92446a000721418a74f9bf581c8a1a1da195b7
84984332471,28655413112,Check URLs,build,completed,success,2026-07-03T10:51:07Z,2026-07-03T10:51:21Z,14,6b92446a000721418a74f9bf581c8a1a1da195b7
84971091373,28651716266,Check URLs,build,completed,success,2026-07-03T09:31:12Z,2026-07-03T09:31:20Z,8,8c7034884b6beeaa95fb68044f89023d02cd2f0f
84971091063,28651716121,Generate and publish ONNX docs,build,completed,success,2026-07-03T09:31:12Z,2026-07-03T09:47:33Z,981,8c7034884b6beeaa95fb68044f89023d02cd2f0f
84969544492,28651246606,Check URLs,build,completed,failure,2026-07-03T09:22:21Z,2026-07-03T09:22:28Z,7,b2e18a5fa43c9644636c4e4fbf908629d2e28d09
84969544366,28651246593,Generate and publish ONNX docs,build,completed,success,2026-07-03T09:22:22Z,2026-07-03T09:37:01Z,879,b2e18a5fa43c9644636c4e4fbf908629d2e28d09
84968527803,28650939855,Generate and publish ONNX docs,build,completed,success,2026-07-03T09:16:33Z,2026-07-03T09:30:52Z,859,5c1a4f1c774e2813a718516a75a85cccba2151cb
84968527679,28650939824,Check URLs,build,completed,failure,2026-07-03T09:16:34Z,2026-07-03T09:16:48Z,14,5c1a4f1c774e2813a718516a75a85cccba2151cb
84966963691,28650456969,Generate and publish ONNX docs,build,completed,success,2026-07-03T09:07:40Z,2026-07-03T09:22:31Z,891,874d9483aab9abbd51dec62f273a0fc190c47303
84966963855,28650456994,Check URLs,build,completed,failure,2026-07-03T09:07:39Z,2026-07-03T09:07:50Z,11,874d9483aab9abbd51dec62f273a0fc190c47303
84961855269,28648877089,Check URLs,build,completed,failure,2026-07-03T08:37:19Z,2026-07-03T08:37:32Z,13,9f1b9d24f4102cc25b86c86ae4ef0f5d50d2b5d6
84961855445,28648877138,Generate and publish ONNX docs,build,completed,success,2026-07-03T08:37:19Z,2026-07-03T08:52:19Z,900,9f1b9d24f4102cc25b86c86ae4ef0f5d50d2b5d6
84961425561,28648742977,Check URLs,build,completed,failure,2026-07-03T08:34:38Z,2026-07-03T08:34:46Z,8,c9cbb8b201194b90fb078637694ffa3186fa166f
84961425283,28648742909,Generate and publish ONNX docs,build,completed,success,2026-07-03T08:34:39Z,2026-07-03T08:49:01Z,862,c9cbb8b201194b90fb078637694ffa3186fa166f
84958106273,28647692242,Generate and publish ONNX docs,build,completed,success,2026-07-03T08:13:42Z,2026-07-03T08:27:47Z,845,463d0000d37a4828e3cf1037615206b039832d53
84958106545,28647692297,Check URLs,build,completed,failure,2026-07-03T08:13:42Z,2026-07-03T08:13:52Z,10,463d0000d37a4828e3cf1037615206b039832d53
84958084065,28647684946,Generate and publish ONNX docs,build,completed,success,2026-07-03T08:13:33Z,2026-07-03T08:28:25Z,892,984610051fc300af180dbabafef2eb5d26f6c92e
84958084087,28647684919,Check URLs,build,completed,failure,2026-07-03T08:13:34Z,2026-07-03T08:13:44Z,10,984610051fc300af180dbabafef2eb5d26f6c92e
84939873002,28641930325,Generate and publish ONNX docs,build,completed,success,2026-07-03T06:06:21Z,2026-07-03T06:21:33Z,912,bc5c92ee361af19be78079a07e26764aacde36b7
84934631620,28640222534,Check URLs,build,completed,success,2026-07-03T05:20:43Z,2026-07-03T05:20:57Z,14,3ed93c060f55c9da68dd3224dad01cc7ffcf91fc
84934631858,28640222591,Generate and publish ONNX docs,build,completed,success,2026-07-03T05:20:42Z,2026-07-03T05:33:56Z,794,3ed93c060f55c9da68dd3224dad01cc7ffcf91fc
84930342717,28638724610,Generate and publish ONNX docs,build,completed,success,2026-07-03T04:37:00Z,2026-07-03T04:51:03Z,843,a3a55e2e45470f78ce7ebf6a1d4afc02a1c7f95a
84930342962,28638724663,Check URLs,build,completed,success,2026-07-03T04:37:00Z,2026-07-03T04:37:14Z,14,a3a55e2e45470f78ce7ebf6a1d4afc02a1c7f95a
84930296591,28638709816,Generate and publish ONNX docs,build,completed,success,2026-07-03T04:36:31Z,2026-07-03T04:52:22Z,951,3dfa37f577acec8fd3e2d0e01403e34b23c8b707
84930296467,28638709808,Check URLs,build,completed,success,2026-07-03T04:36:30Z,2026-07-03T04:36:39Z,9,3dfa37f577acec8fd3e2d0e01403e34b23c8b707
84930286224,28638706239,Generate and publish ONNX docs,build,completed,success,2026-07-03T04:36:23Z,2026-07-03T04:50:43Z,860,93d9002262cc040a4f89269d87aeb149b97e3558
84930286220,28638706217,Check URLs,build,completed,success,2026-07-03T04:36:23Z,2026-07-03T04:36:32Z,9,93d9002262cc040a4f89269d87aeb149b97e3558
84929985398,28638600334,Generate and publish ONNX docs,build,completed,success,2026-07-03T04:33:12Z,2026-07-03T04:47:47Z,875,ad9b4a914b8594d5f4c9faa1fa9836a50b483516
84929985334,28638600326,Check URLs,build,completed,success,2026-07-03T04:33:12Z,2026-07-03T04:33:30Z,18,ad9b4a914b8594d5f4c9faa1fa9836a50b483516
84928907137,28638234145,Generate and publish ONNX docs,build,completed,success,2026-07-03T04:22:21Z,2026-07-03T04:36:20Z,839,f560e4f07dd0791800cf2a2ae3fb640ed19b806b
84923734003,28636446938,Generate and publish ONNX docs,build,completed,success,2026-07-03T03:28:54Z,2026-07-03T03:43:47Z,893,9889d26267caf4a076b0949ab8c65bae5f3d4793
84922567391,28636065362,Generate and publish ONNX docs,build,completed,success,2026-07-03T03:17:05Z,2026-07-03T03:31:30Z,865,477f95ae042c967cf3095ee046ad5c1516e458a5
84921929164,28635856571,Generate and publish ONNX docs,build,completed,success,2026-07-03T03:10:57Z,2026-07-03T03:23:29Z,752,6670e285706b027ed28f91737862f9187e32a684
84916608082,28634027466,Generate and publish ONNX docs,build,completed,success,2026-07-03T02:16:10Z,2026-07-03T02:32:27Z,977,7cf1c42c84492f9307ae73a0f46e2d4db20ee14b
84916216566,28633892552,Generate and publish ONNX docs,build,completed,success,2026-07-03T02:12:13Z,2026-07-03T02:27:39Z,926,0f2907b069c7a39a553db28ab2424cd61c52fb3c
84911950042,28632447440,Generate and publish ONNX docs,build,completed,success,2026-07-03T01:30:02Z,2026-07-03T01:44:09Z,847,3a9f56d7691f62b562ee6a81b9c3fbacafbac8b7
84911762083,28632382372,Generate and publish ONNX docs,build,completed,failure,2026-07-03T01:28:06Z,2026-07-03T01:28:14Z,8,eadb190fc85ad7d775fa9dff2696c433426a8db9
84911762011,28632382374,Check URLs,build,completed,failure,2026-07-03T01:28:06Z,2026-07-03T01:28:14Z,8,eadb190fc85ad7d775fa9dff2696c433426a8db9
84907880234,28631069519,Generate and publish ONNX docs,build,completed,success,2026-07-03T00:50:30Z,2026-07-03T01:04:04Z,814,90b748c84c2cd2a5cbf50abfae4d93d559218ed4
84907631187,28630986263,Generate and publish ONNX docs,build,completed,success,2026-07-03T00:48:09Z,2026-07-03T01:03:29Z,920,c52eda8c7684a2d536d717d6d5efd428bd1439fb
84907382396,28630904565,Generate and publish ONNX docs,build,completed,success,2026-07-03T00:45:46Z,2026-07-03T01:01:16Z,930,5f9e057f6b5e7eaa67bac71cd037c531335d17ea
84907235593,28630855519,Generate and publish ONNX docs,build,completed,success,2026-07-03T00:44:25Z,2026-07-03T00:59:04Z,879,8944286133de20e8f2b7e867cd62787f678f00bd
85182121141,28627209457,Check URLs,build,completed,success,2026-07-05T01:20:33Z,2026-07-05T01:20:49Z,16,d2cba6a6fa961ed6548974d31703b8968dfa8ab4
85182120908,28627209442,Generate and publish ONNX docs,build,completed,success,2026-07-05T01:20:33Z,2026-07-05T01:35:42Z,909,d2cba6a6fa961ed6548974d31703b8968dfa8ab4
84900431542,28624570323,Check URLs,build,completed,success,2026-07-02T23:42:14Z,2026-07-02T23:42:22Z,8,ce97689595b23d87124d4e0437c1333bf2ea0200
84900432448,28624570382,Generate and publish ONNX docs,build,completed,success,2026-07-02T23:42:15Z,2026-07-02T23:58:30Z,975,ce97689595b23d87124d4e0437c1333bf2ea0200
84886572308,28624115004,Check URLs,build,completed,success,2026-07-02T21:56:47Z,2026-07-02T21:57:06Z,19,9ba853366aed4a12502fa56bfc2cc3510119be50
84886572558,28624115103,Generate and publish ONNX docs,build,completed,success,2026-07-02T21:56:48Z,2026-07-02T22:11:24Z,876,9ba853366aed4a12502fa56bfc2cc3510119be50
84843428105,28611083496,Check URLs,build,completed,success,2026-07-02T18:00:17Z,2026-07-02T18:00:40Z,23,b02603c0af29fd0ebc48976b8ad5633dc6f12399
84843427938,28611083412,Generate and publish ONNX docs,build,completed,success,2026-07-02T18:00:17Z,2026-07-02T18:15:46Z,929,b02603c0af29fd0ebc48976b8ad5633dc6f12399
84842078567,28610680951,Generate and publish ONNX docs,build,completed,success,2026-07-02T17:53:27Z,2026-07-02T18:09:05Z,938,058eb192a29a35b66d8ce4fd1e93ba144959a0a1
84839466925,28609906912,Generate and publish ONNX docs,build,completed,failure,2026-07-02T17:40:15Z,2026-07-02T17:40:41Z,26,054ead89b64d0c1d0322ff3dc282f826dbb8f0a0
84839467604,28609906958,Check URLs,build,completed,failure,2026-07-02T17:40:15Z,2026-07-02T17:40:21Z,6,054ead89b64d0c1d0322ff3dc282f826dbb8f0a0
84829986023,28607084596,Generate and publish ONNX docs,build,completed,success,2026-07-02T16:52:35Z,2026-07-02T17:08:28Z,953,0482ecbb14f4ec9d2cb7f8621e03a69918bcd7da
84852627464,28607020613,Generate and publish ONNX docs,build,completed,success,2026-07-02T18:47:04Z,2026-07-02T19:02:02Z,898,54b8a91cfd73b6295bff62f221d1c44621252410
84852626088,28607020488,Check URLs,build,completed,success,2026-07-02T18:47:03Z,2026-07-02T18:47:26Z,23,54b8a91cfd73b6295bff62f221d1c44621252410
84887168598,28605665506,Check URLs,build,completed,success,2026-07-02T22:00:44Z,2026-07-02T22:00:58Z,14,07b8b6b1a29e5ffe0509ab781ff7be6f7c1bb524
84887169251,28605665508,Generate and publish ONNX docs,build,completed,success,2026-07-02T22:00:44Z,2026-07-02T22:15:55Z,911,07b8b6b1a29e5ffe0509ab781ff7be6f7c1bb524
84823965166,28605335116,Generate and publish ONNX docs,build,completed,success,2026-07-02T16:23:25Z,2026-07-02T16:40:33Z,1028,35c573992cc19d9d27c24952b56b51fa7a4f2a91
84816852163,28603287890,Generate and publish ONNX docs,build,completed,success,2026-07-02T15:50:49Z,2026-07-02T16:06:23Z,934,ca9e70a32296eadf896a6b0aa18a8bfa9701b9ae
84816269016,28603122979,Generate and publish ONNX docs,build,completed,success,2026-07-02T15:48:12Z,2026-07-02T16:01:53Z,821,00e3a0db02fa1c2e8552ff23e005beed0bcb64f8
84814042423,28602481407,Generate and publish ONNX docs,build,completed,success,2026-07-02T15:38:18Z,2026-07-02T15:53:28Z,910,95e85d7a21cb8ec8a13c90f77689821d2e1f6dde
84809292878,28601125916,Generate and publish ONNX docs,build,completed,success,2026-07-02T15:17:35Z,2026-07-02T15:35:21Z,1066,4c5b0d91c4ccf290e9f1b0565fbca0bfd5c12385
84809292923,28601125914,Check URLs,build,completed,success,2026-07-02T15:17:35Z,2026-07-02T15:17:57Z,22,4c5b0d91c4ccf290e9f1b0565fbca0bfd5c12385
85324124429,28777272276,Generate and publish ONNX docs,build,completed,success,2026-07-06T08:10:09Z,2026-07-06T08:26:27Z,978,fc2c8d795308832ca7fbb77e7fb9267493b2b5ff
85606006302,28862994741,Check URLs,build,completed,success,2026-07-07T11:33:37Z,2026-07-07T11:33:50Z,13,faeab11405d4d65e06070a71b788cfdc2871c9b4
85606006164,28862994734,Generate and publish ONNX docs,build,completed,success,2026-07-07T11:33:37Z,2026-07-07T11:48:21Z,884,faeab11405d4d65e06070a71b788cfdc2871c9b4
85605892165,28862958770,Check URLs,build,completed,success,2026-07-07T11:32:59Z,2026-07-07T11:33:13Z,14,f813bb9deea00fc888bc798076209600e689aabf
85605891834,28862958754,Generate and publish ONNX docs,build,completed,success,2026-07-07T11:32:59Z,2026-07-07T11:48:09Z,910,f813bb9deea00fc888bc798076209600e689aabf
85603165777,28862151626,Check URLs,build,completed,success,2026-07-07T11:18:35Z,2026-07-07T11:18:56Z,21,7f2ad820f6fef08f4eb3fb16aaf9a32781eda7e1
85603166054,28862151700,Generate and publish ONNX docs,build,completed,success,2026-07-07T11:18:36Z,2026-07-07T11:33:40Z,904,7f2ad820f6fef08f4eb3fb16aaf9a32781eda7e1
85599505751,28861071055,Generate and publish ONNX docs,build,completed,success,2026-07-07T10:59:14Z,2026-07-07T11:14:35Z,921,c481182acac8eaffbb909b1a70e89f3c5524b67c
85599247776,28860995298,Check URLs,build,completed,success,2026-07-07T10:57:49Z,2026-07-07T10:57:58Z,9,fcf7290474a292454e0a6581de00b1e9c217d927
85599247995,28860995314,Generate and publish ONNX docs,build,completed,success,2026-07-07T10:57:49Z,2026-07-07T11:16:41Z,1132,fcf7290474a292454e0a6581de00b1e9c217d927
85589962148,28858221112,Generate and publish ONNX docs,build,completed,success,2026-07-07T10:06:53Z,2026-07-07T10:22:12Z,919,8b2d1dc67c6a14581821adc39d53bfd16d7f14e0
85589961476,28858220987,Check URLs,build,completed,success,2026-07-07T10:06:53Z,2026-07-07T10:07:18Z,25,8b2d1dc67c6a14581821adc39d53bfd16d7f14e0
85586274389,28857106876,Generate and publish ONNX docs,build,completed,success,2026-07-07T09:47:45Z,2026-07-07T10:03:09Z,924,2eb8aea9b7d0742e751af5c56efbd8714bff7868
85578408497,28854752061,Generate and publish ONNX docs,build,completed,success,2026-07-07T09:07:37Z,2026-07-07T09:21:41Z,844,7ba53c05c19150c6d58b1417fbc5b6fe2c615097
85578408038,28854751956,Check URLs,build,completed,success,2026-07-07T09:07:36Z,2026-07-07T09:07:45Z,9,7ba53c05c19150c6d58b1417fbc5b6fe2c615097
85564221367,28850461608,Check URLs,build,completed,failure,2026-07-07T07:51:26Z,2026-07-07T07:51:50Z,24,dd4b0e90bd5bde23c31911106e7dc3eb79101a6c
85564221398,28850461622,Generate and publish ONNX docs,build,completed,success,2026-07-07T07:51:26Z,2026-07-07T08:06:16Z,890,dd4b0e90bd5bde23c31911106e7dc3eb79101a6c
85563866930,28850188908,Check URLs,build,completed,success,2026-07-07T07:49:21Z,2026-07-07T07:49:44Z,23,3eaae176ad1c2c219e55ab74cc2bf372e40468d0
85563319608,28850188878,Generate and publish ONNX docs,build,completed,success,2026-07-07T07:46:10Z,2026-07-07T08:01:18Z,908,3eaae176ad1c2c219e55ab74cc2bf372e40468d0
85550953328,28846303622,Generate and publish ONNX docs,build,completed,success,2026-07-07T06:28:04Z,2026-07-07T06:41:28Z,804,558496f4a01dd1d3549f125ccc269656d03fc11a
85550862232,28846275636,Generate and publish ONNX docs,build,completed,success,2026-07-07T06:27:23Z,2026-07-07T06:42:03Z,880,4b86ee4c4a65a822e612b1a7a0f1df390d29645b
85548660665,28845595207,Generate and publish ONNX docs,build,completed,success,2026-07-07T06:11:55Z,2026-07-07T06:27:27Z,932,b6d038f9622cfe913b5020bb7ee6b50934ba3930
85547994065,28845390791,Generate and publish ONNX docs,build,completed,success,2026-07-07T06:07:06Z,2026-07-07T06:22:29Z,923,45a9774311f8a55d999d0967e5148e0e1d9a01e5
85547772249,28845318683,Generate and publish ONNX docs,build,completed,success,2026-07-07T06:05:29Z,2026-07-07T06:23:17Z,1068,cc41bd713a095e059cb586da11260609f976d3b4
85545696933,28844652336,Generate and publish ONNX docs,build,completed,success,2026-07-07T05:49:20Z,2026-07-07T06:06:18Z,1018,ff271bd54a840a7eaba1942cc24903927e7c2c43
85545696996,28844652353,Check URLs,build,completed,success,2026-07-07T05:49:20Z,2026-07-07T05:49:28Z,8,ff271bd54a840a7eaba1942cc24903927e7c2c43
85544576938,28844277144,Generate and publish ONNX docs,build,completed,success,2026-07-07T05:39:54Z,2026-07-07T05:55:08Z,914,55f7823fa8c25aea78da7c3d5a87c1fd4490266b
85542109308,28843457013,Generate and publish ONNX docs,build,completed,success,2026-07-07T05:19:05Z,2026-07-07T05:34:27Z,922,78512304ee4b1ffa3d817a391123359f6c6735cd
85520043708,28836072003,Generate and publish ONNX docs,build,completed,success,2026-07-07T01:57:33Z,2026-07-07T02:12:23Z,890,964b886d46d337fa775c6e4012a90534b28cd3ca
85520043683,28836071987,Check URLs,build,completed,success,2026-07-07T01:57:33Z,2026-07-07T01:57:42Z,9,964b886d46d337fa775c6e4012a90534b28cd3ca
85508119422,28832148561,Generate and publish ONNX docs,build,completed,success,2026-07-07T00:12:19Z,2026-07-07T00:28:09Z,950,4a4e4c37d231a53d4bd66dc34352a71ec7f1d56d
85506842558,28831722181,Generate and publish ONNX docs,build,completed,success,2026-07-07T00:01:53Z,2026-07-07T00:16:21Z,868,2faec0bb45d02f743f9117cf99a7734e0cb9a337
85489170198,28826030933,Generate and publish ONNX docs,build,completed,success,2026-07-06T21:57:12Z,2026-07-06T22:11:44Z,872,143ed37505950f5481f303bbc70f7a1f6bfdd976
85484007489,28824457018,Generate and publish ONNX docs,build,completed,success,2026-07-06T21:27:45Z,2026-07-06T21:41:11Z,806,3dc23c379bb74a039d90a2ab112e5f79ff2641cd
85461838284,28817868292,Generate and publish ONNX docs,build,completed,success,2026-07-06T19:34:53Z,2026-07-06T19:47:32Z,759,89df687e617ee7fd21e5fd683faad3e84d24e377
85455053122,28815885825,Generate and publish ONNX docs,build,completed,success,2026-07-06T18:58:25Z,2026-07-06T19:13:35Z,910,89dcb746bacb01cd3414ddf117f1626abea83074
85450189001,28814453429,Check URLs,build,completed,success,2026-07-06T18:34:39Z,2026-07-06T18:34:46Z,7,caeaeecfe0daba3aec78ccdea7500b5dd6c9ad58
85450189559,28814453641,Generate and publish ONNX docs,build,completed,success,2026-07-06T18:34:41Z,2026-07-06T18:49:29Z,888,caeaeecfe0daba3aec78ccdea7500b5dd6c9ad58
85422543958,28806284888,Generate and publish ONNX docs,build,completed,success,2026-07-06T16:18:59Z,2026-07-06T16:35:11Z,972,09feb5d7c96f4bbb5b58bf4957a9172ad455f1ad
85410103933,28802721394,Generate and publish ONNX docs,build,completed,success,2026-07-06T15:23:30Z,2026-07-06T15:39:18Z,948,25e51d8a742dc1eba60598dcf33b2e48e62eca17
85409960646,28802679764,Generate and publish ONNX docs,build,completed,success,2026-07-06T15:22:54Z,2026-07-06T15:39:33Z,999,75734b33a2b9fb0ce735e6611a22e08ad1f2d075
85409029166,28802414500,Generate and publish ONNX docs,build,completed,success,2026-07-06T15:18:50Z,2026-07-06T15:34:20Z,930,15092a763750141a8d171c97cdfb8b9ab0290e3b
85399655456,28799765145,Generate and publish ONNX docs,build,completed,success,2026-07-06T14:39:01Z,2026-07-06T14:53:58Z,897,b9c8217d9a78077078661a93465ca59aacaa35ce
85399648523,28799763064,Check URLs,build,completed,success,2026-07-06T14:38:58Z,2026-07-06T14:39:07Z,9,b9c8217d9a78077078661a93465ca59aacaa35ce
85388246988,28796497906,Generate and publish ONNX docs,build,completed,success,2026-07-06T13:49:49Z,2026-07-06T14:03:22Z,813,b9930834faadea86a41a0a3c2a55d38950f184fd
85383243703,28795069215,Generate and publish ONNX docs,build,completed,success,2026-07-06T13:27:28Z,2026-07-06T13:42:25Z,897,25d78cff930d244863e387a485b8c53be0f1b739
85370784665,28791418421,Generate and publish ONNX docs,build,completed,success,2026-07-06T12:26:53Z,2026-07-06T12:40:59Z,846,aace1b19ce5a8557fdb07c42f34f728ebb4fb571
85370784582,28791418405,Check URLs,build,completed,success,2026-07-06T12:26:53Z,2026-07-06T12:27:13Z,20,aace1b19ce5a8557fdb07c42f34f728ebb4fb571
85364679093,28789620999,Generate and publish ONNX docs,build,completed,success,2026-07-06T11:54:36Z,2026-07-06T12:10:04Z,928,10244496a758a06a3dfa42f4553e00dabf6a12fc
85363236362,28789184893,Generate and publish ONNX docs,build,completed,success,2026-07-06T11:46:27Z,2026-07-06T12:02:54Z,987,7eada7d67ab133efb14ec6d60ef655e03f631e3d
85410527434,28786846269,Check URLs,build,completed,success,2026-07-06T15:25:19Z,2026-07-06T15:25:38Z,19,12cf2bf97d495955692fae094efa1ded4f2187e6
85410531754,28786846361,Generate and publish ONNX docs,build,completed,success,2026-07-06T15:25:20Z,2026-07-06T15:41:24Z,964,12cf2bf97d495955692fae094efa1ded4f2187e6
86729548712,29222237077,Check URLs,build,completed,success,2026-07-13T03:41:45Z,2026-07-13T03:41:54Z,9,f69361864c97e23db824c68b51d7b5036d4bfed6
86729548769,29222237089,Generate and publish ONNX docs,build,completed,success,2026-07-13T03:41:46Z,2026-07-13T03:55:26Z,820,f69361864c97e23db824c68b51d7b5036d4bfed6
86712045539,29216018948,Check URLs,build,completed,success,2026-07-13T00:47:13Z,2026-07-13T00:47:25Z,12,4d57ceaf0e37feb8973a0389318e785438cce67d
86712044053,29216018926,Generate and publish ONNX docs,build,completed,failure,2026-07-13T00:47:13Z,2026-07-13T00:50:16Z,183,4d57ceaf0e37feb8973a0389318e785438cce67d
86692814404,29208788529,Generate and publish ONNX docs,build,completed,success,2026-07-12T21:00:04Z,2026-07-12T21:15:50Z,946,c237091da202cd623486f57719f851e1434c11a0
86692814951,29208788728,Check URLs,build,completed,success,2026-07-12T21:00:06Z,2026-07-12T21:00:20Z,14,c237091da202cd623486f57719f851e1434c11a0
86690491410,29207925867,Generate and publish ONNX docs,build,completed,success,2026-07-12T20:32:32Z,2026-07-12T20:47:02Z,870,76d90c65a1a1d329a967031185436349b8d75fed
86690491395,29207925846,Check URLs,build,completed,success,2026-07-12T20:32:32Z,2026-07-12T20:32:43Z,11,76d90c65a1a1d329a967031185436349b8d75fed
86689841569,29207684449,Check URLs,build,completed,success,2026-07-12T20:25:10Z,2026-07-12T20:25:18Z,8,040fe8d60d1b86cd469d881f7181565c99a72263
86689841553,29207684426,Generate and publish ONNX docs,build,completed,success,2026-07-12T20:25:10Z,2026-07-12T20:39:40Z,870,040fe8d60d1b86cd469d881f7181565c99a72263
86687848528,29206932450,Generate and publish ONNX docs,build,completed,success,2026-07-12T20:01:51Z,2026-07-12T20:17:42Z,951,d6ba0065d0d781a0fd799ff1b98771f7ba9f6411
86687848517,29206932461,Check URLs,build,completed,success,2026-07-12T20:01:51Z,2026-07-12T20:02:37Z,46,d6ba0065d0d781a0fd799ff1b98771f7ba9f6411
86691961410,29205298510,Generate and publish ONNX docs,build,completed,success,2026-07-12T20:49:36Z,2026-07-12T21:04:56Z,920,6fb50c6751ac6fd0c57f9ed1b61936699ae650cb
86682504606,29204892008,Check URLs,build,completed,success,2026-07-12T18:58:33Z,2026-07-12T18:58:51Z,18,18ee407e7ce7665ac4b10d5100dae59c25c42fd8
86682504438,29204891970,Generate and publish ONNX docs,build,completed,success,2026-07-12T18:58:33Z,2026-07-12T19:12:42Z,849,18ee407e7ce7665ac4b10d5100dae59c25c42fd8
86680112832,29203979384,Check URLs,build,completed,success,2026-07-12T18:29:51Z,2026-07-12T18:30:00Z,9,0e0c25677defad8a3c73b76ef4ba9c122953448f
86680113170,29203979424,Generate and publish ONNX docs,build,completed,success,2026-07-12T18:29:56Z,2026-07-12T18:44:19Z,863,0e0c25677defad8a3c73b76ef4ba9c122953448f
86667548844,29199221651,Generate and publish ONNX docs,build,completed,success,2026-07-12T15:58:19Z,2026-07-12T16:12:35Z,856,8e41b8d22e2a166020f9b6c7ab328f35b2bd8dca
86667549245,29199221683,Check URLs,build,completed,success,2026-07-12T15:58:19Z,2026-07-12T15:58:28Z,9,8e41b8d22e2a166020f9b6c7ab328f35b2bd8dca
86660301527,29196494710,Check URLs,build,completed,success,2026-07-12T14:34:11Z,2026-07-12T14:34:21Z,10,3ca2b6ad4f1ffef0e496d8045499dce3c4a433a5
86660301463,29196494709,Generate and publish ONNX docs,build,completed,success,2026-07-12T14:34:12Z,2026-07-12T14:48:45Z,873,3ca2b6ad4f1ffef0e496d8045499dce3c4a433a5
86656259234,29194988595,Check URLs,build,completed,success,2026-07-12T13:45:40Z,2026-07-12T13:45:48Z,8,1b94492e46b0f910f26bee075be317b3c9b7f461
86656259267,29194988608,Generate and publish ONNX docs,build,completed,success,2026-07-12T13:45:40Z,2026-07-12T14:00:07Z,867,1b94492e46b0f910f26bee075be317b3c9b7f461
86654608781,29194381634,Check URLs,build,completed,success,2026-07-12T13:25:51Z,2026-07-12T13:26:13Z,22,3af4e0648fed454d27400cebff58e2f938475b26
86654608581,29194381561,Generate and publish ONNX docs,build,completed,success,2026-07-12T13:25:51Z,2026-07-12T13:41:14Z,923,3af4e0648fed454d27400cebff58e2f938475b26
86642423535,29189819074,Check URLs,build,completed,success,2026-07-12T10:51:18Z,2026-07-12T10:51:42Z,24,3aee339754a464180bcaa52c29afaad65646110d
86642423626,29189819064,Generate and publish ONNX docs,build,completed,success,2026-07-12T10:51:17Z,2026-07-12T11:07:20Z,963,3aee339754a464180bcaa52c29afaad65646110d
86642638380,29189630553,Generate and publish ONNX docs,build,completed,success,2026-07-12T10:54:19Z,2026-07-12T11:08:58Z,879,69f16779ce9a40692c7fbf33941839a82b0a95f6
86640129916,29188954073,Generate and publish ONNX docs,build,completed,success,2026-07-12T10:20:11Z,2026-07-12T10:34:51Z,880,ab0dc86e0c938135dfe63496db09e87d29abe14a
86640130109,29188954127,Check URLs,build,completed,success,2026-07-12T10:20:11Z,2026-07-12T10:20:20Z,9,ab0dc86e0c938135dfe63496db09e87d29abe14a
86638259295,29188272639,Check URLs,build,completed,success,2026-07-12T09:55:26Z,2026-07-12T09:55:38Z,12,cccdfb4015f69ff0fbb581db7dda191db1713a62
86638259434,29188272719,Generate and publish ONNX docs,build,completed,success,2026-07-12T09:55:26Z,2026-07-12T10:12:09Z,1003,cccdfb4015f69ff0fbb581db7dda191db1713a62
86635128461,29187109976,Check URLs,build,completed,success,2026-07-12T09:13:08Z,2026-07-12T09:13:16Z,8,41b18c82ef9c6d1449c1e3bbf49dd54a5ed177d5
86635128330,29187109953,Generate and publish ONNX docs,build,completed,success,2026-07-12T09:13:10Z,2026-07-12T09:27:46Z,876,41b18c82ef9c6d1449c1e3bbf49dd54a5ed177d5
86632804169,29186268798,Check URLs,build,completed,success,2026-07-12T08:42:24Z,2026-07-12T08:42:34Z,10,12ec7a6be4de965c56b24e50980d85e6ace858a2
86632803962,29186268755,Generate and publish ONNX docs,build,completed,success,2026-07-12T08:42:24Z,2026-07-12T09:00:18Z,1074,12ec7a6be4de965c56b24e50980d85e6ace858a2
86631549696,29185798222,Check URLs,build,completed,success,2026-07-12T08:24:41Z,2026-07-12T08:24:53Z,12,3de305c2dd22447ee71d8951424f3aefae5a9204
86631549691,29185798212,Generate and publish ONNX docs,build,completed,success,2026-07-12T08:24:41Z,2026-07-12T08:40:26Z,945,3de305c2dd22447ee71d8951424f3aefae5a9204
86631107564,29185637615,Check URLs,build,completed,success,2026-07-12T08:18:37Z,2026-07-12T08:18:50Z,13,f257b1d9bbbcdbef11e57669961cde4178de5082
86631107435,29185637613,Generate and publish ONNX docs,build,completed,success,2026-07-12T08:18:37Z,2026-07-12T08:34:01Z,924,f257b1d9bbbcdbef11e57669961cde4178de5082
86698800568,29185212827,Generate and publish ONNX docs,build,completed,success,2026-07-12T22:12:33Z,2026-07-12T22:28:26Z,953,99cebe99228bc5ba975751ab4b133693279bfe28
86628101642,29184522075,Generate and publish ONNX docs,build,completed,success,2026-07-12T07:37:18Z,2026-07-12T07:54:29Z,1031,6b622bcb6e52130ca98c3b16be5727ceb0261a42
86628101704,29184522083,Check URLs,build,completed,success,2026-07-12T07:37:18Z,2026-07-12T07:37:31Z,13,6b622bcb6e52130ca98c3b16be5727ceb0261a42
86614621374,29179526757,Check URLs,build,completed,success,2026-07-12T04:19:08Z,2026-07-12T04:19:22Z,14,9886471d34ff8c65da379d3e94cb68c9dd552257
86614621326,29179526774,Generate and publish ONNX docs,build,completed,success,2026-07-12T04:19:08Z,2026-07-12T04:34:31Z,923,9886471d34ff8c65da379d3e94cb68c9dd552257
86611264070,29178247907,Check URLs,build,completed,success,2026-07-12T03:26:46Z,2026-07-12T03:26:59Z,13,d67097f828baf709f3b0c6427dde1018c69c1fe4
86611264146,29178247924,Generate and publish ONNX docs,build,completed,success,2026-07-12T03:26:46Z,2026-07-12T03:41:59Z,913,d67097f828baf709f3b0c6427dde1018c69c1fe4
86577683759,29165456872,Check URLs,build,completed,success,2026-07-11T19:32:55Z,2026-07-11T19:33:05Z,10,e51007cc6b7523f31f72d68ffde8f780f60c2430
86577683716,29165456861,Generate and publish ONNX docs,build,completed,success,2026-07-11T19:32:57Z,2026-07-11T19:49:27Z,990,e51007cc6b7523f31f72d68ffde8f780f60c2430
86572247412,29163394998,Check URLs,build,completed,success,2026-07-11T18:24:41Z,2026-07-11T18:24:49Z,8,ffe73f1479c52aae02aefbfa8631bcc22b2cf03f
86572247519,29163395016,Generate and publish ONNX docs,build,completed,success,2026-07-11T18:24:43Z,2026-07-11T18:39:57Z,914,ffe73f1479c52aae02aefbfa8631bcc22b2cf03f
86557727636,29157808155,Generate and publish ONNX docs,build,completed,success,2026-07-11T15:22:57Z,2026-07-11T15:37:52Z,895,61b6e94dffcab100ce84e083180f1b17200e9426
86555526310,29156954256,Generate and publish ONNX docs,build,completed,success,2026-07-11T14:54:18Z,2026-07-11T15:09:28Z,910,c4cf8697ca261e08ae245876bbcdde29c9f9b42f
86551985963,29155577336,Generate and publish ONNX docs,build,completed,success,2026-07-11T14:08:50Z,2026-07-11T14:23:20Z,870,f19e5299a212dfcf4887a2375c3a25020fa5bc6c
86547681209,29153867209,Generate and publish ONNX docs,build,completed,success,2026-07-11T13:10:31Z,2026-07-11T13:24:18Z,827,827a6a1ef9d5c07e6fecf6eb55fc71ce864d7944
86547481822,29153790386,Generate and publish ONNX docs,build,completed,success,2026-07-11T13:07:51Z,2026-07-11T13:22:52Z,901,65065c741e433130acc7fca0b74d60a80d4e473a
86547481887,29153790396,Check URLs,build,completed,success,2026-07-11T13:07:47Z,2026-07-11T13:08:08Z,21,65065c741e433130acc7fca0b74d60a80d4e473a
86546710184,29153490200,Check URLs,build,completed,success,2026-07-11T12:57:00Z,2026-07-11T12:57:07Z,7,23e1a8ae14b9b7bc02f924e10adb02d32d0a0845
86546710274,29153490202,Generate and publish ONNX docs,build,completed,success,2026-07-11T12:57:00Z,2026-07-11T13:11:47Z,887,23e1a8ae14b9b7bc02f924e10adb02d32d0a0845
86545710953,29153106288,Check URLs,build,completed,success,2026-07-11T12:43:15Z,2026-07-11T12:43:23Z,8,45527f5d3fc193defbb3eb6f0260366aa3791f56
86545710961,29153106293,Generate and publish ONNX docs,build,completed,success,2026-07-11T12:43:15Z,2026-07-11T12:59:29Z,974,45527f5d3fc193defbb3eb6f0260366aa3791f56
86541183322,29151326311,Check URLs,build,completed,success,2026-07-11T11:39:21Z,2026-07-11T11:39:30Z,9,dd198f50e8bb2d9c66cd3040a22239f9c4247b49
86541183484,29151326348,Generate and publish ONNX docs,build,completed,failure,2026-07-11T11:39:21Z,2026-07-11T11:42:35Z,194,dd198f50e8bb2d9c66cd3040a22239f9c4247b49
86540570638,29151077628,Check URLs,build,completed,success,2026-07-11T11:30:22Z,2026-07-11T11:30:35Z,13,729c821c7caa257803184951e91a6a05c463d39a
86540570503,29151077571,Generate and publish ONNX docs,build,completed,failure,2026-07-11T11:30:21Z,2026-07-11T11:33:20Z,179,729c821c7caa257803184951e91a6a05c463d39a
86540032682,29150863253,Check URLs,build,completed,success,2026-07-11T11:22:40Z,2026-07-11T11:22:53Z,13,4a4a3a57ae119e3edbda31c7c1f36ce1deb084f5
86540032683,29150863270,Generate and publish ONNX docs,build,completed,failure,2026-07-11T11:22:40Z,2026-07-11T11:25:36Z,176,4a4a3a57ae119e3edbda31c7c1f36ce1deb084f5
86537184158,29149733210,Generate and publish ONNX docs,build,completed,failure,2026-07-11T10:40:53Z,2026-07-11T10:43:36Z,163,bf11e5550577f94511aa58c136ab2bb38079673f
86537184122,29149733202,Check URLs,build,completed,success,2026-07-11T10:40:53Z,2026-07-11T10:41:01Z,8,bf11e5550577f94511aa58c136ab2bb38079673f
86536004135,29149277417,Check URLs,build,completed,success,2026-07-11T10:23:51Z,2026-07-11T10:24:07Z,16,30b5fe252c1fd5f55e6ac93f72385b77f79d5d93
86536004061,29149277436,Generate and publish ONNX docs,build,completed,failure,2026-07-11T10:23:52Z,2026-07-11T10:27:15Z,203,30b5fe252c1fd5f55e6ac93f72385b77f79d5d93
86426972337,29112201785,Check URLs,build,completed,success,2026-07-10T17:47:03Z,2026-07-10T17:47:13Z,10,1f5f9ef9f9714c12da0adf79e2cbd49a35dab1db
86426972605,29112201852,Generate and publish ONNX docs,build,completed,success,2026-07-10T17:47:03Z,2026-07-10T18:01:40Z,877,1f5f9ef9f9714c12da0adf79e2cbd49a35dab1db
86424794750,29111544397,Check URLs,build,completed,success,2026-07-10T17:35:57Z,2026-07-10T17:36:11Z,14,5b5d2fb3ae320527e95e93abb8b6f6d958e2ef43
86424794694,29111544347,Generate and publish ONNX docs,build,completed,success,2026-07-10T17:35:56Z,2026-07-10T17:51:03Z,907,5b5d2fb3ae320527e95e93abb8b6f6d958e2ef43
86711921492,29082711674,Check URLs,build,completed,success,2026-07-13T00:45:57Z,2026-07-13T00:46:10Z,13,45e20722736ecd3439ed7a449b452fca077d35dd
86711921454,29082711611,Generate and publish ONNX docs,build,completed,failure,2026-07-13T00:45:58Z,2026-07-13T00:48:51Z,173,45e20722736ecd3439ed7a449b452fca077d35dd
86264591253,29061647229,Check URLs,build,completed,success,2026-07-10T01:07:23Z,2026-07-10T01:07:41Z,18,135c1ea5e27bd4f2f9e1f222cd4b9ee6e889421d
86264591169,29061647187,Generate and publish ONNX docs,build,completed,success,2026-07-10T01:07:23Z,2026-07-10T01:22:32Z,909,135c1ea5e27bd4f2f9e1f222cd4b9ee6e889421d
86077380851,29005929790,Generate and publish ONNX docs,build,completed,success,2026-07-09T08:47:25Z,2026-07-09T08:59:57Z,752,a68b2483e7e70c63214dcb02ead6a00dc194144c
86067618060,29002961240,Generate and publish ONNX docs,build,completed,success,2026-07-09T07:58:54Z,2026-07-09T08:14:10Z,916,c7463c294c50bd90ddb88d257d333c20a5f02c9d
85971240546,28972437090,Generate and publish ONNX docs,build,completed,success,2026-07-08T20:11:45Z,2026-07-08T20:27:06Z,921,c88c390e626a6705c0ee92a3853792edb3432a8e
85929894792,28960316626,Generate and publish ONNX docs,build,completed,success,2026-07-08T16:53:02Z,2026-07-08T17:09:11Z,969,a19ff48f23707a4efd0b889716ea80feaad61d5d
85924597456,28958775240,Generate and publish ONNX docs,build,completed,success,2026-07-08T16:29:02Z,2026-07-08T16:43:48Z,886,4500d2d824859ee3693ca19112255ebd3b5b7adc
85920740470,28957646015,Generate and publish ONNX docs,build,completed,success,2026-07-08T16:11:52Z,2026-07-08T16:26:58Z,906,ec2d641b5c9b3aa0179e834e7ea2ea79e27eed76
85919139020,28957181951,Generate and publish ONNX docs,build,completed,success,2026-07-08T16:04:48Z,2026-07-08T16:18:15Z,807,4abfd0ee6925549b2401d1b1ad284a090399cf3a
85914002441,28955721055,Generate and publish ONNX docs,build,completed,success,2026-07-08T15:43:27Z,2026-07-08T16:01:08Z,1061,0e954d31cd9dd707e9179e2eaa6c1d343e2149c6
85908027137,28954014349,Generate and publish ONNX docs,build,completed,success,2026-07-08T15:18:51Z,2026-07-08T15:32:34Z,823,01a2f9f0f1d7188b2b4cd407767d4d7e3dbd4441
85882467290,28946754145,Generate and publish ONNX docs,build,completed,success,2026-07-08T13:34:35Z,2026-07-08T13:51:57Z,1042,980fd30b0d56c8c8779687ec2179e2a7af136361
85882467384,28946754123,Check URLs,build,completed,success,2026-07-08T13:34:50Z,2026-07-08T13:35:17Z,27,980fd30b0d56c8c8779687ec2179e2a7af136361
85866901858,28942210197,Generate and publish ONNX docs,build,completed,success,2026-07-08T12:22:22Z,2026-07-08T12:36:08Z,826,52640310583799a44a3159ba5710d8e6c1a290ab
85859936970,28940107262,Check URLs,build,completed,success,2026-07-08T11:46:09Z,2026-07-08T11:46:16Z,7,adfb61acaa3ab1848590cb0956f95ed6acfdf925
85859936912,28940107233,Generate and publish ONNX docs,build,completed,success,2026-07-08T11:46:09Z,2026-07-08T12:02:22Z,973,adfb61acaa3ab1848590cb0956f95ed6acfdf925
85859833160,28940076724,Check URLs,build,completed,success,2026-07-08T11:45:37Z,2026-07-08T11:45:50Z,13,07c43b6ec48551f809f31f4f254b2f47f9160de9
85859833130,28940076681,Generate and publish ONNX docs,build,completed,success,2026-07-08T11:45:35Z,2026-07-08T12:01:54Z,979,07c43b6ec48551f809f31f4f254b2f47f9160de9
85842236903,28934753934,Check URLs,build,completed,success,2026-07-08T10:10:13Z,2026-07-08T10:10:21Z,8,6c7afe6f851b0fe5c88a8c38ba81e205fd746d43
85842236557,28934753877,Generate and publish ONNX docs,build,completed,success,2026-07-08T10:10:14Z,2026-07-08T10:24:49Z,875,6c7afe6f851b0fe5c88a8c38ba81e205fd746d43
85841901548,28934655500,Check URLs,build,completed,success,2026-07-08T10:08:26Z,2026-07-08T10:08:45Z,19,1690256c3ecdd85929ec7ecd371dbd4de76902fe
85841901848,28934655640,Generate and publish ONNX docs,build,completed,success,2026-07-08T10:08:27Z,2026-07-08T10:22:17Z,830,1690256c3ecdd85929ec7ecd371dbd4de76902fe
85827556149,28930315526,Generate and publish ONNX docs,build,completed,success,2026-07-08T08:55:32Z,2026-07-08T09:09:51Z,859,c250a4568f6fde4074debc93364b1c628200cbfa
85826995628,28930143938,Generate and publish ONNX docs,build,completed,success,2026-07-08T08:52:39Z,2026-07-08T09:07:33Z,894,61b206620053f079322febb66815771d7efc5810
85826090860,28929870981,Generate and publish ONNX docs,build,completed,success,2026-07-08T08:48:01Z,2026-07-08T09:04:58Z,1017,ed5bb64110af483fc1923d2110e842eab2e6cfae
85826297240,28924473960,Generate and publish ONNX docs,build,completed,success,2026-07-08T08:49:07Z,2026-07-08T09:04:34Z,927,20f6c5b9eefbccc78e564b80435ee72aeef0e056
85800963352,28921967760,Check URLs,build,completed,success,2026-07-08T06:18:29Z,2026-07-08T06:18:37Z,8,d4c4d4059ba49bd815c3fd90347bcad69d10b241
85800963266,28921967768,Generate and publish ONNX docs,build,completed,success,2026-07-08T06:18:29Z,2026-07-08T06:33:46Z,917,d4c4d4059ba49bd815c3fd90347bcad69d10b241
85783894056,28916294520,Check URLs,build,completed,success,2026-07-08T03:55:34Z,2026-07-08T03:55:42Z,8,238b33a24d2da4c59bdc7022749d78b1e48d5e1a
85783893987,28916294497,Generate and publish ONNX docs,build,completed,success,2026-07-08T03:55:35Z,2026-07-08T04:10:40Z,905,238b33a24d2da4c59bdc7022749d78b1e48d5e1a
85783848498,28916279029,Generate and publish ONNX docs,build,completed,success,2026-07-08T03:55:10Z,2026-07-08T04:10:27Z,917,f2fb04c5962981cd1ce14f8ec2d82922c48532e7
85783848484,28916279036,Check URLs,build,completed,success,2026-07-08T03:55:08Z,2026-07-08T03:55:16Z,8,f2fb04c5962981cd1ce14f8ec2d82922c48532e7
85780926911,28915285742,Generate and publish ONNX docs,build,completed,success,2026-07-08T03:27:46Z,2026-07-08T03:41:43Z,837,3f9fc37bde2825a9b06baeaeeb74394160c04bb5
85780902555,28915277709,Generate and publish ONNX docs,build,completed,success,2026-07-08T03:27:32Z,2026-07-08T03:43:48Z,976,ce0bb4a1ec470b5cff35d1eebe7e1f661fffded2
85765937063,28910251852,Check URLs,build,completed,success,2026-07-08T01:14:11Z,2026-07-08T01:14:29Z,18,4e9c1c3fe044cf3f2e9a1a8508414b15d5ce619a
85765937030,28910251840,Generate and publish ONNX docs,build,completed,success,2026-07-08T01:14:11Z,2026-07-08T01:28:50Z,879,4e9c1c3fe044cf3f2e9a1a8508414b15d5ce619a
85764971698,28909920009,Generate and publish ONNX docs,build,completed,success,2026-07-08T01:05:45Z,2026-07-08T01:19:52Z,847,8ad006f71f71d19f20c162cd6f865642e5ed805f
85763668153,28909480401,Generate and publish ONNX docs,build,completed,success,2026-07-08T00:54:59Z,2026-07-08T01:09:35Z,876,e33b5be00d18453c573f9589f7b37d89f489bbd7
85761663891,28908824677,Generate and publish ONNX docs,build,completed,success,2026-07-08T00:38:41Z,2026-07-08T00:54:06Z,925,75e731398957ac03c58acb08b5bcab9ebb77d4f5
85760177759,28908346431,Generate and publish ONNX docs,build,completed,success,2026-07-08T00:26:42Z,2026-07-08T00:40:18Z,816,b120a716b2afc485f6c3554046a56c808ce16098
85730450747,28898899811,Generate and publish ONNX docs,build,completed,success,2026-07-07T21:09:38Z,2026-07-07T21:24:54Z,916,6d6fac3577f77eea99734c0bd596fa3ba4b4a8bb
85724105513,28897037719,Generate and publish ONNX docs,build,completed,success,2026-07-07T20:38:10Z,2026-07-07T20:54:01Z,951,0686fda37054abce27fd72b4167011c0ed863753
85721994658,28896426952,Generate and publish ONNX docs,build,completed,success,2026-07-07T20:27:56Z,2026-07-07T20:43:02Z,906,2faa50d140e996ed82cf8323741d7d8f7083675a
85703892313,28891142291,Generate and publish ONNX docs,build,completed,success,2026-07-07T18:59:15Z,2026-07-07T19:16:04Z,1009,0095f7c28410fecaabdfc74abb61b8fd118f0166
85703891816,28891142182,Check URLs,build,completed,success,2026-07-07T18:59:15Z,2026-07-07T18:59:33Z,18,0095f7c28410fecaabdfc74abb61b8fd118f0166
85696407101,28888986862,Generate and publish ONNX docs,build,completed,success,2026-07-07T18:23:12Z,2026-07-07T18:39:57Z,1005,31a9e2b769f20f7d5dfe44180f68f9ee2a36b547
85673895550,28882433270,Check URLs,build,completed,success,2026-07-07T16:33:56Z,2026-07-07T16:34:05Z,9,d5372bdedae5359292b5ea3564f4b17585023f01
85673887990,28882433282,Generate and publish ONNX docs,build,completed,success,2026-07-07T16:33:55Z,2026-07-07T16:48:57Z,902,d5372bdedae5359292b5ea3564f4b17585023f01
85668184069,28880805459,Check URLs,build,completed,success,2026-07-07T16:07:52Z,2026-07-07T16:08:06Z,14,641b2f9935b38de46b5981577e37ff2a6b9e14c4
85668184223,28880805499,Generate and publish ONNX docs,build,completed,success,2026-07-07T16:07:52Z,2026-07-07T16:22:36Z,884,641b2f9935b38de46b5981577e37ff2a6b9e14c4
87077782609,29330110996,Generate and publish ONNX docs,build,completed,success,2026-07-14T11:57:49Z,2026-07-14T12:12:36Z,887,7fbcbca2f821fe9ed88551e8bcef9f522fdba46b
87026092557,29314662574,Generate and publish ONNX docs,build,completed,success,2026-07-14T07:29:55Z,2026-07-14T07:43:16Z,801,010a071fb333a9eb6bd16f6a5c991aa750ae38e5
86935282677,29284995833,Generate and publish ONNX docs,build,completed,success,2026-07-13T21:05:34Z,2026-07-13T21:18:25Z,771,11d70e7479ec3f53dd543db2609feeb3cff88cba
87049150866,29268847700,Generate and publish ONNX docs,build,completed,success,2026-07-14T09:30:35Z,2026-07-14T09:44:37Z,842,34d73fe7a174e7479026befe01c43eabf13d5c35
87049146073,29268846108,Check URLs,build,completed,success,2026-07-14T09:30:33Z,2026-07-14T09:30:50Z,17,34d73fe7a174e7479026befe01c43eabf13d5c35
86871674665,29266132390,Check URLs,build,completed,success,2026-07-13T16:22:26Z,2026-07-13T16:22:35Z,9,1ce2f8dbbf62adea204a2e9b0144ddbf67ce0114
86871673636,29266132081,Generate and publish ONNX docs,build,completed,success,2026-07-13T16:22:24Z,2026-07-13T16:36:41Z,857,1ce2f8dbbf62adea204a2e9b0144ddbf67ce0114
86861177994,29263078631,Generate and publish ONNX docs,build,completed,success,2026-07-13T15:38:27Z,2026-07-13T15:52:24Z,837,8291c5e23e245413d83398dd920f45a3c284f869
86860537935,29262894469,Generate and publish ONNX docs,build,completed,success,2026-07-13T15:35:48Z,2026-07-13T15:49:54Z,846,95553eca4f8737c483b0345fd8add12e1bd47deb
86860536691,29262894106,Check URLs,build,completed,success,2026-07-13T15:35:48Z,2026-07-13T15:36:01Z,13,95553eca4f8737c483b0345fd8add12e1bd47deb
86860435279,29262864072,Generate and publish ONNX docs,build,completed,success,2026-07-13T15:35:23Z,2026-07-13T15:50:08Z,885,ae23e7b909ff5d1b06d4edd93c866e6986f635cd
86860434528,29262863905,Check URLs,build,completed,success,2026-07-13T15:35:24Z,2026-07-13T15:35:37Z,13,ae23e7b909ff5d1b06d4edd93c866e6986f635cd
86856931113,29261856932,Check URLs,build,completed,success,2026-07-13T15:21:11Z,2026-07-13T15:21:18Z,7,cb9eb1006db31582d7cf1e4fae7b1a5f287df494
86856931540,29261857066,Generate and publish ONNX docs,build,completed,success,2026-07-13T15:21:11Z,2026-07-13T15:36:11Z,900,cb9eb1006db31582d7cf1e4fae7b1a5f287df494
86856571038,29261753814,Check URLs,build,completed,success,2026-07-13T15:19:41Z,2026-07-13T15:19:49Z,8,8e24dd7334712022832d5591d7a9ec1c6660db57
86856570013,29261753674,Generate and publish ONNX docs,build,completed,success,2026-07-13T15:19:41Z,2026-07-13T15:34:20Z,879,8e24dd7334712022832d5591d7a9ec1c6660db57
86855094463,29261332535,Check URLs,build,completed,success,2026-07-13T15:13:44Z,2026-07-13T15:13:58Z,14,f273bcfad51947351a6a20798deeb6f9211319ee
86855094222,29261332479,Generate and publish ONNX docs,build,completed,success,2026-07-13T15:13:43Z,2026-07-13T15:28:15Z,872,f273bcfad51947351a6a20798deeb6f9211319ee
86852536305,29260614647,Check URLs,build,completed,success,2026-07-13T15:03:42Z,2026-07-13T15:03:50Z,8,cd80e1cb41e20d6173983dda4ad3d32bf54dc8d4
86852534722,29260614426,Generate and publish ONNX docs,build,completed,success,2026-07-13T15:03:41Z,2026-07-13T15:18:51Z,910,cd80e1cb41e20d6173983dda4ad3d32bf54dc8d4
86850952492,29260158800,Check URLs,build,completed,success,2026-07-13T14:57:27Z,2026-07-13T14:57:36Z,9,db1097fc89f8b5a2b0a1e325ce1cc7a54ec1210b
86850952079,29260158711,Generate and publish ONNX docs,build,completed,success,2026-07-13T14:57:27Z,2026-07-13T15:13:49Z,982,db1097fc89f8b5a2b0a1e325ce1cc7a54ec1210b
86850706382,29260091676,Check URLs,build,completed,success,2026-07-13T14:56:30Z,2026-07-13T14:56:41Z,11,32b285bc67e939d15c74da459e0d07ad7f332daf
86850700313,29260089870,Generate and publish ONNX docs,build,completed,success,2026-07-13T14:56:28Z,2026-07-13T15:11:20Z,892,32b285bc67e939d15c74da459e0d07ad7f332daf
86850543512,29260045911,Check URLs,build,completed,success,2026-07-13T14:55:53Z,2026-07-13T14:56:03Z,10,d4bd99153e9baf9ffff68753c08a3dcd317ce950
86850543601,29260045862,Generate and publish ONNX docs,build,completed,success,2026-07-13T14:55:52Z,2026-07-13T15:12:01Z,969,d4bd99153e9baf9ffff68753c08a3dcd317ce950
86849814164,29259832793,Generate and publish ONNX docs,build,completed,success,2026-07-13T14:53:00Z,2026-07-13T15:09:45Z,1005,54009776e43732b1836f8a3ee9e9a50797d6c6b8
86849808854,29259831036,Check URLs,build,completed,success,2026-07-13T14:52:57Z,2026-07-13T14:53:06Z,9,54009776e43732b1836f8a3ee9e9a50797d6c6b8
86846965554,29259021769,Generate and publish ONNX docs,build,completed,success,2026-07-13T14:41:29Z,2026-07-13T14:51:17Z,588,650e05e4ac19ec9e7e7d6dc5ba61c9f32771bb5a
86846965744,29259021825,Check URLs,build,completed,success,2026-07-13T14:41:30Z,2026-07-13T14:41:44Z,14,650e05e4ac19ec9e7e7d6dc5ba61c9f32771bb5a
86845787426,29258693441,Generate and publish ONNX docs,build,completed,success,2026-07-13T14:36:43Z,2026-07-13T14:52:14Z,931,e61f09a78dad8996606ef18450698c5a93edb45f
86845787283,29258693585,Check URLs,build,completed,success,2026-07-13T14:36:43Z,2026-07-13T14:36:57Z,14,e61f09a78dad8996606ef18450698c5a93edb45f
86845744580,29258681280,Generate and publish ONNX docs,build,completed,success,2026-07-13T14:36:33Z,2026-07-13T14:52:14Z,941,2f3353376c76588bbc67b83bf7f53eb52f6e90be
86844589744,29258344770,Generate and publish ONNX docs,build,completed,success,2026-07-13T14:32:00Z,2026-07-13T14:46:59Z,899,691bd2d33d30504a2e38836dc4cfb9680f5c7398
86844588410,29258344749,Check URLs,build,completed,success,2026-07-13T14:32:00Z,2026-07-13T14:32:14Z,14,691bd2d33d30504a2e38836dc4cfb9680f5c7398
86843974350,29258171934,Generate and publish ONNX docs,build,completed,success,2026-07-13T14:29:38Z,2026-07-13T14:43:26Z,828,afc1e2520883375aebc6c9ada09253bcfb9165fc
86843971507,29258171102,Check URLs,build,completed,success,2026-07-13T14:29:40Z,2026-07-13T14:29:52Z,12,afc1e2520883375aebc6c9ada09253bcfb9165fc
86843611027,29258074231,Generate and publish ONNX docs,build,completed,success,2026-07-13T14:28:15Z,2026-07-13T14:43:05Z,890,8a4f3e381d5ef3ebeb408af577eae28533a2370d
86843608875,29258073692,Check URLs,build,completed,success,2026-07-13T14:28:13Z,2026-07-13T14:28:21Z,8,8a4f3e381d5ef3ebeb408af577eae28533a2370d
86830708323,29254431865,Check URLs,build,completed,success,2026-07-13T13:38:11Z,2026-07-13T13:38:25Z,14,7d518ee7c74fba901cc1910a72de609f1cc4d1a9
86830707945,29254431902,Generate and publish ONNX docs,build,completed,success,2026-07-13T13:36:39Z,2026-07-13T13:53:08Z,989,7d518ee7c74fba901cc1910a72de609f1cc4d1a9
86830571110,29254404542,Check URLs,build,completed,success,2026-07-13T13:36:16Z,2026-07-13T13:36:26Z,10,45ca1823d3b531aadd10193a7be6a989e9cb8885
86830568823,29254404217,Generate and publish ONNX docs,build,completed,success,2026-07-13T13:36:14Z,2026-07-13T13:51:26Z,912,45ca1823d3b531aadd10193a7be6a989e9cb8885
86843617830,29248825931,Generate and publish ONNX docs,build,completed,success,2026-07-13T14:28:18Z,2026-07-13T14:43:27Z,909,c5b9d4c805c18aa99a974b956f49dcc35743d4e5
86843624125,29248826090,Check URLs,build,completed,success,2026-07-13T14:28:20Z,2026-07-13T14:28:33Z,13,c5b9d4c805c18aa99a974b956f49dcc35743d4e5
86808070809,29247571511,Generate and publish ONNX docs,build,completed,success,2026-07-13T11:49:13Z,2026-07-13T12:05:36Z,983,f12851929b8722d3ad2cd1e9d584a48e89a56bea
86803386660,29244697563,Check URLs,build,completed,success,2026-07-13T11:24:29Z,2026-07-13T11:24:37Z,8,fe8855144125d2268028fc93993e000ec3820d9a
86803388323,29244697638,Generate and publish ONNX docs,build,completed,success,2026-07-13T11:24:32Z,2026-07-13T11:39:49Z,917,fe8855144125d2268028fc93993e000ec3820d9a
86791408459,29242434816,Check URLs,build,completed,success,2026-07-13T10:21:01Z,2026-07-13T10:21:08Z,7,64b348a321022f91d6ba8854de3b967eed042dac
86791408103,29242434753,Generate and publish ONNX docs,build,completed,success,2026-07-13T10:21:00Z,2026-07-13T10:37:17Z,977,64b348a321022f91d6ba8854de3b967eed042dac
87542031436,29473688697,Generate and publish ONNX docs,build,completed,success,2026-07-16T05:21:53Z,2026-07-16T05:37:27Z,934,6b58116c83d9ae0952ace3fe2183f7b28f4c79b4
87535439152,29471503571,Generate and publish ONNX docs,build,completed,success,2026-07-16T04:29:49Z,2026-07-16T04:44:21Z,872,4e1b8f53b3cbc893da0d6fbcef5a53ed7cee065a
87532062873,29470326140,Generate and publish ONNX docs,build,completed,success,2026-07-16T04:01:09Z,2026-07-16T04:15:52Z,883,66e1cd221cd53e051a68d1fd0c25d90926229109
87526357179,29468390892,Generate and publish ONNX docs,build,completed,success,2026-07-16T03:11:41Z,2026-07-16T03:22:26Z,645,47af8e5b5caf5230435bbc40259e15b6a875001e
87518784595,29465876291,Generate and publish ONNX docs,build,completed,success,2026-07-16T02:08:51Z,2026-07-16T02:24:20Z,929,54c729f9af02188267916ccfb6749659b0ef9452
87516078826,29464965052,Check URLs,build,completed,success,2026-07-16T01:46:41Z,2026-07-16T01:47:05Z,24,b1576fbfb67386c8c7e2eee75682ac66ac3e775e
87516078489,29464964949,Generate and publish ONNX docs,build,completed,success,2026-07-16T01:46:41Z,2026-07-16T02:01:36Z,895,b1576fbfb67386c8c7e2eee75682ac66ac3e775e
87517694385,29438885304,Generate and publish ONNX docs,build,completed,success,2026-07-16T02:00:13Z,2026-07-16T02:13:59Z,826,e0d5cfc4532b636426c8ec4fa6f0354401bfb1a2
87388134311,29425914378,Generate and publish ONNX docs,build,completed,success,2026-07-15T14:57:24Z,2026-07-15T15:12:52Z,928,347011b8b1200e200e3a7c596d70dfb30fe85484
87332250590,29409285903,Generate and publish ONNX docs,build,completed,success,2026-07-15T10:46:22Z,2026-07-15T10:56:17Z,595,7ee6e60f02c5006fab59f6b49e22eeeefc9f5130
87273022440,29390613648,Generate and publish ONNX docs,build,completed,success,2026-07-15T05:06:47Z,2026-07-15T05:21:15Z,868,3a6ad7a5ae5d120b962a5d984c3b826b9b5859e0
87271200908,29390025494,Generate and publish ONNX docs,build,completed,success,2026-07-15T04:52:41Z,2026-07-15T05:13:15Z,1234,bb65fa6cab502e859ad10d338bb4cf03bbbdb999
87264644923,29387823103,Generate and publish ONNX docs,build,completed,success,2026-07-15T03:58:43Z,2026-07-15T04:15:27Z,1004,a00e8b2a141ea3c41c3ee26d78145c1ba339d9cd
87264347103,29387723166,Check URLs,build,completed,success,2026-07-15T03:56:02Z,2026-07-15T03:56:16Z,14,137239b58beaa605cf2f77420b5a8dc738441562
87264347462,29387723292,Generate and publish ONNX docs,build,completed,success,2026-07-15T03:56:03Z,2026-07-15T04:12:16Z,973,137239b58beaa605cf2f77420b5a8dc738441562
87252200950,29383597380,Generate and publish ONNX docs,build,completed,success,2026-07-15T02:14:14Z,2026-07-15T02:30:15Z,961,82e05adc15c7be0461ff9fb38c8d0ec2f8798c10
87221821206,29373474619,Check URLs,build,completed,success,2026-07-14T22:35:10Z,2026-07-14T22:35:18Z,8,423b9727733f50904c7fe3e345c0553f7d2b22b5
87221820922,29373474592,Generate and publish ONNX docs,build,completed,success,2026-07-14T22:35:10Z,2026-07-14T22:49:52Z,882,423b9727733f50904c7fe3e345c0553f7d2b22b5
87212304327,29370460246,Generate and publish ONNX docs,build,completed,success,2026-07-14T21:42:13Z,2026-07-14T21:58:38Z,985,a68776aa9d1e6778935b17949628a79e9d509b26
87212304155,29370460176,Check URLs,build,completed,success,2026-07-14T21:42:01Z,2026-07-14T21:42:10Z,9,a68776aa9d1e6778935b17949628a79e9d509b26
87205026344,29368250932,Generate and publish ONNX docs,build,completed,success,2026-07-14T21:05:45Z,2026-07-14T21:20:44Z,899,9193dc84306aa20d99027556594bf7e4f6d29fad
87205026798,29368250983,Check URLs,build,completed,success,2026-07-14T21:05:44Z,2026-07-14T21:05:53Z,9,9193dc84306aa20d99027556594bf7e4f6d29fad
87199729445,29366624413,Generate and publish ONNX docs,build,completed,success,2026-07-14T20:40:43Z,2026-07-14T20:56:23Z,940,a40597ec817c9ee02d74e1bcafc8230c82b74226
87199728867,29366624274,Check URLs,build,completed,success,2026-07-14T20:40:44Z,2026-07-14T20:40:57Z,13,a40597ec817c9ee02d74e1bcafc8230c82b74226
87187227917,29362910630,Generate and publish ONNX docs,build,completed,success,2026-07-14T19:43:32Z,2026-07-14T19:58:58Z,926,533fe9fee930577899214e75e7fe430a15dc62f5
87105380003,29337557753,Check URLs,build,completed,success,2026-07-14T14:01:04Z,2026-07-14T14:01:12Z,8,c7713509ab5838e933578584e55324bf0462c676
87105376457,29337557820,Generate and publish ONNX docs,build,completed,success,2026-07-14T14:01:03Z,2026-07-14T14:15:59Z,896,c7713509ab5838e933578584e55324bf0462c676
87092019098,29335028718,Generate and publish ONNX docs,build,completed,success,2026-07-14T13:05:09Z,2026-07-14T13:20:07Z,898,67c35e50c2d77494432d0595765599cbcd6b51ac
87092017408,29335028528,Check URLs,build,completed,success,2026-07-14T13:05:09Z,2026-07-14T13:05:25Z,16,67c35e50c2d77494432d0595765599cbcd6b51ac
88291127040,29723438252,Check URLs,build,completed,failure,2026-07-20T07:04:04Z,2026-07-20T07:04:23Z,19,dcf627e481e5704597c99be990d113aaf677ee84
88291127077,29723438231,Generate and publish ONNX docs,build,completed,success,2026-07-20T07:04:05Z,2026-07-20T07:17:08Z,783,dcf627e481e5704597c99be990d113aaf677ee84
88282267321,29720457384,Generate and publish ONNX docs,build,completed,success,2026-07-20T06:01:07Z,2026-07-20T06:16:58Z,951,8fc3f2d4057bba9b9274e0d4bef90691774dfbd6
88282219501,29720440997,Generate and publish ONNX docs,build,completed,success,2026-07-20T06:00:04Z,2026-07-20T06:26:14Z,1570,c6ad5f3a8c1a23f15fd961bdc0b7d00e581b9158
88282219477,29720441021,Check URLs,build,completed,failure,2026-07-20T06:00:04Z,2026-07-20T06:00:27Z,23,c6ad5f3a8c1a23f15fd961bdc0b7d00e581b9158
88281105910,29692956721,Generate and publish ONNX docs,build,completed,success,2026-07-20T05:50:22Z,2026-07-20T06:04:05Z,823,035c67114af3970c440176230e00d2d62b6bdd9f
88195764280,29688052017,Generate and publish ONNX docs,build,completed,success,2026-07-19T13:00:33Z,2026-07-19T13:12:43Z,730,3598bc38ee3000c8cdc01a36284299897f235d57
88078553553,29643817774,Generate and publish ONNX docs,build,completed,success,2026-07-18T12:09:39Z,2026-07-18T12:23:00Z,801,9880e195ba222cd0d3148b7c4c83366a79407a98
88065614233,29638781789,Check URLs,build,completed,success,2026-07-18T09:12:50Z,2026-07-18T09:13:06Z,16,bc71f65c54961d818e2b659b7813630ab19866e3
88065614186,29638781783,Generate and publish ONNX docs,build,completed,success,2026-07-18T09:12:50Z,2026-07-18T09:28:26Z,936,bc71f65c54961d818e2b659b7813630ab19866e3
88042608368,29630351312,Generate and publish ONNX docs,build,completed,success,2026-07-18T04:19:01Z,2026-07-18T04:34:09Z,908,54fb1eb3f3da6fd4b348635c5ec8556c76f00797
88147446223,29614626438,Generate and publish ONNX docs,build,completed,success,2026-07-19T02:23:17Z,2026-07-19T02:37:33Z,856,740260c8790c2ed1838bc01fb304428df7a47929
87982947729,29610240081,Check URLs,build,completed,success,2026-07-17T20:10:36Z,2026-07-17T20:10:43Z,7,671768d067df2e2cacafcd3612f6f7ec47433a1b
87982947730,29610240086,Generate and publish ONNX docs,build,completed,success,2026-07-17T20:10:36Z,2026-07-17T20:25:04Z,868,671768d067df2e2cacafcd3612f6f7ec47433a1b
87800314623,29553334130,Generate and publish ONNX docs,build,completed,success,2026-07-17T03:49:48Z,2026-07-17T04:05:17Z,929,af24a1667bd5197920d9b49a10655da80ba92fa9
87800314607,29553334114,Check URLs,build,completed,success,2026-07-17T03:49:48Z,2026-07-17T03:50:04Z,16,af24a1667bd5197920d9b49a10655da80ba92fa9
87778670454,29546095742,Generate and publish ONNX docs,build,completed,success,2026-07-17T00:55:43Z,2026-07-17T01:11:21Z,938,4c89930564892346eefc04a566918f952d42f41f
87715691339,29526369026,Check URLs,build,completed,success,2026-07-16T19:01:50Z,2026-07-16T19:01:58Z,8,88da2ce6e1afe598d258551c1b4a5dab32cb5321
87715691357,29526369089,Generate and publish ONNX docs,build,completed,success,2026-07-16T19:01:52Z,2026-07-16T19:17:30Z,938,88da2ce6e1afe598d258551c1b4a5dab32cb5321
88550578043,29803983933,Generate and publish ONNX docs,build,completed,success,2026-07-21T05:26:14Z,2026-07-21T05:43:23Z,1029,aff827f8af8b899903e3a4ac9e2de03829ec1847
88529286293,29796668645,Generate and publish ONNX docs,build,completed,success,2026-07-21T02:45:24Z,2026-07-21T03:01:12Z,948,fc8b1e4f575d56fbeefc8165689d19265a813884
88501882420,29787417517,Generate and publish ONNX docs,build,completed,success,2026-07-20T23:30:31Z,2026-07-20T23:46:24Z,953,928f94127f1706f03cf6025307307272853d0fca
88501882486,29787417515,Check URLs,build,completed,success,2026-07-20T23:30:30Z,2026-07-20T23:30:47Z,17,928f94127f1706f03cf6025307307272853d0fca
88482843076,29781273950,Check URLs,build,completed,success,2026-07-20T21:43:25Z,2026-07-20T21:43:37Z,12,420dbc12d945d348df181e08ffde14c83cb55ed8
88482843105,29781273870,Generate and publish ONNX docs,build,completed,success,2026-07-20T21:43:24Z,2026-07-20T21:59:05Z,941,420dbc12d945d348df181e08ffde14c83cb55ed8
88481330241,29780806525,Generate and publish ONNX docs,build,completed,success,2026-07-20T21:36:01Z,2026-07-20T21:50:36Z,875,e9723bb719f3cbf9dc3962b37e42658b69049b63
88481330102,29780806488,Check URLs,build,completed,success,2026-07-20T21:36:01Z,2026-07-20T21:36:10Z,9,e9723bb719f3cbf9dc3962b37e42658b69049b63
88475264304,29778973122,Check URLs,build,completed,success,2026-07-20T21:08:11Z,2026-07-20T21:08:35Z,24,4f4f1d379a8c587ded9d0b801fb6927fbee5228d
88475254100,29778973085,Generate and publish ONNX docs,build,completed,success,2026-07-20T21:08:08Z,2026-07-20T21:24:30Z,982,4f4f1d379a8c587ded9d0b801fb6927fbee5228d
88296276376,29725109328,Generate and publish ONNX docs,build,completed,success,2026-07-20T07:35:47Z,2026-07-20T07:51:30Z,943,ab9d3eb46a1cda63cbb35799341b68ca73628fac
88865889168,29902398795,Generate and publish ONNX docs,build,completed,success,2026-07-22T08:01:51Z,2026-07-22T08:17:40Z,949,2ee57bf49079fec4907834b5b59243c9fd36db8e
88865778343,29902365649,Generate and publish ONNX docs,build,completed,success,2026-07-22T08:01:18Z,2026-07-22T08:13:26Z,728,9ff5212fa04bd9538af4b1189bf8e73b5976106e
88725022801,29857385430,Generate and publish ONNX docs,build,completed,success,2026-07-21T18:28:53Z,2026-07-21T18:42:06Z,793,9db63eb3372ccabc74835d9e8bb85887ac7e68b7
89402465350,30067939210,Check URLs,build,completed,success,2026-07-24T04:53:07Z,2026-07-24T04:53:25Z,18,da71a46bf43b202be9792f2e0dc45fa02fa85a39
89402465337,30067939200,Generate and publish ONNX docs,build,completed,success,2026-07-24T04:53:07Z,2026-07-24T05:07:43Z,876,da71a46bf43b202be9792f2e0dc45fa02fa85a39
89353601168,30051249655,Generate and publish ONNX docs,build,completed,success,2026-07-23T22:50:17Z,2026-07-23T23:05:24Z,907,bf8993b9e7d0ebf784a0bb86ad12ae1d6cf8ac04
89291341759,30032240518,Generate and publish ONNX docs,build,completed,success,2026-07-23T18:05:49Z,2026-07-23T18:17:53Z,724,1930eabc6b5087889711da997ca58838e17d91aa
89277312666,30028028842,Check URLs,build,completed,success,2026-07-23T17:06:57Z,2026-07-23T17:07:04Z,7,69829c45e120dce3921c3fc951aaa25e7410f2d8
89277313618,30028029107,Generate and publish ONNX docs,build,completed,success,2026-07-23T17:06:57Z,2026-07-23T17:22:00Z,903,69829c45e120dce3921c3fc951aaa25e7410f2d8
89400146625,30023293262,Generate and publish ONNX docs,build,completed,success,2026-07-24T04:33:51Z,2026-07-24T04:48:43Z,892,78166d7d0ae91c76de901a2a573021c5fe7fe7f7
89400146699,30023293278,Check URLs,build,completed,success,2026-07-24T04:33:50Z,2026-07-24T04:34:13Z,23,78166d7d0ae91c76de901a2a573021c5fe7fe7f7
89184918112,30000690142,Generate and publish ONNX docs,build,completed,success,2026-07-23T10:48:27Z,2026-07-23T11:03:55Z,928,799a5eae207d51f581c7363428f6471f5770c33f
89174973945,29997630873,Generate and publish ONNX docs,build,completed,success,2026-07-23T10:00:34Z,2026-07-23T10:16:27Z,953,5674d333cda224b9154f6f92dc16966ffbf8eff4
89118368105,29979559459,Check URLs,build,completed,success,2026-07-23T04:26:46Z,2026-07-23T04:27:08Z,22,7990b148b001e28efe28bdc4f6b9d7c83a76ac38
89118368296,29979559515,Generate and publish ONNX docs,build,completed,success,2026-07-23T04:26:46Z,2026-07-23T04:39:47Z,781,7990b148b001e28efe28bdc4f6b9d7c83a76ac38
89871942193,30231027166,Generate and publish ONNX docs,build,completed,success,2026-07-27T02:16:42Z,2026-07-27T02:32:03Z,921,3a15f1e2a243459cbf45366e4da014d25099340a
89871941721,30231027144,Check URLs,build,completed,success,2026-07-27T02:16:41Z,2026-07-27T02:16:49Z,8,3a15f1e2a243459cbf45366e4da014d25099340a
89762018195,30190213052,Check URLs,build,completed,success,2026-07-26T05:57:10Z,2026-07-26T05:57:17Z,7,eb8eadf0d2d64b1f02c366015870d93726bc38ad
89762018278,30190213087,Generate and publish ONNX docs,build,completed,success,2026-07-26T05:57:10Z,2026-07-26T06:10:28Z,798,eb8eadf0d2d64b1f02c366015870d93726bc38ad
89753252019,30186948262,Generate and publish ONNX docs,build,completed,success,2026-07-26T03:55:54Z,2026-07-26T04:11:21Z,927,621ea1b507b299fa67b29c66a55c24b26e4a4d04
89719840348,30174046896,Generate and publish ONNX docs,build,completed,success,2026-07-25T20:40:22Z,2026-07-25T20:55:19Z,897,60a2f7a78e31743414c403f3eee8409bda32115d
89718862672,30173669787,Generate and publish ONNX docs,build,completed,success,2026-07-25T20:29:09Z,2026-07-25T20:43:11Z,842,c103d4b8ad6b38a281341022ea4a2151d736b1ad
89718667432,30173595404,Generate and publish ONNX docs,build,completed,success,2026-07-25T20:26:58Z,2026-07-25T20:42:38Z,940,4af2cc83b47834f3657ef45527522d184409aca6
89718593479,30173569780,Generate and publish ONNX docs,build,completed,success,2026-07-25T20:26:10Z,2026-07-25T20:42:04Z,954,6de74d0b3cccc2cad2ddad8413505ed25aca3440
89718524563,30173543773,Generate and publish ONNX docs,build,completed,success,2026-07-25T20:25:26Z,2026-07-25T20:40:28Z,902,11dcbb67d26602f9081dd461b586295414dcaad3
89700173361,30166439020,Check URLs,build,completed,success,2026-07-25T16:50:49Z,2026-07-25T16:51:02Z,13,3487eea621f87f1896c3ed4fec58faa6bc978d8a
89700173621,30166439012,Generate and publish ONNX docs,build,completed,success,2026-07-25T16:50:49Z,2026-07-25T17:05:22Z,873,3487eea621f87f1896c3ed4fec58faa6bc978d8a
89699160387,30166057129,Generate and publish ONNX docs,build,completed,success,2026-07-25T16:39:16Z,2026-07-25T16:53:59Z,883,1a0b992af7ba5c5cc820ee350f76883ea8183658
89699160807,30166057116,Check URLs,build,completed,success,2026-07-25T16:39:16Z,2026-07-25T16:39:33Z,17,1a0b992af7ba5c5cc820ee350f76883ea8183658
89849757936,30164578511,Check URLs,build,completed,success,2026-07-26T22:36:02Z,2026-07-26T22:36:22Z,20,c749c3f5add32b935a9bcb5ce15615e48ae659a9
89849758441,30164578559,Generate and publish ONNX docs,build,completed,success,2026-07-26T22:36:02Z,2026-07-26T22:51:27Z,925,c749c3f5add32b935a9bcb5ce15615e48ae659a9
90340894241,30378716895,Generate and publish ONNX docs,build,completed,success,2026-07-28T16:32:29Z,2026-07-28T16:47:54Z,925,1f9d368f12c463a83169f7df36e66efc43e966f0
90312001595,30370274098,Check URLs,build,completed,success,2026-07-28T14:49:30Z,2026-07-28T14:49:49Z,19,d23419a25c68cfd972a495765c433e8aee2f6b68
90311989478,30370270018,Generate and publish ONNX docs,build,completed,success,2026-07-28T14:49:27Z,2026-07-28T15:04:00Z,873,d23419a25c68cfd972a495765c433e8aee2f6b68
90294642510,30365227757,Generate and publish ONNX docs,build,completed,success,2026-07-28T13:48:28Z,2026-07-28T14:04:14Z,946,abca46237c4ad91ffd938ea67310347f02ad9c77
90294637748,30365226609,Check URLs,build,completed,success,2026-07-28T13:48:24Z,2026-07-28T13:48:37Z,13,abca46237c4ad91ffd938ea67310347f02ad9c77
90260237669,30354751256,Generate and publish ONNX docs,build,completed,success,2026-07-28T11:25:56Z,2026-07-28T11:41:54Z,958,1374a8e303dca35e4f087026cde395cccf832bd5
90244545557,30349863362,Generate and publish ONNX docs,build,completed,success,2026-07-28T10:13:08Z,2026-07-28T10:27:28Z,860,42f14a1a73640431239f3db9a05d64f88dcf2518
90210820930,30339231637,Generate and publish ONNX docs,build,completed,success,2026-07-28T07:39:17Z,2026-07-28T07:53:33Z,856,9ed8771b410d8623066a1190ff415090036413ab
90207741455,30338242721,Generate and publish ONNX docs,build,completed,success,2026-07-28T07:23:46Z,2026-07-28T07:38:32Z,886,58f09ab2251b4378af0805b49b8d0c94fefe13e0
90207580350,30338189382,Check URLs,build,completed,success,2026-07-28T07:23:02Z,2026-07-28T07:23:15Z,13,96e1622a14578371733d62fc7fe6fe6ce5aca9a7
90207580555,30338189401,Generate and publish ONNX docs,build,completed,success,2026-07-28T07:22:58Z,2026-07-28T07:39:05Z,967,96e1622a14578371733d62fc7fe6fe6ce5aca9a7
90205520389,30337507187,Generate and publish ONNX docs,build,completed,success,2026-07-28T07:12:07Z,2026-07-28T07:27:13Z,906,3044ba4f4f8f63dd26d2bfd1e4c3544fdf373c55
90204879843,30337296426,Check URLs,build,completed,failure,2026-07-28T07:08:48Z,2026-07-28T07:09:00Z,12,20abcb420a765abac5e70d41cc72933def11a83b
90204879641,30337296390,Generate and publish ONNX docs,build,completed,success,2026-07-28T07:08:40Z,2026-07-28T07:20:41Z,721,20abcb420a765abac5e70d41cc72933def11a83b
90199740724,30335618989,Generate and publish ONNX docs,build,completed,success,2026-07-28T06:40:54Z,2026-07-28T06:58:08Z,1034,0b50c5c81fa7f01ea457fbf4719a01c959777c1f
90194370195,30333809568,Generate and publish ONNX docs,build,completed,success,2026-07-28T06:08:16Z,2026-07-28T06:22:00Z,824,72b8b1314bfc1fcfdea5f0521d6be1a992af3e9a
90178950439,30328591827,Check URLs,build,completed,success,2026-07-28T04:23:10Z,2026-07-28T04:23:23Z,13,110e06544e863add56d90f6240fd38677aabe51a
90178950414,30328591864,Generate and publish ONNX docs,build,completed,success,2026-07-28T04:23:02Z,2026-07-28T04:37:49Z,887,110e06544e863add56d90f6240fd38677aabe51a
90178919835,30328581256,Generate and publish ONNX docs,build,completed,success,2026-07-28T04:22:53Z,2026-07-28T04:34:29Z,696,acc057691831bd04e25e9bf3135ddcc04687a488
90156833161,30321058273,Check URLs,build,completed,success,2026-07-28T01:42:58Z,2026-07-28T01:43:06Z,8,3fb5c33a58cf0c85e61e8440efa8c406d0eafcd1
90156833057,30321058252,Generate and publish ONNX docs,build,completed,success,2026-07-28T01:42:59Z,2026-07-28T01:58:41Z,942,3fb5c33a58cf0c85e61e8440efa8c406d0eafcd1
90155362480,30320479326,Generate and publish ONNX docs,build,completed,success,2026-07-28T01:32:58Z,2026-07-28T01:48:17Z,919,4ee965534aedd50ba4e6b96b129b3a2ed67e14eb
90112041662,30306535098,Generate and publish ONNX docs,build,completed,success,2026-07-27T21:21:56Z,2026-07-27T21:37:11Z,915,9d096bc8fee3abfd4ab5db4c37bbe33af193a4fd
90109668886,30305802377,Generate and publish ONNX docs,build,completed,success,2026-07-27T21:11:42Z,2026-07-27T21:29:19Z,1057,c44e10002f2ec6968e4dd9b7b675a761f27f3957
90109523943,30305759344,Check URLs,build,completed,success,2026-07-27T21:11:05Z,2026-07-27T21:11:22Z,17,68fffc3dcb40b76be588ac4aa39a4e36331f7cb7
90109524058,30305759424,Generate and publish ONNX docs,build,completed,success,2026-07-27T21:11:04Z,2026-07-27T21:27:50Z,1006,68fffc3dcb40b76be588ac4aa39a4e36331f7cb7
90106334370,30304816541,Check URLs,build,completed,success,2026-07-27T20:57:48Z,2026-07-27T20:58:06Z,18,8f84df6da77aa37ea19dff615ef8501149603aa3
90106333742,30304816394,Generate and publish ONNX docs,build,completed,success,2026-07-27T20:57:42Z,2026-07-27T21:14:25Z,1003,8f84df6da77aa37ea19dff615ef8501149603aa3
90155011395,30304748900,Generate and publish ONNX docs,build,completed,success,2026-07-28T01:30:28Z,2026-07-28T01:45:06Z,878,e520fc9eb8405ffae02b7a9db4fd9fd8fb5b861f
90105868434,30304677670,Generate and publish ONNX docs,build,completed,success,2026-07-27T20:55:49Z,2026-07-27T21:10:49Z,900,ae682b89846d982bae8b062ed6860253da8b4802
90104736636,30304330569,Generate and publish ONNX docs,build,completed,success,2026-07-27T20:51:00Z,2026-07-27T21:06:49Z,949,3792c449c052495ab20dff83ba156f6a78077288
90103939448,30304091590,Generate and publish ONNX docs,build,completed,success,2026-07-27T20:47:39Z,2026-07-27T21:02:55Z,916,627faad6d1fc28a173e27ce4a1eea20ef0f94895
90103329543,30303907310,Generate and publish ONNX docs,build,completed,success,2026-07-27T20:45:03Z,2026-07-27T20:57:49Z,766,0923f0a6283bd6d0c562b473ca822a185ae5df2b
90102750838,30303734724,Generate and publish ONNX docs,build,completed,success,2026-07-27T20:42:39Z,2026-07-27T20:57:00Z,861,3de367280ba5ce0eb73d0aefa835f6b1cd4be3f3
90102087853,30303538521,Check URLs,build,completed,failure,2026-07-27T20:40:02Z,2026-07-27T20:41:39Z,97,a33db3623ae34557b5ca5c7bcacaec246591befb
90102087488,30303538517,Generate and publish ONNX docs,build,completed,success,2026-07-27T20:39:53Z,2026-07-27T20:57:30Z,1057,a33db3623ae34557b5ca5c7bcacaec246591befb
90101165992,30303269532,Generate and publish ONNX docs,build,completed,success,2026-07-27T20:36:00Z,2026-07-27T20:46:49Z,649,33f08a67b03612f6ef11a2814aedd426e1ae0573
90097351984,30302127714,Generate and publish ONNX docs,build,completed,success,2026-07-27T20:20:10Z,2026-07-27T20:35:12Z,902,ec75e2df448853b9455281336f5227be2e01464d
90095761421,30301646056,Check URLs,build,completed,success,2026-07-27T20:13:23Z,2026-07-27T20:13:40Z,17,843b054b880e971132ac3dfc02eb96ff76a6d8ae
90095761537,30301646100,Generate and publish ONNX docs,build,completed,success,2026-07-27T20:13:23Z,2026-07-27T20:29:39Z,976,843b054b880e971132ac3dfc02eb96ff76a6d8ae
90092313279,30300609556,Check URLs,build,completed,success,2026-07-27T19:59:00Z,2026-07-27T19:59:18Z,18,c9fb9e9fc917721d91ddde505e04bae223e47edc
90092313453,30300609554,Generate and publish ONNX docs,build,completed,success,2026-07-27T19:58:54Z,2026-07-27T20:13:37Z,883,c9fb9e9fc917721d91ddde505e04bae223e47edc
90090815421,30300151815,Generate and publish ONNX docs,build,completed,success,2026-07-27T19:52:38Z,2026-07-27T20:06:51Z,853,366a47deff2414dbaf7e0e49f1aea29d28f46fa8
90081633100,30297382885,Generate and publish ONNX docs,build,completed,success,2026-07-27T19:14:36Z,2026-07-27T19:28:01Z,805,9e1e2664310a600627990b5bd23786b1f2ce2205
90081632256,30297382573,Check URLs,build,completed,success,2026-07-27T19:14:35Z,2026-07-27T19:14:54Z,19,9e1e2664310a600627990b5bd23786b1f2ce2205
90079405737,30295145079,Generate and publish ONNX docs,build,completed,success,2026-07-27T19:05:20Z,2026-07-27T19:20:53Z,933,dc7661fe3dc8b4e842d1088c7778f4849b9f9b4c
91503651416,30750523025,Check URLs,build,completed,failure,2026-08-02T13:43:04Z,2026-08-02T13:43:20Z,16,bc45e5f024f47153b94b078e56cb7b0e0d30a634
91503651437,30750523014,Generate and publish ONNX docs,build,completed,success,2026-08-02T13:43:04Z,2026-08-02T13:58:11Z,907,bc45e5f024f47153b94b078e56cb7b0e0d30a634
91491050551,30745791507,Generate and publish ONNX docs,build,completed,success,2026-08-02T11:27:54Z,2026-08-02T11:43:00Z,906,78634361ba1c9714046dd86661226b1c74a7f972
91478238040,30740977730,Generate and publish ONNX docs,build,completed,success,2026-08-02T09:02:49Z,2026-08-02T09:17:16Z,867,46b843ad8244f66d7ad66720b719bf986c85dda5
91477181278,30740590014,Generate and publish ONNX docs,build,completed,success,2026-08-02T08:51:20Z,2026-08-02T09:07:28Z,968,2b4aed7412a28713882f04cc887be9adc941b883
91466671916,30736704383,Generate and publish ONNX docs,build,completed,success,2026-08-02T06:52:18Z,2026-08-02T07:09:56Z,1058,f0011683efe144c0b6fbb6fb58c742e0a406088e
91458043127,30733580656,Generate and publish ONNX docs,build,completed,success,2026-08-02T05:08:18Z,2026-08-02T05:22:10Z,832,877f4803f48f110f9c9912a5c0e03868487f066b
91458043177,30733580682,Check URLs,build,completed,failure,2026-08-02T05:08:18Z,2026-08-02T05:08:37Z,19,877f4803f48f110f9c9912a5c0e03868487f066b
91457948771,30733546903,Generate and publish ONNX docs,build,completed,success,2026-08-02T05:07:10Z,2026-08-02T05:21:57Z,887,d7739fca22ac8b45e6a566278418edf2d92f9c74
91457948935,30733546991,Check URLs,build,completed,failure,2026-08-02T05:07:15Z,2026-08-02T05:07:31Z,16,d7739fca22ac8b45e6a566278418edf2d92f9c74
91457582758,30733418522,Check URLs,build,completed,failure,2026-08-02T05:03:02Z,2026-08-02T05:03:20Z,18,d7f1bde30ffb339766841778c35d358356748177
91457582671,30733418521,Generate and publish ONNX docs,build,completed,success,2026-08-02T05:03:02Z,2026-08-02T05:18:53Z,951,d7f1bde30ffb339766841778c35d358356748177
91453122173,30731708621,Check URLs,build,completed,failure,2026-08-02T04:03:55Z,2026-08-02T04:04:09Z,14,3a53746c8b0b0ab01bbdb3f360840739cf60c15a
91453122061,30731708574,Generate and publish ONNX docs,build,completed,success,2026-08-02T04:03:49Z,2026-08-02T04:17:10Z,801,3a53746c8b0b0ab01bbdb3f360840739cf60c15a
91441075954,30727239194,Generate and publish ONNX docs,build,completed,success,2026-08-02T01:32:46Z,2026-08-02T01:49:10Z,984,348d23d00b7a3dd0f13af98a04106d852e5917d9
91440787658,30727134048,Generate and publish ONNX docs,build,completed,success,2026-08-02T01:29:30Z,2026-08-02T01:44:40Z,910,057b1972d1236548e6efa8aaf0e3fffa6d14c698
91440570806,30727054488,Generate and publish ONNX docs,build,completed,success,2026-08-02T01:26:36Z,2026-08-02T01:41:11Z,875,d96301e71e5c3f33f29e6ce8745704539f2b39aa
91440399394,30726993022,Check URLs,build,completed,failure,2026-08-02T01:24:25Z,2026-08-02T01:24:42Z,17,a13b40f63ae0ec305af361982383f374a1072ac1
91440399313,30726992999,Generate and publish ONNX docs,build,completed,success,2026-08-02T01:24:24Z,2026-08-02T01:37:50Z,806,a13b40f63ae0ec305af361982383f374a1072ac1
91440169114,30726908875,Check URLs,build,completed,failure,2026-08-02T01:21:30Z,2026-08-02T01:21:49Z,19,01d2c71d7d7a5f19405542c8e859e671ab0f0ac5
91440169140,30726908886,Generate and publish ONNX docs,build,completed,success,2026-08-02T01:21:30Z,2026-08-02T01:35:47Z,857,01d2c71d7d7a5f19405542c8e859e671ab0f0ac5
91440123639,30726892395,Generate and publish ONNX docs,build,completed,success,2026-08-02T01:20:57Z,2026-08-02T01:35:55Z,898,beb9b7c3808b2c6c60e6f15cea377e841af66e0d
91440123536,30726892361,Check URLs,build,completed,failure,2026-08-02T01:20:59Z,2026-08-02T01:21:18Z,19,beb9b7c3808b2c6c60e6f15cea377e841af66e0d
91439813806,30726777447,Check URLs,build,completed,failure,2026-08-02T01:17:07Z,2026-08-02T01:17:23Z,16,5402fb45ac84112d3096768cbc22c95ef5fcd79c
91439813820,30726777451,Generate and publish ONNX docs,build,completed,success,2026-08-02T01:17:07Z,2026-08-02T01:32:14Z,907,5402fb45ac84112d3096768cbc22c95ef5fcd79c
91439700722,30726733084,Check URLs,build,completed,failure,2026-08-02T01:15:34Z,2026-08-02T01:15:52Z,18,0af241aca03a021e7ce63cbc83a706eb12de4828
91439700477,30726733081,Generate and publish ONNX docs,build,completed,success,2026-08-02T01:15:33Z,2026-08-02T01:30:31Z,898,0af241aca03a021e7ce63cbc83a706eb12de4828
91439637483,30726707304,Check URLs,build,completed,failure,2026-08-02T01:14:45Z,2026-08-02T01:15:06Z,21,1dee617793b4e13e729ddae1b805dd4b8f6f8f55
91439637545,30726707344,Generate and publish ONNX docs,build,completed,success,2026-08-02T01:14:45Z,2026-08-02T01:29:50Z,905,1dee617793b4e13e729ddae1b805dd4b8f6f8f55
91439587978,30726688477,Generate and publish ONNX docs,build,completed,success,2026-08-02T01:14:07Z,2026-08-02T01:29:03Z,896,9c2f7881e2841144738d4079b08448c2b59476b1
91439421224,30726623383,Generate and publish ONNX docs,build,completed,success,2026-08-02T01:12:01Z,2026-08-02T01:27:35Z,934,a18f351b048d0b37ed812bca6b1ca2e68a74c876
91439421073,30726623362,Check URLs,build,completed,failure,2026-08-02T01:11:59Z,2026-08-02T01:12:16Z,17,a18f351b048d0b37ed812bca6b1ca2e68a74c876
91439374777,30726606151,Generate and publish ONNX docs,build,completed,success,2026-08-02T01:11:31Z,2026-08-02T01:27:08Z,937,6d989e76657e94e16206925094f2bf49360e84af
91439374785,30726606168,Check URLs,build,completed,failure,2026-08-02T01:11:26Z,2026-08-02T01:11:46Z,20,6d989e76657e94e16206925094f2bf49360e84af
91439032456,30726481589,Generate and publish ONNX docs,build,completed,success,2026-08-02T01:07:19Z,2026-08-02T01:20:47Z,808,08a1faacfb76d0b5bf0a297f3bd7df0807e396d3
91439032531,30726481555,Check URLs,build,completed,failure,2026-08-02T01:07:19Z,2026-08-02T01:07:34Z,15,08a1faacfb76d0b5bf0a297f3bd7df0807e396d3
91439008190,30726472388,Generate and publish ONNX docs,build,completed,success,2026-08-02T01:07:02Z,2026-08-02T01:23:40Z,998,def0875e378a179f517bb85809befeade08b5d66
91439008358,30726472463,Check URLs,build,completed,failure,2026-08-02T01:07:02Z,2026-08-02T01:07:21Z,19,def0875e378a179f517bb85809befeade08b5d66
91438848446,30726411477,Generate and publish ONNX docs,build,completed,success,2026-08-02T01:05:11Z,2026-08-02T01:20:41Z,930,fac0cfc091b72748aefd6e3673592d5a007c07ac
91438841271,30726408680,Generate and publish ONNX docs,build,completed,success,2026-08-02T01:05:00Z,2026-08-02T01:20:20Z,920,93b2f6d5f460b88685ae4ebeeede21b9abab07e1
91438651772,30726338949,Check URLs,build,completed,failure,2026-08-02T01:02:45Z,2026-08-02T01:03:02Z,17,be32ee2d83cf52a65c853ee959054c95c6bef683
91438651855,30726338957,Generate and publish ONNX docs,build,completed,success,2026-08-02T01:02:45Z,2026-08-02T01:15:18Z,753,be32ee2d83cf52a65c853ee959054c95c6bef683
91407519430,30714442912,Check URLs,build,completed,failure,2026-08-01T19:17:33Z,2026-08-01T19:17:54Z,21,abf35fc8e96684a707bfc6b3578b61201873c3d5
91407519294,30714442911,Generate and publish ONNX docs,build,completed,success,2026-08-01T19:17:32Z,2026-08-01T19:32:43Z,911,abf35fc8e96684a707bfc6b3578b61201873c3d5
91407421921,30714406971,Generate and publish ONNX docs,build,completed,success,2026-08-01T19:16:32Z,2026-08-01T19:32:48Z,976,0a9caf9d277ed5350d488599bc604363a1c1a960
91407206943,30714325802,Generate and publish ONNX docs,build,completed,success,2026-08-01T19:14:19Z,2026-08-01T19:28:24Z,845,6cf450492db9cabb3dfc6673700b784ccd897346
91384599800,30705808870,Generate and publish ONNX docs,build,completed,success,2026-08-01T15:23:50Z,2026-08-01T15:39:42Z,952,6697288bddb3a8b57718688e479310481da758b7
91384599868,30705808881,Check URLs,build,completed,failure,2026-08-01T15:23:48Z,2026-08-01T15:24:03Z,15,6697288bddb3a8b57718688e479310481da758b7
91384245111,30705679948,Generate and publish ONNX docs,build,completed,success,2026-08-01T15:20:12Z,2026-08-01T15:36:53Z,1001,4ab1a959ab1270f808933a5a9f460d1f8dc7da8b
91384239901,30705677725,Generate and publish ONNX docs,build,completed,success,2026-08-01T15:20:09Z,2026-08-01T15:37:19Z,1030,7fa42c711163d7bab002380f8a2cecd1519ef156
91384036703,30705600586,Check URLs,build,completed,failure,2026-08-01T15:17:53Z,2026-08-01T15:18:13Z,20,6effaa9d8dc2623a728d0abe39fefdfe4ae7d9b3
91384036677,30705600566,Generate and publish ONNX docs,build,completed,success,2026-08-01T15:17:52Z,2026-08-01T15:34:10Z,978,6effaa9d8dc2623a728d0abe39fefdfe4ae7d9b3
91383099134,30705236054,Generate and publish ONNX docs,build,completed,success,2026-08-01T15:13:07Z,2026-08-01T15:28:24Z,917,7ed7a562277a94ec878591233b6d27972a9c1aab
91383082596,30705229817,Generate and publish ONNX docs,build,completed,success,2026-08-01T15:11:00Z,2026-08-01T15:26:11Z,911,38e6a55bbd184d79a478c6ad98ae16509a6bb1cb
91383076059,30705227113,Check URLs,build,completed,failure,2026-08-01T15:11:02Z,2026-08-01T15:11:18Z,16,86a7ff25706e6fe3384cfcd39535dade17e00156
91383075828,30705227060,Generate and publish ONNX docs,build,completed,success,2026-08-01T15:10:02Z,2026-08-01T15:25:01Z,899,86a7ff25706e6fe3384cfcd39535dade17e00156
91383056106,30705219257,Generate and publish ONNX docs,build,completed,success,2026-08-01T15:10:09Z,2026-08-01T15:27:07Z,1018,f55ed8a66a382019ebb61ae75b39783dcdd4e458
91383050264,30705216978,Generate and publish ONNX docs,build,completed,success,2026-08-01T15:08:03Z,2026-08-01T15:22:16Z,853,c47ce8b83aee9633c472bd1a70937f6ccb339bd9
91382932895,30705171014,Generate and publish ONNX docs,build,completed,success,2026-08-01T15:07:20Z,2026-08-01T15:23:28Z,968,26a07210700d41ff13eb157324be399fa0b0616b
91382926504,30705168608,Check URLs,build,completed,failure,2026-08-01T15:05:59Z,2026-08-01T15:06:20Z,21,7a93cff5a02640fd7b850f993995d5001b3abadb
91382926420,30705168583,Generate and publish ONNX docs,build,completed,success,2026-08-01T15:05:57Z,2026-08-01T15:21:02Z,905,7a93cff5a02640fd7b850f993995d5001b3abadb
91382906721,30705161267,Generate and publish ONNX docs,build,completed,success,2026-08-01T15:05:50Z,2026-08-01T15:22:18Z,988,6331d63658368b704a9016459c25addf454b442e
91382894547,30705156818,Generate and publish ONNX docs,build,completed,success,2026-08-01T15:05:37Z,2026-08-01T15:20:49Z,912,0015da105c371b757bb22a2642719853ec678492
91382773930,30705110943,Generate and publish ONNX docs,build,completed,success,2026-08-01T15:04:21Z,2026-08-01T15:19:35Z,914,3022ce329ce7a585da0d9456f745d52deb244e4a
91382678608,30705075031,Generate and publish ONNX docs,build,completed,success,2026-08-01T15:03:20Z,2026-08-01T15:18:43Z,923,d1fbbc64f095e8d9d89fcc6422b01ed030a141d1
91382669986,30705071946,Generate and publish ONNX docs,build,completed,success,2026-08-01T15:03:13Z,2026-08-01T15:15:46Z,753,0c00275d9d38de052c384b42499c67ea9b9db323
91382643252,30705062219,Generate and publish ONNX docs,build,completed,success,2026-08-01T15:02:56Z,2026-08-01T15:17:50Z,894,bc51a55ad2e56ecf7c7a4581ec7dd2888c66d078
91382638626,30705060863,Generate and publish ONNX docs,build,completed,success,2026-08-01T15:02:54Z,2026-08-01T15:17:05Z,851,067087ec446020f58f22f019e9bce7f1db3bd00e
91382629030,30705057307,Generate and publish ONNX docs,build,completed,success,2026-08-01T15:02:48Z,2026-08-01T15:19:59Z,1031,4c2357980b3320a79ed2ad08d2288e5c8f1304d4
91382620961,30705054470,Generate and publish ONNX docs,build,completed,success,2026-08-01T15:02:47Z,2026-08-01T15:15:06Z,739,294ab1c326ba6d59da9a80d1e63e85a4d26a651d
91378265080,30703418558,Check URLs,build,completed,failure,2026-08-01T14:16:12Z,2026-08-01T14:16:28Z,16,05ba61a6f872220e7c8c6cf00cde5265838cdc97
91378265114,30703418560,Generate and publish ONNX docs,build,completed,success,2026-08-01T14:16:07Z,2026-08-01T14:31:45Z,938,05ba61a6f872220e7c8c6cf00cde5265838cdc97
91378210993,30703396980,Check URLs,build,completed,failure,2026-08-01T14:15:29Z,2026-08-01T14:15:50Z,21,e1b16741a09c3bfa5432059ed791c66285060cea
91378211208,30703397007,Generate and publish ONNX docs,build,completed,success,2026-08-01T14:15:30Z,2026-08-01T14:29:22Z,832,e1b16741a09c3bfa5432059ed791c66285060cea
91372826695,30701365620,Generate and publish ONNX docs,build,completed,success,2026-08-01T13:15:49Z,2026-08-01T13:33:46Z,1077,96ae99d952c85cd7de55cc90f2db8e42c4c26da8
91323979841,30683179023,Generate and publish ONNX docs,build,completed,failure,2026-08-01T04:03:28Z,2026-08-01T04:06:40Z,192,6243d4f31334a5630e98700771066ba9899a9764
91323047263,30682829692,Check URLs,build,completed,failure,2026-08-01T03:52:28Z,2026-08-01T03:52:48Z,20,7d9ac74283d500c377adb327ecddb803a2b4d9e3
91323047314,30682829697,Generate and publish ONNX docs,build,completed,success,2026-08-01T03:52:28Z,2026-08-01T04:08:01Z,933,7d9ac74283d500c377adb327ecddb803a2b4d9e3
91322650823,30682681386,Check URLs,build,completed,failure,2026-08-01T03:47:50Z,2026-08-01T03:48:10Z,20,57bb876250ecc07623a744512d94b44221fb3ed8
91322650848,30682681402,Generate and publish ONNX docs,build,completed,success,2026-08-01T03:47:44Z,2026-08-01T04:03:26Z,942,57bb876250ecc07623a744512d94b44221fb3ed8
91320492805,30681908169,Generate and publish ONNX docs,build,completed,success,2026-08-01T03:23:56Z,2026-08-01T03:38:57Z,901,b6892d0c0865be3ec43d6dcb9694085370b68bde
91320458475,30681897464,Check URLs,build,completed,failure,2026-08-01T03:23:35Z,2026-08-01T03:23:57Z,22,f700b21e86eb68727e9c78e87aba5078517e71ed
91320458387,30681897468,Generate and publish ONNX docs,build,completed,success,2026-08-01T03:23:35Z,2026-08-01T03:38:53Z,918,f700b21e86eb68727e9c78e87aba5078517e71ed
91320251595,30681826320,Generate and publish ONNX docs,build,completed,success,2026-08-01T03:21:21Z,2026-08-01T03:36:44Z,923,ed596e59acf5c9cbff9c196af0203d9042a19312
91312021465,30679000437,Generate and publish ONNX docs,build,completed,success,2026-08-01T01:57:07Z,2026-08-01T02:13:39Z,992,5a90553c5d46225445fae208c6ed6f1691d0acee
91312021466,30679000435,Check URLs,build,completed,failure,2026-08-01T01:57:01Z,2026-08-01T01:57:21Z,20,5a90553c5d46225445fae208c6ed6f1691d0acee
91302775425,30675836406,Check URLs,build,completed,failure,2026-08-01T00:33:45Z,2026-08-01T00:34:09Z,24,ac022da25942010f88356890a2923da2107d587c
91296352348,30673649060,Generate and publish ONNX docs,build,completed,success,2026-07-31T23:43:14Z,2026-07-31T23:59:31Z,977,b9a36b64f571d20d57aa1255ac9dd72613e10067
91295975115,30673520556,Generate and publish ONNX docs,build,completed,success,2026-07-31T23:40:19Z,2026-07-31T23:55:03Z,884,3653be4cbcfcf6bc1b1949ee35d1839369fa70d5
91293735030,30672753377,Check URLs,build,completed,failure,2026-07-31T23:23:38Z,2026-07-31T23:24:00Z,22,ac022da25942010f88356890a2923da2107d587c
91293734761,30672753363,Generate and publish ONNX docs,build,completed,success,2026-07-31T23:23:38Z,2026-07-31T23:38:13Z,875,ac022da25942010f88356890a2923da2107d587c
91230470922,30652979712,Check URLs,build,completed,failure,2026-07-31T17:53:51Z,2026-07-31T17:54:24Z,33,66e80a9da1180cd834f58e8a50674b8492d4b499
91230468981,30652979111,Generate and publish ONNX docs,build,completed,success,2026-07-31T17:53:56Z,2026-07-31T18:08:40Z,884,66e80a9da1180cd834f58e8a50674b8492d4b499
91229739782,30652752515,Check URLs,build,completed,failure,2026-07-31T17:50:38Z,2026-07-31T17:51:00Z,22,0357df6b380014cb66d2d63c9480414f5b21e42a
91229739363,30652752408,Generate and publish ONNX docs,build,completed,success,2026-07-31T17:50:37Z,2026-07-31T18:05:25Z,888,0357df6b380014cb66d2d63c9480414f5b21e42a
91225658046,30651522647,Generate and publish ONNX docs,build,completed,success,2026-07-31T17:31:53Z,2026-07-31T17:42:33Z,640,0411ab82b3c508264dc6d84decf105eddbda93e4
91225653706,30651521342,Check URLs,build,completed,failure,2026-07-31T17:31:58Z,2026-07-31T17:32:14Z,16,0411ab82b3c508264dc6d84decf105eddbda93e4
91224356329,30651130896,Generate and publish ONNX docs,build,completed,success,2026-07-31T17:25:53Z,2026-07-31T17:40:38Z,885,62f0cdc959ac5703cca88456075f3dc30baa8314
91224357749,30651131189,Check URLs,build,completed,failure,2026-07-31T17:25:59Z,2026-07-31T17:26:24Z,25,62f0cdc959ac5703cca88456075f3dc30baa8314
91220215411,30649874710,Generate and publish ONNX docs,build,completed,success,2026-07-31T17:06:43Z,2026-07-31T17:22:15Z,932,fff216e9b1c0f5fd5f5c0e4f26c43f5b951e8218
91218701801,30649403555,Check URLs,build,completed,failure,2026-07-31T17:00:01Z,2026-07-31T17:00:17Z,16,9ef07d367e45100cd51ef2105bfb6495ff409a4e
91218702658,30649403924,Generate and publish ONNX docs,build,completed,success,2026-07-31T17:00:03Z,2026-07-31T17:16:08Z,965,9ef07d367e45100cd51ef2105bfb6495ff409a4e
91213733337,30647893986,Generate and publish ONNX docs,build,completed,success,2026-07-31T16:37:55Z,2026-07-31T16:52:29Z,874,cf1f7fb160a36f354fce0cd3c6e2696ba8e755be
91213733314,30647893988,Check URLs,build,completed,failure,2026-07-31T16:38:01Z,2026-07-31T16:38:23Z,22,cf1f7fb160a36f354fce0cd3c6e2696ba8e755be
91203813146,30644916959,Generate and publish ONNX docs,build,completed,success,2026-07-31T15:55:00Z,2026-07-31T16:09:20Z,860,5af9c8ff455624537ad12923ecce6c1277019812
91203812856,30644916911,Check URLs,build,completed,failure,2026-07-31T15:55:07Z,2026-07-31T15:56:47Z,100,5af9c8ff455624537ad12923ecce6c1277019812
91187125023,30639978654,Generate and publish ONNX docs,build,completed,success,2026-07-31T14:45:49Z,2026-07-31T15:00:47Z,898,8ddbfd1c547eb117b80c5c7d804b3c30d837c1d4
91187124907,30639978675,Check URLs,build,completed,failure,2026-07-31T14:45:55Z,2026-07-31T14:46:19Z,24,8ddbfd1c547eb117b80c5c7d804b3c30d837c1d4
91174150709,30636151452,Generate and publish ONNX docs,build,completed,success,2026-07-31T13:51:33Z,2026-07-31T14:07:58Z,985,41924d4b04c39e4cf5528e8134249966bc73cf81
91171094406,30635252026,Generate and publish ONNX docs,build,completed,success,2026-07-31T13:38:12Z,2026-07-31T13:54:21Z,969,a5ea26bd2445f5546e09d07a8e009ea6df6a34f7
91171094905,30635252029,Check URLs,build,completed,success,2026-07-31T13:38:12Z,2026-07-31T13:38:21Z,9,a5ea26bd2445f5546e09d07a8e009ea6df6a34f7
91170711479,30635141651,Generate and publish ONNX docs,build,completed,success,2026-07-31T13:36:35Z,2026-07-31T13:51:35Z,900,7c54edc8802fb03b0c777af22a8cd275e78af941
91170709966,30635141601,Check URLs,build,completed,success,2026-07-31T13:36:34Z,2026-07-31T13:36:58Z,24,7c54edc8802fb03b0c777af22a8cd275e78af941
91158234917,30631363431,Generate and publish ONNX docs,build,completed,success,2026-07-31T12:38:46Z,2026-07-31T12:54:36Z,950,07a7ceda89bdd90de9b6599eeede6f36ecbf3a86
91153832974,30629984033,Generate and publish ONNX docs,build,completed,success,2026-07-31T12:16:07Z,2026-07-31T12:31:40Z,933,a0140ddbc4ce1073b5f3a5d4df11c41a45a2f9a9
91140165110,30625649708,Generate and publish ONNX docs,build,completed,success,2026-07-31T11:03:04Z,2026-07-31T11:19:09Z,965,400e743050475ddab4f6d7ffecb0e4fd09c54a2e
91107582616,30615484238,Check URLs,build,completed,success,2026-07-31T08:12:23Z,2026-07-31T08:12:40Z,17,12293453d6d96e60179e7e3c63e35139f9c68a7a
91107582963,30615484350,Generate and publish ONNX docs,build,completed,success,2026-07-31T08:12:30Z,2026-07-31T08:27:48Z,918,12293453d6d96e60179e7e3c63e35139f9c68a7a
91074624870,30604750688,Generate and publish ONNX docs,build,completed,success,2026-07-31T04:40:25Z,2026-07-31T04:57:36Z,1031,2b893e39b86dccb95ce18faa2345b8c38e9110e2
91074597582,30604740780,Generate and publish ONNX docs,build,completed,success,2026-07-31T04:40:08Z,2026-07-31T04:55:18Z,910,922291bb12e3578e742d1d800bd84e0955e4b6bf
91074466461,30604696676,Check URLs,build,completed,success,2026-07-31T04:39:04Z,2026-07-31T04:39:24Z,20,0e4703b020a87561df8d9fb06df0d225a84d831f
91074466468,30604696706,Generate and publish ONNX docs,build,completed,success,2026-07-31T04:39:09Z,2026-07-31T04:51:26Z,737,0e4703b020a87561df8d9fb06df0d225a84d831f
91066534194,30602008269,Check URLs,build,completed,success,2026-07-31T03:36:43Z,2026-07-31T03:37:07Z,24,c2eef957fe25a80d884f97b90fd27980c3e54a25
91066534336,30602008290,Generate and publish ONNX docs,build,completed,success,2026-07-31T03:36:44Z,2026-07-31T03:52:13Z,929,c2eef957fe25a80d884f97b90fd27980c3e54a25
91016733163,30585808295,Generate and publish ONNX docs,build,completed,success,2026-07-30T22:04:16Z,2026-07-30T22:19:09Z,893,c3d96de8c2dbf88b2caac757007962b9f1dbda77
91011865218,30584281846,Generate and publish ONNX docs,build,completed,success,2026-07-30T21:39:56Z,2026-07-30T21:54:40Z,884,adf8d1ec350460820496f80300955e6264a9501c
90980298250,30574812361,Generate and publish ONNX docs,build,completed,success,2026-07-30T19:26:12Z,2026-07-30T19:42:41Z,989,f5a18f4c025c21591b2c6b87c8964e871985b913
91289126927,30572287456,Generate and publish ONNX docs,build,completed,success,2026-07-31T22:51:12Z,2026-07-31T23:05:16Z,844,8f38db66a208b431fcc828965d9561db23e58b1e
90946892108,30564911064,Generate and publish ONNX docs,build,completed,success,2026-07-30T17:12:06Z,2026-07-30T17:28:28Z,982,cebec03e7335457b36568fb63d3e83a950ab1c7c
90937324482,30562065030,Generate and publish ONNX docs,build,completed,success,2026-07-30T16:34:44Z,2026-07-30T16:47:51Z,787,ffd7858c396692efc0cd0396369f55876d869c34
90936111645,30561707252,Generate and publish ONNX docs,build,completed,success,2026-07-30T16:29:47Z,2026-07-30T16:44:52Z,905,4964c0dd677563a88fc8e5289448aeadf28ce84c
90927266780,30559127249,Generate and publish ONNX docs,build,completed,success,2026-07-30T15:56:28Z,2026-07-30T16:11:46Z,918,bbf7bdf7b84c7742ae9e87182cf1742ce21f6562
91013086494,30554149048,Generate and publish ONNX docs,build,completed,success,2026-07-30T21:45:48Z,2026-07-30T21:58:35Z,767,d5834d4cfd8395e5e802912e3156f8fe3f846b75
90879890414,30539647038,Generate and publish ONNX docs,build,completed,success,2026-07-30T13:05:08Z,2026-07-30T13:20:22Z,914,f0aa2b45a6cec8f04c9b75253c017e3010659bac
90837096344,30532260857,Generate and publish ONNX docs,build,completed,success,2026-07-30T09:50:03Z,2026-07-30T10:07:12Z,1029,b4c6bba5dc11a0e20854462ccd28376b809f6fd1
90829109140,30529568583,Generate and publish ONNX docs,build,completed,success,2026-07-30T09:12:57Z,2026-07-30T09:28:17Z,920,6822c403524f6f07c53777641366d36dd7bef3d3
90829109980,30529568592,Check URLs,build,completed,success,2026-07-30T09:12:50Z,2026-07-30T09:12:58Z,8,6822c403524f6f07c53777641366d36dd7bef3d3
90794652430,30518869664,Generate and publish ONNX docs,build,completed,success,2026-07-30T06:12:31Z,2026-07-30T06:27:41Z,910,6ec042158a0269d7a6aae044f7c1678ee1aea89b
90785017668,30515741607,Generate and publish ONNX docs,build,completed,success,2026-07-30T05:07:35Z,2026-07-30T05:24:09Z,994,512e5d4e7836f0a9147d4df7c86f258b8f393965
90785018008,30515741671,Check URLs,build,completed,success,2026-07-30T05:07:30Z,2026-07-30T05:07:53Z,23,512e5d4e7836f0a9147d4df7c86f258b8f393965
90760273174,30507484862,Generate and publish ONNX docs,build,completed,success,2026-07-30T02:05:32Z,2026-07-30T02:20:38Z,906,8a532731f289bb8766eba75e6043b7ec3e0f1215
90760189452,30507454354,Generate and publish ONNX docs,build,completed,success,2026-07-30T02:04:51Z,2026-07-30T02:19:28Z,877,6ccc5a27c4cf2532ea47b53e0cbcfe524e7799ba
90758234374,30506798914,Generate and publish ONNX docs,build,completed,success,2026-07-30T01:51:12Z,2026-07-30T02:06:16Z,904,57c9eac659d81b1ebd4c54ce59762f79c86f72c5
90758159293,30506773989,Generate and publish ONNX docs,build,completed,success,2026-07-30T01:50:31Z,2026-07-30T02:06:29Z,958,c2f238ebd4fc42e4939b05bc4a565c8379590cc9
90608081007,30461394121,Generate and publish ONNX docs,build,completed,success,2026-07-29T14:32:46Z,2026-07-29T14:47:35Z,889,b2244dcc0c22876ad4cbc8f60aa03fe4a4653eee
90604255515,30460281443,Generate and publish ONNX docs,build,completed,success,2026-07-29T14:19:21Z,2026-07-29T14:34:00Z,879,636f310968c1fa07420d9b93dc8a4192ac441abf
90573995005,30451380404,Check URLs,build,completed,success,2026-07-29T12:23:25Z,2026-07-29T12:23:45Z,20,84cac55d436fb4575e703195fc66d018b08f59aa
90573996296,30451380777,Generate and publish ONNX docs,build,completed,success,2026-07-29T12:23:26Z,2026-07-29T12:37:56Z,870,84cac55d436fb4575e703195fc66d018b08f59aa
90554454956,30442605769,Generate and publish ONNX docs,build,completed,success,2026-07-29T10:53:33Z,2026-07-29T11:08:03Z,870,a4b5446709879685e380f693a39614326a3835e5
90554453022,30442605484,Check URLs,build,completed,success,2026-07-29T10:53:32Z,2026-07-29T10:53:52Z,20,a4b5446709879685e380f693a39614326a3835e5
90538283122,30440302054,Generate and publish ONNX docs,build,completed,success,2026-07-29T09:38:46Z,2026-07-29T09:54:25Z,939,eb27b1ee655d7ecec3428530aa06a5fa48fb3850
90538473866,30439216707,Generate and publish ONNX docs,build,completed,success,2026-07-29T09:39:37Z,2026-07-29T09:55:27Z,950,c40e7c5eb4425abd98e185bbe4ea7313159df665
91624273131,30794294163,Check URLs,build,completed,failure,2026-08-03T07:37:01Z,2026-08-03T07:37:43Z,42,9c1f8549105ef0381640ca6c658567464016c77f
91595522443,30784550034,Generate and publish ONNX docs,build,completed,success,2026-08-03T04:28:49Z,2026-08-03T04:43:51Z,902,a650d1a8e2b1d3970e3966fc6a6cc0eb05e79fd2
91574428190,30777057286,Generate and publish ONNX docs,build,completed,success,2026-08-03T01:31:26Z,2026-08-03T01:48:00Z,994,6f54c2fa018d4d0a0179dc8759b23e805a4eb621
91569540495,30775293208,Check URLs,build,completed,failure,2026-08-03T00:47:13Z,2026-08-03T00:47:30Z,17,877687a5279ab697ef39d493407bef7c337e241f
91569540452,30775293206,Generate and publish ONNX docs,build,completed,success,2026-08-03T00:47:19Z,2026-08-03T01:02:05Z,886,877687a5279ab697ef39d493407bef7c337e241f
91569037845,30775112482,Generate and publish ONNX docs,build,completed,success,2026-08-03T00:42:42Z,2026-08-03T00:57:23Z,881,54f105df3c09b36055c41a73074674a6d51332bb
92769284915,31147298752,Generate and publish ONNX docs,build,completed,success,2026-08-07T04:24:09Z,2026-08-07T04:40:14Z,965,f8f3dff0f251585bbbc69348490a986203f18d6f
92742970108,31138442016,Check URLs,build,completed,success,2026-08-07T01:34:15Z,2026-08-07T01:34:23Z,8,ff450f2ca0f4709fc35c9f649b7841a5ac28531f
92742969975,31138441981,Generate and publish ONNX docs,build,completed,success,2026-08-07T01:34:15Z,2026-08-07T01:46:41Z,746,ff450f2ca0f4709fc35c9f649b7841a5ac28531f
92741659834,31138002664,Check URLs,build,completed,success,2026-08-07T01:26:09Z,2026-08-07T01:26:27Z,18,f923bbae71aaf3b6577d5e1d1baf33dcfe4cb006
92741660073,31138002750,Generate and publish ONNX docs,build,completed,success,2026-08-07T01:26:16Z,2026-08-07T01:40:54Z,878,f923bbae71aaf3b6577d5e1d1baf33dcfe4cb006
92673568813,31118417258,Check URLs,build,completed,cancelled,2026-08-06T16:03:08Z,2026-08-06T16:18:09Z,901,1d4fd0e29adfcdcb58dd048c3231beed4c25c921
92673574774,31118417319,Generate and publish ONNX docs,build,completed,cancelled,2026-08-06T16:03:10Z,2026-08-06T16:18:11Z,901,1d4fd0e29adfcdcb58dd048c3231beed4c25c921
92666313128,31116215422,Generate and publish ONNX docs,build,completed,success,2026-08-06T15:31:18Z,2026-08-06T15:46:03Z,885,3ca35d099f38c763841f01f2ea2fce405ae0c805
92665482472,31115973591,Generate and publish ONNX docs,build,completed,success,2026-08-06T15:28:10Z,2026-08-06T15:43:33Z,923,7d372fe895c93e9cc47f8bca096bd757f7733604
92665482201,31115973433,Check URLs,build,completed,success,2026-08-06T15:28:11Z,2026-08-06T15:28:23Z,12,7d372fe895c93e9cc47f8bca096bd757f7733604
92665402514,31115950318,Generate and publish ONNX docs,build,completed,success,2026-08-06T15:27:52Z,2026-08-06T15:42:22Z,870,21befbee47e85fc2050591279cbdc8f45ca2f4e5
92659488997,31114213369,Generate and publish ONNX docs,build,completed,success,2026-08-06T15:06:09Z,2026-08-06T15:22:01Z,952,cbaeb4022c7609b54cb26b80b17fe0010e487037
92655040979,31112913357,Check URLs,build,completed,success,2026-08-06T14:51:11Z,2026-08-06T14:51:45Z,34,be20b36667798f0cd02f78ae4e17da476899403a
92655041315,31112913511,Generate and publish ONNX docs,build,completed,success,2026-08-06T14:51:16Z,2026-08-06T15:05:40Z,864,be20b36667798f0cd02f78ae4e17da476899403a
92638880822,31108234256,Generate and publish ONNX docs,build,completed,success,2026-08-06T13:55:27Z,2026-08-06T14:05:55Z,628,d45d28c351f9999f125b48146ebf97e61b0a76ff
92638870320,31108231106,Check URLs,build,completed,failure,2026-08-06T13:55:18Z,2026-08-06T13:57:24Z,126,d45d28c351f9999f125b48146ebf97e61b0a76ff
92638730860,31108189333,Generate and publish ONNX docs,build,completed,success,2026-08-06T13:54:48Z,2026-08-06T14:13:05Z,1097,61d62ef04dc07dbc67a386ec12402c3c142b7c58
92638720833,31108186365,Check URLs,build,completed,failure,2026-08-06T13:54:45Z,2026-08-06T13:56:35Z,110,61d62ef04dc07dbc67a386ec12402c3c142b7c58
92631250156,31106012144,Generate and publish ONNX docs,build,completed,success,2026-08-06T13:27:46Z,2026-08-06T13:43:01Z,915,4298311e2876ba09bf759d8f5a63c671a2ab653d
92621673904,31103202797,Generate and publish ONNX docs,build,completed,success,2026-08-06T12:51:18Z,2026-08-06T13:07:07Z,949,e1c9da31df1dddd9a9ed1fcfdd03fc7c83f2d15e
92621666515,31103202013,Check URLs,build,completed,success,2026-08-06T12:51:10Z,2026-08-06T12:51:20Z,10,e1c9da31df1dddd9a9ed1fcfdd03fc7c83f2d15e
92590725746,31093772037,Generate and publish ONNX docs,build,completed,success,2026-08-06T10:34:13Z,2026-08-06T10:46:36Z,743,8824ae64f6891eb74ea01f418ded0561bce25470
92590725759,31093771974,Check URLs,build,completed,success,2026-08-06T10:34:12Z,2026-08-06T10:34:19Z,7,8824ae64f6891eb74ea01f418ded0561bce25470
92586757203,31092561345,Check URLs,build,completed,success,2026-08-06T10:16:02Z,2026-08-06T10:16:11Z,9,603df5abaa7882577ab316e26695118814961f70
92586756732,31092561222,Generate and publish ONNX docs,build,completed,success,2026-08-06T10:16:03Z,2026-08-06T10:30:27Z,864,603df5abaa7882577ab316e26695118814961f70
92585942581,31092305396,Check URLs,build,completed,success,2026-08-06T10:12:24Z,2026-08-06T10:12:32Z,8,fe295d77dbf7ef6234997c1de8fc588d6b6de0a3
92585943799,31092305704,Generate and publish ONNX docs,build,completed,success,2026-08-06T10:12:24Z,2026-08-06T10:26:41Z,857,fe295d77dbf7ef6234997c1de8fc588d6b6de0a3
92584640427,31091901529,Generate and publish ONNX docs,build,completed,success,2026-08-06T10:06:31Z,2026-08-06T10:20:50Z,859,d73f042f256898db1cbcfd12b1363772361b9b98
92584636552,31091900173,Check URLs,build,completed,success,2026-08-06T10:06:29Z,2026-08-06T10:06:37Z,8,d73f042f256898db1cbcfd12b1363772361b9b98
92583412303,31091523665,Check URLs,build,completed,success,2026-08-06T10:01:11Z,2026-08-06T10:01:30Z,19,ae5865a400c205bc0287fd5b6d761b5c5488e16f
92583412447,31091523734,Generate and publish ONNX docs,build,completed,success,2026-08-06T10:01:10Z,2026-08-06T10:16:57Z,947,ae5865a400c205bc0287fd5b6d761b5c5488e16f
92582578210,31091266962,Generate and publish ONNX docs,build,completed,success,2026-08-06T09:57:34Z,2026-08-06T10:12:16Z,882,ae5865a400c205bc0287fd5b6d761b5c5488e16f
92582578211,31091266799,Check URLs,build,completed,success,2026-08-06T09:57:34Z,2026-08-06T09:57:42Z,8,ae5865a400c205bc0287fd5b6d761b5c5488e16f
92582352591,31091199472,Generate and publish ONNX docs,build,completed,success,2026-08-06T09:56:41Z,2026-08-06T10:13:31Z,1010,ea9bfccad319c1d58c0700ac35046f780445905f
92582348874,31091198369,Check URLs,build,completed,success,2026-08-06T09:56:41Z,2026-08-06T09:56:54Z,13,ea9bfccad319c1d58c0700ac35046f780445905f
92570819335,31087649487,Check URLs,build,completed,success,2026-08-06T09:05:58Z,2026-08-06T09:06:20Z,22,56271d56179c5728c953d9a0bf509cd5c0485c06
92570820616,31087648098,Generate and publish ONNX docs,build,completed,success,2026-08-06T09:06:05Z,2026-08-06T09:20:12Z,847,56271d56179c5728c953d9a0bf509cd5c0485c06
92563396188,31085352095,Generate and publish ONNX docs,build,completed,success,2026-08-06T08:33:03Z,2026-08-06T08:49:52Z,1009,54fdfa86b6f924718cff0635e22af9ffc2d0db5f
92563394344,31085351498,Check URLs,build,completed,success,2026-08-06T08:33:03Z,2026-08-06T08:33:27Z,24,54fdfa86b6f924718cff0635e22af9ffc2d0db5f
92555752661,31082950143,Generate and publish ONNX docs,build,completed,success,2026-08-06T07:57:56Z,2026-08-06T08:13:37Z,941,44188a528959383df73471ec224b6289fa623513
92553365704,31082209392,Check URLs,build,completed,success,2026-08-06T07:46:32Z,2026-08-06T07:46:55Z,23,1fe3441a370320035abaf8e455e1523961f23bc0
92553365647,31082209411,Generate and publish ONNX docs,build,completed,success,2026-08-06T07:46:32Z,2026-08-06T08:02:58Z,986,1fe3441a370320035abaf8e455e1523961f23bc0
92543423888,31079052567,Generate and publish ONNX docs,build,completed,success,2026-08-06T06:56:56Z,2026-08-06T07:12:14Z,918,a999c011daaa6e629ef9c726cf4a800a43acb0ac
92514183677,31069474148,Check URLs,build,completed,success,2026-08-06T03:49:00Z,2026-08-06T03:49:16Z,16,9a29eb4f02bac5a6cbe8c4df5d59bd6572551fff
92514184031,31069474190,Generate and publish ONNX docs,build,completed,success,2026-08-06T03:48:59Z,2026-08-06T03:58:48Z,589,9a29eb4f02bac5a6cbe8c4df5d59bd6572551fff
92432502920,31043261668,Generate and publish ONNX docs,build,completed,success,2026-08-05T20:16:01Z,2026-08-05T20:31:51Z,950,59ba803db8898f0a2b89aaf1741bdefe62c94533
92432498907,31043260503,Check URLs,build,completed,success,2026-08-05T20:16:01Z,2026-08-05T20:16:14Z,13,59ba803db8898f0a2b89aaf1741bdefe62c94533
92401923175,31034153713,Check URLs,build,completed,success,2026-08-05T18:19:08Z,2026-08-05T18:19:24Z,16,3e85ef5b5297973a7e3608d0bfc182673f6d4ace
92401922098,31034153305,Generate and publish ONNX docs,build,completed,success,2026-08-05T18:19:10Z,2026-08-05T18:35:21Z,971,3e85ef5b5297973a7e3608d0bfc182673f6d4ace
92394192035,31031831868,Generate and publish ONNX docs,build,completed,success,2026-08-05T17:49:51Z,2026-08-05T18:04:25Z,874,7c6e9b2943f7bb5732023258f9d765ccd133af86
92394192328,31031831959,Check URLs,build,completed,success,2026-08-05T17:49:52Z,2026-08-05T17:49:59Z,7,7c6e9b2943f7bb5732023258f9d765ccd133af86
92387027602,31029717052,Generate and publish ONNX docs,build,completed,success,2026-08-05T17:22:32Z,2026-08-05T17:35:02Z,750,09f555aeed5673d20eda440c895911a8acf12fad
92380176357,31027674590,Generate and publish ONNX docs,build,completed,success,2026-08-05T16:56:47Z,2026-08-05T17:12:16Z,929,7cc81c9a0084796df9a6fb6a0fc0944152b67626
92373055587,31025584688,Generate and publish ONNX docs,build,completed,success,2026-08-05T16:30:29Z,2026-08-05T16:45:04Z,875,91fad37a520a863d2c0a8f47c29ec9824ee5a619
92372509481,31025427355,Generate and publish ONNX docs,build,completed,success,2026-08-05T16:28:24Z,2026-08-05T16:42:45Z,861,74ff8571fca98ea37697e6364990f4b4a2107af2
92372509650,31025427381,Check URLs,build,completed,success,2026-08-05T16:28:30Z,2026-08-05T16:28:39Z,9,74ff8571fca98ea37697e6364990f4b4a2107af2
92357340291,31020993159,Generate and publish ONNX docs,build,completed,success,2026-08-05T15:34:38Z,2026-08-05T15:49:28Z,890,aacdf231b84a00f11552e2fd08d717c1da93ab6c
92356557292,31020764636,Check URLs,build,completed,success,2026-08-05T15:31:57Z,2026-08-05T15:32:09Z,12,aa42afa48b6690222d44099fc7e187ab605a38d6
92356547171,31020761716,Generate and publish ONNX docs,build,completed,success,2026-08-05T15:32:04Z,2026-08-05T15:46:48Z,884,aa42afa48b6690222d44099fc7e187ab605a38d6
92351839832,31019390738,Generate and publish ONNX docs,build,completed,success,2026-08-05T15:15:46Z,2026-08-05T15:32:27Z,1001,7af563910d6a6cfc1fe83c9d4b97f795bfbec348
92351502740,31019289535,Check URLs,build,completed,success,2026-08-05T15:14:38Z,2026-08-05T15:14:45Z,7,665de4200aa97486aa0d843d561a30d8814303e8
92351502889,31019289534,Generate and publish ONNX docs,build,completed,success,2026-08-05T15:14:38Z,2026-08-05T15:30:26Z,948,665de4200aa97486aa0d843d561a30d8814303e8
92349174575,31018610714,Generate and publish ONNX docs,build,completed,success,2026-08-05T15:06:36Z,2026-08-05T15:22:10Z,934,d1226b3baa4cc8fb767d3c7e4b0d1061d8259ec8
92220033126,30979281526,Check URLs,build,completed,success,2026-08-05T05:49:07Z,2026-08-05T05:49:15Z,8,93a76893e1f89c073b099172b8d92b63559024bf
92220032960,30979281492,Generate and publish ONNX docs,build,completed,success,2026-08-05T05:49:11Z,2026-08-05T05:58:51Z,580,93a76893e1f89c073b099172b8d92b63559024bf
92207995077,30975317581,Generate and publish ONNX docs,build,completed,success,2026-08-05T04:30:19Z,2026-08-05T04:44:16Z,837,9d750adb52167c7488a4f1ca9ae9fec7cc38d721
92199864658,30972564617,Generate and publish ONNX docs,build,completed,success,2026-08-05T03:32:42Z,2026-08-05T03:43:57Z,675,121e8ac896837f5e31f122d086eb3ab7f7f2a0d7
92199713100,30972512875,Generate and publish ONNX docs,build,completed,success,2026-08-05T03:31:40Z,2026-08-05T03:46:35Z,895,13ae08f1fc13bdea7dd42ce293daaa5fc6c958ec
92185085508,30967680663,Generate and publish ONNX docs,build,completed,success,2026-08-05T01:52:31Z,2026-08-05T02:07:37Z,906,643dd20bdddd58fac6098408d1f83861ae29f4ba
92185085492,30967680650,Check URLs,build,completed,success,2026-08-05T01:52:37Z,2026-08-05T01:52:49Z,12,643dd20bdddd58fac6098408d1f83861ae29f4ba
92183538542,30967171387,Generate and publish ONNX docs,build,completed,success,2026-08-05T01:42:18Z,2026-08-05T01:56:46Z,868,36de2eac257a3181fd914917a170146149824ec3
92162364337,30960241395,Generate and publish ONNX docs,build,completed,success,2026-08-04T23:30:52Z,2026-08-04T23:47:27Z,995,3d00943864513982c3de4a3b3e824cd550bc3f26
92162212638,30960189957,Check URLs,build,completed,success,2026-08-04T23:30:05Z,2026-08-04T23:30:28Z,23,1da65ecfb76c23b65b57c9ffcf6a4913d780129e
92162212950,30960189973,Generate and publish ONNX docs,build,completed,success,2026-08-04T23:30:11Z,2026-08-04T23:44:41Z,870,1da65ecfb76c23b65b57c9ffcf6a4913d780129e
92152829070,30957168116,Generate and publish ONNX docs,build,completed,success,2026-08-04T22:38:54Z,2026-08-04T22:52:36Z,822,abd1bc24514133aa60c630ed2cc0d36eca707a57
92152663190,30957115836,Generate and publish ONNX docs,build,completed,success,2026-08-04T22:37:57Z,2026-08-04T22:51:59Z,842,fba2ac76ec921a17a9379f3e3dc6230cb40f01c0
92151001932,30956592683,Generate and publish ONNX docs,build,completed,success,2026-08-04T22:29:44Z,2026-08-04T22:45:54Z,970,119ff8ff33d5a36fe0f92ee73a067e572230d747
92145801878,30954986416,Generate and publish ONNX docs,build,completed,success,2026-08-04T22:04:50Z,2026-08-04T22:21:14Z,984,884af81fc169a306e04e621c53f618a3cb0cf948
92145379997,30954855410,Generate and publish ONNX docs,build,completed,success,2026-08-04T22:03:01Z,2026-08-04T22:18:15Z,914,509c3c3622c680dbc839951a0f4d86aa8d67f7a0
92144800884,30954672486,Generate and publish ONNX docs,build,completed,success,2026-08-04T22:00:25Z,2026-08-04T22:14:52Z,867,950e59beb5aa693985699634a7687173cc2473df
92144799129,30954671933,Check URLs,build,completed,success,2026-08-04T22:00:18Z,2026-08-04T22:00:32Z,14,950e59beb5aa693985699634a7687173cc2473df
92144787510,30954668068,Check URLs,build,completed,failure,2026-08-04T22:00:15Z,2026-08-04T22:00:29Z,14,77811a54568f1be364d941326b49200d17ed7a98
92144787754,30954668168,Generate and publish ONNX docs,build,completed,success,2026-08-04T22:01:42Z,2026-08-04T22:16:12Z,870,77811a54568f1be364d941326b49200d17ed7a98
92144781287,30954665987,Check URLs,build,completed,success,2026-08-04T22:00:14Z,2026-08-04T22:00:27Z,13,1215647dd6f62b2c5c9ca69ef232de78a375c709
92144781573,30954665954,Generate and publish ONNX docs,build,completed,success,2026-08-04T22:00:15Z,2026-08-04T22:15:57Z,942,1215647dd6f62b2c5c9ca69ef232de78a375c709
92144533868,30954589041,Check URLs,build,completed,success,2026-08-04T21:59:10Z,2026-08-04T21:59:29Z,19,a8f77b5b90fd8490071c57466b1ebc2706e05fcf
92144533705,30954589108,Generate and publish ONNX docs,build,completed,success,2026-08-04T21:59:04Z,2026-08-04T22:14:45Z,941,a8f77b5b90fd8490071c57466b1ebc2706e05fcf
92144271321,30954509127,Check URLs,build,completed,failure,2026-08-04T21:57:52Z,2026-08-04T21:58:15Z,23,dbac8e8bdceadaa20cbdb57b959be783508a1716
92144271517,30954509186,Generate and publish ONNX docs,build,completed,success,2026-08-04T21:57:52Z,2026-08-04T22:12:33Z,881,dbac8e8bdceadaa20cbdb57b959be783508a1716
92117788862,30946531326,Generate and publish ONNX docs,build,completed,success,2026-08-04T20:09:06Z,2026-08-04T20:25:38Z,992,e1b146ce26734a66bcad8205d55955721c91f8f0
92117886443,30946412671,Check URLs,build,completed,success,2026-08-04T20:09:28Z,2026-08-04T20:10:01Z,33,384af197bde6aa79d3d554c19ac10048b7906c30
92117892707,30946413581,Generate and publish ONNX docs,build,completed,success,2026-08-04T20:09:29Z,2026-08-04T20:24:04Z,875,384af197bde6aa79d3d554c19ac10048b7906c30
92103942087,30942433446,Generate and publish ONNX docs,build,completed,success,2026-08-04T19:15:25Z,2026-08-04T19:28:28Z,783,03267b1f335bf0c7a9b45b7b87310d893da81240
92103941854,30942433456,Check URLs,build,completed,success,2026-08-04T19:15:25Z,2026-08-04T19:15:39Z,14,03267b1f335bf0c7a9b45b7b87310d893da81240
92103687870,30942355643,Generate and publish ONNX docs,build,completed,success,2026-08-04T19:14:27Z,2026-08-04T19:29:59Z,932,6d6ba327c6bc9bf653ec430bf3ae272e85bc462a
92097815726,30940640494,Generate and publish ONNX docs,build,completed,success,2026-08-04T18:52:29Z,2026-08-04T19:08:51Z,982,6be0677fc22e74563e6eb472f931513aefe5648d
92097814165,30940640181,Check URLs,build,completed,success,2026-08-04T18:52:22Z,2026-08-04T18:52:57Z,35,6be0677fc22e74563e6eb472f931513aefe5648d
92075820687,30934122051,Generate and publish ONNX docs,build,completed,success,2026-08-04T17:29:17Z,2026-08-04T17:42:48Z,811,95c3f3fc0b2b00decb70b69d49ea73b1684c665d
92069564820,30932257772,Generate and publish ONNX docs,build,completed,success,2026-08-04T17:05:21Z,2026-08-04T17:21:12Z,951,49edaa917b863e4552f5f7e138225b993c406f34
92056847466,30928483729,Generate and publish ONNX docs,build,completed,success,2026-08-04T16:18:26Z,2026-08-04T16:34:10Z,944,fb636b2d9f357a91b495395cc655cbacc2332db5
91965682208,30901209364,Generate and publish ONNX docs,build,completed,success,2026-08-04T10:34:29Z,2026-08-04T10:48:37Z,848,d72c9bb37d05fdcfb32a522bf1a734770ef4ad9f
92115053153,30892273723,Generate and publish ONNX docs,build,completed,success,2026-08-04T19:58:37Z,2026-08-04T20:15:00Z,983,f816ae134c95f4fe177bc2e31b905705da4984dc
91919361445,30886688396,Check URLs,build,completed,success,2026-08-04T07:09:35Z,2026-08-04T07:09:44Z,9,9b94db4ff93b901f2242884b90e5a5d5c83a9009
91919361173,30886688321,Generate and publish ONNX docs,build,completed,success,2026-08-04T07:09:35Z,2026-08-04T07:24:15Z,880,9b94db4ff93b901f2242884b90e5a5d5c83a9009
91885737672,30875399468,Check URLs,build,completed,success,2026-08-04T03:40:00Z,2026-08-04T03:40:08Z,8,528cbdb577ac20a734d808be72451a107ad7fd89
91885737632,30875399439,Generate and publish ONNX docs,build,completed,success,2026-08-04T03:40:00Z,2026-08-04T03:52:40Z,760,528cbdb577ac20a734d808be72451a107ad7fd89
91875965498,30872078938,Generate and publish ONNX docs,build,completed,success,2026-08-04T02:32:16Z,2026-08-04T02:48:11Z,955,b1089e4f71b18da89883ffeb4a41686c3b036a3e
91855675716,30865287207,Check URLs,build,completed,success,2026-08-04T00:21:04Z,2026-08-04T00:21:26Z,22,18a44ebe7dce191db2ed3bf8daa9c0c33e8687cb
91855676052,30865287251,Generate and publish ONNX docs,build,completed,success,2026-08-04T00:21:05Z,2026-08-04T00:36:31Z,926,18a44ebe7dce191db2ed3bf8daa9c0c33e8687cb
92702033411,30844433371,Check URLs,build,completed,success,2026-08-06T19:41:04Z,2026-08-06T19:41:20Z,16,532fe63689ab7e1cfd0c8ac6534cd5f2f07364d1
91772007610,30839254817,Generate and publish ONNX docs,build,completed,success,2026-08-03T18:00:03Z,2026-08-03T18:14:28Z,865,e87025f8043f1a42ff78304a2981eaa663a2eda7
91771932322,30839231935,Generate and publish ONNX docs,build,completed,success,2026-08-03T17:59:38Z,2026-08-03T18:15:40Z,962,9ae72779ba54e7e4374ebd178bd338085d83a032
91770201747,30838709800,Generate and publish ONNX docs,build,completed,success,2026-08-03T17:52:46Z,2026-08-03T18:09:22Z,996,63af0dc6928ef1334d201508a853e5ba47f582e9
91757210549,30834790961,Check URLs,build,completed,success,2026-08-03T17:00:49Z,2026-08-03T17:01:04Z,15,5a1600c5612e65913512d751674d9be817d78c2e
91757209802,30834790605,Generate and publish ONNX docs,build,completed,success,2026-08-03T17:00:48Z,2026-08-03T17:15:59Z,911,5a1600c5612e65913512d751674d9be817d78c2e
91760222368,30834437984,Generate and publish ONNX docs,build,completed,success,2026-08-03T17:12:41Z,2026-08-03T17:25:43Z,782,777e8da3afaaf37a05ccd707c3e7b9819e50fc9b
91760229006,30834438639,Check URLs,build,completed,success,2026-08-03T17:12:43Z,2026-08-03T17:12:53Z,10,777e8da3afaaf37a05ccd707c3e7b9819e50fc9b
91755889494,30834391308,Generate and publish ONNX docs,build,completed,success,2026-08-03T16:55:41Z,2026-08-03T17:10:12Z,871,129e00fe67627992f335fc9c8818b5091bb3537f
91754369392,30833932395,Generate and publish ONNX docs,build,completed,success,2026-08-03T16:49:44Z,2026-08-03T17:07:19Z,1055,9fc5491ee2310e1ca9c5a37150ec317713c62b8f
91754272342,30833903798,Generate and publish ONNX docs,build,completed,success,2026-08-03T16:49:21Z,2026-08-03T17:04:05Z,884,787b6b19f31e3932ab9b8fc93362df762418f040
91754272280,30833903743,Check URLs,build,completed,success,2026-08-03T16:49:20Z,2026-08-03T16:49:28Z,8,787b6b19f31e3932ab9b8fc93362df762418f040
91754078791,30833848072,Generate and publish ONNX docs,build,completed,success,2026-08-03T16:48:35Z,2026-08-03T17:04:20Z,945,8a233665bdf1dffd612d4726a140d4fffc2acc35
91754080136,30833848417,Check URLs,build,completed,success,2026-08-03T16:48:36Z,2026-08-03T16:48:48Z,12,8a233665bdf1dffd612d4726a140d4fffc2acc35
91753641423,30833717538,Generate and publish ONNX docs,build,completed,success,2026-08-03T16:46:53Z,2026-08-03T17:01:52Z,899,fb4da4bb0fc95620f35d24e641d45408c0903423
91753641072,30833717555,Check URLs,build,completed,failure,2026-08-03T16:46:59Z,2026-08-03T16:47:07Z,8,fb4da4bb0fc95620f35d24e641d45408c0903423
91746420483,30831536089,Generate and publish ONNX docs,build,completed,success,2026-08-03T16:18:22Z,2026-08-03T16:31:42Z,800,1d50f8497e1c9646e795a2909a1e9495787ca990
91746420382,30831536044,Check URLs,build,completed,success,2026-08-03T16:18:18Z,2026-08-03T16:18:26Z,8,1d50f8497e1c9646e795a2909a1e9495787ca990
91745089747,30831140869,Generate and publish ONNX docs,build,completed,success,2026-08-03T16:13:06Z,2026-08-03T16:28:12Z,906,f48b0cfbe63d0bc8b22f5889eb7dfbf7492bb1b2
91745087000,30831140191,Check URLs,build,completed,success,2026-08-03T16:13:05Z,2026-08-03T16:13:14Z,9,f48b0cfbe63d0bc8b22f5889eb7dfbf7492bb1b2
91744957341,30831103148,Generate and publish ONNX docs,build,completed,success,2026-08-03T16:12:35Z,2026-08-03T16:26:42Z,847,67f0abc94e8a0e3d43666cb4166550e0e246faf2
91744953572,30831102146,Check URLs,build,completed,success,2026-08-03T16:12:34Z,2026-08-03T16:12:45Z,11,67f0abc94e8a0e3d43666cb4166550e0e246faf2
91743878617,30830784314,Generate and publish ONNX docs,build,completed,success,2026-08-03T16:08:30Z,2026-08-03T16:23:07Z,877,97895421fe3520dd1de8468e6ace271fd710000c
91743874569,30830783257,Check URLs,build,completed,success,2026-08-03T16:08:29Z,2026-08-03T16:08:38Z,9,97895421fe3520dd1de8468e6ace271fd710000c
91740982852,30829911801,Check URLs,build,completed,failure,2026-08-03T15:57:36Z,2026-08-03T15:57:43Z,7,0458aefc5e0ca12fa53ece44baf10810d0b84e3a
91740980622,30829911555,Generate and publish ONNX docs,build,completed,success,2026-08-03T15:57:30Z,2026-08-03T16:14:17Z,1007,0458aefc5e0ca12fa53ece44baf10810d0b84e3a
91736639970,30828632126,Check URLs,build,completed,failure,2026-08-03T15:41:01Z,2026-08-03T15:41:10Z,9,2a1e4d5d6ef4329778e955d2313bf1345cf59015
91736634215,30828630587,Generate and publish ONNX docs,build,completed,success,2026-08-03T15:41:00Z,2026-08-03T15:55:26Z,866,2a1e4d5d6ef4329778e955d2313bf1345cf59015
91735498625,30828298837,Generate and publish ONNX docs,build,completed,success,2026-08-03T15:36:43Z,2026-08-03T15:54:38Z,1075,82e4fd514a7ffe20f58348563dc5b295ecee0488
91733744076,30827780408,Generate and publish ONNX docs,build,completed,success,2026-08-03T15:30:08Z,2026-08-03T15:45:47Z,939,4495ea12db9378c3ec7414c29ec8ab11cfb38552
91736313163,30827780680,Check URLs,build,completed,failure,2026-08-03T15:39:47Z,2026-08-03T15:40:01Z,14,4495ea12db9378c3ec7414c29ec8ab11cfb38552
91728573103,30826264958,Generate and publish ONNX docs,build,completed,success,2026-08-03T15:10:53Z,2026-08-03T15:24:13Z,800,95fceefc0635a76407a682ec3e82f62c11a0c802
91728433668,30826223970,Generate and publish ONNX docs,build,completed,success,2026-08-03T15:10:28Z,2026-08-03T15:25:34Z,906,d356a8f89f91f6e56d8c0cc9b2de0b0eeeff88c8
91726290322,30825598143,Check URLs,build,completed,success,2026-08-03T15:02:45Z,2026-08-03T15:03:07Z,22,32056e0d8593d1dfdd14810b8cbd99d6872718ff
91726291060,30825598289,Generate and publish ONNX docs,build,completed,success,2026-08-03T15:02:45Z,2026-08-03T15:19:23Z,998,32056e0d8593d1dfdd14810b8cbd99d6872718ff
91726124456,30825549013,Check URLs,build,completed,success,2026-08-03T15:02:09Z,2026-08-03T15:02:19Z,10,42038efc7c3c3d1d34df237b00bd2831d666923b
91726113674,30825546059,Generate and publish ONNX docs,build,completed,success,2026-08-03T15:02:06Z,2026-08-03T15:17:35Z,929,42038efc7c3c3d1d34df237b00bd2831d666923b
91724786731,30825156727,Check URLs,build,completed,success,2026-08-03T14:57:27Z,2026-08-03T14:57:34Z,7,5c86230f7ab9dd7ddf81b79a7118c209202ac67d
91724787266,30825156635,Generate and publish ONNX docs,build,completed,success,2026-08-03T14:57:27Z,2026-08-03T15:13:52Z,985,5c86230f7ab9dd7ddf81b79a7118c209202ac67d
91716044844,30822609252,Check URLs,build,completed,success,2026-08-03T14:25:29Z,2026-08-03T14:25:38Z,9,b55794db29df33466532cd4658dfce08acbc4503
91716036290,30822607699,Generate and publish ONNX docs,build,completed,success,2026-08-03T14:25:25Z,2026-08-03T14:40:53Z,928,b55794db29df33466532cd4658dfce08acbc4503
91715048677,30822315813,Generate and publish ONNX docs,build,completed,success,2026-08-03T14:21:48Z,2026-08-03T14:37:13Z,925,319a08f97351695467ea7079ccc397c8e6283c6e
91714648466,30822200701,Generate and publish ONNX docs,build,completed,success,2026-08-03T14:20:14Z,2026-08-03T14:35:07Z,893,977c8c95dbad4a4a7b5b32930a95b3bd75be5b72
91712810212,30821659656,Generate and publish ONNX docs,build,completed,success,2026-08-03T14:13:24Z,2026-08-03T14:27:44Z,860,9b77becc02ea78db2eddbc9c3147b2c4662155f6
91708087146,30820254994,Check URLs,build,completed,success,2026-08-03T13:56:00Z,2026-08-03T13:56:18Z,18,04f2ec465d31fdce5851c7b7a004def46764310e
91708086965,30820254901,Generate and publish ONNX docs,build,completed,success,2026-08-03T13:55:59Z,2026-08-03T14:11:00Z,901,04f2ec465d31fdce5851c7b7a004def46764310e
91687324566,30814042947,Generate and publish ONNX docs,build,completed,success,2026-08-03T12:33:14Z,2026-08-03T12:47:53Z,879,2801ac7cb75570c2d0fc13b29f200382ccc5f7ab
91687324078,30814042740,Check URLs,build,completed,success,2026-08-03T12:33:20Z,2026-08-03T12:33:26Z,6,2801ac7cb75570c2d0fc13b29f200382ccc5f7ab
91685135246,30813373858,Generate and publish ONNX docs,build,completed,success,2026-08-03T12:23:25Z,2026-08-03T12:39:02Z,937,e27e5b37423b37b0634dc916bc61e37be2b7a1c0
91683351399,30812834055,Check URLs,build,completed,success,2026-08-03T12:15:23Z,2026-08-03T12:15:37Z,14,7e1874ba6ebaa3c0ffbc7b3bbd51e212358c4309
91683351392,30812834098,Generate and publish ONNX docs,build,completed,success,2026-08-03T12:15:30Z,2026-08-03T12:30:12Z,882,7e1874ba6ebaa3c0ffbc7b3bbd51e212358c4309
91678850934,30811431949,Generate and publish ONNX docs,build,completed,success,2026-08-03T11:55:24Z,2026-08-03T12:09:35Z,851,cf61f3543bfa4bb65a51ab9a5f570aad2540b32b
91679788286,30811432098,Check URLs,build,completed,success,2026-08-03T11:59:45Z,2026-08-03T12:00:07Z,22,cf61f3543bfa4bb65a51ab9a5f570aad2540b32b
91677757986,30811094634,Generate and publish ONNX docs,build,completed,success,2026-08-03T11:50:15Z,2026-08-03T12:05:33Z,918,485cd0922ce0bc6a225115e0095f1d0ef747240b
91677660357,30811064989,Generate and publish ONNX docs,build,completed,success,2026-08-03T11:49:55Z,2026-08-03T12:05:42Z,947,087f04d627e3fe3ae739e2ddd3fde7d8919ca0a4
91672350663,30809420835,Check URLs,build,completed,failure,2026-08-03T11:24:49Z,2026-08-03T11:25:12Z,23,2f74b34686fff43e7476c88352bbb169389ba36c
91672350782,30809420979,Generate and publish ONNX docs,build,completed,success,2026-08-03T11:24:41Z,2026-08-03T11:39:42Z,901,2f74b34686fff43e7476c88352bbb169389ba36c
91670495750,30808853616,Generate and publish ONNX docs,build,completed,success,2026-08-03T11:16:06Z,2026-08-03T11:29:34Z,808,e0f95676c9dffd36c50df9e9f6c55ac0835a4444
91670177634,30808755583,Generate and publish ONNX docs,build,completed,success,2026-08-03T11:14:39Z,2026-08-03T11:30:23Z,944,96fcd9600d75398f60680a198ae24a7da02e0e0d
91662626639,30806386424,Check URLs,build,completed,success,2026-08-03T10:38:46Z,2026-08-03T10:39:05Z,19,c79afe9e4a13c32ef09e6c129b9f7ffa9c10319b
91662626150,30806386418,Generate and publish ONNX docs,build,completed,success,2026-08-03T10:38:46Z,2026-08-03T10:53:40Z,894,c79afe9e4a13c32ef09e6c129b9f7ffa9c10319b
91661773031,30806117418,Check URLs,build,completed,failure,2026-08-03T10:34:40Z,2026-08-03T10:35:01Z,21,2cd248e8282c436a6c93ff5ed302df3701bfb577
91661772816,30806117397,Generate and publish ONNX docs,build,completed,success,2026-08-03T10:34:38Z,2026-08-03T10:50:47Z,969,2cd248e8282c436a6c93ff5ed302df3701bfb577
91661434133,30806010731,Generate and publish ONNX docs,build,completed,success,2026-08-03T10:33:02Z,2026-08-03T10:45:20Z,738,c982975b72950ffb1ec947c51db87c1a467891a9
91661434138,30806010864,Check URLs,build,completed,failure,2026-08-03T10:33:02Z,2026-08-03T10:33:23Z,21,c982975b72950ffb1ec947c51db87c1a467891a9
91661174528,30805928670,Generate and publish ONNX docs,build,completed,success,2026-08-03T10:31:46Z,2026-08-03T10:47:08Z,922,2109eff3b85d25984894751e4f1ad16063c8ccc3
91661174734,30805928842,Check URLs,build,completed,failure,2026-08-03T10:31:47Z,2026-08-03T10:32:09Z,22,2109eff3b85d25984894751e4f1ad16063c8ccc3
91655298707,30804091696,Generate and publish ONNX docs,build,completed,success,2026-08-03T10:04:55Z,2026-08-03T10:20:19Z,924,8f053c3fd8f8a1935ee38f9298b55b0134fe941b
91917076807,30802965696,Generate and publish ONNX docs,build,completed,success,2026-08-04T06:58:31Z,2026-08-04T07:15:17Z,1006,8ac720a8b4be7395563d40a350868960b8f87ad5
93217269451,31298197761,Generate and publish ONNX docs,build,completed,success,2026-08-09T07:59:31Z,2026-08-09T08:14:09Z,878,ae3a29b04b1a21a84b1e99b7dc67232ee9e75ab2
93193619235,31293100582,Check URLs,build,completed,success,2026-08-09T03:45:40Z,2026-08-09T03:45:48Z,8,20c3be4fd6b57275f40d80a6629c17c8d9a109a3
93193619321,31293100603,Generate and publish ONNX docs,build,completed,success,2026-08-09T03:45:45Z,2026-08-09T04:00:37Z,892,20c3be4fd6b57275f40d80a6629c17c8d9a109a3
93193446192,31293035547,Generate and publish ONNX docs,build,completed,success,2026-08-09T03:43:52Z,2026-08-09T03:58:25Z,873,ec4e255ed6e9a2b0008d839a17190db6c3a8e86e
93193379823,31293010622,Check URLs,build,completed,success,2026-08-09T03:43:11Z,2026-08-09T03:43:28Z,17,f391b0f65a198ef9eac270ca2c6b55d31bb9e45d
93193379850,31293010651,Generate and publish ONNX docs,build,completed,success,2026-08-09T03:43:11Z,2026-08-09T03:58:03Z,892,f391b0f65a198ef9eac270ca2c6b55d31bb9e45d
93191719195,31292404612,Generate and publish ONNX docs,build,completed,success,2026-08-09T03:25:49Z,2026-08-09T03:41:53Z,964,1d320a10146cd5ad132139e0955dded3b596ae03
93190931887,31292108658,Generate and publish ONNX docs,build,completed,success,2026-08-09T03:17:02Z,2026-08-09T03:32:38Z,936,35464cdab73c76659d298d643a52379d31b923d0
93103117136,31257530897,Generate and publish ONNX docs,build,completed,success,2026-08-08T12:33:59Z,2026-08-08T12:49:41Z,942,e6fa12024e37d329353fc2560c8e36427ad9f9f1
93101672765,31256953967,Check URLs,build,completed,success,2026-08-08T12:18:59Z,2026-08-08T12:19:15Z,16,8c2aa9b326ae291eb05a61654211183b93e9ac4c
93101672763,31256953975,Generate and publish ONNX docs,build,completed,success,2026-08-08T12:19:00Z,2026-08-08T12:33:46Z,886,8c2aa9b326ae291eb05a61654211183b93e9ac4c
93098923811,31255833086,Generate and publish ONNX docs,build,completed,success,2026-08-08T11:49:09Z,2026-08-08T12:04:57Z,948,856b349cc49999190a356ae390e0a4eac7743979
93098790065,31255774157,Generate and publish ONNX docs,build,completed,success,2026-08-08T11:47:36Z,2026-08-08T11:59:22Z,706,c253052ff380f0e40fe15c29303dbdc73240881a
93093843327,31253709359,Generate and publish ONNX docs,build,completed,success,2026-08-08T10:51:59Z,2026-08-08T11:07:22Z,923,a53bbc07b9d8eea454c9b6de6233f7e81ed9cc4d
93093798670,31253689961,Generate and publish ONNX docs,build,completed,success,2026-08-08T10:51:24Z,2026-08-08T11:06:50Z,926,0dd7987d73780e1801691e7465b63288a8bcab2b
93093798645,31253689963,Check URLs,build,completed,success,2026-08-08T10:51:25Z,2026-08-08T10:51:38Z,13,0dd7987d73780e1801691e7465b63288a8bcab2b
93090875201,31252489299,Check URLs,build,completed,failure,2026-08-08T10:18:23Z,2026-08-08T10:18:38Z,15,16dc9403c4d99c3db8441bdfff1a9b47997e3d42
93090875290,31252489339,Generate and publish ONNX docs,build,completed,success,2026-08-08T10:18:17Z,2026-08-08T10:33:00Z,883,16dc9403c4d99c3db8441bdfff1a9b47997e3d42
93090436393,31252308161,Generate and publish ONNX docs,build,completed,success,2026-08-08T10:13:24Z,2026-08-08T10:28:02Z,878,274257f4895a900332cdfc95da3b1f7774ff4f90
93090276482,31252245457,Generate and publish ONNX docs,build,completed,success,2026-08-08T10:11:40Z,2026-08-08T10:25:52Z,852,969e80e02663e27829218a0b4ee7e3b9d32a1e96
93089181373,31251802224,Generate and publish ONNX docs,build,completed,success,2026-08-08T09:59:52Z,2026-08-08T10:14:26Z,874,2703e5c61793ba103e4c9dec9592be1edf674c4d
93087260466,31251005432,Generate and publish ONNX docs,build,completed,success,2026-08-08T09:38:10Z,2026-08-08T09:53:01Z,891,bb46953189993a5a0d11f4a6b6802f419a05d031
93071215599,31244687879,Generate and publish ONNX docs,build,completed,success,2026-08-08T06:46:48Z,2026-08-08T07:01:15Z,867,31782da3b7a1d186370fabb10c4f534ac0933f72
93071215492,31244687843,Check URLs,build,completed,success,2026-08-08T06:46:48Z,2026-08-08T06:47:01Z,13,31782da3b7a1d186370fabb10c4f534ac0933f72
93071175197,31244672754,Generate and publish ONNX docs,build,completed,success,2026-08-08T06:46:24Z,2026-08-08T07:02:39Z,975,4698c6ae6e2551b7981046d45f2f21de16d5210f
93071143577,31244661284,Generate and publish ONNX docs,build,completed,success,2026-08-08T06:46:06Z,2026-08-08T07:00:52Z,886,926c9fe96614ab87e1ae80ec2aef62e4780bfe14
93070194585,31244283235,Check URLs,build,completed,success,2026-08-08T06:35:59Z,2026-08-08T06:36:20Z,21,b062c05c8b4f716cd867cda46b63f68310122590
93070194682,31244283251,Generate and publish ONNX docs,build,completed,success,2026-08-08T06:35:59Z,2026-08-08T06:46:45Z,646,b062c05c8b4f716cd867cda46b63f68310122590
93064965724,31242213243,Generate and publish ONNX docs,build,completed,success,2026-08-08T05:40:39Z,2026-08-08T05:55:48Z,909,a657500914f20b42e7ad830e08a3dca342fc9c28
93064965627,31242213248,Check URLs,build,completed,success,2026-08-08T05:40:33Z,2026-08-08T05:40:46Z,13,a657500914f20b42e7ad830e08a3dca342fc9c28
93061530212,31240889173,Generate and publish ONNX docs,build,completed,success,2026-08-08T05:05:01Z,2026-08-08T05:19:48Z,887,5b0630e849889deeadb903afe61ecba0221115ab
93061530037,31240889143,Check URLs,build,completed,success,2026-08-08T05:05:01Z,2026-08-08T05:05:13Z,12,5b0630e849889deeadb903afe61ecba0221115ab
93060844715,31240619500,Check URLs,build,completed,success,2026-08-08T04:57:43Z,2026-08-08T04:57:56Z,13,90a8187d60d9c29a2e3553502610c18dc7a5c6c6
93060844854,31240619502,Generate and publish ONNX docs,build,completed,success,2026-08-08T04:57:43Z,2026-08-08T05:13:14Z,931,90a8187d60d9c29a2e3553502610c18dc7a5c6c6
93057600910,31239369223,Check URLs,build,completed,success,2026-08-08T04:24:29Z,2026-08-08T04:24:45Z,16,de8115605675287f02a402f23a026eb076a1cda7
93057601055,31239369201,Generate and publish ONNX docs,build,completed,success,2026-08-08T04:24:35Z,2026-08-08T04:38:50Z,855,de8115605675287f02a402f23a026eb076a1cda7
93031114829,31229762369,Generate and publish ONNX docs,build,completed,success,2026-08-08T00:19:27Z,2026-08-08T00:34:02Z,875,94baa442285c2e0b064a55a77c40b2fb14871e29
93008221755,31221949365,Generate and publish ONNX docs,build,completed,success,2026-08-07T21:56:04Z,2026-08-07T22:12:43Z,999,3d327127f0f0a3bd50b69a77f6d5c6b7fb6e5acf
93005988813,31221210975,Generate and publish ONNX docs,build,completed,success,2026-08-07T21:44:44Z,2026-08-07T21:59:23Z,879,ec5edfcabb8414adbb0e45344424bb983ce8a7bd
92987416933,31215329040,Check URLs,build,completed,success,2026-08-07T20:19:15Z,2026-08-07T20:19:27Z,12,aeca076e722f6b1fa7c5ee4ac8c44f6dfe2faac9
92987415439,31215328642,Generate and publish ONNX docs,build,completed,success,2026-08-07T20:19:06Z,2026-08-07T20:34:42Z,936,aeca076e722f6b1fa7c5ee4ac8c44f6dfe2faac9
92984085350,31214294216,Generate and publish ONNX docs,build,completed,success,2026-08-07T20:04:57Z,2026-08-07T20:18:34Z,817,4152ebf8fbc53f372c4067295d21b53aae3056d2
92984085365,31214294170,Check URLs,build,completed,success,2026-08-07T20:04:57Z,2026-08-07T20:05:07Z,10,4152ebf8fbc53f372c4067295d21b53aae3056d2
92982309517,31213732763,Check URLs,build,completed,success,2026-08-07T19:57:21Z,2026-08-07T19:57:31Z,10,9b030e1df301f0d2894758b9145caa14c3bee3c5
92982312005,31213732812,Generate and publish ONNX docs,build,completed,success,2026-08-07T19:57:23Z,2026-08-07T20:12:02Z,879,9b030e1df301f0d2894758b9145caa14c3bee3c5
92967081940,31209026835,Generate and publish ONNX docs,build,completed,success,2026-08-07T18:53:42Z,2026-08-07T19:06:47Z,785,3ccf4a946bff09c596376a984bcdc91ee90484f9
92965667752,31208594757,Generate and publish ONNX docs,build,completed,success,2026-08-07T18:47:53Z,2026-08-07T19:02:13Z,860,fa41fcb62a0abd5acfca27dbd079e48155149248
92965662551,31208593580,Check URLs,build,completed,success,2026-08-07T18:47:58Z,2026-08-07T18:48:05Z,7,fa41fcb62a0abd5acfca27dbd079e48155149248
92945391618,31202437487,Check URLs,build,completed,success,2026-08-07T17:28:14Z,2026-08-07T17:28:22Z,8,17b5c357b6ef70500950074e88eeaafddc58131d
92945391002,31202437400,Generate and publish ONNX docs,build,completed,failure,2026-08-07T17:28:15Z,2026-08-07T17:29:47Z,92,17b5c357b6ef70500950074e88eeaafddc58131d
92934046682,31198965670,Generate and publish ONNX docs,build,completed,success,2026-08-07T16:43:54Z,2026-08-07T16:58:05Z,851,e5a5156a8218181715f68a0f59cf00ec312c4a44
92931458125,31198181988,Generate and publish ONNX docs,build,completed,failure,2026-08-07T16:34:03Z,2026-08-07T16:35:38Z,95,67877dd38da3d5d90bc3327150cb8778387b451a
92931455912,31198181430,Check URLs,build,completed,success,2026-08-07T16:34:04Z,2026-08-07T16:34:28Z,24,67877dd38da3d5d90bc3327150cb8778387b451a
92922540265,31195485907,Generate and publish ONNX docs,build,completed,success,2026-08-07T16:00:55Z,2026-08-07T16:16:30Z,935,48ca9e17e87c8ef09a830f1d2865c81c1e7afad2
92913647903,31192823765,Check URLs,build,completed,success,2026-08-07T15:29:04Z,2026-08-07T15:29:27Z,23,10a559e633ff636c54caf94943f1f2e453fb0737
92913645524,31192822997,Generate and publish ONNX docs,build,completed,success,2026-08-07T15:29:10Z,2026-08-07T15:44:28Z,918,10a559e633ff636c54caf94943f1f2e453fb0737
92912541454,31192499189,Generate and publish ONNX docs,build,completed,success,2026-08-07T15:25:09Z,2026-08-07T15:41:26Z,977,2899af66d474fcd367fd4c264b6ed91b15c2f97d
92913775834,31178661061,Generate and publish ONNX docs,build,completed,success,2026-08-07T15:29:35Z,2026-08-07T15:39:47Z,612,48896f7c70a8a23203d3961f34d3140f0cb2a9fa
92913778943,31178661096,Check URLs,build,completed,success,2026-08-07T15:29:38Z,2026-08-07T15:30:02Z,24,48896f7c70a8a23203d3961f34d3140f0cb2a9fa
92836292571,31168998554,Generate and publish ONNX docs,build,completed,success,2026-08-07T10:10:37Z,2026-08-07T10:25:00Z,863,d4da52832bec1379aa7989656d9f16cbca7b193b
92827877724,31166328159,Generate and publish ONNX docs,build,completed,success,2026-08-07T09:32:37Z,2026-08-07T09:49:18Z,1001,92c53b11a4f35b83a9d768b116c05fd4037541ce
92797983497,31156810359,Generate and publish ONNX docs,build,completed,success,2026-08-07T07:13:22Z,2026-08-07T07:28:03Z,881,0b1680b0debc511a13d808e4111865333353a5ff
92797981302,31156809714,Check URLs,build,completed,success,2026-08-07T07:13:20Z,2026-08-07T07:13:28Z,8,0b1680b0debc511a13d808e4111865333353a5ff
92793766807,31154516973,Generate and publish ONNX docs,build,completed,success,2026-08-07T06:51:24Z,2026-08-07T07:06:39Z,915,289692430ea996fc4b98a1f714173b72b98abdcf
92793771815,31154516919,Check URLs,build,completed,success,2026-08-07T06:51:24Z,2026-08-07T06:51:43Z,19,289692430ea996fc4b98a1f714173b72b98abdcf
93345615138,31352429778,Generate and publish ONNX docs,build,completed,success,2026-08-10T03:22:47Z,2026-08-10T03:38:01Z,914,50d26fb6cf776c539aac5b4b129c3d8a119cbfec
93324596637,31344780737,Check URLs,build,completed,success,2026-08-10T00:33:43Z,2026-08-10T00:34:05Z,22,1e58fd5ec22827961da788acc9ee3a6fb0c8467b
93324596686,31344780741,Generate and publish ONNX docs,build,completed,success,2026-08-10T00:33:43Z,2026-08-10T00:48:05Z,862,1e58fd5ec22827961da788acc9ee3a6fb0c8467b
93299071451,31334911638,Generate and publish ONNX docs,build,completed,success,2026-08-09T20:42:00Z,2026-08-09T20:55:41Z,821,bef566358296a8eff5ddcfd2eb34b1bd09a7901b
93599733454,31432728901,Check URLs,build,completed,success,2026-08-10T21:12:19Z,2026-08-10T21:12:28Z,9,ba1e26b1aec31a4fcda8c58f34914f0a1f3a932f
93599733501,31432728860,Generate and publish ONNX docs,build,completed,success,2026-08-10T21:12:13Z,2026-08-10T21:26:36Z,863,ba1e26b1aec31a4fcda8c58f34914f0a1f3a932f
93599590670,31432684335,Check URLs,build,completed,success,2026-08-10T21:11:37Z,2026-08-10T21:11:50Z,13,995642fced88c5ba19aa07670a6f3dc182a603f4
93596408632,31431701434,Generate and publish ONNX docs,build,completed,success,2026-08-10T20:59:24Z,2026-08-10T21:13:56Z,872,6c7af12aaef8d6fee0d6aefca42b25dbf16486c0
93582371379,31427439399,Generate and publish ONNX docs,build,completed,success,2026-08-10T20:07:02Z,2026-08-10T20:20:03Z,781,98ad67cba33786e60a4874c76923fd2affe87c92
93572151444,31424270775,Generate and publish ONNX docs,build,completed,success,2026-08-10T19:28:39Z,2026-08-10T19:44:01Z,922,f7b15e9d8d1a83a653864eb529241526d9d22e85
93503632912,31403374165,Generate and publish ONNX docs,build,completed,success,2026-08-10T15:24:09Z,2026-08-10T15:39:06Z,897,9969eea1ee016348668499172cf30790e6223ed0
93503621585,31403371061,Check URLs,build,completed,success,2026-08-10T15:24:07Z,2026-08-10T15:24:24Z,17,9969eea1ee016348668499172cf30790e6223ed0
93466983583,31392389565,Generate and publish ONNX docs,build,completed,success,2026-08-10T13:20:24Z,2026-08-10T13:35:35Z,911,3f11fc7bd3924140175fb268954cbd5feaff4ef0
93466981120,31392388959,Check URLs,build,completed,success,2026-08-10T13:20:30Z,2026-08-10T13:20:38Z,8,3f11fc7bd3924140175fb268954cbd5feaff4ef0
93452083061,31387784788,Generate and publish ONNX docs,build,completed,success,2026-08-10T12:23:29Z,2026-08-10T12:33:49Z,620,df82ebc6fae4d5172b7a3e4fd210130a0d90ef33
93452083599,31387784905,Check URLs,build,completed,success,2026-08-10T12:23:30Z,2026-08-10T12:23:42Z,12,df82ebc6fae4d5172b7a3e4fd210130a0d90ef33
93451992143,31387756576,Check URLs,build,completed,success,2026-08-10T12:23:08Z,2026-08-10T12:23:18Z,10,b9b4931fa1c212439d849f11c3c724ee48bc610c
93451991395,31387756446,Generate and publish ONNX docs,build,completed,success,2026-08-10T12:23:08Z,2026-08-10T12:37:56Z,888,b9b4931fa1c212439d849f11c3c724ee48bc610c
93445820034,31385805069,Generate and publish ONNX docs,build,completed,success,2026-08-10T11:57:35Z,2026-08-10T12:13:47Z,972,ccdcf6d1ff8dd18654e6360aa1a24beab8d52914
93445820233,31385805194,Check URLs,build,completed,success,2026-08-10T11:57:37Z,2026-08-10T11:57:47Z,10,ccdcf6d1ff8dd18654e6360aa1a24beab8d52914
93444337868,31385322034,Generate and publish ONNX docs,build,completed,success,2026-08-10T11:51:09Z,2026-08-10T12:07:32Z,983,2ebb895d5456dcf94f72eb9433b5810a9d19f12f
93444337730,31385322002,Check URLs,build,completed,success,2026-08-10T11:51:08Z,2026-08-10T11:51:15Z,7,2ebb895d5456dcf94f72eb9433b5810a9d19f12f
93443562120,31385072320,Check URLs,build,completed,success,2026-08-10T11:47:43Z,2026-08-10T11:47:57Z,14,42caf762af7f7a237db52b56ec1a6619a50fcb68
93443562081,31385072309,Generate and publish ONNX docs,build,completed,success,2026-08-10T11:47:43Z,2026-08-10T12:01:35Z,832,42caf762af7f7a237db52b56ec1a6619a50fcb68
93442198739,31384631607,Check URLs,build,completed,success,2026-08-10T11:41:47Z,2026-08-10T11:41:59Z,12,129b9d4148d194ebabe129e720fcb47037de221e
93442198707,31384631526,Generate and publish ONNX docs,build,completed,success,2026-08-10T11:41:46Z,2026-08-10T11:51:30Z,584,129b9d4148d194ebabe129e720fcb47037de221e
93441065409,31384266971,Check URLs,build,completed,success,2026-08-10T11:36:44Z,2026-08-10T11:36:58Z,14,39501e282d0741f766a77fe9d2a4eccc5f048008
93441065212,31384266921,Generate and publish ONNX docs,build,completed,success,2026-08-10T11:36:44Z,2026-08-10T11:52:10Z,926,39501e282d0741f766a77fe9d2a4eccc5f048008
94594437743,31714915638,Generate and publish ONNX docs,build,completed,success,2026-08-13T21:06:43Z,2026-08-13T21:20:36Z,833,a14f20fd47c7bd4915023a443c832c9584f93b89
94360121646,31672564584,Generate and publish ONNX docs,build,completed,success,2026-08-13T06:05:20Z,2026-08-13T06:16:28Z,668,cf26e7ee2b6bb3f9cc207af15f479c53822a58c5
94360122086,31672564600,Check URLs,build,completed,failure,2026-08-13T06:05:20Z,2026-08-13T06:05:37Z,17,cf26e7ee2b6bb3f9cc207af15f479c53822a58c5
94360057790,31672543282,Generate and publish ONNX docs,build,completed,success,2026-08-13T06:05:00Z,2026-08-13T06:19:03Z,843,9a669654f5d483328de1034310669699cb593939
94360057835,31672543293,Check URLs,build,completed,failure,2026-08-13T06:05:00Z,2026-08-13T06:05:21Z,21,9a669654f5d483328de1034310669699cb593939
94258976617,31639750231,Check URLs,build,completed,failure,2026-08-12T20:51:47Z,2026-08-12T20:52:23Z,36,62128efef885298099d96078f705c7f97a7c861d
94258976156,31639750237,Generate and publish ONNX docs,build,completed,success,2026-08-12T20:53:16Z,2026-08-12T21:08:35Z,919,62128efef885298099d96078f705c7f97a7c861d
94132324918,31602249417,Generate and publish ONNX docs,build,completed,success,2026-08-12T13:36:06Z,2026-08-12T13:51:32Z,926,8bd4ddc60e07d7582d84a53cc74170a3f1365853
94132325026,31602249494,Check URLs,build,completed,failure,2026-08-12T13:36:06Z,2026-08-12T13:36:25Z,19,8bd4ddc60e07d7582d84a53cc74170a3f1365853
94094044715,31590484963,Generate and publish ONNX docs,build,completed,success,2026-08-12T11:07:59Z,2026-08-12T11:26:20Z,1101,8f2423fca361a5cb9252b0df3414ed1484e13a3e
94087572012,31588434527,Generate and publish ONNX docs,build,completed,success,2026-08-12T10:40:20Z,2026-08-12T10:55:14Z,894,f22328760af167a44e9b86ec27c076426b6682b4
94087572437,31588434594,Check URLs,build,completed,success,2026-08-12T10:40:12Z,2026-08-12T10:40:20Z,8,f22328760af167a44e9b86ec27c076426b6682b4
94067523675,31582166796,Check URLs,build,completed,success,2026-08-12T09:16:40Z,2026-08-12T09:16:53Z,13,1820cba3a767d865f270686540bd85d842e59f35
94067523592,31582166784,Generate and publish ONNX docs,build,completed,failure,2026-08-12T09:16:33Z,2026-08-12T09:32:44Z,971,1820cba3a767d865f270686540bd85d842e59f35
94054742247,31578111462,Check URLs,build,completed,success,2026-08-12T08:23:30Z,2026-08-12T08:23:40Z,10,682ed40376ff06b117d1c21a132e2c662004878c
94054742149,31578111383,Generate and publish ONNX docs,build,completed,failure,2026-08-12T08:23:29Z,2026-08-12T08:38:03Z,874,682ed40376ff06b117d1c21a132e2c662004878c
94049899132,31576562765,Generate and publish ONNX docs,build,completed,failure,2026-08-12T08:02:47Z,2026-08-12T08:17:13Z,866,7ae6a54b7439df0bb9f6cc01df71c401d44c4c05
93770753795,31488976756,Generate and publish ONNX docs,build,completed,success,2026-08-11T11:57:49Z,2026-08-11T12:13:35Z,946,ce5688389e939a1798dbae02f0870de3f979de94
93768683218,31488310432,Generate and publish ONNX docs,build,completed,success,2026-08-11T11:48:57Z,2026-08-11T12:00:58Z,721,2b1af2be50ae7bd76aa469323a4aa9c3caee7793
93759827749,31485500646,Check URLs,build,completed,success,2026-08-11T11:11:11Z,2026-08-11T11:11:33Z,22,4d04a9b88c8484604874cb9fd5587b39155410b8
93759827771,31485500608,Generate and publish ONNX docs,build,completed,success,2026-08-11T11:11:10Z,2026-08-11T11:25:39Z,869,4d04a9b88c8484604874cb9fd5587b39155410b8
93665796811,31454634951,Generate and publish ONNX docs,build,completed,success,2026-08-11T03:11:02Z,2026-08-11T03:25:51Z,889,e5057122d5d503ea640ecdad495a600ce0848dd4
93634068708,31443925472,Generate and publish ONNX docs,build,completed,success,2026-08-10T23:51:28Z,2026-08-11T00:06:12Z,884,6a1de3b746e42a0ce194ec27176699c4c160acbd
93634068560,31443925442,Check URLs,build,completed,success,2026-08-10T23:51:28Z,2026-08-10T23:51:35Z,7,6a1de3b746e42a0ce194ec27176699c4c160acbd
93629646310,31442400439,Generate and publish ONNX docs,build,completed,success,2026-08-10T23:27:15Z,2026-08-10T23:41:01Z,826,5261bf581e4b92c15fbf53c8e01cc15725043125
93629646185,31442400415,Check URLs,build,completed,success,2026-08-10T23:27:21Z,2026-08-10T23:27:31Z,10,5261bf581e4b92c15fbf53c8e01cc15725043125
93623551159,31440350996,Check URLs,build,completed,success,2026-08-10T22:56:20Z,2026-08-10T22:56:29Z,9,3c3ebc02c56c438d512f2d50ae29bfb6c9285e9e
93623551205,31440351021,Generate and publish ONNX docs,build,completed,success,2026-08-10T22:56:19Z,2026-08-10T23:10:51Z,872,3c3ebc02c56c438d512f2d50ae29bfb6c9285e9e
93618728833,31438750044,Generate and publish ONNX docs,build,completed,success,2026-08-10T22:33:04Z,2026-08-10T22:48:50Z,946,1eddf0558edba80ae1aac79c8a71277cfdc5959d
93618728334,31438749899,Check URLs,build,completed,success,2026-08-10T22:32:56Z,2026-08-10T22:33:09Z,13,1eddf0558edba80ae1aac79c8a71277cfdc5959d
93615716066,31437779919,Check URLs,build,completed,success,2026-08-10T22:19:11Z,2026-08-10T22:19:20Z,9,0aa6e1a193cdb5760d61001089a416b865f95757
93615715660,31437779888,Generate and publish ONNX docs,build,completed,success,2026-08-10T22:19:07Z,2026-08-10T22:33:38Z,871,0aa6e1a193cdb5760d61001089a416b865f95757
93610634095,31436160125,Generate and publish ONNX docs,build,completed,success,2026-08-10T21:56:55Z,2026-08-10T22:12:17Z,922,24cd7ba792568817e15b48314ccc479bede8e0d2
93610632625,31436159320,Check URLs,build,completed,success,2026-08-10T21:57:01Z,2026-08-10T21:57:14Z,13,24cd7ba792568817e15b48314ccc479bede8e0d2
93609245027,31435705095,Generate and publish ONNX docs,build,completed,success,2026-08-10T21:50:51Z,2026-08-10T22:05:53Z,902,1d356c8d81fa36647206fe213a3225700d9fb13e
93604541855,31434209658,Generate and publish ONNX docs,build,completed,success,2026-08-10T21:31:12Z,2026-08-10T21:45:54Z,882,bb8cfab3d7346da8390a652b938318aea3a225e4
94888806657,31838093096,Generate and publish ONNX docs,build,completed,success,2026-08-14T20:28:57Z,2026-08-14T20:41:59Z,782,2020d8ba7d22ba037c5e8f533e12821c17cde821
94864728121,31830485117,Generate and publish ONNX docs,build,completed,success,2026-08-14T18:49:54Z,2026-08-14T19:04:55Z,901,dc835a814855caf223c08fd1f722d16a4dfda0ff
94864728463,31830485249,Check URLs,build,completed,failure,2026-08-14T18:49:52Z,2026-08-14T18:50:11Z,19,dc835a814855caf223c08fd1f722d16a4dfda0ff
94841584480,31823348808,Generate and publish ONNX docs,build,completed,success,2026-08-14T17:18:07Z,2026-08-14T17:30:25Z,738,41bae5710e98d74c10f6bcc01bba5eb9e91c88c4
94841089444,31823198182,Generate and publish ONNX docs,build,completed,success,2026-08-14T17:16:08Z,2026-08-14T17:31:01Z,893,15ff173305cfdf46057615ef31ba660207b0aceb
94840431554,31822991093,Generate and publish ONNX docs,build,completed,success,2026-08-14T17:13:30Z,2026-08-14T17:27:12Z,822,fe3178e4b8f21515839d7e3fd2976e17ba98496e
94840432377,31822991245,Check URLs,build,completed,failure,2026-08-14T17:13:30Z,2026-08-14T17:14:11Z,41,fe3178e4b8f21515839d7e3fd2976e17ba98496e
94834381783,31821147805,Check URLs,build,completed,failure,2026-08-14T16:49:51Z,2026-08-14T16:50:12Z,21,fa2fe73a5eee7cc3147b7a5d0c891a20900967e2
94834382800,31821147955,Generate and publish ONNX docs,build,completed,success,2026-08-14T16:49:51Z,2026-08-14T17:04:48Z,897,fa2fe73a5eee7cc3147b7a5d0c891a20900967e2
94830373608,31819901995,Generate and publish ONNX docs,build,completed,success,2026-08-14T16:33:35Z,2026-08-14T16:48:14Z,879,69177b02ddf4c632c1f9780ec4d4f101b584dcd6
94830373631,31819902003,Check URLs,build,completed,failure,2026-08-14T16:33:35Z,2026-08-14T16:33:54Z,19,69177b02ddf4c632c1f9780ec4d4f101b584dcd6
94817585889,31815962687,Check URLs,build,completed,failure,2026-08-14T15:44:23Z,2026-08-14T15:44:38Z,15,b54644fe69ec968528636fa1fb5c2188a4ae18d2
94817586099,31815962697,Generate and publish ONNX docs,build,completed,success,2026-08-14T15:44:23Z,2026-08-14T15:58:13Z,830,b54644fe69ec968528636fa1fb5c2188a4ae18d2
94812565446,31814428247,Generate and publish ONNX docs,build,completed,success,2026-08-14T15:25:42Z,2026-08-14T15:40:49Z,907,1fd8a5eff4fff0d4021d5073ae2176e27b175557
94810328490,31813752163,Generate and publish ONNX docs,build,completed,success,2026-08-14T15:17:37Z,2026-08-14T15:33:27Z,950,8e0bc8e7d6c2fd4a276d4f36a9096b3f0263a452
94810328473,31813752167,Check URLs,build,completed,failure,2026-08-14T15:17:36Z,2026-08-14T15:17:58Z,22,8e0bc8e7d6c2fd4a276d4f36a9096b3f0263a452
94810183539,31813709217,Generate and publish ONNX docs,build,completed,success,2026-08-14T15:17:04Z,2026-08-14T15:31:52Z,888,57a52d912eb7781fb2df7e0c4384ac889343959e
94810183352,31813709232,Check URLs,build,completed,failure,2026-08-14T15:17:04Z,2026-08-14T15:17:20Z,16,57a52d912eb7781fb2df7e0c4384ac889343959e
94784966591,31806004397,Generate and publish ONNX docs,build,completed,success,2026-08-14T13:42:58Z,2026-08-14T13:56:14Z,796,e556758aafa3ea98329e90a94dbd054a441528f5
94737027980,31790803689,Generate and publish ONNX docs,build,completed,success,2026-08-14T10:05:34Z,2026-08-14T10:20:31Z,897,2f0609b664cce9492d58fba7a67425c410eb273c
94736250961,31790552089,Generate and publish ONNX docs,build,completed,success,2026-08-14T10:02:00Z,2026-08-14T10:17:37Z,937,c36f1810e8ce88bad041a61ed41cede6f537075f
94742863006,31786175161,Check URLs,build,completed,failure,2026-08-14T10:33:16Z,2026-08-14T10:33:37Z,21,9783a854bb28a9662efa9d01c45a448f447879ee
94742861750,31786175125,Generate and publish ONNX docs,build,completed,success,2026-08-14T10:33:15Z,2026-08-14T10:47:47Z,872,9783a854bb28a9662efa9d01c45a448f447879ee
94701933303,31779488985,Generate and publish ONNX docs,build,completed,success,2026-08-14T07:19:36Z,2026-08-14T07:33:44Z,848,39f600f4caf6196dd831bfb496901acc4ba00124
94701933534,31779488993,Check URLs,build,completed,failure,2026-08-14T07:19:36Z,2026-08-14T07:19:58Z,22,39f600f4caf6196dd831bfb496901acc4ba00124
94693703913,31776759211,Generate and publish ONNX docs,build,completed,success,2026-08-14T06:34:29Z,2026-08-14T06:49:45Z,916,98b89f85bd4c4256e6285891d27822e6aa826b15
94677911914,31771395882,Check URLs,build,completed,failure,2026-08-14T04:55:54Z,2026-08-14T04:56:34Z,40,fdfe28a1649a66439bc8cd71d6364c06dae9646a
94677911962,31771395938,Generate and publish ONNX docs,build,completed,success,2026-08-14T04:55:54Z,2026-08-14T05:10:43Z,889,fdfe28a1649a66439bc8cd71d6364c06dae9646a
94809842500,31753193421,Generate and publish ONNX docs,build,completed,success,2026-08-14T15:15:50Z,2026-08-14T15:31:42Z,952,9c45e76f4d995de54621968f867db6e259951307
95115964678,31926976053,Generate and publish ONNX docs,build,completed,success,2026-08-16T04:35:05Z,2026-08-16T04:46:10Z,665,562c2bac51c0822c2e30a0019e558a09228e4556
95115964695,31926976031,Check URLs,build,completed,failure,2026-08-16T04:35:05Z,2026-08-16T04:35:22Z,17,562c2bac51c0822c2e30a0019e558a09228e4556
95115593047,31926821882,Generate and publish ONNX docs,build,completed,success,2026-08-16T04:31:06Z,2026-08-16T04:45:14Z,848,bde53407c29e45bbea61871be9575a4b57c3fd93
95115593208,31926821947,Check URLs,build,completed,failure,2026-08-16T04:31:06Z,2026-08-16T04:31:26Z,20,bde53407c29e45bbea61871be9575a4b57c3fd93
95105939734,31923019774,Generate and publish ONNX docs,build,completed,success,2026-08-16T02:55:41Z,2026-08-16T03:11:09Z,928,217c8a4d91f1f84148a5c4c31bb8fb380b47ac9a
95096851053,31919470875,Generate and publish ONNX docs,build,completed,success,2026-08-16T01:23:52Z,2026-08-16T01:38:54Z,902,70fa276e30a1fa88a07ba100a659a94c6bba4980
95078736388,31912135337,Generate and publish ONNX docs,build,completed,success,2026-08-15T22:26:30Z,2026-08-15T22:41:08Z,878,9c7b353974923c64380e4fad1d5d407b12b9f140
95062988934,31905692854,Check URLs,build,completed,failure,2026-08-15T20:04:31Z,2026-08-15T20:04:48Z,17,7061d0d4c3fc740d259aa6e0831ef798ee8d7edf
95062989193,31905692893,Generate and publish ONNX docs,build,completed,success,2026-08-15T20:04:32Z,2026-08-15T20:18:41Z,849,7061d0d4c3fc740d259aa6e0831ef798ee8d7edf
95062013417,31905294034,Check URLs,build,completed,failure,2026-08-15T19:55:55Z,2026-08-15T19:56:14Z,19,400318f87ed0dee6c1a04a17c617c547aef46aae
95062013516,31905294052,Generate and publish ONNX docs,build,completed,success,2026-08-15T19:55:53Z,2026-08-15T20:11:27Z,934,400318f87ed0dee6c1a04a17c617c547aef46aae
95054216015,31902055541,Check URLs,build,completed,failure,2026-08-15T18:46:34Z,2026-08-15T18:46:58Z,24,a136252681cda8d09426f44a281630152ed94fc5
95054216184,31902055569,Generate and publish ONNX docs,build,completed,success,2026-08-15T18:46:35Z,2026-08-15T19:01:56Z,921,a136252681cda8d09426f44a281630152ed94fc5
95038043297,31895482143,Generate and publish ONNX docs,build,completed,success,2026-08-15T16:25:49Z,2026-08-15T16:38:27Z,758,dcd9eca1eebebe5180f7b97e07ec62684d783b91
95037858477,31895406290,Generate and publish ONNX docs,build,completed,success,2026-08-15T16:24:13Z,2026-08-15T16:38:57Z,884,18d91259c6c96d8e94bffa2cd00ea55a6ab37b38
95037858527,31895406323,Check URLs,build,completed,failure,2026-08-15T16:24:12Z,2026-08-15T16:24:31Z,19,18d91259c6c96d8e94bffa2cd00ea55a6ab37b38
95037720928,31895350783,Generate and publish ONNX docs,build,completed,success,2026-08-15T16:22:59Z,2026-08-15T16:37:54Z,895,1ff042476bf4cff8d66a6e03695c200e1ae9e4a2
95037721058,31895350814,Check URLs,build,completed,failure,2026-08-15T16:23:00Z,2026-08-15T16:23:21Z,21,1ff042476bf4cff8d66a6e03695c200e1ae9e4a2
95026545906,31890753147,Generate and publish ONNX docs,build,completed,success,2026-08-15T14:44:37Z,2026-08-15T15:01:22Z,1005,764a4280eee17cbb87e7abaebb4a46430857bce2
95026546007,31890753149,Check URLs,build,completed,failure,2026-08-15T14:44:36Z,2026-08-15T14:44:56Z,20,764a4280eee17cbb87e7abaebb4a46430857bce2
95025387255,31890267587,Generate and publish ONNX docs,build,completed,success,2026-08-15T14:34:14Z,2026-08-15T14:48:41Z,867,4b37d8d2927b50e125ca2d1e4072acfd193884f2
94967035689,31865993687,Generate and publish ONNX docs,build,completed,success,2026-08-15T05:03:33Z,2026-08-15T05:18:40Z,907,3e2cf56f5892a53f51ab603d70a5e46577807e9c
94967035694,31865993678,Check URLs,build,completed,failure,2026-08-15T05:03:33Z,2026-08-15T05:03:53Z,20,3e2cf56f5892a53f51ab603d70a5e46577807e9c
94965853242,31865523705,Generate and publish ONNX docs,build,completed,success,2026-08-15T04:52:39Z,2026-08-15T05:07:26Z,887,83e26cb44c1f5c2be5578f97e01c8754dc64c316
94965853169,31865523692,Check URLs,build,completed,failure,2026-08-15T04:52:38Z,2026-08-15T04:52:57Z,19,83e26cb44c1f5c2be5578f97e01c8754dc64c316
94965492047,31865385190,Generate and publish ONNX docs,build,completed,success,2026-08-15T04:49:25Z,2026-08-15T05:05:28Z,963,3774c2222961bb32582d6c211223a6757685e4f6
94965492156,31865385207,Check URLs,build,completed,failure,2026-08-15T04:49:25Z,2026-08-15T04:49:41Z,16,3774c2222961bb32582d6c211223a6757685e4f6
94965009604,31865192146,Check URLs,build,completed,failure,2026-08-15T04:44:52Z,2026-08-15T04:45:15Z,23,07e5d9552b07aeea9f1977217d27b2c00435e3a0
94965009777,31865192111,Generate and publish ONNX docs,build,completed,success,2026-08-15T04:44:52Z,2026-08-15T05:00:36Z,944,07e5d9552b07aeea9f1977217d27b2c00435e3a0
94963921824,31864755829,Check URLs,build,completed,failure,2026-08-15T04:34:23Z,2026-08-15T04:34:43Z,20,45cdb723b6a9123fefeea4ba2e9d5e5c869cdc18
94963921799,31864755827,Generate and publish ONNX docs,build,completed,success,2026-08-15T04:34:24Z,2026-08-15T04:46:52Z,748,45cdb723b6a9123fefeea4ba2e9d5e5c869cdc18
94957250748,31862135541,Generate and publish ONNX docs,build,completed,success,2026-08-15T03:33:31Z,2026-08-15T03:47:55Z,864,4d291de3a73c17a547327012cc79aa720aa6349b
94957250241,31862135404,Check URLs,build,completed,failure,2026-08-15T03:33:29Z,2026-08-15T03:33:59Z,30,4d291de3a73c17a547327012cc79aa720aa6349b
94954314907,31861011985,Generate and publish ONNX docs,build,completed,success,2026-08-15T03:08:02Z,2026-08-15T03:21:30Z,808,559993b92f9fdbf8d1cf3da0d06eca621f6d7256
94954315111,31861011984,Check URLs,build,completed,failure,2026-08-15T03:08:02Z,2026-08-15T03:08:21Z,19,559993b92f9fdbf8d1cf3da0d06eca621f6d7256
94953827672,31860838937,Generate and publish ONNX docs,build,completed,success,2026-08-15T03:04:06Z,2026-08-15T03:20:05Z,959,a7dce11c2184abdb36241345b05f6b22bb07ba93
94953827795,31860838956,Check URLs,build,completed,failure,2026-08-15T03:04:07Z,2026-08-15T03:04:25Z,18,a7dce11c2184abdb36241345b05f6b22bb07ba93
94917960037,31847906517,Generate and publish ONNX docs,build,completed,success,2026-08-14T22:46:23Z,2026-08-14T23:01:41Z,918,a68254cfdfcb2e2d35b899e6ad83eb8d856dcb40
95042393933,31847906538,Check URLs,build,completed,failure,2026-08-15T17:04:25Z,2026-08-15T17:04:45Z,20,a68254cfdfcb2e2d35b899e6ad83eb8d856dcb40
94916754171,31847481174,Generate and publish ONNX docs,build,completed,success,2026-08-14T22:39:53Z,2026-08-14T22:54:50Z,897,826d0f50545cb679adb83519bfad1b437a49f38d
95277743473,31992249733,Check URLs,build,completed,failure,2026-08-17T03:46:52Z,2026-08-17T03:48:30Z,98,b4cafa74e5ae7f012f53ef5c7b68ce5469278039
95277743731,31992249843,Generate and publish ONNX docs,build,completed,success,2026-08-17T03:46:53Z,2026-08-17T04:00:37Z,824,b4cafa74e5ae7f012f53ef5c7b68ce5469278039
95265592477,31987756751,Check URLs,build,completed,failure,2026-08-17T02:21:57Z,2026-08-17T02:23:32Z,95,948fef9bb7f098acf35eb8d99c3d3c1f0f58686b
95265592619,31987756774,Generate and publish ONNX docs,build,completed,success,2026-08-17T02:21:57Z,2026-08-17T02:37:22Z,925,948fef9bb7f098acf35eb8d99c3d3c1f0f58686b
95239101091,31977512164,Generate and publish ONNX docs,build,completed,success,2026-08-16T22:51:56Z,2026-08-16T23:06:20Z,864,2114de27352549e2c4d72dd2886e162db3806f05
95178880653,31952839622,Generate and publish ONNX docs,build,completed,success,2026-08-16T14:29:16Z,2026-08-16T14:41:05Z,709,0e4e6bfe77b99fa50f3985b85cec684f36a614d6
95178798193,31952806165,Generate and publish ONNX docs,build,completed,success,2026-08-16T14:28:33Z,2026-08-16T14:39:44Z,671,52b0e783d7936a7b83e52663e7a0686959ad0747
95162943197,31946387829,Generate and publish ONNX docs,build,completed,success,2026-08-16T12:11:35Z,2026-08-16T12:25:54Z,859,fb8f31f01fde0a1c68ac1ed95f03b4acc011b7e4
95162918711,31946377725,Generate and publish ONNX docs,build,completed,success,2026-08-16T12:11:23Z,2026-08-16T12:26:24Z,901,4be9b1189be9892793abc2f1f9c99a2962a80f19
95162774839,31946321302,Generate and publish ONNX docs,build,completed,success,2026-08-16T12:10:11Z,2026-08-16T12:24:33Z,862,df1aca5b12215ed24273f074ba9f211169bdc069
95159821356,31945123349,Generate and publish ONNX docs,build,completed,success,2026-08-16T11:43:55Z,2026-08-16T11:57:55Z,840,688dcb0be049bc3ee2a558b95564ecc1b37f7b21
95159790351,31945110706,Generate and publish ONNX docs,build,completed,success,2026-08-16T11:43:36Z,2026-08-16T11:57:33Z,837,216ba95cdf4c31bb353d7e39318a48837f9bfbdd
95301985777,32001288534,Check URLs,build,completed,failure,2026-08-17T06:21:03Z,2026-08-17T06:21:24Z,21,e34a9006d79316929c47a65a10967db7612d75ee
95301986187,32001288729,Generate and publish ONNX docs,build,completed,success,2026-08-17T06:21:03Z,2026-08-17T06:37:21Z,978,e34a9006d79316929c47a65a10967db7612d75ee
95712682271,32137670901,Generate and publish ONNX docs,build,completed,success,2026-08-18T12:35:52Z,2026-08-18T12:50:18Z,866,4effc057f721569a98264bf82c512ce718e6eb6b
95702775247,32134557164,Generate and publish ONNX docs,build,completed,success,2026-08-18T12:00:19Z,2026-08-18T12:15:05Z,886,6d237afa9d824f04b407bae09121ab934b7b6bbf
95698051398,32133004822,Generate and publish ONNX docs,build,completed,success,2026-08-18T11:41:53Z,2026-08-18T11:56:52Z,899,f2f445c520314cce5ce733a74a3e4d9d7997e021
95693878418,32131645091,Generate and publish ONNX docs,build,completed,success,2026-08-18T11:25:28Z,2026-08-18T11:40:26Z,898,53ca9323829240d3e5cf498cec202ea773f31a27
95687901818,32129702279,Generate and publish ONNX docs,build,completed,success,2026-08-18T11:02:02Z,2026-08-18T11:14:10Z,728,8e69341294df072405bd241c7d8e1eda416fa0ce
95682902584,32128054775,Generate and publish ONNX docs,build,completed,success,2026-08-18T10:42:12Z,2026-08-18T10:56:42Z,870,6185310d586b19f8851578c355bff38d0e5be034
95674581477,32125352369,Generate and publish ONNX docs,build,completed,success,2026-08-18T10:09:38Z,2026-08-18T10:24:07Z,869,4b141f1a3783884647c1536b7a6606ae06680f86
95674371931,32125287286,Generate and publish ONNX docs,build,completed,success,2026-08-18T10:08:52Z,2026-08-18T10:21:32Z,760,92366a96e58fb77a56e9dfc0b46c8ccbc6fa9371
95669775032,32123785234,Generate and publish ONNX docs,build,completed,success,2026-08-18T09:51:32Z,2026-08-18T10:05:51Z,859,6a5a9ee0f90055b16b45e16ede8676174934bc08
95657870939,32119948606,Generate and publish ONNX docs,build,completed,success,2026-08-18T09:07:48Z,2026-08-18T09:18:34Z,646,7a3c463379357b10eaf8717b72572eda1aefa567
95657656765,32119880577,Generate and publish ONNX docs,build,completed,success,2026-08-18T09:07:00Z,2026-08-18T09:21:24Z,864,430cc97e3579021bc7976f639d4a89392ddeb0a3
95527789423,32075535096,Generate and publish ONNX docs,build,completed,success,2026-08-17T22:20:11Z,2026-08-17T22:34:40Z,869,d38828265a49816ffaf90fadace96eb2696613b1
95527792265,32075536077,Generate and publish ONNX docs,build,completed,success,2026-08-17T22:20:12Z,2026-08-17T22:34:29Z,857,352bd2120eb75f4a37f4b7b1b57687aa42b0a09b
95527789735,32075535143,Check URLs,build,completed,failure,2026-08-17T22:20:11Z,2026-08-17T22:20:32Z,21,d38828265a49816ffaf90fadace96eb2696613b1
95521016647,32073301168,Generate and publish ONNX docs,build,completed,success,2026-08-17T21:52:27Z,2026-08-17T22:04:05Z,698,55ca0f4210a9a6ebf411e87373cf731bac254b99
95464733167,32055545866,Check URLs,build,completed,failure,2026-08-17T18:34:21Z,2026-08-17T18:34:42Z,21,2e870ab6bd9bcb6f8d97db56ea2b36417ae85abe
95464733160,32055545815,Generate and publish ONNX docs,build,completed,success,2026-08-17T18:34:20Z,2026-08-17T18:48:15Z,835,2e870ab6bd9bcb6f8d97db56ea2b36417ae85abe
95464461752,32055461215,Check URLs,build,completed,failure,2026-08-17T18:33:19Z,2026-08-17T18:33:38Z,19,7d95a878603915fe71a76cf203104697933b34ae
95464461366,32055461127,Generate and publish ONNX docs,build,completed,success,2026-08-17T18:33:20Z,2026-08-17T18:48:28Z,908,7d95a878603915fe71a76cf203104697933b34ae
95459808793,32053989378,Generate and publish ONNX docs,build,completed,success,2026-08-17T18:14:54Z,2026-08-17T18:29:40Z,886,8cb4aec3a0a14342e974cd5b10b9903237482098
95456331563,32052900582,Generate and publish ONNX docs,build,completed,success,2026-08-17T18:00:58Z,2026-08-17T18:16:03Z,905,b6c1ef044c6d5b4713b6c6be4a5d2453f9b53186
95443076975,32048859930,Check URLs,build,completed,failure,2026-08-17T17:06:34Z,2026-08-17T17:06:58Z,24,5aaf09bc06f00c143e02776e4857568d2a5f7013
95443076489,32048859886,Generate and publish ONNX docs,build,completed,success,2026-08-17T17:06:34Z,2026-08-17T17:24:04Z,1050,5aaf09bc06f00c143e02776e4857568d2a5f7013
95433239237,32045779111,Check URLs,build,completed,failure,2026-08-17T16:28:41Z,2026-08-17T16:29:00Z,19,5871d0f9c1dd34935a9de20a3b37f8fef9122da6
95433240027,32045779200,Generate and publish ONNX docs,build,completed,success,2026-08-17T16:28:41Z,2026-08-17T16:43:14Z,873,5871d0f9c1dd34935a9de20a3b37f8fef9122da6
95425498673,32042990983,Check URLs,build,completed,failure,2026-08-17T15:39:47Z,2026-08-17T15:40:37Z,50,6e05100f77a3018fa179ddcae2ae84dd1f9c4d99
95425498535,32042990981,Generate and publish ONNX docs,build,completed,success,2026-08-17T15:39:48Z,2026-08-17T15:54:49Z,901,6e05100f77a3018fa179ddcae2ae84dd1f9c4d99
95413681822,32038567473,Generate and publish ONNX docs,build,completed,success,2026-08-17T14:18:13Z,2026-08-17T14:30:02Z,709,17c437ead41024a961d6075533a5363490e7fd5c
95413681966,32038567539,Check URLs,build,completed,failure,2026-08-17T14:18:13Z,2026-08-17T14:18:37Z,24,17c437ead41024a961d6075533a5363490e7fd5c
95371201100,32024587898,Generate and publish ONNX docs,build,completed,success,2026-08-17T11:22:06Z,2026-08-17T11:36:34Z,868,e882571858870096daa682e5594db8e44e3783e5
95369294516,32023960612,Generate and publish ONNX docs,build,completed,success,2026-08-17T11:14:10Z,2026-08-17T11:29:57Z,947,fc8b0027f92b8c426ca81ddd04556afe8a75fd15
95366011294,32022866491,Generate and publish ONNX docs,build,completed,success,2026-08-17T11:00:48Z,2026-08-17T11:16:27Z,939,a77bb712bf8dd41dbe1d70d3ef7c918f6addda40
95365843726,32022807244,Generate and publish ONNX docs,build,completed,success,2026-08-17T11:00:08Z,2026-08-17T11:11:01Z,653,68d680e7a51d7aa9ecc9fb2db6c29d7795f3ed52
95362031934,32021523388,Generate and publish ONNX docs,build,completed,success,2026-08-17T10:43:46Z,2026-08-17T10:58:33Z,887,64f0315ad4cf353d684b19dd01a04550b9863701
95356382736,32019630717,Generate and publish ONNX docs,build,completed,success,2026-08-17T10:19:38Z,2026-08-17T10:35:03Z,925,fc44844dc801223bb150311f101b809206fe1b65
96332756548,32338543532,Generate and publish ONNX docs,build,completed,success,2026-08-20T06:11:23Z,2026-08-20T06:25:51Z,868,8b0d0b237376d45c449e2974715a25136ed954af
96330179090,32337644293,Generate and publish ONNX docs,build,completed,success,2026-08-20T05:58:12Z,2026-08-20T06:13:24Z,912,11672c9518b05517223736246d4c6cd9e18a3426
96328224880,32336943494,Check URLs,build,completed,failure,2026-08-20T05:47:25Z,2026-08-20T05:47:41Z,16,0b5258f97bfb9b40749014bdc51f0fbd51eb91a1
96328224590,32336943432,Generate and publish ONNX docs,build,completed,success,2026-08-20T05:47:25Z,2026-08-20T05:59:27Z,722,0b5258f97bfb9b40749014bdc51f0fbd51eb91a1
96326232267,32336214235,Check URLs,build,completed,failure,2026-08-20T05:36:18Z,2026-08-20T05:36:36Z,18,5ff37b01f7d15b4286c89f18698515c5c39f35f0
96326233308,32336214283,Generate and publish ONNX docs,build,completed,success,2026-08-20T05:36:18Z,2026-08-20T05:50:39Z,861,5ff37b01f7d15b4286c89f18698515c5c39f35f0
96326175536,32336209357,Generate and publish ONNX docs,build,completed,success,2026-08-20T05:36:00Z,2026-08-20T05:49:27Z,807,af0740aba71d02131bc0a4ad69e846aa09f0106e
96326176113,32336209501,Check URLs,build,completed,success,2026-08-20T05:36:00Z,2026-08-20T05:36:17Z,17,af0740aba71d02131bc0a4ad69e846aa09f0106e
96326147535,32336199857,Check URLs,build,completed,failure,2026-08-20T05:35:53Z,2026-08-20T05:36:12Z,19,7a4496a4764905aef085d63065878857befa623f
96326147305,32336199764,Generate and publish ONNX docs,build,completed,success,2026-08-20T05:35:52Z,2026-08-20T05:52:17Z,985,7a4496a4764905aef085d63065878857befa623f
96326123463,32336165073,Generate and publish ONNX docs,build,completed,success,2026-08-20T05:35:43Z,2026-08-20T05:49:36Z,833,e843eb13461659deda6032cf8b09070dee50f668
96326121135,32336164983,Check URLs,build,completed,failure,2026-08-20T05:35:42Z,2026-08-20T05:36:00Z,18,e843eb13461659deda6032cf8b09070dee50f668
96325544237,32335985392,Generate and publish ONNX docs,build,completed,success,2026-08-20T05:32:31Z,2026-08-20T05:47:29Z,898,543ef1ad84da894794e61de2647482f80982023a
96325343966,32335913199,Generate and publish ONNX docs,build,completed,success,2026-08-20T05:31:24Z,2026-08-20T05:46:19Z,895,6890804fcf24b08fb31e33579542ba1f7711b386
96325062116,32335810939,Generate and publish ONNX docs,build,completed,success,2026-08-20T05:29:52Z,2026-08-20T05:46:21Z,989,c07b818143a590df9043d66f1035aa374d8fe52b
96325062169,32335810919,Check URLs,build,completed,failure,2026-08-20T05:29:52Z,2026-08-20T05:30:12Z,20,c07b818143a590df9043d66f1035aa374d8fe52b
96323994387,32335424089,Generate and publish ONNX docs,build,completed,success,2026-08-20T05:23:53Z,2026-08-20T05:38:40Z,887,006d1bc6a5f0cffa05e941c689037db804da9716
96323996021,32335424201,Check URLs,build,completed,failure,2026-08-20T05:23:54Z,2026-08-20T05:24:15Z,21,006d1bc6a5f0cffa05e941c689037db804da9716
96322862687,32335046440,Generate and publish ONNX docs,build,completed,success,2026-08-20T05:17:33Z,2026-08-20T05:27:59Z,626,84dc9bf79ecbeef686a418ae65431fb90c34277d
96321627610,32334618533,Generate and publish ONNX docs,build,completed,success,2026-08-20T05:10:56Z,2026-08-20T05:25:39Z,883,96318410d445a9a978adfc64e8671977e862cda6
96321230453,32334483343,Generate and publish ONNX docs,build,completed,success,2026-08-20T05:08:47Z,2026-08-20T05:19:03Z,616,25534a12a106fff6fb7b322d98f85b880c19be4d
96320699452,32334272449,Check URLs,build,completed,failure,2026-08-20T05:05:47Z,2026-08-20T05:06:03Z,16,d220a78a3c49a54982c5dc0e8524e871d329c237
96320702240,32334272492,Generate and publish ONNX docs,build,completed,success,2026-08-20T05:05:48Z,2026-08-20T05:20:07Z,859,d220a78a3c49a54982c5dc0e8524e871d329c237
96319288299,32333787199,Check URLs,build,completed,failure,2026-08-20T04:57:46Z,2026-08-20T04:58:05Z,19,863d78e4dfeb48bdf20dec85c28bd3a906340c92
96319289122,32333787482,Generate and publish ONNX docs,build,completed,success,2026-08-20T04:57:46Z,2026-08-20T05:12:05Z,859,863d78e4dfeb48bdf20dec85c28bd3a906340c92
96317423819,32333120139,Generate and publish ONNX docs,build,completed,success,2026-08-20T04:46:47Z,2026-08-20T04:56:38Z,591,11a1f50b9f80097e9c40ba28a077572e751e36e8
96316245143,32332699119,Generate and publish ONNX docs,build,completed,success,2026-08-20T04:39:57Z,2026-08-20T04:56:31Z,994,480b5fe295ee2239650eff5c0db49820c485392f
96313126668,32331580484,Generate and publish ONNX docs,build,completed,success,2026-08-20T04:21:22Z,2026-08-20T04:37:25Z,963,373c0d27c650e73edabba752bff7e5186d3e8fbd
96311503912,32331021333,Generate and publish ONNX docs,build,completed,success,2026-08-20T04:12:29Z,2026-08-20T04:27:00Z,871,8ac509cd1ab6dac62ad7476692f00902a71d9533
96310851171,32330782341,Generate and publish ONNX docs,build,completed,success,2026-08-20T04:08:47Z,2026-08-20T04:23:04Z,857,eb27af719473ec779057532798e8060c1491b2f0
96309268838,32330211424,Generate and publish ONNX docs,build,completed,success,2026-08-20T03:59:31Z,2026-08-20T04:14:19Z,888,7503cb8ee2f3038529c3246d965cfe5b2f6a571a
96320394341,32329103473,Check URLs,build,completed,failure,2026-08-20T05:04:03Z,2026-08-20T05:04:19Z,16,860139a01e94e94118003950f66e7c57fa2606b8
96320395304,32329103487,Generate and publish ONNX docs,build,completed,success,2026-08-20T05:04:04Z,2026-08-20T05:19:22Z,918,860139a01e94e94118003950f66e7c57fa2606b8
96305615186,32328905075,Generate and publish ONNX docs,build,completed,success,2026-08-20T03:37:36Z,2026-08-20T03:53:37Z,961,4acfd866d7e186cfe0a34f820e6cb3cd283a79ca
96305132766,32328736754,Generate and publish ONNX docs,build,completed,success,2026-08-20T03:34:43Z,2026-08-20T03:49:40Z,897,a8f29391c820f5daa94dedc55df65ed0876a7bf8
96304713612,32328582604,Generate and publish ONNX docs,build,completed,success,2026-08-20T03:32:14Z,2026-08-20T03:42:56Z,642,d9507e1ff3cc3d75e557929f0fc534605ba1952a
96302025451,32327648403,Generate and publish ONNX docs,build,completed,success,2026-08-20T03:16:38Z,2026-08-20T03:30:32Z,834,b6e172c497eb8b71d22c636ad07e128907ffdd10
96300325042,32327056781,Check URLs,build,completed,failure,2026-08-20T03:06:43Z,2026-08-20T03:07:05Z,22,be2925b62f8185a92d0636f1307f9b81e2b79bfd
96300325456,32327056761,Generate and publish ONNX docs,build,completed,success,2026-08-20T03:06:42Z,2026-08-20T03:21:26Z,884,be2925b62f8185a92d0636f1307f9b81e2b79bfd
96298119352,32326276173,Generate and publish ONNX docs,build,completed,success,2026-08-20T02:54:16Z,2026-08-20T03:05:25Z,669,4c79cd540bd5f2fc7d43f0462d2c6f498b5d54af
96296607460,32325787063,Generate and publish ONNX docs,build,completed,success,2026-08-20T02:45:41Z,2026-08-20T03:01:15Z,934,fc220b4f93c0b77f49e86a0f1bce4a1e3e4127d0
96294018361,32324879404,Generate and publish ONNX docs,build,completed,success,2026-08-20T02:30:31Z,2026-08-20T02:46:13Z,942,703fc553593700453e6fcec3687850efd07cdf3a
96284374312,32321474634,Generate and publish ONNX docs,build,completed,success,2026-08-20T01:33:56Z,2026-08-20T01:50:23Z,987,a6e8913bafe38168a0c04d7d23c58fc31d4345ef
96283603986,32321207776,Check URLs,build,completed,failure,2026-08-20T01:29:45Z,2026-08-20T01:29:59Z,14,41e74c50e6837a25139ff7abf7759d3598f92b4a
96283604017,32321207779,Generate and publish ONNX docs,build,completed,success,2026-08-20T01:29:45Z,2026-08-20T01:44:12Z,867,41e74c50e6837a25139ff7abf7759d3598f92b4a
96283467800,32321161007,Check URLs,build,completed,failure,2026-08-20T01:28:57Z,2026-08-20T01:29:14Z,17,aac6d3f8913ab5310665135db80aa688dd026cc4
96283466928,32321160736,Generate and publish ONNX docs,build,completed,success,2026-08-20T01:28:57Z,2026-08-20T01:43:03Z,846,aac6d3f8913ab5310665135db80aa688dd026cc4
96281837839,32320581510,Generate and publish ONNX docs,build,completed,success,2026-08-20T01:19:25Z,2026-08-20T01:35:40Z,975,754237310bb0cd0ca4c44300523346c7509b7dda
96281835718,32320581460,Check URLs,build,completed,failure,2026-08-20T01:19:24Z,2026-08-20T01:19:44Z,20,754237310bb0cd0ca4c44300523346c7509b7dda
96281601655,32320506216,Generate and publish ONNX docs,build,completed,success,2026-08-20T01:18:02Z,2026-08-20T01:32:30Z,868,b7afe118281eeefcc84a2c4d07828249dfa6cc65
96211786656,32297392442,Check URLs,build,completed,failure,2026-08-19T20:13:51Z,2026-08-19T20:14:15Z,24,6dd911b2937c35a54be8dc38f9d7db6d952b3688
96211786182,32297392436,Generate and publish ONNX docs,build,completed,success,2026-08-19T20:13:52Z,2026-08-19T20:28:39Z,887,6dd911b2937c35a54be8dc38f9d7db6d952b3688
96211666963,32297355913,Check URLs,build,completed,failure,2026-08-19T20:13:27Z,2026-08-19T20:13:45Z,18,4f397cdcedb21f4f497bd7bd7e17e3343b63be35
96211666630,32297355950,Generate and publish ONNX docs,build,completed,success,2026-08-19T20:13:26Z,2026-08-19T20:27:48Z,862,4f397cdcedb21f4f497bd7bd7e17e3343b63be35
96211268688,32297231139,Check URLs,build,completed,failure,2026-08-19T20:12:04Z,2026-08-19T20:12:46Z,42,27710087354d90fab244355ccc8160c8d08c4142
96211268914,32297231066,Generate and publish ONNX docs,build,completed,success,2026-08-19T20:12:05Z,2026-08-19T20:27:05Z,900,27710087354d90fab244355ccc8160c8d08c4142
96205654807,32295473549,Check URLs,build,completed,failure,2026-08-19T19:53:05Z,2026-08-19T19:53:24Z,19,31232fa08fdb1536a594653664677234e79f2dc4
96205655097,32295473520,Generate and publish ONNX docs,build,completed,success,2026-08-19T19:53:07Z,2026-08-19T20:07:36Z,869,31232fa08fdb1536a594653664677234e79f2dc4
96180304461,32287469772,Check URLs,build,completed,failure,2026-08-19T18:27:51Z,2026-08-19T18:28:36Z,45,aa852633d5c7c43b54dadb5934253a09e5e888d0
96180304060,32287469790,Generate and publish ONNX docs,build,completed,success,2026-08-19T18:27:51Z,2026-08-19T18:43:35Z,944,aa852633d5c7c43b54dadb5934253a09e5e888d0
96126842218,32270914506,Generate and publish ONNX docs,build,completed,success,2026-08-19T15:34:58Z,2026-08-19T15:50:29Z,931,643bdb2b0a8c68b5b3b1f1a3ee3722f735d75bf6
96126841423,32270914396,Check URLs,build,completed,failure,2026-08-19T15:34:58Z,2026-08-19T15:35:20Z,22,643bdb2b0a8c68b5b3b1f1a3ee3722f735d75bf6
96121920978,32269422764,Generate and publish ONNX docs,build,completed,success,2026-08-19T15:20:09Z,2026-08-19T15:34:25Z,856,ddcdf3f3e0a9520923449105c87da5428f4af757
96281785049,32268669693,Generate and publish ONNX docs,build,completed,success,2026-08-20T01:19:06Z,2026-08-20T01:33:53Z,887,124d564d542e51fe7ef2d3636561edbade9fa78b
96281779589,32268669449,Check URLs,build,completed,failure,2026-08-20T01:19:04Z,2026-08-20T01:19:22Z,18,124d564d542e51fe7ef2d3636561edbade9fa78b
96326000171,32264489065,Check URLs,build,completed,failure,2026-08-20T05:35:02Z,2026-08-20T05:35:19Z,17,c6a36b7ca883a7edc8be8b409617c1b331bc107a
96325998545,32264488952,Generate and publish ONNX docs,build,completed,success,2026-08-20T05:35:02Z,2026-08-20T05:50:36Z,934,c6a36b7ca883a7edc8be8b409617c1b331bc107a
96112096124,32264445086,Check URLs,build,completed,failure,2026-08-19T14:51:04Z,2026-08-19T14:51:26Z,22,34449f12b6ba9aa7acdeecfa5349f59a21b833e4
96112090060,32264445071,Generate and publish ONNX docs,build,completed,success,2026-08-19T14:51:02Z,2026-08-19T15:06:07Z,905,34449f12b6ba9aa7acdeecfa5349f59a21b833e4
96172501233,32249233660,Generate and publish ONNX docs,build,completed,success,2026-08-19T18:02:13Z,2026-08-19T18:17:25Z,912,4f377f6ec9abfc73ebc4a100301ddb903238290d
96172497464,32249233574,Check URLs,build,completed,failure,2026-08-19T18:02:11Z,2026-08-19T18:02:30Z,19,4f377f6ec9abfc73ebc4a100301ddb903238290d
96042609178,32244706355,Generate and publish ONNX docs,build,completed,success,2026-08-19T10:51:21Z,2026-08-19T11:06:13Z,892,54f674634087bc4b9b450f4cc9aff96ccef98d45
96036451026,32242673120,Generate and publish ONNX docs,build,completed,success,2026-08-19T10:26:20Z,2026-08-19T10:38:27Z,727,268e8a6a79b0083a653485502d76744c361c8969
96034482568,32242028067,Generate and publish ONNX docs,build,completed,success,2026-08-19T10:18:26Z,2026-08-19T10:32:58Z,872,bc8c05cb450b75bff6dbe23bba06b7e3f6c91d2b
96029760081,32240498173,Generate and publish ONNX docs,build,completed,success,2026-08-19T10:00:21Z,2026-08-19T10:10:55Z,634,34adffe2780b9d18e5f2deb3a75f413c47c9ba2a
96027687557,32239810602,Generate and publish ONNX docs,build,completed,success,2026-08-19T09:52:15Z,2026-08-19T10:06:45Z,870,bb59bbd2e14344fa876073ef4cac4d614b42759c
96027074706,32239606514,Generate and publish ONNX docs,build,completed,success,2026-08-19T09:49:52Z,2026-08-19T10:03:37Z,825,e69342c01cdef2e12e9ff1ee1409f96383a80c08
95952399054,32214152831,Generate and publish ONNX docs,build,completed,success,2026-08-19T04:00:20Z,2026-08-19T04:13:35Z,795,54b138a04fef92427a4b4fcb0f36439c4627e69e
95952398971,32214152855,Check URLs,build,completed,failure,2026-08-19T04:00:20Z,2026-08-19T04:00:37Z,17,54b138a04fef92427a4b4fcb0f36439c4627e69e
95900877167,32196284819,Generate and publish ONNX docs,build,completed,success,2026-08-18T23:14:03Z,2026-08-18T23:30:28Z,985,3e86e0059d908c6d7a520167838d3259e8b8ac7c
95900877321,32196284811,Check URLs,build,completed,failure,2026-08-18T23:14:03Z,2026-08-18T23:14:22Z,19,3e86e0059d908c6d7a520167838d3259e8b8ac7c
