job_id,run_id,workflow,job_name,status,conclusion,started_at,completed_at,duration_seconds,head_sha
78549809560,26651221357,Windows_No_Exception_CI,"build (3.10, x64)",completed,success,2026-05-29T17:10:33Z,2026-05-29T17:26:16Z,943,b766fa6d7078dc407c7e8a5e24d699af35ab7c0d
78545976025,26650117593,Windows_No_Exception_CI,"build (3.10, x64)",completed,success,2026-05-29T16:47:19Z,2026-05-29T17:03:12Z,953,b1ec30d6fe7202f0bdb293ad074fc01fb1906111
78505818590,26632898653,Windows_No_Exception_CI,"build (3.10, x64)",completed,success,2026-05-29T13:02:12Z,2026-05-29T13:21:34Z,1162,8f06c299e99e212a6d50bd28fc55ad85b5140668
78407352270,26607947793,Windows_No_Exception_CI,"build (3.10, x64)",completed,success,2026-05-28T23:17:56Z,2026-05-28T23:36:02Z,1086,185e494c29df7cb86a7173938b0c41a89c1a66ff
78405992889,26607525929,Windows_No_Exception_CI,"build (3.10, x64)",completed,cancelled,2026-05-28T23:06:25Z,2026-05-28T23:17:55Z,690,6d53b6f88a23a92e320f8c44abd1d53499281dd3
78404846352,26607167601,Windows_No_Exception_CI,"build (3.10, x64)",completed,cancelled,2026-05-28T22:57:15Z,2026-05-28T23:06:20Z,545,76390cb7176ceffa1ea4b23227c91cbe79dc02d8
78403328291,26606681603,Windows_No_Exception_CI,"build (3.10, x64)",completed,cancelled,2026-05-28T22:44:53Z,2026-05-28T22:56:59Z,726,778c3c13dea84a4858402b5559b2d7efffb2d724
78401644054,26606146333,Windows_No_Exception_CI,"build (3.10, x64)",completed,cancelled,2026-05-28T22:32:19Z,2026-05-28T22:44:49Z,750,b4f1a6530e53c550b8f82b61c5650758ccc9b136
78401344124,26606053894,Windows_No_Exception_CI,"build (3.10, x64)",completed,cancelled,2026-05-28T22:30:10Z,2026-05-28T22:32:17Z,127,1506c39e52f05b1dc94b4946b8e4a64fcec45e37
78399851092,26605591806,Windows_No_Exception_CI,"build (3.10, x64)",completed,cancelled,2026-05-28T22:19:09Z,2026-05-28T22:30:08Z,659,0e3903b87a1ae564246fdb370a567cc3995ba8b3
78398573877,26605209140,Windows_No_Exception_CI,"build (3.10, x64)",completed,cancelled,2026-05-28T22:09:54Z,2026-05-28T22:19:07Z,553,70452e7b7736d66307327e068bbb2907331dcc47
78396507316,26604593783,Windows_No_Exception_CI,"build (3.10, x64)",completed,cancelled,2026-05-28T21:55:51Z,2026-05-28T22:09:51Z,840,70452e7b7736d66307327e068bbb2907331dcc47
78396366909,26604543102,Windows_No_Exception_CI,"build (3.10, x64)",completed,cancelled,2026-05-28T21:54:56Z,2026-05-28T21:55:49Z,53,1f964887631491adfe96111ce4024c4b5058b09c
78395914724,26604421586,Windows_No_Exception_CI,"build (3.10, x64)",completed,cancelled,2026-05-28T21:52:05Z,2026-05-28T21:54:53Z,168,5b6d694c237733c892843343b812e2e6e25ac683
78382944461,26600587163,Windows_No_Exception_CI,"build (3.10, x64)",completed,success,2026-05-28T20:33:43Z,2026-05-28T20:51:37Z,1074,1647a460914ad52cac95d583e5ae18959439d22e
78382829440,26600559863,Windows_No_Exception_CI,"build (3.10, x64)",completed,cancelled,2026-05-28T20:33:01Z,2026-05-28T20:33:39Z,38,b201509a671d6ab188b35a16bfe49cfda7ae1840
78280447355,26571768905,Windows_No_Exception_CI,"build (3.10, x64)",completed,success,2026-05-28T11:25:20Z,2026-05-28T11:44:42Z,1162,a23bf1c354fb25697c0bca8640d7c50700c782cb
78213541005,26551214358,Windows_No_Exception_CI,"build (3.10, x64)",completed,success,2026-05-28T02:37:39Z,2026-05-28T02:54:53Z,1034,8a8144ced43f8c777084289aa10faa16d3b93643
78191280656,26543847672,Windows_No_Exception_CI,"build (3.10, x64)",completed,success,2026-05-27T23:02:18Z,2026-05-27T23:20:19Z,1081,f5348fb40b6d66a5b2c76800a4a851bf7e57da67
78180499189,26540491870,Windows_No_Exception_CI,"build (3.10, x64)",completed,success,2026-05-27T21:43:23Z,2026-05-27T22:01:35Z,1092,e086903b078abc7d238110addd67da9b8680b609
78179619569,26540229513,Windows_No_Exception_CI,"build (3.10, x64)",completed,success,2026-05-27T21:37:36Z,2026-05-27T21:55:25Z,1069,2ab3bacb82e3a96888e66d5b07966a084c1de555
78178478299,26539898390,Windows_No_Exception_CI,"build (3.10, x64)",completed,cancelled,2026-05-27T21:30:33Z,2026-05-27T21:43:20Z,767,f02702131da453a50c5d1ad1e800e4e26060bdff
78177601176,26539635913,Windows_No_Exception_CI,"build (3.10, x64)",completed,cancelled,2026-05-27T21:25:03Z,2026-05-27T21:37:34Z,751,395e5ac15ee98517fc57b3684b9f4173cc194ba3
78165481678,26536162048,Windows_No_Exception_CI,"build (3.10, x64)",completed,success,2026-05-27T20:14:59Z,2026-05-27T20:32:19Z,1040,93d9f12a3d810b92d9aa6cda961f5b020f3315ac
78169595558,26532732540,Windows_No_Exception_CI,"build (3.10, x64)",completed,success,2026-05-27T20:38:08Z,2026-05-27T20:55:29Z,1041,28646540fda34393bd35e0da214b0706811e5d43
78137767936,26528165013,Windows_No_Exception_CI,"build (3.10, x64)",completed,success,2026-05-27T17:43:05Z,2026-05-27T18:01:22Z,1097,1fe72a6e99c73d5135441efc91357074c2a8fe9a
78131988284,26526650643,Windows_No_Exception_CI,"build (3.10, x64)",completed,success,2026-05-27T17:11:43Z,2026-05-27T17:31:28Z,1185,e1481b1df670e3620b2b60cb7e8f19c0f23e86ea
78117758699,26522658632,Windows_No_Exception_CI,"build (3.10, x64)",completed,failure,2026-05-27T15:57:37Z,2026-05-27T16:13:00Z,923,6a46603ae02b7e8ae19b4ee49d8a8a8ac1bcff47
78009290513,26491232667,Windows_No_Exception_CI,"build (3.10, x64)",completed,success,2026-05-27T04:42:37Z,2026-05-27T05:01:13Z,1116,864742983359bfa003ce7bfce534f7d1eb099bad
78004095380,26488441956,Windows_No_Exception_CI,"build (3.10, x64)",completed,success,2026-05-27T03:46:40Z,2026-05-27T04:07:35Z,1255,803158c5ccbf8e7e4742cdea9b1d328cddbacb61
78004231777,26488142816,Windows_No_Exception_CI,"build (3.10, x64)",completed,success,2026-05-27T03:48:13Z,2026-05-27T04:06:52Z,1119,19767c8d3dfb9002678ed02e5dd7260716fdef7e
77979931112,26476878078,Windows_No_Exception_CI,"build (3.10, x64)",completed,success,2026-05-26T23:43:00Z,2026-05-27T00:01:06Z,1086,a9b1e880358efa66149bff8d2e056f6c3f4e0315
77962926317,26475204926,Windows_No_Exception_CI,"build (3.10, x64)",completed,success,2026-05-26T21:32:33Z,2026-05-26T21:50:33Z,1080,b6885215a27a4727e6f6427b67729217194cf012
77979573415,26466634025,Windows_No_Exception_CI,"build (3.10, x64)",completed,success,2026-05-26T23:39:42Z,2026-05-26T23:59:09Z,1167,c7920c619092d9c567439505b20c411b54c31d44
77802323729,26430404415,Windows_No_Exception_CI,"build (3.10, x64)",completed,success,2026-05-26T03:24:02Z,2026-05-26T03:38:45Z,883,edc823dbe63776a999a3223470bcdcf5b93e53e5
77637332680,26376417239,Windows_No_Exception_CI,"build (3.10, x64)",completed,failure,2026-05-24T23:59:49Z,2026-05-25T00:10:22Z,633,6537780fd134b14fde438455141a3f379b0d2ec0
77583580774,26356317458,Windows_No_Exception_CI,"build (3.10, x64)",completed,success,2026-05-24T08:26:20Z,2026-05-24T08:40:57Z,877,22159d17d6150b0c92280545ac6502f308addfb3
77576121232,26353600703,Windows_No_Exception_CI,"build (3.10, x64)",completed,success,2026-05-24T06:05:42Z,2026-05-24T06:25:48Z,1206,790c1fe8795debd347d058950a051c4ab13c9d42
77547571421,26342775956,Windows_No_Exception_CI,"build (3.10, x64)",completed,success,2026-05-23T20:28:53Z,2026-05-23T20:43:21Z,868,9d40fd34d2e3bf69d8d327764724ec93f21b884a
77544227241,26341494242,Windows_No_Exception_CI,"build (3.10, x64)",completed,success,2026-05-23T19:27:14Z,2026-05-23T19:47:52Z,1238,25680a60544415a2df6cc5ddcbec30e92d5d6ad5
77537363636,26338926631,Windows_No_Exception_CI,"build (3.10, x64)",completed,success,2026-05-23T17:22:48Z,2026-05-23T17:41:02Z,1094,0ce10a714cf980589dc7c6125a2905dd5df652d6
77533810736,26337586671,Windows_No_Exception_CI,"build (3.10, x64)",completed,success,2026-05-23T16:17:29Z,2026-05-23T16:37:03Z,1174,337ec8abf01a524f2032ffc0f94b16048e7fef7a
77529997328,26336114192,Windows_No_Exception_CI,"build (3.10, x64)",completed,success,2026-05-23T15:07:15Z,2026-05-23T15:25:56Z,1121,1c8122c8fb232603e9fd2ddd08d8aab63fbf61ac
77529368553,26335871955,Windows_No_Exception_CI,"build (3.10, x64)",completed,cancelled,2026-05-23T14:55:51Z,2026-05-23T15:07:13Z,682,aa4bd0cd35ab6339f6020f031cf80be53182376d
77527591818,26335177381,Windows_No_Exception_CI,"build (3.10, x64)",completed,success,2026-05-23T14:25:21Z,2026-05-23T14:44:58Z,1177,f34e0a34792a759aa35db9f29f8c848146482ede
77527490574,26335141839,Windows_No_Exception_CI,"build (3.10, x64)",completed,cancelled,2026-05-23T14:23:27Z,2026-05-23T14:25:18Z,111,be6b67e73de7b08571f15a88f2582df6a27cf7ae
77526770961,26334857830,Windows_No_Exception_CI,"build (3.10, x64)",completed,success,2026-05-23T14:10:01Z,2026-05-23T14:27:29Z,1048,8924febb0e4a559ac0eb5a41424ce7049988004f
77524138577,26333819403,Windows_No_Exception_CI,"build (3.10, x64)",completed,success,2026-05-23T13:21:52Z,2026-05-23T13:40:33Z,1121,6e137ff6394e30b34fd69bee0f6bbc90e74e48a2
77522758246,26333276011,Windows_No_Exception_CI,"build (3.10, x64)",completed,success,2026-05-23T12:56:00Z,2026-05-23T13:14:01Z,1081,5439808b267835574ecd8282d0ed779b7cc7d455
77522723545,26333262259,Windows_No_Exception_CI,"build (3.10, x64)",completed,success,2026-05-23T12:55:20Z,2026-05-23T13:14:46Z,1166,76fe8134c705a2c5e7ba3e3a661b772ed9dda0ea
77509038701,26327982994,Windows_No_Exception_CI,"build (3.10, x64)",completed,success,2026-05-23T08:21:44Z,2026-05-23T08:42:15Z,1231,a78b74ea597243b6ccad9960d641f84d4e122237
77506463179,26327007796,Windows_No_Exception_CI,"build (3.10, x64)",completed,success,2026-05-23T07:31:32Z,2026-05-23T07:49:57Z,1105,f229200944638c9e4c3aaf264386c146de6b0ee4
77497551707,26323777907,Windows_No_Exception_CI,"build (3.10, x64)",completed,success,2026-05-23T04:45:00Z,2026-05-23T05:00:02Z,902,032124f04222d6f7f657bd803059825d0f730afb
77496883265,26323525350,Windows_No_Exception_CI,"build (3.10, x64)",completed,cancelled,2026-05-23T04:31:53Z,2026-05-23T04:44:58Z,785,6d61e1612a38ceda3bcc4ac71440570a2c363324
77496303696,26323315222,Windows_No_Exception_CI,"build (3.10, x64)",completed,cancelled,2026-05-23T04:21:06Z,2026-05-23T04:31:51Z,645,343b46d8ba7f0039d2bf05268f11a6cdbd594663
77496198368,26323281187,Windows_No_Exception_CI,"build (3.10, x64)",completed,cancelled,2026-05-23T04:19:19Z,2026-05-23T04:21:02Z,103,523a11c04efb5a44dcf8a5a2047a8bf8cfb91f99
77465063128,26306740192,Windows_No_Exception_CI,"build (3.10, x64)",completed,success,2026-05-22T21:25:23Z,2026-05-22T21:43:39Z,1096,73417bdc757e606404d37e530bdd36176382dd93
77444359763,26306158165,Windows_No_Exception_CI,"build (3.10, x64)",completed,success,2026-05-22T18:59:26Z,2026-05-22T19:18:56Z,1170,8f767a86462429bd939adbcb3a587f8a3df94c48
77442012024,26305750588,Windows_No_Exception_CI,"build (3.10, x64)",completed,success,2026-05-22T18:43:59Z,2026-05-22T19:02:34Z,1115,d33e14b757bbf7b7f6000f3dc942e6bc0e16bbb5
77423789431,26300408391,Windows_No_Exception_CI,"build (3.10, x64)",completed,success,2026-05-22T16:45:38Z,2026-05-22T17:06:04Z,1226,d68d644de98b3d800496a7a3946dd0bab570deaa
77422654686,26299007004,Windows_No_Exception_CI,"build (3.10, x64)",completed,success,2026-05-22T16:38:24Z,2026-05-22T16:57:51Z,1167,ad72414dfe19d20c6bce7d57f61aff5a63a63d47
77364016689,26283129432,Windows_No_Exception_CI,"build (3.10, x64)",completed,success,2026-05-22T10:42:12Z,2026-05-22T11:00:24Z,1092,fdb7de26ce8a08bbd643ca04d90059fdc12e3043
77318249994,26268992754,Windows_No_Exception_CI,"build (3.10, x64)",completed,success,2026-05-22T04:48:03Z,2026-05-22T05:06:47Z,1124,11b3e5264149125d82b0d623781ab6ecc7455540
77227443473,26241125453,Windows_No_Exception_CI,"build (3.10, x64)",completed,success,2026-05-21T17:07:53Z,2026-05-21T17:26:43Z,1130,fea12954095bccdb7d952feb25a1868d1258cb36
77223752918,26240080968,Windows_No_Exception_CI,"build (3.10, x64)",completed,success,2026-05-21T16:48:10Z,2026-05-21T17:06:57Z,1127,bd8ccd1e035404ae71b5bff54963cd90e693d98e
77219920405,26238564075,Windows_No_Exception_CI,"build (3.10, x64)",completed,success,2026-05-21T16:27:15Z,2026-05-21T16:46:43Z,1168,a5a75e37de4842324316b83bb6063faa917ec437
77216892696,26238126262,Windows_No_Exception_CI,"build (3.10, x64)",completed,success,2026-05-21T16:11:12Z,2026-05-21T16:29:50Z,1118,c0e4907f644fadff45aaa22494fb50231a6f6eac
77216179690,26237744556,Windows_No_Exception_CI,"build (3.10, x64)",completed,success,2026-05-21T16:07:43Z,2026-05-21T16:26:40Z,1137,0e7994d149008f7e2a8fca77a9ac1e7b99cf088a
77145952417,26218195260,Windows_No_Exception_CI,"build (3.10, x64)",completed,success,2026-05-21T09:40:28Z,2026-05-21T09:57:54Z,1046,6e3c99c7c4ce0fd6550fb97b3365e64d4050bfa4
77102843965,26204985818,Windows_No_Exception_CI,"build (3.10, x64)",completed,success,2026-05-21T04:13:01Z,2026-05-21T04:27:45Z,884,0ab94f6e303b5a0f658abb41a889c50bb00e8936
77095714779,26202672234,Windows_No_Exception_CI,"build (3.10, x64)",completed,success,2026-05-21T02:55:26Z,2026-05-21T03:14:42Z,1156,439d5e2ac9b758bd0924f47b0c580b69f9bb7515
77092223533,26201484157,Windows_No_Exception_CI,"build (3.10, x64)",completed,success,2026-05-21T02:16:59Z,2026-05-21T02:36:30Z,1171,7965aa7d9f4dbed491191e0d431f89073fd1a079
77070713271,26194503945,Windows_No_Exception_CI,"build (3.10, x64)",completed,success,2026-05-20T22:49:58Z,2026-05-20T23:08:07Z,1089,687c4e538d38b46fb2c367ea570414dc5621bccd
77069730091,26194190476,Windows_No_Exception_CI,"build (3.10, x64)",completed,success,2026-05-20T22:42:03Z,2026-05-20T23:00:43Z,1120,30783cc52463f90aa87c430411dd4d0adce3dda8
77068190936,26193725415,Windows_No_Exception_CI,"build (3.10, x64)",completed,cancelled,2026-05-20T22:30:19Z,2026-05-20T22:42:00Z,701,ec91dc49c6747028183a991f131a5f918099b79c
77063648910,26191209351,Windows_No_Exception_CI,"build (3.10, x64)",completed,success,2026-05-20T21:57:38Z,2026-05-20T22:17:14Z,1176,6495baade444e787cfac626651beb910f9b6942b
77050453921,26188500923,Windows_No_Exception_CI,"build (3.10, x64)",completed,success,2026-05-20T20:37:25Z,2026-05-20T20:57:21Z,1196,9c1a22ba456586ae3496476bc961c12ba78ac6d1
77049444216,26188232697,Windows_No_Exception_CI,"build (3.10, x64)",completed,cancelled,2026-05-20T20:31:44Z,2026-05-20T20:37:23Z,339,73736f2de2a1d852565006531f30475f2e38c7eb
77043156373,26186433401,Windows_No_Exception_CI,"build (3.10, x64)",completed,success,2026-05-20T19:56:29Z,2026-05-20T20:15:01Z,1112,0d584dc4226e82fce208697f897bc8748f8d2862
77042676901,26186315937,Windows_No_Exception_CI,"build (3.10, x64)",completed,cancelled,2026-05-20T19:53:48Z,2026-05-20T19:56:26Z,158,dbf812548ab8d293239f081b0405caef02a6f393
77029997797,26182761197,Windows_No_Exception_CI,"build (3.10, x64)",completed,success,2026-05-20T18:43:46Z,2026-05-20T19:02:37Z,1131,b109d15f0df9d0f698ca17425b4d30d3053f0b47
77027935898,26182174613,Windows_No_Exception_CI,"build (3.10, x64)",completed,success,2026-05-20T18:32:22Z,2026-05-20T18:50:37Z,1095,01b4a3fd71a222fe6a1124e67d5f648d0580078e
77026939461,26181885877,Windows_No_Exception_CI,"build (3.10, x64)",completed,success,2026-05-20T18:26:51Z,2026-05-20T18:47:18Z,1227,0ebe0841967a1fe2e143eaf5bed12fd43a14690a
77025075904,26181149855,Windows_No_Exception_CI,"build (3.10, x64)",completed,success,2026-05-20T18:16:43Z,2026-05-20T18:32:19Z,936,c6e382e9cae93dfd03ff0330ced1e66de5636c7d
76997263724,26173471163,Windows_No_Exception_CI,"build (3.10, x64)",completed,success,2026-05-20T15:44:15Z,2026-05-20T16:05:29Z,1274,b6f803ec4bb88f80bd775e72a254ada3df11f04f
76955663562,26161905258,Windows_No_Exception_CI,"build (3.10, x64)",completed,success,2026-05-20T12:16:17Z,2026-05-20T12:35:23Z,1146,a6f1908b9bd0cae2b20460a5ff546a870624906c
76888271782,26141652810,Windows_No_Exception_CI,"build (3.10, x64)",completed,success,2026-05-20T04:38:35Z,2026-05-20T04:57:30Z,1135,1ea440d9370d4e7b01b45b1d40f8c555e3c4bb73
76883826136,26140157181,Windows_No_Exception_CI,"build (3.10, x64)",completed,success,2026-05-20T03:56:45Z,2026-05-20T04:15:55Z,1150,ab50333114d62139c4de669a6494b4939e193eea
76883719210,26140121646,Windows_No_Exception_CI,"build (3.10, x64)",completed,success,2026-05-20T03:50:35Z,2026-05-20T04:10:23Z,1188,9fd2601d333615fcbccf6ebb1c521ece713042e0
76833058093,26124039439,Windows_No_Exception_CI,"build (3.10, x64)",completed,success,2026-05-19T20:41:51Z,2026-05-19T21:01:11Z,1160,2ec288908952eea9dcf48d4b197915e1f72c6abf
76828244951,26122627936,Windows_No_Exception_CI,"build (3.10, x64)",completed,success,2026-05-19T20:15:01Z,2026-05-19T20:34:25Z,1164,6dde82facd897befc16bcd416a7924d76051f60a
76809338298,26117168861,Windows_No_Exception_CI,"build (3.10, x64)",completed,success,2026-05-19T18:30:26Z,2026-05-19T18:48:57Z,1111,2cc8189e08b9f5131433f2cc0e9e66cb6e891817
76800880581,26114722018,Windows_No_Exception_CI,"build (3.10, x64)",completed,success,2026-05-19T17:44:14Z,2026-05-19T18:02:35Z,1101,4f7fd4f4b142006dbee8e85d8eb6da2517db04f6
76800700729,26114679058,Windows_No_Exception_CI,"build (3.10, x64)",completed,cancelled,2026-05-19T17:43:14Z,2026-05-19T17:44:11Z,57,3db57e156e48797fc0bda9660de4fb736cc1b9d7
76713917556,26090289303,Windows_No_Exception_CI,"build (3.10, x64)",completed,success,2026-05-19T10:04:02Z,2026-05-19T10:22:49Z,1127,7a1b99e3e49533f6a82a11d6f8a421a3c70c1a5f
76704882959,26087680747,Windows_No_Exception_CI,"build (3.10, x64)",completed,success,2026-05-19T09:10:57Z,2026-05-19T09:28:20Z,1043,1ad2a6407a5b776ef319b5bdcff666f3f3a166af
76703528344,26087291320,Windows_No_Exception_CI,"build (3.10, x64)",completed,success,2026-05-19T09:02:54Z,2026-05-19T09:20:50Z,1076,9a48f83aa6673619a9ef7641f7891e1f0f66b076
76702158223,26086890344,Windows_No_Exception_CI,"build (3.10, x64)",completed,success,2026-05-19T08:54:50Z,2026-05-19T09:15:40Z,1250,251494ff6aa42e8781718fd83612517ed1d44a9c
76698337785,26085760264,Windows_No_Exception_CI,"build (3.10, x64)",completed,success,2026-05-19T08:31:42Z,2026-05-19T08:49:46Z,1084,f07e915ce723e6919d771dd2fdaa3e299e3d83b5
76644258415,26068413022,Windows_No_Exception_CI,"build (3.10, x64)",completed,success,2026-05-19T00:23:58Z,2026-05-19T00:43:47Z,1189,c94546f8cf6fe683bc78c2998043f8ec128c3376
76643947145,26068318776,Windows_No_Exception_CI,"build (3.10, x64)",completed,cancelled,2026-05-19T00:21:00Z,2026-05-19T00:23:56Z,176,3a50ca940b99036f090b8aef72b39e2aec90a0d6
76638915907,26066665280,Windows_No_Exception_CI,"build (3.10, x64)",completed,success,2026-05-18T23:34:21Z,2026-05-18T23:53:14Z,1133,93bb6190d6697d0594d3ee6c2f1235d42a23f200
76626564085,26062737655,Windows_No_Exception_CI,"build (3.10, x64)",completed,success,2026-05-18T21:54:49Z,2026-05-18T22:15:52Z,1263,c96c82d8c2db629c764f0566fb5b1e66c43412b2
76626107156,26062595285,Windows_No_Exception_CI,"build (3.10, x64)",completed,success,2026-05-18T21:51:38Z,2026-05-18T22:10:21Z,1123,9f31f837b85853c136e0b001f8908e3d0c117706
76618963248,26060437362,Windows_No_Exception_CI,"build (3.10, x64)",completed,success,2026-05-18T21:05:26Z,2026-05-18T21:25:22Z,1196,fd25487ea781eb2c9a2a3e3a3edf043d743d63d1
76616311801,26059645025,Windows_No_Exception_CI,"build (3.10, x64)",completed,success,2026-05-18T20:49:36Z,2026-05-18T21:07:03Z,1047,fa652d85c14b532f12fef14dfd2c2acf675f2d3e
76613933893,26058934492,Windows_No_Exception_CI,"build (3.10, x64)",completed,cancelled,2026-05-18T20:35:47Z,2026-05-18T20:49:33Z,826,e3fd238cc76987440da4ebedc747010a813a49e0
76612710763,26058576619,Windows_No_Exception_CI,"build (3.10, x64)",completed,cancelled,2026-05-18T20:28:37Z,2026-05-18T20:35:40Z,423,701a92af3f28f5eb51d28ffd71cc9ce956cececf
76611039556,26058067626,Windows_No_Exception_CI,"build (3.10, x64)",completed,success,2026-05-18T20:18:19Z,2026-05-18T20:38:01Z,1182,58c7d79465f8eeccf1596727f42443e60d233a43
76607293744,26056949635,Windows_No_Exception_CI,"build (3.10, x64)",completed,success,2026-05-18T19:55:25Z,2026-05-18T20:12:59Z,1054,762224e7c8e460cbda6d838caa9d452182ba629e
76605470702,26056362946,Windows_No_Exception_CI,"build (3.10, x64)",completed,success,2026-05-18T19:44:30Z,2026-05-18T20:04:59Z,1229,da331ecfb45084c40209bb43123729de2f71765f
76604591297,26056138791,Windows_No_Exception_CI,"build (3.10, x64)",completed,cancelled,2026-05-18T19:39:17Z,2026-05-18T19:44:27Z,310,5d4454e27ac5b324ff3ba5de7266bf6ccfe9f103
76596123752,26053617794,Windows_No_Exception_CI,"build (3.10, x64)",completed,success,2026-05-18T18:49:54Z,2026-05-18T19:08:43Z,1129,72eac1a91ec7eab440bd02009d9622e15b143052
76585358895,26050407108,Windows_No_Exception_CI,"build (3.10, x64)",completed,success,2026-05-18T17:47:37Z,2026-05-18T18:02:17Z,880,ade0ee5827c08b5b119f58eabcd766203d695cce
76582152445,26049460521,Windows_No_Exception_CI,"build (3.10, x64)",completed,cancelled,2026-05-18T17:29:04Z,2026-05-18T17:47:29Z,1105,f3d74bbaa34865ca9f60cbcbed8a7d996e83cbec
76580946957,26049088965,Windows_No_Exception_CI,"build (3.10, x64)",completed,cancelled,2026-05-18T17:22:07Z,2026-05-18T17:29:00Z,413,e3c0ff6a4d8710432102e17872916a663c3aa587
76579837624,26048788835,Windows_No_Exception_CI,"build (3.10, x64)",completed,cancelled,2026-05-18T17:15:44Z,2026-05-18T17:22:04Z,380,38dcbc96bdaf84c3858c906319f5e6c29087ea0d
76554988955,26041753884,Windows_No_Exception_CI,"build (3.10, x64)",completed,success,2026-05-18T15:02:24Z,2026-05-18T15:22:27Z,1203,30887a4fd7f1c29f79526dda2aa2ab13f38d9161
76495366352,26024835087,Windows_No_Exception_CI,"build (3.10, x64)",completed,success,2026-05-18T09:23:30Z,2026-05-18T09:42:10Z,1120,8288fe1e5d48fb5b81db7b848e4ba3663e4c8243
76460804936,26014209534,Windows_No_Exception_CI,"build (3.10, x64)",completed,success,2026-05-18T04:51:42Z,2026-05-18T05:09:18Z,1056,36de9ed25c649d6b657b3618c7ed924352b2bf2e
76456131092,26012592209,Windows_No_Exception_CI,"build (3.10, x64)",completed,success,2026-05-18T03:54:04Z,2026-05-18T04:12:55Z,1131,9bf9124819bb5864f85df340be60fd58dddbd0c9
76455590373,26012404194,Windows_No_Exception_CI,"build (3.10, x64)",completed,success,2026-05-18T03:47:11Z,2026-05-18T04:06:12Z,1141,3252bdbbde6dd414eadac2ac48f7e493f9ad2531
76448246060,26009846730,Windows_No_Exception_CI,"build (3.10, x64)",completed,failure,2026-05-18T02:11:33Z,2026-05-18T02:24:28Z,775,dfd956c14ad0ab9243a0f9c1481623b397f98e7c
76437108477,26005840451,Windows_No_Exception_CI,"build (3.10, x64)",completed,success,2026-05-17T23:28:51Z,2026-05-17T23:45:24Z,993,d8820d4cfee132b4fd01c2a0c2c4a2e71e02427a
76436887560,26005768435,Windows_No_Exception_CI,"build (3.10, x64)",completed,cancelled,2026-05-17T23:24:57Z,2026-05-17T23:28:48Z,231,7aa7013aa3b1d5f98692d4ea05c1aba442e0b3c6
76436765376,26005720251,Windows_No_Exception_CI,"build (3.10, x64)",completed,failure,2026-05-17T23:22:48Z,2026-05-17T23:23:10Z,22,0b95250d20af29055abb274010b9025ee5bdacc9
76436321436,26005562151,Windows_No_Exception_CI,"build (3.10, x64)",completed,cancelled,2026-05-17T23:15:11Z,2026-05-17T23:22:46Z,455,70e74471f540cdba408d8a5f96abde76edecae1d
76436258428,26005537586,Windows_No_Exception_CI,"build (3.10, x64)",completed,success,2026-05-17T23:14:02Z,2026-05-17T23:30:03Z,961,15e514a6a20c3a2c364220084c1e4ff9b743adc1
76417188235,25998498457,Windows_No_Exception_CI,"build (3.10, x64)",completed,success,2026-05-17T18:01:18Z,2026-05-17T18:20:56Z,1178,984138262b362133416288b018be956d766a39d2
76415072094,25997713664,Windows_No_Exception_CI,"build (3.10, x64)",completed,success,2026-05-17T17:26:49Z,2026-05-17T17:45:52Z,1143,13c6e94c341c44e1596d19b30920fc1b9b67a8d4
76403141543,25993264010,Windows_No_Exception_CI,"build (3.10, x64)",completed,success,2026-05-17T14:15:26Z,2026-05-17T14:34:13Z,1127,c91ff7dd7611914adc9e8444b349c2ac02c0dcbd
76397267577,25991095357,Windows_No_Exception_CI,"build (3.10, x64)",completed,success,2026-05-17T12:39:24Z,2026-05-17T12:58:28Z,1144,69dcf71e2845c5eb1bc73b43c52c8a714690ad47
76397175681,25991063814,Windows_No_Exception_CI,"build (3.10, x64)",completed,cancelled,2026-05-17T12:37:50Z,2026-05-17T12:39:22Z,92,5c90814375c7f2bd4ed46786106dbe10e4a7e539
76389865422,25988350061,Windows_No_Exception_CI,"build (3.10, x64)",completed,success,2026-05-17T10:29:38Z,2026-05-17T10:48:51Z,1153,dffda2f87b8cf8656b18012820445be8eb023c68
76376776296,25983605899,Windows_No_Exception_CI,"build (3.10, x64)",completed,success,2026-05-17T06:33:47Z,2026-05-17T06:52:29Z,1122,79e57f749ae04ccd352ef67f77ba52abfe5e12df
76538212424,25982580696,Windows_No_Exception_CI,"build (3.10, x64)",completed,success,2026-05-18T13:39:12Z,2026-05-18T13:59:34Z,1222,3e9808d5db544e31006fa3ba33d52bbcd04bf8e7
76372283659,25981995508,Windows_No_Exception_CI,"build (3.10, x64)",completed,success,2026-05-17T05:07:09Z,2026-05-17T05:27:29Z,1220,3856f03b8b86d53aed3bc36956ae549c5d123d42
76371477366,25981688201,Windows_No_Exception_CI,"build (3.10, x64)",completed,cancelled,2026-05-17T04:49:49Z,2026-05-17T05:07:08Z,1039,bb155e4f674cc73f2a34b95f3cea1514a156a480
76370617666,25981366013,Windows_No_Exception_CI,"build (3.10, x64)",completed,success,2026-05-17T04:31:20Z,2026-05-17T04:51:19Z,1199,aca5204e96eb17f833b8263cbd1f3072a0e66faa
76370435187,25981301844,Windows_No_Exception_CI,"build (3.10, x64)",completed,cancelled,2026-05-17T04:27:51Z,2026-05-17T04:31:18Z,207,0716b8246233ee202cc0e6f6ec6764ab362f27bb
76369986102,25981132843,Windows_No_Exception_CI,"build (3.10, x64)",completed,cancelled,2026-05-17T04:18:46Z,2026-05-17T04:27:49Z,543,20601d4fe5989956ebbd82eb262dfb1f3cf82ad3
76369720900,25981037498,Windows_No_Exception_CI,"build (3.10, x64)",completed,cancelled,2026-05-17T04:12:37Z,2026-05-17T04:18:43Z,366,987439da45f63d45969bdaf03ddd3d5d08a14f7d
76367995200,25980387745,Windows_No_Exception_CI,"build (3.10, x64)",completed,success,2026-05-17T03:36:00Z,2026-05-17T03:54:22Z,1102,09e06df0a3ef52518f7b39f291d3f7855fead2c2
76367970806,25980379078,Windows_No_Exception_CI,"build (3.10, x64)",completed,success,2026-05-17T03:35:28Z,2026-05-17T03:55:42Z,1214,9433c7942865684e71b00ed5ceb4e40ab5d27c6f
76365256069,25979408755,Windows_No_Exception_CI,"build (3.10, x64)",completed,success,2026-05-17T02:42:51Z,2026-05-17T03:01:47Z,1136,1433ad1aa0014b07ed58220c9e50ff71ece5cdcb
76328260678,25965534127,Windows_No_Exception_CI,"build (3.10, x64)",completed,success,2026-05-16T15:20:34Z,2026-05-16T15:40:08Z,1174,a3c1aadc8866445c8c4d1aab9ab4f92e8c42608b
76327870942,25965389615,Windows_No_Exception_CI,"build (3.10, x64)",completed,success,2026-05-16T15:13:48Z,2026-05-16T15:32:14Z,1106,0771a74877a00c57eb64178f7098d0afb85d7669
76327709694,25965328968,Windows_No_Exception_CI,"build (3.10, x64)",completed,success,2026-05-16T15:11:01Z,2026-05-16T15:28:51Z,1070,6a664b0a8ccf95f48d12e336011e6fd54ac40611
76324447490,25964118582,Windows_No_Exception_CI,"build (3.10, x64)",completed,success,2026-05-16T14:14:39Z,2026-05-16T14:31:59Z,1040,bf54fef61b8176911bcc7f96edf90c04d16428ff
76321948834,25963176343,Windows_No_Exception_CI,"build (3.10, x64)",completed,success,2026-05-16T13:29:44Z,2026-05-16T13:47:35Z,1071,4ed8f2022da86e9e72aa199c6cf1837200827970
76711899471,25962064392,Windows_No_Exception_CI,"build (3.10, x64)",completed,cancelled,2026-05-19T09:52:11Z,2026-05-19T10:03:59Z,708,0af0bc76a286e2dece90727702c88f4ce72bcd30
76313869073,25960110841,Windows_No_Exception_CI,"build (3.10, x64)",completed,success,2026-05-16T10:53:52Z,2026-05-16T11:11:23Z,1051,58f8ffabacc58e08bb4b39132c14e1c90f33317a
76313801094,25960084278,Windows_No_Exception_CI,"build (3.10, x64)",completed,success,2026-05-16T10:52:27Z,2026-05-16T11:10:03Z,1056,b4fb2bf5471d8e4e255db5d83995c98132ac4d12
76313570599,25959994468,Windows_No_Exception_CI,"build (3.10, x64)",completed,success,2026-05-16T10:47:38Z,2026-05-16T11:06:22Z,1124,0349cfec3575327f1dac60f0cb1f478e964ff015
76312730193,25959669021,Windows_No_Exception_CI,"build (3.10, x64)",completed,success,2026-05-16T10:30:42Z,2026-05-16T10:46:07Z,925,fadc8a09a1efc2caac4b0cc6f2435b800cce3627
76312715091,25959663323,Windows_No_Exception_CI,"build (3.10, x64)",completed,success,2026-05-16T10:30:26Z,2026-05-16T10:48:22Z,1076,ea79d1d08aae9f2a3970d028177aa04c9bd244ea
76311917737,25959362262,Windows_No_Exception_CI,"build (3.10, x64)",completed,success,2026-05-16T10:14:33Z,2026-05-16T10:32:17Z,1064,d70056fbf34cc2eafc62a824dc75de07a5760d54
76311187781,25959097644,Windows_No_Exception_CI,"build (3.10, x64)",completed,success,2026-05-16T10:00:44Z,2026-05-16T10:21:14Z,1230,111db72dbf7a0da2617a0b329266390ccd26e79b
76311094000,25959065364,Windows_No_Exception_CI,"build (3.10, x64)",completed,cancelled,2026-05-16T09:59:06Z,2026-05-16T10:00:42Z,96,f8ce41d0892d00fa4b4daa5a8fbbeb3b9182ae85
76310295723,25958576029,Windows_No_Exception_CI,"build (3.10, x64)",completed,success,2026-05-16T09:44:34Z,2026-05-16T10:03:14Z,1120,13ede249ce3ca5a1cbe45f0de4c3cd0fad87e4f8
76307726743,25957846253,Windows_No_Exception_CI,"build (3.10, x64)",completed,success,2026-05-16T08:55:30Z,2026-05-16T09:12:56Z,1046,5d47c135f93bbb31285b89ed584dcedcb56bc761
76305817288,25957173089,Windows_No_Exception_CI,"build (3.10, x64)",completed,success,2026-05-16T08:20:26Z,2026-05-16T08:38:55Z,1109,9c48513796924c1cb0d5cbc983f65f580a08a2e6
76305393382,25957010212,Windows_No_Exception_CI,"build (3.10, x64)",completed,success,2026-05-16T08:11:56Z,2026-05-16T08:30:51Z,1135,dce4a10039811e2d733f597dd9c66d2bc2f8cd6b
76300993270,25955384835,Windows_No_Exception_CI,"build (3.10, x64)",completed,success,2026-05-16T06:48:36Z,2026-05-16T07:08:51Z,1215,357f1f351f2c57dc00cf087c20013a43423928ca
76298053713,25954318093,Windows_No_Exception_CI,"build (3.10, x64)",completed,success,2026-05-16T05:52:18Z,2026-05-16T06:12:14Z,1196,43c8ca7bf523a64e28ef38113f2c329dc5ac494c
76297672356,25954181232,Windows_No_Exception_CI,"build (3.10, x64)",completed,success,2026-05-16T05:44:40Z,2026-05-16T06:04:36Z,1196,e0dda23bec86d7bf4b36affe07740cd4f435257e
76296425264,25953774146,Windows_No_Exception_CI,"build (3.10, x64)",completed,success,2026-05-16T05:22:43Z,2026-05-16T05:42:20Z,1177,9c1c8cf2159e7ad25228a10f6b9486cdd6dff37b
76296387616,25953762257,Windows_No_Exception_CI,"build (3.10, x64)",completed,success,2026-05-16T05:22:08Z,2026-05-16T05:41:17Z,1149,c7fe950317063ea49da9bd7b5ecd3bc14df17994
76294916776,25953243109,Windows_No_Exception_CI,"build (3.10, x64)",completed,success,2026-05-16T04:54:53Z,2026-05-16T05:13:09Z,1096,b9b5c9374ab5f72eb8a82964550aabcb0206c5b1
76266883367,25943639250,Windows_No_Exception_CI,"build (3.10, x64)",completed,failure,2026-05-15T22:05:17Z,2026-05-15T22:21:32Z,975,7cfe8dc19d2d16d9e636f8af54a2e51f08f3654c
76266844576,25943630801,Windows_No_Exception_CI,"build (3.10, x64)",completed,cancelled,2026-05-15T22:04:55Z,2026-05-15T22:05:15Z,20,c74034974b74587fbb25bf0f5b1bd41a79d15dfa
76265205675,25943116612,Windows_No_Exception_CI,"build (3.10, x64)",completed,failure,2026-05-15T21:50:22Z,2026-05-15T22:02:51Z,749,8f6e7d476d74281e11091bfb3e458db59ea33d19
76264808257,25942990975,Windows_No_Exception_CI,"build (3.10, x64)",completed,cancelled,2026-05-15T21:47:02Z,2026-05-15T21:50:19Z,197,c98e99b95bdae0aa37496abd55ded7858f846837
76263329816,25942538490,Windows_No_Exception_CI,"build (3.10, x64)",completed,cancelled,2026-05-15T21:34:56Z,2026-05-15T21:47:00Z,724,5683835507b184b447d59ae0b2b5ccbabac101c9
76237078151,25934709503,Windows_No_Exception_CI,"build (3.10, x64)",completed,success,2026-05-15T18:32:25Z,2026-05-15T18:51:51Z,1166,46726814f157edaa9f3ee0fc83447c8bd7a4e490
76237018407,25934696489,Windows_No_Exception_CI,"build (3.10, x64)",completed,cancelled,2026-05-15T18:32:03Z,2026-05-15T18:32:22Z,19,0b35098718b7f7869a128e31941c8bf168fdefb4
76236878886,25934655792,Windows_No_Exception_CI,"build (3.10, x64)",completed,success,2026-05-15T18:31:09Z,2026-05-15T18:52:20Z,1271,e196a752f2557fcd0ab834c0c31e7666358bd6e7
76236538805,25934555580,Windows_No_Exception_CI,"build (3.10, x64)",completed,success,2026-05-15T18:29:00Z,2026-05-15T18:46:15Z,1035,f639a2dd9126829459c1fc32336361b7dee0e61e
76236438399,25934525897,Windows_No_Exception_CI,"build (3.10, x64)",completed,success,2026-05-15T18:28:20Z,2026-05-15T18:48:28Z,1208,6ba65a1901abacbabbe0391d73ecabefca10f7e2
76229976805,25932620373,Windows_No_Exception_CI,"build (3.10, x64)",completed,success,2026-05-15T17:46:02Z,2026-05-15T18:04:22Z,1100,d6271cae8e88f43ee48523304b333722e5e26316
76229731822,25932546461,Windows_No_Exception_CI,"build (3.10, x64)",completed,success,2026-05-15T17:44:25Z,2026-05-15T18:02:57Z,1112,7e56e9efe84ad7ed968c5617b1fda93961b3ff49
76225948108,25931379188,Windows_No_Exception_CI,"build (3.10, x64)",completed,success,2026-05-15T17:19:56Z,2026-05-15T17:38:49Z,1133,d62e873e4a7017596d8a3e2b2b1c5c9217195bbe
76225538989,25931294900,Windows_No_Exception_CI,"build (3.10, x64)",completed,cancelled,2026-05-15T17:17:13Z,2026-05-15T17:19:52Z,159,bc099598efb1aced91c191f805e56496db1dc242
76220005038,25929657180,Windows_No_Exception_CI,"build (3.10, x64)",completed,success,2026-05-15T16:41:21Z,2026-05-15T17:00:28Z,1147,656c51bd965950c9d97d811d8de603edcb1b7109
76217439280,25928898489,Windows_No_Exception_CI,"build (3.10, x64)",completed,success,2026-05-15T16:25:09Z,2026-05-15T16:44:51Z,1182,81d4117bb3ea768282bbfecceede65275b3f7eef
76198407335,25923480704,Windows_No_Exception_CI,"build (3.10, x64)",completed,success,2026-05-15T14:32:43Z,2026-05-15T14:50:49Z,1086,8880bc715be0d4970486d9149fc02e1477431ce6
76197944029,25923354532,Windows_No_Exception_CI,"build (3.10, x64)",completed,cancelled,2026-05-15T14:30:02Z,2026-05-15T14:32:39Z,157,1a534d4e5f316ab4606939e384ca74f49be82b8a
76194724273,25922442662,Windows_No_Exception_CI,"build (3.10, x64)",completed,success,2026-05-15T14:10:56Z,2026-05-15T14:29:05Z,1089,70deebc01ef33f3dac9376659115b216166ad178
76179885046,25918146677,Windows_No_Exception_CI,"build (3.10, x64)",completed,success,2026-05-15T12:37:18Z,2026-05-15T12:58:08Z,1250,d3d71f1c8c8c4d16bf41847b45c99ce4aa0def63
76177052555,25917308394,Windows_No_Exception_CI,"build (3.10, x64)",completed,success,2026-05-15T12:16:59Z,2026-05-15T12:36:52Z,1193,8b0aa049cd8c05fd6eae293c7aa31da8db1f185d
76174886273,25916657650,Windows_No_Exception_CI,"build (3.10, x64)",completed,success,2026-05-15T12:00:37Z,2026-05-15T12:19:36Z,1139,48a65488ac0bf27c2f88bca2ffe8e99f36f03f77
76174838831,25916650300,Windows_No_Exception_CI,"build (3.10, x64)",completed,cancelled,2026-05-15T12:00:18Z,2026-05-15T12:00:34Z,16,031b3052a7c6a7d6e54483faf6944d3211a77cc4
76174541050,25916561196,Windows_No_Exception_CI,"build (3.10, x64)",completed,success,2026-05-15T11:58:01Z,2026-05-15T12:16:31Z,1110,031b3052a7c6a7d6e54483faf6944d3211a77cc4
76171414535,25915611109,Windows_No_Exception_CI,"build (3.10, x64)",completed,success,2026-05-15T11:33:54Z,2026-05-15T11:52:20Z,1106,3141cc8ae23c398c655272662a156e370fb3be9c
76170328797,25915288095,Windows_No_Exception_CI,"build (3.10, x64)",completed,cancelled,2026-05-15T11:25:27Z,2026-05-15T11:33:51Z,504,e748a380a9a1f4b374f5a51e81c9061bc6b495ba
76168951083,25914879706,Windows_No_Exception_CI,"build (3.10, x64)",completed,success,2026-05-15T11:14:52Z,2026-05-15T11:31:02Z,970,800c2932274c580831485de73f4dad624af194e3
76167506106,25914453679,Windows_No_Exception_CI,"build (3.10, x64)",completed,success,2026-05-15T11:03:43Z,2026-05-15T11:22:21Z,1118,c8ca83acfd0c095df3c1e7d80d0074a0c9916629
76164267762,25913505477,Windows_No_Exception_CI,"build (3.10, x64)",completed,success,2026-05-15T10:39:41Z,2026-05-15T10:59:14Z,1173,53eb8130bd2cefc73e673ddff5c2f754f028aada
76157493866,25911494498,Windows_No_Exception_CI,"build (3.10, x64)",completed,success,2026-05-15T09:49:48Z,2026-05-15T10:07:45Z,1077,1536a43206ecbc715002251f3aeb9c3da7d59d77
76157233173,25911417979,Windows_No_Exception_CI,"build (3.10, x64)",completed,success,2026-05-15T09:47:54Z,2026-05-15T10:08:35Z,1241,b792fa7553f45a3117588935887c8b4ed1404451
76150286925,25909368240,Windows_No_Exception_CI,"build (3.10, x64)",completed,success,2026-05-15T08:58:16Z,2026-05-15T09:19:59Z,1303,1a3943676302a8e6ab8796234ca59b01d989b442
76145382226,25907874235,Windows_No_Exception_CI,"build (3.10, x64)",completed,success,2026-05-15T08:21:13Z,2026-05-15T08:38:27Z,1034,c1be1865592134a3b35c6fd2355dc871f2b441a4
76145351072,25907863853,Windows_No_Exception_CI,"build (3.10, x64)",completed,cancelled,2026-05-15T08:20:58Z,2026-05-15T08:21:10Z,12,955409dcab61b256543a26e6564be348a4d376a1
76145299221,25907853214,Windows_No_Exception_CI,"build (3.10, x64)",completed,success,2026-05-15T08:20:34Z,2026-05-15T08:39:03Z,1109,15ab23603577815da8d897a175c18c0eba1e41cd
76145189795,25907813871,Windows_No_Exception_CI,"build (3.10, x64)",completed,cancelled,2026-05-15T08:19:41Z,2026-05-15T08:20:55Z,74,ec784aabd550903f59c8b6591688a344bbf4d2ee
76144868229,25907709078,Windows_No_Exception_CI,"build (3.10, x64)",completed,cancelled,2026-05-15T08:17:09Z,2026-05-15T08:19:38Z,149,64182cf38226cc697c8ad54e466c0363f519cf7e
76143655296,25907498851,Windows_No_Exception_CI,"build (3.10, x64)",completed,cancelled,2026-05-15T08:11:13Z,2026-05-15T08:17:07Z,354,657e9a1b3e6d124d2e9d46d40a3be551fcff90f5
76143309208,25907351409,Windows_No_Exception_CI,"build (3.10, x64)",completed,cancelled,2026-05-15T08:06:25Z,2026-05-15T08:11:08Z,283,09a22193b9a207c23a31d93e6f79b5234118ef08
76143203585,25907305572,Windows_No_Exception_CI,"build (3.10, x64)",completed,cancelled,2026-05-15T08:04:51Z,2026-05-15T08:06:23Z,92,e7ca678b0e05cb22f0b6ec8fb9e91d42f5655020
76140003203,25906067473,Windows_No_Exception_CI,"build (3.10, x64)",completed,success,2026-05-15T07:29:15Z,2026-05-15T07:49:03Z,1188,a36cea3a03ef7cd3bac94a6a620f4bc1e3809d70
76123535084,25900798555,Windows_No_Exception_CI,"build (3.10, x64)",completed,success,2026-05-15T04:47:07Z,2026-05-15T05:05:25Z,1098,b20ac0c84506037ce3bdc88e8b093a3c70bf9e30
76121409004,25900087974,Windows_No_Exception_CI,"build (3.10, x64)",completed,success,2026-05-15T04:22:51Z,2026-05-15T04:43:26Z,1235,be1989a09db33d3ceb12e6f896e4a45e17eda495
76118640924,25899152332,Windows_No_Exception_CI,"build (3.10, x64)",completed,success,2026-05-15T03:48:39Z,2026-05-15T04:07:01Z,1102,8312b0a2b9e401aa06daabed89c25f543852d8db
77075165221,25891187329,Windows_No_Exception_CI,"build (3.10, x64)",completed,success,2026-05-20T23:28:18Z,2026-05-20T23:47:01Z,1123,89d85ddb89db26dd581077084f017caaae38a207
76049829164,25877895951,Windows_No_Exception_CI,"build (3.10, x64)",completed,success,2026-05-14T18:28:19Z,2026-05-14T18:48:14Z,1195,c9ed1da6946a045c3e34aa69ad19a00b7caa891d
76046113139,25876819332,Windows_No_Exception_CI,"build (3.10, x64)",completed,success,2026-05-14T18:06:37Z,2026-05-14T18:25:54Z,1157,1f9dd99064024fcfc919904b4e00002d0e1d0194
76044906577,25876476076,Windows_No_Exception_CI,"build (3.10, x64)",completed,success,2026-05-14T17:59:40Z,2026-05-14T18:19:10Z,1170,619cbbc02e97372d83a2f0ca75d8800b14907a3a
76043966183,25876205095,Windows_No_Exception_CI,"build (3.10, x64)",completed,failure,2026-05-14T17:54:14Z,2026-05-14T18:10:17Z,963,cd6b5f8d8d2c2f76376beeadb4079cb8b051872b
76043992199,25875181418,Windows_No_Exception_CI,"build (3.10, x64)",completed,success,2026-05-14T17:54:23Z,2026-05-14T18:14:17Z,1194,69c96a21a0702d4cb71e58a08b02dbecfc9fe868
76040286657,25875153841,Windows_No_Exception_CI,"build (3.10, x64)",completed,success,2026-05-14T17:32:46Z,2026-05-14T17:50:29Z,1063,b9eace2cc198f384ea874ad0fe88e39893b278a3
76039502056,25874929364,Windows_No_Exception_CI,"build (3.10, x64)",completed,success,2026-05-14T17:28:18Z,2026-05-14T17:47:25Z,1147,e4f64a3e0b496a3f867210687667a3b30a390c92
76036412489,25874033331,Windows_No_Exception_CI,"build (3.10, x64)",completed,success,2026-05-14T17:10:18Z,2026-05-14T17:30:48Z,1230,e31fc588968383379af3a1620b8d539a77fd2ef6
76020726612,25869549360,Windows_No_Exception_CI,"build (3.10, x64)",completed,success,2026-05-14T15:41:16Z,2026-05-14T15:59:16Z,1080,c48c16f26eebe82aaedb5ee551d4ead85a13ab64
75999268579,25863496571,Windows_No_Exception_CI,"build (3.10, x64)",completed,success,2026-05-14T13:44:25Z,2026-05-14T14:02:52Z,1107,e90bd41d593abc4b061a297f284be5e4a53110e6
75982635168,25858634783,Windows_No_Exception_CI,"build (3.10, x64)",completed,success,2026-05-14T11:55:23Z,2026-05-14T12:14:38Z,1155,821d51b4fc2433ae1e763fbd64c16e38376a7066
75979630419,25857728265,Windows_No_Exception_CI,"build (3.10, x64)",completed,success,2026-05-14T11:32:39Z,2026-05-14T11:53:07Z,1228,959239c4d16db979d7a96eacf378fc37fc6ebed3
75979530591,25857699204,Windows_No_Exception_CI,"build (3.10, x64)",completed,failure,2026-05-14T11:31:54Z,2026-05-14T11:47:10Z,916,9be748ee50a8b111523cb8776e5d6aae9504a7cd
75979064608,25857559172,Windows_No_Exception_CI,"build (3.10, x64)",completed,success,2026-05-14T11:28:21Z,2026-05-14T11:47:27Z,1146,d18892921d30bb39458bd3fe083f85b973bd96df
75978933364,25857517319,Windows_No_Exception_CI,"build (3.10, x64)",completed,success,2026-05-14T11:27:20Z,2026-05-14T11:45:26Z,1086,db43da92cec3d3e43190126efefe988d611895b8
75978826540,25857484619,Windows_No_Exception_CI,"build (3.10, x64)",completed,success,2026-05-14T11:26:32Z,2026-05-14T11:44:11Z,1059,73019917ab35757fe13d689063a0b155bc8861c1
75975356917,25856443152,Windows_No_Exception_CI,"build (3.10, x64)",completed,success,2026-05-14T11:00:49Z,2026-05-14T11:20:04Z,1155,7e8b4340c972b21ceae6a70c023d3eda80c5d6e9
75974053994,25856052768,Windows_No_Exception_CI,"build (3.10, x64)",completed,success,2026-05-14T10:51:23Z,2026-05-14T11:10:36Z,1153,ba3cb218666f450dbb188c8c62e6738fa986c6af
75973693363,25855945587,Windows_No_Exception_CI,"build (3.10, x64)",completed,success,2026-05-14T10:48:48Z,2026-05-14T11:06:28Z,1060,20005c454083859e15269577706b547fb6754072
75972973456,25855730155,Windows_No_Exception_CI,"build (3.10, x64)",completed,success,2026-05-14T10:43:34Z,2026-05-14T11:01:47Z,1093,910229adc9fd8df05d73b4c6d6cb5d249d3e6bad
75966797288,25853891189,Windows_No_Exception_CI,"build (3.10, x64)",completed,success,2026-05-14T09:58:43Z,2026-05-14T10:18:21Z,1178,50a8cf72d51872a5acfb24abd6181f1838fe1b0c
75961781706,25852371871,Windows_No_Exception_CI,"build (3.10, x64)",completed,success,2026-05-14T09:22:41Z,2026-05-14T09:42:42Z,1201,bb60acc3654fa8504929a1e1ed68914ac49357b8
75960316870,25851928632,Windows_No_Exception_CI,"build (3.10, x64)",completed,success,2026-05-14T09:12:16Z,2026-05-14T09:31:53Z,1177,c57a06bc65c6c823420849484311bfaf31868a8b
75957735305,25851143592,Windows_No_Exception_CI,"build (3.10, x64)",completed,success,2026-05-14T08:54:00Z,2026-05-14T09:14:31Z,1231,c96821b2174c575be1c38b07a9f296ec515a69a1
75956843984,25850882101,Windows_No_Exception_CI,"build (3.10, x64)",completed,cancelled,2026-05-14T08:47:22Z,2026-05-14T08:53:57Z,395,09baeedd3393f6ecc9aef0bca62def6a055751f1
75956525803,25850784540,Windows_No_Exception_CI,"build (3.10, x64)",completed,success,2026-05-14T08:45:01Z,2026-05-14T09:02:30Z,1049,29aa116a6a497ecff6142e9877e68d079f002037
75955970379,25850609072,Windows_No_Exception_CI,"build (3.10, x64)",completed,success,2026-05-14T08:40:48Z,2026-05-14T08:58:25Z,1057,8ff340561fbe1e178302ce869433f1cf0fd6c5a0
75953578191,25849877073,Windows_No_Exception_CI,"build (3.10, x64)",completed,success,2026-05-14T08:22:48Z,2026-05-14T08:41:36Z,1128,46c16fec6c867681af1311f88148a604b4864c74
75953520072,25849851927,Windows_No_Exception_CI,"build (3.10, x64)",completed,cancelled,2026-05-14T08:22:22Z,2026-05-14T08:40:45Z,1103,3a6f086495f96b544deffc98dcd000e443423d74
75953224722,25849760145,Windows_No_Exception_CI,"build (3.10, x64)",completed,cancelled,2026-05-14T08:20:06Z,2026-05-14T08:22:19Z,133,195d3dce869ff50eee483638763a0afdcd17cd48
75952000940,25849383007,Windows_No_Exception_CI,"build (3.10, x64)",completed,cancelled,2026-05-14T08:10:28Z,2026-05-14T08:20:04Z,576,0140a9431aa074c533b707aa9ee433d96a6a5e36
75951840101,25849327364,Windows_No_Exception_CI,"build (3.10, x64)",completed,success,2026-05-14T08:09:14Z,2026-05-14T08:29:15Z,1201,7c121cf7cb65b3217e02a641c20c5925006576d5
75949511242,25848615483,Windows_No_Exception_CI,"build (3.10, x64)",completed,cancelled,2026-05-14T07:50:52Z,2026-05-14T08:09:10Z,1098,185bf84c4fd784ab9cb2caaaa8584b9c0299660a
75947187667,25847879687,Windows_No_Exception_CI,"build (3.10, x64)",completed,success,2026-05-14T07:31:31Z,2026-05-14T07:47:36Z,965,7b0d80046140b009462a17801fe970c2b2d0de7d
75946625354,25847701111,Windows_No_Exception_CI,"build (3.10, x64)",completed,cancelled,2026-05-14T07:26:50Z,2026-05-14T07:31:28Z,278,96604d8738ac8d10a00264a9c7b240f5f4726f2c
75945755098,25847424537,Windows_No_Exception_CI,"build (3.10, x64)",completed,cancelled,2026-05-14T07:19:32Z,2026-05-14T07:26:48Z,436,11f8226c39ebc7174b156b1f2eb94598836e754a
76436265434,25845304414,Windows_No_Exception_CI,"build (3.10, x64)",completed,success,2026-05-17T23:14:10Z,2026-05-17T23:35:00Z,1250,220a214adaa59e2ec08e8172953bba7eab05dd88
75938313967,25845041027,Windows_No_Exception_CI,"build (3.10, x64)",completed,failure,2026-05-14T06:13:19Z,2026-05-14T06:13:52Z,33,847c6579edbfa0e58cc67aa39e34cc8e8ad8a2ec
75935886759,25844266755,Windows_No_Exception_CI,"build (3.10, x64)",completed,success,2026-05-14T05:50:29Z,2026-05-14T06:08:12Z,1063,b412be91a2da369b9f5027510ee2250c98f4977d
76040360142,25843856759,Windows_No_Exception_CI,"build (3.10, x64)",completed,success,2026-05-14T17:33:12Z,2026-05-14T17:51:02Z,1070,6a6349b8809c385ed9f2fb91d96cc14ba2a1da02
75934519973,25843834776,Windows_No_Exception_CI,"build (3.10, x64)",completed,success,2026-05-14T05:37:04Z,2026-05-14T05:56:02Z,1138,686fb19b80aefd310b365644236ae854ef740a58
75933817512,25843607049,Windows_No_Exception_CI,"build (3.10, x64)",completed,success,2026-05-14T05:30:11Z,2026-05-14T05:50:45Z,1234,8e9dc5dbc9193b731791e9aed89601bd6f736223
75933777186,25843589009,Windows_No_Exception_CI,"build (3.10, x64)",completed,success,2026-05-14T05:29:39Z,2026-05-14T05:47:48Z,1089,ec2534aed0f4f2ed1658fd77423bde8fcf7a0c92
75933229891,25843408651,Windows_No_Exception_CI,"build (3.10, x64)",completed,cancelled,2026-05-14T05:23:57Z,2026-05-14T05:37:02Z,785,42c047662d5139bb3c563450b65434d92cf9cf02
75932802933,25843260524,Windows_No_Exception_CI,"build (3.10, x64)",completed,cancelled,2026-05-14T05:19:37Z,2026-05-14T05:29:37Z,600,9940a60a8efa91b67177183d28d2cae81742b4c5
75932120115,25843032503,Windows_No_Exception_CI,"build (3.10, x64)",completed,cancelled,2026-05-14T05:12:32Z,2026-05-14T05:19:35Z,423,00c631232956e0a5d59ed37654843006bfbecb6d
75932082382,25843023115,Windows_No_Exception_CI,"build (3.10, x64)",completed,success,2026-05-14T05:12:07Z,2026-05-14T05:31:05Z,1138,b8cd7f684bd026f3d1265796403dafe4bce05ac6
75931628342,25842866803,Windows_No_Exception_CI,"build (3.10, x64)",completed,cancelled,2026-05-14T05:07:03Z,2026-05-14T05:12:29Z,326,e634a6886e05786ff9b90b02259259bfc73c1bca
75928873926,25841922530,Windows_No_Exception_CI,"build (3.10, x64)",completed,success,2026-05-14T04:36:08Z,2026-05-14T05:00:12Z,1444,9eb3f61248242d4ede5b310890b9c6366255f5ec
75925583024,25840828494,Windows_No_Exception_CI,"build (3.10, x64)",completed,success,2026-05-14T03:59:44Z,2026-05-14T04:17:56Z,1092,f2a83da0c23c98a73a2881e3cb64320dc4baca56
75924938559,25840609240,Windows_No_Exception_CI,"build (3.10, x64)",completed,success,2026-05-14T03:52:14Z,2026-05-14T04:10:56Z,1122,b8d918d42b86376aca529797cd369e8604058491
75919275762,25838735301,Windows_No_Exception_CI,"build (3.10, x64)",completed,success,2026-05-14T02:49:39Z,2026-05-14T03:09:00Z,1161,7cde2b9e0ffda9ffe050a43b83eabf02cf7979a2
75918040001,25838315716,Windows_No_Exception_CI,"build (3.10, x64)",completed,success,2026-05-14T02:35:51Z,2026-05-14T02:54:05Z,1094,756b2a778a1d3b677e856e8dd627b401416c0e41
75913175694,25836686865,Windows_No_Exception_CI,"build (3.10, x64)",completed,success,2026-05-14T01:43:06Z,2026-05-14T02:00:53Z,1067,ab8ad54f70c45452a6118f245e97805c64fffe81
75912229613,25836378180,Windows_No_Exception_CI,"build (3.10, x64)",completed,success,2026-05-14T01:32:55Z,2026-05-14T01:52:43Z,1188,c7027a8ab99d923f49feba23d2dd1b9c64a29b89
75903927518,25833666261,Windows_No_Exception_CI,"build (3.10, x64)",completed,success,2026-05-14T00:07:09Z,2026-05-14T00:25:41Z,1112,804d90157b540333659bbf3fa9af58d0c65fcb2d
75901729120,25832930792,Windows_No_Exception_CI,"build (3.10, x64)",completed,success,2026-05-13T23:45:39Z,2026-05-14T00:05:20Z,1181,23e6c29d62b805aafecb972a7cc31fa0790c5009
75901319265,25832802012,Windows_No_Exception_CI,"build (3.10, x64)",completed,cancelled,2026-05-13T23:41:38Z,2026-05-13T23:45:34Z,236,b75d81962e1ab3ace71d551279655d9405fda82c
75901087005,25832731349,Windows_No_Exception_CI,"build (3.10, x64)",completed,cancelled,2026-05-13T23:39:24Z,2026-05-13T23:41:36Z,132,158290987fb0beaaa727a18c49e5b128a41a8d93
75895741847,25831016467,Windows_No_Exception_CI,"build (3.10, x64)",completed,success,2026-05-13T22:52:07Z,2026-05-13T23:12:44Z,1237,6b814cd4bdd28e819f27a3de6621b7863fba217e
75895437336,25830923126,Windows_No_Exception_CI,"build (3.10, x64)",completed,cancelled,2026-05-13T22:49:39Z,2026-05-13T22:52:04Z,145,7c53e272d4562274df7f300f423845a8840bba82
75895368818,25830906865,Windows_No_Exception_CI,"build (3.10, x64)",completed,cancelled,2026-05-13T22:49:05Z,2026-05-13T22:49:37Z,32,9913a85cbf9893ab8ec017d1520d96ba1b6e884a
75930856948,25827237482,Windows_No_Exception_CI,"build (3.10, x64)",completed,success,2026-05-14T04:58:26Z,2026-05-14T05:19:20Z,1254,21e108ef7046d821905d3c208ad0bec9385e73e4
75871261110,25823684307,Windows_No_Exception_CI,"build (3.10, x64)",completed,success,2026-05-13T20:11:05Z,2026-05-13T20:28:27Z,1042,a4beff1e802b0bb5577e75271917222ba1bb2869
75869352494,25823113452,Windows_No_Exception_CI,"build (3.10, x64)",completed,cancelled,2026-05-13T20:00:03Z,2026-05-13T20:11:02Z,659,b04593d556b9b9d8a224c61275bc60289adb78aa
75866275387,25822248656,Windows_No_Exception_CI,"build (3.10, x64)",completed,cancelled,2026-05-13T19:42:19Z,2026-05-13T20:00:00Z,1061,df467bdf8c6bf27f9a1800d9ade6e77809a4f359
75930818657,25815847940,Windows_No_Exception_CI,"build (3.10, x64)",completed,success,2026-05-14T04:58:00Z,2026-05-14T05:16:36Z,1116,cc02bc7b88892560fb71fbe632a745b459a4422a
75842810681,25815513762,Windows_No_Exception_CI,"build (3.10, x64)",completed,success,2026-05-13T17:30:16Z,2026-05-13T17:50:33Z,1217,1deca92363db01b1086971fea00ed12198934b9e
75842595725,25815401102,Windows_No_Exception_CI,"build (3.10, x64)",completed,success,2026-05-13T17:29:05Z,2026-05-13T17:49:19Z,1214,cdb11a9b45ef75ed1e164fc182d686f9c1249b77
75842417665,25815246657,Windows_No_Exception_CI,"build (3.10, x64)",completed,cancelled,2026-05-13T17:28:04Z,2026-05-13T17:29:01Z,57,f918317cbfe42534d6b1c9545185a2b9c31211bb
75841085758,25814981788,Windows_No_Exception_CI,"build (3.10, x64)",completed,success,2026-05-13T17:20:35Z,2026-05-13T17:37:50Z,1035,fc131ecf091e8a35a07f81906f83c4829ef21140
75840736046,25814915181,Windows_No_Exception_CI,"build (3.10, x64)",completed,cancelled,2026-05-13T17:18:41Z,2026-05-13T17:20:32Z,111,fc131ecf091e8a35a07f81906f83c4829ef21140
75838606288,25814307981,Windows_No_Exception_CI,"build (3.10, x64)",completed,success,2026-05-13T17:06:47Z,2026-05-13T17:24:55Z,1088,4d25bf19e5a212890efcb835f9e67d57ad6c6d36
75836991173,25813790539,Windows_No_Exception_CI,"build (3.10, x64)",completed,success,2026-05-13T16:57:56Z,2026-05-13T17:15:39Z,1063,4668f9b74297852628b48d9e27f213e40910296b
75832529147,25812581700,Windows_No_Exception_CI,"build (3.10, x64)",completed,success,2026-05-13T16:33:34Z,2026-05-13T16:53:08Z,1174,f57ddf1aa6faf925972c99e9a70e770a090758c4
75804430139,25804805695,Windows_No_Exception_CI,"build (3.10, x64)",completed,success,2026-05-13T14:14:56Z,2026-05-13T14:32:59Z,1083,29d46ab6e8eec4b8f09115aa068218368c4901de
75802016368,25804139270,Windows_No_Exception_CI,"build (3.10, x64)",completed,success,2026-05-13T14:03:10Z,2026-05-13T14:20:18Z,1028,4ee00680809ce7d5a3450ec307ffdcdc78aa71d8
75801870065,25804098762,Windows_No_Exception_CI,"build (3.10, x64)",completed,success,2026-05-13T14:02:29Z,2026-05-13T14:21:58Z,1169,2457bc1592f20250c758678b9ab50f2fcc6c57aa
75799972949,25803565929,Windows_No_Exception_CI,"build (3.10, x64)",completed,success,2026-05-13T13:53:15Z,2026-05-13T14:13:02Z,1187,d12da7377b89fe23238eda5f117ed975b3b81188
75799730756,25803498740,Windows_No_Exception_CI,"build (3.10, x64)",completed,success,2026-05-13T13:52:05Z,2026-05-13T14:10:57Z,1132,fc68af72f361b19ac6c43e5cf608afb3a2c23c4a
75797532167,25802892934,Windows_No_Exception_CI,"build (3.10, x64)",completed,success,2026-05-13T13:41:22Z,2026-05-13T14:02:06Z,1244,14b59c412db6dcca36a4b73ef3111d54899ac339
75796704783,25802665014,Windows_No_Exception_CI,"build (3.10, x64)",completed,success,2026-05-13T13:37:17Z,2026-05-13T13:56:31Z,1154,191b13bf25ab9d7631da2459b827dbe8dc1b3b89
75788423020,25800356735,Windows_No_Exception_CI,"build (3.10, x64)",completed,success,2026-05-13T12:54:04Z,2026-05-13T13:13:51Z,1187,e08c328ece692dacb34975aae039378865592895
75786373580,25799794986,Windows_No_Exception_CI,"build (3.10, x64)",completed,cancelled,2026-05-13T12:42:45Z,2026-05-13T12:53:56Z,671,01a643c878f8daf9d6eaa424375cee53d1052a32
75784311675,25799208663,Windows_No_Exception_CI,"build (3.10, x64)",completed,success,2026-05-13T12:30:58Z,2026-05-13T12:50:23Z,1165,9627f352de509686404391b3a3d27a9191cc1e21
75772275324,25795683471,Windows_No_Exception_CI,"build (3.10, x64)",completed,success,2026-05-13T11:16:44Z,2026-05-13T11:35:48Z,1144,09e1d86c59ea1a5291ca812f6be030279a6ebc55
75738444728,25785425859,Windows_No_Exception_CI,"build (3.10, x64)",completed,success,2026-05-13T07:46:35Z,2026-05-13T08:02:16Z,941,f1fd19ed1065072589147a7e03b2b80fc5a431cc
75737105498,25785289074,Windows_No_Exception_CI,"build (3.10, x64)",completed,success,2026-05-13T07:37:22Z,2026-05-13T07:56:20Z,1138,e12c2e2092abf9f475a16d41452713803bd9dee4
75733389963,25784147578,Windows_No_Exception_CI,"build (3.10, x64)",completed,success,2026-05-13T07:11:02Z,2026-05-13T07:28:17Z,1035,b787594e532421217dd7e3a580b72d376a62f0b3
75730725961,25783324923,Windows_No_Exception_CI,"build (3.10, x64)",completed,success,2026-05-13T06:51:09Z,2026-05-13T07:11:24Z,1215,e1c33bd4e9e5c56d621ad745544d502de7a0bf3b
75730652085,25783301444,Windows_No_Exception_CI,"build (3.10, x64)",completed,success,2026-05-13T06:50:34Z,2026-05-13T07:10:54Z,1220,f07d4b0c59318c103f080e893112a8eb918b8864
75729942069,25783047650,Windows_No_Exception_CI,"build (3.10, x64)",completed,success,2026-05-13T06:44:49Z,2026-05-13T07:03:35Z,1126,feccca88eb9a716c18359616eb3530a18630650e
75724360751,25781302756,Windows_No_Exception_CI,"build (3.10, x64)",completed,success,2026-05-13T05:57:41Z,2026-05-13T06:15:48Z,1087,cd5e40e005ad778cc15c4b427d2ba5e0150adc61
75718794665,25779465652,Windows_No_Exception_CI,"build (3.10, x64)",completed,success,2026-05-13T05:04:27Z,2026-05-13T05:25:08Z,1241,c8197a8ddd50c2266a6e4857014270d9f1212adf
75717795114,25779114130,Windows_No_Exception_CI,"build (3.10, x64)",completed,cancelled,2026-05-13T04:53:37Z,2026-05-13T05:04:24Z,647,bbea7c6bae5f0ea751c1f234fc8617e74506ee57
75717733602,25779097572,Windows_No_Exception_CI,"build (3.10, x64)",completed,success,2026-05-13T04:52:55Z,2026-05-13T05:10:46Z,1071,39677cb4b49256aadaea067036479324dbe14aed
75716597177,25778707132,Windows_No_Exception_CI,"build (3.10, x64)",completed,cancelled,2026-05-13T04:40:47Z,2026-05-13T04:53:34Z,767,f0064d407fb63ec01892254ae97d9520caae500e
76327869836,25777877700,Windows_No_Exception_CI,"build (3.10, x64)",completed,cancelled,2026-05-16T15:13:45Z,2026-05-16T15:13:46Z,1,08eb6b0c2e4263700c93b11c277b4a530e1ade0d
75714059375,25777839436,Windows_No_Exception_CI,"build (3.10, x64)",completed,success,2026-05-13T04:13:45Z,2026-05-13T04:32:46Z,1141,3702b5c7064d942123e02fdf6538a2a99367f90c
75712934734,25777451499,Windows_No_Exception_CI,"build (3.10, x64)",completed,success,2026-05-13T04:01:10Z,2026-05-13T04:20:54Z,1184,8b0b8340bb9ccec90f317265c577085be7bf1ad9
75711142870,25776827489,Windows_No_Exception_CI,"build (3.10, x64)",completed,success,2026-05-13T03:40:52Z,2026-05-13T04:00:36Z,1184,fa81b8439e265262b9e7dfbbe0089fd423812209
75711036064,25776777625,Windows_No_Exception_CI,"build (3.10, x64)",completed,success,2026-05-13T03:39:42Z,2026-05-13T03:58:50Z,1148,a7c3217224cec027a41e6c222ae6d309a19a7351
75710652966,25776660724,Windows_No_Exception_CI,"build (3.10, x64)",completed,cancelled,2026-05-13T03:35:18Z,2026-05-13T03:39:39Z,261,a83a6ba965d4403e3f4a2f7e8375c4f46d29fba0
75710136525,25776481458,Windows_No_Exception_CI,"build (3.10, x64)",completed,success,2026-05-13T03:29:45Z,2026-05-13T03:48:48Z,1143,ca26374f63e4e63cb676049c5ac04566e2319d79
75709833439,25776392186,Windows_No_Exception_CI,"build (3.10, x64)",completed,success,2026-05-13T03:26:39Z,2026-05-13T03:44:58Z,1099,c9d2666619a68a9cec92c172a1d1a78b1da12952
75709781518,25776375105,Windows_No_Exception_CI,"build (3.10, x64)",completed,success,2026-05-13T03:26:07Z,2026-05-13T03:46:18Z,1211,12a3c7413b9da0f4f867a1f73b55b754671c6532
75709725534,25776358539,Windows_No_Exception_CI,"build (3.10, x64)",completed,cancelled,2026-05-13T03:25:32Z,2026-05-13T03:29:42Z,250,e00b6f5bb87ecdf40ba724126a78e14dd6906744
75709169554,25776173809,Windows_No_Exception_CI,"build (3.10, x64)",completed,success,2026-05-13T03:19:44Z,2026-05-13T03:40:01Z,1217,d5f44d3f3868e5a662cceeb9e301c6ab3a447136
75708021230,25775787457,Windows_No_Exception_CI,"build (3.10, x64)",completed,success,2026-05-13T03:07:55Z,2026-05-13T03:27:40Z,1185,8c74e762f494ff3ab16f44c6bd68e7a9546fc53b
75707650135,25775682597,Windows_No_Exception_CI,"build (3.10, x64)",completed,success,2026-05-13T03:04:04Z,2026-05-13T03:22:08Z,1084,b4074dc4e3ac9a492244c53442e937c553d2ab6a
75707621950,25775673113,Windows_No_Exception_CI,"build (3.10, x64)",completed,success,2026-05-13T03:03:47Z,2026-05-13T03:22:43Z,1136,1d095c4860589de03b5ea1bc72ff2d3603e24e08
75707584308,25775661384,Windows_No_Exception_CI,"build (3.10, x64)",completed,cancelled,2026-05-13T03:03:24Z,2026-05-13T03:19:42Z,978,e92c96308d0fb17edcd87ab4dfbc0ffe4ab4efab
75707952565,25774617993,Windows_No_Exception_CI,"build (3.10, x64)",completed,cancelled,2026-05-13T03:07:12Z,2026-05-13T03:07:52Z,40,564b74c96fb70a91e7f67fd791a6409850c273fc
75703075187,25774095972,Windows_No_Exception_CI,"build (3.10, x64)",completed,success,2026-05-13T02:16:02Z,2026-05-13T02:34:46Z,1124,713aa999a469a3e84011be44b5197b2a872f80c6
75702746149,25773979571,Windows_No_Exception_CI,"build (3.10, x64)",completed,failure,2026-05-13T02:12:31Z,2026-05-13T02:25:23Z,772,853ba4dd6a27a2704a28c991148e26a38d6f73e5
75702670717,25773950521,Windows_No_Exception_CI,"build (3.10, x64)",completed,cancelled,2026-05-13T02:11:45Z,2026-05-13T02:12:29Z,44,9cde8d0d5f2185a04d5b3d9f32158b205956c2d0
75702515069,25773901456,Windows_No_Exception_CI,"build (3.10, x64)",completed,cancelled,2026-05-13T02:10:10Z,2026-05-13T02:11:43Z,93,b1052a6b6797091dd37a2b2af65838dacff5b210
75700976902,25773392482,Windows_No_Exception_CI,"build (3.10, x64)",completed,cancelled,2026-05-13T01:54:59Z,2026-05-13T02:10:08Z,909,1d1e44b4654e332ee51acb7464b572e31e603a6d
75700875438,25773357391,Windows_No_Exception_CI,"build (3.10, x64)",completed,success,2026-05-13T01:53:57Z,2026-05-13T02:13:00Z,1143,dfce06ad64de14dad08b0d42f0310d57cb13af7d
75699984716,25773036838,Windows_No_Exception_CI,"build (3.10, x64)",completed,success,2026-05-13T01:44:59Z,2026-05-13T02:03:22Z,1103,3fa1443ec63d47a083fdfb9228447d4dfbfa6b60
75699369789,25772837543,Windows_No_Exception_CI,"build (3.10, x64)",completed,cancelled,2026-05-13T01:38:55Z,2026-05-13T01:44:57Z,362,3c405979d7438c26a089cd861e84ca898cb44e90
75699154675,25772768449,Windows_No_Exception_CI,"build (3.10, x64)",completed,cancelled,2026-05-13T01:36:48Z,2026-05-13T01:38:53Z,125,b41229be01c2897e603868da7c263dcb3f718353
75697754011,25772285521,Windows_No_Exception_CI,"build (3.10, x64)",completed,cancelled,2026-05-13T01:22:49Z,2026-05-13T01:36:45Z,836,019e628542a6bf7306847bba129cfea8a12c7610
75697196498,25772091704,Windows_No_Exception_CI,"build (3.10, x64)",completed,cancelled,2026-05-13T01:17:21Z,2026-05-13T01:22:47Z,326,f846e096c3cac12b4ba577794e6509b987486c80
75696583616,25771889702,Windows_No_Exception_CI,"build (3.10, x64)",completed,cancelled,2026-05-13T01:11:07Z,2026-05-13T01:17:18Z,371,659aa44d1970e25669915bf9029a626f3d0615b5
75694166963,25771086719,Windows_No_Exception_CI,"build (3.10, x64)",completed,success,2026-05-13T00:47:38Z,2026-05-13T01:07:12Z,1174,e56b433b11aaa9889332983e6d87f7eea79942bf
75691847919,25770324647,Windows_No_Exception_CI,"build (3.10, x64)",completed,failure,2026-05-13T00:25:49Z,2026-05-13T00:40:05Z,856,1dd664afb234d7e0f1e71c9d453dc857c6d9608d
75691666165,25770269046,Windows_No_Exception_CI,"build (3.10, x64)",completed,cancelled,2026-05-13T00:24:03Z,2026-05-13T00:25:46Z,103,4901aa8e65f486ff9bc2dd84a68f5d34fd031cdd
75691382090,25770178987,Windows_No_Exception_CI,"build (3.10, x64)",completed,success,2026-05-13T00:21:23Z,2026-05-13T00:41:27Z,1204,c25e459e585ca43c97ff7d0fdcfd0a30b083ccb5
75689793714,25769656014,Windows_No_Exception_CI,"build (3.10, x64)",completed,failure,2026-05-13T00:06:05Z,2026-05-13T00:18:34Z,749,4c271187a938f49cf1d88812872c206118f6b6dd
75686660140,25766951381,Windows_No_Exception_CI,"build (3.10, x64)",completed,success,2026-05-12T23:37:08Z,2026-05-12T23:56:37Z,1169,f926eb27522a5e06a4971d2ca9d6f50149e74ed4
75672412442,25764105921,Windows_No_Exception_CI,"build (3.10, x64)",completed,success,2026-05-12T21:46:10Z,2026-05-12T22:05:38Z,1168,08780259456110cc4ede94cda26bc30bb1784a1e
75664086262,25761654148,Windows_No_Exception_CI,"build (3.10, x64)",completed,success,2026-05-12T20:54:58Z,2026-05-12T21:12:35Z,1057,52d8b37e5abe45bbf786f9bc563014059ae326cf
75659575659,25760351751,Windows_No_Exception_CI,"build (3.10, x64)",completed,success,2026-05-12T20:29:16Z,2026-05-12T20:46:56Z,1060,003b242f16aec3270d1d3e17afa953d65a5ca666
75657973581,25759830536,Windows_No_Exception_CI,"build (3.10, x64)",completed,success,2026-05-12T20:19:59Z,2026-05-12T20:39:15Z,1156,312a0da653d00c0f979444c0772fc2186c618953
75657079193,25759611430,Windows_No_Exception_CI,"build (3.10, x64)",completed,cancelled,2026-05-12T20:14:47Z,2026-05-12T20:19:56Z,309,46ac9c88d59e24d53c9aa96e2843e532c2fec610
75656507095,25759432549,Windows_No_Exception_CI,"build (3.10, x64)",completed,cancelled,2026-05-12T20:11:29Z,2026-05-12T20:14:43Z,194,57a1f072e1b8f10fb7e4ed38a93bed34c87883c7
75654384775,25758835778,Windows_No_Exception_CI,"build (3.10, x64)",completed,cancelled,2026-05-12T19:59:27Z,2026-05-12T20:11:25Z,718,ef70dbb79d676c9c89e31d8982245e2db117e784
75652750464,25758366552,Windows_No_Exception_CI,"build (3.10, x64)",completed,success,2026-05-12T19:50:19Z,2026-05-12T20:10:57Z,1238,932ee160668266d29f0a16c9bebc5a998e6d7acf
75650370826,25757685110,Windows_No_Exception_CI,"build (3.10, x64)",completed,success,2026-05-12T19:36:18Z,2026-05-12T19:54:59Z,1121,db5acfa89b5a2756d5cf643a57d12632d28c5410
75650093712,25757607978,Windows_No_Exception_CI,"build (3.10, x64)",completed,success,2026-05-12T19:34:45Z,2026-05-12T19:53:52Z,1147,59db2898d3d2fd263b872b7e23e41f8f1d4eb993
75645691892,25756318642,Windows_No_Exception_CI,"build (3.10, x64)",completed,success,2026-05-12T19:10:09Z,2026-05-12T19:28:49Z,1120,d74f206c72b75f8025aa75456a188d238564b10a
75643375035,25755634935,Windows_No_Exception_CI,"build (3.10, x64)",completed,cancelled,2026-05-12T18:57:22Z,2026-05-12T19:10:06Z,764,4da22aa8c80e6c5f026993f4241ff7802c50cd5e
75642857669,25755534029,Windows_No_Exception_CI,"build (3.10, x64)",completed,success,2026-05-12T18:54:32Z,2026-05-12T19:13:49Z,1157,ae53b476ae7559693fad8fa1c1b56c2991c0fa71
75640824037,25754920485,Windows_No_Exception_CI,"build (3.10, x64)",completed,success,2026-05-12T18:43:29Z,2026-05-12T19:03:54Z,1225,5b2a3c8df76ec0090ccca9fe082d7f6791913296
75640228625,25754781664,Windows_No_Exception_CI,"build (3.10, x64)",completed,cancelled,2026-05-12T18:40:21Z,2026-05-12T18:57:17Z,1016,e2c985811a160a63ee52a20cfa61c59eb138dfb9
75638284201,25754227765,Windows_No_Exception_CI,"build (3.10, x64)",completed,success,2026-05-12T18:29:53Z,2026-05-12T18:49:42Z,1189,144453cbab297b6624189ae05522adbf90a5a64b
75636500819,25753712858,Windows_No_Exception_CI,"build (3.10, x64)",completed,success,2026-05-12T18:20:15Z,2026-05-12T18:38:13Z,1078,0e727f43afa90469e1b9f79d4680b12cb6105b2c
75629793211,25751785260,Windows_No_Exception_CI,"build (3.10, x64)",completed,success,2026-05-12T17:43:40Z,2026-05-12T18:02:37Z,1137,3ba18f5755b7778efa80ade14efa0680dd5d23f0
75635880578,25751591910,Windows_No_Exception_CI,"build (3.10, x64)",completed,success,2026-05-12T18:16:47Z,2026-05-12T18:36:51Z,1204,711d1cbc907863d8c73f75017be5df908f0870d8
75628083714,25751295497,Windows_No_Exception_CI,"build (3.10, x64)",completed,cancelled,2026-05-12T17:34:15Z,2026-05-12T17:43:34Z,559,2f760fb861d93eab0927e6ccf8bb5fbd3c6fc357
75627584491,25751159156,Windows_No_Exception_CI,"build (3.10, x64)",completed,cancelled,2026-05-12T17:31:29Z,2026-05-12T17:34:11Z,162,3eab8d9915094fe7f6de229c7a8f5cde9dcd49b3
75627363367,25751117720,Windows_No_Exception_CI,"build (3.10, x64)",completed,cancelled,2026-05-12T17:30:19Z,2026-05-12T17:31:25Z,66,d74c583fe93e3712632d9e1c5d763addc88e9a7a
75624937174,25750404014,Windows_No_Exception_CI,"build (3.10, x64)",completed,success,2026-05-12T17:17:01Z,2026-05-12T17:34:40Z,1059,b0b53d216556d78dc8d032aa865297a5ba0a63c9
75624085162,25750171850,Windows_No_Exception_CI,"build (3.10, x64)",completed,cancelled,2026-05-12T17:12:19Z,2026-05-12T17:16:55Z,276,5c12698653ac36564f60434c0858ee7ccc1b5cea
75687045190,25748790631,Windows_No_Exception_CI,"build (3.10, x64)",completed,success,2026-05-12T23:40:35Z,2026-05-13T00:00:20Z,1185,1c484c5dae3e853c6b41c2f4cb57c4a5072a7ee1
75616829489,25748119673,Windows_No_Exception_CI,"build (3.10, x64)",completed,success,2026-05-12T16:33:04Z,2026-05-12T16:51:24Z,1100,180735ac1615c715170b2876d54064a51b873616
75616231248,25747412272,Windows_No_Exception_CI,"build (3.10, x64)",completed,success,2026-05-12T16:30:00Z,2026-05-12T16:48:20Z,1100,0808b350e96de0c9c7de9467fd978c56051dc0e1
75611869777,25746726182,Windows_No_Exception_CI,"build (3.10, x64)",completed,success,2026-05-12T16:07:06Z,2026-05-12T16:25:53Z,1127,f9aa5169126d9c77b2264112c737ed824889098d
75614300575,25745776971,Windows_No_Exception_CI,"build (3.10, x64)",completed,cancelled,2026-05-12T16:19:45Z,2026-05-12T16:29:57Z,612,6fba59f7516b01bc072f4d313bee092ea5c5e935
75598176609,25742937133,Windows_No_Exception_CI,"build (3.10, x64)",completed,success,2026-05-12T15:01:04Z,2026-05-12T15:22:33Z,1289,db278cda042f4a914882fc24dace75bdc2e098f9
75592011480,25741273734,Windows_No_Exception_CI,"build (3.10, x64)",completed,success,2026-05-12T14:32:17Z,2026-05-12T14:50:06Z,1069,4faeaabbc533b13b48e48536d7efeb96181ed685
75583394487,25738888184,Windows_No_Exception_CI,"build (3.10, x64)",completed,success,2026-05-12T13:51:10Z,2026-05-12T14:09:37Z,1107,9b956f3cf94ac60c551c076dc809033b72008c50
75576825237,25737016817,Windows_No_Exception_CI,"build (3.10, x64)",completed,success,2026-05-12T13:18:43Z,2026-05-12T13:33:56Z,913,b3e8c958e27e9c068bcb01d94641a52c03d50c3b
75573697949,25736138578,Windows_No_Exception_CI,"build (3.10, x64)",completed,cancelled,2026-05-12T13:02:26Z,2026-05-12T13:18:34Z,968,9853e771a8e082ed0ac94a939a34badaa1d1c049
75573349116,25736065087,Windows_No_Exception_CI,"build (3.10, x64)",completed,cancelled,2026-05-12T13:00:35Z,2026-05-12T13:02:21Z,106,7008bfbc48102247d83f9eb50bb6d2f802ea04ff
75570511472,25735275437,Windows_No_Exception_CI,"build (3.10, x64)",completed,cancelled,2026-05-12T12:45:30Z,2026-05-12T13:00:32Z,902,2c50a5b2eabd69eca482c5d817e38fcb97735607
75570173171,25735149354,Windows_No_Exception_CI,"build (3.10, x64)",completed,success,2026-05-12T12:43:40Z,2026-05-12T13:03:44Z,1204,1fbcf990fe941c4b183eafd3d48bc762c2adc299
75568173501,25734613373,Windows_No_Exception_CI,"build (3.10, x64)",completed,success,2026-05-12T12:32:32Z,2026-05-12T12:51:41Z,1149,00b48051e123bc04a43281cea6ecdd3934a94c0c
75567014705,25734275479,Windows_No_Exception_CI,"build (3.10, x64)",completed,cancelled,2026-05-12T12:25:53Z,2026-05-12T12:43:36Z,1063,6ada500b763bd93292d8c12362eaa963855875ae
75561582250,25732676065,Windows_No_Exception_CI,"build (3.10, x64)",completed,success,2026-05-12T11:53:15Z,2026-05-12T12:12:31Z,1156,538261b80ceedc08864b784a2dc6992740606f4a
75559298600,25731997110,Windows_No_Exception_CI,"build (3.10, x64)",completed,success,2026-05-12T11:39:08Z,2026-05-12T11:59:40Z,1232,a825b9c20ce5cf2a41e34ec1c9568d2e063d92f7
75556219848,25731073085,Windows_No_Exception_CI,"build (3.10, x64)",completed,failure,2026-05-12T11:19:42Z,2026-05-12T11:34:14Z,872,f9ab8a9a89db5fd7f639fe3d9625b993641b7797
75555970541,25731010273,Windows_No_Exception_CI,"build (3.10, x64)",completed,cancelled,2026-05-12T11:18:08Z,2026-05-12T11:19:40Z,92,db114293df3a04e9abdce09c9af08f585ce5432f
75554572067,25730594213,Windows_No_Exception_CI,"build (3.10, x64)",completed,success,2026-05-12T11:09:22Z,2026-05-12T11:27:28Z,1086,e6b4ba3f5e18d87717b842a9caf8a23010e379aa
75554505777,25730579240,Windows_No_Exception_CI,"build (3.10, x64)",completed,cancelled,2026-05-12T11:08:57Z,2026-05-12T11:09:19Z,22,b8f2ac4ae6fce0d9a46e088a2e463b0a024a9f9d
75552937264,25730123721,Windows_No_Exception_CI,"build (3.10, x64)",completed,success,2026-05-12T10:59:19Z,2026-05-12T11:17:20Z,1081,44c2a8ebeecd8fc8628ed1738178392105e46f0f
75549304833,25729058703,Windows_No_Exception_CI,"build (3.10, x64)",completed,success,2026-05-12T10:36:50Z,2026-05-12T10:56:44Z,1194,0ba58bc3fb7235ed14c9573195555b3fcc5a1db7
75546789672,25728328151,Windows_No_Exception_CI,"build (3.10, x64)",completed,cancelled,2026-05-12T10:20:57Z,2026-05-12T10:36:47Z,950,9978819b80546e08eb7c598931b79287ba88743a
75544061820,25727530834,Windows_No_Exception_CI,"build (3.10, x64)",completed,success,2026-05-12T10:04:04Z,2026-05-12T10:23:17Z,1153,e3576fb495ce944d4cc227aec1d54237dde1b42c
75542710732,25727137695,Windows_No_Exception_CI,"build (3.10, x64)",completed,success,2026-05-12T09:56:14Z,2026-05-12T10:15:31Z,1157,cbf3bae8628bc5914de44103d6900fc67915ada2
75540876042,25726606167,Windows_No_Exception_CI,"build (3.10, x64)",completed,cancelled,2026-05-12T09:45:23Z,2026-05-12T09:56:10Z,647,9d3058696dbe246fcd789c5f2e0e152961fac3ee
75536377527,25725294372,Windows_No_Exception_CI,"build (3.10, x64)",completed,success,2026-05-12T09:18:49Z,2026-05-12T09:38:32Z,1183,45832d4495694df606fd08000b8eb356a460e4a0
75534032332,25724605236,Windows_No_Exception_CI,"build (3.10, x64)",completed,success,2026-05-12T09:04:52Z,2026-05-12T09:24:27Z,1175,92b94eaa650aadfa2593da1f5e8c9b14f73ac1e9
75484981008,25708962526,Windows_No_Exception_CI,"build (3.10, x64)",completed,success,2026-05-12T02:09:16Z,2026-05-12T02:29:39Z,1223,fe193bd684a7f8ed086638004a9139153b78b3aa
75450180446,25697707329,Windows_No_Exception_CI,"build (3.10, x64)",completed,success,2026-05-11T21:14:38Z,2026-05-11T21:35:53Z,1275,ee52cbaf92bca8d493dfe1a1dd908af34922b645
75448898458,25697367707,Windows_No_Exception_CI,"build (3.10, x64)",completed,cancelled,2026-05-11T21:06:57Z,2026-05-11T21:14:35Z,458,6865a04f54284b8ba2b60355239d90fb9a7d947a
75448655640,25697303233,Windows_No_Exception_CI,"build (3.10, x64)",completed,success,2026-05-11T21:05:29Z,2026-05-11T21:24:39Z,1150,f179792e7e12916ea6a5cdd8c374b01cb3ab2491
75448253184,25697173497,Windows_No_Exception_CI,"build (3.10, x64)",completed,cancelled,2026-05-11T21:03:08Z,2026-05-11T21:06:53Z,225,fc87e7405122a18ce3334edd0ebdc378cc34cd83
75447175852,25696864900,Windows_No_Exception_CI,"build (3.10, x64)",completed,cancelled,2026-05-11T20:56:53Z,2026-05-11T21:03:04Z,371,04ed55d307813fd32aa9dbba6eb1f751dd92801d
75439470605,25694595364,Windows_No_Exception_CI,"build (3.10, x64)",completed,success,2026-05-11T20:12:15Z,2026-05-11T20:30:16Z,1081,070e66a90af079934a5cdd5995e727c301407146
75438847570,25694344576,Windows_No_Exception_CI,"build (3.10, x64)",completed,success,2026-05-11T20:09:15Z,2026-05-11T20:29:48Z,1233,62f3de76b39e48be331ea51d57dfd601672c2402
75434715366,25693187128,Windows_No_Exception_CI,"build (3.10, x64)",completed,success,2026-05-11T19:44:47Z,2026-05-11T20:04:33Z,1186,426895678d3d7a87756ac388d7c2a67a4bac146d
75433708914,25692910076,Windows_No_Exception_CI,"build (3.10, x64)",completed,success,2026-05-11T19:38:58Z,2026-05-11T19:58:26Z,1168,d1745e133e824a67ad67038ba4ba88a2dd6e8639
75432938572,25692685195,Windows_No_Exception_CI,"build (3.10, x64)",completed,cancelled,2026-05-11T19:34:31Z,2026-05-11T19:44:43Z,612,e9f4d86a0d82362b4f3490a45d7eef74dde2a25d
75427603283,25691105739,Windows_No_Exception_CI,"build (3.10, x64)",completed,success,2026-05-11T19:04:05Z,2026-05-11T19:23:13Z,1148,d53f11ef5a9089ed74f45f5c14e18f421d58a2ba
75425749591,25690619658,Windows_No_Exception_CI,"build (3.10, x64)",completed,cancelled,2026-05-11T18:53:43Z,2026-05-11T19:04:01Z,618,70439459eaab804ed3809d7c895848fe01a9f3dc
75425686236,25690600638,Windows_No_Exception_CI,"build (3.10, x64)",completed,success,2026-05-11T18:53:20Z,2026-05-11T19:11:05Z,1065,3bd95a69a6b30811e7306ee3bb713ac9d8cacb16
75421493186,25689389415,Windows_No_Exception_CI,"build (3.10, x64)",completed,failure,2026-05-11T18:30:11Z,2026-05-11T18:40:17Z,606,82f12ce8048c451196cccc14624aa2848cb5f3dc
75420098436,25688970914,Windows_No_Exception_CI,"build (3.10, x64)",completed,success,2026-05-11T18:22:18Z,2026-05-11T18:42:24Z,1206,eea54003407268a7f01fed9a3ddad45595c546f0
75418297524,25688472546,Windows_No_Exception_CI,"build (3.10, x64)",completed,cancelled,2026-05-11T18:12:00Z,2026-05-11T18:22:15Z,615,03f20dae71c9d2f4bcb6330af7541bce600c31ad
75378561576,25677244975,Windows_No_Exception_CI,"build (3.10, x64)",completed,success,2026-05-11T14:44:10Z,2026-05-11T15:03:27Z,1157,ff0ea58a4933d40734e653045fc81eb2224dc557
75374482851,25676133604,Windows_No_Exception_CI,"build (3.10, x64)",completed,success,2026-05-11T14:24:39Z,2026-05-11T14:40:19Z,940,b9a4f549e9a212beb04754981b4c997f9d20a7ef
75372823311,25675705771,Windows_No_Exception_CI,"build (3.10, x64)",completed,cancelled,2026-05-11T14:15:59Z,2026-05-11T14:24:35Z,516,e92c5ee552a2cf880ec84ab6ada2691c3cbd8039
75370060753,25674936554,Windows_No_Exception_CI,"build (3.10, x64)",completed,success,2026-05-11T14:01:17Z,2026-05-11T14:21:35Z,1218,88fbe0c796612d0c16b2a8e496bbf6c89f928dd4
75369361361,25674745390,Windows_No_Exception_CI,"build (3.10, x64)",completed,success,2026-05-11T13:57:53Z,2026-05-11T14:15:30Z,1057,8369b1ad4efe2ff530cd4019c623f48eb166f67d
75368399559,25674481616,Windows_No_Exception_CI,"build (3.10, x64)",completed,success,2026-05-11T13:53:11Z,2026-05-11T14:08:29Z,918,0bf8591cfcb1aa4e664f4fdd835e57c8c5576771
75360272293,25672229310,Windows_No_Exception_CI,"build (3.10, x64)",completed,success,2026-05-11T13:10:52Z,2026-05-11T13:29:56Z,1144,970bf49a3f83d27060041cf53be35a1812a46315
75359186964,25671926862,Windows_No_Exception_CI,"build (3.10, x64)",completed,success,2026-05-11T13:04:55Z,2026-05-11T13:21:59Z,1024,f1a62ca5549c29210e170ea7856c6269091607d6
77214600749,25663919930,Windows_No_Exception_CI,"build (3.10, x64)",completed,success,2026-05-21T15:59:37Z,2026-05-21T16:17:16Z,1059,4c07234c55f549cf34361e3519fa8a1bdac1b2b4
75330576825,25663693917,Windows_No_Exception_CI,"build (3.10, x64)",completed,success,2026-05-11T10:11:30Z,2026-05-11T10:33:21Z,1311,3abe257995377a0b376a8d08270e06167aabcdd4
75330218413,25663591225,Windows_No_Exception_CI,"build (3.10, x64)",completed,success,2026-05-11T10:04:18Z,2026-05-11T10:23:32Z,1154,f7764ae4ac2eebf0282c020ab3a79a93e5eaa16d
75328929814,25663208173,Windows_No_Exception_CI,"build (3.10, x64)",completed,success,2026-05-11T09:56:15Z,2026-05-11T10:14:30Z,1095,3dfe565aed3a59b8232e54f3d829ca9341f9b3e0
75328802444,25663182326,Windows_No_Exception_CI,"build (3.10, x64)",completed,success,2026-05-11T09:55:28Z,2026-05-11T10:14:53Z,1165,60798c8915555633e5987691106bbe3bee540e21
75328020174,25662951917,Windows_No_Exception_CI,"build (3.10, x64)",completed,success,2026-05-11T09:50:34Z,2026-05-11T10:06:27Z,953,0471bc2fed9c7e569749f300c2ce623126479076
75327287579,25662737074,Windows_No_Exception_CI,"build (3.10, x64)",completed,cancelled,2026-05-11T09:46:08Z,2026-05-11T09:56:12Z,604,d98cac35e3b59d0538001355999514374d7e472a
75326001845,25662366792,Windows_No_Exception_CI,"build (3.10, x64)",completed,success,2026-05-11T09:38:07Z,2026-05-11T09:57:38Z,1171,78d08325bbc9d47489c1ca74fd2f9ee413aebada
75314641697,25659049007,Windows_No_Exception_CI,"build (3.10, x64)",completed,success,2026-05-11T08:28:15Z,2026-05-11T08:48:04Z,1189,0391cbdb81e70ee3ece0d843a7fb44699bcd5c17
75308870964,25657329175,Windows_No_Exception_CI,"build (3.10, x64)",completed,success,2026-05-11T07:49:27Z,2026-05-11T08:08:54Z,1167,db4774c001faccfd9ef94d9120a444b8d18dffb2
75308668851,25657276179,Windows_No_Exception_CI,"build (3.10, x64)",completed,cancelled,2026-05-11T07:48:03Z,2026-05-11T07:49:23Z,80,32d5c94706fe9123aa846eb1248600e4a1f0eac2
75291173438,25651709043,Windows_No_Exception_CI,"build (3.10, x64)",completed,success,2026-05-11T05:16:34Z,2026-05-11T05:37:30Z,1256,786d25640e78f962da4eff3c0c3a79c9aaf9eff6
75290885160,25651619531,Windows_No_Exception_CI,"build (3.10, x64)",completed,cancelled,2026-05-11T05:13:10Z,2026-05-11T05:16:31Z,201,9388a3371716160deb80038887972bca2ec9f3a4
75289478207,25651131228,Windows_No_Exception_CI,"build (3.10, x64)",completed,cancelled,2026-05-11T04:56:21Z,2026-05-11T05:13:08Z,1007,d3550bba1f74242b5c726cb0552bc732bfc0d60a
75279992677,25647839443,Windows_No_Exception_CI,"build (3.10, x64)",completed,success,2026-05-11T02:54:37Z,2026-05-11T03:14:14Z,1177,ed2d9028f43ac61c075b5a59e4689bfa34ae0ef7
75241813163,25633716707,Windows_No_Exception_CI,"build (3.10, x64)",completed,success,2026-05-10T16:22:11Z,2026-05-10T16:41:23Z,1152,e0297b28728b119c7c76b8c736de4e180e09a261
75239002005,25632243716,Windows_No_Exception_CI,"build (3.10, x64)",completed,success,2026-05-10T15:33:03Z,2026-05-10T15:53:16Z,1213,6c8f7326f7f4152ed4bd80bcaa80a3e6682876a5
75233793317,25630355744,Windows_No_Exception_CI,"build (3.10, x64)",completed,success,2026-05-10T14:03:52Z,2026-05-10T14:24:45Z,1253,dc6ac39985fa709c8bbbfd9261af3845c1ec8301
75230861909,25629629270,Windows_No_Exception_CI,"build (3.10, x64)",completed,success,2026-05-10T13:12:01Z,2026-05-10T13:31:00Z,1139,cd9707d59e4b3b178803c419f6c73a6baeb50197
75228015572,25628586694,Windows_No_Exception_CI,"build (3.10, x64)",completed,success,2026-05-10T12:21:12Z,2026-05-10T12:40:49Z,1177,7f1ee45a74bffd49b858ec5ef88daa5ff883554e
75227915598,25628551672,Windows_No_Exception_CI,"build (3.10, x64)",completed,success,2026-05-10T12:19:29Z,2026-05-10T12:38:35Z,1146,ba5030feb1bdafab46e581226c3a613c32e7d403
75226256988,25627926529,Windows_No_Exception_CI,"build (3.10, x64)",completed,success,2026-05-10T11:48:05Z,2026-05-10T12:05:42Z,1057,887218deaf3f90f4f0c467774884dd480ba39d68
75226123181,25627875666,Windows_No_Exception_CI,"build (3.10, x64)",completed,success,2026-05-10T11:45:30Z,2026-05-10T12:03:14Z,1064,3081e12950a5a6829fa59c05a59c78d2bc42b383
75225717062,25627712661,Windows_No_Exception_CI,"build (3.10, x64)",completed,success,2026-05-10T11:37:27Z,2026-05-10T11:56:36Z,1149,a5ba4819d4f32eeb54822aed3def4c15073e6090
78649959016,26684350655,Windows_No_Exception_CI,"build (3.10, x64)",completed,success,2026-05-30T12:55:37Z,2026-05-30T13:13:37Z,1080,c54e51eea0fb5446012999aab3f550ee4521df5e
78649773179,26684286472,Windows_No_Exception_CI,"build (3.10, x64)",completed,cancelled,2026-05-30T12:52:01Z,2026-05-30T12:55:35Z,214,0030ec5ea5430592049b13c81fee2e6f7e3dc3bc
78643611542,26681881489,Windows_No_Exception_CI,"build (3.10, x64)",completed,success,2026-05-30T10:47:44Z,2026-05-30T11:07:17Z,1173,5c1fc49e98cc5b4e5ff328f26f8c6959c1fc45b7
78642927194,26681626313,Windows_No_Exception_CI,"build (3.10, x64)",completed,cancelled,2026-05-30T10:33:57Z,2026-05-30T10:47:43Z,826,961917affbd3da870b94875f45f4cf54c70bf9ff
78710428524,26707121479,Windows_No_Exception_CI,"build (3.10, x64)",completed,success,2026-05-31T07:59:10Z,2026-05-31T08:16:22Z,1032,edf4bcfaa9488256054b159f2ad267af293bccac
78710378131,26707109730,Windows_No_Exception_CI,"build (3.10, x64)",completed,cancelled,2026-05-31T07:58:22Z,2026-05-31T07:59:08Z,46,fab1096ba3f1ad9860fab0c36044af174173d96a
78699711852,26703214707,Windows_No_Exception_CI,"build (3.10, x64)",completed,success,2026-05-31T04:28:51Z,2026-05-31T04:48:34Z,1183,09b8e11a685279401db6014555da3e04d73a54c7
78698917235,26702912482,Windows_No_Exception_CI,"build (3.10, x64)",completed,cancelled,2026-05-31T04:11:19Z,2026-05-31T04:28:49Z,1050,c144695900f0a96982e969d40d11bce3ca8cff00
78692250987,26700432497,Windows_No_Exception_CI,"build (3.10, x64)",completed,success,2026-05-31T01:53:24Z,2026-05-31T02:12:32Z,1148,44e2ddf7bba12affb00e4c17944723c93e7429b7
78667880729,26691237477,Windows_No_Exception_CI,"build (3.10, x64)",completed,success,2026-05-30T18:12:18Z,2026-05-30T18:28:18Z,960,882a5ef11bf987462e0fbaf9d95d5e640a7b82c7
78789219849,26735983616,Windows_No_Exception_CI,"build (3.10, x64)",completed,success,2026-06-01T04:56:29Z,2026-06-01T05:14:08Z,1059,3c0e7c66bc9d115556cf1a2b5f9f369ced465fe4
78787475726,26735383802,Windows_No_Exception_CI,"build (3.10, x64)",completed,success,2026-06-01T04:35:47Z,2026-06-01T04:52:57Z,1030,285ceb8322691a6034dd80a6e210b2c6564ec48e
78781738381,26733394543,Windows_No_Exception_CI,"build (3.10, x64)",completed,success,2026-06-01T03:22:51Z,2026-06-01T03:42:51Z,1200,248a9201eaf2fbfef9511533a0596a9170746705
78781704296,26733384076,Windows_No_Exception_CI,"build (3.10, x64)",completed,success,2026-06-01T03:22:27Z,2026-06-01T03:41:51Z,1164,0e0eb9b6ba71fd1bfa9a7a150e544804c0cb293e
78753423045,26723029252,Windows_No_Exception_CI,"build (3.10, x64)",completed,success,2026-05-31T20:02:40Z,2026-05-31T20:22:27Z,1187,2615f793fec12751dd45f1460e8487f99ab280c7
78742291167,26718897247,Windows_No_Exception_CI,"build (3.10, x64)",completed,success,2026-05-31T17:03:44Z,2026-05-31T17:21:14Z,1050,9d886fb165b5f4a7ab8ffbb251d25382ac1ba077
78736155577,26716596368,Windows_No_Exception_CI,"build (3.10, x64)",completed,success,2026-05-31T15:25:03Z,2026-05-31T15:44:06Z,1143,edf4bcfaa9488256054b159f2ad267af293bccac
78730118293,26714332742,Windows_No_Exception_CI,"build (3.10, x64)",completed,success,2026-05-31T13:46:06Z,2026-05-31T14:05:19Z,1153,130f8c528959de5fd2678a4542f1193f64e6d07b
78726917512,26713142797,Windows_No_Exception_CI,"build (3.10, x64)",completed,success,2026-05-31T12:52:49Z,2026-05-31T13:12:39Z,1190,cee47d19a2c1eb524da84715948c7ce52bdfff9e
78721316661,26711070288,Windows_No_Exception_CI,"build (3.10, x64)",completed,success,2026-05-31T11:15:17Z,2026-05-31T11:26:32Z,675,f137abbf1bbdc299a44a3c985fb1c5e01a9caae8
78810672441,26742794928,Windows_No_Exception_CI,"build (3.10, x64)",completed,success,2026-06-01T08:04:31Z,2026-06-01T08:23:31Z,1140,2ec30405a01c876b0ff9a6c6a1b99dfe08dbe007
78808540842,26742154401,Windows_No_Exception_CI,"build (3.10, x64)",completed,success,2026-06-01T07:49:48Z,2026-06-01T08:07:36Z,1068,a8201114f1c06ce389b9a2e7f739ee76736f25de
78805258949,26741145646,Windows_No_Exception_CI,"build (3.10, x64)",completed,success,2026-06-01T07:25:54Z,2026-06-01T07:46:09Z,1215,248a9201eaf2fbfef9511533a0596a9170746705
78805242553,26741140578,Windows_No_Exception_CI,"build (3.10, x64)",completed,success,2026-06-01T07:25:47Z,2026-06-01T07:42:36Z,1009,0e0eb9b6ba71fd1bfa9a7a150e544804c0cb293e
78803685709,26740669286,Windows_No_Exception_CI,"build (3.10, x64)",completed,success,2026-06-01T07:14:05Z,2026-06-01T07:32:50Z,1125,ae50b28fd676498e08bc900a60d6bff6b8943f70
78800967357,26739833259,Windows_No_Exception_CI,"build (3.10, x64)",completed,success,2026-06-01T06:52:31Z,2026-06-01T07:07:42Z,911,248a9201eaf2fbfef9511533a0596a9170746705
78800951246,26739828220,Windows_No_Exception_CI,"build (3.10, x64)",completed,success,2026-06-01T06:52:23Z,2026-06-01T07:12:27Z,1204,0e0eb9b6ba71fd1bfa9a7a150e544804c0cb293e
78800497941,26739686306,Windows_No_Exception_CI,"build (3.10, x64)",completed,success,2026-06-01T06:48:43Z,2026-06-01T07:07:52Z,1149,8847da48ff3bcf9314cdebb1a44114f723a8de4d
79024532321,26806290814,Windows_No_Exception_CI,"build (3.10, x64)",completed,success,2026-06-02T07:53:18Z,2026-06-02T08:13:02Z,1184,27ae09441ccf2416645dc5c7138ddf076adf74f9
79021887756,26805511196,Windows_No_Exception_CI,"build (3.10, x64)",completed,cancelled,2026-06-02T07:36:13Z,2026-06-02T07:53:15Z,1022,b373ebf7481c46897e9196ca83108f9862a52118
79019771759,26804864050,Windows_No_Exception_CI,"build (3.10, x64)",completed,success,2026-06-02T07:22:09Z,2026-06-02T07:37:12Z,903,fcf012bc34c8000bd3db08bd8901436bec4c6496
79015870415,26803667574,Windows_No_Exception_CI,"build (3.10, x64)",completed,success,2026-06-02T06:54:01Z,2026-06-02T07:14:02Z,1201,b8da8257e2516646072a74a015c569408e0e18aa
79007979381,26801170687,Windows_No_Exception_CI,"build (3.10, x64)",completed,success,2026-06-02T05:50:21Z,2026-06-02T06:10:30Z,1209,99750c7cb49201985c1cee39f46ae11b827b4311
79004580935,26800024472,Windows_No_Exception_CI,"build (3.10, x64)",completed,success,2026-06-02T05:17:56Z,2026-06-02T05:35:50Z,1074,b8c4d95d862123dfecf10cf71b91c81a67a1c39b
79003979935,26799844676,Windows_No_Exception_CI,"build (3.10, x64)",completed,cancelled,2026-06-02T05:12:05Z,2026-06-02T05:17:54Z,349,fdea4bb470de236c65c2a1cf34cc960189397b0b
78999880611,26798477576,Windows_No_Exception_CI,"build (3.10, x64)",completed,failure,2026-06-02T04:30:30Z,2026-06-02T04:48:31Z,1081,171856ba0d7f97bc5e56225fad8d5eadfdfcb520
78984767284,26793473544,Windows_No_Exception_CI,"build (3.10, x64)",completed,success,2026-06-02T01:52:49Z,2026-06-02T02:11:51Z,1142,34af3104825c4daf6f51132c455dd0333139009c
78960598232,26785650550,Windows_No_Exception_CI,"build (3.10, x64)",completed,success,2026-06-01T22:22:37Z,2026-06-01T22:42:15Z,1178,13b569e8e9b3c1bce38cc7cecf0c4e4ddc9818e8
78959353196,26785260661,Windows_No_Exception_CI,"build (3.10, x64)",completed,success,2026-06-01T22:13:37Z,2026-06-01T22:28:19Z,882,a46579e3800d7bc7e68a97376c1fff97fd44ad43
78953994624,26783612420,Windows_No_Exception_CI,"build (3.10, x64)",completed,success,2026-06-01T21:38:24Z,2026-06-01T21:56:13Z,1069,b06ca965c01bc173de405baf4754784105ff5ff8
78926158907,26775573442,Windows_No_Exception_CI,"build (3.10, x64)",completed,failure,2026-06-01T19:00:38Z,2026-06-01T19:15:27Z,889,9fd56267925f7fe1b342a1da2c55e792b3bddc0b
78920515018,26773963293,Windows_No_Exception_CI,"build (3.10, x64)",completed,failure,2026-06-01T18:29:08Z,2026-06-01T18:47:34Z,1106,c88b691a79cfdf26280ae9fcae3d6d303563f9d6
78910869515,26771210415,Windows_No_Exception_CI,"build (3.10, x64)",completed,success,2026-06-01T17:35:24Z,2026-06-01T17:55:01Z,1177,9e681af68cdc310fbe56a8b0d551bfd15cbe02d8
78910261144,26771037127,Windows_No_Exception_CI,"build (3.10, x64)",completed,success,2026-06-01T17:32:00Z,2026-06-01T17:49:41Z,1061,351f1de3fcaad1a392400269b62bea0e4a74e965
78909615361,26770844097,Windows_No_Exception_CI,"build (3.10, x64)",completed,success,2026-06-01T17:28:24Z,2026-06-01T17:52:19Z,1435,63da149880e76d83f2ac29ca7c4ac2811274b01f
78909018259,26770679857,Windows_No_Exception_CI,"build (3.10, x64)",completed,success,2026-06-01T17:24:58Z,2026-06-01T17:46:07Z,1269,54a837f22ab2ad899c61db735ef8d29e831f2ebc
78907985869,26770387561,Windows_No_Exception_CI,"build (3.10, x64)",completed,cancelled,2026-06-01T17:19:05Z,2026-06-01T17:28:20Z,555,430ba095f64e29ac938bf88ee22819cc3207e39b
78903407140,26769096236,Windows_No_Exception_CI,"build (3.10, x64)",completed,success,2026-06-01T16:53:29Z,2026-06-01T17:11:57Z,1108,bc3be77bec2f628788796dff60819186bacf49df
78902290789,26768759954,Windows_No_Exception_CI,"build (3.10, x64)",completed,success,2026-06-01T16:47:15Z,2026-06-01T17:09:13Z,1318,35dd5390d92c65632f6ec9ed7936266c37b7c8d4
78901219176,26768461793,Windows_No_Exception_CI,"build (3.10, x64)",completed,cancelled,2026-06-01T16:41:10Z,2026-06-01T16:47:12Z,362,8156ad9f0ca4b3d2c9a88e0e5305c8a2ac778f15
78898617976,26767738378,Windows_No_Exception_CI,"build (3.10, x64)",completed,cancelled,2026-06-01T16:26:47Z,2026-06-01T16:41:07Z,860,a84885faafe7ee741e096801aec9874b7e2473d1
78898158413,26767606383,Windows_No_Exception_CI,"build (3.10, x64)",completed,success,2026-06-01T16:24:16Z,2026-06-01T16:43:41Z,1165,54c21cbc9d25bbc37093c890438cb0d32079bc84
78897179060,26767328868,Windows_No_Exception_CI,"build (3.10, x64)",completed,failure,2026-06-01T16:19:00Z,2026-06-01T16:32:36Z,816,78a5bb59b05e65e8f75760d871cb0390ca07a5e4
78896510551,26767140997,Windows_No_Exception_CI,"build (3.10, x64)",completed,success,2026-06-01T16:15:08Z,2026-06-01T16:34:44Z,1176,ce1969f8f142e7c5c305a7684d97b32cb0c04cd4
78895898209,26766967250,Windows_No_Exception_CI,"build (3.10, x64)",completed,success,2026-06-01T16:11:49Z,2026-06-01T16:30:04Z,1095,e945daf7e12eaeb624ce1edd39ccdbb97879626d
78892239117,26765950782,Windows_No_Exception_CI,"build (3.10, x64)",completed,success,2026-06-01T15:53:02Z,2026-06-01T16:13:59Z,1257,e945daf7e12eaeb624ce1edd39ccdbb97879626d
78890910314,26765567833,Windows_No_Exception_CI,"build (3.10, x64)",completed,success,2026-06-01T15:45:53Z,2026-06-01T16:06:28Z,1235,92ba938cbdfaf6fdc03abbe6d3f56c512e1b61b0
78887022143,26764516034,Windows_No_Exception_CI,"build (3.10, x64)",completed,cancelled,2026-06-01T15:26:18Z,2026-06-01T15:45:50Z,1172,2020a1d5098a101bd52244ce5a84479f8dbdd43c
78880773116,26762800450,Windows_No_Exception_CI,"build (3.10, x64)",completed,success,2026-06-01T14:55:40Z,2026-06-01T15:06:31Z,651,f031dd6a59f9d944d47565988e05fa9f099a75ce
78878985332,26762307915,Windows_No_Exception_CI,"build (3.10, x64)",completed,success,2026-06-01T14:47:05Z,2026-06-01T15:04:50Z,1065,fea22a7e5bd822133dc12b9535baf7458b2ebb46
78878861293,26762273563,Windows_No_Exception_CI,"build (3.10, x64)",completed,success,2026-06-01T14:46:30Z,2026-06-01T15:07:23Z,1253,293ad621a244fb501a5ed9660c01e666ba5e3e86
78876264198,26761568603,Windows_No_Exception_CI,"build (3.10, x64)",completed,success,2026-06-01T14:34:11Z,2026-06-01T14:54:10Z,1199,0f99998e85a1426f1ea7d5154c2c4fe25342b74f
78849248052,26754082748,Windows_No_Exception_CI,"build (3.10, x64)",completed,success,2026-06-01T12:11:10Z,2026-06-01T12:30:22Z,1152,e6daeee7056a87f1d68131b9adf7af9fb4699d21
78825541798,26747171870,Windows_No_Exception_CI,"build (3.10, x64)",completed,success,2026-06-01T09:39:53Z,2026-06-01T09:59:32Z,1179,da29ea16330eaf23cbadf636a8b53fe749c173f5
79054689690,26815074348,Windows_No_Exception_CI,"build (3.10, x64)",completed,success,2026-06-02T10:53:21Z,2026-06-02T11:11:54Z,1113,51b1e6dd74e680f214010effddf087ef87852877
79054608147,26815056234,Windows_No_Exception_CI,"build (3.10, x64)",completed,cancelled,2026-06-02T10:52:50Z,2026-06-02T10:53:19Z,29,61d7ad67859d810245b1fb3d2fb429da2f3be49c
79223972018,26864116075,Windows_No_Exception_CI,"build (3.10, x64)",completed,success,2026-06-03T04:41:22Z,2026-06-03T05:02:29Z,1267,151f4581bd8a25aa3d75d47aae6c474ca674dad6
79223445091,26863951451,Windows_No_Exception_CI,"build (3.10, x64)",completed,cancelled,2026-06-03T04:35:53Z,2026-06-03T04:41:16Z,323,56dfcd79b7b72d135cb0de0f8376847a9086bc94
79219778262,26862744484,Windows_No_Exception_CI,"build (3.10, x64)",completed,success,2026-06-03T03:56:21Z,2026-06-03T04:11:50Z,929,91d4eab54133da2a3a6f351f2ccb2ffce20c2e90
79214136082,26860942895,Windows_No_Exception_CI,"build (3.10, x64)",completed,success,2026-06-03T02:57:37Z,2026-06-03T03:11:25Z,828,95dce7edecaa6fe1b62036e5b4c3c4c36238c12d
79213526761,26859208451,Windows_No_Exception_CI,"build (3.10, x64)",completed,success,2026-06-03T02:51:00Z,2026-06-03T03:07:08Z,968,610cec643ae6e8676e62c1fb36f45b35be4f0302
79205694979,26858167174,Windows_No_Exception_CI,"build (3.10, x64)",completed,success,2026-06-03T01:28:58Z,2026-06-03T01:47:18Z,1100,954b17916f2b1fb3a2499e74e34bdedbb52450bc
79205140315,26857990035,Windows_No_Exception_CI,"build (3.10, x64)",completed,cancelled,2026-06-03T01:23:18Z,2026-06-03T01:28:56Z,338,23be60bada506e039d18e403a07727d72294d341
79204912242,26857920294,Windows_No_Exception_CI,"build (3.10, x64)",completed,cancelled,2026-06-03T01:20:56Z,2026-06-03T01:23:15Z,139,ace2c57a78f0aaa4a637045285c099aa60bf800a
79204827215,26857890559,Windows_No_Exception_CI,"build (3.10, x64)",completed,cancelled,2026-06-03T01:20:09Z,2026-06-03T01:20:54Z,45,a55f8c6eac01cd90d4dddea9ea84345252b9a4bb
79204659851,26857844361,Windows_No_Exception_CI,"build (3.10, x64)",completed,success,2026-06-03T01:18:23Z,2026-06-03T01:37:01Z,1118,2c9738db9c331f9ac914a303c3b9c0f33baf81be
79204358405,26857746639,Windows_No_Exception_CI,"build (3.10, x64)",completed,success,2026-06-03T01:15:22Z,2026-06-03T01:35:26Z,1204,d02f92d1680a0c57108363e76c6e344bfcb0ec42
79204199375,26857695901,Windows_No_Exception_CI,"build (3.10, x64)",completed,success,2026-06-03T01:13:46Z,2026-06-03T01:31:54Z,1088,4b3892dcb0100b016d0e4300be440647f1a3a304
79204142757,26857678251,Windows_No_Exception_CI,"build (3.10, x64)",completed,cancelled,2026-06-03T01:13:12Z,2026-06-03T01:20:05Z,413,f249a5f28adf2a4b0c8d8bc74911ca079a39636f
79199092938,26856076092,Windows_No_Exception_CI,"build (3.10, x64)",completed,success,2026-06-03T00:24:12Z,2026-06-03T00:42:27Z,1095,c202c6ece6b897acbc2407fd37f9c34837375e38
79198243525,26855795739,Windows_No_Exception_CI,"build (3.10, x64)",completed,cancelled,2026-06-03T00:16:04Z,2026-06-03T00:24:09Z,485,6dae2470341c3c0fea55b91da6e97b0114519ee2
79197623856,26855590982,Windows_No_Exception_CI,"build (3.10, x64)",completed,success,2026-06-03T00:10:07Z,2026-06-03T00:26:01Z,954,1097a0e1383dad37f41f7419b28b5ef757477623
79197432941,26855540933,Windows_No_Exception_CI,"build (3.10, x64)",completed,success,2026-06-03T00:08:19Z,2026-06-03T00:22:47Z,868,caec81220df6220f8f1ce23c2415a3f668329040
79197431714,26855539199,Windows_No_Exception_CI,"build (3.10, x64)",completed,success,2026-06-03T00:08:16Z,2026-06-03T00:26:52Z,1116,14d1a45786f2ea014f254c40aa142f408d357128
79197387171,26855526994,Windows_No_Exception_CI,"build (3.10, x64)",completed,success,2026-06-03T00:07:52Z,2026-06-03T00:28:18Z,1226,e7213192387d955695dd32baebb758d88afda14b
79197312802,26855503396,Windows_No_Exception_CI,"build (3.10, x64)",completed,cancelled,2026-06-03T00:07:09Z,2026-06-03T00:16:01Z,532,e364f65b608543a4eda45720a6ce363d0d83e591
79197174308,26855460990,Windows_No_Exception_CI,"build (3.10, x64)",completed,cancelled,2026-06-03T00:05:54Z,2026-06-03T00:07:07Z,73,69abf57f045991263dd47293bf0b5a038ba03aa8
79196879106,26855376223,Windows_No_Exception_CI,"build (3.10, x64)",completed,cancelled,2026-06-03T00:03:20Z,2026-06-03T00:07:49Z,269,d3c90311d0e4bf8ba0886deaa9a69f659cfe0056
79196875501,26855375000,Windows_No_Exception_CI,"build (3.10, x64)",completed,cancelled,2026-06-03T00:03:18Z,2026-06-03T00:10:04Z,406,98dbf724aa28d5a6f64834d9fa4faa1e80981b55
79196866666,26855372259,Windows_No_Exception_CI,"build (3.10, x64)",completed,cancelled,2026-06-03T00:03:13Z,2026-06-03T00:08:15Z,302,5cb259fca980c57164b02f8d673e5f246fa98651
79196855398,26855368708,Windows_No_Exception_CI,"build (3.10, x64)",completed,cancelled,2026-06-03T00:03:07Z,2026-06-03T00:08:14Z,307,4b4fb509dcf8242eaf880df4b298a1f6d5b0fd54
79196610946,26855289816,Windows_No_Exception_CI,"build (3.10, x64)",completed,cancelled,2026-06-03T00:01:00Z,2026-06-03T00:05:52Z,292,9b97bbf2976dd3b1fb4caeb3d0e5bad15bb15b76
79194585731,26854633784,Windows_No_Exception_CI,"build (3.10, x64)",completed,success,2026-06-02T23:42:26Z,2026-06-03T00:00:50Z,1104,a2ea276fd0a99b8271c70218f32f3c186aadb041
79194370598,26854571773,Windows_No_Exception_CI,"build (3.10, x64)",completed,cancelled,2026-06-02T23:40:32Z,2026-06-02T23:42:24Z,112,cd0284bcf3bed24e32af8c648665f2cffe42ed2f
79187203693,26852343273,Windows_No_Exception_CI,"build (3.10, x64)",completed,success,2026-06-02T22:42:07Z,2026-06-02T23:01:49Z,1182,a7f14ba1e246129b1b1f884c6dd85f8802becad2
79185926362,26851955336,Windows_No_Exception_CI,"build (3.10, x64)",completed,cancelled,2026-06-02T22:32:30Z,2026-06-02T22:42:05Z,575,b649c7193f1a8068301a795b2608b21a9f018875
79179115859,26849900063,Windows_No_Exception_CI,"build (3.10, x64)",completed,success,2026-06-02T21:45:13Z,2026-06-02T22:04:51Z,1178,b21b0f1ebbfa54db515f780a803027f358b37146
79168889595,26846938733,Windows_No_Exception_CI,"build (3.10, x64)",completed,success,2026-06-02T20:44:53Z,2026-06-02T21:04:07Z,1154,bda1f8e035a73806e0d3a1c9fb34e42e1e1b7be0
79168842551,26846925714,Windows_No_Exception_CI,"build (3.10, x64)",completed,success,2026-06-02T20:44:35Z,2026-06-02T21:02:58Z,1103,8e417096d0b20b6dbd1cc881ac3424ccc1621099
79168765485,26846903915,Windows_No_Exception_CI,"build (3.10, x64)",completed,success,2026-06-02T20:44:10Z,2026-06-02T21:03:11Z,1141,79fc942d56838f223ce807aa90018c9165b59648
79168739454,26846896295,Windows_No_Exception_CI,"build (3.10, x64)",completed,success,2026-06-02T20:44:01Z,2026-06-02T21:01:39Z,1058,54b009ab67ce764788ac56c05a9d0050d0e47478
79168430983,26846808085,Windows_No_Exception_CI,"build (3.10, x64)",completed,success,2026-06-02T20:42:22Z,2026-06-02T21:01:38Z,1156,aef5b0c3032bdc5ab70862e52024e3dce11d4032
79168408575,26846801387,Windows_No_Exception_CI,"build (3.10, x64)",completed,success,2026-06-02T20:42:12Z,2026-06-02T21:01:38Z,1166,f6ba904d34568c39533707bb8bfb36fd773ff649
79168334566,26846780295,Windows_No_Exception_CI,"build (3.10, x64)",completed,success,2026-06-02T20:41:49Z,2026-06-02T21:03:27Z,1298,a19ee0886be9dd1f31fe986cd2702de9baeb5401
79168314079,26846773263,Windows_No_Exception_CI,"build (3.10, x64)",completed,success,2026-06-02T20:41:51Z,2026-06-02T21:00:17Z,1106,68539b60c8dbd277bb54079015cc0eee76829159
79168262208,26846758258,Windows_No_Exception_CI,"build (3.10, x64)",completed,success,2026-06-02T20:41:25Z,2026-06-02T21:00:46Z,1161,49c287ef6dd32fc3dc4d90db49126319d08076a1
79168234185,26846749839,Windows_No_Exception_CI,"build (3.10, x64)",completed,success,2026-06-02T20:41:15Z,2026-06-02T21:01:08Z,1193,15ff0135bcf030a9c1d44455bbea9f338019d396
79168213906,26846743881,Windows_No_Exception_CI,"build (3.10, x64)",completed,success,2026-06-02T20:41:09Z,2026-06-02T20:59:19Z,1090,a059d74d7f5dd997d93a70d82f18a7d1149e40ce
79168209911,26846742473,Windows_No_Exception_CI,"build (3.10, x64)",completed,success,2026-06-02T20:41:08Z,2026-06-02T20:59:53Z,1125,e0adbe241f3e76b44e11aff0bf2e9003942c79e3
79159003626,26844155841,Windows_No_Exception_CI,"build (3.10, x64)",completed,success,2026-06-02T19:50:34Z,2026-06-02T20:07:59Z,1045,0f6df2163b5d99717d024b44e5eaf213eaaf7bc5
79141317056,26839200618,Windows_No_Exception_CI,"build (3.10, x64)",completed,success,2026-06-02T18:15:47Z,2026-06-02T18:38:35Z,1368,da77e6d9a1310a23e79a9ffc0472357102b3d57d
79147155680,26838854651,Windows_No_Exception_CI,"build (3.10, x64)",completed,success,2026-06-02T18:46:31Z,2026-06-02T19:06:48Z,1217,f7247f2d899d28bacc75a913d3a33fe27c12314d
79136570740,26837871784,Windows_No_Exception_CI,"build (3.10, x64)",completed,success,2026-06-02T17:50:50Z,2026-06-02T18:09:19Z,1109,c215f9b9ef35db54dc5f5579f9bc73522a9c8e44
79131241193,26834891668,Windows_No_Exception_CI,"build (3.10, x64)",completed,success,2026-06-02T17:22:40Z,2026-06-02T17:41:04Z,1104,ce2314e25618843239e7da1b8acc93f7eb79057a
79115341565,26831933725,Windows_No_Exception_CI,"build (3.10, x64)",completed,success,2026-06-02T16:00:18Z,2026-06-02T16:21:25Z,1267,36b53571bc26275cde70af4b2bb59fb6772f28f3
79108676886,26830102390,Windows_No_Exception_CI,"build (3.10, x64)",completed,success,2026-06-02T15:29:00Z,2026-06-02T15:48:21Z,1161,a87979321332f897f0aa313d6fdb68f195709858
79106536064,26829532766,Windows_No_Exception_CI,"build (3.10, x64)",completed,cancelled,2026-06-02T15:19:12Z,2026-06-02T15:28:57Z,585,9a5a3b082374920d469a5ad8525ecf4da441b298
79098299703,26827289874,Windows_No_Exception_CI,"build (3.10, x64)",completed,success,2026-06-02T14:42:25Z,2026-06-02T15:01:59Z,1174,b8d6c2a6629912f0a312756fac4e0c1b82058047
79084003281,26822733552,Windows_No_Exception_CI,"build (3.10, x64)",completed,success,2026-06-02T13:37:11Z,2026-06-02T13:58:00Z,1249,454221c7fbae49bb5345c2d0c6d378e62089e347
79074450508,26820765912,Windows_No_Exception_CI,"build (3.10, x64)",completed,success,2026-06-02T12:49:14Z,2026-06-02T13:07:49Z,1115,4907f39b4fc02b0044b9f0729e27807b673a2319
79268231335,26877396718,Windows_No_Exception_CI,"build (3.10, x64)",completed,success,2026-06-03T09:56:37Z,2026-06-03T10:15:00Z,1103,4480de511752b9c5fd8814f4a239f076394a4d7a
79457686936,26933421615,Windows_No_Exception_CI,"build (3.10, x64)",completed,success,2026-06-04T05:46:58Z,2026-06-04T06:07:04Z,1206,caa4cb46f98ce1068d39d6ab08a6dd4174843c5e
79445606890,26929268203,Windows_No_Exception_CI,"build (3.10, x64)",completed,success,2026-06-04T03:48:22Z,2026-06-04T04:02:51Z,869,8259e3fe256b1f4e706a8f5150ada60262de451f
79441423958,26927850291,Windows_No_Exception_CI,"build (3.10, x64)",completed,success,2026-06-04T03:08:36Z,2026-06-04T03:28:20Z,1184,507be17248e715386de064f65eadaae82ea58764
79423666498,26921815780,Windows_No_Exception_CI,"build (3.10, x64)",completed,success,2026-06-04T00:24:12Z,2026-06-04T00:43:24Z,1152,12cd8ddacccb62c78c540721105fe1ef7677469d
79405010597,26915791693,Windows_No_Exception_CI,"build (3.10, x64)",completed,success,2026-06-03T22:02:28Z,2026-06-03T22:21:18Z,1130,a7bf3a0f1d18bb62575236ef6e4944980c40e045
79367082647,26904922146,Windows_No_Exception_CI,"build (3.10, x64)",completed,success,2026-06-03T18:30:30Z,2026-06-03T18:51:31Z,1261,829a524cd10eac6c2d36b7b613c4ef814396bacc
79346033699,26899040582,Windows_No_Exception_CI,"build (3.10, x64)",completed,success,2026-06-03T16:39:29Z,2026-06-03T16:58:27Z,1138,3416d6f2d6e0d25ff9834ccd11cbbc4cd7c9bac5
79344572792,26898637437,Windows_No_Exception_CI,"build (3.10, x64)",completed,success,2026-06-03T16:31:58Z,2026-06-03T16:52:13Z,1215,63c117baba99f9fe17b97da8845338cc24c4c82a
79342904443,26898160737,Windows_No_Exception_CI,"build (3.10, x64)",completed,success,2026-06-03T16:23:26Z,2026-06-03T16:44:11Z,1245,dbd26657534dc5ca67ae7e06904ada8f565bea99
79341940471,26897890601,Windows_No_Exception_CI,"build (3.10, x64)",completed,cancelled,2026-06-03T16:18:30Z,2026-06-03T16:23:23Z,293,ae12b417ce32a1ba40869dc321297baa7859ab66
79341311835,26897726551,Windows_No_Exception_CI,"build (3.10, x64)",completed,success,2026-06-03T16:15:20Z,2026-06-03T16:30:21Z,901,2b06a2a2db75a5f83457af11ae1ad48182f63a29
79339901026,26897339324,Windows_No_Exception_CI,"build (3.10, x64)",completed,cancelled,2026-06-03T16:08:13Z,2026-06-03T16:18:26Z,613,8e3ff7d8127297d2ea720ff219ceed1d0a5426c2
79335576995,26896146117,Windows_No_Exception_CI,"build (3.10, x64)",completed,success,2026-06-03T15:47:24Z,2026-06-03T16:02:35Z,911,84d48ac85410d8ba4ebe8ec318b58b912a4b2d3a
79332193749,26895229099,Windows_No_Exception_CI,"build (3.10, x64)",completed,success,2026-06-03T15:31:33Z,2026-06-03T15:52:54Z,1281,a4e965f3599a9567619464a0fd69c36355c92305
79544381026,26959126763,Windows_No_Exception_CI,"build (3.10, x64)",completed,success,2026-06-04T14:44:23Z,2026-06-04T15:04:19Z,1196,149aea96a2e978b1205543e2499b85d0c8b3fc4d
79541557541,26958341530,Windows_No_Exception_CI,"build (3.10, x64)",completed,cancelled,2026-06-04T14:30:41Z,2026-06-04T14:44:21Z,820,e268806e353132e4ce35d1eda59a074033c46131
79474375452,26938639192,Windows_No_Exception_CI,"build (3.10, x64)",completed,success,2026-06-04T07:54:29Z,2026-06-04T08:06:51Z,742,dce5876d6cc6cc30157af7d26a752ef44976da8e
79472488442,26938061921,Windows_No_Exception_CI,"build (3.10, x64)",completed,cancelled,2026-06-04T07:42:13Z,2026-06-04T07:54:27Z,734,05c1bc3bceceb8d3cf11e9e7fc7f19f971c44988
79462298167,26934922659,Windows_No_Exception_CI,"build (3.10, x64)",completed,success,2026-06-04T06:27:38Z,2026-06-04T06:47:45Z,1207,15375a7d6e80f7d53c8472807e4867c6390db825
79679630443,27000490963,Windows_No_Exception_CI,"build (3.10, x64)",completed,success,2026-06-05T06:58:48Z,2026-06-05T07:18:03Z,1155,784d2ceb12a7e3e7858bf136c05af879c2e42965
79678798619,27000227722,Windows_No_Exception_CI,"build (3.10, x64)",completed,cancelled,2026-06-05T06:52:02Z,2026-06-05T06:58:46Z,404,b9ff68119193b9efde7e13a82f1ca2661288ccf6
79678642295,27000177815,Windows_No_Exception_CI,"build (3.10, x64)",completed,success,2026-06-05T06:50:42Z,2026-06-05T07:09:45Z,1143,b9a793a088e532dcaa8681f7acd7befaf8220ba1
79673897238,26998693779,Windows_No_Exception_CI,"build (3.10, x64)",completed,success,2026-06-05T06:10:04Z,2026-06-05T06:31:18Z,1274,93558f81c90bb04bb87c05863dad8a5375b76234
79665999208,26996076560,Windows_No_Exception_CI,"build (3.10, x64)",completed,success,2026-06-05T04:50:30Z,2026-06-05T05:08:06Z,1056,cba809499d18a2648f76086abd3af7ff2eddb98b
79663525718,26995243168,Windows_No_Exception_CI,"build (3.10, x64)",completed,success,2026-06-05T04:23:58Z,2026-06-05T04:44:40Z,1242,6cb2e96ceb58b2993f4dc58ec977ec85f45c9582
79662763802,26994989199,Windows_No_Exception_CI,"build (3.10, x64)",completed,cancelled,2026-06-05T04:15:21Z,2026-06-05T04:23:56Z,515,758fe9b53c5cc55b03201d535d460e0fbe0e2ebc
79579643811,26968834280,Windows_No_Exception_CI,"build (3.10, x64)",completed,success,2026-06-04T17:44:57Z,2026-06-04T18:03:57Z,1140,8e6e47dc023378250c6f013d5c97bb8ce2e9acae
79678378758,26968770781,Windows_No_Exception_CI,"build (3.10, x64)",completed,success,2026-06-05T06:48:28Z,2026-06-05T07:06:20Z,1072,68fa40b7e677025850d212daeca24a9d7df0e14c
79577940837,26968677233,Windows_No_Exception_CI,"build (3.10, x64)",completed,success,2026-06-04T17:35:28Z,2026-06-04T17:55:17Z,1189,cf0915dd67339d38e00f4f5e964b00b8295ab49b
79854323294,27053879933,Windows_No_Exception_CI,"build (3.10, x64)",completed,success,2026-06-06T05:32:59Z,2026-06-06T05:54:49Z,1310,a3ca21c719ef813e20c2be2d96e86620618155c6
79800352694,27036088347,Windows_No_Exception_CI,"build (3.10, x64)",completed,failure,2026-06-05T19:37:42Z,2026-06-05T19:49:30Z,708,c5002602e09879f56021b819877462fd5e0ca309
79796189683,27034872932,Windows_No_Exception_CI,"build (3.10, x64)",completed,success,2026-06-05T19:11:26Z,2026-06-05T19:30:54Z,1168,32b24aa2448563682ff6b11b878e972c6e8ca740
79793486845,27034069817,Windows_No_Exception_CI,"build (3.10, x64)",completed,success,2026-06-05T18:54:54Z,2026-06-05T19:14:23Z,1169,1d767276c903a129d7589731422389043c0077dc
79793319339,27034019706,Windows_No_Exception_CI,"build (3.10, x64)",completed,cancelled,2026-06-05T18:53:53Z,2026-06-05T19:11:23Z,1050,364200fd81f2235a20b906da6d4efdd5d8413f79
79780515645,27030254989,Windows_No_Exception_CI,"build (3.10, x64)",completed,success,2026-06-05T17:35:20Z,2026-06-05T17:54:27Z,1147,efa3b9308fb4c0868ed27764d81d51e4188268ea
79781908062,27029585106,Windows_No_Exception_CI,"build (3.10, x64)",completed,success,2026-06-05T17:43:49Z,2026-06-05T18:03:18Z,1169,719944e3cc5b0d9fc4e90fff0551dbfe77bc641a
79761695147,27024716223,Windows_No_Exception_CI,"build (3.10, x64)",completed,success,2026-06-05T15:43:33Z,2026-06-05T16:03:06Z,1173,a31da393ae2dbe603720ee30f563d2870a00871a
79761346095,27024625330,Windows_No_Exception_CI,"build (3.10, x64)",completed,success,2026-06-05T15:41:33Z,2026-06-05T15:59:50Z,1097,eb46e38284d641ebf03f7060966125564fccbd82
79759549036,27024110088,Windows_No_Exception_CI,"build (3.10, x64)",completed,cancelled,2026-06-05T15:31:17Z,2026-06-05T15:43:30Z,733,fe2040a624294669946b45aef5ccf8aee07907ff
79757936644,27023303466,Windows_No_Exception_CI,"build (3.10, x64)",completed,success,2026-06-05T15:22:17Z,2026-06-05T15:36:13Z,836,e069930fc28a8e81ad2e1017b4a3f2c40e7ef8f1
79775214249,27022158879,Windows_No_Exception_CI,"build (3.10, x64)",completed,success,2026-06-05T17:03:05Z,2026-06-05T17:19:52Z,1007,5bc7af854913c7bde2db9a910d9b4c633a72138e
79752117393,27021038020,Windows_No_Exception_CI,"build (3.10, x64)",completed,success,2026-06-05T14:51:04Z,2026-06-05T15:10:57Z,1193,d47c75cc3badbe4179f4f00dc955cc4e4a0e2a90
79745008006,27019819247,Windows_No_Exception_CI,"build (3.10, x64)",completed,success,2026-06-05T14:12:53Z,2026-06-05T14:33:33Z,1240,753512fae8c3620a3b27e43fb36e908fe1e5fe19
79739124551,27018309656,Windows_No_Exception_CI,"build (3.10, x64)",completed,success,2026-06-05T13:40:43Z,2026-06-05T14:00:05Z,1162,3e18272e1626f77ca41fe8fae74a099919ce9e3f
79728091492,27015131259,Windows_No_Exception_CI,"build (3.10, x64)",completed,success,2026-06-05T12:34:39Z,2026-06-05T12:55:57Z,1278,9ad3dafceae250b90d2ee30de6ce275f2cc08ce7
79715456882,27011353857,Windows_No_Exception_CI,"build (3.10, x64)",completed,success,2026-06-05T11:08:08Z,2026-06-05T11:27:40Z,1172,e708fbb886db4a5b2dcb8c6334a7aefc30c93ca8
79712991388,27010603337,Windows_No_Exception_CI,"build (3.10, x64)",completed,success,2026-06-05T10:50:30Z,2026-06-05T11:08:01Z,1051,b20cfea505b61512cbae0aba40c1b5e12ba8c463
79711014509,27010010312,Windows_No_Exception_CI,"build (3.10, x64)",completed,cancelled,2026-06-05T10:36:22Z,2026-06-05T10:50:28Z,846,74fac9974ef591cbf9c4e0bb80d0af0b06330e95
79743349921,27007969069,Windows_No_Exception_CI,"build (3.10, x64)",completed,success,2026-06-05T14:03:49Z,2026-06-05T14:22:12Z,1103,33f83238be07095aed0ce3d14c65c748629b2757
79699628738,27006601802,Windows_No_Exception_CI,"build (3.10, x64)",completed,success,2026-06-05T09:19:36Z,2026-06-05T09:40:24Z,1248,53d61200c0b966f39027ea46ea4e3078363a0308
79699285186,27006496983,Windows_No_Exception_CI,"build (3.10, x64)",completed,success,2026-06-05T09:17:19Z,2026-06-05T09:36:49Z,1170,c3156622505a4313ce3836d660cf0547e249957e
79699186035,27006467952,Windows_No_Exception_CI,"build (3.10, x64)",completed,cancelled,2026-06-05T09:16:41Z,2026-06-05T09:17:17Z,36,f2c729c3a3f3ae7572dacdbdf9f6c34b8780183e
79698728075,27006336005,Windows_No_Exception_CI,"build (3.10, x64)",completed,cancelled,2026-06-05T09:13:39Z,2026-06-05T09:16:38Z,179,9891d7ef253ada73d188b8937833e53bc5d2bd67
79698428057,27006240846,Windows_No_Exception_CI,"build (3.10, x64)",completed,success,2026-06-05T09:11:41Z,2026-06-05T09:31:09Z,1168,17cfefe073714b517700eb733779fc1de7a2caeb
79698313779,27006205474,Windows_No_Exception_CI,"build (3.10, x64)",completed,cancelled,2026-06-05T09:10:56Z,2026-06-05T09:11:38Z,42,7099b8cb575fbf6f0ef85f0aea0445ade7926e97
79696892673,27005788354,Windows_No_Exception_CI,"build (3.10, x64)",completed,cancelled,2026-06-05T09:01:33Z,2026-06-05T09:10:53Z,560,33406e12e52f32c42c789931ce22accde8fd4899
79696649389,27005709539,Windows_No_Exception_CI,"build (3.10, x64)",completed,success,2026-06-05T09:00:07Z,2026-06-05T09:19:14Z,1147,040c604c8c7312bc40902f443816647450a08d28
79696435171,27005649875,Windows_No_Exception_CI,"build (3.10, x64)",completed,cancelled,2026-06-05T08:58:33Z,2026-06-05T08:59:58Z,85,07300a8b8d11924c6bc93138a45f05578d9dfc0a
79929623839,27075331329,Windows_No_Exception_CI,"build (3.10, x64)",completed,success,2026-06-07T03:56:07Z,2026-06-07T04:18:08Z,1321,f69e77544694945fd9be9064d71a5fd1d60478c2
79910362226,27074746972,Windows_No_Exception_CI,"build (3.10, x64)",completed,success,2026-06-06T21:50:45Z,2026-06-06T22:10:57Z,1212,b06ab360fa74d114ea69cd8f92ce17d619980c9d
79893999488,27068713026,Windows_No_Exception_CI,"build (3.10, x64)",completed,success,2026-06-06T17:13:31Z,2026-06-06T17:32:31Z,1140,9b42b79aecd1fbe15d5f2f7861f841bbddb2df34
79885611731,27065525678,Windows_No_Exception_CI,"build (3.10, x64)",completed,success,2026-06-06T14:55:56Z,2026-06-06T15:13:11Z,1035,8b5d2fc7df5dadaafc2d2ba5d2274afa4b1d641b
80015113664,27113262203,Windows_No_Exception_CI,"build (3.10, x64)",completed,success,2026-06-08T02:52:30Z,2026-06-08T03:11:04Z,1114,9eb1c3eb834e82252acd8e5ea46540cc78a9ac37
80047348726,27123871444,Windows_No_Exception_CI,"build (3.10, x64)",completed,failure,2026-06-08T07:58:47Z,2026-06-08T08:10:09Z,682,a9f6f879c8d599a6bccd02b6aea6560cf47453ca
80046498793,27123625766,Windows_No_Exception_CI,"build (3.10, x64)",completed,cancelled,2026-06-08T07:53:10Z,2026-06-08T07:58:30Z,320,9dd87e69a33517b051b5dd5ceaabdd411193a40a
80178406701,27161638058,Windows_No_Exception_CI,"build (3.10, x64)",completed,success,2026-06-08T19:27:27Z,2026-06-08T19:42:56Z,929,67fc8ed1e2b49e40c5e3ed73de825123962e8f7d
80176695753,27161162631,Windows_No_Exception_CI,"build (3.10, x64)",completed,cancelled,2026-06-08T19:18:07Z,2026-06-08T19:27:24Z,557,217211e9ba6d9f51c4aa5f7dbdfa7db927382514
80173558733,27160259650,Windows_No_Exception_CI,"build (3.10, x64)",completed,cancelled,2026-06-08T19:01:26Z,2026-06-08T19:18:03Z,997,0bf378b7e753a440b0c7fe11af3fd3763d6a4ff7
80250326955,27184465244,Windows_No_Exception_CI,"build (3.10, x64)",completed,success,2026-06-09T04:46:48Z,2026-06-09T05:03:33Z,1005,25cc1758467cd50fed20309761b8a66cf41cfec6
80233225453,27178767279,Windows_No_Exception_CI,"build (3.10, x64)",completed,success,2026-06-09T01:51:19Z,2026-06-09T02:02:54Z,695,4e7139f108bc6f0154d95527188820cdc9aeba5e
80220110794,27174364409,Windows_No_Exception_CI,"build (3.10, x64)",completed,success,2026-06-08T23:50:08Z,2026-06-09T00:09:11Z,1143,91feaf0c64adff1d417a117e25e046429e0c61e1
80218563941,27173865461,Windows_No_Exception_CI,"build (3.10, x64)",completed,success,2026-06-08T23:36:43Z,2026-06-08T23:51:04Z,861,25cc1758467cd50fed20309761b8a66cf41cfec6
80218332465,27173783016,Windows_No_Exception_CI,"build (3.10, x64)",completed,cancelled,2026-06-08T23:34:50Z,2026-06-08T23:50:06Z,916,55d942ea6eb45463d6354a545eba0cba577c3cfb
80218145451,27173726123,Windows_No_Exception_CI,"build (3.10, x64)",completed,cancelled,2026-06-08T23:33:29Z,2026-06-08T23:34:48Z,79,9bf98636aa063d67bb064f3651c7e8c26e487f32
80217663817,27173571305,Windows_No_Exception_CI,"build (3.10, x64)",completed,success,2026-06-08T23:29:30Z,2026-06-08T23:48:50Z,1160,1912272f202a84087f63ca888925813813d2e264
80212963557,27172004062,Windows_No_Exception_CI,"build (3.10, x64)",completed,success,2026-06-08T22:51:48Z,2026-06-08T23:11:00Z,1152,f0a806e15467ca7cff997ad38317ad8ed9bb15aa
80202585328,27168759870,Windows_No_Exception_CI,"build (3.10, x64)",completed,success,2026-06-08T21:41:45Z,2026-06-08T21:53:48Z,723,04138e07da14f1eb60f5619f038e044eec365c1e
80315321048,27204118835,Windows_No_Exception_CI,"build (3.10, x64)",completed,success,2026-06-09T11:49:59Z,2026-06-09T12:09:29Z,1170,8de2cf6aa47928e6515ac6d9e1a8b4758886a7df
80311283876,27202956515,Windows_No_Exception_CI,"build (3.10, x64)",completed,success,2026-06-09T11:26:27Z,2026-06-09T11:41:43Z,916,7ce1869120dfcf783b931defd6ec05fd086f6c32
80305478810,27201201968,Windows_No_Exception_CI,"build (3.10, x64)",completed,success,2026-06-09T10:52:58Z,2026-06-09T11:12:41Z,1183,81e5e4c56553f3ecd7c403dc61e46993a8bb9878
80304723849,27201000349,Windows_No_Exception_CI,"build (3.10, x64)",completed,cancelled,2026-06-09T10:48:22Z,2026-06-09T10:52:56Z,274,4e03bfad4ef3a1e0b55765a8ac1205bf65408de6
80303822224,27200742243,Windows_No_Exception_CI,"build (3.10, x64)",completed,cancelled,2026-06-09T10:42:56Z,2026-06-09T10:48:19Z,323,cba9d3a4ee3205ce96e1d4fe83953bf1e4460299
80477941891,27251085534,Windows_No_Exception_CI,"build (3.10, x64)",completed,failure,2026-06-10T03:50:42Z,2026-06-10T03:51:39Z,57,c577fb7a357ccbbb0799302dceee289784cd0153
80439278650,27239416947,Windows_No_Exception_CI,"build (3.10, x64)",completed,failure,2026-06-09T22:16:04Z,2026-06-09T22:17:12Z,68,175e31b55ded83dcf6e0a4448a5a9524c8f7dec2
80425039903,27235131471,Windows_No_Exception_CI,"build (3.10, x64)",completed,failure,2026-06-09T20:53:08Z,2026-06-09T20:54:03Z,55,196dae8937891873896b6cdae7e02fe1696989ad
80424727016,27235040110,Windows_No_Exception_CI,"build (3.10, x64)",completed,failure,2026-06-09T20:51:20Z,2026-06-09T20:52:18Z,58,23d47d9d7cc4ea1609adf949901693b050b2a3fd
80423597223,27234716402,Windows_No_Exception_CI,"build (3.10, x64)",completed,failure,2026-06-09T20:45:22Z,2026-06-09T20:46:44Z,82,2ac0e76c13d1f4ce935c05ef14c4b6f217cf5f89
80414963040,27232199137,Windows_No_Exception_CI,"build (3.10, x64)",completed,failure,2026-06-09T19:59:57Z,2026-06-09T20:01:22Z,85,0b07567df6ee5417e44de38dbde8a560eed9c1b6
80413587561,27231797834,Windows_No_Exception_CI,"build (3.10, x64)",completed,failure,2026-06-09T19:52:40Z,2026-06-09T19:53:24Z,44,4fc7cc895906b629a136959ca3b5696d0243567f
80410766978,27230984529,Windows_No_Exception_CI,"build (3.10, x64)",completed,failure,2026-06-09T19:37:38Z,2026-06-09T19:38:22Z,44,48ca6c8730fd88fe6fd32fa384cf805a584f364c
80406909342,27229888051,Windows_No_Exception_CI,"build (3.10, x64)",completed,failure,2026-06-09T19:17:22Z,2026-06-09T19:18:27Z,65,438b0426ddaca869be5236ea2f8dc09d99f6f1ad
80404286152,27229143375,Windows_No_Exception_CI,"build (3.10, x64)",completed,failure,2026-06-09T19:03:34Z,2026-06-09T19:04:26Z,52,d9cf6b655825a3390eb255105be83785fac25e1e
80404161932,27229108724,Windows_No_Exception_CI,"build (3.10, x64)",completed,failure,2026-06-09T19:02:55Z,2026-06-09T19:04:09Z,74,f4857e1851165f8de6befbf10f0f5d252561a675
80393021679,27225934660,Windows_No_Exception_CI,"build (3.10, x64)",completed,success,2026-06-09T18:05:52Z,2026-06-09T18:26:27Z,1235,871df8e4fa015de6cf359296b84c5ae8339c9627
80390821952,27225325288,Windows_No_Exception_CI,"build (3.10, x64)",completed,cancelled,2026-06-09T17:54:38Z,2026-06-09T18:05:48Z,670,abd3d4b164a7480664552a49a03e606030f35548
80376112020,27221183489,Windows_No_Exception_CI,"build (3.10, x64)",completed,success,2026-06-09T16:39:16Z,2026-06-09T16:58:50Z,1174,b124e0188a8bc47c9de8157e3296df6c77fdc06b
80336361527,27210073534,Windows_No_Exception_CI,"build (3.10, x64)",completed,success,2026-06-09T13:37:52Z,2026-06-09T13:57:32Z,1180,aefbf8bcb9d3f9a8f6efa99b91e65ba2bff1a56c
80688496658,27313391266,Windows_No_Exception_CI,"build (3.10, x64)",completed,success,2026-06-10T23:36:51Z,2026-06-10T23:53:06Z,975,8165d4a272f200497015b48a9f61266d55ca77eb
80645872475,27300827969,Windows_No_Exception_CI,"build (3.10, x64)",completed,failure,2026-06-10T19:29:38Z,2026-06-10T19:31:14Z,96,d63709524dfe0fb63f2807dfd919f12b07d58494
80637534097,27298499866,Windows_No_Exception_CI,"build (3.10, x64)",completed,failure,2026-06-10T18:48:17Z,2026-06-10T18:49:08Z,51,3b477554d179396bf8432e10331432fb52805813
80623177937,27294399693,Windows_No_Exception_CI,"build (3.10, x64)",completed,failure,2026-06-10T17:38:12Z,2026-06-10T17:39:13Z,61,d253e5dd4bad7300fe84e7b5d546bd0db6cdca86
80573554495,27280556027,Windows_No_Exception_CI,"build (3.10, x64)",completed,success,2026-06-10T13:42:32Z,2026-06-10T14:02:27Z,1195,f211445f409451574fcb827e7bb40db4a725b1ee
80561411605,27277165390,Windows_No_Exception_CI,"build (3.10, x64)",completed,success,2026-06-10T12:45:22Z,2026-06-10T13:05:54Z,1232,47e677113f2bba896c024f53ff1d57ab370ea392
80532028633,27268615902,Windows_No_Exception_CI,"build (3.10, x64)",completed,success,2026-06-10T10:01:39Z,2026-06-10T10:18:07Z,988,619d484812dcb111f9aaf66aed4419eeaaed93e4
80529591749,27267905257,Windows_No_Exception_CI,"build (3.10, x64)",completed,failure,2026-06-10T09:48:24Z,2026-06-10T09:49:14Z,50,ac73eecced066ab789de6b06ed7480c7115c00ce
80527585305,27267318376,Windows_No_Exception_CI,"build (3.10, x64)",completed,failure,2026-06-10T09:37:30Z,2026-06-10T09:38:51Z,81,b8c1b6fe42fb2829e9542a3b0d7827cbae46b50b
80520628985,27265246563,Windows_No_Exception_CI,"build (3.10, x64)",completed,failure,2026-06-10T08:59:53Z,2026-06-10T09:00:44Z,51,1c9fe0466fd0029f35fba6efaface2611e684564
80795510750,27345406847,Windows_No_Exception_CI,"build (3.10, x64)",completed,success,2026-06-11T12:19:02Z,2026-06-11T12:35:22Z,980,57c3f709548fde936a5dcacf63c4446ef480d254
80784052480,27340122353,Windows_No_Exception_CI,"build (3.10, x64)",completed,success,2026-06-11T11:15:23Z,2026-06-11T11:33:15Z,1072,81159ad8a33e828a0b555e61dac63d5e4ea61316
80930076540,27385019790,Windows_No_Exception_CI,"build (3.10, x64)",completed,success,2026-06-11T23:53:48Z,2026-06-12T00:11:56Z,1088,ad3ceaa2f2edb0f646158b395ee3b05c2658c69e
80926547630,27383842811,Windows_No_Exception_CI,"build (3.10, x64)",completed,success,2026-06-11T23:24:57Z,2026-06-11T23:42:55Z,1078,246c9c8da951fa024192f1e95fa01321e470c085
80926026489,27383693821,Windows_No_Exception_CI,"build (3.10, x64)",completed,cancelled,2026-06-11T23:20:47Z,2026-06-11T23:24:54Z,247,f65770726014dc410a69ddce328ba416d4061a03
80899163189,27375679403,Windows_No_Exception_CI,"build (3.10, x64)",completed,success,2026-06-11T20:34:02Z,2026-06-11T20:52:03Z,1081,8f797eea2a8971622167b4baf4092c11eab138d4
80899151709,27375676403,Windows_No_Exception_CI,"build (3.10, x64)",completed,cancelled,2026-06-11T20:33:56Z,2026-06-11T20:33:59Z,3,4dbbbf86cf539eb17b679531de4636951fc41e7a
80892987823,27373874594,Windows_No_Exception_CI,"build (3.10, x64)",completed,success,2026-06-11T20:01:35Z,2026-06-11T20:18:42Z,1027,2e8a95b1de1a9110e3aa682b2f9403c93302b237
80946745013,27372714339,Windows_No_Exception_CI,"build (3.10, x64)",completed,success,2026-06-12T02:25:44Z,2026-06-12T02:40:07Z,863,ac1a5043704872e3186ced6e4a78937a96297408
80885458608,27371724993,Windows_No_Exception_CI,"build (3.10, x64)",completed,success,2026-06-11T19:22:03Z,2026-06-11T19:39:33Z,1050,a21f2e707313e15399330f39b027ab2d01bada11
80880203357,27370218451,Windows_No_Exception_CI,"build (3.10, x64)",completed,success,2026-06-11T18:55:20Z,2026-06-11T19:15:03Z,1183,777531d88b75bcd339f0841c7555bd0dbecc92fc
80853716273,27360713379,Windows_No_Exception_CI,"build (3.10, x64)",completed,success,2026-06-11T16:42:19Z,2026-06-11T17:00:14Z,1075,b3cf85f964eaf2604b0bd91f0176f96c1b9ced45
81039673678,27419120179,Windows_No_Exception_CI,"build (3.10, x64)",completed,success,2026-06-12T13:35:46Z,2026-06-12T13:51:55Z,969,e1e82c5448a280b897893c48cd37a43f3732a0c8
81036856146,27418283229,Windows_No_Exception_CI,"build (3.10, x64)",completed,cancelled,2026-06-12T13:20:54Z,2026-06-12T13:35:43Z,889,9996a14a6c719603def9f882c1c21cde7b41de66
81035693203,27417987032,Windows_No_Exception_CI,"build (3.10, x64)",completed,cancelled,2026-06-12T13:14:39Z,2026-06-12T13:20:52Z,373,64491d6a1154a33d8543903c4f5aaee22bc8b32a
80991344946,27404850252,Windows_No_Exception_CI,"build (3.10, x64)",completed,success,2026-06-12T08:41:31Z,2026-06-12T08:58:51Z,1040,efedbaa5bd04126392a2ddbcc130302aff7dece5
80989410260,27404281526,Windows_No_Exception_CI,"build (3.10, x64)",completed,cancelled,2026-06-12T08:29:45Z,2026-06-12T08:41:28Z,703,17ac8d7166b93aa6207ab398c348304976c6df32
80987779076,27402268054,Windows_No_Exception_CI,"build (3.10, x64)",completed,success,2026-06-12T08:19:16Z,2026-06-12T08:35:26Z,970,776d6784cdc015331f4a3dfbd1bfec55406a88a8
81137063627,27447959352,Windows_No_Exception_CI,"build (3.10, x64)",completed,success,2026-06-12T23:00:49Z,2026-06-12T23:18:00Z,1031,516a61417cf3ed0124e949bcffab4f586c50ce04
81134605210,27447152308,Windows_No_Exception_CI,"build (3.10, x64)",completed,success,2026-06-12T22:39:35Z,2026-06-12T22:57:44Z,1089,a8380d34ceeca8c3e19abb16ddc27a247c8c41be
81133621376,27446836354,Windows_No_Exception_CI,"build (3.10, x64)",completed,cancelled,2026-06-12T22:31:38Z,2026-06-12T22:39:30Z,472,64b4f1566c2c93e13e3ef45d1a6c37a0b853bc23
81106637106,27438564459,Windows_No_Exception_CI,"build (3.10, x64)",completed,success,2026-06-12T19:36:31Z,2026-06-12T19:53:52Z,1041,f1fbb053e3e5b3f24cad8316014a9b9e90332fce
81093923097,27434809120,Windows_No_Exception_CI,"build (3.10, x64)",completed,success,2026-06-12T18:23:28Z,2026-06-12T18:40:09Z,1001,1186843134fcaf5c2fb0254af42dbd150f3db6f5
81057457609,27424195628,Windows_No_Exception_CI,"build (3.10, x64)",completed,success,2026-06-12T15:05:07Z,2026-06-12T15:22:48Z,1061,45062c663dd15e4a10e4030361a8139bf6568d30
81044925345,27420569057,Windows_No_Exception_CI,"build (3.10, x64)",completed,success,2026-06-12T14:02:47Z,2026-06-12T14:16:20Z,813,8acd2e500b9031929e4f8637024aa1d280775bbe
81044153295,27420402848,Windows_No_Exception_CI,"build (3.10, x64)",completed,cancelled,2026-06-12T13:58:57Z,2026-06-12T14:02:44Z,227,075d5ff4853b714a92d33bf045612998a4da3c6f
81163566609,27457089113,Windows_No_Exception_CI,"build (3.10, x64)",completed,success,2026-06-13T04:54:05Z,2026-06-13T05:11:50Z,1065,b872a9ddd033e1620fcb47d306d0cbaedc2d03a8
81265290047,27494087977,Windows_No_Exception_CI,"build (3.10, x64)",completed,success,2026-06-14T09:12:32Z,2026-06-14T09:25:52Z,800,193767e2a5726f9e9cb0aacef0533e8d146ff93c
81393686213,27538430928,Windows_No_Exception_CI,"build (3.10, x64)",completed,success,2026-06-15T09:56:51Z,2026-06-15T10:14:43Z,1072,1eb1a5b2e9aab02e98ab92720f50dfd2697d688f
81386681075,27536354035,Windows_No_Exception_CI,"build (3.10, x64)",completed,failure,2026-06-15T09:18:19Z,2026-06-15T09:19:05Z,46,eda03851c322d0132a937f983cef83fb33c0dd9b
81379280397,27534181906,Windows_No_Exception_CI,"build (3.10, x64)",completed,failure,2026-06-15T08:35:56Z,2026-06-15T08:36:45Z,49,eec9fdc773e0048bdc93faec250cc37864795813
81350874557,27525153100,Windows_No_Exception_CI,"build (3.10, x64)",completed,success,2026-06-15T05:03:15Z,2026-06-15T05:21:03Z,1068,17747c94ffbfabd399cf0866eaa17c80ed90a025
81341472463,27521928785,Windows_No_Exception_CI,"build (3.10, x64)",completed,success,2026-06-15T03:18:40Z,2026-06-15T03:32:17Z,817,33de29dba2523178e8f7d9b5d3bf911da1540b14
81341264587,27521863360,Windows_No_Exception_CI,"build (3.10, x64)",completed,success,2026-06-15T03:16:24Z,2026-06-15T03:30:13Z,829,7989b3ca2b8c0b4732e315f5bb689bcb51734903
81306177379,27509253035,Windows_No_Exception_CI,"build (3.10, x64)",completed,success,2026-06-14T19:15:46Z,2026-06-14T19:29:05Z,799,a2e8d98c9f886bc581bf9f4030662ae8665f796e
81306155905,27509247979,Windows_No_Exception_CI,"build (3.10, x64)",completed,cancelled,2026-06-14T19:15:28Z,2026-06-14T19:15:43Z,15,07532b38274b125503deb6dee1e97823a91995e9
81303141012,27508170224,Windows_No_Exception_CI,"build (3.10, x64)",completed,success,2026-06-14T18:32:56Z,2026-06-14T18:49:59Z,1023,33c673a93320c816ddbe4fc610904a27d4732820
81303123781,27508166176,Windows_No_Exception_CI,"build (3.10, x64)",completed,cancelled,2026-06-14T18:32:43Z,2026-06-14T18:32:54Z,11,1e3a0b7a3c7fd5d2a94b56ae3714f8fd6c271141
81720744373,27630333008,Windows_No_Exception_CI,"build (3.10, x64)",completed,success,2026-06-16T17:16:29Z,2026-06-16T17:34:58Z,1109,de6ce5f4f735a303057f4ef0ba7d3cf1559777ea
81598140797,27599889130,Windows_No_Exception_CI,"build (3.10, x64)",completed,success,2026-06-16T06:55:18Z,2026-06-16T07:13:36Z,1098,3e975b4929069e5bed6ea295e33375b035b330f2
81584383692,27595334913,Windows_No_Exception_CI,"build (3.10, x64)",completed,success,2026-06-16T05:02:01Z,2026-06-16T05:18:47Z,1006,f5cc4f2a095d9d4030b4289701f2d845afcfc4bb
81584303123,27595308640,Windows_No_Exception_CI,"build (3.10, x64)",completed,success,2026-06-16T05:01:13Z,2026-06-16T05:18:45Z,1052,754c761c288319c626b7e194ede4c3a53172390f
81579909154,27593834804,Windows_No_Exception_CI,"build (3.10, x64)",completed,success,2026-06-16T04:18:13Z,2026-06-16T04:35:51Z,1058,2c263394b24563dc83840b8ae1ddcbfdc690c08b
81578373180,27593301384,Windows_No_Exception_CI,"build (3.10, x64)",completed,success,2026-06-16T04:03:16Z,2026-06-16T04:16:59Z,823,4455d60cb5c199c07fe2fced5783783c36866055
81578159087,27593223576,Windows_No_Exception_CI,"build (3.10, x64)",completed,success,2026-06-16T04:01:13Z,2026-06-16T04:17:52Z,999,65578bc73abaa2b544f46543498e2e9db6e41b8c
81498386080,27568433788,Windows_No_Exception_CI,"build (3.10, x64)",completed,success,2026-06-15T18:44:22Z,2026-06-15T19:02:00Z,1058,2bf934c27a27ed3b80915cf8ae321019c86166d9
81464357721,27558656179,Windows_No_Exception_CI,"build (3.10, x64)",completed,success,2026-06-15T15:53:10Z,2026-06-15T16:09:58Z,1008,795052c6bfa1621f0eac284620cb591ce8dc25a3
81450249336,27554515371,Windows_No_Exception_CI,"build (3.10, x64)",completed,success,2026-06-15T14:48:42Z,2026-06-15T15:06:12Z,1050,1859e5ee9b9281d8e61a6de09f8d373175a6fcdf
81414133288,27544450486,Windows_No_Exception_CI,"build (3.10, x64)",completed,success,2026-06-15T11:55:02Z,2026-06-15T12:13:49Z,1127,2bb50465112feca9003e1ed654d77f01ff1415ca
82115893759,27755406501,Windows_No_Exception_CI,"build (3.10, x64)",completed,success,2026-06-18T11:10:35Z,2026-06-18T11:23:53Z,798,ac57ee1f4ce6eca7986723626cb3964d69dd1155
82115792038,27755346912,Windows_No_Exception_CI,"build (3.10, x64)",completed,cancelled,2026-06-18T11:09:59Z,2026-06-18T11:10:31Z,32,2c3a956b22f4f00f97caa06904fdda1d746be554
82114742694,27755059077,Windows_No_Exception_CI,"build (3.10, x64)",completed,cancelled,2026-06-18T11:03:51Z,2026-06-18T11:09:56Z,365,4577de4ca15158c6466b3e9ab6feb4257c357f52
82114288377,27754929452,Windows_No_Exception_CI,"build (3.10, x64)",completed,cancelled,2026-06-18T11:01:11Z,2026-06-18T11:03:48Z,157,fbcde266ad445ee68d1a564a8f1c343e8eeb97ff
82099180416,27750409207,Windows_No_Exception_CI,"build (3.10, x64)",completed,success,2026-06-18T09:34:50Z,2026-06-18T09:51:21Z,991,5aa6926448ffddc34472357348767f273ba8223f
82090361944,27747805660,Windows_No_Exception_CI,"build (3.10, x64)",completed,success,2026-06-18T08:46:24Z,2026-06-18T09:03:06Z,1002,2e2abafa0848e4ba497fcdfbc52c720b9890bcbb
82081959065,27745283326,Windows_No_Exception_CI,"build (3.10, x64)",completed,success,2026-06-18T07:58:38Z,2026-06-18T08:15:15Z,997,2ae5359286d5a6c0ce904e85a8e141ad04ed568a
82055049479,27736746981,Windows_No_Exception_CI,"build (3.10, x64)",completed,success,2026-06-18T04:28:52Z,2026-06-18T04:47:11Z,1099,7a84e0d900d98239766d6836e764f0fe7da2bb0d
82055016214,27736736476,Windows_No_Exception_CI,"build (3.10, x64)",completed,success,2026-06-18T04:28:31Z,2026-06-18T04:46:28Z,1077,ff0c41065e4e5ec48f1a651907ec1815b042d2ce
82052845540,27735995391,Windows_No_Exception_CI,"build (3.10, x64)",completed,success,2026-06-18T04:06:38Z,2026-06-18T04:22:57Z,979,ee52a6c7dd6ddea46584662fd8f50fbb89b5adc3
81976383247,27712364702,Windows_No_Exception_CI,"build (3.10, x64)",completed,success,2026-06-17T18:54:21Z,2026-06-17T19:11:27Z,1026,c292980200d8eb460eefe8250910f0b371f7ba03
81973050806,27711358504,Windows_No_Exception_CI,"build (3.10, x64)",completed,success,2026-06-17T18:37:14Z,2026-06-17T18:55:58Z,1124,e70eec4dc8a73533f3873a4ac29f949a61adeb0b
81972262158,27711159427,Windows_No_Exception_CI,"build (3.10, x64)",completed,cancelled,2026-06-17T18:33:05Z,2026-06-17T18:37:11Z,246,c7eee8b53409834aadb29e9060569c84686e42be
81966797307,27709551291,Windows_No_Exception_CI,"build (3.10, x64)",completed,success,2026-06-17T18:04:50Z,2026-06-17T18:21:33Z,1003,514c9aa5669a8be868f18021966a5bdb0f30768c
81965516197,27709183766,Windows_No_Exception_CI,"build (3.10, x64)",completed,success,2026-06-17T17:58:28Z,2026-06-17T18:15:16Z,1008,af91bc6a2d4595b5810abccb79c57e1f80755e01
81965350765,27709135501,Windows_No_Exception_CI,"build (3.10, x64)",completed,cancelled,2026-06-17T17:57:38Z,2026-06-17T18:04:47Z,429,dd14fc2afe64d49a70d1b43893584322300c9312
81961961134,27708144613,Windows_No_Exception_CI,"build (3.10, x64)",completed,success,2026-06-17T17:40:21Z,2026-06-17T17:57:57Z,1056,e3afdd61f294b1af84eb24e013e1f2812155d186
81961892023,27708124660,Windows_No_Exception_CI,"build (3.10, x64)",completed,success,2026-06-17T17:40:03Z,2026-06-17T17:56:47Z,1004,7d6db8fe031c855fc54fd062363b958710f903a3
81961887391,27708123607,Windows_No_Exception_CI,"build (3.10, x64)",completed,success,2026-06-17T17:39:59Z,2026-06-17T17:57:25Z,1046,1bb52ca98d014e426bf292d542e90ce03737897b
81961642507,27708053054,Windows_No_Exception_CI,"build (3.10, x64)",completed,success,2026-06-17T17:38:45Z,2026-06-17T17:55:14Z,989,c61d2f04bc71e58c4d5761c595fa0d6ceb6846d1
81961611776,27708044756,Windows_No_Exception_CI,"build (3.10, x64)",completed,success,2026-06-17T17:38:35Z,2026-06-17T17:55:11Z,996,44402851712dc43103473d94518d60ef9c0cab33
81961375334,27707975316,Windows_No_Exception_CI,"build (3.10, x64)",completed,success,2026-06-17T17:37:26Z,2026-06-17T17:55:35Z,1089,1c589300dc7f81537b274958dbe1e5a426d39ea9
82395795503,27839717257,Windows_No_Exception_CI,"build (3.10, x64)",completed,success,2026-06-19T17:24:54Z,2026-06-19T17:42:09Z,1035,c7db756c30a4169eefc77bcd10c412c237765f9e
82335603083,27821539538,Windows_No_Exception_CI,"build (3.10, x64)",completed,success,2026-06-19T10:55:33Z,2026-06-19T11:13:11Z,1058,239c342ea5dca892dd428ab648c78097799fec87
82308879566,27813447065,Windows_No_Exception_CI,"build (3.10, x64)",completed,success,2026-06-19T08:02:21Z,2026-06-19T08:20:00Z,1059,7257d95de0f505c4a2988bfcbb39cc00e2633da0
82304207086,27811977793,Windows_No_Exception_CI,"build (3.10, x64)",completed,success,2026-06-19T07:29:19Z,2026-06-19T07:45:31Z,972,b475559fbceea0bc70ada62d903b2e463e0063f2
82260882427,27797669336,Windows_No_Exception_CI,"build (3.10, x64)",completed,success,2026-06-19T00:24:34Z,2026-06-19T00:40:34Z,960,e7cd2952ee315e32f6e410376484c5448ff072f9
82260781671,27797635688,Windows_No_Exception_CI,"build (3.10, x64)",completed,success,2026-06-19T00:23:38Z,2026-06-19T00:41:06Z,1048,16a1463cc84c5c5129a7349378b11ce5200e908d
82258118096,27796757819,Windows_No_Exception_CI,"build (3.10, x64)",completed,success,2026-06-18T23:59:55Z,2026-06-19T00:16:45Z,1010,12719ffdfe631edc4bd214724c06c7013d0e9926
82257444407,27796536737,Windows_No_Exception_CI,"build (3.10, x64)",completed,success,2026-06-18T23:53:37Z,2026-06-19T00:11:18Z,1061,0e3377fb4d1fc642ca22708eaa39eef0a91a2db3
82242403950,27791826248,Windows_No_Exception_CI,"build (3.10, x64)",completed,success,2026-06-18T21:57:19Z,2026-06-18T22:11:03Z,824,1b3d5cec2b1676c8c4c11cf79d35873ff330965f
82167596979,27770151029,Windows_No_Exception_CI,"build (3.10, x64)",completed,success,2026-06-18T15:23:58Z,2026-06-18T15:41:47Z,1069,d772a5efb13c2caee52931ff7f40e04b7cc23a40
82545430510,27895194618,Windows_No_Exception_CI,"build (3.10, x64)",completed,cancelled,2026-06-21T05:51:33Z,2026-06-21T06:02:25Z,652,c83dcc3cfe671d4c18725803259fe42e6032087a
82543736045,27894545550,Windows_No_Exception_CI,"build (3.10, x64)",completed,success,2026-06-21T05:20:19Z,2026-06-21T05:35:34Z,915,47ddb344000a8f075aef6906d60d326d916bef1b
82473277638,27867247064,Windows_No_Exception_CI,"build (3.10, x64)",completed,success,2026-06-20T09:38:26Z,2026-06-20T09:51:45Z,799,7084c98e9bb9af716e9adafac130d811192166e3
82465092056,27864097867,Windows_No_Exception_CI,"build (3.10, x64)",completed,success,2026-06-20T07:21:20Z,2026-06-20T07:35:10Z,830,577393af8e8e6fa69e36058826f7a9ab20dd308f
82461725397,27862728080,Windows_No_Exception_CI,"build (3.10, x64)",completed,success,2026-06-20T06:26:38Z,2026-06-20T06:44:40Z,1082,867d35919c5deed9604bf8eb150ba15e3442a4f3
82437852378,27853942168,Windows_No_Exception_CI,"build (3.10, x64)",completed,success,2026-06-20T00:01:54Z,2026-06-20T00:20:05Z,1091,2816da65b11128bec0f3953ccc79884598232348
82437280590,27853728793,Windows_No_Exception_CI,"build (3.10, x64)",completed,success,2026-06-19T23:54:31Z,2026-06-20T00:12:51Z,1100,be143c1b60390d9ce2760ff9f1e3c965403523b9
82437232246,27853713174,Windows_No_Exception_CI,"build (3.10, x64)",completed,cancelled,2026-06-19T23:53:51Z,2026-06-19T23:54:29Z,38,cca064262d08487f305e78b95e3d1572754b24d8
82432598232,27851989019,Windows_No_Exception_CI,"build (3.10, x64)",completed,success,2026-06-19T22:52:33Z,2026-06-19T23:10:44Z,1091,921de796b21245ffef3f4b78022bdf283d443017
82430989401,27851394710,Windows_No_Exception_CI,"build (3.10, x64)",completed,success,2026-06-19T22:33:01Z,2026-06-19T22:50:39Z,1058,8bc53246bd44de7cb8ad2aaff95694ec2d028081
82684104511,27944024786,Windows_No_Exception_CI,"build (3.10, x64)",completed,success,2026-06-22T09:47:17Z,2026-06-22T10:05:11Z,1074,04989052c635bed425b81568c6b139d7baa84fd4
82676477920,27941709769,Windows_No_Exception_CI,"build (3.10, x64)",completed,success,2026-06-22T09:06:29Z,2026-06-22T09:24:35Z,1086,81ab435fbf70c5976e98df7ff729e5e2bf666a0b
82673975772,27940962164,Windows_No_Exception_CI,"build (3.10, x64)",completed,cancelled,2026-06-22T08:52:34Z,2026-06-22T09:06:26Z,832,7573d315f0bedc224af98bf9fbfbe464de7a59e2
82630928091,27926894109,Windows_No_Exception_CI,"build (3.10, x64)",completed,success,2026-06-22T03:05:00Z,2026-06-22T03:21:14Z,974,fce5ac9d4047394080b440720eb776bee59949b3
82623251315,27924159265,Windows_No_Exception_CI,"build (3.10, x64)",completed,success,2026-06-22T01:32:23Z,2026-06-22T01:48:34Z,971,2333e6b67b1503151963f2a1ab8c8b5532758c3e
82620228049,27923095007,Windows_No_Exception_CI,"build (3.10, x64)",completed,success,2026-06-22T00:53:14Z,2026-06-22T01:09:06Z,952,d694b70a59127f96915d3b96f3898aeb706d848e
82616978399,27921907970,Windows_No_Exception_CI,"build (3.10, x64)",completed,success,2026-06-22T00:07:53Z,2026-06-22T00:25:19Z,1046,b8d288abb14102b4035adcad7a0038a0d675ff3d
82587276280,27910724944,Windows_No_Exception_CI,"build (3.10, x64)",completed,success,2026-06-21T16:38:01Z,2026-06-21T16:53:52Z,951,223b33b08f5130e13a2ff5615a0804f968c58016
82577643572,27907118536,Windows_No_Exception_CI,"build (3.10, x64)",completed,success,2026-06-21T14:17:07Z,2026-06-21T14:33:44Z,997,22bb6d46e8a671ea79c43154ead344b9099335ef
83221086835,28106222311,Windows_No_Exception_CI,"build (3.10, x64)",completed,success,2026-06-24T14:33:38Z,2026-06-24T14:51:37Z,1079,e914f965eda3855654520a6fe2bc53bb1b29e395
83216057854,28104815539,Windows_No_Exception_CI,"build (3.10, x64)",completed,success,2026-06-24T14:11:59Z,2026-06-24T14:31:00Z,1141,b177b682e70485d5db6d6de306f1a517214c59ae
83152605926,28086176694,Windows_No_Exception_CI,"build (3.10, x64)",completed,success,2026-06-24T08:39:22Z,2026-06-24T08:56:54Z,1052,70f22446ec6cbfea0aca91ddcea94392d3ac2a81
83151613566,28085879021,Windows_No_Exception_CI,"build (3.10, x64)",completed,success,2026-06-24T08:33:46Z,2026-06-24T08:51:22Z,1056,a3d9f536a5f96f1e419e835f53ac2443c87f73ac
83149133069,28085120510,Windows_No_Exception_CI,"build (3.10, x64)",completed,success,2026-06-24T08:19:27Z,2026-06-24T08:35:42Z,975,e93299ddc6102bd8cd75585f1d2095edb9800319
83140265278,28082419059,Windows_No_Exception_CI,"build (3.10, x64)",completed,success,2026-06-24T07:26:31Z,2026-06-24T07:44:45Z,1094,39d22d2544a864335b2987a4de726a6480d4a50d
83178721720,28081866808,Windows_No_Exception_CI,"build (3.10, x64)",completed,success,2026-06-24T11:04:41Z,2026-06-24T11:17:15Z,754,bf7da255698509ad7a71debe01a891a82ec4b4b1
83136080654,28081119817,Windows_No_Exception_CI,"build (3.10, x64)",completed,success,2026-06-24T06:59:41Z,2026-06-24T07:17:59Z,1098,b9caa0e3d3b7de95becff32378194e3ea4c14365
83134289878,28080563178,Windows_No_Exception_CI,"build (3.10, x64)",completed,success,2026-06-24T06:47:15Z,2026-06-24T07:01:40Z,865,bfe5ed447e6fa2216262738f8dab0799e95d0376
83133400573,28080275446,Windows_No_Exception_CI,"build (3.10, x64)",completed,success,2026-06-24T06:40:45Z,2026-06-24T06:57:30Z,1005,ceebf013588429c17aca6cc12057709bbf39b85f
83133316818,28080252343,Windows_No_Exception_CI,"build (3.10, x64)",completed,cancelled,2026-06-24T06:40:09Z,2026-06-24T06:40:43Z,34,2d31ea4a5d80cbd8f6e4652aa823b34718759f25
83128529789,28078732927,Windows_No_Exception_CI,"build (3.10, x64)",completed,success,2026-06-24T06:04:20Z,2026-06-24T06:21:57Z,1057,3d7223a22449c452d9ea6374d77c33edf612e0f3
83127773767,28078489896,Windows_No_Exception_CI,"build (3.10, x64)",completed,success,2026-06-24T05:58:30Z,2026-06-24T06:14:23Z,953,fb69ac0c4d09dcc1958ad73554a62332faa3ccdb
83107473119,28071720089,Windows_No_Exception_CI,"build (3.10, x64)",completed,success,2026-06-24T02:50:10Z,2026-06-24T03:06:27Z,977,89755ec4079634732422ff7ff61bcfbb4b803c50
83105224740,28070964537,Windows_No_Exception_CI,"build (3.10, x64)",completed,success,2026-06-24T02:28:19Z,2026-06-24T02:46:14Z,1075,b279ebeba1429f34eba3eff750ac9760d0a8b864
83103782628,28070469039,Windows_No_Exception_CI,"build (3.10, x64)",completed,success,2026-06-24T02:14:02Z,2026-06-24T02:31:36Z,1054,c3151f150ac9b8f83d497114458b99aaca582dc0
83103650389,28070428044,Windows_No_Exception_CI,"build (3.10, x64)",completed,cancelled,2026-06-24T02:12:49Z,2026-06-24T02:14:00Z,71,dc26d6cf613a29a1ac03fdfa48f7415fdc7d096a
83100968492,28069521607,Windows_No_Exception_CI,"build (3.10, x64)",completed,success,2026-06-24T01:47:37Z,2026-06-24T02:05:24Z,1067,fdcc07b86c0c7a1aff1872c9c5fd1699282de42b
83099941202,28069174491,Windows_No_Exception_CI,"build (3.10, x64)",completed,cancelled,2026-06-24T01:38:16Z,2026-06-24T01:47:35Z,559,aaa91afd60a460a338205cc091dc411c194533b3
83099162884,28068908826,Windows_No_Exception_CI,"build (3.10, x64)",completed,cancelled,2026-06-24T01:30:55Z,2026-06-24T01:38:13Z,438,7585df33719ca3707824e4b6deff219a5530478e
83099094889,28068888446,Windows_No_Exception_CI,"build (3.10, x64)",completed,cancelled,2026-06-24T01:30:18Z,2026-06-24T01:30:52Z,34,1ddb21cb7f370f65d0df34955e8e7a8b89339f88
83094768638,28067447733,Windows_No_Exception_CI,"build (3.10, x64)",completed,success,2026-06-24T00:52:16Z,2026-06-24T01:03:43Z,687,228da1957bf368e8462a2cdd3526235aed4d8d7b
83094666651,28067415967,Windows_No_Exception_CI,"build (3.10, x64)",completed,cancelled,2026-06-24T00:51:22Z,2026-06-24T00:52:13Z,51,d02d277a5a983404f3448469ac3c1ca5ec7e9073
83092775058,28066790316,Windows_No_Exception_CI,"build (3.10, x64)",completed,success,2026-06-24T00:34:57Z,2026-06-24T00:49:50Z,893,3865b6c8b7a046225eb547b7bb3ddf0de773b09f
83091542846,28066399055,Windows_No_Exception_CI,"build (3.10, x64)",completed,cancelled,2026-06-24T00:24:38Z,2026-06-24T00:34:55Z,617,3c8fa627eb725ebdc961590c71e54155442101fa
83091147898,28066270480,Windows_No_Exception_CI,"build (3.10, x64)",completed,success,2026-06-24T00:21:24Z,2026-06-24T00:34:33Z,789,e83db7f040e001d942c53cfc4da0a9a95ebf72a7
83074634526,28060920868,Windows_No_Exception_CI,"build (3.10, x64)",completed,success,2026-06-23T22:18:31Z,2026-06-23T22:37:38Z,1147,f1897e812c969387e2982487d61c8b16940142e7
83064317596,28057759986,Windows_No_Exception_CI,"build (3.10, x64)",completed,success,2026-06-23T21:18:24Z,2026-06-23T21:35:02Z,998,8ad34b549f6cd114ff1b32d27deef917bc7e68ce
83063528042,28057536891,Windows_No_Exception_CI,"build (3.10, x64)",completed,cancelled,2026-06-23T21:14:12Z,2026-06-23T21:18:20Z,248,367c46c8b053b872f7f3c8bea9a157d3cebd2669
83061930608,28057058778,Windows_No_Exception_CI,"build (3.10, x64)",completed,cancelled,2026-06-23T21:05:53Z,2026-06-23T21:14:09Z,496,e68e448173cbf25b930a213d5ec85a46316e87d0
83061698614,28056924014,Windows_No_Exception_CI,"build (3.10, x64)",completed,cancelled,2026-06-23T21:04:44Z,2026-06-23T21:05:51Z,67,23e08f67696915b93b4075e11dd35e93ecc27739
83060737274,28056699087,Windows_No_Exception_CI,"build (3.10, x64)",completed,cancelled,2026-06-23T20:59:56Z,2026-06-23T21:04:42Z,286,da5272aa74c8ceb681ac0ec9b069905cb12f3a0d
83055191547,28055062664,Windows_No_Exception_CI,"build (3.10, x64)",completed,success,2026-06-23T20:31:35Z,2026-06-23T20:48:49Z,1034,7186126674e7f3ee9d9070a87170ae045d7779f6
83044633334,28051964839,Windows_No_Exception_CI,"build (3.10, x64)",completed,success,2026-06-23T19:37:43Z,2026-06-23T19:56:02Z,1099,433afe1bf1e9bd33d0954f5c6caf9fc5bff795ba
83043839907,28051737960,Windows_No_Exception_CI,"build (3.10, x64)",completed,cancelled,2026-06-23T19:33:42Z,2026-06-23T19:37:40Z,238,351d583f4fbc24bd8af220a8595ed51bbd698ce8
83042073122,28051233566,Windows_No_Exception_CI,"build (3.10, x64)",completed,cancelled,2026-06-23T19:24:44Z,2026-06-23T19:33:39Z,535,d60850fa421bf960167f7939e71a9170c577ef46
83037567149,28049918270,Windows_No_Exception_CI,"build (3.10, x64)",completed,success,2026-06-23T19:01:53Z,2026-06-23T19:15:36Z,823,99c836fe3a142ce560351b60874f1c9781e43ae8
82995742328,28037745938,Windows_No_Exception_CI,"build (3.10, x64)",completed,success,2026-06-23T15:40:34Z,2026-06-23T15:58:46Z,1092,6b0356ea7303106cae98e785b6d9828a49ba8fdf
82994725136,28037508816,Windows_No_Exception_CI,"build (3.10, x64)",completed,cancelled,2026-06-23T15:36:04Z,2026-06-23T15:40:31Z,267,c537d35d22835c7732e205ba4efb977465e77abe
82994233220,28037374096,Windows_No_Exception_CI,"build (3.10, x64)",completed,success,2026-06-23T15:33:56Z,2026-06-23T15:47:39Z,823,97b3c37ff287ef1f268c5a7e6c3cc7c81cb17ef6
82992383852,28036845146,Windows_No_Exception_CI,"build (3.10, x64)",completed,success,2026-06-23T15:25:36Z,2026-06-23T15:42:58Z,1042,e7fe94df3264a0485b006169357a50ad82922ce5
82991780571,28036670874,Windows_No_Exception_CI,"build (3.10, x64)",completed,cancelled,2026-06-23T15:22:47Z,2026-06-23T15:36:01Z,794,c0160a3fd20c0c46ffc27e2b4f373a456d06b377
82931391615,28019323207,Windows_No_Exception_CI,"build (3.10, x64)",completed,success,2026-06-23T10:21:29Z,2026-06-23T10:39:40Z,1091,14d431d039dbe1dcc3c7bf968a8c26258756c5f1
82926194904,28017743962,Windows_No_Exception_CI,"build (3.10, x64)",completed,success,2026-06-23T09:52:55Z,2026-06-23T10:08:06Z,911,51ed7802f040788840bce3f682cee4e0a5bfc685
82925676314,28017590556,Windows_No_Exception_CI,"build (3.10, x64)",completed,cancelled,2026-06-23T09:50:06Z,2026-06-23T09:52:52Z,166,f6501bb34b5693e706a462f14d0e582994dcd454
83026200386,28010147759,Windows_No_Exception_CI,"build (3.10, x64)",completed,success,2026-06-23T18:05:32Z,2026-06-23T18:23:25Z,1073,57ef7014c4b0f8f6d4cdfef5934f62a3e68df598
82860938951,27996915203,Windows_No_Exception_CI,"build (3.10, x64)",completed,success,2026-06-23T01:58:35Z,2026-06-23T02:16:19Z,1064,9095e2b50d0dcd58bfd0eff80902a5756c34f9db
82855722935,27995154415,Windows_No_Exception_CI,"build (3.10, x64)",completed,success,2026-06-23T01:10:36Z,2026-06-23T01:24:03Z,807,9ff60df5153c7e04da2b047b1f81450ff7edaeeb
82853741420,27994497924,Windows_No_Exception_CI,"build (3.10, x64)",completed,cancelled,2026-06-23T00:53:28Z,2026-06-23T01:10:32Z,1024,9b109fef40c0cb7cb039889f550deb608f37d0e8
82853670697,27994476668,Windows_No_Exception_CI,"build (3.10, x64)",completed,cancelled,2026-06-23T00:52:50Z,2026-06-23T00:53:25Z,35,28efc7fea84c29843df2c0c985901ec840f2e55a
82852599803,27994124577,Windows_No_Exception_CI,"build (3.10, x64)",completed,success,2026-06-23T00:43:40Z,2026-06-23T01:01:21Z,1061,4e165a608aa9117ae8a57a9b559a4ff15d9a9464
82743861909,27961476973,Windows_No_Exception_CI,"build (3.10, x64)",completed,success,2026-06-22T14:48:48Z,2026-06-22T15:06:17Z,1049,1e3bcee035b40710a01c538d0ad4827a2d7382e8
82738329544,27959923872,Windows_No_Exception_CI,"build (3.10, x64)",completed,success,2026-06-22T14:25:09Z,2026-06-22T14:43:31Z,1102,5b9cdd96654c2b60b09412581848c4e0458af906
82725884847,27956412805,Windows_No_Exception_CI,"build (3.10, x64)",completed,success,2026-06-22T13:30:39Z,2026-06-22T13:48:21Z,1062,6c543b1050ead07151b24f91680544b7ddf5eb41
82720944285,27954980188,Windows_No_Exception_CI,"build (3.10, x64)",completed,success,2026-06-22T13:07:59Z,2026-06-22T13:26:19Z,1100,df80107567eec6fc06277065fa0e6cd2033cbd1d
83640914990,28232969347,Windows_No_Exception_CI,"build (3.10, x64)",completed,success,2026-06-26T10:40:53Z,2026-06-26T10:59:12Z,1099,ba814eac1017d214fd75a82b7e161edd22543c30
83613645368,28224134395,Windows_No_Exception_CI,"build (3.10, x64)",completed,success,2026-06-26T07:46:31Z,2026-06-26T08:05:06Z,1115,f275585947873227d98c4d22c89ba89f3d4ecc48
83378817340,28154231983,Windows_No_Exception_CI,"build (3.10, x64)",completed,success,2026-06-25T07:30:22Z,2026-06-25T07:47:10Z,1008,bc2b4776c277813944a22b1c67eb7955914c3dc5
83363888548,28149546639,Windows_No_Exception_CI,"build (3.10, x64)",completed,success,2026-06-25T05:43:16Z,2026-06-25T06:00:52Z,1056,0f523711b2aeae71cccf6edbf1747d87344b9415
83361161553,28148656416,Windows_No_Exception_CI,"build (3.10, x64)",completed,success,2026-06-25T05:19:16Z,2026-06-25T05:35:14Z,958,0a6529219e6836e942ccd19b043e7dbfcda1962e
83380962308,28143269742,Windows_No_Exception_CI,"build (3.10, x64)",completed,success,2026-06-25T07:43:54Z,2026-06-25T08:01:42Z,1068,4662efa4d865b425767c85e7b4b5e227e6011116
83305747381,28130659938,Windows_No_Exception_CI,"build (3.10, x64)",completed,success,2026-06-24T21:26:12Z,2026-06-24T21:44:09Z,1077,a2d4014f4859b6b3bb65c63f45914956d254b243
83997759590,28355609806,Windows_No_Exception_CI,"build (3.10, x64)",completed,success,2026-06-29T07:24:48Z,2026-06-29T07:42:03Z,1035,c34c01c8ffc89b51d7157b92a8684aa697affcfb
83997382923,28355489307,Windows_No_Exception_CI,"build (3.10, x64)",completed,success,2026-06-29T07:22:19Z,2026-06-29T07:40:00Z,1061,28a4a18d8df3780c2209f3120413bcb94b576713
83988530032,28352662545,Windows_No_Exception_CI,"build (3.10, x64)",completed,success,2026-06-29T06:19:25Z,2026-06-29T06:37:37Z,1092,040b090157aad175e95763dca163e95e41b18639
83984754219,28351364903,Windows_No_Exception_CI,"build (3.10, x64)",completed,success,2026-06-29T05:47:06Z,2026-06-29T06:04:59Z,1073,ec08ce9f38cfc02588e25ec52a5399bebc92e2e7
83980641208,28349937304,Windows_No_Exception_CI,"build (3.10, x64)",completed,success,2026-06-29T05:07:29Z,2026-06-29T05:25:19Z,1070,243358534fd4199119beec1dade295aab1bf8494
83980394043,28349852894,Windows_No_Exception_CI,"build (3.10, x64)",completed,cancelled,2026-06-29T05:05:00Z,2026-06-29T05:07:26Z,146,98f22a0a90ed7d2fcd7005df2f0bee4d8d708596
83972286090,28346998111,Windows_No_Exception_CI,"build (3.10, x64)",completed,success,2026-06-29T03:37:43Z,2026-06-29T03:55:13Z,1050,0069a9bbdb41527a287b64bcae7325ea0e7b3518
83967680491,28345422775,Windows_No_Exception_CI,"build (3.10, x64)",completed,success,2026-06-29T02:47:34Z,2026-06-29T03:04:15Z,1001,66c357e7ebcfef1c241a7eec1fc5ed8c222ede42
83961993713,28343373160,Windows_No_Exception_CI,"build (3.10, x64)",completed,success,2026-06-29T01:40:54Z,2026-06-29T01:53:52Z,778,410fba836e678f70734b7a98384e9f2ee7ec3d00
83960524992,28342853671,Windows_No_Exception_CI,"build (3.10, x64)",completed,success,2026-06-29T01:23:29Z,2026-06-29T01:35:38Z,729,e5a394a38215e738749aafa696bb175eafb87bbb
83928552716,28330819392,Windows_No_Exception_CI,"build (3.10, x64)",completed,success,2026-06-28T17:50:23Z,2026-06-28T18:08:05Z,1062,c039ef6d092e4eb45539687d09120e6d9734962f
83927591982,28330447026,Windows_No_Exception_CI,"build (3.10, x64)",completed,success,2026-06-28T17:36:15Z,2026-06-28T17:54:04Z,1069,d35541a0f57626347ddf619f805de4caca974e1c
83920553606,28327744485,Windows_No_Exception_CI,"build (3.10, x64)",completed,success,2026-06-28T15:55:36Z,2026-06-28T16:12:58Z,1042,8c4af95b5c42830f8c5555c4c89f721a7de7067c
83917952670,28326752918,Windows_No_Exception_CI,"build (3.10, x64)",completed,success,2026-06-28T15:18:51Z,2026-06-28T15:36:34Z,1063,cc39e201d445b2ca26ff12c27b7fa5a1fbb7af18
83917557343,28326599080,Windows_No_Exception_CI,"build (3.10, x64)",completed,success,2026-06-28T15:13:10Z,2026-06-28T15:30:28Z,1038,95555add73886f4d6997044eebfdaf8d8d2053da
83916847553,28326326180,Windows_No_Exception_CI,"build (3.10, x64)",completed,success,2026-06-28T15:03:11Z,2026-06-28T15:19:22Z,971,715eca00e3ce2170f3f0e8ae268be9a0ab7e5143
83916089995,28326030480,Windows_No_Exception_CI,"build (3.10, x64)",completed,success,2026-06-28T14:52:36Z,2026-06-28T15:10:15Z,1059,7251b47c83ae06ef19a098b0ee090dfb4292ca6c
83903791784,28321372819,Windows_No_Exception_CI,"build (3.10, x64)",completed,success,2026-06-28T11:54:16Z,2026-06-28T12:12:06Z,1070,1cc5e05db6e7b0807dc5e68e3bf97318932bd958
83900325682,28320057023,Windows_No_Exception_CI,"build (3.10, x64)",completed,success,2026-06-28T11:01:10Z,2026-06-28T11:19:06Z,1076,9467e7526c0a973bdd4061b54f143753624da1e1
83892916522,28317324147,Windows_No_Exception_CI,"build (3.10, x64)",completed,success,2026-06-28T09:04:02Z,2026-06-28T09:21:54Z,1072,771762a1afd487a73476dec43160451b20af47c6
83892435771,28317151246,Windows_No_Exception_CI,"build (3.10, x64)",completed,success,2026-06-28T08:56:44Z,2026-06-28T09:14:42Z,1078,77aff1c4fa117e966caa405bd114c0f5aca4e18a
83891171070,28316672620,Windows_No_Exception_CI,"build (3.10, x64)",completed,success,2026-06-28T08:36:10Z,2026-06-28T08:53:53Z,1063,6a9e1b0f5657fd42e333111488f156995bc84c06
83890781929,28316540891,Windows_No_Exception_CI,"build (3.10, x64)",completed,cancelled,2026-06-28T08:30:02Z,2026-06-28T08:36:07Z,365,c163a6cf44b6a1f4fc2162ee4c1596652efe3986
83887735553,28315453398,Windows_No_Exception_CI,"build (3.10, x64)",completed,success,2026-06-28T07:42:23Z,2026-06-28T08:00:26Z,1083,a143b11a05f6928df9fdb9af10d59108d2e11f07
83874179843,28310405528,Windows_No_Exception_CI,"build (3.10, x64)",completed,success,2026-06-28T03:45:02Z,2026-06-28T04:01:23Z,981,447ed3c924da7cc7f2d1dc06765a46109dfbe63b
83873180356,28310044359,Windows_No_Exception_CI,"build (3.10, x64)",completed,success,2026-06-28T03:27:12Z,2026-06-28T03:44:47Z,1055,c0f09acd513d6c6c31af0d3564e99c4fcecec2de
83871210462,28309368072,Windows_No_Exception_CI,"build (3.10, x64)",completed,success,2026-06-28T02:54:46Z,2026-06-28T03:08:23Z,817,7870f22ca176fd4516be468b0885c2dbcbb85701
83871208438,28309366845,Windows_No_Exception_CI,"build (3.10, x64)",completed,cancelled,2026-06-28T02:54:41Z,2026-06-28T02:54:43Z,2,1c841aff980852d015159010e2996d6446c13e76
83870343632,28309038426,Windows_No_Exception_CI,"build (3.10, x64)",completed,cancelled,2026-06-28T02:38:13Z,2026-06-28T02:54:40Z,987,ba79c8c830ce65bdd3895db4ae0365bdd2e9b56f
83870088393,28308941113,Windows_No_Exception_CI,"build (3.10, x64)",completed,cancelled,2026-06-28T02:33:24Z,2026-06-28T02:38:10Z,286,c02c6ad92c2505b09e3eaaabddadbdc53658f0ea
83869988205,28308905764,Windows_No_Exception_CI,"build (3.10, x64)",completed,cancelled,2026-06-28T02:31:37Z,2026-06-28T02:33:22Z,105,f10a16b99828c9ecaf3631d156ba67402197e955
83869539722,28308734439,Windows_No_Exception_CI,"build (3.10, x64)",completed,cancelled,2026-06-28T02:23:08Z,2026-06-28T02:31:34Z,506,fa36ba141c9f41667e19a0817c3bcaaef8559a70
83868881210,28308486203,Windows_No_Exception_CI,"build (3.10, x64)",completed,success,2026-06-28T02:10:22Z,2026-06-28T02:28:32Z,1090,19a4e032739ba58204a1ec0183e4395e5a6cd056
83868697644,28308417154,Windows_No_Exception_CI,"build (3.10, x64)",completed,cancelled,2026-06-28T02:07:13Z,2026-06-28T02:23:06Z,953,bcdd1f65bee84e5a39ec95cf5fca91c6388eef2c
83866819408,28307710038,Windows_No_Exception_CI,"build (3.10, x64)",completed,success,2026-06-28T01:33:26Z,2026-06-28T01:52:02Z,1116,d31141e6e0e32080a4859e802de5c92355a71ede
83855608429,28303456977,Windows_No_Exception_CI,"build (3.10, x64)",completed,success,2026-06-27T22:16:31Z,2026-06-27T22:34:05Z,1054,f523958e6a0b80d147456bdb65bbfd50f37147c9
83854562723,28303049495,Windows_No_Exception_CI,"build (3.10, x64)",completed,success,2026-06-27T21:59:19Z,2026-06-27T22:15:34Z,975,26d62db94047005e5797d4c914dfe95821a56a28
83836763166,28296323274,Windows_No_Exception_CI,"build (3.10, x64)",completed,success,2026-06-27T17:21:02Z,2026-06-27T17:38:34Z,1052,f6b447ce4a39da500f6d287c7cc10056db3811f7
83836433685,28296198063,Windows_No_Exception_CI,"build (3.10, x64)",completed,success,2026-06-27T17:15:52Z,2026-06-27T17:31:53Z,961,30acf32d8d953813136f3f03c78c8eb14368a0df
83835987419,28296029710,Windows_No_Exception_CI,"build (3.10, x64)",completed,success,2026-06-27T17:09:06Z,2026-06-27T17:25:00Z,954,3967e73ca76c110378912103e3f26ddc1a49dfb6
83835537664,28295861808,Windows_No_Exception_CI,"build (3.10, x64)",completed,success,2026-06-27T17:02:05Z,2026-06-27T17:20:25Z,1100,54ddd3b0c147c136a57c08bf52c37cf8d90d357d
83915245253,28295662706,Windows_No_Exception_CI,"build (3.10, x64)",completed,success,2026-06-28T14:40:38Z,2026-06-28T14:57:31Z,1013,915a8b0efa41aa794232c67d07955e766883a2f2
83834585646,28295499016,Windows_No_Exception_CI,"build (3.10, x64)",completed,success,2026-06-27T16:47:30Z,2026-06-27T17:05:25Z,1075,ff8d2d677aa6e0efdab777072e2659ec03a7c741
83834569867,28295492588,Windows_No_Exception_CI,"build (3.10, x64)",completed,success,2026-06-27T16:47:15Z,2026-06-27T17:05:20Z,1085,1523de3915603a41224a75f590bdb2eb06df3968
83833756260,28295178110,Windows_No_Exception_CI,"build (3.10, x64)",completed,success,2026-06-27T16:34:51Z,2026-06-27T16:52:01Z,1030,f79b3d1edbb55df3caa8ad2856d3547e72b787fe
83831883128,28294460115,Windows_No_Exception_CI,"build (3.10, x64)",completed,success,2026-06-27T16:06:18Z,2026-06-27T16:23:30Z,1032,8a2f250ad8e33fc7aa1fdc6a2b05fba56b0f7d0e
83830398927,28293888531,Windows_No_Exception_CI,"build (3.10, x64)",completed,success,2026-06-27T15:43:52Z,2026-06-27T16:01:23Z,1051,87ee399f6f236c048f69e2c0dd3d04d1b4c37327
83826952507,28292563896,Windows_No_Exception_CI,"build (3.10, x64)",completed,success,2026-06-27T14:50:45Z,2026-06-27T15:08:30Z,1065,91e36715e20173414ad43ee045f733d0fbcbc80a
83728527358,28258768464,Windows_No_Exception_CI,"build (3.10, x64)",completed,success,2026-06-26T18:53:10Z,2026-06-26T19:10:14Z,1024,1491d696516ef032ba69d69d797a13f38affacbd
83833648816,28257721377,Windows_No_Exception_CI,"build (3.10, x64)",completed,success,2026-06-27T16:33:13Z,2026-06-27T16:50:59Z,1066,6ad12052284ee4ed8819aae0086ba330d743d367
83663913351,28239913722,Windows_No_Exception_CI,"build (3.10, x64)",completed,success,2026-06-26T13:05:24Z,2026-06-26T13:23:06Z,1062,6108817474f7c61cac2360a1b0223f6286c12934
83662460924,28239483509,Windows_No_Exception_CI,"build (3.10, x64)",completed,success,2026-06-26T12:57:23Z,2026-06-26T13:15:26Z,1083,f92a771a2ff1b1f8608596fb3aa796768e6f0742
84771066154,28590007889,Windows_No_Exception_CI,"build (3.10, x64)",completed,success,2026-07-02T12:29:39Z,2026-07-02T12:46:17Z,998,d2587ec8022becbe9495aff29cd5fe0542bbebcd
84769879669,28589698528,Windows_No_Exception_CI,"build (3.10, x64)",completed,cancelled,2026-07-02T12:23:36Z,2026-07-02T12:29:36Z,360,773395052b381d5b30a3646cffacf09d46b91ac9
84762836961,28587438449,Windows_No_Exception_CI,"build (3.10, x64)",completed,success,2026-07-02T11:46:58Z,2026-07-02T12:04:43Z,1065,be424cca4ee91efd522675de79eab58ff5212efa
84753511630,28584774256,Windows_No_Exception_CI,"build (3.10, x64)",completed,failure,2026-07-02T10:56:24Z,2026-07-02T11:09:24Z,780,6317e22f7af1ae4df2e0bfba59465d1ebc24f1ea
84751056935,28584042399,Windows_No_Exception_CI,"build (3.10, x64)",completed,success,2026-07-02T10:43:04Z,2026-07-02T11:01:36Z,1112,9bd020392741f978853a8df23f67142f11dadff8
84750102134,28583756654,Windows_No_Exception_CI,"build (3.10, x64)",completed,success,2026-07-02T10:37:42Z,2026-07-02T10:55:16Z,1054,b2e2ba260d6e84b58459d69419a8088a43d310e6
84749515918,28583579698,Windows_No_Exception_CI,"build (3.10, x64)",completed,success,2026-07-02T10:34:27Z,2026-07-02T10:51:55Z,1048,1a4ee39c863557aa5a8cfb0dd4027fb97939d6bb
84711253247,28571867876,Windows_No_Exception_CI,"build (3.10, x64)",completed,success,2026-07-02T07:04:06Z,2026-07-02T07:18:28Z,862,a5934724a474d61f09bdc012bbd32d0520f1d667
84696790064,28567191300,Windows_No_Exception_CI,"build (3.10, x64)",completed,success,2026-07-02T05:15:51Z,2026-07-02T05:33:41Z,1070,6722590f25abaa0273fe86cce0b87ac4e0b960ca
84691619066,28565427623,Windows_No_Exception_CI,"build (3.10, x64)",completed,success,2026-07-02T04:28:30Z,2026-07-02T04:39:28Z,658,d4cdb90d434365448cd1d5a00fcd673fbc431881
84690061982,28564905039,Windows_No_Exception_CI,"build (3.10, x64)",completed,success,2026-07-02T04:14:09Z,2026-07-02T04:31:52Z,1063,29f3349de8f0911f294f57db15ed3aec270949f4
84689290307,28564633760,Windows_No_Exception_CI,"build (3.10, x64)",completed,success,2026-07-02T04:07:20Z,2026-07-02T04:24:49Z,1049,26fbb514cd2f4919e01cc40a1f1abdeffca2652c
84682876861,28562505698,Windows_No_Exception_CI,"build (3.10, x64)",completed,success,2026-07-02T03:07:38Z,2026-07-02T03:23:43Z,965,4148c0555b8b561cd9973772d9a2c6ad8451998f
84682476879,28562373410,Windows_No_Exception_CI,"build (3.10, x64)",completed,success,2026-07-02T03:04:06Z,2026-07-02T03:22:11Z,1085,7dec54b9e401fd0fef4332525e5a5b5f2b86c77b
84679817338,28561461446,Windows_No_Exception_CI,"build (3.10, x64)",completed,success,2026-07-02T02:38:29Z,2026-07-02T02:56:16Z,1067,7960ae104662e19e2e94bfcb5354c325861b0618
84678362883,28560965942,Windows_No_Exception_CI,"build (3.10, x64)",completed,success,2026-07-02T02:24:26Z,2026-07-02T02:40:44Z,978,5ef0911e82f3925cd85ee23406820eecc607e957
84678286461,28560940122,Windows_No_Exception_CI,"build (3.10, x64)",completed,cancelled,2026-07-02T02:23:31Z,2026-07-02T02:38:27Z,896,17b4da7e378241844637bb821435e34c885fde52
84671597758,28558673849,Windows_No_Exception_CI,"build (3.10, x64)",completed,success,2026-07-02T01:18:59Z,2026-07-02T01:36:44Z,1065,ddf08c8e093707dee888e2da3dbf4e50a35cb560
84645775148,28550334791,Windows_No_Exception_CI,"build (3.10, x64)",completed,success,2026-07-01T21:56:02Z,2026-07-01T22:13:57Z,1075,46bc6fb9904b58cffbedcb7a58182dbb28cc4c35
84605037081,28538239641,Windows_No_Exception_CI,"build (3.10, x64)",completed,success,2026-07-01T18:13:03Z,2026-07-01T18:31:26Z,1103,aad79a99f5d0937b4f0ea7dd68073583e83159e7
84595205625,28535355064,Windows_No_Exception_CI,"build (3.10, x64)",completed,success,2026-07-01T17:21:08Z,2026-07-01T17:38:44Z,1056,9ecfe9cc345a320ccd94551eef07f61cafdb1b30
84595072982,28535312036,Windows_No_Exception_CI,"build (3.10, x64)",completed,success,2026-07-01T17:20:26Z,2026-07-01T17:38:00Z,1054,66ff9b1a8e10bb9ade885c2231693945995b9106
84594923212,28535272547,Windows_No_Exception_CI,"build (3.10, x64)",completed,cancelled,2026-07-01T17:19:40Z,2026-07-01T17:20:23Z,43,592bad248c1d78851395db47b87f5d551f8ca83a
84594374577,28535103479,Windows_No_Exception_CI,"build (3.10, x64)",completed,success,2026-07-01T17:16:47Z,2026-07-01T17:33:46Z,1019,e2492a4baf621f7a73b9cde3bd4716de35d034bc
84594127572,28535038697,Windows_No_Exception_CI,"build (3.10, x64)",completed,cancelled,2026-07-01T17:15:30Z,2026-07-01T17:16:44Z,74,0b8b0e707722dd28303e93282e37348a8fbf4f9c
84591296959,28534218092,Windows_No_Exception_CI,"build (3.10, x64)",completed,success,2026-07-01T17:00:46Z,2026-07-01T17:18:37Z,1071,3495af744400d9e620ce57e61bad4a0d6f3648bc
84589612812,28533728070,Windows_No_Exception_CI,"build (3.10, x64)",completed,success,2026-07-01T16:52:08Z,2026-07-01T17:09:59Z,1071,3442c1ef61d229f4b02b5920356c791386e56f77
84583764002,28532028313,Windows_No_Exception_CI,"build (3.10, x64)",completed,success,2026-07-01T16:22:11Z,2026-07-01T16:40:46Z,1115,28e07546eaf45851757ed653786f4714c5ec62c8
84583704059,28532015544,Windows_No_Exception_CI,"build (3.10, x64)",completed,cancelled,2026-07-01T16:21:52Z,2026-07-01T16:22:08Z,16,33a8a43f726ce11e3cc575d1f3b4b728514997b7
84578936931,28530643054,Windows_No_Exception_CI,"build (3.10, x64)",completed,success,2026-07-01T15:58:32Z,2026-07-01T16:16:20Z,1068,6be661881ee9fb6ebc1a7ab088dea786a3a8b77a
84578448770,28530510010,Windows_No_Exception_CI,"build (3.10, x64)",completed,success,2026-07-01T15:56:15Z,2026-07-01T16:12:23Z,968,6ce73bc6c837947043eb7f2812ee403159d6c6cf
84575382894,28529624677,Windows_No_Exception_CI,"build (3.10, x64)",completed,cancelled,2026-07-01T15:41:52Z,2026-07-01T15:58:29Z,997,5bf1394157a5a937ebb692f950463bb4a86140a7
84572922345,28528917908,Windows_No_Exception_CI,"build (3.10, x64)",completed,cancelled,2026-07-01T15:30:33Z,2026-07-01T15:41:49Z,676,3f416b4a72562aea4dd15f1e37eba8d53d7c9e47
84570690818,28528298490,Windows_No_Exception_CI,"build (3.10, x64)",completed,success,2026-07-01T15:20:44Z,2026-07-01T15:39:08Z,1104,37b1aca7ae8dbc0458beafce31e4825af632944a
84570536262,28528254780,Windows_No_Exception_CI,"build (3.10, x64)",completed,cancelled,2026-07-01T15:20:19Z,2026-07-01T15:30:31Z,612,c084a89705edc1cc44832625b6c35345a3db3493
84570426586,28528223134,Windows_No_Exception_CI,"build (3.10, x64)",completed,success,2026-07-01T15:19:33Z,2026-07-01T15:36:39Z,1026,d76478e89a620211408497f4b4eeef705bcbab4b
84570311483,28528196272,Windows_No_Exception_CI,"build (3.10, x64)",completed,cancelled,2026-07-01T15:19:02Z,2026-07-01T15:20:00Z,58,1f4ced472a48c1da0ebb343860037d8ae81fca8b
84567178366,28527319427,Windows_No_Exception_CI,"build (3.10, x64)",completed,success,2026-07-01T15:05:12Z,2026-07-01T15:22:52Z,1060,703f3fa981c4ec3bf96526a4965a58f0705d9d1f
84567105434,28527299148,Windows_No_Exception_CI,"build (3.10, x64)",completed,cancelled,2026-07-01T15:04:53Z,2026-07-01T15:19:30Z,877,b9f6fa6b263d714255d1512926c5262757c4b86d
84567048370,28527283046,Windows_No_Exception_CI,"build (3.10, x64)",completed,success,2026-07-01T15:04:38Z,2026-07-01T15:22:28Z,1070,e43d3a4375a6b804b250d6961bb802c0a66270a6
84566998235,28527269213,Windows_No_Exception_CI,"build (3.10, x64)",completed,success,2026-07-01T15:04:24Z,2026-07-01T15:21:31Z,1027,93b68acd9669c7d5240fe282ce03bc606b656612
84566713104,28527192024,Windows_No_Exception_CI,"build (3.10, x64)",completed,cancelled,2026-07-01T15:03:12Z,2026-07-01T15:20:41Z,1049,093c75ed1836d770072c2f5517fd6d04bf611d17
84532605928,28517440241,Windows_No_Exception_CI,"build (3.10, x64)",completed,success,2026-07-01T12:27:20Z,2026-07-01T12:45:35Z,1095,cd80ab7fc06ac0cbc4bb3f1462a0d4febf46ec2b
84527945336,28516048081,Windows_No_Exception_CI,"build (3.10, x64)",completed,success,2026-07-01T12:02:35Z,2026-07-01T12:20:38Z,1083,185384792e498ccbadc4e145cc9432ce235b371a
84505406630,28509297842,Windows_No_Exception_CI,"build (3.10, x64)",completed,success,2026-07-01T09:58:00Z,2026-07-01T10:15:44Z,1064,aeb6c9654410de36a311a49324bf3df8d75dc054
84505138929,28509223692,Windows_No_Exception_CI,"build (3.10, x64)",completed,cancelled,2026-07-01T09:56:35Z,2026-07-01T09:57:57Z,82,a10b3621d3d4827ffce9a2be22279211bb09aee5
84427559035,28484388141,Windows_No_Exception_CI,"build (3.10, x64)",completed,success,2026-07-01T00:14:21Z,2026-07-01T00:31:51Z,1050,72d86b658ab3b4b9e0bc748d3efa019dc0f8541f
84427074517,28484214859,Windows_No_Exception_CI,"build (3.10, x64)",completed,success,2026-07-01T00:10:19Z,2026-07-01T00:27:52Z,1053,5e059dbeff839bf4e1a4234e7c9cfc2d98b862b7
84426799858,28484131066,Windows_No_Exception_CI,"build (3.10, x64)",completed,cancelled,2026-07-01T00:08:09Z,2026-07-01T00:10:17Z,128,5bb9e164b0f87384772e3e2f2ca7e76ec6467245
84340668430,28458776446,Windows_No_Exception_CI,"build (3.10, x64)",completed,success,2026-06-30T16:10:33Z,2026-06-30T16:27:52Z,1039,35796405895a513b795719b2978540b034cd72f1
84334736447,28457091889,Windows_No_Exception_CI,"build (3.10, x64)",completed,success,2026-06-30T15:44:53Z,2026-06-30T16:02:38Z,1065,3ae8d251eab0812203001ca285e25efbfc2b3ea8
84334122808,28456918225,Windows_No_Exception_CI,"build (3.10, x64)",completed,success,2026-06-30T15:42:12Z,2026-06-30T15:59:36Z,1044,8fba37cf78f95bc759a2ba978be5a5b9007f0af5
84326996899,28454922155,Windows_No_Exception_CI,"build (3.10, x64)",completed,success,2026-06-30T15:12:05Z,2026-06-30T15:28:22Z,977,cd544b1c2492c466d574e1a18671495a0bd4723f
84323848928,28454056700,Windows_No_Exception_CI,"build (3.10, x64)",completed,success,2026-06-30T14:59:09Z,2026-06-30T15:15:28Z,979,6c30e3c38679978fc74d470c90c1c198c7135271
84322555399,28453698629,Windows_No_Exception_CI,"build (3.10, x64)",completed,cancelled,2026-06-30T14:53:54Z,2026-06-30T15:12:02Z,1088,ca4f618aa3d7c36e4ba9454cb184816d0b5c2f16
84287260932,28435065222,Windows_No_Exception_CI,"build (3.10, x64)",completed,success,2026-06-30T12:16:53Z,2026-06-30T12:31:25Z,872,3fe5eafe200e59ea001826c9c24ab274393b3733
84206549428,28418507890,Windows_No_Exception_CI,"build (3.10, x64)",completed,success,2026-06-30T03:36:41Z,2026-06-30T03:54:20Z,1059,b1dc78899aa37957c3d4e0bd85eedb95579e7de3
84200225517,28416433863,Windows_No_Exception_CI,"build (3.10, x64)",completed,success,2026-06-30T02:36:18Z,2026-06-30T02:52:50Z,992,62dfd84868630c7aa4a140cf5f3a22fd15d7a563
84178270207,28409170561,Windows_No_Exception_CI,"build (3.10, x64)",completed,success,2026-06-29T23:21:01Z,2026-06-29T23:38:16Z,1035,f320feb96b88ad895541b7caaa63ea1c8000423e
84160544115,28403538046,Windows_No_Exception_CI,"build (3.10, x64)",completed,success,2026-06-29T21:22:21Z,2026-06-29T21:38:58Z,997,6fae565bce50feb056a10767cd7492d73186a4a2
84134150356,28395815047,Windows_No_Exception_CI,"build (3.10, x64)",completed,success,2026-06-29T19:02:00Z,2026-06-29T19:19:57Z,1077,b66e81fcee5ca2bd3b9fd4ec0836afb6c5987219
84097852416,28385178358,Windows_No_Exception_CI,"build (3.10, x64)",completed,success,2026-06-29T15:56:21Z,2026-06-29T16:14:08Z,1067,4c192454f87bd1a5e1e4209323dc2f1622b512e5
85272673349,28756592527,Windows_No_Exception_CI,"build (3.10, x64)",completed,success,2026-07-06T00:08:39Z,2026-07-06T00:26:53Z,1094,c310d5e93cdf7ad3f4bf5eeec5055f730666334b
85243286704,28748444703,Windows_No_Exception_CI,"build (3.10, x64)",completed,success,2026-07-05T17:08:55Z,2026-07-05T17:26:55Z,1080,c11e177f7752d62b09daf5a10465f7a9d43d1d8e
85241728085,28747850201,Windows_No_Exception_CI,"build (3.10, x64)",completed,success,2026-07-05T16:46:53Z,2026-07-05T17:04:02Z,1029,262d2cf700155adbe3a431f8ae1367bae8d7549d
85214881161,28737749048,Windows_No_Exception_CI,"build (3.10, x64)",completed,success,2026-07-05T10:29:27Z,2026-07-05T10:46:57Z,1050,279ade3a9458d9ad7a472ffd2a005ec00c7ae25e
85213859756,28737362306,Windows_No_Exception_CI,"build (3.10, x64)",completed,cancelled,2026-07-05T10:14:09Z,2026-07-05T10:29:24Z,915,cb9546ac7402aefc21f544f40e654579d04ca89e
85213404363,28737192785,Windows_No_Exception_CI,"build (3.10, x64)",completed,cancelled,2026-07-05T10:07:15Z,2026-07-05T10:14:06Z,411,aaf9493472f433f7459e03c6a519d88ac9347584
85212578508,28736889317,Windows_No_Exception_CI,"build (3.10, x64)",completed,cancelled,2026-07-05T09:54:49Z,2026-07-05T10:07:12Z,743,4b0494fc79a9291cfaa84d50187d67293fecfd13
85211577562,28736519183,Windows_No_Exception_CI,"build (3.10, x64)",completed,cancelled,2026-07-05T09:39:35Z,2026-07-05T09:54:47Z,912,56c3ef8dac5bf00d0f5b647bff08a89c5d04f22a
85198693346,28731784135,Windows_No_Exception_CI,"build (3.10, x64)",completed,success,2026-07-05T06:18:45Z,2026-07-05T06:36:38Z,1073,28487453e76391124ac224df4a3ee3a237c6a25c
85198069781,28731575202,Windows_No_Exception_CI,"build (3.10, x64)",completed,success,2026-07-05T06:09:24Z,2026-07-05T06:27:04Z,1060,17bf363469e8a5e8760deb16f500312bba509bbc
85184467176,28726401472,Windows_No_Exception_CI,"build (3.10, x64)",completed,success,2026-07-05T02:02:35Z,2026-07-05T02:20:25Z,1070,dc086706ce06815b60e29a63a0fcf6253c8e9963
85183540513,28726047757,Windows_No_Exception_CI,"build (3.10, x64)",completed,failure,2026-07-05T01:45:57Z,2026-07-05T01:56:53Z,656,6de019ab84fd535d458017f44bf0587c0583471b
85151384797,28713717051,Windows_No_Exception_CI,"build (3.10, x64)",completed,success,2026-07-04T17:15:43Z,2026-07-04T17:33:43Z,1080,bcfa5149795bacad2b0cfeabce3a4ef693726132
85241648557,28711721790,Windows_No_Exception_CI,"build (3.10, x64)",completed,success,2026-07-05T16:45:44Z,2026-07-05T17:03:22Z,1058,cf5670546fb9929de8c7100cc6d64883fcd7d7d1
85110278061,28697743123,Windows_No_Exception_CI,"build (3.10, x64)",completed,success,2026-07-04T06:29:28Z,2026-07-04T06:47:00Z,1052,a1125b48ad0c9a83e670cf1e69d70a8fc8beb3be
84984333546,28655413122,Windows_No_Exception_CI,"build (3.10, x64)",completed,success,2026-07-03T10:51:07Z,2026-07-03T11:09:22Z,1095,6b92446a000721418a74f9bf581c8a1a1da195b7
84971091165,28651716104,Windows_No_Exception_CI,"build (3.10, x64)",completed,success,2026-07-03T09:31:12Z,2026-07-03T09:48:33Z,1041,8c7034884b6beeaa95fb68044f89023d02cd2f0f
84969559001,28651246599,Windows_No_Exception_CI,"build (3.10, x64)",completed,success,2026-07-03T09:22:27Z,2026-07-03T09:34:50Z,743,b2e18a5fa43c9644636c4e4fbf908629d2e28d09
84968542183,28650939774,Windows_No_Exception_CI,"build (3.10, x64)",completed,cancelled,2026-07-03T09:16:38Z,2026-07-03T09:22:24Z,346,5c1a4f1c774e2813a718516a75a85cccba2151cb
84966964114,28650457016,Windows_No_Exception_CI,"build (3.10, x64)",completed,cancelled,2026-07-03T09:07:39Z,2026-07-03T09:16:36Z,537,874d9483aab9abbd51dec62f273a0fc190c47303
84961868085,28648877118,Windows_No_Exception_CI,"build (3.10, x64)",completed,success,2026-07-03T08:37:24Z,2026-07-03T08:55:14Z,1070,9f1b9d24f4102cc25b86c86ae4ef0f5d50d2b5d6
84961425457,28648742899,Windows_No_Exception_CI,"build (3.10, x64)",completed,cancelled,2026-07-03T08:34:39Z,2026-07-03T08:37:21Z,162,c9cbb8b201194b90fb078637694ffa3186fa166f
84958117646,28647692180,Windows_No_Exception_CI,"build (3.10, x64)",completed,success,2026-07-03T08:13:46Z,2026-07-03T08:31:25Z,1059,463d0000d37a4828e3cf1037615206b039832d53
84958083985,28647684901,Windows_No_Exception_CI,"build (3.10, x64)",completed,cancelled,2026-07-03T08:13:34Z,2026-07-03T08:13:44Z,10,984610051fc300af180dbabafef2eb5d26f6c92e
84939872994,28641930288,Windows_No_Exception_CI,"build (3.10, x64)",completed,success,2026-07-03T06:06:23Z,2026-07-03T06:24:17Z,1074,bc5c92ee361af19be78079a07e26764aacde36b7
84934631965,28640222580,Windows_No_Exception_CI,"build (3.10, x64)",completed,success,2026-07-03T05:20:42Z,2026-07-03T05:37:20Z,998,3ed93c060f55c9da68dd3224dad01cc7ffcf91fc
84930350239,28638724608,Windows_No_Exception_CI,"build (3.10, x64)",completed,success,2026-07-03T04:37:05Z,2026-07-03T04:54:44Z,1059,a3a55e2e45470f78ce7ebf6a1d4afc02a1c7f95a
84930302002,28638709803,Windows_No_Exception_CI,"build (3.10, x64)",completed,cancelled,2026-07-03T04:36:34Z,2026-07-03T04:37:03Z,29,3dfa37f577acec8fd3e2d0e01403e34b23c8b707
84930286375,28638706233,Windows_No_Exception_CI,"build (3.10, x64)",completed,cancelled,2026-07-03T04:36:24Z,2026-07-03T04:36:32Z,8,93d9002262cc040a4f89269d87aeb149b97e3558
84929985514,28638600331,Windows_No_Exception_CI,"build (3.10, x64)",completed,success,2026-07-03T04:33:12Z,2026-07-03T04:50:47Z,1055,ad9b4a914b8594d5f4c9faa1fa9836a50b483516
84928907388,28638234181,Windows_No_Exception_CI,"build (3.10, x64)",completed,success,2026-07-03T04:22:22Z,2026-07-03T04:40:07Z,1065,f560e4f07dd0791800cf2a2ae3fb640ed19b806b
84923745634,28636446952,Windows_No_Exception_CI,"build (3.10, x64)",completed,success,2026-07-03T03:29:02Z,2026-07-03T03:46:44Z,1062,9889d26267caf4a076b0949ab8c65bae5f3d4793
84922577106,28636065301,Windows_No_Exception_CI,"build (3.10, x64)",completed,cancelled,2026-07-03T03:17:11Z,2026-07-03T03:28:59Z,708,477f95ae042c967cf3095ee046ad5c1516e458a5
84921929113,28635856514,Windows_No_Exception_CI,"build (3.10, x64)",completed,cancelled,2026-07-03T03:10:57Z,2026-07-03T03:17:08Z,371,6670e285706b027ed28f91737862f9187e32a684
84916643171,28634027488,Windows_No_Exception_CI,"build (3.10, x64)",completed,success,2026-07-03T02:16:33Z,2026-07-03T02:34:05Z,1052,7cf1c42c84492f9307ae73a0f46e2d4db20ee14b
84916216616,28633892482,Windows_No_Exception_CI,"build (3.10, x64)",completed,cancelled,2026-07-03T02:12:13Z,2026-07-03T02:16:30Z,257,0f2907b069c7a39a553db28ab2424cd61c52fb3c
84911950416,28632447501,Windows_No_Exception_CI,"build (3.10, x64)",completed,success,2026-07-03T01:30:03Z,2026-07-03T01:47:01Z,1018,3a9f56d7691f62b562ee6a81b9c3fbacafbac8b7
84911762188,28632382382,Windows_No_Exception_CI,"build (3.10, x64)",completed,failure,2026-07-03T01:28:07Z,2026-07-03T01:28:23Z,16,eadb190fc85ad7d775fa9dff2696c433426a8db9
84907888906,28631069531,Windows_No_Exception_CI,"build (3.10, x64)",completed,success,2026-07-03T00:50:36Z,2026-07-03T01:08:26Z,1070,90b748c84c2cd2a5cbf50abfae4d93d559218ed4
84907640176,28630986246,Windows_No_Exception_CI,"build (3.10, x64)",completed,cancelled,2026-07-03T00:48:14Z,2026-07-03T00:50:33Z,139,c52eda8c7684a2d536d717d6d5efd428bd1439fb
84907391850,28630904560,Windows_No_Exception_CI,"build (3.10, x64)",completed,cancelled,2026-07-03T00:45:51Z,2026-07-03T00:48:11Z,140,5f9e057f6b5e7eaa67bac71cd037c531335d17ea
84907235732,28630855512,Windows_No_Exception_CI,"build (3.10, x64)",completed,cancelled,2026-07-03T00:44:25Z,2026-07-03T00:45:49Z,84,8944286133de20e8f2b7e867cd62787f678f00bd
85182121496,28627209485,Windows_No_Exception_CI,"build (3.10, x64)",completed,success,2026-07-05T01:20:34Z,2026-07-05T01:38:25Z,1071,d2cba6a6fa961ed6548974d31703b8968dfa8ab4
84900433783,28624570482,Windows_No_Exception_CI,"build (3.10, x64)",completed,success,2026-07-02T23:42:15Z,2026-07-03T00:00:38Z,1103,ce97689595b23d87124d4e0437c1333bf2ea0200
84886572593,28624114997,Windows_No_Exception_CI,"build (3.10, x64)",completed,success,2026-07-02T21:56:48Z,2026-07-02T22:13:21Z,993,9ba853366aed4a12502fa56bfc2cc3510119be50
84843429660,28611083802,Windows_No_Exception_CI,"build (3.10, x64)",completed,success,2026-07-02T18:00:18Z,2026-07-02T18:18:37Z,1099,b02603c0af29fd0ebc48976b8ad5633dc6f12399
84842078731,28610680945,Windows_No_Exception_CI,"build (3.10, x64)",completed,success,2026-07-02T17:53:27Z,2026-07-02T18:11:34Z,1087,058eb192a29a35b66d8ce4fd1e93ba144959a0a1
84839467151,28609906915,Windows_No_Exception_CI,"build (3.10, x64)",completed,success,2026-07-02T17:40:15Z,2026-07-02T17:59:09Z,1134,054ead89b64d0c1d0322ff3dc282f826dbb8f0a0
84829994641,28607084567,Windows_No_Exception_CI,"build (3.10, x64)",completed,success,2026-07-02T16:52:40Z,2026-07-02T17:09:36Z,1016,0482ecbb14f4ec9d2cb7f8621e03a69918bcd7da
84852627265,28607020603,Windows_No_Exception_CI,"build (3.10, x64)",completed,success,2026-07-02T18:47:05Z,2026-07-02T19:05:18Z,1093,54b8a91cfd73b6295bff62f221d1c44621252410
84887169941,28605665535,Windows_No_Exception_CI,"build (3.10, x64)",completed,success,2026-07-02T22:00:45Z,2026-07-02T22:18:34Z,1069,07b8b6b1a29e5ffe0509ab781ff7be6f7c1bb524
84823964393,28605334908,Windows_No_Exception_CI,"build (3.10, x64)",completed,success,2026-07-02T16:23:26Z,2026-07-02T16:42:28Z,1142,35c573992cc19d9d27c24952b56b51fa7a4f2a91
84816884489,28603287915,Windows_No_Exception_CI,"build (3.10, x64)",completed,success,2026-07-02T15:50:58Z,2026-07-02T16:02:28Z,690,ca9e70a32296eadf896a6b0aa18a8bfa9701b9ae
84816268409,28603122798,Windows_No_Exception_CI,"build (3.10, x64)",completed,cancelled,2026-07-02T15:48:12Z,2026-07-02T15:50:55Z,163,00e3a0db02fa1c2e8552ff23e005beed0bcb64f8
84814042107,28602481175,Windows_No_Exception_CI,"build (3.10, x64)",completed,success,2026-07-02T15:38:17Z,2026-07-02T15:57:11Z,1134,95e85d7a21cb8ec8a13c90f77689821d2e1f6dde
84809293091,28601125983,Windows_No_Exception_CI,"build (3.10, x64)",completed,success,2026-07-02T15:17:33Z,2026-07-02T15:35:44Z,1091,4c5b0d91c4ccf290e9f1b0565fbca0bfd5c12385
85324124073,28777272233,Windows_No_Exception_CI,"build (3.10, x64)",completed,success,2026-07-06T08:10:09Z,2026-07-06T08:26:36Z,987,fc2c8d795308832ca7fbb77e7fb9267493b2b5ff
85606024604,28862994761,Windows_No_Exception_CI,"build (3.10, x64)",completed,success,2026-07-07T11:33:41Z,2026-07-07T11:51:12Z,1051,faeab11405d4d65e06070a71b788cfdc2871c9b4
85605892053,28862958725,Windows_No_Exception_CI,"build (3.10, x64)",completed,cancelled,2026-07-07T11:32:58Z,2026-07-07T11:33:38Z,40,f813bb9deea00fc888bc798076209600e689aabf
85603166160,28862151666,Windows_No_Exception_CI,"build (3.10, x64)",completed,success,2026-07-07T11:18:35Z,2026-07-07T11:36:27Z,1072,7f2ad820f6fef08f4eb3fb16aaf9a32781eda7e1
85599505850,28861071042,Windows_No_Exception_CI,"build (3.10, x64)",completed,success,2026-07-07T10:59:15Z,2026-07-07T11:17:12Z,1077,c481182acac8eaffbb909b1a70e89f3c5524b67c
85599248593,28860995296,Windows_No_Exception_CI,"build (3.10, x64)",completed,success,2026-07-07T10:57:50Z,2026-07-07T11:14:19Z,989,fcf7290474a292454e0a6581de00b1e9c217d927
85589962167,28858221052,Windows_No_Exception_CI,"build (3.10, x64)",completed,success,2026-07-07T10:06:53Z,2026-07-07T10:20:41Z,828,8b2d1dc67c6a14581821adc39d53bfd16d7f14e0
85586274358,28857106862,Windows_No_Exception_CI,"build (3.10, x64)",completed,success,2026-07-07T09:47:46Z,2026-07-07T10:04:31Z,1005,2eb8aea9b7d0742e751af5c56efbd8714bff7868
85578408539,28854752048,Windows_No_Exception_CI,"build (3.10, x64)",completed,success,2026-07-07T09:07:37Z,2026-07-07T09:25:22Z,1065,7ba53c05c19150c6d58b1417fbc5b6fe2c615097
85564221469,28850461628,Windows_No_Exception_CI,"build (3.10, x64)",completed,success,2026-07-07T07:51:26Z,2026-07-07T08:07:28Z,962,dd4b0e90bd5bde23c31911106e7dc3eb79101a6c
85563319665,28850188859,Windows_No_Exception_CI,"build (3.10, x64)",completed,success,2026-07-07T07:46:10Z,2026-07-07T08:03:46Z,1056,3eaae176ad1c2c219e55ab74cc2bf372e40468d0
85550953231,28846303586,Windows_No_Exception_CI,"build (3.10, x64)",completed,success,2026-07-07T06:28:04Z,2026-07-07T06:46:26Z,1102,558496f4a01dd1d3549f125ccc269656d03fc11a
85550862399,28846275660,Windows_No_Exception_CI,"build (3.10, x64)",completed,success,2026-07-07T06:27:23Z,2026-07-07T06:46:03Z,1120,4b86ee4c4a65a822e612b1a7a0f1df390d29645b
85548660582,28845595212,Windows_No_Exception_CI,"build (3.10, x64)",completed,success,2026-07-07T06:11:55Z,2026-07-07T06:29:34Z,1059,b6d038f9622cfe913b5020bb7ee6b50934ba3930
85547994310,28845390855,Windows_No_Exception_CI,"build (3.10, x64)",completed,success,2026-07-07T06:07:05Z,2026-07-07T06:24:31Z,1046,45a9774311f8a55d999d0967e5148e0e1d9a01e5
85547772303,28845318692,Windows_No_Exception_CI,"build (3.10, x64)",completed,success,2026-07-07T06:05:28Z,2026-07-07T06:23:20Z,1072,cc41bd713a095e059cb586da11260609f976d3b4
85545697118,28844652352,Windows_No_Exception_CI,"build (3.10, x64)",completed,success,2026-07-07T05:49:21Z,2026-07-07T06:03:38Z,857,ff271bd54a840a7eaba1942cc24903927e7c2c43
85544577012,28844277129,Windows_No_Exception_CI,"build (3.10, x64)",completed,success,2026-07-07T05:39:54Z,2026-07-07T05:57:31Z,1057,55f7823fa8c25aea78da7c3d5a87c1fd4490266b
85542109661,28843457001,Windows_No_Exception_CI,"build (3.10, x64)",completed,success,2026-07-07T05:19:05Z,2026-07-07T05:35:03Z,958,78512304ee4b1ffa3d817a391123359f6c6735cd
85520043634,28836071972,Windows_No_Exception_CI,"build (3.10, x64)",completed,success,2026-07-07T01:57:34Z,2026-07-07T02:15:14Z,1060,964b886d46d337fa775c6e4012a90534b28cd3ca
85508119287,28832148490,Windows_No_Exception_CI,"build (3.10, x64)",completed,success,2026-07-07T00:12:19Z,2026-07-07T00:29:49Z,1050,4a4e4c37d231a53d4bd66dc34352a71ec7f1d56d
85506842219,28831722087,Windows_No_Exception_CI,"build (3.10, x64)",completed,success,2026-07-07T00:01:53Z,2026-07-07T00:19:48Z,1075,2faec0bb45d02f743f9117cf99a7734e0cb9a337
85489170324,28826030911,Windows_No_Exception_CI,"build (3.10, x64)",completed,success,2026-07-06T21:57:13Z,2026-07-06T22:14:51Z,1058,143ed37505950f5481f303bbc70f7a1f6bfdd976
85484007740,28824457075,Windows_No_Exception_CI,"build (3.10, x64)",completed,success,2026-07-06T21:27:45Z,2026-07-06T21:46:02Z,1097,3dc23c379bb74a039d90a2ab112e5f79ff2641cd
85461838302,28817868278,Windows_No_Exception_CI,"build (3.10, x64)",completed,success,2026-07-06T19:34:54Z,2026-07-06T19:52:31Z,1057,89df687e617ee7fd21e5fd683faad3e84d24e377
85455053264,28815885851,Windows_No_Exception_CI,"build (3.10, x64)",completed,success,2026-07-06T18:58:25Z,2026-07-06T19:15:15Z,1010,89dcb746bacb01cd3414ddf117f1626abea83074
85450190436,28814453723,Windows_No_Exception_CI,"build (3.10, x64)",completed,success,2026-07-06T18:34:40Z,2026-07-06T18:52:44Z,1084,caeaeecfe0daba3aec78ccdea7500b5dd6c9ad58
85422544155,28806284898,Windows_No_Exception_CI,"build (3.10, x64)",completed,success,2026-07-06T16:18:57Z,2026-07-06T16:37:09Z,1092,09feb5d7c96f4bbb5b58bf4957a9172ad455f1ad
85410100968,28802720512,Windows_No_Exception_CI,"build (3.10, x64)",completed,success,2026-07-06T15:23:30Z,2026-07-06T15:43:20Z,1190,25e51d8a742dc1eba60598dcf33b2e48e62eca17
85409959032,28802679321,Windows_No_Exception_CI,"build (3.10, x64)",completed,success,2026-07-06T15:22:54Z,2026-07-06T15:40:53Z,1079,75734b33a2b9fb0ce735e6611a22e08ad1f2d075
85409029120,28802414187,Windows_No_Exception_CI,"build (3.10, x64)",completed,success,2026-07-06T15:18:50Z,2026-07-06T15:36:34Z,1064,15092a763750141a8d171c97cdfb8b9ab0290e3b
85399648370,28799763059,Windows_No_Exception_CI,"build (3.10, x64)",completed,success,2026-07-06T14:38:58Z,2026-07-06T14:56:56Z,1078,b9c8217d9a78077078661a93465ca59aacaa35ce
85388247673,28796497815,Windows_No_Exception_CI,"build (3.10, x64)",completed,success,2026-07-06T13:49:50Z,2026-07-06T14:06:56Z,1026,b9930834faadea86a41a0a3c2a55d38950f184fd
85383240766,28795068577,Windows_No_Exception_CI,"build (3.10, x64)",completed,success,2026-07-06T13:27:28Z,2026-07-06T13:44:54Z,1046,25d78cff930d244863e387a485b8c53be0f1b739
85370784691,28791418306,Windows_No_Exception_CI,"build (3.10, x64)",completed,success,2026-07-06T12:26:53Z,2026-07-06T12:43:07Z,974,aace1b19ce5a8557fdb07c42f34f728ebb4fb571
85364694784,28789620610,Windows_No_Exception_CI,"build (3.10, x64)",completed,success,2026-07-06T11:54:41Z,2026-07-06T12:12:24Z,1063,10244496a758a06a3dfa42f4553e00dabf6a12fc
85363236874,28789184931,Windows_No_Exception_CI,"build (3.10, x64)",completed,cancelled,2026-07-06T11:46:47Z,2026-07-06T11:54:38Z,471,7eada7d67ab133efb14ec6d60ef655e03f631e3d
85410537671,28786846307,Windows_No_Exception_CI,"build (3.10, x64)",completed,success,2026-07-06T15:25:23Z,2026-07-06T15:43:20Z,1077,12cf2bf97d495955692fae094efa1ded4f2187e6
86729548841,29222237083,Windows_No_Exception_CI,"build (3.10, x64)",completed,success,2026-07-13T03:41:46Z,2026-07-13T04:01:56Z,1210,f69361864c97e23db824c68b51d7b5036d4bfed6
86712054000,29216018953,Windows_No_Exception_CI,"build (3.10, x64)",completed,failure,2026-07-13T00:47:18Z,2026-07-13T01:08:53Z,1295,4d57ceaf0e37feb8973a0389318e785438cce67d
86692814683,29208788593,Windows_No_Exception_CI,"build (3.10, x64)",completed,success,2026-07-12T21:00:05Z,2026-07-12T21:20:25Z,1220,c237091da202cd623486f57719f851e1434c11a0
86690502502,29207925839,Windows_No_Exception_CI,"build (3.10, x64)",completed,success,2026-07-12T20:32:39Z,2026-07-12T20:58:37Z,1558,76d90c65a1a1d329a967031185436349b8d75fed
86689857332,29207684416,Windows_No_Exception_CI,"build (3.10, x64)",completed,cancelled,2026-07-12T20:25:21Z,2026-07-12T20:32:36Z,435,040fe8d60d1b86cd469d881f7181565c99a72263
86687848646,29206932470,Windows_No_Exception_CI,"build (3.10, x64)",completed,cancelled,2026-07-12T20:01:52Z,2026-07-12T20:25:19Z,1407,d6ba0065d0d781a0fd799ff1b98771f7ba9f6411
86691961687,29205298530,Windows_No_Exception_CI,"build (3.10, x64)",completed,success,2026-07-12T20:49:36Z,2026-07-12T21:16:00Z,1584,6fb50c6751ac6fd0c57f9ed1b61936699ae650cb
86682504488,29204891972,Windows_No_Exception_CI,"build (3.10, x64)",completed,success,2026-07-12T18:58:33Z,2026-07-12T19:19:02Z,1229,18ee407e7ce7665ac4b10d5100dae59c25c42fd8
86680113161,29203979419,Windows_No_Exception_CI,"build (3.10, x64)",completed,success,2026-07-12T18:29:51Z,2026-07-12T18:55:45Z,1554,0e0c25677defad8a3c73b76ef4ba9c122953448f
86667549025,29199221676,Windows_No_Exception_CI,"build (3.10, x64)",completed,success,2026-07-12T15:58:19Z,2026-07-12T16:24:01Z,1542,8e41b8d22e2a166020f9b6c7ab328f35b2bd8dca
86660301485,29196494697,Windows_No_Exception_CI,"build (3.10, x64)",completed,success,2026-07-12T14:34:11Z,2026-07-12T14:56:34Z,1343,3ca2b6ad4f1ffef0e496d8045499dce3c4a433a5
86656267522,29194988639,Windows_No_Exception_CI,"build (3.10, x64)",completed,success,2026-07-12T13:45:46Z,2026-07-12T14:11:29Z,1543,1b94492e46b0f910f26bee075be317b3c9b7f461
86654608584,29194381537,Windows_No_Exception_CI,"build (3.10, x64)",completed,cancelled,2026-07-12T13:25:50Z,2026-07-12T13:45:44Z,1194,3af4e0648fed454d27400cebff58e2f938475b26
86642423629,29189819079,Windows_No_Exception_CI,"build (3.10, x64)",completed,success,2026-07-12T10:51:17Z,2026-07-12T11:17:17Z,1560,3aee339754a464180bcaa52c29afaad65646110d
86642638096,29189630511,Windows_No_Exception_CI,"build (3.10, x64)",completed,success,2026-07-12T10:54:18Z,2026-07-12T11:13:58Z,1180,69f16779ce9a40692c7fbf33941839a82b0a95f6
86640137952,29188954101,Windows_No_Exception_CI,"build (3.10, x64)",completed,success,2026-07-12T10:20:16Z,2026-07-12T10:46:30Z,1574,ab0dc86e0c938135dfe63496db09e87d29abe14a
86638259341,29188272600,Windows_No_Exception_CI,"build (3.10, x64)",completed,cancelled,2026-07-12T09:55:26Z,2026-07-12T10:20:13Z,1487,cccdfb4015f69ff0fbb581db7dda191db1713a62
86635128557,29187110003,Windows_No_Exception_CI,"build (3.10, x64)",completed,success,2026-07-12T09:13:09Z,2026-07-12T09:32:05Z,1136,41b18c82ef9c6d1449c1e3bbf49dd54a5ed177d5
86632816427,29186268753,Windows_No_Exception_CI,"build (3.10, x64)",completed,success,2026-07-12T08:42:34Z,2026-07-12T09:08:29Z,1555,12ec7a6be4de965c56b24e50980d85e6ace858a2
86631617595,29185798225,Windows_No_Exception_CI,"build (3.10, x64)",completed,cancelled,2026-07-12T08:25:38Z,2026-07-12T08:42:32Z,1014,3de305c2dd22447ee71d8951424f3aefae5a9204
86631107630,29185637646,Windows_No_Exception_CI,"build (3.10, x64)",completed,cancelled,2026-07-12T08:18:37Z,2026-07-12T08:25:36Z,419,f257b1d9bbbcdbef11e57669961cde4178de5082
86698800613,29185212798,Windows_No_Exception_CI,"build (3.10, x64)",completed,success,2026-07-12T22:12:33Z,2026-07-12T22:38:15Z,1542,99cebe99228bc5ba975751ab4b133693279bfe28
86628101785,29184522098,Windows_No_Exception_CI,"build (3.10, x64)",completed,success,2026-07-12T07:37:18Z,2026-07-12T08:02:59Z,1541,6b622bcb6e52130ca98c3b16be5727ceb0261a42
86614621313,29179526772,Windows_No_Exception_CI,"build (3.10, x64)",completed,success,2026-07-12T04:19:08Z,2026-07-12T04:43:01Z,1433,9886471d34ff8c65da379d3e94cb68c9dd552257
86611264181,29178247901,Windows_No_Exception_CI,"build (3.10, x64)",completed,success,2026-07-12T03:26:46Z,2026-07-12T03:52:54Z,1568,d67097f828baf709f3b0c6427dde1018c69c1fe4
86577684147,29165456864,Windows_No_Exception_CI,"build (3.10, x64)",completed,success,2026-07-11T19:32:56Z,2026-07-11T19:59:39Z,1603,e51007cc6b7523f31f72d68ffde8f780f60c2430
86572247355,29163394966,Windows_No_Exception_CI,"build (3.10, x64)",completed,success,2026-07-11T18:24:42Z,2026-07-11T18:50:17Z,1535,ffe73f1479c52aae02aefbfa8631bcc22b2cf03f
86557727710,29157808136,Windows_No_Exception_CI,"build (3.10, x64)",completed,success,2026-07-11T15:22:57Z,2026-07-11T15:48:39Z,1542,61b6e94dffcab100ce84e083180f1b17200e9426
86555526432,29156954281,Windows_No_Exception_CI,"build (3.10, x64)",completed,success,2026-07-11T14:54:19Z,2026-07-11T15:13:48Z,1169,c4cf8697ca261e08ae245876bbcdde29c9f9b42f
86551985724,29155577195,Windows_No_Exception_CI,"build (3.10, x64)",completed,success,2026-07-11T14:08:49Z,2026-07-11T14:32:51Z,1442,f19e5299a212dfcf4887a2375c3a25020fa5bc6c
86547681437,29153867238,Windows_No_Exception_CI,"build (3.10, x64)",completed,success,2026-07-11T13:10:31Z,2026-07-11T13:36:09Z,1538,827a6a1ef9d5c07e6fecf6eb55fc71ce864d7944
86547482722,29153790425,Windows_No_Exception_CI,"build (3.10, x64)",completed,success,2026-07-11T13:07:48Z,2026-07-11T13:28:56Z,1268,65065c741e433130acc7fca0b74d60a80d4e473a
86546722272,29153490195,Windows_No_Exception_CI,"build (3.10, x64)",completed,success,2026-07-11T12:57:12Z,2026-07-11T13:17:05Z,1193,23e1a8ae14b9b7bc02f924e10adb02d32d0a0845
86545710902,29153106268,Windows_No_Exception_CI,"build (3.10, x64)",completed,cancelled,2026-07-11T12:43:15Z,2026-07-11T12:57:08Z,833,45527f5d3fc193defbb3eb6f0260366aa3791f56
86541190543,29151326316,Windows_No_Exception_CI,"build (3.10, x64)",completed,success,2026-07-11T11:39:29Z,2026-07-11T11:59:49Z,1220,dd198f50e8bb2d9c66cd3040a22239f9c4247b49
86540575974,29151077626,Windows_No_Exception_CI,"build (3.10, x64)",completed,cancelled,2026-07-11T11:30:28Z,2026-07-11T11:39:26Z,538,729c821c7caa257803184951e91a6a05c463d39a
86540032953,29150863318,Windows_No_Exception_CI,"build (3.10, x64)",completed,cancelled,2026-07-11T11:22:40Z,2026-07-11T11:30:24Z,464,4a4a3a57ae119e3edbda31c7c1f36ce1deb084f5
86537196919,29149733196,Windows_No_Exception_CI,"build (3.10, x64)",completed,success,2026-07-11T10:41:04Z,2026-07-11T11:06:51Z,1547,bf11e5550577f94511aa58c136ab2bb38079673f
86536004290,29149277482,Windows_No_Exception_CI,"build (3.10, x64)",completed,cancelled,2026-07-11T10:23:52Z,2026-07-11T10:41:02Z,1030,30b5fe252c1fd5f55e6ac93f72385b77f79d5d93
86426973294,29112201858,Windows_No_Exception_CI,"build (3.10, x64)",completed,success,2026-07-10T17:47:04Z,2026-07-10T18:10:52Z,1428,1f5f9ef9f9714c12da0adf79e2cbd49a35dab1db
86424794932,29111544408,Windows_No_Exception_CI,"build (3.10, x64)",completed,success,2026-07-10T17:35:59Z,2026-07-10T18:01:59Z,1560,5b5d2fb3ae320527e95e93abb8b6f6d958e2ef43
86711920724,29082711528,Windows_No_Exception_CI,"build (3.10, x64)",completed,cancelled,2026-07-13T00:45:57Z,2026-07-13T00:47:15Z,78,45e20722736ecd3439ed7a449b452fca077d35dd
86264591103,29061647165,Windows_No_Exception_CI,"build (3.10, x64)",completed,success,2026-07-10T01:07:24Z,2026-07-10T01:32:54Z,1530,135c1ea5e27bd4f2f9e1f222cd4b9ee6e889421d
86077380722,29005929689,Windows_No_Exception_CI,"build (3.10, x64)",completed,success,2026-07-09T08:47:26Z,2026-07-09T09:11:42Z,1456,a68b2483e7e70c63214dcb02ead6a00dc194144c
86067618189,29002961201,Windows_No_Exception_CI,"build (3.10, x64)",completed,success,2026-07-09T07:58:54Z,2026-07-09T08:23:28Z,1474,c7463c294c50bd90ddb88d257d333c20a5f02c9d
85971240480,28972437122,Windows_No_Exception_CI,"build (3.10, x64)",completed,success,2026-07-08T20:11:45Z,2026-07-08T20:38:02Z,1577,c88c390e626a6705c0ee92a3853792edb3432a8e
85929894704,28960316463,Windows_No_Exception_CI,"build (3.10, x64)",completed,success,2026-07-08T16:53:03Z,2026-07-08T17:20:18Z,1635,a19ff48f23707a4efd0b889716ea80feaad61d5d
85924598580,28958775492,Windows_No_Exception_CI,"build (3.10, x64)",completed,success,2026-07-08T16:29:02Z,2026-07-08T16:55:21Z,1579,4500d2d824859ee3693ca19112255ebd3b5b7adc
85920769796,28957645939,Windows_No_Exception_CI,"build (3.10, x64)",completed,success,2026-07-08T16:11:59Z,2026-07-08T16:38:29Z,1590,ec2d641b5c9b3aa0179e834e7ea2ea79e27eed76
85919138605,28957181848,Windows_No_Exception_CI,"build (3.10, x64)",completed,cancelled,2026-07-08T16:04:48Z,2026-07-08T16:11:56Z,428,4abfd0ee6925549b2401d1b1ad284a090399cf3a
85914056890,28955720984,Windows_No_Exception_CI,"build (3.10, x64)",completed,success,2026-07-08T15:43:41Z,2026-07-08T16:09:49Z,1568,0e954d31cd9dd707e9179e2eaa6c1d343e2149c6
85908027936,28954014403,Windows_No_Exception_CI,"build (3.10, x64)",completed,cancelled,2026-07-08T15:18:52Z,2026-07-08T15:43:38Z,1486,01a2f9f0f1d7188b2b4cd407767d4d7e3dbd4441
85882468240,28946754276,Windows_No_Exception_CI,"build (3.10, x64)",completed,success,2026-07-08T13:34:39Z,2026-07-08T14:01:16Z,1597,980fd30b0d56c8c8779687ec2179e2a7af136361
85866901895,28942210182,Windows_No_Exception_CI,"build (3.10, x64)",completed,success,2026-07-08T12:22:22Z,2026-07-08T12:48:05Z,1543,52640310583799a44a3159ba5710d8e6c1a290ab
85859952077,28940107294,Windows_No_Exception_CI,"build (3.10, x64)",completed,success,2026-07-08T11:46:14Z,2026-07-08T12:11:57Z,1543,adfb61acaa3ab1848590cb0956f95ed6acfdf925
85859833115,28940076673,Windows_No_Exception_CI,"build (3.10, x64)",completed,cancelled,2026-07-08T11:45:37Z,2026-07-08T11:46:11Z,34,07c43b6ec48551f809f31f4f254b2f47f9160de9
85842269200,28934753875,Windows_No_Exception_CI,"build (3.10, x64)",completed,success,2026-07-08T10:10:24Z,2026-07-08T10:36:26Z,1562,6c7afe6f851b0fe5c88a8c38ba81e205fd746d43
85841902424,28934655766,Windows_No_Exception_CI,"build (3.10, x64)",completed,cancelled,2026-07-08T10:08:27Z,2026-07-08T10:10:21Z,114,1690256c3ecdd85929ec7ecd371dbd4de76902fe
85827573993,28930315448,Windows_No_Exception_CI,"build (3.10, x64)",completed,success,2026-07-08T08:55:40Z,2026-07-08T09:21:42Z,1562,c250a4568f6fde4074debc93364b1c628200cbfa
85826995555,28930143815,Windows_No_Exception_CI,"build (3.10, x64)",completed,cancelled,2026-07-08T08:52:39Z,2026-07-08T08:55:35Z,176,61b206620053f079322febb66815771d7efc5810
85826090944,28929870956,Windows_No_Exception_CI,"build (3.10, x64)",completed,success,2026-07-08T08:48:01Z,2026-07-08T09:14:19Z,1578,ed5bb64110af483fc1923d2110e842eab2e6cfae
85826294340,28924473916,Windows_No_Exception_CI,"build (3.10, x64)",completed,success,2026-07-08T08:49:06Z,2026-07-08T09:15:10Z,1564,20f6c5b9eefbccc78e564b80435ee72aeef0e056
85800963642,28921967823,Windows_No_Exception_CI,"build (3.10, x64)",completed,success,2026-07-08T06:18:29Z,2026-07-08T06:44:43Z,1574,d4c4d4059ba49bd815c3fd90347bcad69d10b241
85783894236,28916294559,Windows_No_Exception_CI,"build (3.10, x64)",completed,success,2026-07-08T03:55:37Z,2026-07-08T04:21:32Z,1555,238b33a24d2da4c59bdc7022749d78b1e48d5e1a
85783848590,28916279034,Windows_No_Exception_CI,"build (3.10, x64)",completed,success,2026-07-08T03:55:09Z,2026-07-08T04:19:26Z,1457,f2fb04c5962981cd1ce14f8ec2d82922c48532e7
85780927254,28915285806,Windows_No_Exception_CI,"build (3.10, x64)",completed,success,2026-07-08T03:27:47Z,2026-07-08T03:45:38Z,1071,3f9fc37bde2825a9b06baeaeeb74394160c04bb5
85780902413,28915277666,Windows_No_Exception_CI,"build (3.10, x64)",completed,success,2026-07-08T03:27:31Z,2026-07-08T03:51:29Z,1438,ce0bb4a1ec470b5cff35d1eebe7e1f661fffded2
85765937259,28910251875,Windows_No_Exception_CI,"build (3.10, x64)",completed,success,2026-07-08T01:14:11Z,2026-07-08T01:31:56Z,1065,4e9c1c3fe044cf3f2e9a1a8508414b15d5ce619a
85764999403,28909919959,Windows_No_Exception_CI,"build (3.10, x64)",completed,success,2026-07-08T01:05:59Z,2026-07-08T01:23:41Z,1062,8ad006f71f71d19f20c162cd6f865642e5ed805f
85763677873,28909480442,Windows_No_Exception_CI,"build (3.10, x64)",completed,cancelled,2026-07-08T00:55:04Z,2026-07-08T01:05:57Z,653,e33b5be00d18453c573f9589f7b37d89f489bbd7
85761679456,28908824689,Windows_No_Exception_CI,"build (3.10, x64)",completed,cancelled,2026-07-08T00:38:48Z,2026-07-08T00:55:02Z,974,75e731398957ac03c58acb08b5bcab9ebb77d4f5
85760177753,28908346422,Windows_No_Exception_CI,"build (3.10, x64)",completed,cancelled,2026-07-08T00:26:42Z,2026-07-08T00:38:46Z,724,b120a716b2afc485f6c3554046a56c808ce16098
85730451224,28898899992,Windows_No_Exception_CI,"build (3.10, x64)",completed,success,2026-07-07T21:09:38Z,2026-07-07T21:27:46Z,1088,6d6fac3577f77eea99734c0bd596fa3ba4b4a8bb
85724106066,28897037837,Windows_No_Exception_CI,"build (3.10, x64)",completed,success,2026-07-07T20:38:11Z,2026-07-07T21:04:11Z,1560,0686fda37054abce27fd72b4167011c0ed863753
85721993351,28896426897,Windows_No_Exception_CI,"build (3.10, x64)",completed,success,2026-07-07T20:27:54Z,2026-07-07T20:45:38Z,1064,2faa50d140e996ed82cf8323741d7d8f7083675a
85703892384,28891142298,Windows_No_Exception_CI,"build (3.10, x64)",completed,success,2026-07-07T18:59:16Z,2026-07-07T19:13:34Z,858,0095f7c28410fecaabdfc74abb61b8fd118f0166
85696407348,28888986875,Windows_No_Exception_CI,"build (3.10, x64)",completed,success,2026-07-07T18:23:12Z,2026-07-07T18:40:45Z,1053,31a9e2b769f20f7d5dfe44180f68f9ee2a36b547
85673887824,28882433257,Windows_No_Exception_CI,"build (3.10, x64)",completed,success,2026-07-07T16:33:55Z,2026-07-07T16:52:44Z,1129,d5372bdedae5359292b5ea3564f4b17585023f01
85668184865,28880805489,Windows_No_Exception_CI,"build (3.10, x64)",completed,success,2026-07-07T16:07:52Z,2026-07-07T16:26:18Z,1106,641b2f9935b38de46b5981577e37ff2a6b9e14c4
87077781817,29330110942,Windows_No_Exception_CI,"build (3.10, x64)",completed,success,2026-07-14T11:57:49Z,2026-07-14T12:23:20Z,1531,7fbcbca2f821fe9ed88551e8bcef9f522fdba46b
87026092987,29314662600,Windows_No_Exception_CI,"build (3.10, x64)",completed,success,2026-07-14T07:29:55Z,2026-07-14T07:56:10Z,1575,010a071fb333a9eb6bd16f6a5c991aa750ae38e5
86935283844,29284995887,Windows_No_Exception_CI,"build (3.10, x64)",completed,success,2026-07-13T21:05:35Z,2026-07-13T21:31:32Z,1557,11d70e7479ec3f53dd543db2609feeb3cff88cba
87049151796,29268848749,Windows_No_Exception_CI,"build (3.10, x64)",completed,success,2026-07-14T09:30:35Z,2026-07-14T09:50:36Z,1201,34d73fe7a174e7479026befe01c43eabf13d5c35
86871673814,29266132142,Windows_No_Exception_CI,"build (3.10, x64)",completed,success,2026-07-13T16:22:25Z,2026-07-13T16:47:20Z,1495,1ce2f8dbbf62adea204a2e9b0144ddbf67ce0114
86861183367,29263080240,Windows_No_Exception_CI,"build (3.10, x64)",completed,success,2026-07-13T15:38:29Z,2026-07-13T16:04:39Z,1570,8291c5e23e245413d83398dd920f45a3c284f869
86860558132,29262894303,Windows_No_Exception_CI,"build (3.10, x64)",completed,success,2026-07-13T15:35:53Z,2026-07-13T16:01:46Z,1553,95553eca4f8737c483b0345fd8add12e1bd47deb
86860432742,29262863212,Windows_No_Exception_CI,"build (3.10, x64)",completed,cancelled,2026-07-13T15:35:23Z,2026-07-13T15:35:50Z,27,ae23e7b909ff5d1b06d4edd93c866e6986f635cd
86856958537,29261856967,Windows_No_Exception_CI,"build (3.10, x64)",completed,success,2026-07-13T15:21:18Z,2026-07-13T15:45:18Z,1440,cb9eb1006db31582d7cf1e4fae7b1a5f287df494
86856571785,29261753948,Windows_No_Exception_CI,"build (3.10, x64)",completed,success,2026-07-13T15:19:42Z,2026-07-13T15:45:20Z,1538,8e24dd7334712022832d5591d7a9ec1c6660db57
86855119794,29261332926,Windows_No_Exception_CI,"build (3.10, x64)",completed,cancelled,2026-07-13T15:13:49Z,2026-07-13T15:21:15Z,446,f273bcfad51947351a6a20798deeb6f9211319ee
86852564862,29260614563,Windows_No_Exception_CI,"build (3.10, x64)",completed,success,2026-07-13T15:03:49Z,2026-07-13T15:29:13Z,1524,cd80e1cb41e20d6173983dda4ad3d32bf54dc8d4
86851000561,29260158559,Windows_No_Exception_CI,"build (3.10, x64)",completed,cancelled,2026-07-13T14:57:38Z,2026-07-13T15:03:46Z,368,db1097fc89f8b5a2b0a1e325ce1cc7a54ec1210b
86850741810,29260088446,Windows_No_Exception_CI,"build (3.10, x64)",completed,success,2026-07-13T14:56:38Z,2026-07-13T15:23:37Z,1619,32b285bc67e939d15c74da459e0d07ad7f332daf
86850546322,29260046545,Windows_No_Exception_CI,"build (3.10, x64)",completed,cancelled,2026-07-13T14:55:54Z,2026-07-13T14:57:35Z,101,d4bd99153e9baf9ffff68753c08a3dcd317ce950
86849847361,29259833194,Windows_No_Exception_CI,"build (3.10, x64)",completed,cancelled,2026-07-13T14:53:06Z,2026-07-13T15:13:46Z,1240,54009776e43732b1836f8a3ee9e9a50797d6c6b8
86847114176,29259021758,Windows_No_Exception_CI,"build (3.10, x64)",completed,cancelled,2026-07-13T14:42:06Z,2026-07-13T14:56:35Z,869,650e05e4ac19ec9e7e7d6dc5ba61c9f32771bb5a
86845825694,29258693663,Windows_No_Exception_CI,"build (3.10, x64)",completed,cancelled,2026-07-13T14:36:53Z,2026-07-13T14:42:03Z,310,e61f09a78dad8996606ef18450698c5a93edb45f
86845746145,29258681695,Windows_No_Exception_CI,"build (3.10, x64)",completed,success,2026-07-13T14:36:34Z,2026-07-13T15:02:17Z,1543,2f3353376c76588bbc67b83bf7f53eb52f6e90be
86844626487,29258344851,Windows_No_Exception_CI,"build (3.10, x64)",completed,cancelled,2026-07-13T14:32:09Z,2026-07-13T14:36:49Z,280,691bd2d33d30504a2e38836dc4cfb9680f5c7398
86843974433,29258171574,Windows_No_Exception_CI,"build (3.10, x64)",completed,cancelled,2026-07-13T14:29:40Z,2026-07-13T14:32:06Z,146,afc1e2520883375aebc6c9ada09253bcfb9165fc
86843610511,29258074124,Windows_No_Exception_CI,"build (3.10, x64)",completed,cancelled,2026-07-13T14:28:15Z,2026-07-13T14:53:04Z,1489,8a4f3e381d5ef3ebeb408af577eae28533a2370d
86830774760,29254431959,Windows_No_Exception_CI,"build (3.10, x64)",completed,success,2026-07-13T13:36:51Z,2026-07-13T14:02:04Z,1513,7d518ee7c74fba901cc1910a72de609f1cc4d1a9
86830570518,29254404357,Windows_No_Exception_CI,"build (3.10, x64)",completed,cancelled,2026-07-13T13:36:18Z,2026-07-13T13:36:47Z,29,45ca1823d3b531aadd10193a7be6a989e9cb8885
86843628295,29248826128,Windows_No_Exception_CI,"build (3.10, x64)",completed,success,2026-07-13T14:28:19Z,2026-07-13T14:52:18Z,1439,c5b9d4c805c18aa99a974b956f49dcc35743d4e5
86808071128,29247571506,Windows_No_Exception_CI,"build (3.10, x64)",completed,success,2026-07-13T11:49:13Z,2026-07-13T12:15:15Z,1562,f12851929b8722d3ad2cd1e9d584a48e89a56bea
86803389640,29244697707,Windows_No_Exception_CI,"build (3.10, x64)",completed,success,2026-07-13T11:24:30Z,2026-07-13T11:48:38Z,1448,fe8855144125d2268028fc93993e000ec3820d9a
86791408355,29242434791,Windows_No_Exception_CI,"build (3.10, x64)",completed,success,2026-07-13T10:21:01Z,2026-07-13T10:46:52Z,1551,64b348a321022f91d6ba8854de3b967eed042dac
87535439243,29471503556,Windows_No_Exception_CI,"build (3.10, x64)",completed,success,2026-07-16T04:29:52Z,2026-07-16T04:54:41Z,1489,4e1b8f53b3cbc893da0d6fbcef5a53ed7cee065a
87532062714,29470326100,Windows_No_Exception_CI,"build (3.10, x64)",completed,success,2026-07-16T04:01:09Z,2026-07-16T04:25:16Z,1447,66e1cd221cd53e051a68d1fd0c25d90926229109
87526357079,29468390896,Windows_No_Exception_CI,"build (3.10, x64)",completed,success,2026-07-16T03:11:41Z,2026-07-16T03:36:52Z,1511,47af8e5b5caf5230435bbc40259e15b6a875001e
87518784542,29465876235,Windows_No_Exception_CI,"build (3.10, x64)",completed,success,2026-07-16T02:08:51Z,2026-07-16T02:27:30Z,1119,54c729f9af02188267916ccfb6749659b0ef9452
87516078458,29464964952,Windows_No_Exception_CI,"build (3.10, x64)",completed,success,2026-07-16T01:46:41Z,2026-07-16T02:07:13Z,1232,b1576fbfb67386c8c7e2eee75682ac66ac3e775e
87517694581,29438885281,Windows_No_Exception_CI,"build (3.10, x64)",completed,success,2026-07-16T02:00:13Z,2026-07-16T02:26:38Z,1585,e0d5cfc4532b636426c8ec4fa6f0354401bfb1a2
87388132643,29425913980,Windows_No_Exception_CI,"build (3.10, x64)",completed,success,2026-07-15T14:57:24Z,2026-07-15T15:22:11Z,1487,347011b8b1200e200e3a7c596d70dfb30fe85484
87332250054,29409285772,Windows_No_Exception_CI,"build (3.10, x64)",completed,success,2026-07-15T10:46:23Z,2026-07-15T11:12:18Z,1555,7ee6e60f02c5006fab59f6b49e22eeeefc9f5130
87273035275,29390613573,Windows_No_Exception_CI,"build (3.10, x64)",completed,success,2026-07-15T05:06:54Z,2026-07-15T05:26:33Z,1179,3a6ad7a5ae5d120b962a5d984c3b826b9b5859e0
87271201010,29390025474,Windows_No_Exception_CI,"build (3.10, x64)",completed,cancelled,2026-07-15T04:52:42Z,2026-07-15T05:06:51Z,849,bb65fa6cab502e859ad10d338bb4cf03bbbdb999
87264645109,29387823112,Windows_No_Exception_CI,"build (3.10, x64)",completed,success,2026-07-15T03:58:43Z,2026-07-15T04:23:57Z,1514,a00e8b2a141ea3c41c3ee26d78145c1ba339d9cd
87264347292,29387723101,Windows_No_Exception_CI,"build (3.10, x64)",completed,success,2026-07-15T03:56:03Z,2026-07-15T04:20:08Z,1445,137239b58beaa605cf2f77420b5a8dc738441562
87252200937,29383597365,Windows_No_Exception_CI,"build (3.10, x64)",completed,success,2026-07-15T02:14:14Z,2026-07-15T02:40:15Z,1561,82e05adc15c7be0461ff9fb38c8d0ec2f8798c10
87221822450,29373474596,Windows_No_Exception_CI,"build (3.10, x64)",completed,success,2026-07-14T22:35:11Z,2026-07-14T22:58:28Z,1397,423b9727733f50904c7fe3e345c0553f7d2b22b5
87212304409,29370460226,Windows_No_Exception_CI,"build (3.10, x64)",completed,success,2026-07-14T21:42:02Z,2026-07-14T22:09:19Z,1637,a68776aa9d1e6778935b17949628a79e9d509b26
87205054363,29368251202,Windows_No_Exception_CI,"build (3.10, x64)",completed,success,2026-07-14T21:05:53Z,2026-07-14T21:31:53Z,1560,9193dc84306aa20d99027556594bf7e4f6d29fad
87199728896,29366624234,Windows_No_Exception_CI,"build (3.10, x64)",completed,cancelled,2026-07-14T20:40:45Z,2026-07-14T21:05:49Z,1504,a40597ec817c9ee02d74e1bcafc8230c82b74226
87187228498,29362910677,Windows_No_Exception_CI,"build (3.10, x64)",completed,success,2026-07-14T19:43:33Z,2026-07-14T20:07:34Z,1441,533fe9fee930577899214e75e7fe430a15dc62f5
87105382052,29337555031,Windows_No_Exception_CI,"build (3.10, x64)",completed,success,2026-07-14T14:01:06Z,2026-07-14T14:23:37Z,1351,c7713509ab5838e933578584e55324bf0462c676
87092018472,29335028677,Windows_No_Exception_CI,"build (3.10, x64)",completed,success,2026-07-14T13:05:10Z,2026-07-14T13:29:09Z,1439,67c35e50c2d77494432d0595765599cbcd6b51ac
88291127328,29723438205,Windows_No_Exception_CI,"build (3.10, x64)",completed,success,2026-07-20T07:04:05Z,2026-07-20T07:27:21Z,1396,dcf627e481e5704597c99be990d113aaf677ee84
88282267369,29720457374,Windows_No_Exception_CI,"build (3.10, x64)",completed,success,2026-07-20T06:00:27Z,2026-07-20T06:26:52Z,1585,8fc3f2d4057bba9b9274e0d4bef90691774dfbd6
88282219661,29720440989,Windows_No_Exception_CI,"build (3.10, x64)",completed,success,2026-07-20T06:00:04Z,2026-07-20T06:25:09Z,1505,c6ad5f3a8c1a23f15fd961bdc0b7d00e581b9158
88281105997,29692956698,Windows_No_Exception_CI,"build (3.10, x64)",completed,success,2026-07-20T05:50:22Z,2026-07-20T06:17:00Z,1598,035c67114af3970c440176230e00d2d62b6bdd9f
88195764246,29688051961,Windows_No_Exception_CI,"build (3.10, x64)",completed,success,2026-07-19T13:00:33Z,2026-07-19T13:26:45Z,1572,3598bc38ee3000c8cdc01a36284299897f235d57
88078553708,29643817790,Windows_No_Exception_CI,"build (3.10, x64)",completed,success,2026-07-18T12:09:39Z,2026-07-18T12:35:18Z,1539,9880e195ba222cd0d3148b7c4c83366a79407a98
88065614288,29638781771,Windows_No_Exception_CI,"build (3.10, x64)",completed,success,2026-07-18T09:12:50Z,2026-07-18T09:37:41Z,1491,bc71f65c54961d818e2b659b7813630ab19866e3
88042608644,29630351331,Windows_No_Exception_CI,"build (3.10, x64)",completed,success,2026-07-18T04:19:02Z,2026-07-18T04:44:53Z,1551,54fb1eb3f3da6fd4b348635c5ec8556c76f00797
88147446331,29614626432,Windows_No_Exception_CI,"build (3.10, x64)",completed,success,2026-07-19T02:23:18Z,2026-07-19T02:47:24Z,1446,740260c8790c2ed1838bc01fb304428df7a47929
87982948097,29610240099,Windows_No_Exception_CI,"build (3.10, x64)",completed,success,2026-07-17T20:10:37Z,2026-07-17T20:36:31Z,1554,671768d067df2e2cacafcd3612f6f7ec47433a1b
87800314890,29553334123,Windows_No_Exception_CI,"build (3.10, x64)",completed,success,2026-07-17T03:49:48Z,2026-07-17T04:13:16Z,1408,af24a1667bd5197920d9b49a10655da80ba92fa9
87778670327,29546095702,Windows_No_Exception_CI,"build (3.10, x64)",completed,success,2026-07-17T00:55:44Z,2026-07-17T01:22:09Z,1585,4c89930564892346eefc04a566918f952d42f41f
87715691463,29526369012,Windows_No_Exception_CI,"build (3.10, x64)",completed,success,2026-07-16T19:01:50Z,2026-07-16T19:27:12Z,1522,88da2ce6e1afe598d258551c1b4a5dab32cb5321
88550578305,29803984001,Windows_No_Exception_CI,"build (3.10, x64)",completed,success,2026-07-21T05:26:12Z,2026-07-21T05:51:37Z,1525,aff827f8af8b899903e3a4ac9e2de03829ec1847
88529287584,29796669042,Windows_No_Exception_CI,"build (3.10, x64)",completed,success,2026-07-21T02:45:25Z,2026-07-21T03:05:02Z,1177,fc8b1e4f575d56fbeefc8165689d19265a813884
88501882525,29787417508,Windows_No_Exception_CI,"build (3.10, x64)",completed,success,2026-07-20T23:30:30Z,2026-07-20T23:56:24Z,1554,928f94127f1706f03cf6025307307272853d0fca
88482864761,29781274255,Windows_No_Exception_CI,"build (3.10, x64)",completed,success,2026-07-20T21:43:31Z,2026-07-20T22:08:24Z,1493,420dbc12d945d348df181e08ffde14c83cb55ed8
88481330036,29780806462,Windows_No_Exception_CI,"build (3.10, x64)",completed,cancelled,2026-07-20T21:36:02Z,2026-07-20T21:43:28Z,446,e9723bb719f3cbf9dc3962b37e42658b69049b63
88475254322,29778973021,Windows_No_Exception_CI,"build (3.10, x64)",completed,success,2026-07-20T21:08:07Z,2026-07-20T21:33:55Z,1548,4f4f1d379a8c587ded9d0b801fb6927fbee5228d
88296290807,29725109180,Windows_No_Exception_CI,"build (3.10, x64)",completed,success,2026-07-20T07:35:54Z,2026-07-20T08:02:06Z,1572,ab9d3eb46a1cda63cbb35799341b68ca73628fac
88865911672,29902398859,Windows_No_Exception_CI,"build (3.10, x64)",completed,success,2026-07-22T08:01:58Z,2026-07-22T08:28:14Z,1576,2ee57bf49079fec4907834b5b59243c9fd36db8e
88865777907,29902365608,Windows_No_Exception_CI,"build (3.10, x64)",completed,cancelled,2026-07-22T08:01:18Z,2026-07-22T08:01:55Z,37,9ff5212fa04bd9538af4b1189bf8e73b5976106e
88725022689,29857385302,Windows_No_Exception_CI,"build (3.10, x64)",completed,success,2026-07-21T18:28:53Z,2026-07-21T18:54:20Z,1527,9db63eb3372ccabc74835d9e8bb85887ac7e68b7
89402465501,30067939219,Windows_No_Exception_CI,"build (3.10, x64)",completed,success,2026-07-24T04:53:07Z,2026-07-24T05:17:25Z,1458,da71a46bf43b202be9792f2e0dc45fa02fa85a39
89353601350,30051249647,Windows_No_Exception_CI,"build (3.10, x64)",completed,success,2026-07-23T22:50:17Z,2026-07-23T23:15:58Z,1541,bf8993b9e7d0ebf784a0bb86ad12ae1d6cf8ac04
89291341754,30032240467,Windows_No_Exception_CI,"build (3.10, x64)",completed,success,2026-07-23T18:05:50Z,2026-07-23T18:25:29Z,1179,1930eabc6b5087889711da997ca58838e17d91aa
89277313890,30028029833,Windows_No_Exception_CI,"build (3.10, x64)",completed,success,2026-07-23T17:06:57Z,2026-07-23T17:29:06Z,1329,69829c45e120dce3921c3fc951aaa25e7410f2d8
89400146999,30023293261,Windows_No_Exception_CI,"build (3.10, x64)",completed,success,2026-07-24T04:33:51Z,2026-07-24T05:00:07Z,1576,78166d7d0ae91c76de901a2a573021c5fe7fe7f7
89184918249,30000690108,Windows_No_Exception_CI,"build (3.10, x64)",completed,success,2026-07-23T10:48:26Z,2026-07-23T11:14:12Z,1546,799a5eae207d51f581c7363428f6471f5770c33f
89174973012,29997630954,Windows_No_Exception_CI,"build (3.10, x64)",completed,success,2026-07-23T10:00:34Z,2026-07-23T10:24:14Z,1420,5674d333cda224b9154f6f92dc16966ffbf8eff4
89118368173,29979559427,Windows_No_Exception_CI,"build (3.10, x64)",completed,success,2026-07-23T04:26:46Z,2026-07-23T04:53:16Z,1590,7990b148b001e28efe28bdc4f6b9d7c83a76ac38
89871950675,30231027142,Windows_No_Exception_CI,"build (3.10, x64)",completed,success,2026-07-27T02:16:47Z,2026-07-27T02:39:21Z,1354,3a15f1e2a243459cbf45366e4da014d25099340a
89762018227,30190213046,Windows_No_Exception_CI,"build (3.10, x64)",completed,success,2026-07-26T05:57:10Z,2026-07-26T06:21:47Z,1477,eb8eadf0d2d64b1f02c366015870d93726bc38ad
89753252215,30186948265,Windows_No_Exception_CI,"build (3.10, x64)",completed,success,2026-07-26T03:55:54Z,2026-07-26T04:20:30Z,1476,621ea1b507b299fa67b29c66a55c24b26e4a4d04
89719848862,30174046885,Windows_No_Exception_CI,"build (3.10, x64)",completed,success,2026-07-25T20:40:29Z,2026-07-25T21:06:12Z,1543,60a2f7a78e31743414c403f3eee8409bda32115d
89718880245,30173669786,Windows_No_Exception_CI,"build (3.10, x64)",completed,cancelled,2026-07-25T20:29:19Z,2026-07-25T20:40:26Z,667,c103d4b8ad6b38a281341022ea4a2151d736b1ad
89718675116,30173595417,Windows_No_Exception_CI,"build (3.10, x64)",completed,cancelled,2026-07-25T20:27:03Z,2026-07-25T20:29:17Z,134,4af2cc83b47834f3657ef45527522d184409aca6
89718600917,30173569782,Windows_No_Exception_CI,"build (3.10, x64)",completed,cancelled,2026-07-25T20:26:15Z,2026-07-25T20:27:00Z,45,6de74d0b3cccc2cad2ddad8413505ed25aca3440
89718524840,30173543846,Windows_No_Exception_CI,"build (3.10, x64)",completed,cancelled,2026-07-25T20:25:27Z,2026-07-25T20:26:12Z,45,11dcbb67d26602f9081dd461b586295414dcaad3
89700180525,30166439035,Windows_No_Exception_CI,"build (3.10, x64)",completed,success,2026-07-25T16:50:53Z,2026-07-25T17:20:40Z,1787,3487eea621f87f1896c3ed4fec58faa6bc978d8a
89699160436,30166057111,Windows_No_Exception_CI,"build (3.10, x64)",completed,cancelled,2026-07-25T16:39:17Z,2026-07-25T16:50:51Z,694,1a0b992af7ba5c5cc820ee350f76883ea8183658
89849758198,30164578534,Windows_No_Exception_CI,"build (3.10, x64)",completed,success,2026-07-26T22:36:02Z,2026-07-26T22:59:27Z,1405,c749c3f5add32b935a9bcb5ce15615e48ae659a9
90340893375,30378716820,Windows_No_Exception_CI,"build (3.10, x64)",completed,success,2026-07-28T16:32:25Z,2026-07-28T16:57:33Z,1508,1f9d368f12c463a83169f7df36e66efc43e966f0
90311989880,30370270309,Windows_No_Exception_CI,"build (3.10, x64)",completed,success,2026-07-28T14:49:27Z,2026-07-28T15:15:15Z,1548,d23419a25c68cfd972a495765c433e8aee2f6b68
90294639254,30365226641,Windows_No_Exception_CI,"build (3.10, x64)",completed,success,2026-07-28T13:48:28Z,2026-07-28T14:08:56Z,1228,abca46237c4ad91ffd938ea67310347f02ad9c77
90260237526,30354751329,Windows_No_Exception_CI,"build (3.10, x64)",completed,success,2026-07-28T11:25:55Z,2026-07-28T11:49:15Z,1400,1374a8e303dca35e4f087026cde395cccf832bd5
90244544982,30349863140,Windows_No_Exception_CI,"build (3.10, x64)",completed,success,2026-07-28T10:13:02Z,2026-07-28T10:37:21Z,1459,42f14a1a73640431239f3db9a05d64f88dcf2518
90210890322,30339231565,Windows_No_Exception_CI,"build (3.10, x64)",completed,success,2026-07-28T07:39:42Z,2026-07-28T08:05:21Z,1539,9ed8771b410d8623066a1190ff415090036413ab
90207741611,30338242658,Windows_No_Exception_CI,"build (3.10, x64)",completed,cancelled,2026-07-28T07:23:41Z,2026-07-28T07:39:36Z,955,58f09ab2251b4378af0805b49b8d0c94fefe13e0
90207580586,30338189374,Windows_No_Exception_CI,"build (3.10, x64)",completed,success,2026-07-28T07:22:56Z,2026-07-28T07:49:20Z,1584,96e1622a14578371733d62fc7fe6fe6ce5aca9a7
90205520731,30337507205,Windows_No_Exception_CI,"build (3.10, x64)",completed,success,2026-07-28T07:12:06Z,2026-07-28T07:32:31Z,1225,3044ba4f4f8f63dd26d2bfd1e4c3544fdf373c55
90204880142,30337296385,Windows_No_Exception_CI,"build (3.10, x64)",completed,success,2026-07-28T07:08:41Z,2026-07-28T07:26:40Z,1079,20abcb420a765abac5e70d41cc72933def11a83b
90199740786,30335619026,Windows_No_Exception_CI,"build (3.10, x64)",completed,success,2026-07-28T06:40:57Z,2026-07-28T07:04:41Z,1424,0b50c5c81fa7f01ea457fbf4719a01c959777c1f
90194370436,30333809606,Windows_No_Exception_CI,"build (3.10, x64)",completed,success,2026-07-28T06:08:16Z,2026-07-28T06:33:57Z,1541,72b8b1314bfc1fcfdea5f0521d6be1a992af3e9a
90178950532,30328591814,Windows_No_Exception_CI,"build (3.10, x64)",completed,success,2026-07-28T04:23:03Z,2026-07-28T04:48:47Z,1544,110e06544e863add56d90f6240fd38677aabe51a
90178920026,30328581250,Windows_No_Exception_CI,"build (3.10, x64)",completed,success,2026-07-28T04:22:48Z,2026-07-28T04:48:30Z,1542,acc057691831bd04e25e9bf3135ddcc04687a488
90156833132,30321058261,Windows_No_Exception_CI,"build (3.10, x64)",completed,success,2026-07-28T01:42:59Z,2026-07-28T02:09:26Z,1587,3fb5c33a58cf0c85e61e8440efa8c406d0eafcd1
90155378188,30320479313,Windows_No_Exception_CI,"build (3.10, x64)",completed,success,2026-07-28T01:33:01Z,2026-07-28T01:59:24Z,1583,4ee965534aedd50ba4e6b96b129b3a2ed67e14eb
90112041821,30306535120,Windows_No_Exception_CI,"build (3.10, x64)",completed,success,2026-07-27T21:21:51Z,2026-07-27T21:47:58Z,1567,9d096bc8fee3abfd4ab5db4c37bbe33af193a4fd
90109669211,30305802362,Windows_No_Exception_CI,"build (3.10, x64)",completed,success,2026-07-27T21:11:36Z,2026-07-27T21:31:34Z,1198,c44e10002f2ec6968e4dd9b7b675a761f27f3957
90109524157,30305759409,Windows_No_Exception_CI,"build (3.10, x64)",completed,success,2026-07-27T21:10:59Z,2026-07-27T21:34:36Z,1417,68fffc3dcb40b76be588ac4aa39a4e36331f7cb7
90106334376,30304816488,Windows_No_Exception_CI,"build (3.10, x64)",completed,success,2026-07-27T20:57:42Z,2026-07-27T21:23:41Z,1559,8f84df6da77aa37ea19dff615ef8501149603aa3
90155011982,30304748899,Windows_No_Exception_CI,"build (3.10, x64)",completed,cancelled,2026-07-28T01:30:30Z,2026-07-28T01:32:56Z,146,e520fc9eb8405ffae02b7a9db4fd9fd8fb5b861f
90106174588,30304677661,Windows_No_Exception_CI,"build (3.10, x64)",completed,success,2026-07-27T20:57:02Z,2026-07-27T21:21:12Z,1450,ae682b89846d982bae8b062ed6860253da8b4802
90104969007,30304330145,Windows_No_Exception_CI,"build (3.10, x64)",completed,cancelled,2026-07-27T20:52:03Z,2026-07-27T20:56:59Z,296,3792c449c052495ab20dff83ba156f6a78077288
90103939958,30304091597,Windows_No_Exception_CI,"build (3.10, x64)",completed,success,2026-07-27T20:47:39Z,2026-07-27T21:13:42Z,1563,627faad6d1fc28a173e27ce4a1eea20ef0f94895
90103328841,30303906898,Windows_No_Exception_CI,"build (3.10, x64)",completed,cancelled,2026-07-27T20:45:04Z,2026-07-27T20:51:56Z,412,0923f0a6283bd6d0c562b473ca822a185ae5df2b
90102866681,30303734812,Windows_No_Exception_CI,"build (3.10, x64)",completed,success,2026-07-27T20:43:11Z,2026-07-27T21:05:05Z,1314,3de367280ba5ce0eb73d0aefa835f6b1cd4be3f3
90102088040,30303538549,Windows_No_Exception_CI,"build (3.10, x64)",completed,success,2026-07-27T20:39:53Z,2026-07-27T21:04:10Z,1457,a33db3623ae34557b5ca5c7bcacaec246591befb
90101166487,30303269648,Windows_No_Exception_CI,"build (3.10, x64)",completed,cancelled,2026-07-27T20:36:00Z,2026-07-27T20:43:06Z,426,33f08a67b03612f6ef11a2814aedd426e1ae0573
90097351537,30302127516,Windows_No_Exception_CI,"build (3.10, x64)",completed,success,2026-07-27T20:20:07Z,2026-07-27T20:46:39Z,1592,ec75e2df448853b9455281336f5227be2e01464d
90095761985,30301646147,Windows_No_Exception_CI,"build (3.10, x64)",completed,success,2026-07-27T20:13:17Z,2026-07-27T20:39:28Z,1571,843b054b880e971132ac3dfc02eb96ff76a6d8ae
90092313164,30300609498,Windows_No_Exception_CI,"build (3.10, x64)",completed,success,2026-07-27T19:58:54Z,2026-07-27T20:23:43Z,1489,c9fb9e9fc917721d91ddde505e04bae223e47edc
90090815634,30300151893,Windows_No_Exception_CI,"build (3.10, x64)",completed,success,2026-07-27T19:52:39Z,2026-07-27T20:12:44Z,1205,366a47deff2414dbaf7e0e49f1aea29d28f46fa8
90081633464,30297382818,Windows_No_Exception_CI,"build (3.10, x64)",completed,success,2026-07-27T19:14:39Z,2026-07-27T19:39:13Z,1474,9e1e2664310a600627990b5bd23786b1f2ce2205
90079413203,30295148214,Windows_No_Exception_CI,"build (3.10, x64)",completed,success,2026-07-27T19:05:22Z,2026-07-27T19:32:19Z,1617,dc7661fe3dc8b4e842d1088c7778f4849b9f9b4c
91503651487,30750523030,Windows_No_Exception_CI,"build (3.10, x64)",completed,success,2026-08-02T13:43:05Z,2026-08-02T14:06:21Z,1396,bc45e5f024f47153b94b078e56cb7b0e0d30a634
91491050618,30745791485,Windows_No_Exception_CI,"build (3.10, x64)",completed,success,2026-08-02T11:27:53Z,2026-08-02T11:53:34Z,1541,78634361ba1c9714046dd86661226b1c74a7f972
91478244063,30740977725,Windows_No_Exception_CI,"build (3.10, x64)",completed,success,2026-08-02T09:02:55Z,2026-08-02T09:28:35Z,1540,46b843ad8244f66d7ad66720b719bf986c85dda5
91477181326,30740590013,Windows_No_Exception_CI,"build (3.10, x64)",completed,cancelled,2026-08-02T08:51:20Z,2026-08-02T09:02:51Z,691,2b4aed7412a28713882f04cc887be9adc941b883
91466671897,30736704358,Windows_No_Exception_CI,"build (3.10, x64)",completed,success,2026-08-02T06:52:11Z,2026-08-02T07:17:44Z,1533,f0011683efe144c0b6fbb6fb58c742e0a406088e
91458043343,30733580683,Windows_No_Exception_CI,"build (3.10, x64)",completed,success,2026-08-02T05:08:17Z,2026-08-02T05:34:10Z,1553,877f4803f48f110f9c9912a5c0e03868487f066b
91458004505,30733546921,Windows_No_Exception_CI,"build (3.10, x64)",completed,success,2026-08-02T05:07:52Z,2026-08-02T05:31:58Z,1446,d7739fca22ac8b45e6a566278418edf2d92f9c74
91457582921,30733418546,Windows_No_Exception_CI,"build (3.10, x64)",completed,cancelled,2026-08-02T05:02:55Z,2026-08-02T05:07:46Z,291,d7f1bde30ffb339766841778c35d358356748177
91453122123,30731708617,Windows_No_Exception_CI,"build (3.10, x64)",completed,success,2026-08-02T04:03:49Z,2026-08-02T04:27:58Z,1449,3a53746c8b0b0ab01bbdb3f360840739cf60c15a
91441084498,30727239177,Windows_No_Exception_CI,"build (3.10, x64)",completed,success,2026-08-02T01:32:51Z,2026-08-02T01:59:10Z,1579,348d23d00b7a3dd0f13af98a04106d852e5917d9
91440787676,30727134066,Windows_No_Exception_CI,"build (3.10, x64)",completed,cancelled,2026-08-02T01:29:25Z,2026-08-02T01:32:49Z,204,057b1972d1236548e6efa8aaf0e3fffa6d14c698
91440579415,30727054478,Windows_No_Exception_CI,"build (3.10, x64)",completed,success,2026-08-02T01:26:45Z,2026-08-02T01:52:33Z,1548,d96301e71e5c3f33f29e6ce8745704539f2b39aa
91440404834,30726993039,Windows_No_Exception_CI,"build (3.10, x64)",completed,success,2026-08-02T01:24:29Z,2026-08-02T01:50:18Z,1549,a13b40f63ae0ec305af361982383f374a1072ac1
91440174320,30726908888,Windows_No_Exception_CI,"build (3.10, x64)",completed,cancelled,2026-08-02T01:21:34Z,2026-08-02T01:24:26Z,172,01d2c71d7d7a5f19405542c8e859e671ab0f0ac5
91440131769,30726892381,Windows_No_Exception_CI,"build (3.10, x64)",completed,cancelled,2026-08-02T01:21:02Z,2026-08-02T01:21:31Z,29,beb9b7c3808b2c6c60e6f15cea377e841af66e0d
91439813832,30726777439,Windows_No_Exception_CI,"build (3.10, x64)",completed,success,2026-08-02T01:17:02Z,2026-08-02T01:42:41Z,1539,5402fb45ac84112d3096768cbc22c95ef5fcd79c
91439706000,30726733080,Windows_No_Exception_CI,"build (3.10, x64)",completed,cancelled,2026-08-02T01:15:37Z,2026-08-02T01:21:00Z,323,0af241aca03a021e7ce63cbc83a706eb12de4828
91439643826,30726707333,Windows_No_Exception_CI,"build (3.10, x64)",completed,cancelled,2026-08-02T01:14:50Z,2026-08-02T01:15:35Z,45,1dee617793b4e13e729ddae1b805dd4b8f6f8f55
91439599472,30726688493,Windows_No_Exception_CI,"build (3.10, x64)",completed,success,2026-08-02T01:14:17Z,2026-08-02T01:35:01Z,1244,9c2f7881e2841144738d4079b08448c2b59476b1
91439433119,30726623305,Windows_No_Exception_CI,"build (3.10, x64)",completed,cancelled,2026-08-02T01:12:08Z,2026-08-02T01:14:48Z,160,a18f351b048d0b37ed812bca6b1ca2e68a74c876
91439380726,30726606167,Windows_No_Exception_CI,"build (3.10, x64)",completed,success,2026-08-02T01:11:29Z,2026-08-02T01:37:43Z,1574,6d989e76657e94e16206925094f2bf49360e84af
91439061454,30726481575,Windows_No_Exception_CI,"build (3.10, x64)",completed,cancelled,2026-08-02T01:07:41Z,2026-08-02T01:12:05Z,264,08a1faacfb76d0b5bf0a297f3bd7df0807e396d3
91438848454,30726411467,Windows_No_Exception_CI,"build (3.10, x64)",completed,cancelled,2026-08-02T01:05:09Z,2026-08-02T01:26:40Z,1291,fac0cfc091b72748aefd6e3673592d5a007c07ac
91438841356,30726408674,Windows_No_Exception_CI,"build (3.10, x64)",completed,cancelled,2026-08-02T01:05:01Z,2026-08-02T01:14:14Z,553,93b2f6d5f460b88685ae4ebeeede21b9abab07e1
91438651999,30726338934,Windows_No_Exception_CI,"build (3.10, x64)",completed,cancelled,2026-08-02T01:02:45Z,2026-08-02T01:07:39Z,294,be32ee2d83cf52a65c853ee959054c95c6bef683
91407519475,30714442910,Windows_No_Exception_CI,"build (3.10, x64)",completed,success,2026-08-01T19:17:32Z,2026-08-01T19:41:32Z,1440,abf35fc8e96684a707bfc6b3578b61201873c3d5
91407422059,30714406982,Windows_No_Exception_CI,"build (3.10, x64)",completed,success,2026-08-01T19:16:32Z,2026-08-01T19:42:03Z,1531,0a9caf9d277ed5350d488599bc604363a1c1a960
91407207134,30714325851,Windows_No_Exception_CI,"build (3.10, x64)",completed,success,2026-08-01T19:14:19Z,2026-08-01T19:39:48Z,1529,6cf450492db9cabb3dfc6673700b784ccd897346
91384697413,30705808879,Windows_No_Exception_CI,"build (3.10, x64)",completed,success,2026-08-01T15:24:40Z,2026-08-01T15:46:46Z,1326,6697288bddb3a8b57718688e479310481da758b7
91384255642,30705679958,Windows_No_Exception_CI,"build (3.10, x64)",completed,success,2026-08-01T15:20:12Z,2026-08-01T15:46:18Z,1566,4ab1a959ab1270f808933a5a9f460d1f8dc7da8b
91384261049,30705677727,Windows_No_Exception_CI,"build (3.10, x64)",completed,success,2026-08-01T15:20:14Z,2026-08-01T15:42:52Z,1358,7fa42c711163d7bab002380f8a2cecd1519ef156
91384036691,30705600567,Windows_No_Exception_CI,"build (3.10, x64)",completed,cancelled,2026-08-01T15:17:52Z,2026-08-01T15:24:38Z,406,6effaa9d8dc2623a728d0abe39fefdfe4ae7d9b3
91383099054,30705236005,Windows_No_Exception_CI,"build (3.10, x64)",completed,success,2026-08-01T15:12:36Z,2026-08-01T15:38:43Z,1567,7ed7a562277a94ec878591233b6d27972a9c1aab
91383082593,30705229796,Windows_No_Exception_CI,"build (3.10, x64)",completed,success,2026-08-01T15:11:44Z,2026-08-01T15:37:33Z,1549,38e6a55bbd184d79a478c6ad98ae16509a6bb1cb
91383076236,30705227091,Windows_No_Exception_CI,"build (3.10, x64)",completed,success,2026-08-01T15:10:39Z,2026-08-01T15:36:52Z,1573,86a7ff25706e6fe3384cfcd39535dade17e00156
91383056198,30705219248,Windows_No_Exception_CI,"build (3.10, x64)",completed,success,2026-08-01T15:08:56Z,2026-08-01T15:32:20Z,1404,f55ed8a66a382019ebb61ae75b39783dcdd4e458
91383050352,30705216974,Windows_No_Exception_CI,"build (3.10, x64)",completed,success,2026-08-01T15:08:26Z,2026-08-01T15:34:08Z,1542,c47ce8b83aee9633c472bd1a70937f6ccb339bd9
91382932978,30705171078,Windows_No_Exception_CI,"build (3.10, x64)",completed,success,2026-08-01T15:06:13Z,2026-08-01T15:30:20Z,1447,26a07210700d41ff13eb157324be399fa0b0616b
91382926558,30705168610,Windows_No_Exception_CI,"build (3.10, x64)",completed,success,2026-08-01T15:05:57Z,2026-08-01T15:32:23Z,1586,7a93cff5a02640fd7b850f993995d5001b3abadb
91382906680,30705161248,Windows_No_Exception_CI,"build (3.10, x64)",completed,success,2026-08-01T15:05:44Z,2026-08-01T15:31:20Z,1536,6331d63658368b704a9016459c25addf454b442e
91382894761,30705156816,Windows_No_Exception_CI,"build (3.10, x64)",completed,success,2026-08-01T15:05:42Z,2026-08-01T15:30:58Z,1516,0015da105c371b757bb22a2642719853ec678492
91382773754,30705110920,Windows_No_Exception_CI,"build (3.10, x64)",completed,success,2026-08-01T15:04:20Z,2026-08-01T15:30:14Z,1554,3022ce329ce7a585da0d9456f745d52deb244e4a
91382678658,30705075043,Windows_No_Exception_CI,"build (3.10, x64)",completed,success,2026-08-01T15:03:19Z,2026-08-01T15:27:46Z,1467,d1fbbc64f095e8d9d89fcc6422b01ed030a141d1
91382670119,30705071958,Windows_No_Exception_CI,"build (3.10, x64)",completed,success,2026-08-01T15:03:13Z,2026-08-01T15:28:34Z,1521,0c00275d9d38de052c384b42499c67ea9b9db323
91382642992,30705062161,Windows_No_Exception_CI,"build (3.10, x64)",completed,cancelled,2026-08-01T15:02:57Z,2026-08-01T15:20:12Z,1035,bc51a55ad2e56ecf7c7a4581ec7dd2888c66d078
91382638716,30705060853,Windows_No_Exception_CI,"build (3.10, x64)",completed,success,2026-08-01T15:02:54Z,2026-08-01T15:28:29Z,1535,067087ec446020f58f22f019e9bce7f1db3bd00e
91382629301,30705057327,Windows_No_Exception_CI,"build (3.10, x64)",completed,success,2026-08-01T15:02:48Z,2026-08-01T15:27:01Z,1453,4c2357980b3320a79ed2ad08d2288e5c8f1304d4
91382620833,30705054427,Windows_No_Exception_CI,"build (3.10, x64)",completed,cancelled,2026-08-01T15:02:42Z,2026-08-01T15:20:10Z,1048,294ab1c326ba6d59da9a80d1e63e85a4d26a651d
91378264978,30703418534,Windows_No_Exception_CI,"build (3.10, x64)",completed,success,2026-08-01T14:16:06Z,2026-08-01T14:38:21Z,1335,05ba61a6f872220e7c8c6cf00cde5265838cdc97
91378211063,30703396976,Windows_No_Exception_CI,"build (3.10, x64)",completed,success,2026-08-01T14:15:32Z,2026-08-01T14:41:28Z,1556,e1b16741a09c3bfa5432059ed791c66285060cea
91372826997,30701365643,Windows_No_Exception_CI,"build (3.10, x64)",completed,success,2026-08-01T13:15:42Z,2026-08-01T13:39:52Z,1450,96ae99d952c85cd7de55cc90f2db8e42c4c26da8
91323979907,30683179012,Windows_No_Exception_CI,"build (3.10, x64)",completed,failure,2026-08-01T04:03:28Z,2026-08-01T04:24:45Z,1277,6243d4f31334a5630e98700771066ba9899a9764
91323047454,30682829704,Windows_No_Exception_CI,"build (3.10, x64)",completed,success,2026-08-01T03:52:29Z,2026-08-01T04:18:29Z,1560,7d9ac74283d500c377adb327ecddb803a2b4d9e3
91322651038,30682681426,Windows_No_Exception_CI,"build (3.10, x64)",completed,success,2026-08-01T03:47:44Z,2026-08-01T04:14:12Z,1588,57bb876250ecc07623a744512d94b44221fb3ed8
91320492899,30681908189,Windows_No_Exception_CI,"build (3.10, x64)",completed,success,2026-08-01T03:23:56Z,2026-08-01T03:50:17Z,1581,b6892d0c0865be3ec43d6dcb9694085370b68bde
91320458543,30681897495,Windows_No_Exception_CI,"build (3.10, x64)",completed,success,2026-08-01T03:23:36Z,2026-08-01T03:43:49Z,1213,f700b21e86eb68727e9c78e87aba5078517e71ed
91320251652,30681826284,Windows_No_Exception_CI,"build (3.10, x64)",completed,success,2026-08-01T03:21:20Z,2026-08-01T03:47:00Z,1540,ed596e59acf5c9cbff9c196af0203d9042a19312
91312021480,30679000431,Windows_No_Exception_CI,"build (3.10, x64)",completed,success,2026-08-01T01:57:04Z,2026-08-01T02:20:51Z,1427,5a90553c5d46225445fae208c6ed6f1691d0acee
91296365963,30673649271,Windows_No_Exception_CI,"build (3.10, x64)",completed,success,2026-07-31T23:43:20Z,2026-08-01T00:08:59Z,1539,b9a36b64f571d20d57aa1255ac9dd72613e10067
91295975290,30673520537,Windows_No_Exception_CI,"build (3.10, x64)",completed,cancelled,2026-07-31T23:40:20Z,2026-07-31T23:43:18Z,178,3653be4cbcfcf6bc1b1949ee35d1839369fa70d5
91293734959,30672753364,Windows_No_Exception_CI,"build (3.10, x64)",completed,success,2026-07-31T23:23:38Z,2026-07-31T23:47:22Z,1424,ac022da25942010f88356890a2923da2107d587c
91230493010,30652979824,Windows_No_Exception_CI,"build (3.10, x64)",completed,success,2026-07-31T17:53:56Z,2026-07-31T18:19:55Z,1559,66e80a9da1180cd834f58e8a50674b8492d4b499
91229782046,30652752392,Windows_No_Exception_CI,"build (3.10, x64)",completed,cancelled,2026-07-31T17:50:42Z,2026-07-31T17:53:54Z,192,0357df6b380014cb66d2d63c9480414f5b21e42a
91225885532,30651521469,Windows_No_Exception_CI,"build (3.10, x64)",completed,cancelled,2026-07-31T17:32:55Z,2026-07-31T17:50:39Z,1064,0411ab82b3c508264dc6d84decf105eddbda93e4
91224353384,30651129871,Windows_No_Exception_CI,"build (3.10, x64)",completed,cancelled,2026-07-31T17:25:51Z,2026-07-31T17:32:52Z,421,62f0cdc959ac5703cca88456075f3dc30baa8314
91220215575,30649874701,Windows_No_Exception_CI,"build (3.10, x64)",completed,success,2026-07-31T17:06:43Z,2026-07-31T17:33:04Z,1581,fff216e9b1c0f5fd5f5c0e4f26c43f5b951e8218
91218701124,30649403404,Windows_No_Exception_CI,"build (3.10, x64)",completed,success,2026-07-31T17:00:01Z,2026-07-31T17:25:27Z,1526,9ef07d367e45100cd51ef2105bfb6495ff409a4e
91213733520,30647894011,Windows_No_Exception_CI,"build (3.10, x64)",completed,success,2026-07-31T16:37:53Z,2026-07-31T17:03:28Z,1535,cf1f7fb160a36f354fce0cd3c6e2696ba8e755be
91203813639,30644917007,Windows_No_Exception_CI,"build (3.10, x64)",completed,success,2026-07-31T15:55:01Z,2026-07-31T16:21:57Z,1616,5af9c8ff455624537ad12923ecce6c1277019812
91187125306,30639978682,Windows_No_Exception_CI,"build (3.10, x64)",completed,success,2026-07-31T14:45:49Z,2026-07-31T15:11:08Z,1519,8ddbfd1c547eb117b80c5c7d804b3c30d837c1d4
91174151023,30636151448,Windows_No_Exception_CI,"build (3.10, x64)",completed,success,2026-07-31T13:51:34Z,2026-07-31T14:12:14Z,1240,41924d4b04c39e4cf5528e8134249966bc73cf81
91171110502,30635252000,Windows_No_Exception_CI,"build (3.10, x64)",completed,success,2026-07-31T13:38:17Z,2026-07-31T14:05:23Z,1626,a5ea26bd2445f5546e09d07a8e009ea6df6a34f7
91170710287,30635141631,Windows_No_Exception_CI,"build (3.10, x64)",completed,cancelled,2026-07-31T13:36:34Z,2026-07-31T13:38:14Z,100,7c54edc8802fb03b0c777af22a8cd275e78af941
91158236620,30631363931,Windows_No_Exception_CI,"build (3.10, x64)",completed,success,2026-07-31T12:38:40Z,2026-07-31T13:05:13Z,1593,07a7ceda89bdd90de9b6599eeede6f36ecbf3a86
91153833789,30629984327,Windows_No_Exception_CI,"build (3.10, x64)",completed,success,2026-07-31T12:16:06Z,2026-07-31T12:31:58Z,952,a0140ddbc4ce1073b5f3a5d4df11c41a45a2f9a9
91140165247,30625649759,Windows_No_Exception_CI,"build (3.10, x64)",completed,failure,2026-07-31T11:02:58Z,2026-07-31T11:19:39Z,1001,400e743050475ddab4f6d7ffecb0e4fd09c54a2e
91107582959,30615484221,Windows_No_Exception_CI,"build (3.10, x64)",completed,success,2026-07-31T08:12:24Z,2026-07-31T08:38:18Z,1554,12293453d6d96e60179e7e3c63e35139f9c68a7a
91074624700,30604750652,Windows_No_Exception_CI,"build (3.10, x64)",completed,success,2026-07-31T04:40:19Z,2026-07-31T05:05:24Z,1505,2b893e39b86dccb95ce18faa2345b8c38e9110e2
91074597568,30604740756,Windows_No_Exception_CI,"build (3.10, x64)",completed,success,2026-07-31T04:40:07Z,2026-07-31T05:05:55Z,1548,922291bb12e3578e742d1d800bd84e0955e4b6bf
91074466548,30604696655,Windows_No_Exception_CI,"build (3.10, x64)",completed,success,2026-07-31T04:39:04Z,2026-07-31T05:05:19Z,1575,0e4703b020a87561df8d9fb06df0d225a84d831f
91066534579,30602008286,Windows_No_Exception_CI,"build (3.10, x64)",completed,success,2026-07-31T03:36:40Z,2026-07-31T04:02:51Z,1571,c2eef957fe25a80d884f97b90fd27980c3e54a25
91016733701,30585808337,Windows_No_Exception_CI,"build (3.10, x64)",completed,success,2026-07-30T22:04:17Z,2026-07-30T22:30:07Z,1550,c3d96de8c2dbf88b2caac757007962b9f1dbda77
91011864647,30584281577,Windows_No_Exception_CI,"build (3.10, x64)",completed,success,2026-07-30T21:39:55Z,2026-07-30T22:03:53Z,1438,adf8d1ec350460820496f80300955e6264a9501c
90980298305,30574812198,Windows_No_Exception_CI,"build (3.10, x64)",completed,success,2026-07-30T19:26:12Z,2026-07-30T19:49:49Z,1417,f5a18f4c025c21591b2c6b87c8964e871985b913
91289126103,30572287430,Windows_No_Exception_CI,"build (3.10, x64)",completed,success,2026-07-31T22:51:06Z,2026-07-31T23:16:43Z,1537,8f38db66a208b431fcc828965d9561db23e58b1e
90946891788,30564910946,Windows_No_Exception_CI,"build (3.10, x64)",completed,success,2026-07-30T17:12:05Z,2026-07-30T17:32:50Z,1245,cebec03e7335457b36568fb63d3e83a950ab1c7c
90937426141,30562065191,Windows_No_Exception_CI,"build (3.10, x64)",completed,success,2026-07-30T16:35:03Z,2026-07-30T16:55:46Z,1243,ffd7858c396692efc0cd0396369f55876d869c34
90936111882,30561707262,Windows_No_Exception_CI,"build (3.10, x64)",completed,cancelled,2026-07-30T16:29:50Z,2026-07-30T16:34:59Z,309,4964c0dd677563a88fc8e5289448aeadf28ce84c
90927267254,30559127357,Windows_No_Exception_CI,"build (3.10, x64)",completed,success,2026-07-30T15:56:26Z,2026-07-30T16:22:55Z,1589,bbf7bdf7b84c7742ae9e87182cf1742ce21f6562
91013089056,30554148991,Windows_No_Exception_CI,"build (3.10, x64)",completed,success,2026-07-30T21:45:48Z,2026-07-30T22:04:55Z,1147,d5834d4cfd8395e5e802912e3156f8fe3f846b75
90879899807,30539650321,Windows_No_Exception_CI,"build (3.10, x64)",completed,success,2026-07-30T13:05:09Z,2026-07-30T13:30:40Z,1531,f0aa2b45a6cec8f04c9b75253c017e3010659bac
90837096679,30532260868,Windows_No_Exception_CI,"build (3.10, x64)",completed,success,2026-07-30T09:50:02Z,2026-07-30T10:16:31Z,1589,b4c6bba5dc11a0e20854462ccd28376b809f6fd1
90829113125,30529568700,Windows_No_Exception_CI,"build (3.10, x64)",completed,success,2026-07-30T09:12:51Z,2026-07-30T09:39:29Z,1598,6822c403524f6f07c53777641366d36dd7bef3d3
90794652743,30518869746,Windows_No_Exception_CI,"build (3.10, x64)",completed,success,2026-07-30T06:12:34Z,2026-07-30T06:38:44Z,1570,6ec042158a0269d7a6aae044f7c1678ee1aea89b
90785018341,30515741602,Windows_No_Exception_CI,"build (3.10, x64)",completed,success,2026-07-30T05:07:30Z,2026-07-30T05:31:37Z,1447,512e5d4e7836f0a9147d4df7c86f258b8f393965
90760292649,30507484881,Windows_No_Exception_CI,"build (3.10, x64)",completed,success,2026-07-30T02:05:33Z,2026-07-30T02:30:02Z,1469,8a532731f289bb8766eba75e6043b7ec3e0f1215
90760189734,30507454395,Windows_No_Exception_CI,"build (3.10, x64)",completed,cancelled,2026-07-30T02:04:54Z,2026-07-30T02:05:31Z,37,6ccc5a27c4cf2532ea47b53e0cbcfe524e7799ba
90758244535,30506798941,Windows_No_Exception_CI,"build (3.10, x64)",completed,success,2026-07-30T01:51:09Z,2026-07-30T02:11:06Z,1197,57c9eac659d81b1ebd4c54ce59762f79c86f72c5
90758159716,30506774073,Windows_No_Exception_CI,"build (3.10, x64)",completed,cancelled,2026-07-30T01:50:31Z,2026-07-30T01:51:06Z,35,c2f238ebd4fc42e4939b05bc4a565c8379590cc9
90608130772,30461394063,Windows_No_Exception_CI,"build (3.10, x64)",completed,success,2026-07-29T14:32:59Z,2026-07-29T14:56:49Z,1430,b2244dcc0c22876ad4cbc8f60aa03fe4a4653eee
90604272815,30460286128,Windows_No_Exception_CI,"build (3.10, x64)",completed,cancelled,2026-07-29T14:19:24Z,2026-07-29T14:32:53Z,809,636f310968c1fa07420d9b93dc8a4192ac441abf
90573995684,30451380361,Windows_No_Exception_CI,"build (3.10, x64)",completed,success,2026-07-29T12:23:23Z,2026-07-29T12:47:38Z,1455,84cac55d436fb4575e703195fc66d018b08f59aa
90554449253,30442605420,Windows_No_Exception_CI,"build (3.10, x64)",completed,success,2026-07-29T10:53:32Z,2026-07-29T11:19:47Z,1575,a4b5446709879685e380f693a39614326a3835e5
90538297470,30440302286,Windows_No_Exception_CI,"build (3.10, x64)",completed,success,2026-07-29T09:38:43Z,2026-07-29T10:04:46Z,1563,eb27b1ee655d7ecec3428530aa06a5fa48fb3850
90538474027,30439216746,Windows_No_Exception_CI,"build (3.10, x64)",completed,success,2026-07-29T09:39:31Z,2026-07-29T10:05:42Z,1571,c40e7c5eb4425abd98e185bbe4ea7313159df665
91595522513,30784549996,Windows_No_Exception_CI,"build (3.10, x64)",completed,success,2026-08-03T04:28:49Z,2026-08-03T04:48:30Z,1181,a650d1a8e2b1d3970e3966fc6a6cc0eb05e79fd2
91574428266,30777057270,Windows_No_Exception_CI,"build (3.10, x64)",completed,success,2026-08-03T01:31:19Z,2026-08-03T01:57:28Z,1569,6f54c2fa018d4d0a0179dc8759b23e805a4eb621
91569541087,30775293226,Windows_No_Exception_CI,"build (3.10, x64)",completed,success,2026-08-03T00:47:14Z,2026-08-03T01:13:10Z,1556,877687a5279ab697ef39d493407bef7c337e241f
91569038070,30775112474,Windows_No_Exception_CI,"build (3.10, x64)",completed,success,2026-08-03T00:42:44Z,2026-08-03T01:09:03Z,1579,54f105df3c09b36055c41a73074674a6d51332bb
92769284582,31147298533,Windows_No_Exception_CI,"build (3.10, x64)",completed,success,2026-08-07T04:24:08Z,2026-08-07T04:48:40Z,1472,f8f3dff0f251585bbbc69348490a986203f18d6f
92742986275,31138442014,Windows_No_Exception_CI,"build (3.10, x64)",completed,success,2026-08-07T01:34:20Z,2026-08-07T02:00:29Z,1569,ff450f2ca0f4709fc35c9f649b7841a5ac28531f
92741660322,31138002670,Windows_No_Exception_CI,"build (3.10, x64)",completed,cancelled,2026-08-07T01:26:10Z,2026-08-07T01:34:18Z,488,f923bbae71aaf3b6577d5e1d1baf33dcfe4cb006
92673575347,31118417342,Windows_No_Exception_CI,"build (3.10, x64)",completed,success,2026-08-06T16:05:43Z,2026-08-06T16:34:49Z,1746,1d4fd0e29adfcdcb58dd048c3231beed4c25c921
92666347542,31116213613,Windows_No_Exception_CI,"build (3.10, x64)",completed,success,2026-08-06T15:31:19Z,2026-08-06T15:58:05Z,1606,3ca35d099f38c763841f01f2ea2fce405ae0c805
92665516583,31115972374,Windows_No_Exception_CI,"build (3.10, x64)",completed,success,2026-08-06T15:28:18Z,2026-08-06T15:53:38Z,1520,7d372fe895c93e9cc47f8bca096bd757f7733604
92665403449,31115950367,Windows_No_Exception_CI,"build (3.10, x64)",completed,cancelled,2026-08-06T15:27:52Z,2026-08-06T15:31:16Z,204,21befbee47e85fc2050591279cbdc8f45ca2f4e5
92659487867,31114212877,Windows_No_Exception_CI,"build (3.10, x64)",completed,success,2026-08-06T15:06:09Z,2026-08-06T15:25:14Z,1145,cbaeb4022c7609b54cb26b80b17fe0010e487037
92655055726,31112917605,Windows_No_Exception_CI,"build (3.10, x64)",completed,success,2026-08-06T14:51:13Z,2026-08-06T15:15:26Z,1453,be20b36667798f0cd02f78ae4e17da476899403a
92638899323,31108230727,Windows_No_Exception_CI,"build (3.10, x64)",completed,success,2026-08-06T13:55:24Z,2026-08-06T14:17:18Z,1314,d45d28c351f9999f125b48146ebf97e61b0a76ff
92638732827,31108189521,Windows_No_Exception_CI,"build (3.10, x64)",completed,cancelled,2026-08-06T13:54:47Z,2026-08-06T13:55:21Z,34,61d62ef04dc07dbc67a386ec12402c3c142b7c58
92631248270,31106011904,Windows_No_Exception_CI,"build (3.10, x64)",completed,success,2026-08-06T13:27:39Z,2026-08-06T13:51:48Z,1449,4298311e2876ba09bf759d8f5a63c671a2ab653d
92621667613,31103202063,Windows_No_Exception_CI,"build (3.10, x64)",completed,success,2026-08-06T12:51:11Z,2026-08-06T13:11:00Z,1189,e1c9da31df1dddd9a9ed1fcfdd03fc7c83f2d15e
92590746929,31093771970,Windows_No_Exception_CI,"build (3.10, x64)",completed,success,2026-08-06T10:34:19Z,2026-08-06T11:00:56Z,1597,8824ae64f6891eb74ea01f418ded0561bce25470
92586775042,31092561270,Windows_No_Exception_CI,"build (3.10, x64)",completed,cancelled,2026-08-06T10:16:08Z,2026-08-06T10:34:16Z,1088,603df5abaa7882577ab316e26695118814961f70
92586188912,31092305292,Windows_No_Exception_CI,"build (3.10, x64)",completed,cancelled,2026-08-06T10:13:30Z,2026-08-06T10:16:05Z,155,fe295d77dbf7ef6234997c1de8fc588d6b6de0a3
92584680714,31091901407,Windows_No_Exception_CI,"build (3.10, x64)",completed,cancelled,2026-08-06T10:06:42Z,2026-08-06T10:13:27Z,405,d73f042f256898db1cbcfd12b1363772361b9b98
92583413214,31091523861,Windows_No_Exception_CI,"build (3.10, x64)",completed,cancelled,2026-08-06T10:01:11Z,2026-08-06T10:06:39Z,328,ae5865a400c205bc0287fd5b6d761b5c5488e16f
92582602771,31091267274,Windows_No_Exception_CI,"build (3.10, x64)",completed,success,2026-08-06T09:57:41Z,2026-08-06T10:22:20Z,1479,ae5865a400c205bc0287fd5b6d761b5c5488e16f
92582348833,31091198337,Windows_No_Exception_CI,"build (3.10, x64)",completed,cancelled,2026-08-06T09:56:34Z,2026-08-06T09:57:38Z,64,ea9bfccad319c1d58c0700ac35046f780445905f
92570814510,31087647800,Windows_No_Exception_CI,"build (3.10, x64)",completed,success,2026-08-06T09:05:56Z,2026-08-06T09:32:14Z,1578,56271d56179c5728c953d9a0bf509cd5c0485c06
92563395074,31085350729,Windows_No_Exception_CI,"build (3.10, x64)",completed,success,2026-08-06T08:33:03Z,2026-08-06T08:59:32Z,1589,54fdfa86b6f924718cff0635e22af9ffc2d0db5f
92555751096,31082949922,Windows_No_Exception_CI,"build (3.10, x64)",completed,success,2026-08-06T07:57:55Z,2026-08-06T08:17:06Z,1151,44188a528959383df73471ec224b6289fa623513
92553365548,31082209346,Windows_No_Exception_CI,"build (3.10, x64)",completed,success,2026-08-06T07:46:25Z,2026-08-06T08:10:36Z,1451,1fe3441a370320035abaf8e455e1523961f23bc0
92543426752,31079052504,Windows_No_Exception_CI,"build (3.10, x64)",completed,success,2026-08-06T06:57:01Z,2026-08-06T07:23:09Z,1568,a999c011daaa6e629ef9c726cf4a800a43acb0ac
92514184272,31069474159,Windows_No_Exception_CI,"build (3.10, x64)",completed,success,2026-08-06T03:48:54Z,2026-08-06T04:12:30Z,1416,9a29eb4f02bac5a6cbe8c4df5d59bd6572551fff
92432494553,31043259088,Windows_No_Exception_CI,"build (3.10, x64)",completed,success,2026-08-05T20:16:00Z,2026-08-05T20:42:23Z,1583,59ba803db8898f0a2b89aaf1741bdefe62c94533
92401922229,31034153406,Windows_No_Exception_CI,"build (3.10, x64)",completed,success,2026-08-05T18:19:08Z,2026-08-05T18:45:49Z,1601,3e85ef5b5297973a7e3608d0bfc182673f6d4ace
92394192057,31031831802,Windows_No_Exception_CI,"build (3.10, x64)",completed,success,2026-08-05T17:49:52Z,2026-08-05T18:15:57Z,1565,7c6e9b2943f7bb5732023258f9d765ccd133af86
92387029130,31029717437,Windows_No_Exception_CI,"build (3.10, x64)",completed,success,2026-08-05T17:22:33Z,2026-08-05T17:48:17Z,1544,09f555aeed5673d20eda440c895911a8acf12fad
92380175882,31027674390,Windows_No_Exception_CI,"build (3.10, x64)",completed,success,2026-08-05T16:56:47Z,2026-08-05T17:22:45Z,1558,7cc81c9a0084796df9a6fb6a0fc0944152b67626
92373051228,31025583172,Windows_No_Exception_CI,"build (3.10, x64)",completed,success,2026-08-05T16:30:21Z,2026-08-05T16:55:37Z,1516,91fad37a520a863d2c0a8f47c29ec9824ee5a619
92372510100,31025427340,Windows_No_Exception_CI,"build (3.10, x64)",completed,success,2026-08-05T16:28:24Z,2026-08-05T16:55:02Z,1598,74ff8571fca98ea37697e6364990f4b4a2107af2
92357340455,31020993151,Windows_No_Exception_CI,"build (3.10, x64)",completed,success,2026-08-05T15:34:38Z,2026-08-05T16:00:33Z,1555,aacdf231b84a00f11552e2fd08d717c1da93ab6c
92356664915,31020760982,Windows_No_Exception_CI,"build (3.10, x64)",completed,success,2026-08-05T15:32:18Z,2026-08-05T15:51:09Z,1131,aa42afa48b6690222d44099fc7e187ab605a38d6
92351890020,31019391024,Windows_No_Exception_CI,"build (3.10, x64)",completed,success,2026-08-05T15:15:56Z,2026-08-05T15:41:37Z,1541,7af563910d6a6cfc1fe83c9d4b97f795bfbec348
92351503329,31019289695,Windows_No_Exception_CI,"build (3.10, x64)",completed,cancelled,2026-08-05T15:14:38Z,2026-08-05T15:32:16Z,1058,665de4200aa97486aa0d843d561a30d8814303e8
92349177775,31018611395,Windows_No_Exception_CI,"build (3.10, x64)",completed,cancelled,2026-08-05T15:06:37Z,2026-08-05T15:15:52Z,555,d1226b3baa4cc8fb767d3c7e4b0d1061d8259ec8
92220033035,30979281487,Windows_No_Exception_CI,"build (3.10, x64)",completed,success,2026-08-05T05:49:08Z,2026-08-05T06:14:58Z,1550,93a76893e1f89c073b099172b8d92b63559024bf
92207995391,30975317643,Windows_No_Exception_CI,"build (3.10, x64)",completed,success,2026-08-05T04:30:14Z,2026-08-05T04:55:18Z,1504,9d750adb52167c7488a4f1ca9ae9fec7cc38d721
92199864615,30972564606,Windows_No_Exception_CI,"build (3.10, x64)",completed,success,2026-08-05T03:32:42Z,2026-08-05T03:56:11Z,1409,121e8ac896837f5e31f122d086eb3ab7f7f2a0d7
92199713053,30972512869,Windows_No_Exception_CI,"build (3.10, x64)",completed,success,2026-08-05T03:31:40Z,2026-08-05T03:57:25Z,1545,13ae08f1fc13bdea7dd42ce293daaa5fc6c958ec
92185085864,30967680692,Windows_No_Exception_CI,"build (3.10, x64)",completed,success,2026-08-05T01:52:30Z,2026-08-05T02:11:52Z,1162,643dd20bdddd58fac6098408d1f83861ae29f4ba
92183538669,30967171369,Windows_No_Exception_CI,"build (3.10, x64)",completed,success,2026-08-05T01:42:11Z,2026-08-05T02:02:10Z,1199,36de2eac257a3181fd914917a170146149824ec3
92162364187,30960241346,Windows_No_Exception_CI,"build (3.10, x64)",completed,success,2026-08-04T23:30:53Z,2026-08-04T23:54:30Z,1417,3d00943864513982c3de4a3b3e824cd550bc3f26
92162213468,30960190144,Windows_No_Exception_CI,"build (3.10, x64)",completed,success,2026-08-04T23:30:04Z,2026-08-04T23:56:34Z,1590,1da65ecfb76c23b65b57c9ffcf6a4913d780129e
92152829291,30957168128,Windows_No_Exception_CI,"build (3.10, x64)",completed,success,2026-08-04T22:38:48Z,2026-08-04T23:04:13Z,1525,abd1bc24514133aa60c630ed2cc0d36eca707a57
92152663342,30957115766,Windows_No_Exception_CI,"build (3.10, x64)",completed,success,2026-08-04T22:37:57Z,2026-08-04T23:03:16Z,1519,fba2ac76ec921a17a9379f3e3dc6230cb40f01c0
92151001615,30956592639,Windows_No_Exception_CI,"build (3.10, x64)",completed,success,2026-08-04T22:29:38Z,2026-08-04T22:55:25Z,1547,119ff8ff33d5a36fe0f92ee73a067e572230d747
92145802305,30954986413,Windows_No_Exception_CI,"build (3.10, x64)",completed,success,2026-08-04T22:04:50Z,2026-08-04T22:24:38Z,1188,884af81fc169a306e04e621c53f618a3cb0cf948
92145380394,30954855397,Windows_No_Exception_CI,"build (3.10, x64)",completed,success,2026-08-04T22:02:54Z,2026-08-04T22:27:39Z,1485,509c3c3622c680dbc839951a0f4d86aa8d67f7a0
92144799308,30954671909,Windows_No_Exception_CI,"build (3.10, x64)",completed,success,2026-08-04T22:00:19Z,2026-08-04T22:27:19Z,1620,950e59beb5aa693985699634a7687173cc2473df
92144806079,30954668119,Windows_No_Exception_CI,"build (3.10, x64)",completed,success,2026-08-04T22:00:20Z,2026-08-04T22:24:32Z,1452,77811a54568f1be364d941326b49200d17ed7a98
92144781367,30954665914,Windows_No_Exception_CI,"build (3.10, x64)",completed,success,2026-08-04T22:00:13Z,2026-08-04T22:26:27Z,1574,1215647dd6f62b2c5c9ca69ef232de78a375c709
92144533801,30954589126,Windows_No_Exception_CI,"build (3.10, x64)",completed,success,2026-08-04T21:59:04Z,2026-08-04T22:22:10Z,1386,a8f77b5b90fd8490071c57466b1ebc2706e05fcf
92144271593,30954509125,Windows_No_Exception_CI,"build (3.10, x64)",completed,cancelled,2026-08-04T21:57:52Z,2026-08-04T22:00:17Z,145,dbac8e8bdceadaa20cbdb57b959be783508a1716
92117787964,30946530998,Windows_No_Exception_CI,"build (3.10, x64)",completed,success,2026-08-04T20:09:05Z,2026-08-04T20:33:51Z,1486,e1b146ce26734a66bcad8205d55955721c91f8f0
92117891988,30946412756,Windows_No_Exception_CI,"build (3.10, x64)",completed,success,2026-08-04T20:09:29Z,2026-08-04T20:35:26Z,1557,384af197bde6aa79d3d554c19ac10048b7906c30
92103942043,30942433385,Windows_No_Exception_CI,"build (3.10, x64)",completed,success,2026-08-04T19:15:25Z,2026-08-04T19:41:04Z,1539,03267b1f335bf0c7a9b45b7b87310d893da81240
92103691262,30942356790,Windows_No_Exception_CI,"build (3.10, x64)",completed,success,2026-08-04T19:14:27Z,2026-08-04T19:39:45Z,1518,6d6ba327c6bc9bf653ec430bf3ae272e85bc462a
92097816047,30940640593,Windows_No_Exception_CI,"build (3.10, x64)",completed,success,2026-08-04T18:52:21Z,2026-08-04T19:19:01Z,1600,6be0677fc22e74563e6eb472f931513aefe5648d
92075819853,30934121648,Windows_No_Exception_CI,"build (3.10, x64)",completed,success,2026-08-04T17:29:17Z,2026-08-04T17:54:18Z,1501,95c3f3fc0b2b00decb70b69d49ea73b1684c665d
92069563228,30932257678,Windows_No_Exception_CI,"build (3.10, x64)",completed,success,2026-08-04T17:05:21Z,2026-08-04T17:31:58Z,1597,49edaa917b863e4552f5f7e138225b993c406f34
92056847393,30928483639,Windows_No_Exception_CI,"build (3.10, x64)",completed,success,2026-08-04T16:18:26Z,2026-08-04T16:42:17Z,1431,fb636b2d9f357a91b495395cc655cbacc2332db5
91965682097,30901209274,Windows_No_Exception_CI,"build (3.10, x64)",completed,success,2026-08-04T10:34:29Z,2026-08-04T11:00:35Z,1566,d72c9bb37d05fdcfb32a522bf1a734770ef4ad9f
92115050772,30892273511,Windows_No_Exception_CI,"build (3.10, x64)",completed,success,2026-08-04T19:58:31Z,2026-08-04T20:25:02Z,1591,f816ae134c95f4fe177bc2e31b905705da4984dc
91919361413,30886688316,Windows_No_Exception_CI,"build (3.10, x64)",completed,success,2026-08-04T07:09:29Z,2026-08-04T07:34:20Z,1491,9b94db4ff93b901f2242884b90e5a5d5c83a9009
91885737983,30875399416,Windows_No_Exception_CI,"build (3.10, x64)",completed,success,2026-08-04T03:40:00Z,2026-08-04T04:02:53Z,1373,528cbdb577ac20a734d808be72451a107ad7fd89
91875965400,30872078942,Windows_No_Exception_CI,"build (3.10, x64)",completed,success,2026-08-04T02:32:16Z,2026-08-04T02:58:21Z,1565,b1089e4f71b18da89883ffeb4a41686c3b036a3e
91855675742,30865287216,Windows_No_Exception_CI,"build (3.10, x64)",completed,success,2026-08-04T00:21:00Z,2026-08-04T00:41:33Z,1233,18a44ebe7dce191db2ed3bf8daa9c0c33e8687cb
91772033305,30839255787,Windows_No_Exception_CI,"build (3.10, x64)",completed,success,2026-08-03T18:00:03Z,2026-08-03T18:27:13Z,1630,e87025f8043f1a42ff78304a2981eaa663a2eda7
91771932496,30839231901,Windows_No_Exception_CI,"build (3.10, x64)",completed,cancelled,2026-08-03T17:59:38Z,2026-08-03T18:00:00Z,22,9ae72779ba54e7e4374ebd178bd338085d83a032
91770184759,30838705695,Windows_No_Exception_CI,"build (3.10, x64)",completed,success,2026-08-03T17:52:36Z,2026-08-03T18:17:19Z,1483,63af0dc6928ef1334d201508a853e5ba47f582e9
91757210044,30834790702,Windows_No_Exception_CI,"build (3.10, x64)",completed,success,2026-08-03T17:00:48Z,2026-08-03T17:26:34Z,1546,5a1600c5612e65913512d751674d9be817d78c2e
91760227669,30834438207,Windows_No_Exception_CI,"build (3.10, x64)",completed,success,2026-08-03T17:12:43Z,2026-08-03T17:39:04Z,1581,777e8da3afaaf37a05ccd707c3e7b9819e50fc9b
91755929713,30834391048,Windows_No_Exception_CI,"build (3.10, x64)",completed,success,2026-08-03T16:55:50Z,2026-08-03T17:22:19Z,1589,129e00fe67627992f335fc9c8818b5091bb3537f
91754369700,30833932614,Windows_No_Exception_CI,"build (3.10, x64)",completed,cancelled,2026-08-03T16:49:43Z,2026-08-03T16:55:47Z,364,9fc5491ee2310e1ca9c5a37150ec317713c62b8f
91754272805,30833903866,Windows_No_Exception_CI,"build (3.10, x64)",completed,success,2026-08-03T16:49:21Z,2026-08-03T17:17:15Z,1674,787b6b19f31e3932ab9b8fc93362df762418f040
91754079380,30833848152,Windows_No_Exception_CI,"build (3.10, x64)",completed,success,2026-08-03T16:48:36Z,2026-08-03T17:14:41Z,1565,8a233665bdf1dffd612d4726a140d4fffc2acc35
91753641355,30833717482,Windows_No_Exception_CI,"build (3.10, x64)",completed,success,2026-08-03T16:46:53Z,2026-08-03T17:11:22Z,1469,fb4da4bb0fc95620f35d24e641d45408c0903423
91746429845,30831538953,Windows_No_Exception_CI,"build (3.10, x64)",completed,success,2026-08-03T16:18:19Z,2026-08-03T16:44:23Z,1564,1d50f8497e1c9646e795a2909a1e9495787ca990
91745121964,30831141323,Windows_No_Exception_CI,"build (3.10, x64)",completed,success,2026-08-03T16:13:14Z,2026-08-03T16:39:32Z,1578,f48b0cfbe63d0bc8b22f5889eb7dfbf7492bb1b2
91744960538,30831104032,Windows_No_Exception_CI,"build (3.10, x64)",completed,cancelled,2026-08-03T16:12:36Z,2026-08-03T16:13:11Z,35,67f0abc94e8a0e3d43666cb4166550e0e246faf2
91743888378,30830786963,Windows_No_Exception_CI,"build (3.10, x64)",completed,success,2026-08-03T16:08:33Z,2026-08-03T16:33:20Z,1487,97895421fe3520dd1de8468e6ace271fd710000c
91741037335,30829911606,Windows_No_Exception_CI,"build (3.10, x64)",completed,success,2026-08-03T15:57:43Z,2026-08-03T16:23:29Z,1546,0458aefc5e0ca12fa53ece44baf10810d0b84e3a
91736696745,30828630556,Windows_No_Exception_CI,"build (3.10, x64)",completed,cancelled,2026-08-03T15:41:08Z,2026-08-03T15:57:39Z,991,2a1e4d5d6ef4329778e955d2313bf1345cf59015
91735544395,30828298800,Windows_No_Exception_CI,"build (3.10, x64)",completed,success,2026-08-03T15:36:47Z,2026-08-03T15:57:36Z,1249,82e4fd514a7ffe20f58348563dc5b295ecee0488
91733744675,30827780592,Windows_No_Exception_CI,"build (3.10, x64)",completed,cancelled,2026-08-03T15:30:08Z,2026-08-03T15:41:06Z,658,4495ea12db9378c3ec7414c29ec8ab11cfb38552
91728594240,30826263945,Windows_No_Exception_CI,"build (3.10, x64)",completed,cancelled,2026-08-03T15:10:57Z,2026-08-03T15:36:44Z,1547,95fceefc0635a76407a682ec3e82f62c11a0c802
91728432465,30826223500,Windows_No_Exception_CI,"build (3.10, x64)",completed,cancelled,2026-08-03T15:10:21Z,2026-08-03T15:10:54Z,33,d356a8f89f91f6e56d8c0cc9b2de0b0eeeff88c8
91726534379,30825598306,Windows_No_Exception_CI,"build (3.10, x64)",completed,success,2026-08-03T15:03:38Z,2026-08-03T15:24:20Z,1242,32056e0d8593d1dfdd14810b8cbd99d6872718ff
91726111559,30825545291,Windows_No_Exception_CI,"build (3.10, x64)",completed,success,2026-08-03T15:02:07Z,2026-08-03T15:22:54Z,1247,42038efc7c3c3d1d34df237b00bd2831d666923b
91724786517,30825156609,Windows_No_Exception_CI,"build (3.10, x64)",completed,cancelled,2026-08-03T14:57:20Z,2026-08-03T15:03:35Z,375,5c86230f7ab9dd7ddf81b79a7118c209202ac67d
91716040205,30822609124,Windows_No_Exception_CI,"build (3.10, x64)",completed,success,2026-08-03T14:25:19Z,2026-08-03T14:51:27Z,1568,b55794db29df33466532cd4658dfce08acbc4503
91715051389,30822316344,Windows_No_Exception_CI,"build (3.10, x64)",completed,success,2026-08-03T14:21:43Z,2026-08-03T14:46:25Z,1482,319a08f97351695467ea7079ccc397c8e6283c6e
91714649844,30822200936,Windows_No_Exception_CI,"build (3.10, x64)",completed,success,2026-08-03T14:20:15Z,2026-08-03T14:44:20Z,1445,977c8c95dbad4a4a7b5b32930a95b3bd75be5b72
91712809689,30821660151,Windows_No_Exception_CI,"build (3.10, x64)",completed,success,2026-08-03T14:13:48Z,2026-08-03T14:39:22Z,1534,9b77becc02ea78db2eddbc9c3147b2c4662155f6
91708086494,30820254713,Windows_No_Exception_CI,"build (3.10, x64)",completed,success,2026-08-03T13:55:59Z,2026-08-03T14:21:39Z,1540,04f2ec465d31fdce5851c7b7a004def46764310e
91687338108,30814042468,Windows_No_Exception_CI,"build (3.10, x64)",completed,success,2026-08-03T12:33:17Z,2026-08-03T12:59:02Z,1545,2801ac7cb75570c2d0fc13b29f200382ccc5f7ab
91685135690,30813373950,Windows_No_Exception_CI,"build (3.10, x64)",completed,success,2026-08-03T12:23:25Z,2026-08-03T12:49:29Z,1564,e27e5b37423b37b0634dc916bc61e37be2b7a1c0
91683351333,30812834020,Windows_No_Exception_CI,"build (3.10, x64)",completed,cancelled,2026-08-03T12:15:22Z,2026-08-03T12:33:15Z,1073,7e1874ba6ebaa3c0ffbc7b3bbd51e212358c4309
91678851336,30811432015,Windows_No_Exception_CI,"build (3.10, x64)",completed,success,2026-08-03T11:55:18Z,2026-08-03T12:21:47Z,1589,cf61f3543bfa4bb65a51ab9a5f570aad2540b32b
91677758956,30811094208,Windows_No_Exception_CI,"build (3.10, x64)",completed,success,2026-08-03T11:50:16Z,2026-08-03T12:09:30Z,1154,485cd0922ce0bc6a225115e0095f1d0ef747240b
91677661007,30811065098,Windows_No_Exception_CI,"build (3.10, x64)",completed,success,2026-08-03T11:49:49Z,2026-08-03T12:15:55Z,1566,087f04d627e3fe3ae739e2ddd3fde7d8919ca0a4
91672351078,30809420838,Windows_No_Exception_CI,"build (3.10, x64)",completed,failure,2026-08-03T11:24:41Z,2026-08-03T11:39:05Z,864,2f74b34686fff43e7476c88352bbb169389ba36c
91670494521,30808853264,Windows_No_Exception_CI,"build (3.10, x64)",completed,success,2026-08-03T11:16:05Z,2026-08-03T11:40:19Z,1454,e0f95676c9dffd36c50df9e9f6c55ac0835a4444
91677953057,30808755651,Windows_No_Exception_CI,"build (3.10, x64)",completed,success,2026-08-03T11:51:10Z,2026-08-03T12:17:17Z,1567,96fcd9600d75398f60680a198ae24a7da02e0e0d
91662642175,30806386459,Windows_No_Exception_CI,"build (3.10, x64)",completed,success,2026-08-03T10:38:51Z,2026-08-03T11:04:08Z,1517,c79afe9e4a13c32ef09e6c129b9f7ffa9c10319b
91661787659,30806117360,Windows_No_Exception_CI,"build (3.10, x64)",completed,cancelled,2026-08-03T10:34:43Z,2026-08-03T10:38:48Z,245,2cd248e8282c436a6c93ff5ed302df3701bfb577
91661457282,30806011015,Windows_No_Exception_CI,"build (3.10, x64)",completed,cancelled,2026-08-03T10:33:08Z,2026-08-03T10:34:40Z,92,c982975b72950ffb1ec947c51db87c1a467891a9
91661175349,30805928986,Windows_No_Exception_CI,"build (3.10, x64)",completed,cancelled,2026-08-03T10:31:47Z,2026-08-03T10:33:05Z,78,2109eff3b85d25984894751e4f1ad16063c8ccc3
91655299050,30804091709,Windows_No_Exception_CI,"build (3.10, x64)",completed,success,2026-08-03T10:04:55Z,2026-08-03T10:26:53Z,1318,8f053c3fd8f8a1935ee38f9298b55b0134fe941b
91917079853,30802966077,Windows_No_Exception_CI,"build (3.10, x64)",completed,success,2026-08-04T06:58:32Z,2026-08-04T07:24:04Z,1532,8ac720a8b4be7395563d40a350868960b8f87ad5
93217268051,31298197714,Windows_No_Exception_CI,"build (3.10, x64)",completed,success,2026-08-09T07:59:31Z,2026-08-09T08:26:01Z,1590,ae3a29b04b1a21a84b1e99b7dc67232ee9e75ab2
93193619510,31293100600,Windows_No_Exception_CI,"build (3.10, x64)",completed,success,2026-08-09T03:45:46Z,2026-08-09T04:12:03Z,1577,20c3be4fd6b57275f40d80a6629c17c8d9a109a3
93193446291,31293035546,Windows_No_Exception_CI,"build (3.10, x64)",completed,success,2026-08-09T03:43:53Z,2026-08-09T04:04:31Z,1238,ec4e255ed6e9a2b0008d839a17190db6c3a8e86e
93193380012,31293010631,Windows_No_Exception_CI,"build (3.10, x64)",completed,success,2026-08-09T03:43:11Z,2026-08-09T04:09:42Z,1591,f391b0f65a198ef9eac270ca2c6b55d31bb9e45d
93191719211,31292404590,Windows_No_Exception_CI,"build (3.10, x64)",completed,success,2026-08-09T03:25:49Z,2026-08-09T03:49:59Z,1450,1d320a10146cd5ad132139e0955dded3b596ae03
93190932049,31292108655,Windows_No_Exception_CI,"build (3.10, x64)",completed,success,2026-08-09T03:17:02Z,2026-08-09T03:37:00Z,1198,35464cdab73c76659d298d643a52379d31b923d0
93103117350,31257530927,Windows_No_Exception_CI,"build (3.10, x64)",completed,success,2026-08-08T12:34:00Z,2026-08-08T12:54:44Z,1244,e6fa12024e37d329353fc2560c8e36427ad9f9f1
93101672795,31256953944,Windows_No_Exception_CI,"build (3.10, x64)",completed,success,2026-08-08T12:19:00Z,2026-08-08T12:45:15Z,1575,8c2aa9b326ae291eb05a61654211183b93e9ac4c
93098932863,31255833066,Windows_No_Exception_CI,"build (3.10, x64)",completed,success,2026-08-08T11:49:15Z,2026-08-08T12:15:00Z,1545,856b349cc49999190a356ae390e0a4eac7743979
93098790433,31255774178,Windows_No_Exception_CI,"build (3.10, x64)",completed,cancelled,2026-08-08T11:47:41Z,2026-08-08T11:49:12Z,91,c253052ff380f0e40fe15c29303dbdc73240881a
93093843326,31253709379,Windows_No_Exception_CI,"build (3.10, x64)",completed,success,2026-08-08T10:51:53Z,2026-08-08T11:11:53Z,1200,a53bbc07b9d8eea454c9b6de6233f7e81ed9cc4d
93093798873,31253689994,Windows_No_Exception_CI,"build (3.10, x64)",completed,success,2026-08-08T10:51:24Z,2026-08-08T11:17:38Z,1574,0dd7987d73780e1801691e7465b63288a8bcab2b
93090875330,31252489327,Windows_No_Exception_CI,"build (3.10, x64)",completed,success,2026-08-08T10:18:17Z,2026-08-08T10:44:12Z,1555,16dc9403c4d99c3db8441bdfff1a9b47997e3d42
93090442763,31252308139,Windows_No_Exception_CI,"build (3.10, x64)",completed,success,2026-08-08T10:13:29Z,2026-08-08T10:37:59Z,1470,274257f4895a900332cdfc95da3b1f7774ff4f90
93090276476,31252245426,Windows_No_Exception_CI,"build (3.10, x64)",completed,cancelled,2026-08-08T10:11:42Z,2026-08-08T10:13:27Z,105,969e80e02663e27829218a0b4ee7e3b9d32a1e96
93089194667,31251802198,Windows_No_Exception_CI,"build (3.10, x64)",completed,success,2026-08-08T10:00:01Z,2026-08-08T10:25:14Z,1513,2703e5c61793ba103e4c9dec9592be1edf674c4d
93087260464,31251005453,Windows_No_Exception_CI,"build (3.10, x64)",completed,cancelled,2026-08-08T09:38:10Z,2026-08-08T09:59:59Z,1309,bb46953189993a5a0d11f4a6b6802f419a05d031
93071215559,31244687862,Windows_No_Exception_CI,"build (3.10, x64)",completed,success,2026-08-08T06:46:48Z,2026-08-08T07:13:09Z,1581,31782da3b7a1d186370fabb10c4f534ac0933f72
93071175227,31244672728,Windows_No_Exception_CI,"build (3.10, x64)",completed,success,2026-08-08T06:46:25Z,2026-08-08T07:11:07Z,1482,4698c6ae6e2551b7981046d45f2f21de16d5210f
93071143645,31244661268,Windows_No_Exception_CI,"build (3.10, x64)",completed,success,2026-08-08T06:46:03Z,2026-08-08T07:11:41Z,1538,926c9fe96614ab87e1ae80ec2aef62e4780bfe14
93070194696,31244283237,Windows_No_Exception_CI,"build (3.10, x64)",completed,success,2026-08-08T06:35:59Z,2026-08-08T07:03:00Z,1621,b062c05c8b4f716cd867cda46b63f68310122590
93064966058,31242213260,Windows_No_Exception_CI,"build (3.10, x64)",completed,success,2026-08-08T05:40:34Z,2026-08-08T06:06:37Z,1563,a657500914f20b42e7ad830e08a3dca342fc9c28
93061541518,31240889168,Windows_No_Exception_CI,"build (3.10, x64)",completed,success,2026-08-08T05:05:08Z,2026-08-08T05:31:30Z,1582,5b0630e849889deeadb903afe61ecba0221115ab
93060844803,31240619497,Windows_No_Exception_CI,"build (3.10, x64)",completed,cancelled,2026-08-08T04:57:43Z,2026-08-08T05:05:06Z,443,90a8187d60d9c29a2e3553502610c18dc7a5c6c6
93057600884,31239369211,Windows_No_Exception_CI,"build (3.10, x64)",completed,success,2026-08-08T04:24:30Z,2026-08-08T04:49:42Z,1512,de8115605675287f02a402f23a026eb076a1cda7
93031114294,31229762082,Windows_No_Exception_CI,"build (3.10, x64)",completed,success,2026-08-08T00:19:21Z,2026-08-08T00:45:12Z,1551,94baa442285c2e0b064a55a77c40b2fb14871e29
93008245327,31221949430,Windows_No_Exception_CI,"build (3.10, x64)",completed,success,2026-08-07T21:56:19Z,2026-08-07T22:22:41Z,1582,3d327127f0f0a3bd50b69a77f6d5c6b7fb6e5acf
93005989179,31221211072,Windows_No_Exception_CI,"build (3.10, x64)",completed,cancelled,2026-08-07T21:44:37Z,2026-08-07T21:56:10Z,693,ec5edfcabb8414adbb0e45344424bb983ce8a7bd
92987431665,31215328027,Windows_No_Exception_CI,"build (3.10, x64)",completed,success,2026-08-07T20:19:13Z,2026-08-07T20:45:31Z,1578,aeca076e722f6b1fa7c5ee4ac8c44f6dfe2faac9
92984103695,31214294065,Windows_No_Exception_CI,"build (3.10, x64)",completed,cancelled,2026-08-07T20:05:02Z,2026-08-07T20:19:08Z,846,4152ebf8fbc53f372c4067295d21b53aae3056d2
92982308349,31213732237,Windows_No_Exception_CI,"build (3.10, x64)",completed,cancelled,2026-08-07T19:57:21Z,2026-08-07T20:04:59Z,458,9b030e1df301f0d2894758b9145caa14c3bee3c5
92967338616,31209026721,Windows_No_Exception_CI,"build (3.10, x64)",completed,success,2026-08-07T18:54:42Z,2026-08-07T19:17:40Z,1378,3ccf4a946bff09c596376a984bcdc91ee90484f9
92965666422,31208594794,Windows_No_Exception_CI,"build (3.10, x64)",completed,cancelled,2026-08-07T18:47:53Z,2026-08-07T18:54:39Z,406,fa41fcb62a0abd5acfca27dbd079e48155149248
92945405236,31202441790,Windows_No_Exception_CI,"build (3.10, x64)",completed,failure,2026-08-07T17:28:20Z,2026-08-07T17:47:13Z,1133,17b5c357b6ef70500950074e88eeaafddc58131d
92934040444,31198965307,Windows_No_Exception_CI,"build (3.10, x64)",completed,success,2026-08-07T16:43:53Z,2026-08-07T17:10:05Z,1572,e5a5156a8218181715f68a0f59cf00ec312c4a44
92931458087,31198182027,Windows_No_Exception_CI,"build (3.10, x64)",completed,failure,2026-08-07T16:33:58Z,2026-08-07T16:53:16Z,1158,67877dd38da3d5d90bc3327150cb8778387b451a
92922539526,31195485610,Windows_No_Exception_CI,"build (3.10, x64)",completed,success,2026-08-07T16:00:56Z,2026-08-07T16:26:18Z,1522,48ca9e17e87c8ef09a830f1d2865c81c1e7afad2
92913646397,31192823196,Windows_No_Exception_CI,"build (3.10, x64)",completed,success,2026-08-07T15:29:04Z,2026-08-07T15:54:21Z,1517,10a559e633ff636c54caf94943f1f2e453fb0737
92912540391,31192498891,Windows_No_Exception_CI,"build (3.10, x64)",completed,success,2026-08-07T15:25:09Z,2026-08-07T15:49:50Z,1481,2899af66d474fcd367fd4c264b6ed91b15c2f97d
92913783874,31178661147,Windows_No_Exception_CI,"build (3.10, x64)",completed,success,2026-08-07T15:29:33Z,2026-08-07T15:56:37Z,1624,48896f7c70a8a23203d3961f34d3140f0cb2a9fa
92836292757,31168998551,Windows_No_Exception_CI,"build (3.10, x64)",completed,success,2026-08-07T10:10:38Z,2026-08-07T10:33:19Z,1361,d4da52832bec1379aa7989656d9f16cbca7b193b
92827877703,31166328110,Windows_No_Exception_CI,"build (3.10, x64)",completed,success,2026-08-07T09:32:36Z,2026-08-07T09:57:35Z,1499,92c53b11a4f35b83a9d768b116c05fd4037541ce
92797983622,31156810385,Windows_No_Exception_CI,"build (3.10, x64)",completed,success,2026-08-07T07:13:21Z,2026-08-07T07:39:04Z,1543,0b1680b0debc511a13d808e4111865333353a5ff
92793765707,31154516968,Windows_No_Exception_CI,"build (3.10, x64)",completed,success,2026-08-07T06:51:23Z,2026-08-07T07:16:10Z,1487,289692430ea996fc4b98a1f714173b72b98abdcf
93345615247,31352429763,Windows_No_Exception_CI,"build (3.10, x64)",completed,success,2026-08-10T03:22:47Z,2026-08-10T03:38:44Z,957,50d26fb6cf776c539aac5b4b129c3d8a119cbfec
93324596773,31344780766,Windows_No_Exception_CI,"build (3.10, x64)",completed,success,2026-08-10T00:33:43Z,2026-08-10T00:59:21Z,1538,1e58fd5ec22827961da788acc9ee3a6fb0c8467b
93299071351,31334911538,Windows_No_Exception_CI,"build (3.10, x64)",completed,success,2026-08-09T20:42:00Z,2026-08-09T21:06:13Z,1453,bef566358296a8eff5ddcfd2eb34b1bd09a7901b
93596409104,31431701347,Windows_No_Exception_CI,"build (3.10, x64)",completed,cancelled,2026-08-10T20:59:24Z,2026-08-10T21:12:19Z,775,6c7af12aaef8d6fee0d6aefca42b25dbf16486c0
93582372555,31427439786,Windows_No_Exception_CI,"build (3.10, x64)",completed,success,2026-08-10T20:07:02Z,2026-08-10T20:33:07Z,1565,98ad67cba33786e60a4874c76923fd2affe87c92
93572138933,31424270035,Windows_No_Exception_CI,"build (3.10, x64)",completed,success,2026-08-10T19:28:36Z,2026-08-10T19:53:51Z,1515,f7b15e9d8d1a83a653864eb529241526d9d22e85
93503621445,31403370948,Windows_No_Exception_CI,"build (3.10, x64)",completed,success,2026-08-10T15:24:07Z,2026-08-10T15:49:41Z,1534,9969eea1ee016348668499172cf30790e6223ed0
93466982030,31392389039,Windows_No_Exception_CI,"build (3.10, x64)",completed,success,2026-08-10T13:20:24Z,2026-08-10T13:46:59Z,1595,3f11fc7bd3924140175fb268954cbd5feaff4ef0
93452085434,31387784830,Windows_No_Exception_CI,"build (3.10, x64)",completed,success,2026-08-10T12:23:30Z,2026-08-10T12:50:03Z,1593,df82ebc6fae4d5172b7a3e4fd210130a0d90ef33
93451992600,31387756610,Windows_No_Exception_CI,"build (3.10, x64)",completed,success,2026-08-10T12:23:08Z,2026-08-10T12:42:37Z,1169,b9b4931fa1c212439d849f11c3c724ee48bc610c
93445820087,31385805121,Windows_No_Exception_CI,"build (3.10, x64)",completed,success,2026-08-10T11:57:36Z,2026-08-10T12:25:00Z,1644,ccdcf6d1ff8dd18654e6360aa1a24beab8d52914
93444357518,31385322085,Windows_No_Exception_CI,"build (3.10, x64)",completed,success,2026-08-10T11:51:14Z,2026-08-10T12:15:22Z,1448,2ebb895d5456dcf94f72eb9433b5810a9d19f12f
93443562196,31385072288,Windows_No_Exception_CI,"build (3.10, x64)",completed,success,2026-08-10T11:47:44Z,2026-08-10T12:12:14Z,1470,42caf762af7f7a237db52b56ec1a6619a50fcb68
93442199724,31384631748,Windows_No_Exception_CI,"build (3.10, x64)",completed,cancelled,2026-08-10T11:41:46Z,2026-08-10T11:51:11Z,565,129b9d4148d194ebabe129e720fcb47037de221e
93441065679,31384266977,Windows_No_Exception_CI,"build (3.10, x64)",completed,success,2026-08-10T11:36:44Z,2026-08-10T12:01:24Z,1480,39501e282d0741f766a77fe9d2a4eccc5f048008
94360139319,31672564630,Windows_No_Exception_CI,"build (3.10, x64)",completed,success,2026-08-13T06:05:25Z,2026-08-13T06:31:19Z,1554,cf26e7ee2b6bb3f9cc207af15f479c53822a58c5
94360058346,31672543290,Windows_No_Exception_CI,"build (3.10, x64)",completed,cancelled,2026-08-13T06:05:00Z,2026-08-13T06:05:23Z,23,9a669654f5d483328de1034310669699cb593939
94258977210,31639750341,Windows_No_Exception_CI,"build (3.10, x64)",completed,failure,2026-08-12T20:51:47Z,2026-08-12T21:13:04Z,1277,62128efef885298099d96078f705c7f97a7c861d
94132325377,31602249491,Windows_No_Exception_CI,"build (3.10, x64)",completed,success,2026-08-12T13:36:06Z,2026-08-12T13:59:10Z,1384,8bd4ddc60e07d7582d84a53cc74170a3f1365853
94094044518,31590484874,Windows_No_Exception_CI,"build (3.10, x64)",completed,success,2026-08-12T11:07:59Z,2026-08-12T11:33:41Z,1542,8f2423fca361a5cb9252b0df3414ed1484e13a3e
94087572175,31588434501,Windows_No_Exception_CI,"build (3.10, x64)",completed,success,2026-08-12T10:40:12Z,2026-08-12T11:05:43Z,1531,f22328760af167a44e9b86ec27c076426b6682b4
94067523714,31582166729,Windows_No_Exception_CI,"build (3.10, x64)",completed,success,2026-08-12T09:16:34Z,2026-08-12T09:37:14Z,1240,1820cba3a767d865f270686540bd85d842e59f35
94054799345,31578111475,Windows_No_Exception_CI,"build (3.10, x64)",completed,success,2026-08-12T08:23:46Z,2026-08-12T08:47:27Z,1421,682ed40376ff06b117d1c21a132e2c662004878c
94049899627,31576562865,Windows_No_Exception_CI,"build (3.10, x64)",completed,cancelled,2026-08-12T08:02:48Z,2026-08-12T08:23:36Z,1248,7ae6a54b7439df0bb9f6cc01df71c401d44c4c05
93770754422,31488976752,Windows_No_Exception_CI,"build (3.10, x64)",completed,success,2026-08-11T11:57:44Z,2026-08-11T12:24:05Z,1581,ce5688389e939a1798dbae02f0870de3f979de94
93768683466,31488310406,Windows_No_Exception_CI,"build (3.10, x64)",completed,success,2026-08-11T11:48:58Z,2026-08-11T12:14:42Z,1544,2b1af2be50ae7bd76aa469323a4aa9c3caee7793
93759828582,31485500760,Windows_No_Exception_CI,"build (3.10, x64)",completed,success,2026-08-11T11:11:11Z,2026-08-11T11:36:42Z,1531,4d04a9b88c8484604874cb9fd5587b39155410b8
93665796707,31454634868,Windows_No_Exception_CI,"build (3.10, x64)",completed,success,2026-08-11T03:11:02Z,2026-08-11T03:31:15Z,1213,e5057122d5d503ea640ecdad495a600ce0848dd4
93634068626,31443925434,Windows_No_Exception_CI,"build (3.10, x64)",completed,success,2026-08-10T23:51:28Z,2026-08-11T00:16:32Z,1504,6a1de3b746e42a0ce194ec27176699c4c160acbd
93629646583,31442400473,Windows_No_Exception_CI,"build (3.10, x64)",completed,success,2026-08-10T23:27:15Z,2026-08-10T23:47:45Z,1230,5261bf581e4b92c15fbf53c8e01cc15725043125
93623582316,31440351006,Windows_No_Exception_CI,"build (3.10, x64)",completed,success,2026-08-10T22:56:29Z,2026-08-10T23:22:15Z,1546,3c3ebc02c56c438d512f2d50ae29bfb6c9285e9e
93618728649,31438749900,Windows_No_Exception_CI,"build (3.10, x64)",completed,cancelled,2026-08-10T22:32:56Z,2026-08-10T22:56:26Z,1410,1eddf0558edba80ae1aac79c8a71277cfdc5959d
93615716079,31437779835,Windows_No_Exception_CI,"build (3.10, x64)",completed,success,2026-08-10T22:19:07Z,2026-08-10T22:44:51Z,1544,0aa6e1a193cdb5760d61001089a416b865f95757
93611013462,31436281545,Windows_No_Exception_CI,"build (3.10, x64)",completed,success,2026-08-10T21:58:35Z,2026-08-10T22:25:14Z,1599,24cd7ba792568817e15b48314ccc479bede8e0d2
93609260713,31435705207,Windows_No_Exception_CI,"build (3.10, x64)",completed,success,2026-08-10T21:50:56Z,2026-08-10T22:17:23Z,1587,1d356c8d81fa36647206fe213a3225700d9fb13e
93604542182,31434209655,Windows_No_Exception_CI,"build (3.10, x64)",completed,cancelled,2026-08-10T21:31:06Z,2026-08-10T21:50:53Z,1187,bb8cfab3d7346da8390a652b938318aea3a225e4
94888806916,31838093048,Windows_No_Exception_CI,"build (3.10, x64)",completed,success,2026-08-14T20:28:57Z,2026-08-14T20:52:42Z,1425,2020d8ba7d22ba037c5e8f533e12821c17cde821
94864728176,31830485053,Windows_No_Exception_CI,"build (3.10, x64)",completed,success,2026-08-14T18:49:52Z,2026-08-14T19:13:24Z,1412,dc835a814855caf223c08fd1f722d16a4dfda0ff
94841584844,31823348801,Windows_No_Exception_CI,"build (3.10, x64)",completed,success,2026-08-14T17:18:07Z,2026-08-14T17:33:44Z,937,41bae5710e98d74c10f6bcc01bba5eb9e91c88c4
94841091853,31823198166,Windows_No_Exception_CI,"build (3.10, x64)",completed,success,2026-08-14T17:16:09Z,2026-08-14T17:42:29Z,1580,15ff173305cfdf46057615ef31ba660207b0aceb
94840431802,31822991036,Windows_No_Exception_CI,"build (3.10, x64)",completed,success,2026-08-14T17:13:29Z,2026-08-14T17:39:18Z,1549,fe3178e4b8f21515839d7e3fd2976e17ba98496e
94834381934,31821147778,Windows_No_Exception_CI,"build (3.10, x64)",completed,success,2026-08-14T16:49:52Z,2026-08-14T17:11:52Z,1320,fa2fe73a5eee7cc3147b7a5d0c891a20900967e2
94830373949,31819901991,Windows_No_Exception_CI,"build (3.10, x64)",completed,success,2026-08-14T16:33:35Z,2026-08-14T16:59:30Z,1555,69177b02ddf4c632c1f9780ec4d4f101b584dcd6
94817586671,31815962789,Windows_No_Exception_CI,"build (3.10, x64)",completed,success,2026-08-14T15:44:22Z,2026-08-14T16:09:08Z,1486,b54644fe69ec968528636fa1fb5c2188a4ae18d2
94812565097,31814428210,Windows_No_Exception_CI,"build (3.10, x64)",completed,success,2026-08-14T15:25:42Z,2026-08-14T15:52:15Z,1593,1fd8a5eff4fff0d4021d5073ae2176e27b175557
94810363365,31813752140,Windows_No_Exception_CI,"build (3.10, x64)",completed,success,2026-08-14T15:17:44Z,2026-08-14T15:42:19Z,1475,8e0bc8e7d6c2fd4a276d4f36a9096b3f0263a452
94810183732,31813709227,Windows_No_Exception_CI,"build (3.10, x64)",completed,cancelled,2026-08-14T15:17:05Z,2026-08-14T15:17:42Z,37,57a52d912eb7781fb2df7e0c4384ac889343959e
94784966279,31806004242,Windows_No_Exception_CI,"build (3.10, x64)",completed,success,2026-08-14T13:42:58Z,2026-08-14T14:08:43Z,1545,e556758aafa3ea98329e90a94dbd054a441528f5
94737282834,31790803712,Windows_No_Exception_CI,"build (3.10, x64)",completed,success,2026-08-14T10:06:44Z,2026-08-14T10:32:30Z,1546,2f0609b664cce9492d58fba7a67425c410eb273c
94736250993,31790552069,Windows_No_Exception_CI,"build (3.10, x64)",completed,cancelled,2026-08-14T10:02:01Z,2026-08-14T10:06:42Z,281,c36f1810e8ce88bad041a61ed41cede6f537075f
94742864503,31786175174,Windows_No_Exception_CI,"build (3.10, x64)",completed,success,2026-08-14T10:33:15Z,2026-08-14T10:56:01Z,1366,9783a854bb28a9662efa9d01c45a448f447879ee
94701934830,31779489138,Windows_No_Exception_CI,"build (3.10, x64)",completed,success,2026-08-14T07:19:37Z,2026-08-14T07:45:21Z,1544,39f600f4caf6196dd831bfb496901acc4ba00124
94693704155,31776759205,Windows_No_Exception_CI,"build (3.10, x64)",completed,success,2026-08-14T06:34:31Z,2026-08-14T07:00:54Z,1583,98b89f85bd4c4256e6285891d27822e6aa826b15
94677912077,31771395904,Windows_No_Exception_CI,"build (3.10, x64)",completed,success,2026-08-14T04:55:54Z,2026-08-14T05:17:02Z,1268,fdfe28a1649a66439bc8cd71d6364c06dae9646a
94809842966,31753193422,Windows_No_Exception_CI,"build (3.10, x64)",completed,success,2026-08-14T15:15:50Z,2026-08-14T15:38:20Z,1350,9c45e76f4d995de54621968f867db6e259951307
95115964474,31926975947,Windows_No_Exception_CI,"build (3.10, x64)",completed,success,2026-08-16T04:35:06Z,2026-08-16T05:01:38Z,1592,562c2bac51c0822c2e30a0019e558a09228e4556
95115593362,31926821932,Windows_No_Exception_CI,"build (3.10, x64)",completed,success,2026-08-16T04:31:07Z,2026-08-16T04:57:23Z,1576,bde53407c29e45bbea61871be9575a4b57c3fd93
95105939845,31923019777,Windows_No_Exception_CI,"build (3.10, x64)",completed,success,2026-08-16T02:55:40Z,2026-08-16T03:21:32Z,1552,217c8a4d91f1f84148a5c4c31bb8fb380b47ac9a
95096852050,31919470849,Windows_No_Exception_CI,"build (3.10, x64)",completed,success,2026-08-16T01:23:53Z,2026-08-16T01:50:16Z,1583,70fa276e30a1fa88a07ba100a659a94c6bba4980
95078734147,31912134396,Windows_No_Exception_CI,"build (3.10, x64)",completed,success,2026-08-15T22:26:28Z,2026-08-15T22:47:38Z,1270,9c7b353974923c64380e4fad1d5d407b12b9f140
95062989035,31905692862,Windows_No_Exception_CI,"build (3.10, x64)",completed,success,2026-08-15T20:04:31Z,2026-08-15T20:30:17Z,1546,7061d0d4c3fc740d259aa6e0831ef798ee8d7edf
95062013673,31905294072,Windows_No_Exception_CI,"build (3.10, x64)",completed,success,2026-08-15T19:55:54Z,2026-08-15T20:21:34Z,1540,400318f87ed0dee6c1a04a17c617c547aef46aae
95054216625,31902055694,Windows_No_Exception_CI,"build (3.10, x64)",completed,success,2026-08-15T18:46:35Z,2026-08-15T19:07:12Z,1237,a136252681cda8d09426f44a281630152ed94fc5
95038042909,31895481985,Windows_No_Exception_CI,"build (3.10, x64)",completed,success,2026-08-15T16:25:49Z,2026-08-15T16:52:16Z,1587,dcd9eca1eebebe5180f7b97e07ec62684d783b91
95037858648,31895406280,Windows_No_Exception_CI,"build (3.10, x64)",completed,success,2026-08-15T16:24:12Z,2026-08-15T16:48:35Z,1463,18d91259c6c96d8e94bffa2cd00ea55a6ab37b38
95037721086,31895350819,Windows_No_Exception_CI,"build (3.10, x64)",completed,success,2026-08-15T16:23:00Z,2026-08-15T16:49:19Z,1579,1ff042476bf4cff8d66a6e03695c200e1ae9e4a2
95026546020,31890753134,Windows_No_Exception_CI,"build (3.10, x64)",completed,success,2026-08-15T14:44:35Z,2026-08-15T15:10:54Z,1579,764a4280eee17cbb87e7abaebb4a46430857bce2
95025387200,31890267531,Windows_No_Exception_CI,"build (3.10, x64)",completed,success,2026-08-15T14:34:14Z,2026-08-15T15:00:30Z,1576,4b37d8d2927b50e125ca2d1e4072acfd193884f2
94967042940,31865993696,Windows_No_Exception_CI,"build (3.10, x64)",completed,success,2026-08-15T05:03:37Z,2026-08-15T05:29:33Z,1556,3e2cf56f5892a53f51ab603d70a5e46577807e9c
94965861961,31865523747,Windows_No_Exception_CI,"build (3.10, x64)",completed,success,2026-08-15T04:52:43Z,2026-08-15T05:15:30Z,1367,83e26cb44c1f5c2be5578f97e01c8754dc64c316
94965491998,31865385129,Windows_No_Exception_CI,"build (3.10, x64)",completed,cancelled,2026-08-15T04:49:26Z,2026-08-15T04:52:40Z,194,3774c2222961bb32582d6c211223a6757685e4f6
94965009592,31865192116,Windows_No_Exception_CI,"build (3.10, x64)",completed,cancelled,2026-08-15T04:44:52Z,2026-08-15T05:03:35Z,1123,07e5d9552b07aeea9f1977217d27b2c00435e3a0
94963921914,31864755842,Windows_No_Exception_CI,"build (3.10, x64)",completed,success,2026-08-15T04:34:24Z,2026-08-15T04:54:18Z,1194,45cdb723b6a9123fefeea4ba2e9d5e5c869cdc18
94957250262,31862135367,Windows_No_Exception_CI,"build (3.10, x64)",completed,success,2026-08-15T03:33:29Z,2026-08-15T04:00:16Z,1607,4d291de3a73c17a547327012cc79aa720aa6349b
94954315186,31861011998,Windows_No_Exception_CI,"build (3.10, x64)",completed,success,2026-08-15T03:08:02Z,2026-08-15T03:34:21Z,1579,559993b92f9fdbf8d1cf3da0d06eca621f6d7256
94953827747,31860838938,Windows_No_Exception_CI,"build (3.10, x64)",completed,success,2026-08-15T03:04:06Z,2026-08-15T03:30:08Z,1562,a7dce11c2184abdb36241345b05f6b22bb07ba93
94917960274,31847906540,Windows_No_Exception_CI,"build (3.10, x64)",completed,success,2026-08-14T22:46:23Z,2026-08-14T23:10:45Z,1462,a68254cfdfcb2e2d35b899e6ad83eb8d856dcb40
94916754369,31847481186,Windows_No_Exception_CI,"build (3.10, x64)",completed,success,2026-08-14T22:39:54Z,2026-08-14T23:05:33Z,1539,826d0f50545cb679adb83519bfad1b437a49f38d
95277744586,31992249985,Windows_No_Exception_CI,"build (3.10, x64)",completed,success,2026-08-17T03:46:52Z,2026-08-17T04:13:09Z,1577,b4cafa74e5ae7f012f53ef5c7b68ce5469278039
95265593046,31987756819,Windows_No_Exception_CI,"build (3.10, x64)",completed,success,2026-08-17T02:21:56Z,2026-08-17T02:48:06Z,1570,948fef9bb7f098acf35eb8d99c3d3c1f0f58686b
95239101212,31977512162,Windows_No_Exception_CI,"build (3.10, x64)",completed,success,2026-08-16T22:51:57Z,2026-08-16T23:17:54Z,1557,2114de27352549e2c4d72dd2886e162db3806f05
95178890607,31952839627,Windows_No_Exception_CI,"build (3.10, x64)",completed,success,2026-08-16T14:29:20Z,2026-08-16T14:48:34Z,1154,0e4e6bfe77b99fa50f3985b85cec684f36a614d6
95178798364,31952806177,Windows_No_Exception_CI,"build (3.10, x64)",completed,cancelled,2026-08-16T14:28:34Z,2026-08-16T14:29:18Z,44,52b0e783d7936a7b83e52663e7a0686959ad0747
95162943403,31946387839,Windows_No_Exception_CI,"build (3.10, x64)",completed,success,2026-08-16T12:11:36Z,2026-08-16T12:37:29Z,1553,fb8f31f01fde0a1c68ac1ed95f03b4acc011b7e4
95162928051,31946377720,Windows_No_Exception_CI,"build (3.10, x64)",completed,success,2026-08-16T12:11:28Z,2026-08-16T12:31:57Z,1229,4be9b1189be9892793abc2f1f9c99a2962a80f19
95162775712,31946321448,Windows_No_Exception_CI,"build (3.10, x64)",completed,cancelled,2026-08-16T12:10:11Z,2026-08-16T12:11:25Z,74,df1aca5b12215ed24273f074ba9f211169bdc069
95159821573,31945123409,Windows_No_Exception_CI,"build (3.10, x64)",completed,success,2026-08-16T11:43:55Z,2026-08-16T12:09:29Z,1534,688dcb0be049bc3ee2a558b95564ecc1b37f7b21
95159790491,31945110653,Windows_No_Exception_CI,"build (3.10, x64)",completed,success,2026-08-16T11:43:36Z,2026-08-16T12:09:00Z,1524,216ba95cdf4c31bb353d7e39318a48837f9bfbdd
95301985664,32001288497,Windows_No_Exception_CI,"build (3.10, x64)",completed,success,2026-08-17T06:21:01Z,2026-08-17T06:45:56Z,1495,e34a9006d79316929c47a65a10967db7612d75ee
