job_id,run_id,workflow,job_name,status,conclusion,started_at,completed_at,duration_seconds,head_sha
78545978621,26650118247,Create Releases,call-win,completed,skipped,2026-05-29T16:47:18Z,2026-05-29T16:47:17Z,-1,b1ec30d6fe7202f0bdb293ad074fc01fb1906111
78407320564,26607947708,Create Releases,call-win,completed,skipped,2026-05-28T23:17:39Z,2026-05-28T23:17:38Z,-1,185e494c29df7cb86a7173938b0c41a89c1a66ff
78405976043,26607525942,Create Releases,call-win,completed,skipped,2026-05-28T23:06:12Z,2026-05-28T23:06:12Z,0,6d53b6f88a23a92e320f8c44abd1d53499281dd3
78404828903,26607167605,Create Releases,call-win,completed,skipped,2026-05-28T22:56:52Z,2026-05-28T22:56:51Z,-1,76390cb7176ceffa1ea4b23227c91cbe79dc02d8
78403326562,26606681632,Create Releases,call-win,completed,skipped,2026-05-28T22:44:49Z,2026-05-28T22:44:42Z,-7,778c3c13dea84a4858402b5559b2d7efffb2d724
78401616254,26606146360,Create Releases,call-win,completed,skipped,2026-05-28T22:32:05Z,2026-05-28T22:32:04Z,-1,b4f1a6530e53c550b8f82b61c5650758ccc9b136
78401320555,26606053941,Create Releases,call-win,completed,skipped,2026-05-28T22:29:58Z,2026-05-28T22:29:58Z,0,1506c39e52f05b1dc94b4946b8e4a64fcec45e37
78399849476,26605591817,Create Releases,call-win,completed,skipped,2026-05-28T22:19:07Z,2026-05-28T22:18:59Z,-8,0e3903b87a1ae564246fdb370a567cc3995ba8b3
78398555725,26605209184,Create Releases,call-win,completed,skipped,2026-05-28T22:09:44Z,2026-05-28T22:09:44Z,0,70452e7b7736d66307327e068bbb2907331dcc47
78396490586,26604593788,Create Releases,call-win,completed,skipped,2026-05-28T21:55:43Z,2026-05-28T21:55:42Z,-1,70452e7b7736d66307327e068bbb2907331dcc47
78396337494,26604543108,Create Releases,call-win,completed,skipped,2026-05-28T21:54:43Z,2026-05-28T21:54:36Z,-7,1f964887631491adfe96111ce4024c4b5058b09c
78395915635,26604421700,Create Releases,call-win,completed,skipped,2026-05-28T21:52:02Z,2026-05-28T21:52:02Z,0,5b6d694c237733c892843343b812e2e6e25ac683
78382925288,26600587513,Create Releases,call-win,completed,skipped,2026-05-28T20:33:33Z,2026-05-28T20:33:32Z,-1,1647a460914ad52cac95d583e5ae18959439d22e
78382830167,26600559797,Create Releases,call-win,completed,skipped,2026-05-28T20:32:59Z,2026-05-28T20:32:59Z,0,b201509a671d6ab188b35a16bfe49cfda7ae1840
78213541210,26551214262,Create Releases,call-win,completed,skipped,2026-05-28T02:37:37Z,2026-05-28T02:37:37Z,0,8a8144ced43f8c777084289aa10faa16d3b93643
78180467879,26540491958,Create Releases,call-win,completed,skipped,2026-05-27T21:43:08Z,2026-05-27T21:43:08Z,0,e086903b078abc7d238110addd67da9b8680b609
78178494144,26539898393,Create Releases,call-win,completed,skipped,2026-05-27T21:30:37Z,2026-05-27T21:30:31Z,-6,f02702131da453a50c5d1ad1e800e4e26060bdff
78169600214,26532735597,Create Releases,call-win,completed,skipped,2026-05-27T20:38:08Z,2026-05-27T20:38:08Z,0,28646540fda34393bd35e0da214b0706811e5d43
78137766491,26528165101,Create Releases,call-win,completed,skipped,2026-05-27T17:43:02Z,2026-05-27T17:43:02Z,0,1fe72a6e99c73d5135441efc91357074c2a8fe9a
78117759815,26522658525,Create Releases,call-win,completed,skipped,2026-05-27T15:57:35Z,2026-05-27T15:57:35Z,0,6a46603ae02b7e8ae19b4ee49d8a8a8ac1bcff47
78009300441,26491232774,Create Releases,call-win,completed,skipped,2026-05-27T04:42:42Z,2026-05-27T04:42:36Z,-6,864742983359bfa003ce7bfce534f7d1eb099bad
78004096540,26488442060,Create Releases,call-win,completed,skipped,2026-05-27T03:46:40Z,2026-05-27T03:46:39Z,-1,803158c5ccbf8e7e4742cdea9b1d328cddbacb61
78004232538,26488142834,Create Releases,call-win,completed,skipped,2026-05-27T03:48:11Z,2026-05-27T03:48:11Z,0,19767c8d3dfb9002678ed02e5dd7260716fdef7e
77999445498,26481561410,Create Releases,call-win,completed,skipped,2026-05-27T02:58:03Z,2026-05-27T02:57:57Z,-6,c7920c619092d9c567439505b20c411b54c31d44
77979934797,26476878430,Create Releases,call-win,completed,skipped,2026-05-26T23:43:00Z,2026-05-26T23:43:00Z,0,a9b1e880358efa66149bff8d2e056f6c3f4e0315
77962947163,26476373878,Create Releases,call-win,completed,skipped,2026-05-26T21:32:37Z,2026-05-26T21:32:37Z,0,b6885215a27a4727e6f6427b67729217194cf012
77962951534,26475204927,Create Releases,call-win,completed,skipped,2026-05-26T21:32:39Z,2026-05-26T21:32:30Z,-9,b6885215a27a4727e6f6427b67729217194cf012
77979585193,26466634090,Create Releases,call-win,completed,skipped,2026-05-26T23:39:47Z,2026-05-26T23:39:40Z,-7,c7920c619092d9c567439505b20c411b54c31d44
77895707522,26457528215,Create Releases,call-win,completed,skipped,2026-05-26T15:20:19Z,2026-05-26T15:20:19Z,0,edc823dbe63776a999a3223470bcdcf5b93e53e5
77637332812,26376417222,Create Releases,call-win,completed,skipped,2026-05-24T23:59:47Z,2026-05-24T23:59:47Z,0,6537780fd134b14fde438455141a3f379b0d2ec0
77583588279,26356317482,Create Releases,call-win,completed,skipped,2026-05-24T08:26:27Z,2026-05-24T08:26:18Z,-9,22159d17d6150b0c92280545ac6502f308addfb3
77576121558,26353600707,Create Releases,call-win,completed,skipped,2026-05-24T06:05:39Z,2026-05-24T06:05:38Z,-1,790c1fe8795debd347d058950a051c4ab13c9d42
77547571574,26342775939,Create Releases,call-win,completed,skipped,2026-05-23T20:28:51Z,2026-05-23T20:28:51Z,0,9d40fd34d2e3bf69d8d327764724ec93f21b884a
77544227544,26341494246,Create Releases,call-win,completed,skipped,2026-05-23T19:27:12Z,2026-05-23T19:27:12Z,0,25680a60544415a2df6cc5ddcbec30e92d5d6ad5
77537356901,26338924012,Create Releases,call-win,completed,skipped,2026-05-23T17:22:40Z,2026-05-23T17:22:39Z,-1,f34e0a34792a759aa35db9f29f8c848146482ede
77533810982,26337586673,Create Releases,call-win,completed,skipped,2026-05-23T16:17:28Z,2026-05-23T16:17:28Z,0,337ec8abf01a524f2032ffc0f94b16048e7fef7a
77529991464,26336114203,Create Releases,call-win,completed,skipped,2026-05-23T15:07:07Z,2026-05-23T15:07:06Z,-1,1c8122c8fb232603e9fd2ddd08d8aab63fbf61ac
77529368789,26335871990,Create Releases,call-win,completed,skipped,2026-05-23T14:55:50Z,2026-05-23T14:55:50Z,0,aa4bd0cd35ab6339f6020f031cf80be53182376d
77527581863,26335177353,Create Releases,call-win,completed,skipped,2026-05-23T14:25:08Z,2026-05-23T14:25:08Z,0,f34e0a34792a759aa35db9f29f8c848146482ede
77526771162,26334857814,Create Releases,call-win,completed,skipped,2026-05-23T14:09:59Z,2026-05-23T14:09:59Z,0,8924febb0e4a559ac0eb5a41424ce7049988004f
77524138835,26333819371,Create Releases,call-win,completed,skipped,2026-05-23T13:21:50Z,2026-05-23T13:21:50Z,0,6e137ff6394e30b34fd69bee0f6bbc90e74e48a2
77522758339,26333276004,Create Releases,call-win,completed,skipped,2026-05-23T12:55:58Z,2026-05-23T12:55:58Z,0,5439808b267835574ecd8282d0ed779b7cc7d455
77509039046,26327982995,Create Releases,call-win,completed,skipped,2026-05-23T08:21:42Z,2026-05-23T08:21:42Z,0,a78b74ea597243b6ccad9960d641f84d4e122237
77506516897,26327028529,Create Releases,call-win,completed,skipped,2026-05-23T07:32:36Z,2026-05-23T07:32:35Z,-1,f229200944638c9e4c3aaf264386c146de6b0ee4
77497547880,26323777910,Create Releases,call-win,completed,skipped,2026-05-23T04:44:53Z,2026-05-23T04:44:47Z,-6,032124f04222d6f7f657bd803059825d0f730afb
77496877053,26323525354,Create Releases,call-win,completed,skipped,2026-05-23T04:31:45Z,2026-05-23T04:31:44Z,-1,6d61e1612a38ceda3bcc4ac71440570a2c363324
77496297647,26323315239,Create Releases,call-win,completed,skipped,2026-05-23T04:20:57Z,2026-05-23T04:20:56Z,-1,343b46d8ba7f0039d2bf05268f11a6cdbd594663
77496198752,26323281248,Create Releases,call-win,completed,skipped,2026-05-23T04:19:18Z,2026-05-23T04:19:18Z,0,523a11c04efb5a44dcf8a5a2047a8bf8cfb91f99
77465079765,26306740065,Create Releases,call-win,completed,skipped,2026-05-22T21:25:28Z,2026-05-22T21:25:20Z,-8,73417bdc757e606404d37e530bdd36176382dd93
77444358612,26306158086,Create Releases,call-win,completed,skipped,2026-05-22T18:59:21Z,2026-05-22T18:59:20Z,-1,8f767a86462429bd939adbcb3a587f8a3df94c48
77422654760,26299007088,Create Releases,call-win,completed,skipped,2026-05-22T16:38:22Z,2026-05-22T16:38:22Z,0,ad72414dfe19d20c6bce7d57f61aff5a63a63d47
77364039142,26283129502,Create Releases,call-win,completed,skipped,2026-05-22T10:42:20Z,2026-05-22T10:42:10Z,-10,fdb7de26ce8a08bbd643ca04d90059fdc12e3043
77318250170,26268992793,Create Releases,call-win,completed,skipped,2026-05-22T04:47:55Z,2026-05-22T04:47:55Z,0,11b3e5264149125d82b0d623781ab6ecc7455540
77227444178,26241125537,Create Releases,call-win,completed,skipped,2026-05-21T17:07:52Z,2026-05-21T17:07:51Z,-1,fea12954095bccdb7d952feb25a1868d1258cb36
77223752717,26240080784,Create Releases,call-win,completed,skipped,2026-05-21T16:48:06Z,2026-05-21T16:48:06Z,0,bd8ccd1e035404ae71b5bff54963cd90e693d98e
77219930570,26238564286,Create Releases,call-win,completed,skipped,2026-05-21T16:27:16Z,2026-05-21T16:27:16Z,0,a5a75e37de4842324316b83bb6063faa917ec437
77216037885,26237866294,Create Releases,call-win,completed,skipped,2026-05-21T16:06:44Z,2026-05-21T16:06:43Z,-1,4c07234c55f549cf34361e3519fa8a1bdac1b2b4
77145953961,26218195452,Create Releases,call-win,completed,skipped,2026-05-21T09:40:24Z,2026-05-21T09:40:24Z,0,6e3c99c7c4ce0fd6550fb97b3365e64d4050bfa4
77102844518,26204985852,Create Releases,call-win,completed,skipped,2026-05-21T04:12:59Z,2026-05-21T04:12:59Z,0,0ab94f6e303b5a0f658abb41a889c50bb00e8936
77095725969,26202672165,Create Releases,call-win,completed,skipped,2026-05-21T02:55:30Z,2026-05-21T02:55:23Z,-7,439d5e2ac9b758bd0924f47b0c580b69f9bb7515
77092489124,26201572526,Create Releases,call-win,completed,skipped,2026-05-21T02:20:02Z,2026-05-21T02:19:54Z,-8,7965aa7d9f4dbed491191e0d431f89073fd1a079
77069711381,26194190516,Create Releases,call-win,completed,skipped,2026-05-20T22:41:51Z,2026-05-20T22:41:51Z,0,30783cc52463f90aa87c430411dd4d0adce3dda8
77068213466,26193725509,Create Releases,call-win,completed,skipped,2026-05-20T22:30:27Z,2026-05-20T22:30:17Z,-10,ec91dc49c6747028183a991f131a5f918099b79c
77063650618,26191209437,Create Releases,call-win,completed,skipped,2026-05-20T21:57:37Z,2026-05-20T21:57:37Z,0,6495baade444e787cfac626651beb910f9b6942b
77050374017,26188501014,Create Releases,call-win,completed,skipped,2026-05-20T20:36:56Z,2026-05-20T20:36:56Z,0,9c1a22ba456586ae3496476bc961c12ba78ac6d1
77049444767,26188232707,Create Releases,call-win,completed,skipped,2026-05-20T20:31:42Z,2026-05-20T20:31:42Z,0,73736f2de2a1d852565006531f30475f2e38c7eb
77043577221,26186569910,Create Releases,call-win,completed,skipped,2026-05-20T19:58:49Z,2026-05-20T19:58:49Z,0,0d584dc4226e82fce208697f897bc8748f8d2862
77043094112,26186433520,Create Releases,call-win,completed,skipped,2026-05-20T19:56:06Z,2026-05-20T19:56:05Z,-1,0d584dc4226e82fce208697f897bc8748f8d2862
77029999056,26182761384,Create Releases,call-win,completed,skipped,2026-05-20T18:43:44Z,2026-05-20T18:43:44Z,0,b109d15f0df9d0f698ca17425b4d30d3053f0b47
77027936769,26182174723,Create Releases,call-win,completed,skipped,2026-05-20T18:32:15Z,2026-05-20T18:32:15Z,0,01b4a3fd71a222fe6a1124e67d5f648d0580078e
77026799606,26181429913,Create Releases,call-win,completed,skipped,2026-05-20T18:26:02Z,2026-05-20T18:25:52Z,-10,c6e382e9cae93dfd03ff0330ced1e66de5636c7d
77025077377,26181149795,Create Releases,call-win,completed,skipped,2026-05-20T18:16:32Z,2026-05-20T18:16:32Z,0,c6e382e9cae93dfd03ff0330ced1e66de5636c7d
76884719785,26140454277,Create Releases,call-win,completed,skipped,2026-05-20T04:01:14Z,2026-05-20T04:01:07Z,-7,9fd2601d333615fcbccf6ebb1c521ece713042e0
76883826572,26140157226,Create Releases,call-win,completed,skipped,2026-05-20T03:51:43Z,2026-05-20T03:51:43Z,0,ab50333114d62139c4de669a6494b4939e193eea
76883719746,26140121610,Create Releases,call-win,completed,skipped,2026-05-20T03:50:34Z,2026-05-20T03:50:33Z,-1,9fd2601d333615fcbccf6ebb1c521ece713042e0
76828245891,26122627934,Create Releases,call-win,completed,skipped,2026-05-19T20:14:59Z,2026-05-19T20:14:59Z,0,6dde82facd897befc16bcd416a7924d76051f60a
76809339476,26117168995,Create Releases,call-win,completed,skipped,2026-05-19T18:30:23Z,2026-05-19T18:30:22Z,-1,2cc8189e08b9f5131433f2cc0e9e66cb6e891817
76800853556,26114722017,Create Releases,call-win,completed,skipped,2026-05-19T17:44:02Z,2026-05-19T17:44:02Z,0,4f7fd4f4b142006dbee8e85d8eb6da2517db04f6
76800701505,26114679056,Create Releases,call-win,completed,skipped,2026-05-19T17:43:12Z,2026-05-19T17:43:11Z,-1,3db57e156e48797fc0bda9660de4fb736cc1b9d7
76713917436,26090289571,Create Releases,call-win,completed,skipped,2026-05-19T10:03:59Z,2026-05-19T10:03:51Z,-8,7a1b99e3e49533f6a82a11d6f8a421a3c70c1a5f
76644242127,26068412970,Create Releases,call-win,completed,skipped,2026-05-19T00:23:47Z,2026-05-19T00:23:47Z,0,c94546f8cf6fe683bc78c2998043f8ec128c3376
76643947560,26068318792,Create Releases,call-win,completed,skipped,2026-05-19T00:20:58Z,2026-05-19T00:20:58Z,0,3a50ca940b99036f090b8aef72b39e2aec90a0d6
76638916725,26066665405,Create Releases,call-win,completed,skipped,2026-05-18T23:34:19Z,2026-05-18T23:34:19Z,0,93bb6190d6697d0594d3ee6c2f1235d42a23f200
76626129282,26062595287,Create Releases,call-win,completed,skipped,2026-05-18T21:51:45Z,2026-05-18T21:51:36Z,-9,9f31f837b85853c136e0b001f8908e3d0c117706
76625692941,26062469066,Create Releases,call-win,completed,skipped,2026-05-18T21:48:55Z,2026-05-18T21:48:54Z,-1,da331ecfb45084c40209bb43123729de2f71765f
76607295127,26056949700,Create Releases,call-win,completed,skipped,2026-05-18T19:55:23Z,2026-05-18T19:55:22Z,-1,762224e7c8e460cbda6d838caa9d452182ba629e
76605333406,26056363006,Create Releases,call-win,completed,skipped,2026-05-18T19:43:38Z,2026-05-18T19:43:38Z,0,da331ecfb45084c40209bb43123729de2f71765f
76605165370,26056313516,Create Releases,call-win,completed,skipped,2026-05-18T19:42:37Z,2026-05-18T19:42:37Z,0,5d4454e27ac5b324ff3ba5de7266bf6ccfe9f103
76596124049,26053617859,Create Releases,call-win,completed,skipped,2026-05-18T18:49:51Z,2026-05-18T18:49:51Z,0,72eac1a91ec7eab440bd02009d9622e15b143052
76554992963,26041754350,Create Releases,call-win,completed,skipped,2026-05-18T15:02:19Z,2026-05-18T15:02:19Z,0,30887a4fd7f1c29f79526dda2aa2ab13f38d9161
76520584740,26032133545,Create Releases,call-win,completed,skipped,2026-05-18T11:59:56Z,2026-05-18T11:59:56Z,0,9433c7942865684e71b00ed5ceb4e40ab5d27c6f
76495367206,26024835143,Create Releases,call-win,completed,skipped,2026-05-18T09:23:28Z,2026-05-18T09:23:28Z,0,8288fe1e5d48fb5b81db7b848e4ba3663e4c8243
76448246521,26009846735,Create Releases,call-win,completed,skipped,2026-05-18T02:11:31Z,2026-05-18T02:11:31Z,0,dfd956c14ad0ab9243a0f9c1481623b397f98e7c
76437083063,26005840458,Create Releases,call-win,completed,skipped,2026-05-17T23:28:18Z,2026-05-17T23:28:17Z,-1,d8820d4cfee132b4fd01c2a0c2c4a2e71e02427a
76436923370,26005781280,Create Releases,call-win,completed,skipped,2026-05-17T23:25:29Z,2026-05-17T23:25:29Z,0,7cfe8dc19d2d16d9e636f8af54a2e51f08f3654c
76436894815,26005768453,Create Releases,call-win,completed,skipped,2026-05-17T23:25:02Z,2026-05-17T23:24:55Z,-7,7aa7013aa3b1d5f98692d4ea05c1aba442e0b3c6
76436756934,26005720275,Create Releases,call-win,completed,skipped,2026-05-17T23:22:37Z,2026-05-17T23:22:37Z,0,0b95250d20af29055abb274010b9025ee5bdacc9
76436330361,26005562167,Create Releases,call-win,completed,skipped,2026-05-17T23:15:18Z,2026-05-17T23:15:09Z,-9,70e74471f540cdba408d8a5f96abde76edecae1d
76417322621,25998550156,Create Releases,call-win,completed,skipped,2026-05-17T18:03:28Z,2026-05-17T18:03:28Z,0,984138262b362133416288b018be956d766a39d2
76417188468,25998498403,Create Releases,call-win,completed,skipped,2026-05-17T18:01:16Z,2026-05-17T18:01:16Z,0,984138262b362133416288b018be956d766a39d2
76415072378,25997713669,Create Releases,call-win,completed,skipped,2026-05-17T17:26:47Z,2026-05-17T17:26:47Z,0,13c6e94c341c44e1596d19b30920fc1b9b67a8d4
76403141853,25993263997,Create Releases,call-win,completed,skipped,2026-05-17T14:15:25Z,2026-05-17T14:15:24Z,-1,c91ff7dd7611914adc9e8444b349c2ac02c0dcbd
76397260036,25991095370,Create Releases,call-win,completed,skipped,2026-05-17T12:39:15Z,2026-05-17T12:39:15Z,0,69dcf71e2845c5eb1bc73b43c52c8a714690ad47
76397175985,25991063799,Create Releases,call-win,completed,skipped,2026-05-17T12:37:47Z,2026-05-17T12:37:47Z,0,5c90814375c7f2bd4ed46786106dbe10e4a7e539
76389865653,25988350044,Create Releases,call-win,completed,skipped,2026-05-17T10:29:37Z,2026-05-17T10:29:36Z,-1,dffda2f87b8cf8656b18012820445be8eb023c68
76372277480,25981995517,Create Releases,call-win,completed,skipped,2026-05-17T05:06:59Z,2026-05-17T05:06:59Z,0,3856f03b8b86d53aed3bc36956ae549c5d123d42
76371477442,25981688200,Create Releases,call-win,completed,skipped,2026-05-17T04:49:46Z,2026-05-17T04:49:46Z,0,bb155e4f674cc73f2a34b95f3cea1514a156a480
76370611949,25981366010,Create Releases,call-win,completed,skipped,2026-05-17T04:31:11Z,2026-05-17T04:31:11Z,0,aca5204e96eb17f833b8263cbd1f3072a0e66faa
76370460381,25981313131,Create Releases,call-win,completed,skipped,2026-05-17T04:28:19Z,2026-05-17T04:28:19Z,0,0716b8246233ee202cc0e6f6ec6764ab362f27bb
76370432054,25981301841,Create Releases,call-win,completed,skipped,2026-05-17T04:27:46Z,2026-05-17T04:27:40Z,-6,0716b8246233ee202cc0e6f6ec6764ab362f27bb
76369969825,25981132865,Create Releases,call-win,completed,skipped,2026-05-17T04:18:23Z,2026-05-17T04:18:14Z,-9,20601d4fe5989956ebbd82eb262dfb1f3cf82ad3
76367995418,25980387780,Create Releases,call-win,completed,skipped,2026-05-17T03:35:58Z,2026-05-17T03:35:58Z,0,09e06df0a3ef52518f7b39f291d3f7855fead2c2
76367970971,25980379100,Create Releases,call-win,completed,skipped,2026-05-17T03:35:27Z,2026-05-17T03:35:27Z,0,9433c7942865684e71b00ed5ceb4e40ab5d27c6f
76365256261,25979408726,Create Releases,call-win,completed,skipped,2026-05-17T02:42:49Z,2026-05-17T02:42:49Z,0,1433ad1aa0014b07ed58220c9e50ff71ece5cdcb
76327870739,25965389679,Create Releases,call-win,completed,skipped,2026-05-16T15:13:46Z,2026-05-16T15:13:46Z,0,0771a74877a00c57eb64178f7098d0afb85d7669
76327710017,25965328985,Create Releases,call-win,completed,skipped,2026-05-16T15:10:59Z,2026-05-16T15:10:59Z,0,6a664b0a8ccf95f48d12e336011e6fd54ac40611
76327676175,25965317059,Create Releases,call-win,completed,skipped,2026-05-16T15:10:25Z,2026-05-16T15:10:25Z,0,5d47c135f93bbb31285b89ed584dcedcb56bc761
76321949273,25963176381,Create Releases,call-win,completed,skipped,2026-05-16T13:29:43Z,2026-05-16T13:29:43Z,0,4ed8f2022da86e9e72aa199c6cf1837200827970
76711924273,25962064423,Create Releases,call-win,completed,skipped,2026-05-19T09:52:16Z,2026-05-19T09:52:08Z,-8,0af0bc76a286e2dece90727702c88f4ce72bcd30
76313869614,25960110879,Create Releases,call-win,completed,skipped,2026-05-16T10:53:51Z,2026-05-16T10:53:51Z,0,58f8ffabacc58e08bb4b39132c14e1c90f33317a
76313571004,25959994512,Create Releases,call-win,completed,skipped,2026-05-16T10:47:35Z,2026-05-16T10:47:35Z,0,0349cfec3575327f1dac60f0cb1f478e964ff015
76312730359,25959669088,Create Releases,call-win,completed,skipped,2026-05-16T10:30:40Z,2026-05-16T10:30:40Z,0,fadc8a09a1efc2caac4b0cc6f2435b800cce3627
76311918023,25959362264,Create Releases,call-win,completed,skipped,2026-05-16T10:14:29Z,2026-05-16T10:14:29Z,0,d70056fbf34cc2eafc62a824dc75de07a5760d54
76310296579,25958576078,Create Releases,call-win,completed,skipped,2026-05-16T09:44:32Z,2026-05-16T09:44:32Z,0,13ede249ce3ca5a1cbe45f0de4c3cd0fad87e4f8
76307727040,25957846254,Create Releases,call-win,completed,skipped,2026-05-16T08:55:27Z,2026-05-16T08:55:27Z,0,5d47c135f93bbb31285b89ed584dcedcb56bc761
76306211812,25957185520,Create Releases,call-win,completed,skipped,2026-05-16T08:28:48Z,2026-05-16T08:28:48Z,0,9c48513796924c1cb0d5cbc983f65f580a08a2e6
76305817612,25957173141,Create Releases,call-win,completed,skipped,2026-05-16T08:20:24Z,2026-05-16T08:20:24Z,0,9c48513796924c1cb0d5cbc983f65f580a08a2e6
76305393464,25957010211,Create Releases,call-win,completed,skipped,2026-05-16T08:11:54Z,2026-05-16T08:11:54Z,0,dce4a10039811e2d733f597dd9c66d2bc2f8cd6b
76300999562,25955384842,Create Releases,call-win,completed,skipped,2026-05-16T06:48:42Z,2026-05-16T06:48:33Z,-9,357f1f351f2c57dc00cf087c20013a43423928ca
76297680978,25954181217,Create Releases,call-win,completed,skipped,2026-05-16T05:44:48Z,2026-05-16T05:44:38Z,-10,e0dda23bec86d7bf4b36affe07740cd4f435257e
76296837129,25953906670,Create Releases,call-win,completed,skipped,2026-05-16T05:29:59Z,2026-05-16T05:29:58Z,-1,c7fe950317063ea49da9bd7b5ecd3bc14df17994
76296425495,25953774128,Create Releases,call-win,completed,skipped,2026-05-16T05:22:42Z,2026-05-16T05:22:42Z,0,9c1c8cf2159e7ad25228a10f6b9486cdd6dff37b
76296387964,25953762221,Create Releases,call-win,completed,skipped,2026-05-16T05:22:06Z,2026-05-16T05:22:06Z,0,c7fe950317063ea49da9bd7b5ecd3bc14df17994
76266871643,25943639445,Create Releases,call-win,completed,skipped,2026-05-15T22:05:09Z,2026-05-15T22:05:09Z,0,7cfe8dc19d2d16d9e636f8af54a2e51f08f3654c
76266853570,25943630799,Create Releases,call-win,completed,skipped,2026-05-15T22:04:59Z,2026-05-15T22:04:54Z,-5,c74034974b74587fbb25bf0f5b1bd41a79d15dfa
76265206343,25943116637,Create Releases,call-win,completed,skipped,2026-05-15T21:50:19Z,2026-05-15T21:50:13Z,-6,8f6e7d476d74281e11091bfb3e458db59ea33d19
76264787527,25942990958,Create Releases,call-win,completed,skipped,2026-05-15T21:46:50Z,2026-05-15T21:46:50Z,0,c98e99b95bdae0aa37496abd55ded7858f846837
76263330349,25942538452,Create Releases,call-win,completed,skipped,2026-05-15T21:34:53Z,2026-05-15T21:34:53Z,0,5683835507b184b447d59ae0b2b5ccbabac101c9
76237010221,25934693749,Create Releases,call-win,completed,skipped,2026-05-15T18:31:57Z,2026-05-15T18:31:57Z,0,e196a752f2557fcd0ab834c0c31e7666358bd6e7
76229977493,25932620372,Create Releases,call-win,completed,skipped,2026-05-15T17:45:58Z,2026-05-15T17:45:58Z,0,d6271cae8e88f43ee48523304b333722e5e26316
76229754601,25932552909,Create Releases,call-win,completed,skipped,2026-05-15T17:44:32Z,2026-05-15T17:44:31Z,-1,7e56e9efe84ad7ed968c5617b1fda93961b3ff49
76225823788,25931379267,Create Releases,call-win,completed,skipped,2026-05-15T17:19:03Z,2026-05-15T17:19:03Z,0,d62e873e4a7017596d8a3e2b2b1c5c9217195bbe
76225539536,25931294872,Create Releases,call-win,completed,skipped,2026-05-15T17:17:11Z,2026-05-15T17:17:10Z,-1,bc099598efb1aced91c191f805e56496db1dc242
76222680860,25930449059,Create Releases,call-win,completed,skipped,2026-05-15T16:58:26Z,2026-05-15T16:58:26Z,0,656c51bd965950c9d97d811d8de603edcb1b7109
76198386316,25923480937,Create Releases,call-win,completed,skipped,2026-05-15T14:32:33Z,2026-05-15T14:32:32Z,-1,8880bc715be0d4970486d9149fc02e1477431ce6
76197944915,25923354496,Create Releases,call-win,completed,skipped,2026-05-15T14:30:00Z,2026-05-15T14:30:00Z,0,1a534d4e5f316ab4606939e384ca74f49be82b8a
76195008615,25922515854,Create Releases,call-win,completed,skipped,2026-05-15T14:12:36Z,2026-05-15T14:12:26Z,-10,70deebc01ef33f3dac9376659115b216166ad178
76177053246,25917308415,Create Releases,call-win,completed,skipped,2026-05-15T12:16:56Z,2026-05-15T12:16:56Z,0,8b0aa049cd8c05fd6eae293c7aa31da8db1f185d
76175208711,25916759490,Create Releases,call-win,completed,skipped,2026-05-15T12:03:03Z,2026-05-15T12:03:03Z,0,48a65488ac0bf27c2f88bca2ffe8e99f36f03f77
76174864562,25916657729,Create Releases,call-win,completed,skipped,2026-05-15T12:00:26Z,2026-05-15T12:00:25Z,-1,48a65488ac0bf27c2f88bca2ffe8e99f36f03f77
76174541279,25916561206,Create Releases,call-win,completed,skipped,2026-05-15T11:58:00Z,2026-05-15T11:57:59Z,-1,031b3052a7c6a7d6e54483faf6944d3211a77cc4
76167820586,25914545333,Create Releases,call-win,completed,skipped,2026-05-15T11:06:03Z,2026-05-15T11:06:03Z,0,c8ca83acfd0c095df3c1e7d80d0074a0c9916629
76157250704,25911418051,Create Releases,call-win,completed,skipped,2026-05-15T09:48:00Z,2026-05-15T09:47:52Z,-8,b792fa7553f45a3117588935887c8b4ed1404451
76150949320,25909562194,Create Releases,call-win,completed,skipped,2026-05-15T09:02:57Z,2026-05-15T09:02:56Z,-1,15ab23603577815da8d897a175c18c0eba1e41cd
76150287791,25909368342,Create Releases,call-win,completed,skipped,2026-05-15T08:58:14Z,2026-05-15T08:58:13Z,-1,1a3943676302a8e6ab8796234ca59b01d989b442
76146769760,25908302565,Create Releases,call-win,completed,skipped,2026-05-15T08:31:53Z,2026-05-15T08:31:52Z,-1,910229adc9fd8df05d73b4c6d6cb5d249d3e6bad
76140016622,25906067491,Create Releases,call-win,completed,skipped,2026-05-15T07:29:17Z,2026-05-15T07:29:11Z,-6,a36cea3a03ef7cd3bac94a6a620f4bc1e3809d70
76121823878,25900219293,Create Releases,call-win,completed,skipped,2026-05-15T04:27:33Z,2026-05-15T04:27:24Z,-9,be1989a09db33d3ceb12e6f896e4a45e17eda495
76118641182,25899152321,Create Releases,call-win,completed,skipped,2026-05-15T03:48:36Z,2026-05-15T03:48:35Z,-1,8312b0a2b9e401aa06daabed89c25f543852d8db
77075166311,25891187343,Create Releases,call-win,completed,skipped,2026-05-20T23:28:17Z,2026-05-20T23:28:17Z,0,89d85ddb89db26dd581077084f017caaae38a207
76043966865,25876205061,Create Releases,call-win,completed,skipped,2026-05-14T17:54:12Z,2026-05-14T17:54:11Z,-1,cd6b5f8d8d2c2f76376beeadb4079cb8b051872b
76040287980,25875153847,Create Releases,call-win,completed,skipped,2026-05-14T17:32:45Z,2026-05-14T17:32:44Z,-1,b9eace2cc198f384ea874ad0fe88e39893b278a3
76039503036,25874929384,Create Releases,call-win,completed,skipped,2026-05-14T17:28:16Z,2026-05-14T17:28:16Z,0,e4f64a3e0b496a3f867210687667a3b30a390c92
76036424645,25874038117,Create Releases,call-win,completed,skipped,2026-05-14T17:10:17Z,2026-05-14T17:10:17Z,0,e31fc588968383379af3a1620b8d539a77fd2ef6
75982635480,25858634769,Create Releases,call-win,completed,skipped,2026-05-14T11:55:21Z,2026-05-14T11:55:21Z,0,821d51b4fc2433ae1e763fbd64c16e38376a7066
75979631233,25857728202,Create Releases,call-win,completed,skipped,2026-05-14T11:32:37Z,2026-05-14T11:32:37Z,0,959239c4d16db979d7a96eacf378fc37fc6ebed3
75979546497,25857699191,Create Releases,call-win,completed,skipped,2026-05-14T11:31:58Z,2026-05-14T11:31:51Z,-7,9be748ee50a8b111523cb8776e5d6aae9504a7cd
75978950751,25857517328,Create Releases,call-win,completed,skipped,2026-05-14T11:27:26Z,2026-05-14T11:27:18Z,-8,db43da92cec3d3e43190126efefe988d611895b8
75978826959,25857484572,Create Releases,call-win,completed,skipped,2026-05-14T11:26:29Z,2026-05-14T11:26:29Z,0,73019917ab35757fe13d689063a0b155bc8861c1
75975700764,25856542507,Create Releases,call-win,completed,skipped,2026-05-14T11:03:06Z,2026-05-14T11:03:06Z,0,7e8b4340c972b21ceae6a70c023d3eda80c5d6e9
75974056459,25856053360,Create Releases,call-win,completed,skipped,2026-05-14T10:51:22Z,2026-05-14T10:51:22Z,0,ba3cb218666f450dbb188c8c62e6738fa986c6af
75973693931,25855945571,Create Releases,call-win,completed,skipped,2026-05-14T10:48:47Z,2026-05-14T10:48:46Z,-1,20005c454083859e15269577706b547fb6754072
75972991052,25855730163,Create Releases,call-win,completed,skipped,2026-05-14T10:43:40Z,2026-05-14T10:43:33Z,-7,910229adc9fd8df05d73b4c6d6cb5d249d3e6bad
75966797928,25853891131,Create Releases,call-win,completed,skipped,2026-05-14T09:58:41Z,2026-05-14T09:58:41Z,0,50a8cf72d51872a5acfb24abd6181f1838fe1b0c
75961782158,25852371814,Create Releases,call-win,completed,skipped,2026-05-14T09:22:40Z,2026-05-14T09:22:39Z,-1,bb60acc3654fa8504929a1e1ed68914ac49357b8
75960889732,25852105184,Create Releases,call-win,completed,skipped,2026-05-14T09:16:16Z,2026-05-14T09:16:16Z,0,c57a06bc65c6c823420849484311bfaf31868a8b
75957730700,25851143599,Create Releases,call-win,completed,skipped,2026-05-14T08:53:56Z,2026-05-14T08:53:47Z,-9,c96821b2174c575be1c38b07a9f296ec515a69a1
75956526143,25850784545,Create Releases,call-win,completed,skipped,2026-05-14T08:44:59Z,2026-05-14T08:44:59Z,0,29aa116a6a497ecff6142e9877e68d079f002037
75955947740,25850609157,Create Releases,call-win,completed,skipped,2026-05-14T08:40:35Z,2026-05-14T08:40:35Z,0,8ff340561fbe1e178302ce869433f1cf0fd6c5a0
75955546833,25850483898,Create Releases,call-win,completed,skipped,2026-05-14T08:37:34Z,2026-05-14T08:37:33Z,-1,3a6f086495f96b544deffc98dcd000e443423d74
75953707668,25849917413,Create Releases,call-win,completed,skipped,2026-05-14T08:23:45Z,2026-05-14T08:23:45Z,0,46c16fec6c867681af1311f88148a604b4864c74
75953498139,25849851876,Create Releases,call-win,completed,skipped,2026-05-14T08:22:09Z,2026-05-14T08:22:09Z,0,3a6f086495f96b544deffc98dcd000e443423d74
75953203229,25849760140,Create Releases,call-win,completed,skipped,2026-05-14T08:19:54Z,2026-05-14T08:19:54Z,0,195d3dce869ff50eee483638763a0afdcd17cd48
75947173143,25847879655,Create Releases,call-win,completed,skipped,2026-05-14T07:31:22Z,2026-05-14T07:31:21Z,-1,7b0d80046140b009462a17801fe970c2b2d0de7d
75946609261,25847701778,Create Releases,call-win,completed,skipped,2026-05-14T07:26:40Z,2026-05-14T07:26:39Z,-1,96604d8738ac8d10a00264a9c7b240f5f4726f2c
75946607093,25847701113,Create Releases,call-win,completed,skipped,2026-05-14T07:26:39Z,2026-05-14T07:26:38Z,-1,96604d8738ac8d10a00264a9c7b240f5f4726f2c
76436266100,25845304457,Create Releases,call-win,completed,skipped,2026-05-17T23:14:09Z,2026-05-17T23:14:08Z,-1,220a214adaa59e2ec08e8172953bba7eab05dd88
75936255544,25844381858,Create Releases,call-win,completed,skipped,2026-05-14T05:54:01Z,2026-05-14T05:53:54Z,-7,b412be91a2da369b9f5027510ee2250c98f4977d
75933818147,25843607082,Create Releases,call-win,completed,skipped,2026-05-14T05:30:03Z,2026-05-14T05:30:02Z,-1,8e9dc5dbc9193b731791e9aed89601bd6f736223
75933763231,25843589060,Create Releases,call-win,completed,skipped,2026-05-14T05:29:29Z,2026-05-14T05:29:28Z,-1,ec2534aed0f4f2ed1658fd77423bde8fcf7a0c92
75933742177,25843581395,Create Releases,call-win,completed,skipped,2026-05-14T05:29:16Z,2026-05-14T05:29:15Z,-1,9940a60a8efa91b67177183d28d2cae81742b4c5
75932791340,25843260555,Create Releases,call-win,completed,skipped,2026-05-14T05:19:29Z,2026-05-14T05:19:29Z,0,9940a60a8efa91b67177183d28d2cae81742b4c5
75932111171,25843032589,Create Releases,call-win,completed,skipped,2026-05-14T05:12:24Z,2026-05-14T05:12:23Z,-1,00c631232956e0a5d59ed37654843006bfbecb6d
75924939053,25840609266,Create Releases,call-win,completed,skipped,2026-05-14T03:52:12Z,2026-05-14T03:52:12Z,0,b8d918d42b86376aca529797cd369e8604058491
75918049153,25838315619,Create Releases,call-win,completed,skipped,2026-05-14T02:35:55Z,2026-05-14T02:35:48Z,-7,756b2a778a1d3b677e856e8dd627b401416c0e41
75903941412,25833666315,Create Releases,call-win,completed,skipped,2026-05-14T00:07:16Z,2026-05-14T00:07:07Z,-9,804d90157b540333659bbf3fa9af58d0c65fcb2d
75901686645,25832930784,Create Releases,call-win,completed,skipped,2026-05-13T23:45:10Z,2026-05-13T23:45:10Z,0,23e6c29d62b805aafecb972a7cc31fa0790c5009
75901302581,25832802041,Create Releases,call-win,completed,skipped,2026-05-13T23:41:26Z,2026-05-13T23:41:26Z,0,b75d81962e1ab3ace71d551279655d9405fda82c
75901087393,25832731361,Create Releases,call-win,completed,skipped,2026-05-13T23:39:21Z,2026-05-13T23:39:21Z,0,158290987fb0beaaa727a18c49e5b128a41a8d93
75895723704,25831016437,Create Releases,call-win,completed,skipped,2026-05-13T22:51:55Z,2026-05-13T22:51:55Z,0,6b814cd4bdd28e819f27a3de6621b7863fba217e
75895441592,25830923218,Create Releases,call-win,completed,skipped,2026-05-13T22:49:40Z,2026-05-13T22:49:30Z,-10,7c53e272d4562274df7f300f423845a8840bba82
75895369336,25830906874,Create Releases,call-win,completed,skipped,2026-05-13T22:49:03Z,2026-05-13T22:49:03Z,0,9913a85cbf9893ab8ec017d1520d96ba1b6e884a
75871234576,25823684382,Create Releases,call-win,completed,skipped,2026-05-13T20:10:53Z,2026-05-13T20:10:43Z,-10,a4beff1e802b0bb5577e75271917222ba1bb2869
75869244877,25823113437,Create Releases,call-win,completed,skipped,2026-05-13T19:59:23Z,2026-05-13T19:59:23Z,0,b04593d556b9b9d8a224c61275bc60289adb78aa
75930819171,25815847936,Create Releases,call-win,completed,skipped,2026-05-14T04:57:59Z,2026-05-14T04:57:58Z,-1,cc02bc7b88892560fb71fbe632a745b459a4422a
75842451620,25815400964,Create Releases,call-win,completed,skipped,2026-05-13T17:28:13Z,2026-05-13T17:28:12Z,-1,cdb11a9b45ef75ed1e164fc182d686f9c1249b77
75842385613,25815248705,Create Releases,call-win,completed,skipped,2026-05-13T17:27:50Z,2026-05-13T17:27:50Z,0,f918317cbfe42534d6b1c9545185a2b9c31211bb
75804426805,25804805207,Create Releases,call-win,completed,skipped,2026-05-13T14:14:53Z,2026-05-13T14:14:53Z,0,29d46ab6e8eec4b8f09115aa068218368c4901de
75797531248,25802892359,Create Releases,call-win,completed,skipped,2026-05-13T13:41:19Z,2026-05-13T13:41:18Z,-1,14b59c412db6dcca36a4b73ef3111d54899ac339
75786723989,25799886987,Create Releases,call-win,completed,skipped,2026-05-13T12:44:43Z,2026-05-13T12:44:34Z,-9,01a643c878f8daf9d6eaa424375cee53d1052a32
75776339956,25796888067,Create Releases,call-win,completed,skipped,2026-05-13T11:42:14Z,2026-05-13T11:42:14Z,0,09e1d86c59ea1a5291ca812f6be030279a6ebc55
75730726471,25783324937,Create Releases,call-win,completed,skipped,2026-05-13T06:51:07Z,2026-05-13T06:51:07Z,0,e1c33bd4e9e5c56d621ad745544d502de7a0bf3b
75730652414,25783301404,Create Releases,call-win,completed,skipped,2026-05-13T06:50:32Z,2026-05-13T06:50:32Z,0,f07d4b0c59318c103f080e893112a8eb918b8864
75729944314,25783073467,Create Releases,call-win,completed,skipped,2026-05-13T06:44:49Z,2026-05-13T06:44:49Z,0,feccca88eb9a716c18359616eb3530a18630650e
75729942086,25783047631,Create Releases,call-win,completed,skipped,2026-05-13T06:44:48Z,2026-05-13T06:44:48Z,0,feccca88eb9a716c18359616eb3530a18630650e
75718793269,25779465654,Create Releases,call-win,completed,skipped,2026-05-13T05:04:24Z,2026-05-13T05:04:16Z,-8,c8197a8ddd50c2266a6e4857014270d9f1212adf
75717778241,25779114236,Create Releases,call-win,completed,skipped,2026-05-13T04:53:24Z,2026-05-13T04:53:24Z,0,bbea7c6bae5f0ea751c1f234fc8617e74506ee57
75716597791,25778707192,Create Releases,call-win,completed,skipped,2026-05-13T04:40:45Z,2026-05-13T04:40:45Z,0,f0064d407fb63ec01892254ae97d9520caae500e
76327869944,25777877678,Create Releases,call-win,completed,skipped,2026-05-16T15:13:45Z,2026-05-16T15:13:45Z,0,08eb6b0c2e4263700c93b11c277b4a530e1ade0d
75712935288,25777451598,Create Releases,call-win,completed,skipped,2026-05-13T04:01:09Z,2026-05-13T04:01:08Z,-1,8b0b8340bb9ccec90f317265c577085be7bf1ad9
75711143531,25776827556,Create Releases,call-win,completed,skipped,2026-05-13T03:40:51Z,2026-05-13T03:40:50Z,-1,fa81b8439e265262b9e7dfbbe0089fd423812209
75711067696,25776797005,Create Releases,call-win,completed,skipped,2026-05-13T03:40:02Z,2026-05-13T03:39:53Z,-9,a7c3217224cec027a41e6c222ae6d309a19a7351
75711009133,25776777645,Create Releases,call-win,completed,skipped,2026-05-13T03:39:20Z,2026-05-13T03:39:12Z,-8,a7c3217224cec027a41e6c222ae6d309a19a7351
75710042726,25776457012,Create Releases,call-win,completed,skipped,2026-05-13T03:28:46Z,2026-05-13T03:28:46Z,0,12a3c7413b9da0f4f867a1f73b55b754671c6532
75709833678,25776392172,Create Releases,call-win,completed,skipped,2026-05-13T03:26:37Z,2026-05-13T03:26:37Z,0,c9d2666619a68a9cec92c172a1d1a78b1da12952
75709781708,25776375147,Create Releases,call-win,completed,skipped,2026-05-13T03:26:05Z,2026-05-13T03:26:05Z,0,12a3c7413b9da0f4f867a1f73b55b754671c6532
75708472765,25775842403,Create Releases,call-win,completed,skipped,2026-05-13T03:12:30Z,2026-05-13T03:12:30Z,0,8c74e762f494ff3ab16f44c6bd68e7a9546fc53b
75708120286,25775824064,Create Releases,call-win,completed,skipped,2026-05-13T03:08:53Z,2026-05-13T03:08:53Z,0,8c74e762f494ff3ab16f44c6bd68e7a9546fc53b
75708010468,25775787512,Create Releases,call-win,completed,skipped,2026-05-13T03:07:46Z,2026-05-13T03:07:46Z,0,8c74e762f494ff3ab16f44c6bd68e7a9546fc53b
75707952368,25774617987,Create Releases,call-win,completed,skipped,2026-05-13T03:07:10Z,2026-05-13T03:07:10Z,0,564b74c96fb70a91e7f67fd791a6409850c273fc
75703153105,25774123439,Create Releases,call-win,completed,skipped,2026-05-13T02:16:51Z,2026-05-13T02:16:51Z,0,713aa999a469a3e84011be44b5197b2a872f80c6
75702735059,25773979570,Create Releases,call-win,completed,skipped,2026-05-13T02:12:23Z,2026-05-13T02:12:22Z,-1,853ba4dd6a27a2704a28c991148e26a38d6f73e5
75702650092,25773950505,Create Releases,call-win,completed,skipped,2026-05-13T02:11:30Z,2026-05-13T02:11:30Z,0,9cde8d0d5f2185a04d5b3d9f32158b205956c2d0
75702549066,25773916944,Create Releases,call-win,completed,skipped,2026-05-13T02:10:27Z,2026-05-13T02:10:27Z,0,b1052a6b6797091dd37a2b2af65838dacff5b210
75702500083,25773901399,Create Releases,call-win,completed,skipped,2026-05-13T02:10:01Z,2026-05-13T02:10:01Z,0,b1052a6b6797091dd37a2b2af65838dacff5b210
75699936410,25773036846,Create Releases,call-win,completed,skipped,2026-05-13T01:44:29Z,2026-05-13T01:44:29Z,0,3fa1443ec63d47a083fdfb9228447d4dfbfa6b60
75699346064,25772837548,Create Releases,call-win,completed,skipped,2026-05-13T01:38:39Z,2026-05-13T01:38:39Z,0,3c405979d7438c26a089cd861e84ca898cb44e90
75699156369,25772768469,Create Releases,call-win,completed,skipped,2026-05-13T01:36:47Z,2026-05-13T01:36:38Z,-9,b41229be01c2897e603868da7c263dcb3f718353
75697743616,25772285484,Create Releases,call-win,completed,skipped,2026-05-13T01:22:40Z,2026-05-13T01:22:40Z,0,019e628542a6bf7306847bba129cfea8a12c7610
75697185918,25772091682,Create Releases,call-win,completed,skipped,2026-05-13T01:17:12Z,2026-05-13T01:17:12Z,0,f846e096c3cac12b4ba577794e6509b987486c80
75696584241,25771889725,Create Releases,call-win,completed,skipped,2026-05-13T01:11:06Z,2026-05-13T01:11:06Z,0,659aa44d1970e25669915bf9029a626f3d0615b5
75694167453,25771086730,Create Releases,call-win,completed,skipped,2026-05-13T00:47:36Z,2026-05-13T00:47:35Z,-1,e56b433b11aaa9889332983e6d87f7eea79942bf
75691837399,25770324639,Create Releases,call-win,completed,skipped,2026-05-13T00:25:40Z,2026-05-13T00:25:40Z,0,1dd664afb234d7e0f1e71c9d453dc857c6d9608d
75691679044,25770268993,Create Releases,call-win,completed,skipped,2026-05-13T00:24:08Z,2026-05-13T00:24:01Z,-7,4901aa8e65f486ff9bc2dd84a68f5d34fd031cdd
75691382550,25770178984,Create Releases,call-win,completed,skipped,2026-05-13T00:21:21Z,2026-05-13T00:21:21Z,0,c25e459e585ca43c97ff7d0fdcfd0a30b083ccb5
75689806442,25769660285,Create Releases,call-win,completed,skipped,2026-05-13T00:06:09Z,2026-05-13T00:06:09Z,0,4c271187a938f49cf1d88812872c206118f6b6dd
75689794267,25769656017,Create Releases,call-win,completed,skipped,2026-05-13T00:06:02Z,2026-05-13T00:06:02Z,0,4c271187a938f49cf1d88812872c206118f6b6dd
75686659668,25766951359,Create Releases,call-win,completed,skipped,2026-05-12T23:37:07Z,2026-05-12T23:37:06Z,-1,f926eb27522a5e06a4971d2ca9d6f50149e74ed4
75672413499,25764106007,Create Releases,call-win,completed,skipped,2026-05-12T21:46:08Z,2026-05-12T21:46:08Z,0,08780259456110cc4ede94cda26bc30bb1784a1e
75657809318,25759830550,Create Releases,call-win,completed,skipped,2026-05-12T20:19:03Z,2026-05-12T20:19:02Z,-1,312a0da653d00c0f979444c0772fc2186c618953
75657058644,25759611442,Create Releases,call-win,completed,skipped,2026-05-12T20:14:36Z,2026-05-12T20:14:36Z,0,46ac9c88d59e24d53c9aa96e2843e532c2fec610
75656441639,25759432565,Create Releases,call-win,completed,skipped,2026-05-12T20:11:03Z,2026-05-12T20:11:03Z,0,57a1f072e1b8f10fb7e4ed38a93bed34c87883c7
75654385473,25758835758,Create Releases,call-win,completed,skipped,2026-05-12T19:59:25Z,2026-05-12T19:59:24Z,-1,ef70dbb79d676c9c89e31d8982245e2db117e784
75642858380,25755534025,Create Releases,call-win,completed,skipped,2026-05-12T18:54:28Z,2026-05-12T18:54:28Z,0,ae53b476ae7559693fad8fa1c1b56c2991c0fa71
75640832845,25754920690,Create Releases,call-win,completed,skipped,2026-05-12T18:43:29Z,2026-05-12T18:43:29Z,0,5b2a3c8df76ec0090ccca9fe082d7f6791913296
75638301925,25754227860,Create Releases,call-win,completed,skipped,2026-05-12T18:29:56Z,2026-05-12T18:29:50Z,-6,144453cbab297b6624189ae05522adbf90a5a64b
75636500912,25753712736,Create Releases,call-win,completed,skipped,2026-05-12T18:20:11Z,2026-05-12T18:20:10Z,-1,0e727f43afa90469e1b9f79d4680b12cb6105b2c
75630193899,25751908565,Create Releases,call-win,completed,skipped,2026-05-12T17:45:45Z,2026-05-12T17:45:36Z,-9,b0b53d216556d78dc8d032aa865297a5ba0a63c9
75635882355,25751591917,Create Releases,call-win,completed,skipped,2026-05-12T18:16:45Z,2026-05-12T18:16:45Z,0,711d1cbc907863d8c73f75017be5df908f0870d8
75624887964,25750404076,Create Releases,call-win,completed,skipped,2026-05-12T17:16:40Z,2026-05-12T17:16:40Z,0,b0b53d216556d78dc8d032aa865297a5ba0a63c9
75624765426,25750367678,Create Releases,call-win,completed,skipped,2026-05-12T17:16:00Z,2026-05-12T17:16:00Z,0,960791acda52b5f7f8c642267774b90d06eb7ea7
75621798669,25749414335,Create Releases,call-win,completed,skipped,2026-05-12T16:59:48Z,2026-05-12T16:59:47Z,-1,0808b350e96de0c9c7de9467fd978c56051dc0e1
75616831665,25748119932,Create Releases,call-win,completed,skipped,2026-05-12T16:33:02Z,2026-05-12T16:33:02Z,0,180735ac1615c715170b2876d54064a51b873616
75616132962,25747412317,Create Releases,call-win,completed,skipped,2026-05-12T16:29:25Z,2026-05-12T16:29:19Z,-6,0808b350e96de0c9c7de9467fd978c56051dc0e1
75592123313,25741299601,Create Releases,call-win,completed,skipped,2026-05-12T14:32:45Z,2026-05-12T14:32:39Z,-6,4faeaabbc533b13b48e48536d7efeb96181ed685
75568190730,25734613408,Create Releases,call-win,completed,skipped,2026-05-12T12:32:36Z,2026-05-12T12:32:29Z,-7,00b48051e123bc04a43281cea6ecdd3934a94c0c
75561601392,25732676088,Create Releases,call-win,completed,skipped,2026-05-12T11:53:20Z,2026-05-12T11:53:13Z,-7,538261b80ceedc08864b784a2dc6992740606f4a
75559299251,25731997219,Create Releases,call-win,completed,skipped,2026-05-12T11:39:04Z,2026-05-12T11:39:04Z,0,a825b9c20ce5cf2a41e34ec1c9568d2e063d92f7
75556184018,25731073018,Create Releases,call-win,completed,skipped,2026-05-12T11:19:27Z,2026-05-12T11:19:27Z,0,f9ab8a9a89db5fd7f639fe3d9625b993641b7797
75549284350,25729058758,Create Releases,call-win,completed,skipped,2026-05-12T10:36:39Z,2026-05-12T10:36:39Z,0,0ba58bc3fb7235ed14c9573195555b3fcc5a1db7
75546785796,25728326820,Create Releases,call-win,completed,skipped,2026-05-12T10:20:52Z,2026-05-12T10:20:52Z,0,9978819b80546e08eb7c598931b79287ba88743a
75544088164,25727538180,Create Releases,call-win,completed,skipped,2026-05-12T10:04:11Z,2026-05-12T10:04:10Z,-1,e3576fb495ce944d4cc227aec1d54237dde1b42c
75542691248,25727137648,Create Releases,call-win,completed,skipped,2026-05-12T09:56:04Z,2026-05-12T09:56:04Z,0,cbf3bae8628bc5914de44103d6900fc67915ada2
75542563470,25727100783,Create Releases,call-win,completed,skipped,2026-05-12T09:55:19Z,2026-05-12T09:55:19Z,0,9d3058696dbe246fcd789c5f2e0e152961fac3ee
75536377962,25725294382,Create Releases,call-win,completed,skipped,2026-05-12T09:18:47Z,2026-05-12T09:18:47Z,0,45832d4495694df606fd08000b8eb356a460e4a0
75485588489,25709165472,Create Releases,call-win,completed,skipped,2026-05-12T02:15:22Z,2026-05-12T02:15:22Z,0,fe193bd684a7f8ed086638004a9139153b78b3aa
75450090143,25697707557,Create Releases,call-win,completed,skipped,2026-05-11T21:14:02Z,2026-05-11T21:14:02Z,0,ee52cbaf92bca8d493dfe1a1dd908af34922b645
75448881439,25697368577,Create Releases,call-win,completed,skipped,2026-05-11T21:06:48Z,2026-05-11T21:06:48Z,0,6865a04f54284b8ba2b60355239d90fb9a7d947a
75448226556,25697177376,Create Releases,call-win,completed,skipped,2026-05-11T21:02:55Z,2026-05-11T21:02:54Z,-1,fc87e7405122a18ce3334edd0ebdc378cc34cd83
75447178462,25696866041,Create Releases,call-win,completed,skipped,2026-05-11T20:56:51Z,2026-05-11T20:56:50Z,-1,04ed55d307813fd32aa9dbba6eb1f751dd92801d
75439472171,25694595499,Create Releases,call-win,completed,skipped,2026-05-11T20:12:12Z,2026-05-11T20:12:12Z,0,070e66a90af079934a5cdd5995e727c301407146
75438597003,25694344605,Create Releases,call-win,completed,skipped,2026-05-11T20:07:07Z,2026-05-11T20:07:07Z,0,62f3de76b39e48be331ea51d57dfd601672c2402
75434648627,25693187147,Create Releases,call-win,completed,skipped,2026-05-11T19:44:20Z,2026-05-11T19:44:20Z,0,426895678d3d7a87756ac388d7c2a67a4bac146d
75433710068,25692910176,Create Releases,call-win,completed,skipped,2026-05-11T19:38:54Z,2026-05-11T19:38:53Z,-1,d1745e133e824a67ad67038ba4ba88a2dd6e8639
75432939570,25692685215,Create Releases,call-win,completed,skipped,2026-05-11T19:34:29Z,2026-05-11T19:34:28Z,-1,e9f4d86a0d82362b4f3490a45d7eef74dde2a25d
75427401789,25691099256,Create Releases,call-win,completed,skipped,2026-05-11T19:02:54Z,2026-05-11T19:02:54Z,0,d53f11ef5a9089ed74f45f5c14e18f421d58a2ba
75425750696,25690619805,Create Releases,call-win,completed,skipped,2026-05-11T18:53:40Z,2026-05-11T18:53:39Z,-1,70439459eaab804ed3809d7c895848fe01a9f3dc
75421496640,25689390004,Create Releases,call-win,completed,skipped,2026-05-11T18:30:08Z,2026-05-11T18:30:08Z,0,82f12ce8048c451196cccc14624aa2848cb5f3dc
75420043581,25688970897,Create Releases,call-win,completed,skipped,2026-05-11T18:21:57Z,2026-05-11T18:21:56Z,-1,eea54003407268a7f01fed9a3ddad45595c546f0
75370062625,25674936712,Create Releases,call-win,completed,skipped,2026-05-11T14:01:15Z,2026-05-11T14:01:14Z,-1,88fbe0c796612d0c16b2a8e496bbf6c89f928dd4
75369362368,25674745339,Create Releases,call-win,completed,skipped,2026-05-11T13:57:51Z,2026-05-11T13:57:51Z,0,8369b1ad4efe2ff530cd4019c623f48eb166f67d
77214620367,25663920080,Create Releases,call-win,completed,skipped,2026-05-21T15:59:40Z,2026-05-21T15:59:40Z,0,4c07234c55f549cf34361e3519fa8a1bdac1b2b4
75328921549,25663208191,Create Releases,call-win,completed,skipped,2026-05-11T09:56:09Z,2026-05-11T09:55:59Z,-10,3dfe565aed3a59b8232e54f3d829ca9341f9b3e0
75328803105,25663182276,Create Releases,call-win,completed,skipped,2026-05-11T09:55:26Z,2026-05-11T09:55:25Z,-1,60798c8915555633e5987691106bbe3bee540e21
75327288705,25662737117,Create Releases,call-win,completed,skipped,2026-05-11T09:46:06Z,2026-05-11T09:46:05Z,-1,d98cac35e3b59d0538001355999514374d7e472a
75291133744,25651709061,Create Releases,call-win,completed,skipped,2026-05-11T05:16:05Z,2026-05-11T05:16:04Z,-1,786d25640e78f962da4eff3c0c3a79c9aaf9eff6
75290874095,25651619573,Create Releases,call-win,completed,skipped,2026-05-11T05:13:00Z,2026-05-11T05:12:59Z,-1,9388a3371716160deb80038887972bca2ec9f3a4
75239009083,25632243702,Create Releases,call-win,completed,skipped,2026-05-10T15:33:07Z,2026-05-10T15:33:00Z,-7,6c8f7326f7f4152ed4bd80bcaa80a3e6682876a5
75233794148,25630355754,Create Releases,call-win,completed,skipped,2026-05-10T14:03:51Z,2026-05-10T14:03:50Z,-1,dc6ac39985fa709c8bbbfd9261af3845c1ec8301
75230858620,25629627937,Create Releases,call-win,completed,skipped,2026-05-10T13:11:55Z,2026-05-10T13:11:55Z,0,ba5030feb1bdafab46e581226c3a613c32e7d403
75228021825,25628586752,Create Releases,call-win,completed,skipped,2026-05-10T12:21:17Z,2026-05-10T12:21:10Z,-7,7f1ee45a74bffd49b858ec5ef88daa5ff883554e
75226154989,25627887724,Create Releases,call-win,completed,skipped,2026-05-10T11:46:06Z,2026-05-10T11:46:05Z,-1,3081e12950a5a6829fa59c05a59c78d2bc42b383
75226123478,25627875708,Create Releases,call-win,completed,skipped,2026-05-10T11:45:28Z,2026-05-10T11:45:28Z,0,3081e12950a5a6829fa59c05a59c78d2bc42b383
75225710458,25627712688,Create Releases,call-win,completed,skipped,2026-05-10T11:37:17Z,2026-05-10T11:37:17Z,0,a5ba4819d4f32eeb54822aed3def4c15073e6090
78649931128,26684350679,Create Releases,call-win,completed,skipped,2026-05-30T12:55:07Z,2026-05-30T12:55:06Z,-1,c54e51eea0fb5446012999aab3f550ee4521df5e
78643633391,26681893189,Create Releases,call-win,completed,skipped,2026-05-30T10:48:12Z,2026-05-30T10:48:11Z,-1,5c1fc49e98cc5b4e5ff328f26f8c6959c1fc45b7
78643601933,26681881487,Create Releases,call-win,completed,skipped,2026-05-30T10:47:31Z,2026-05-30T10:47:31Z,0,5c1fc49e98cc5b4e5ff328f26f8c6959c1fc45b7
78710435822,26707127563,Create Releases,call-win,completed,skipped,2026-05-31T07:59:15Z,2026-05-31T07:59:15Z,0,edf4bcfaa9488256054b159f2ad267af293bccac
78710422610,26707121473,Create Releases,call-win,completed,skipped,2026-05-31T07:59:03Z,2026-05-31T07:58:57Z,-6,edf4bcfaa9488256054b159f2ad267af293bccac
78699705424,26703214714,Create Releases,call-win,completed,skipped,2026-05-31T04:28:41Z,2026-05-31T04:28:40Z,-1,09b8e11a685279401db6014555da3e04d73a54c7
78698917475,26702912488,Create Releases,call-win,completed,skipped,2026-05-31T04:11:18Z,2026-05-31T04:11:17Z,-1,c144695900f0a96982e969d40d11bce3ca8cff00
78692251207,26700432517,Create Releases,call-win,completed,skipped,2026-05-31T01:53:23Z,2026-05-31T01:53:23Z,0,44e2ddf7bba12affb00e4c17944723c93e7429b7
78789220157,26735983654,Create Releases,call-win,completed,skipped,2026-06-01T04:56:28Z,2026-06-01T04:56:27Z,-1,3c0e7c66bc9d115556cf1a2b5f9f369ced465fe4
78787638567,26735438098,Create Releases,call-win,completed,skipped,2026-06-01T04:37:41Z,2026-06-01T04:37:41Z,0,285ceb8322691a6034dd80a6e210b2c6564ec48e
78753423340,26723029246,Create Releases,call-win,completed,skipped,2026-05-31T20:02:39Z,2026-05-31T20:02:39Z,0,2615f793fec12751dd45f1460e8487f99ab280c7
78742554475,26718994608,Create Releases,call-win,completed,skipped,2026-05-31T17:08:03Z,2026-05-31T17:08:02Z,-1,9d886fb165b5f4a7ab8ffbb251d25382ac1ba077
78730118783,26714332856,Create Releases,call-win,completed,skipped,2026-05-31T13:46:05Z,2026-05-31T13:46:04Z,-1,130f8c528959de5fd2678a4542f1193f64e6d07b
78726917735,26713142850,Create Releases,call-win,completed,skipped,2026-05-31T12:52:46Z,2026-05-31T12:52:46Z,0,cee47d19a2c1eb524da84715948c7ce52bdfff9e
78721317049,26711070304,Create Releases,call-win,completed,skipped,2026-05-31T11:15:11Z,2026-05-31T11:15:11Z,0,f137abbf1bbdc299a44a3c985fb1c5e01a9caae8
78810672946,26742794848,Create Releases,call-win,completed,skipped,2026-06-01T08:04:29Z,2026-06-01T08:04:29Z,0,2ec30405a01c876b0ff9a6c6a1b99dfe08dbe007
78808541325,26742154406,Create Releases,call-win,completed,skipped,2026-06-01T07:49:46Z,2026-06-01T07:49:46Z,0,a8201114f1c06ce389b9a2e7f739ee76736f25de
78803685967,26740669281,Create Releases,call-win,completed,skipped,2026-06-01T07:14:03Z,2026-06-01T07:14:03Z,0,ae50b28fd676498e08bc900a60d6bff6b8943f70
79024525729,26806290975,Create Releases,call-win,completed,skipped,2026-06-02T07:53:13Z,2026-06-02T07:53:08Z,-5,27ae09441ccf2416645dc5c7138ddf076adf74f9
79021889066,26805511465,Create Releases,call-win,completed,skipped,2026-06-02T07:36:11Z,2026-06-02T07:36:11Z,0,b373ebf7481c46897e9196ca83108f9862a52118
79015870755,26803667597,Create Releases,call-win,completed,skipped,2026-06-02T06:53:59Z,2026-06-02T06:53:58Z,-1,b8da8257e2516646072a74a015c569408e0e18aa
79007996026,26801170720,Create Releases,call-win,completed,skipped,2026-06-02T05:50:29Z,2026-06-02T05:50:19Z,-10,99750c7cb49201985c1cee39f46ae11b827b4311
79004647251,26800063429,Create Releases,call-win,completed,skipped,2026-06-02T05:18:35Z,2026-06-02T05:18:35Z,0,b8c4d95d862123dfecf10cf71b91c81a67a1c39b
79004530259,26800024584,Create Releases,call-win,completed,skipped,2026-06-02T05:17:23Z,2026-06-02T05:17:23Z,0,b8c4d95d862123dfecf10cf71b91c81a67a1c39b
78984767684,26793473531,Create Releases,call-win,completed,skipped,2026-06-02T01:52:47Z,2026-06-02T01:52:47Z,0,34af3104825c4daf6f51132c455dd0333139009c
78910282039,26771037468,Create Releases,call-win,completed,skipped,2026-06-01T17:32:04Z,2026-06-01T17:31:57Z,-7,351f1de3fcaad1a392400269b62bea0e4a74e965
78902215728,26768759547,Create Releases,call-win,completed,skipped,2026-06-01T16:46:47Z,2026-06-01T16:46:47Z,0,35dd5390d92c65632f6ec9ed7936266c37b7c8d4
78901206202,26768460728,Create Releases,call-win,completed,skipped,2026-06-01T16:41:03Z,2026-06-01T16:40:54Z,-9,8156ad9f0ca4b3d2c9a88e0e5305c8a2ac778f15
78899487206,26767985491,Create Releases,call-win,completed,skipped,2026-06-01T16:31:30Z,2026-06-01T16:31:30Z,0,ce1969f8f142e7c5c305a7684d97b32cb0c04cd4
78899448643,26767967482,Create Releases,call-win,completed,skipped,2026-06-01T16:31:17Z,2026-06-01T16:31:09Z,-8,ce1969f8f142e7c5c305a7684d97b32cb0c04cd4
78898619415,26767738999,Create Releases,call-win,completed,skipped,2026-06-01T16:26:45Z,2026-06-01T16:26:45Z,0,a84885faafe7ee741e096801aec9874b7e2473d1
78898187757,26767607527,Create Releases,call-win,completed,skipped,2026-06-01T16:24:23Z,2026-06-01T16:24:14Z,-9,54c21cbc9d25bbc37093c890438cb0d32079bc84
78897182357,26767329380,Create Releases,call-win,completed,skipped,2026-06-01T16:18:50Z,2026-06-01T16:18:50Z,0,78a5bb59b05e65e8f75760d871cb0390ca07a5e4
78890885640,26765567881,Create Releases,call-win,completed,skipped,2026-06-01T15:45:43Z,2026-06-01T15:45:35Z,-8,92ba938cbdfaf6fdc03abbe6d3f56c512e1b61b0
78887049300,26764517008,Create Releases,call-win,completed,skipped,2026-06-01T15:26:24Z,2026-06-01T15:26:17Z,-7,2020a1d5098a101bd52244ce5a84479f8dbdd43c
78879014440,26762305283,Create Releases,call-win,completed,skipped,2026-06-01T14:47:11Z,2026-06-01T14:47:01Z,-10,fea22a7e5bd822133dc12b9535baf7458b2ebb46
78876263736,26761568845,Create Releases,call-win,completed,skipped,2026-06-01T14:34:09Z,2026-06-01T14:34:09Z,0,0f99998e85a1426f1ea7d5154c2c4fe25342b74f
78849249003,26754082941,Create Releases,call-win,completed,skipped,2026-06-01T12:11:08Z,2026-06-01T12:11:07Z,-1,e6daeee7056a87f1d68131b9adf7af9fb4699d21
78827737452,26747805762,Create Releases,call-win,completed,skipped,2026-06-01T09:53:27Z,2026-06-01T09:53:21Z,-6,da29ea16330eaf23cbadf636a8b53fe749c173f5
79055337913,26815269933,Create Releases,call-win,completed,skipped,2026-06-02T10:57:20Z,2026-06-02T10:57:20Z,0,51b1e6dd74e680f214010effddf087ef87852877
79054670408,26815074492,Create Releases,call-win,completed,skipped,2026-06-02T10:53:12Z,2026-06-02T10:53:12Z,0,51b1e6dd74e680f214010effddf087ef87852877
79228471396,26865599138,Create Releases,call-win,completed,skipped,2026-06-03T05:27:50Z,2026-06-03T05:27:42Z,-8,a36eb298e1bf7cbd8c5a4970c4ab21bc5b890ea1
79223986617,26864125366,Create Releases,call-win,completed,skipped,2026-06-03T04:41:26Z,2026-06-03T04:41:25Z,-1,151f4581bd8a25aa3d75d47aae6c474ca674dad6
79223959640,26864116068,Create Releases,call-win,completed,skipped,2026-06-03T04:41:09Z,2026-06-03T04:41:09Z,0,151f4581bd8a25aa3d75d47aae6c474ca674dad6
79213527540,26859208468,Create Releases,call-win,completed,skipped,2026-06-03T02:50:58Z,2026-06-03T02:50:58Z,0,610cec643ae6e8676e62c1fb36f45b35be4f0302
79194571681,26854633795,Create Releases,call-win,completed,skipped,2026-06-02T23:42:17Z,2026-06-02T23:42:17Z,0,a2ea276fd0a99b8271c70218f32f3c186aadb041
79194370962,26854571845,Create Releases,call-win,completed,skipped,2026-06-02T23:40:31Z,2026-06-02T23:40:30Z,-1,cd0284bcf3bed24e32af8c648665f2cffe42ed2f
79187201059,26852343275,Create Releases,call-win,completed,skipped,2026-06-02T22:42:04Z,2026-06-02T22:41:57Z,-7,a7f14ba1e246129b1b1f884c6dd85f8802becad2
79185947424,26851955395,Create Releases,call-win,completed,skipped,2026-06-02T22:32:38Z,2026-06-02T22:32:28Z,-10,b649c7193f1a8068301a795b2608b21a9f018875
79179210237,26849928300,Create Releases,call-win,completed,skipped,2026-06-02T21:45:48Z,2026-06-02T21:45:48Z,0,b21b0f1ebbfa54db515f780a803027f358b37146
79179132851,26849900114,Create Releases,call-win,completed,skipped,2026-06-02T21:45:17Z,2026-06-02T21:45:11Z,-6,b21b0f1ebbfa54db515f780a803027f358b37146
79141349476,26839209485,Create Releases,call-win,completed,skipped,2026-06-02T18:15:55Z,2026-06-02T18:15:54Z,-1,da77e6d9a1310a23e79a9ffc0472357102b3d57d
79147187452,26838856077,Create Releases,call-win,completed,skipped,2026-06-02T18:46:39Z,2026-06-02T18:46:30Z,-9,f7247f2d899d28bacc75a913d3a33fe27c12314d
79136574021,26837871812,Create Releases,call-win,completed,skipped,2026-06-02T17:50:49Z,2026-06-02T17:50:49Z,0,c215f9b9ef35db54dc5f5579f9bc73522a9c8e44
79131238913,26834894098,Create Releases,call-win,completed,skipped,2026-06-02T17:22:38Z,2026-06-02T17:22:37Z,-1,ce2314e25618843239e7da1b8acc93f7eb79057a
79108647802,26830103094,Create Releases,call-win,completed,skipped,2026-06-02T15:28:50Z,2026-06-02T15:28:49Z,-1,a87979321332f897f0aa313d6fdb68f195709858
79106577610,26829534208,Create Releases,call-win,completed,skipped,2026-06-02T15:19:21Z,2026-06-02T15:19:11Z,-10,9a5a3b082374920d469a5ad8525ecf4da441b298
79074692965,26820838001,Create Releases,call-win,completed,skipped,2026-06-02T12:50:31Z,2026-06-02T12:50:31Z,0,4907f39b4fc02b0044b9f0729e27807b673a2319
79268252041,26877396865,Create Releases,call-win,completed,skipped,2026-06-03T09:56:42Z,2026-06-03T09:56:35Z,-7,4480de511752b9c5fd8814f4a239f076394a4d7a
79460507676,26934344690,Create Releases,call-win,completed,skipped,2026-06-04T06:12:14Z,2026-06-04T06:12:07Z,-7,896d25c2e078633993272f3629627ba1f9c276d4
79457687691,26933421690,Create Releases,call-win,completed,skipped,2026-06-04T05:46:56Z,2026-06-04T05:46:56Z,0,caa4cb46f98ce1068d39d6ab08a6dd4174843c5e
79457665345,26933414206,Create Releases,call-win,completed,skipped,2026-06-04T05:46:43Z,2026-06-04T05:46:43Z,0,c215f9b9ef35db54dc5f5579f9bc73522a9c8e44
79445607229,26929268233,Create Releases,call-win,completed,skipped,2026-06-04T03:48:20Z,2026-06-04T03:48:19Z,-1,8259e3fe256b1f4e706a8f5150ada60262de451f
79441424565,26927850330,Create Releases,call-win,completed,skipped,2026-06-04T03:08:34Z,2026-06-04T03:08:34Z,0,507be17248e715386de064f65eadaae82ea58764
79423667032,26921815788,Create Releases,call-win,completed,skipped,2026-06-04T00:24:11Z,2026-06-04T00:24:11Z,0,12cd8ddacccb62c78c540721105fe1ef7677469d
79367084237,26904923010,Create Releases,call-win,completed,skipped,2026-06-03T18:30:26Z,2026-06-03T18:30:26Z,0,829a524cd10eac6c2d36b7b613c4ef814396bacc
79346034258,26899040356,Create Releases,call-win,completed,skipped,2026-06-03T16:39:27Z,2026-06-03T16:39:26Z,-1,3416d6f2d6e0d25ff9834ccd11cbbc4cd7c9bac5
79344892330,26898717470,Create Releases,call-win,completed,skipped,2026-06-03T16:33:35Z,2026-06-03T16:33:26Z,-9,63c117baba99f9fe17b97da8845338cc24c4c82a
79344573832,26898637532,Create Releases,call-win,completed,skipped,2026-06-03T16:31:57Z,2026-06-03T16:31:56Z,-1,63c117baba99f9fe17b97da8845338cc24c4c82a
79342884014,26898161203,Create Releases,call-win,completed,skipped,2026-06-03T16:23:18Z,2026-06-03T16:23:18Z,0,dbd26657534dc5ca67ae7e06904ada8f565bea99
79342690089,26898107692,Create Releases,call-win,completed,skipped,2026-06-03T16:22:18Z,2026-06-03T16:22:18Z,0,ae12b417ce32a1ba40869dc321297baa7859ab66
79341904525,26897891166,Create Releases,call-win,completed,skipped,2026-06-03T16:18:16Z,2026-06-03T16:18:16Z,0,ae12b417ce32a1ba40869dc321297baa7859ab66
79341312632,26897726550,Create Releases,call-win,completed,skipped,2026-06-03T16:15:18Z,2026-06-03T16:15:18Z,0,2b06a2a2db75a5f83457af11ae1ad48182f63a29
79339901139,26897339336,Create Releases,call-win,completed,skipped,2026-06-03T16:08:11Z,2026-06-03T16:08:11Z,0,8e3ff7d8127297d2ea720ff219ceed1d0a5426c2
79335597259,26896146595,Create Releases,call-win,completed,skipped,2026-06-03T15:47:27Z,2026-06-03T15:47:22Z,-5,84d48ac85410d8ba4ebe8ec318b58b912a4b2d3a
79544374217,26959127435,Create Releases,call-win,completed,skipped,2026-06-04T14:44:20Z,2026-06-04T14:44:14Z,-6,149aea96a2e978b1205543e2499b85d0c8b3fc4d
79543398294,26958849857,Create Releases,call-win,completed,skipped,2026-06-04T14:39:37Z,2026-06-04T14:39:26Z,-11,e268806e353132e4ce35d1eda59a074033c46131
79462298693,26934922689,Create Releases,call-win,completed,skipped,2026-06-04T06:27:37Z,2026-06-04T06:27:37Z,0,15375a7d6e80f7d53c8472807e4867c6390db825
79678643030,27000177828,Create Releases,call-win,completed,skipped,2026-06-05T06:50:41Z,2026-06-05T06:50:41Z,0,b9a793a088e532dcaa8681f7acd7befaf8220ba1
79673912890,26998693827,Create Releases,call-win,completed,skipped,2026-06-05T06:10:10Z,2026-06-05T06:10:01Z,-9,93558f81c90bb04bb87c05863dad8a5375b76234
79667495408,26996581959,Create Releases,call-win,completed,skipped,2026-06-05T05:06:16Z,2026-06-05T05:06:06Z,-10,cba809499d18a2648f76086abd3af7ff2eddb98b
79663519002,26995243178,Create Releases,call-win,completed,skipped,2026-06-05T04:23:52Z,2026-06-05T04:23:45Z,-7,6cb2e96ceb58b2993f4dc58ec977ec85f45c9582
79662764059,26994989236,Create Releases,call-win,completed,skipped,2026-06-05T04:15:20Z,2026-06-05T04:15:20Z,0,758fe9b53c5cc55b03201d535d460e0fbe0e2ebc
79642666097,26969204463,Create Releases,call-win,completed,skipped,2026-06-05T00:41:24Z,2026-06-05T00:41:23Z,-1,8e6e47dc023378250c6f013d5c97bb8ce2e9acae
79579664925,26968834429,Create Releases,call-win,completed,skipped,2026-06-04T17:45:02Z,2026-06-04T17:44:56Z,-6,8e6e47dc023378250c6f013d5c97bb8ce2e9acae
79678380868,26968771270,Create Releases,call-win,completed,skipped,2026-06-05T06:48:28Z,2026-06-05T06:48:28Z,0,68fa40b7e677025850d212daeca24a9d7df0e14c
79577941961,26968677220,Create Releases,call-win,completed,skipped,2026-06-04T17:35:26Z,2026-06-04T17:35:26Z,0,cf0915dd67339d38e00f4f5e964b00b8295ab49b
79575967692,26968092798,Create Releases,call-win,completed,skipped,2026-06-04T17:24:33Z,2026-06-04T17:24:28Z,-5,829a524cd10eac6c2d36b7b613c4ef814396bacc
79854323468,27053879934,Create Releases,call-win,completed,skipped,2026-06-06T05:32:57Z,2026-06-06T05:32:57Z,0,a3ca21c719ef813e20c2be2d96e86620618155c6
79800352943,27036088333,Create Releases,call-win,completed,skipped,2026-06-05T19:37:40Z,2026-06-05T19:37:40Z,0,c5002602e09879f56021b819877462fd5e0ca309
79796167217,27034872938,Create Releases,call-win,completed,skipped,2026-06-05T19:11:16Z,2026-06-05T19:11:15Z,-1,32b24aa2448563682ff6b11b878e972c6e8ca740
79793320126,27034019738,Create Releases,call-win,completed,skipped,2026-06-05T18:53:51Z,2026-06-05T18:53:50Z,-1,364200fd81f2235a20b906da6d4efdd5d8413f79
79780516798,27030255131,Create Releases,call-win,completed,skipped,2026-06-05T17:35:18Z,2026-06-05T17:35:17Z,-1,efa3b9308fb4c0868ed27764d81d51e4188268ea
79781908562,27029585082,Create Releases,call-win,completed,skipped,2026-06-05T17:43:48Z,2026-06-05T17:43:48Z,0,719944e3cc5b0d9fc4e90fff0551dbfe77bc641a
79761346889,27024625398,Create Releases,call-win,completed,skipped,2026-06-05T15:41:31Z,2026-06-05T15:41:31Z,0,eb46e38284d641ebf03f7060966125564fccbd82
79757939663,27023303376,Create Releases,call-win,completed,skipped,2026-06-05T15:22:16Z,2026-06-05T15:22:15Z,-1,e069930fc28a8e81ad2e1017b4a3f2c40e7ef8f1
79775240720,27022159160,Create Releases,call-win,completed,skipped,2026-06-05T17:03:12Z,2026-06-05T17:03:04Z,-8,5bc7af854913c7bde2db9a910d9b4c633a72138e
79752117533,27021038774,Create Releases,call-win,completed,skipped,2026-06-05T14:51:01Z,2026-06-05T14:51:00Z,-1,d47c75cc3badbe4179f4f00dc955cc4e4a0e2a90
79739125092,27018309740,Create Releases,call-win,completed,skipped,2026-06-05T13:40:41Z,2026-06-05T13:40:41Z,0,3e18272e1626f77ca41fe8fae74a099919ce9e3f
79728091967,27015131295,Create Releases,call-win,completed,skipped,2026-06-05T12:34:36Z,2026-06-05T12:34:36Z,0,9ad3dafceae250b90d2ee30de6ce275f2cc08ce7
79715457709,27011353829,Create Releases,call-win,completed,skipped,2026-06-05T11:08:06Z,2026-06-05T11:08:06Z,0,e708fbb886db4a5b2dcb8c6334a7aefc30c93ca8
79712973578,27010603465,Create Releases,call-win,completed,skipped,2026-06-05T10:50:21Z,2026-06-05T10:50:21Z,0,b20cfea505b61512cbae0aba40c1b5e12ba8c463
79711015431,27010010377,Create Releases,call-win,completed,skipped,2026-06-05T10:36:19Z,2026-06-05T10:36:19Z,0,74fac9974ef591cbf9c4e0bb80d0af0b06330e95
79704258328,27007969124,Create Releases,call-win,completed,skipped,2026-06-05T09:50:04Z,2026-06-05T09:49:58Z,-6,33f83238be07095aed0ce3d14c65c748629b2757
79699270326,27006496942,Create Releases,call-win,completed,skipped,2026-06-05T09:17:11Z,2026-06-05T09:17:11Z,0,c3156622505a4313ce3836d660cf0547e249957e
79699170466,27006467905,Create Releases,call-win,completed,skipped,2026-06-05T09:16:32Z,2026-06-05T09:16:32Z,0,f2c729c3a3f3ae7572dacdbdf9f6c34b8780183e
79698958659,27006405190,Create Releases,call-win,completed,skipped,2026-06-05T09:15:10Z,2026-06-05T09:15:09Z,-1,9891d7ef253ada73d188b8937833e53bc5d2bd67
79698427050,27006240897,Create Releases,call-win,completed,skipped,2026-06-05T09:11:38Z,2026-06-05T09:11:31Z,-7,17cfefe073714b517700eb733779fc1de7a2caeb
79698284840,27006205457,Create Releases,call-win,completed,skipped,2026-06-05T09:10:42Z,2026-06-05T09:10:42Z,0,7099b8cb575fbf6f0ef85f0aea0445ade7926e97
79696893205,27005788444,Create Releases,call-win,completed,skipped,2026-06-05T09:01:31Z,2026-06-05T09:01:31Z,0,33406e12e52f32c42c789931ce22accde8fd4899
79696774074,27005753798,Create Releases,call-win,completed,skipped,2026-06-05T09:00:45Z,2026-06-05T09:00:44Z,-1,040c604c8c7312bc40902f443816647450a08d28
79696632992,27005709619,Create Releases,call-win,completed,skipped,2026-06-05T08:59:52Z,2026-06-05T08:59:52Z,0,040c604c8c7312bc40902f443816647450a08d28
79929629260,27075331348,Create Releases,call-win,completed,skipped,2026-06-07T03:56:10Z,2026-06-07T03:56:04Z,-6,f69e77544694945fd9be9064d71a5fd1d60478c2
79910363221,27074747001,Create Releases,call-win,completed,skipped,2026-06-06T21:50:44Z,2026-06-06T21:50:44Z,0,b06ab360fa74d114ea69cd8f92ce17d619980c9d
79893999655,27068713061,Create Releases,call-win,completed,skipped,2026-06-06T17:13:29Z,2026-06-06T17:13:29Z,0,9b42b79aecd1fbe15d5f2f7861f841bbddb2df34
79974351735,27097908531,Create Releases,call-win,completed,skipped,2026-06-07T16:31:21Z,2026-06-07T16:31:21Z,0,0572774e2233e7e481992a1ce049844dad01d6ea
79969896203,27096638511,Create Releases,call-win,completed,skipped,2026-06-07T15:23:00Z,2026-06-07T15:23:00Z,0,de430889600a0e59b839b74c7e9e349efcbdbdfb
79969898152,27096638507,Create Releases,call-win,completed,skipped,2026-06-07T15:23:02Z,2026-06-07T15:22:53Z,-9,de430889600a0e59b839b74c7e9e349efcbdbdfb
80015114565,27113262230,Create Releases,call-win,completed,skipped,2026-06-08T02:52:29Z,2026-06-08T02:52:29Z,0,9eb1c3eb834e82252acd8e5ea46540cc78a9ac37
80047591184,27123946659,Create Releases,call-win,completed,skipped,2026-06-08T08:00:04Z,2026-06-08T08:00:03Z,-1,a9f6f879c8d599a6bccd02b6aea6560cf47453ca
80047355881,27123871550,Create Releases,call-win,completed,skipped,2026-06-08T07:58:34Z,2026-06-08T07:58:25Z,-9,a9f6f879c8d599a6bccd02b6aea6560cf47453ca
80178312390,27161638100,Create Releases,call-win,completed,skipped,2026-06-08T19:26:54Z,2026-06-08T19:26:53Z,-1,67fc8ed1e2b49e40c5e3ed73de825123962e8f7d
80176674072,27161162599,Create Releases,call-win,completed,skipped,2026-06-08T19:17:56Z,2026-06-08T19:17:56Z,0,217211e9ba6d9f51c4aa5f7dbdfa7db927382514
80173560116,27160260056,Create Releases,call-win,completed,skipped,2026-06-08T19:01:25Z,2026-06-08T19:01:24Z,-1,0bf378b7e753a440b0c7fe11af3fd3763d6a4ff7
80233780395,27178956756,Create Releases,call-win,completed,skipped,2026-06-09T01:56:53Z,2026-06-09T01:56:47Z,-6,91feaf0c64adff1d417a117e25e046429e0c61e1
80233225911,27178767269,Create Releases,call-win,completed,skipped,2026-06-09T01:51:17Z,2026-06-09T01:51:17Z,0,4e7139f108bc6f0154d95527188820cdc9aeba5e
80222380882,27175153668,Create Releases,call-win,completed,skipped,2026-06-09T00:09:35Z,2026-06-09T00:09:35Z,0,25cc1758467cd50fed20309761b8a66cf41cfec6
80220085091,27174364413,Create Releases,call-win,completed,skipped,2026-06-08T23:49:54Z,2026-06-08T23:49:54Z,0,91feaf0c64adff1d417a117e25e046429e0c61e1
80218314438,27173783091,Create Releases,call-win,completed,skipped,2026-06-08T23:34:40Z,2026-06-08T23:34:39Z,-1,55d942ea6eb45463d6354a545eba0cba577c3cfb
80218145776,27173726072,Create Releases,call-win,completed,skipped,2026-06-08T23:33:18Z,2026-06-08T23:33:18Z,0,9bf98636aa063d67bb064f3651c7e8c26e487f32
80217676618,27173571307,Create Releases,call-win,completed,skipped,2026-06-08T23:29:35Z,2026-06-08T23:29:28Z,-7,1912272f202a84087f63ca888925813813d2e264
80212983241,27172004106,Create Releases,call-win,completed,skipped,2026-06-08T22:51:46Z,2026-06-08T22:51:37Z,-9,f0a806e15467ca7cff997ad38317ad8ed9bb15aa
80202790759,27168811030,Create Releases,call-win,completed,skipped,2026-06-08T21:42:56Z,2026-06-08T21:42:48Z,-8,04138e07da14f1eb60f5619f038e044eec365c1e
80202749199,27168810326,Create Releases,call-win,completed,skipped,2026-06-08T21:42:41Z,2026-06-08T21:42:41Z,0,04138e07da14f1eb60f5619f038e044eec365c1e
80311285037,27202956495,Create Releases,call-win,completed,skipped,2026-06-09T11:26:24Z,2026-06-09T11:26:24Z,0,7ce1869120dfcf783b931defd6ec05fd086f6c32
80305384675,27201202014,Create Releases,call-win,completed,skipped,2026-06-09T10:52:21Z,2026-06-09T10:52:21Z,0,81e5e4c56553f3ecd7c403dc61e46993a8bb9878
80304718748,27201000403,Create Releases,call-win,completed,skipped,2026-06-09T10:48:18Z,2026-06-09T10:48:08Z,-10,4e03bfad4ef3a1e0b55765a8ac1205bf65408de6
80303848579,27200742351,Create Releases,call-win,completed,skipped,2026-06-09T10:43:04Z,2026-06-09T10:42:55Z,-9,cba9d3a4ee3205ce96e1d4fe83953bf1e4460299
80477955601,27251085537,Create Releases,call-win,completed,skipped,2026-06-10T03:50:47Z,2026-06-10T03:50:40Z,-7,c577fb7a357ccbbb0799302dceee289784cd0153
80439278907,27239416871,Create Releases,call-win,completed,skipped,2026-06-09T22:16:03Z,2026-06-09T22:16:03Z,0,175e31b55ded83dcf6e0a4448a5a9524c8f7dec2
80424738433,27235040960,Create Releases,call-win,completed,skipped,2026-06-09T20:51:21Z,2026-06-09T20:51:20Z,-1,23d47d9d7cc4ea1609adf949901693b050b2a3fd
80423597764,27234716500,Create Releases,call-win,completed,skipped,2026-06-09T20:45:20Z,2026-06-09T20:45:20Z,0,2ac0e76c13d1f4ce935c05ef14c4b6f217cf5f89
80413591286,27231798881,Create Releases,call-win,completed,skipped,2026-06-09T19:52:40Z,2026-06-09T19:52:39Z,-1,4fc7cc895906b629a136959ca3b5696d0243567f
80410793054,27230985184,Create Releases,call-win,completed,skipped,2026-06-09T19:37:45Z,2026-06-09T19:37:37Z,-8,48ca6c8730fd88fe6fd32fa384cf805a584f364c
80406910580,27229888027,Create Releases,call-win,completed,skipped,2026-06-09T19:17:20Z,2026-06-09T19:17:20Z,0,438b0426ddaca869be5236ea2f8dc09d99f6f1ad
80404290416,27229144309,Create Releases,call-win,completed,skipped,2026-06-09T19:03:32Z,2026-06-09T19:03:32Z,0,d9cf6b655825a3390eb255105be83785fac25e1e
80404165384,27229109011,Create Releases,call-win,completed,skipped,2026-06-09T19:02:54Z,2026-06-09T19:02:54Z,0,f4857e1851165f8de6befbf10f0f5d252561a675
80393024424,27225934678,Create Releases,call-win,completed,skipped,2026-06-09T18:05:50Z,2026-06-09T18:05:42Z,-8,871df8e4fa015de6cf359296b84c5ae8339c9627
80390825629,27225325607,Create Releases,call-win,completed,skipped,2026-06-09T17:54:38Z,2026-06-09T17:54:37Z,-1,abd3d4b164a7480664552a49a03e606030f35548
80376060519,27221167686,Create Releases,call-win,completed,skipped,2026-06-09T16:38:58Z,2026-06-09T16:38:58Z,0,aefbf8bcb9d3f9a8f6efa99b91e65ba2bff1a56c
80645874499,27300828309,Create Releases,call-win,completed,skipped,2026-06-10T19:29:36Z,2026-06-10T19:29:35Z,-1,d63709524dfe0fb63f2807dfd919f12b07d58494
80637537944,27298500829,Create Releases,call-win,completed,skipped,2026-06-10T18:48:15Z,2026-06-10T18:48:15Z,0,3b477554d179396bf8432e10331432fb52805813
80623178237,27294399710,Create Releases,call-win,completed,skipped,2026-06-10T17:38:08Z,2026-06-10T17:38:08Z,0,d253e5dd4bad7300fe84e7b5d546bd0db6cdca86
80573556425,27280556358,Create Releases,call-win,completed,skipped,2026-06-10T13:42:28Z,2026-06-10T13:42:28Z,0,f211445f409451574fcb827e7bb40db4a725b1ee
80573526704,27280541440,Create Releases,call-win,completed,skipped,2026-06-10T13:42:20Z,2026-06-10T13:42:14Z,-6,47e677113f2bba896c024f53ff1d57ab370ea392
80532047052,27268616201,Create Releases,call-win,completed,skipped,2026-06-10T10:01:43Z,2026-06-10T10:01:37Z,-6,619d484812dcb111f9aaf66aed4419eeaaed93e4
80529686181,27267931960,Create Releases,call-win,completed,skipped,2026-06-10T09:48:51Z,2026-06-10T09:48:51Z,0,ac73eecced066ab789de6b06ed7480c7115c00ce
80529592122,27267905243,Create Releases,call-win,completed,skipped,2026-06-10T09:48:20Z,2026-06-10T09:48:20Z,0,ac73eecced066ab789de6b06ed7480c7115c00ce
80520633184,27265247387,Create Releases,call-win,completed,skipped,2026-06-10T08:59:52Z,2026-06-10T08:59:52Z,0,1c9fe0466fd0029f35fba6efaface2611e684564
80795507783,27345406820,Create Releases,call-win,completed,skipped,2026-06-11T12:18:59Z,2026-06-11T12:18:59Z,0,57c3f709548fde936a5dcacf63c4446ef480d254
80930092140,27385019869,Create Releases,call-win,completed,skipped,2026-06-11T23:53:54Z,2026-06-11T23:53:46Z,-8,ad3ceaa2f2edb0f646158b395ee3b05c2658c69e
80926473856,27383842831,Create Releases,call-win,completed,skipped,2026-06-11T23:24:20Z,2026-06-11T23:24:20Z,0,246c9c8da951fa024192f1e95fa01321e470c085
80926046582,27383693834,Create Releases,call-win,completed,skipped,2026-06-11T23:20:55Z,2026-06-11T23:20:46Z,-9,f65770726014dc410a69ddce328ba416d4061a03
80899163096,27375679703,Create Releases,call-win,completed,skipped,2026-06-11T20:34:00Z,2026-06-11T20:34:00Z,0,8f797eea2a8971622167b4baf4092c11eab138d4
80899152164,27375676171,Create Releases,call-win,completed,skipped,2026-06-11T20:33:56Z,2026-06-11T20:33:56Z,0,4dbbbf86cf539eb17b679531de4636951fc41e7a
80946760685,27372714436,Create Releases,call-win,completed,skipped,2026-06-12T02:25:52Z,2026-06-12T02:25:42Z,-10,ac1a5043704872e3186ced6e4a78937a96297408
80885481294,27371725236,Create Releases,call-win,completed,skipped,2026-06-11T19:22:08Z,2026-06-11T19:22:01Z,-7,a21f2e707313e15399330f39b027ab2d01bada11
80853729661,27360714159,Create Releases,call-win,completed,skipped,2026-06-11T16:42:21Z,2026-06-11T16:42:14Z,-7,b3cf85f964eaf2604b0bd91f0176f96c1b9ced45
81039676487,27419120190,Create Releases,call-win,completed,skipped,2026-06-12T13:35:45Z,2026-06-12T13:35:38Z,-7,e1e82c5448a280b897893c48cd37a43f3732a0c8
81036773343,27418283273,Create Releases,call-win,completed,skipped,2026-06-12T13:20:27Z,2026-06-12T13:20:17Z,-10,9996a14a6c719603def9f882c1c21cde7b41de66
81035721661,27417987019,Create Releases,call-win,completed,skipped,2026-06-12T13:14:47Z,2026-06-12T13:14:36Z,-11,64491d6a1154a33d8543903c4f5aaee22bc8b32a
80991357696,27404850336,Create Releases,call-win,completed,skipped,2026-06-12T08:41:34Z,2026-06-12T08:41:24Z,-10,efedbaa5bd04126392a2ddbcc130302aff7dece5
80989432025,27404281504,Create Releases,call-win,completed,skipped,2026-06-12T08:29:51Z,2026-06-12T08:29:43Z,-8,17ac8d7166b93aa6207ab398c348304976c6df32
80987798778,27402268098,Create Releases,call-win,completed,skipped,2026-06-12T08:19:22Z,2026-06-12T08:19:16Z,-6,776d6784cdc015331f4a3dfbd1bfec55406a88a8
81138464235,27448422513,Create Releases,call-win,completed,skipped,2026-06-12T23:13:19Z,2026-06-12T23:13:09Z,-10,516a61417cf3ed0124e949bcffab4f586c50ce04
81137441852,27448086412,Create Releases,call-win,completed,skipped,2026-06-12T23:04:02Z,2026-06-12T23:04:01Z,-1,516a61417cf3ed0124e949bcffab4f586c50ce04
81137302899,27448033386,Create Releases,call-win,completed,skipped,2026-06-12T23:02:50Z,2026-06-12T23:02:43Z,-7,516a61417cf3ed0124e949bcffab4f586c50ce04
81137303157,27448033421,Create Releases,call-win,completed,skipped,2026-06-12T23:02:50Z,2026-06-12T23:02:50Z,0,516a61417cf3ed0124e949bcffab4f586c50ce04
81137264012,27448019682,Create Releases,call-win,completed,skipped,2026-06-12T23:02:29Z,2026-06-12T23:02:21Z,-8,516a61417cf3ed0124e949bcffab4f586c50ce04
81134613279,27447152288,Create Releases,call-win,completed,skipped,2026-06-12T22:39:34Z,2026-06-12T22:39:24Z,-10,a8380d34ceeca8c3e19abb16ddc27a247c8c41be
81133637112,27446836353,Create Releases,call-win,completed,skipped,2026-06-12T22:31:43Z,2026-06-12T22:31:36Z,-7,64b4f1566c2c93e13e3ef45d1a6c37a0b853bc23
81106653006,27438564511,Create Releases,call-win,completed,skipped,2026-06-12T19:36:35Z,2026-06-12T19:36:29Z,-6,f1fbb053e3e5b3f24cad8316014a9b9e90332fce
81093948076,27434809111,Create Releases,call-win,completed,skipped,2026-06-12T18:23:35Z,2026-06-12T18:23:26Z,-9,1186843134fcaf5c2fb0254af42dbd150f3db6f5
81044763549,27420569045,Create Releases,call-win,completed,skipped,2026-06-12T14:01:57Z,2026-06-12T14:01:51Z,-6,8acd2e500b9031929e4f8637024aa1d280775bbe
81044180914,27420402842,Create Releases,call-win,completed,skipped,2026-06-12T13:59:04Z,2026-06-12T13:58:55Z,-9,075d5ff4853b714a92d33bf045612998a4da3c6f
81163571561,27457089354,Create Releases,call-win,completed,skipped,2026-06-13T04:54:05Z,2026-06-13T04:53:56Z,-9,b872a9ddd033e1620fcb47d306d0cbaedc2d03a8
81265291601,27494087990,Create Releases,call-win,completed,skipped,2026-06-14T09:12:31Z,2026-06-14T09:12:30Z,-1,193767e2a5726f9e9cb0aacef0533e8d146ff93c
81386668942,27536344664,Create Releases,call-win,completed,skipped,2026-06-15T09:18:14Z,2026-06-15T09:18:07Z,-7,eec9fdc773e0048bdc93faec250cc37864795813
81386662827,27536343230,Create Releases,call-win,completed,skipped,2026-06-15T09:18:12Z,2026-06-15T09:18:05Z,-7,eec9fdc773e0048bdc93faec250cc37864795813
81352637721,27525757321,Create Releases,call-win,completed,skipped,2026-06-15T05:20:57Z,2026-06-15T05:20:48Z,-9,17747c94ffbfabd399cf0866eaa17c80ed90a025
81350888592,27525153122,Create Releases,call-win,completed,skipped,2026-06-15T05:03:22Z,2026-06-15T05:03:13Z,-9,17747c94ffbfabd399cf0866eaa17c80ed90a025
81341485384,27521928777,Create Releases,call-win,completed,skipped,2026-06-15T03:18:46Z,2026-06-15T03:18:38Z,-8,33de29dba2523178e8f7d9b5d3bf911da1540b14
81306176879,27509253114,Create Releases,call-win,completed,skipped,2026-06-14T19:15:43Z,2026-06-14T19:15:37Z,-6,a2e8d98c9f886bc581bf9f4030662ae8665f796e
81303136142,27508170269,Create Releases,call-win,completed,skipped,2026-06-14T18:32:51Z,2026-06-14T18:32:50Z,-1,33c673a93320c816ddbe4fc610904a27d4732820
81721630333,27635475121,Create Releases,call-win,completed,skipped,2026-06-16T17:20:45Z,2026-06-16T17:20:39Z,-6,de6ce5f4f735a303057f4ef0ba7d3cf1559777ea
81721593168,27635414721,Create Releases,call-win,completed,skipped,2026-06-16T17:20:35Z,2026-06-16T17:20:34Z,-1,de6ce5f4f735a303057f4ef0ba7d3cf1559777ea
81720761595,27630330157,Create Releases,call-win,completed,skipped,2026-06-16T17:16:27Z,2026-06-16T17:16:17Z,-10,de6ce5f4f735a303057f4ef0ba7d3cf1559777ea
81598154675,27599889264,Create Releases,call-win,completed,skipped,2026-06-16T06:55:22Z,2026-06-16T06:55:16Z,-6,3e975b4929069e5bed6ea295e33375b035b330f2
81584402212,27595335032,Create Releases,call-win,completed,skipped,2026-06-16T05:02:10Z,2026-06-16T05:01:59Z,-11,f5cc4f2a095d9d4030b4289701f2d845afcfc4bb
81584383062,27595328800,Create Releases,call-win,completed,skipped,2026-06-16T05:01:59Z,2026-06-16T05:01:48Z,-11,4455d60cb5c199c07fe2fced5783783c36866055
81579923461,27593834796,Create Releases,call-win,completed,skipped,2026-06-16T04:18:15Z,2026-06-16T04:18:08Z,-7,2c263394b24563dc83840b8ae1ddcbfdc690c08b
81498388352,27568433937,Create Releases,call-win,completed,skipped,2026-06-15T18:44:17Z,2026-06-15T18:44:16Z,-1,2bf934c27a27ed3b80915cf8ae321019c86166d9
81464383021,27558656923,Create Releases,call-win,completed,skipped,2026-06-15T15:53:15Z,2026-06-15T15:53:08Z,-7,795052c6bfa1621f0eac284620cb591ce8dc25a3
81450222035,27554515261,Create Releases,call-win,completed,skipped,2026-06-15T14:48:33Z,2026-06-15T14:48:32Z,-1,1859e5ee9b9281d8e61a6de09f8d373175a6fcdf
82115904100,27755406706,Create Releases,call-win,completed,skipped,2026-06-18T11:10:36Z,2026-06-18T11:10:28Z,-8,ac57ee1f4ce6eca7986723626cb3964d69dd1155
82115686132,27755348099,Create Releases,call-win,completed,skipped,2026-06-18T11:09:19Z,2026-06-18T11:09:19Z,0,2c3a956b22f4f00f97caa06904fdda1d746be554
82114740032,27755059115,Create Releases,call-win,completed,skipped,2026-06-18T11:03:48Z,2026-06-18T11:03:42Z,-6,4577de4ca15158c6466b3e9ab6feb4257c357f52
82114323815,27754934763,Create Releases,call-win,completed,skipped,2026-06-18T11:01:20Z,2026-06-18T11:01:14Z,-6,fbcde266ad445ee68d1a564a8f1c343e8eeb97ff
82114289280,27754929601,Create Releases,call-win,completed,skipped,2026-06-18T11:01:09Z,2026-06-18T11:01:08Z,-1,fbcde266ad445ee68d1a564a8f1c343e8eeb97ff
82090340689,27747793517,Create Releases,call-win,completed,skipped,2026-06-18T08:46:14Z,2026-06-18T08:46:06Z,-8,2ae5359286d5a6c0ce904e85a8e141ad04ed568a
82055050219,27736747067,Create Releases,call-win,completed,skipped,2026-06-18T04:28:50Z,2026-06-18T04:28:49Z,-1,7a84e0d900d98239766d6836e764f0fe7da2bb0d
82052845858,27735995409,Create Releases,call-win,completed,skipped,2026-06-18T04:06:37Z,2026-06-18T04:06:36Z,-1,ee52a6c7dd6ddea46584662fd8f50fbb89b5adc3
82395807404,27839717252,Create Releases,call-win,completed,skipped,2026-06-19T17:24:57Z,2026-06-19T17:24:52Z,-5,c7db756c30a4169eefc77bcd10c412c237765f9e
82308880405,27813447113,Create Releases,call-win,completed,skipped,2026-06-19T08:02:19Z,2026-06-19T08:02:19Z,0,7257d95de0f505c4a2988bfcbb39cc00e2633da0
82271466450,27801127149,Create Releases,call-win,completed,skipped,2026-06-19T02:10:51Z,2026-06-19T02:10:43Z,-8,d772a5efb13c2caee52931ff7f40e04b7cc23a40
82260882461,27797669254,Create Releases,call-win,completed,skipped,2026-06-19T00:24:32Z,2026-06-19T00:24:32Z,0,e7cd2952ee315e32f6e410376484c5448ff072f9
82260782159,27797635726,Create Releases,call-win,completed,skipped,2026-06-19T00:23:36Z,2026-06-19T00:23:35Z,-1,16a1463cc84c5c5129a7349378b11ce5200e908d
82258119103,27796757867,Create Releases,call-win,completed,skipped,2026-06-18T23:59:54Z,2026-06-18T23:59:53Z,-1,12719ffdfe631edc4bd214724c06c7013d0e9926
82257996107,27796717494,Create Releases,call-win,completed,skipped,2026-06-18T23:58:45Z,2026-06-18T23:58:45Z,0,0e3377fb4d1fc642ca22708eaa39eef0a91a2db3
82242404604,27791826283,Create Releases,call-win,completed,skipped,2026-06-18T21:57:18Z,2026-06-18T21:57:17Z,-1,1b3d5cec2b1676c8c4c11cf79d35873ff330965f
82546035818,27895424165,Create Releases,call-win,completed,skipped,2026-06-21T06:02:26Z,2026-06-21T06:02:20Z,-6,5372c604d92897b3217b41b50685f1ddcc4600fa
82545430786,27895194614,Create Releases,call-win,completed,skipped,2026-06-21T05:51:31Z,2026-06-21T05:51:31Z,0,c83dcc3cfe671d4c18725803259fe42e6032087a
82465092413,27864097883,Create Releases,call-win,completed,skipped,2026-06-20T07:21:19Z,2026-06-20T07:21:18Z,-1,577393af8e8e6fa69e36058826f7a9ab20dd308f
82461734482,27862728106,Create Releases,call-win,completed,skipped,2026-06-20T06:26:46Z,2026-06-20T06:26:37Z,-9,867d35919c5deed9604bf8eb150ba15e3442a4f3
82437286141,27853728837,Create Releases,call-win,completed,skipped,2026-06-19T23:54:34Z,2026-06-19T23:54:25Z,-9,be143c1b60390d9ce2760ff9f1e3c965403523b9
82437232733,27853713206,Create Releases,call-win,completed,skipped,2026-06-19T23:53:50Z,2026-06-19T23:53:49Z,-1,cca064262d08487f305e78b95e3d1572754b24d8
82432597810,27851984981,Create Releases,call-win,completed,skipped,2026-06-19T22:52:30Z,2026-06-19T22:52:23Z,-7,239c342ea5dca892dd428ab648c78097799fec87
82684128017,27944024883,Create Releases,call-win,completed,skipped,2026-06-22T09:47:23Z,2026-06-22T09:47:15Z,-8,04989052c635bed425b81568c6b139d7baa84fd4
82676473428,27941711081,Create Releases,call-win,completed,skipped,2026-06-22T09:06:25Z,2026-06-22T09:06:15Z,-10,81ab435fbf70c5976e98df7ff729e5e2bf666a0b
82673994571,27940962097,Create Releases,call-win,completed,skipped,2026-06-22T08:52:38Z,2026-06-22T08:52:32Z,-6,7573d315f0bedc224af98bf9fbfbe464de7a59e2
82657720592,27936002526,Create Releases,call-win,completed,skipped,2026-06-22T07:14:32Z,2026-06-22T07:14:31Z,-1,fce5ac9d4047394080b440720eb776bee59949b3
82627418388,27925633357,Create Releases,call-win,completed,skipped,2026-06-22T02:23:03Z,2026-06-22T02:22:57Z,-6,2333e6b67b1503151963f2a1ab8c8b5532758c3e
82616990730,27921907981,Create Releases,call-win,completed,skipped,2026-06-22T00:08:01Z,2026-06-22T00:07:51Z,-10,b8d288abb14102b4035adcad7a0038a0d675ff3d
82615415889,27921313486,Create Releases,call-win,completed,skipped,2026-06-21T23:44:55Z,2026-06-21T23:44:54Z,-1,5372c604d92897b3217b41b50685f1ddcc4600fa
82587283077,27910724972,Create Releases,call-win,completed,skipped,2026-06-21T16:38:05Z,2026-06-21T16:37:59Z,-6,223b33b08f5130e13a2ff5615a0804f968c58016
82577651748,27907118603,Create Releases,call-win,completed,skipped,2026-06-21T14:17:12Z,2026-06-21T14:17:05Z,-7,22bb6d46e8a671ea79c43154ead344b9099335ef
83221067410,28106216355,Create Releases,call-win,completed,skipped,2026-06-24T14:33:30Z,2026-06-24T14:33:30Z,0,b177b682e70485d5db6d6de306f1a517214c59ae
83152633074,28086176934,Create Releases,call-win,completed,skipped,2026-06-24T08:39:29Z,2026-06-24T08:39:20Z,-9,70f22446ec6cbfea0aca91ddcea94392d3ac2a81
83151636048,28085879184,Create Releases,call-win,completed,skipped,2026-06-24T08:33:51Z,2026-06-24T08:33:44Z,-7,a3d9f536a5f96f1e419e835f53ac2443c87f73ac
83149134190,28085120632,Create Releases,call-win,completed,skipped,2026-06-24T08:19:25Z,2026-06-24T08:19:25Z,0,e93299ddc6102bd8cd75585f1d2095edb9800319
83140266558,28082419178,Create Releases,call-win,completed,skipped,2026-06-24T07:26:29Z,2026-06-24T07:26:29Z,0,39d22d2544a864335b2987a4de726a6480d4a50d
83178741283,28081866933,Create Releases,call-win,completed,skipped,2026-06-24T11:04:46Z,2026-06-24T11:04:40Z,-6,bf7da255698509ad7a71debe01a891a82ec4b4b1
83136097624,28081119923,Create Releases,call-win,completed,skipped,2026-06-24T06:59:46Z,2026-06-24T06:59:39Z,-7,b9caa0e3d3b7de95becff32378194e3ea4c14365
83134302473,28080563291,Create Releases,call-win,completed,skipped,2026-06-24T06:47:19Z,2026-06-24T06:47:13Z,-6,bfe5ed447e6fa2216262738f8dab0799e95d0376
83133391309,28080275526,Create Releases,call-win,completed,skipped,2026-06-24T06:40:39Z,2026-06-24T06:40:38Z,-1,ceebf013588429c17aca6cc12057709bbf39b85f
83133318773,28080252739,Create Releases,call-win,completed,skipped,2026-06-24T06:40:08Z,2026-06-24T06:40:07Z,-1,2d31ea4a5d80cbd8f6e4652aa823b34718759f25
83128543206,28078733093,Create Releases,call-win,completed,skipped,2026-06-24T06:04:23Z,2026-06-24T06:04:18Z,-5,3d7223a22449c452d9ea6374d77c33edf612e0f3
83108647908,28072112396,Create Releases,call-win,completed,skipped,2026-06-24T03:01:19Z,2026-06-24T03:01:19Z,0,89755ec4079634732422ff7ff61bcfbb4b803c50
83108139335,28071944826,Create Releases,call-win,completed,skipped,2026-06-24T02:56:36Z,2026-06-24T02:56:35Z,-1,b279ebeba1429f34eba3eff750ac9760d0a8b864
83103823462,28070483390,Create Releases,call-win,completed,skipped,2026-06-24T02:14:23Z,2026-06-24T02:14:16Z,-7,c3151f150ac9b8f83d497114458b99aaca582dc0
83103785136,28070469139,Create Releases,call-win,completed,skipped,2026-06-24T02:14:02Z,2026-06-24T02:13:54Z,-8,c3151f150ac9b8f83d497114458b99aaca582dc0
83100977226,28069521713,Create Releases,call-win,completed,skipped,2026-06-24T01:47:41Z,2026-06-24T01:47:32Z,-9,fdcc07b86c0c7a1aff1872c9c5fd1699282de42b
83099929689,28069174562,Create Releases,call-win,completed,skipped,2026-06-24T01:38:07Z,2026-06-24T01:38:07Z,0,aaa91afd60a460a338205cc091dc411c194533b3
83099198133,28068924155,Create Releases,call-win,completed,skipped,2026-06-24T01:31:13Z,2026-06-24T01:31:13Z,0,7585df33719ca3707824e4b6deff219a5530478e
83099154473,28068908903,Create Releases,call-win,completed,skipped,2026-06-24T01:30:48Z,2026-06-24T01:30:47Z,-1,7585df33719ca3707824e4b6deff219a5530478e
83094772434,28067447756,Create Releases,call-win,completed,skipped,2026-06-24T00:52:16Z,2026-06-24T00:52:08Z,-8,228da1957bf368e8462a2cdd3526235aed4d8d7b
83092778674,28066790433,Create Releases,call-win,completed,skipped,2026-06-24T00:34:57Z,2026-06-24T00:34:50Z,-7,3865b6c8b7a046225eb547b7bb3ddf0de773b09f
83092355784,28066652548,Create Releases,call-win,completed,skipped,2026-06-24T00:31:17Z,2026-06-24T00:31:10Z,-7,3c8fa627eb725ebdc961590c71e54155442101fa
83064294800,28057760128,Create Releases,call-win,completed,skipped,2026-06-23T21:18:14Z,2026-06-23T21:18:04Z,-10,8ad34b549f6cd114ff1b32d27deef917bc7e68ce
83063536392,28057537094,Create Releases,call-win,completed,skipped,2026-06-23T21:14:13Z,2026-06-23T21:14:05Z,-8,367c46c8b053b872f7f3c8bea9a157d3cebd2669
83061913751,28057058838,Create Releases,call-win,completed,skipped,2026-06-23T21:05:46Z,2026-06-23T21:05:46Z,0,e68e448173cbf25b930a213d5ec85a46316e87d0
83061518114,28056924241,Create Releases,call-win,completed,skipped,2026-06-23T21:03:48Z,2026-06-23T21:03:38Z,-10,23e08f67696915b93b4075e11dd35e93ecc27739
83060760422,28056699170,Create Releases,call-win,completed,skipped,2026-06-23T21:00:01Z,2026-06-23T20:59:54Z,-7,da5272aa74c8ceb681ac0ec9b069905cb12f3a0d
83055209957,28055062868,Create Releases,call-win,completed,skipped,2026-06-23T20:31:39Z,2026-06-23T20:31:33Z,-6,7186126674e7f3ee9d9070a87170ae045d7779f6
83044630968,28051965069,Create Releases,call-win,completed,skipped,2026-06-23T19:37:40Z,2026-06-23T19:37:34Z,-6,433afe1bf1e9bd33d0954f5c6caf9fc5bff795ba
83043843299,28051738156,Create Releases,call-win,completed,skipped,2026-06-23T19:33:40Z,2026-06-23T19:33:34Z,-6,351d583f4fbc24bd8af220a8595ed51bbd698ce8
83042369427,28051318755,Create Releases,call-win,completed,skipped,2026-06-23T19:26:10Z,2026-06-23T19:26:10Z,0,d60850fa421bf960167f7939e71a9170c577ef46
83042360335,28051316226,Create Releases,call-win,completed,skipped,2026-06-23T19:26:07Z,2026-06-23T19:26:07Z,0,d60850fa421bf960167f7939e71a9170c577ef46
83037559085,28049915523,Create Releases,call-win,completed,skipped,2026-06-23T19:01:48Z,2026-06-23T19:01:47Z,-1,99c836fe3a142ce560351b60874f1c9781e43ae8
82995601625,28037746270,Create Releases,call-win,completed,skipped,2026-06-23T15:39:54Z,2026-06-23T15:39:46Z,-8,6b0356ea7303106cae98e785b6d9828a49ba8fdf
82994707268,28037508910,Create Releases,call-win,completed,skipped,2026-06-23T15:35:56Z,2026-06-23T15:35:56Z,0,c537d35d22835c7732e205ba4efb977465e77abe
82992420619,28036846092,Create Releases,call-win,completed,skipped,2026-06-23T15:25:44Z,2026-06-23T15:25:34Z,-10,e7fe94df3264a0485b006169357a50ad82922ce5
82991800309,28036670652,Create Releases,call-win,completed,skipped,2026-06-23T15:22:50Z,2026-06-23T15:22:45Z,-5,c0160a3fd20c0c46ffc27e2b4f373a456d06b377
82932640048,28019690128,Create Releases,call-win,completed,skipped,2026-06-23T10:28:20Z,2026-06-23T10:28:14Z,-6,14d431d039dbe1dcc3c7bf968a8c26258756c5f1
82931523591,28019360339,Create Releases,call-win,completed,skipped,2026-06-23T10:22:10Z,2026-06-23T10:22:10Z,0,51ed7802f040788840bce3f682cee4e0a5bfc685
82926209522,28017744143,Create Releases,call-win,completed,skipped,2026-06-23T09:52:57Z,2026-06-23T09:52:48Z,-9,51ed7802f040788840bce3f682cee4e0a5bfc685
82860950149,27996915320,Create Releases,call-win,completed,skipped,2026-06-23T01:58:40Z,2026-06-23T01:58:33Z,-7,9095e2b50d0dcd58bfd0eff80902a5756c34f9db
82855714725,27995154482,Create Releases,call-win,completed,skipped,2026-06-23T01:10:28Z,2026-06-23T01:10:27Z,-1,9ff60df5153c7e04da2b047b1f81450ff7edaeeb
82853743915,27994498049,Create Releases,call-win,completed,skipped,2026-06-23T00:53:27Z,2026-06-23T00:53:21Z,-6,9b109fef40c0cb7cb039889f550deb608f37d0e8
82853682486,27994476753,Create Releases,call-win,completed,skipped,2026-06-23T00:52:55Z,2026-06-23T00:52:48Z,-7,28efc7fea84c29843df2c0c985901ec840f2e55a
82743864564,27961476532,Create Releases,call-win,completed,skipped,2026-06-22T14:48:46Z,2026-06-22T14:48:46Z,0,1e3bcee035b40710a01c538d0ad4827a2d7382e8
82738354958,27959924280,Create Releases,call-win,completed,skipped,2026-06-22T14:25:13Z,2026-06-22T14:25:07Z,-6,5b9cdd96654c2b60b09412581848c4e0458af906
82725907910,27956412987,Create Releases,call-win,completed,skipped,2026-06-22T13:30:43Z,2026-06-22T13:30:37Z,-6,6c543b1050ead07151b24f91680544b7ddf5eb41
82720975121,27954980564,Create Releases,call-win,completed,skipped,2026-06-22T13:08:05Z,2026-06-22T13:07:56Z,-9,df80107567eec6fc06277065fa0e6cd2033cbd1d
83640915469,28232969383,Create Releases,call-win,completed,skipped,2026-06-26T10:40:51Z,2026-06-26T10:40:51Z,0,ba814eac1017d214fd75a82b7e161edd22543c30
83613667889,28224134486,Create Releases,call-win,completed,skipped,2026-06-26T07:46:38Z,2026-06-26T07:46:29Z,-9,f275585947873227d98c4d22c89ba89f3d4ecc48
83401542932,28161100656,Create Releases,call-win,completed,skipped,2026-06-25T09:38:30Z,2026-06-25T09:38:23Z,-7,bc2b4776c277813944a22b1c67eb7955914c3dc5
83365962257,28150212963,Create Releases,call-win,completed,skipped,2026-06-25T06:00:43Z,2026-06-25T06:00:43Z,0,0f523711b2aeae71cccf6edbf1747d87344b9415
83363905256,28149546731,Create Releases,call-win,completed,skipped,2026-06-25T05:43:22Z,2026-06-25T05:43:14Z,-8,0f523711b2aeae71cccf6edbf1747d87344b9415
83380988371,28143269838,Create Releases,call-win,completed,skipped,2026-06-25T07:44:01Z,2026-06-25T07:43:52Z,-9,4662efa4d865b425767c85e7b4b5e227e6011116
83305748710,28130660036,Create Releases,call-win,completed,skipped,2026-06-24T21:26:10Z,2026-06-24T21:26:10Z,0,a2d4014f4859b6b3bb65c63f45914956d254b243
83997402191,28355489441,Create Releases,call-win,completed,skipped,2026-06-29T07:22:24Z,2026-06-29T07:22:17Z,-7,28a4a18d8df3780c2209f3120413bcb94b576713
83988616120,28352686463,Create Releases,call-win,completed,skipped,2026-06-29T06:20:00Z,2026-06-29T06:19:52Z,-8,040b090157aad175e95763dca163e95e41b18639
83984771928,28351364935,Create Releases,call-win,completed,skipped,2026-06-29T05:47:14Z,2026-06-29T05:47:04Z,-10,ec08ce9f38cfc02588e25ec52a5399bebc92e2e7
83981312870,28350187254,Create Releases,call-win,completed,skipped,2026-06-29T05:13:56Z,2026-06-29T05:13:46Z,-10,243358534fd4199119beec1dade295aab1bf8494
83980633678,28349937489,Create Releases,call-win,completed,skipped,2026-06-29T05:07:23Z,2026-06-29T05:07:22Z,-1,243358534fd4199119beec1dade295aab1bf8494
83972286779,28346998187,Create Releases,call-win,completed,skipped,2026-06-29T03:37:41Z,2026-06-29T03:37:40Z,-1,0069a9bbdb41527a287b64bcae7325ea0e7b3518
83962172109,28343432541,Create Releases,call-win,completed,skipped,2026-06-29T01:42:56Z,2026-06-29T01:42:49Z,-7,410fba836e678f70734b7a98384e9f2ee7ec3d00
83927598204,28330447111,Create Releases,call-win,completed,skipped,2026-06-28T17:36:20Z,2026-06-28T17:36:14Z,-6,d35541a0f57626347ddf619f805de4caca974e1c
83917953188,28326752996,Create Releases,call-win,completed,skipped,2026-06-28T15:18:50Z,2026-06-28T15:18:49Z,-1,cc39e201d445b2ca26ff12c27b7fa5a1fbb7af18
83917784301,28326685519,Create Releases,call-win,completed,skipped,2026-06-28T15:16:23Z,2026-06-28T15:16:17Z,-6,95555add73886f4d6997044eebfdaf8d8d2053da
83916854445,28326326227,Create Releases,call-win,completed,skipped,2026-06-28T15:03:16Z,2026-06-28T15:03:09Z,-7,715eca00e3ce2170f3f0e8ae268be9a0ab7e5143
83915293537,28325719708,Create Releases,call-win,completed,skipped,2026-06-28T14:41:16Z,2026-06-28T14:41:16Z,0,915a8b0efa41aa794232c67d07955e766883a2f2
83903792126,28321372897,Create Releases,call-win,completed,skipped,2026-06-28T11:54:14Z,2026-06-28T11:54:13Z,-1,1cc5e05db6e7b0807dc5e68e3bf97318932bd958
83900326176,28320057100,Create Releases,call-win,completed,skipped,2026-06-28T11:01:08Z,2026-06-28T11:01:08Z,0,9467e7526c0a973bdd4061b54f143753624da1e1
83892436126,28317151306,Create Releases,call-win,completed,skipped,2026-06-28T08:56:42Z,2026-06-28T08:56:41Z,-1,77aff1c4fa117e966caa405bd114c0f5aca4e18a
83891144198,28316672686,Create Releases,call-win,completed,skipped,2026-06-28T08:35:41Z,2026-06-28T08:35:33Z,-8,6a9e1b0f5657fd42e333111488f156995bc84c06
83891116036,28316661632,Create Releases,call-win,completed,skipped,2026-06-28T08:35:14Z,2026-06-28T08:35:07Z,-7,ccf8c9551dd711dc7caaec93c8a1ea3ac3f5ad9b
83887745799,28315453531,Create Releases,call-win,completed,skipped,2026-06-28T07:42:31Z,2026-06-28T07:42:21Z,-10,a143b11a05f6928df9fdb9af10d59108d2e11f07
83885553616,28314671907,Create Releases,call-win,completed,skipped,2026-06-28T07:07:47Z,2026-06-28T07:07:46Z,-1,b9caa0e3d3b7de95becff32378194e3ea4c14365
83884504199,28314279384,Create Releases,call-win,completed,skipped,2026-06-28T06:49:57Z,2026-06-28T06:49:56Z,-1,447ed3c924da7cc7f2d1dc06765a46109dfbe63b
83873268320,28310072364,Create Releases,call-win,completed,skipped,2026-06-28T03:28:35Z,2026-06-28T03:28:35Z,0,c0f09acd513d6c6c31af0d3564e99c4fcecec2de
83871218859,28309368117,Create Releases,call-win,completed,skipped,2026-06-28T02:54:53Z,2026-06-28T02:54:43Z,-10,7870f22ca176fd4516be468b0885c2dbcbb85701
83871212192,28309366878,Create Releases,call-win,completed,skipped,2026-06-28T02:54:46Z,2026-06-28T02:54:39Z,-7,1c841aff980852d015159010e2996d6446c13e76
83870339018,28309038467,Create Releases,call-win,completed,skipped,2026-06-28T02:38:06Z,2026-06-28T02:38:05Z,-1,ba79c8c830ce65bdd3895db4ae0365bdd2e9b56f
83870086903,28308941185,Create Releases,call-win,completed,skipped,2026-06-28T02:33:21Z,2026-06-28T02:33:13Z,-8,c02c6ad92c2505b09e3eaaabddadbdc53658f0ea
83869989703,28308905828,Create Releases,call-win,completed,skipped,2026-06-28T02:31:36Z,2026-06-28T02:31:30Z,-6,f10a16b99828c9ecaf3631d156ba67402197e955
83869535378,28308734492,Create Releases,call-win,completed,skipped,2026-06-28T02:23:01Z,2026-06-28T02:23:00Z,-1,fa36ba141c9f41667e19a0817c3bcaaef8559a70
83868743635,28308433943,Create Releases,call-win,completed,skipped,2026-06-28T02:07:57Z,2026-06-28T02:07:51Z,-6,bcdd1f65bee84e5a39ec95cf5fca91c6388eef2c
83866826590,28307710145,Create Releases,call-win,completed,skipped,2026-06-28T01:33:33Z,2026-06-28T01:33:25Z,-8,d31141e6e0e32080a4859e802de5c92355a71ede
83855616253,28303457034,Create Releases,call-win,completed,skipped,2026-06-27T22:16:37Z,2026-06-27T22:16:29Z,-8,f523958e6a0b80d147456bdb65bbfd50f37147c9
83854563183,28303049541,Create Releases,call-win,completed,skipped,2026-06-27T21:59:17Z,2026-06-27T21:59:17Z,0,26d62db94047005e5797d4c914dfe95821a56a28
83836769452,28296323323,Create Releases,call-win,completed,skipped,2026-06-27T17:21:06Z,2026-06-27T17:21:00Z,-6,f6b447ce4a39da500f6d287c7cc10056db3811f7
83836443541,28296198116,Create Releases,call-win,completed,skipped,2026-06-27T17:15:59Z,2026-06-27T17:15:50Z,-9,30acf32d8d953813136f3f03c78c8eb14368a0df
83915253368,28295662748,Create Releases,call-win,completed,skipped,2026-06-28T14:40:43Z,2026-06-28T14:40:36Z,-7,915a8b0efa41aa794232c67d07955e766883a2f2
83834595627,28295499108,Create Releases,call-win,completed,skipped,2026-06-27T16:47:38Z,2026-06-27T16:47:28Z,-10,ff8d2d677aa6e0efdab777072e2659ec03a7c741
83833765637,28295178178,Create Releases,call-win,completed,skipped,2026-06-27T16:34:58Z,2026-06-27T16:34:50Z,-8,f79b3d1edbb55df3caa8ad2856d3547e72b787fe
83831889562,28294460200,Create Releases,call-win,completed,skipped,2026-06-27T16:06:22Z,2026-06-27T16:06:16Z,-6,8a2f250ad8e33fc7aa1fdc6a2b05fba56b0f7d0e
83826961322,28292563934,Create Releases,call-win,completed,skipped,2026-06-27T14:50:52Z,2026-06-27T14:50:43Z,-9,91e36715e20173414ad43ee045f733d0fbcbc80a
83728528584,28258768641,Create Releases,call-win,completed,skipped,2026-06-26T18:53:09Z,2026-06-26T18:53:08Z,-1,1491d696516ef032ba69d69d797a13f38affacbd
83833649194,28257721410,Create Releases,call-win,completed,skipped,2026-06-27T16:33:12Z,2026-06-27T16:33:11Z,-1,6ad12052284ee4ed8819aae0086ba330d743d367
83662484988,28239483634,Create Releases,call-win,completed,skipped,2026-06-26T12:57:29Z,2026-06-26T12:57:21Z,-8,f92a771a2ff1b1f8608596fb3aa796768e6f0742
84753536064,28584774218,Create Releases,call-win,completed,skipped,2026-07-02T10:56:31Z,2026-07-02T10:56:22Z,-9,6317e22f7af1ae4df2e0bfba59465d1ebc24f1ea
84749542991,28583579835,Create Releases,call-win,completed,skipped,2026-07-02T10:34:35Z,2026-07-02T10:34:26Z,-9,1a4ee39c863557aa5a8cfb0dd4027fb97939d6bb
84746807961,28582753210,Create Releases,call-win,completed,skipped,2026-07-02T10:19:30Z,2026-07-02T10:19:24Z,-6,26fbb514cd2f4919e01cc40a1f1abdeffca2652c
84697556987,28567439297,Create Releases,call-win,completed,skipped,2026-07-02T05:22:23Z,2026-07-02T05:22:23Z,0,6722590f25abaa0273fe86cce0b87ac4e0b960ca
84691619723,28565427716,Create Releases,call-win,completed,skipped,2026-07-02T04:28:29Z,2026-07-02T04:28:29Z,0,d4cdb90d434365448cd1d5a00fcd673fbc431881
84690063655,28564899735,Create Releases,call-win,completed,skipped,2026-07-02T04:14:08Z,2026-07-02T04:13:59Z,-9,4148c0555b8b561cd9973772d9a2c6ad8451998f
84682477500,28562373464,Create Releases,call-win,completed,skipped,2026-07-02T03:04:04Z,2026-07-02T03:04:04Z,0,7dec54b9e401fd0fef4332525e5a5b5f2b86c77b
84679823812,28561461546,Create Releases,call-win,completed,skipped,2026-07-02T02:38:31Z,2026-07-02T02:38:23Z,-8,7960ae104662e19e2e94bfcb5354c325861b0618
84678480241,28561007180,Create Releases,call-win,completed,skipped,2026-07-02T02:25:26Z,2026-07-02T02:25:26Z,0,5ef0911e82f3925cd85ee23406820eecc607e957
84670905447,28558442159,Create Releases,call-win,completed,skipped,2026-07-02T01:12:30Z,2026-07-02T01:12:24Z,-6,66ff9b1a8e10bb9ade885c2231693945995b9106
84645886900,28550369351,Create Releases,call-win,completed,skipped,2026-07-01T21:56:40Z,2026-07-01T21:56:40Z,0,46bc6fb9904b58cffbedcb7a58182dbb28cc4c35
84605056906,28538239793,Create Releases,call-win,completed,skipped,2026-07-01T18:13:06Z,2026-07-01T18:13:00Z,-6,aad79a99f5d0937b4f0ea7dd68073583e83159e7
84595083810,28535312060,Create Releases,call-win,completed,skipped,2026-07-01T17:20:27Z,2026-07-01T17:20:19Z,-8,66ff9b1a8e10bb9ade885c2231693945995b9106
84591332378,28534218414,Create Releases,call-win,completed,skipped,2026-07-01T17:00:55Z,2026-07-01T17:00:44Z,-11,3495af744400d9e620ce57e61bad4a0d6f3648bc
84589615594,28533728570,Create Releases,call-win,completed,skipped,2026-07-01T16:52:06Z,2026-07-01T16:52:06Z,0,3442c1ef61d229f4b02b5920356c791386e56f77
84532636764,28517440320,Create Releases,call-win,completed,skipped,2026-07-01T12:27:28Z,2026-07-01T12:27:18Z,-10,cd80ab7fc06ac0cbc4bb3f1462a0d4febf46ec2b
84527973671,28516048251,Create Releases,call-win,completed,skipped,2026-07-01T12:02:42Z,2026-07-01T12:02:33Z,-9,185384792e498ccbadc4e145cc9432ce235b371a
84505419336,28509298225,Create Releases,call-win,completed,skipped,2026-07-01T09:58:02Z,2026-07-01T09:57:53Z,-9,aeb6c9654410de36a311a49324bf3df8d75dc054
84505161927,28509224062,Create Releases,call-win,completed,skipped,2026-07-01T09:56:40Z,2026-07-01T09:56:33Z,-7,a10b3621d3d4827ffce9a2be22279211bb09aee5
84340692941,28458776837,Create Releases,call-win,completed,skipped,2026-06-30T16:10:38Z,2026-06-30T16:10:31Z,-7,35796405895a513b795719b2978540b034cd72f1
84334738689,28457092154,Create Releases,call-win,completed,skipped,2026-06-30T15:44:51Z,2026-06-30T15:44:50Z,-1,3ae8d251eab0812203001ca285e25efbfc2b3ea8
84334421777,28456993589,Create Releases,call-win,completed,skipped,2026-06-30T15:43:28Z,2026-06-30T15:43:19Z,-9,62dfd84868630c7aa4a140cf5f3a22fd15d7a563
84323849760,28454056648,Create Releases,call-win,completed,skipped,2026-06-30T14:59:08Z,2026-06-30T14:59:07Z,-1,6c30e3c38679978fc74d470c90c1c198c7135271
84287286266,28435065369,Create Releases,call-win,completed,skipped,2026-06-30T12:16:59Z,2026-06-30T12:16:52Z,-7,3fe5eafe200e59ea001826c9c24ab274393b3733
84206565545,28418507989,Create Releases,call-win,completed,skipped,2026-06-30T03:36:48Z,2026-06-30T03:36:39Z,-9,b1dc78899aa37957c3d4e0bd85eedb95579e7de3
84182360562,28410535302,Create Releases,call-win,completed,skipped,2026-06-29T23:54:53Z,2026-06-29T23:54:53Z,0,c34c01c8ffc89b51d7157b92a8684aa697affcfb
84160565711,28403538790,Create Releases,call-win,completed,skipped,2026-06-29T21:22:26Z,2026-06-29T21:22:20Z,-6,6fae565bce50feb056a10767cd7492d73186a4a2
84134168971,28395815128,Create Releases,call-win,completed,skipped,2026-06-29T19:02:04Z,2026-06-29T19:01:58Z,-6,b66e81fcee5ca2bd3b9fd4ec0836afb6c5987219
84097853422,28385178503,Create Releases,call-win,completed,skipped,2026-06-29T15:56:18Z,2026-06-29T15:56:18Z,0,4c192454f87bd1a5e1e4209323dc2f1622b512e5
85272685419,28756592615,Create Releases,call-win,completed,skipped,2026-07-06T00:08:46Z,2026-07-06T00:08:38Z,-8,c310d5e93cdf7ad3f4bf5eeec5055f730666334b
85243294250,28748444765,Create Releases,call-win,completed,skipped,2026-07-05T17:08:58Z,2026-07-05T17:08:52Z,-6,c11e177f7752d62b09daf5a10465f7a9d43d1d8e
85215027910,28737803180,Create Releases,call-win,completed,skipped,2026-07-05T10:31:27Z,2026-07-05T10:31:17Z,-10,279ade3a9458d9ad7a472ffd2a005ec00c7ae25e
85214873770,28737749132,Create Releases,call-win,completed,skipped,2026-07-05T10:29:17Z,2026-07-05T10:29:17Z,0,279ade3a9458d9ad7a472ffd2a005ec00c7ae25e
85213863544,28737362368,Create Releases,call-win,completed,skipped,2026-07-05T10:14:10Z,2026-07-05T10:14:01Z,-9,cb9546ac7402aefc21f544f40e654579d04ca89e
85213406849,28737192855,Create Releases,call-win,completed,skipped,2026-07-05T10:07:15Z,2026-07-05T10:07:07Z,-8,aaf9493472f433f7459e03c6a519d88ac9347584
85212579297,28736889356,Create Releases,call-win,completed,skipped,2026-07-05T09:54:49Z,2026-07-05T09:54:42Z,-7,4b0494fc79a9291cfaa84d50187d67293fecfd13
85198463415,28731704915,Create Releases,call-win,completed,skipped,2026-07-05T06:15:13Z,2026-07-05T06:15:04Z,-9,17bf363469e8a5e8760deb16f500312bba509bbc
85184474131,28726401528,Create Releases,call-win,completed,skipped,2026-07-05T02:02:41Z,2026-07-05T02:02:34Z,-7,dc086706ce06815b60e29a63a0fcf6253c8e9963
85183549040,28726047819,Create Releases,call-win,completed,skipped,2026-07-05T01:46:03Z,2026-07-05T01:45:55Z,-8,6de019ab84fd535d458017f44bf0587c0583471b
85151385486,28713717174,Create Releases,call-win,completed,skipped,2026-07-04T17:15:42Z,2026-07-04T17:15:42Z,0,bcfa5149795bacad2b0cfeabce3a4ef693726132
85241659943,28711721889,Create Releases,call-win,completed,skipped,2026-07-05T16:45:52Z,2026-07-05T16:45:42Z,-10,cf5670546fb9929de8c7100cc6d64883fcd7d7d1
85110288482,28697743174,Create Releases,call-win,completed,skipped,2026-07-04T06:29:35Z,2026-07-04T06:29:26Z,-9,a1125b48ad0c9a83e670cf1e69d70a8fc8beb3be
84984361782,28655413228,Create Releases,call-win,completed,skipped,2026-07-03T10:51:16Z,2026-07-03T10:51:06Z,-10,6b92446a000721418a74f9bf581c8a1a1da195b7
84969546091,28651246749,Create Releases,call-win,completed,skipped,2026-07-03T09:22:20Z,2026-07-03T09:22:20Z,0,b2e18a5fa43c9644636c4e4fbf908629d2e28d09
84968529069,28650939953,Create Releases,call-win,completed,skipped,2026-07-03T09:16:32Z,2026-07-03T09:16:31Z,-1,5c1a4f1c774e2813a718516a75a85cccba2151cb
84967667452,28650669661,Create Releases,call-win,completed,skipped,2026-07-03T09:11:38Z,2026-07-03T09:11:32Z,-6,874d9483aab9abbd51dec62f273a0fc190c47303
84966996148,28650457191,Create Releases,call-win,completed,skipped,2026-07-03T09:07:48Z,2026-07-03T09:07:37Z,-11,874d9483aab9abbd51dec62f273a0fc190c47303
84961856698,28648877295,Create Releases,call-win,completed,skipped,2026-07-03T08:37:17Z,2026-07-03T08:37:17Z,0,9f1b9d24f4102cc25b86c86ae4ef0f5d50d2b5d6
84961445343,28648743125,Create Releases,call-win,completed,skipped,2026-07-03T08:34:44Z,2026-07-03T08:34:37Z,-7,c9cbb8b201194b90fb078637694ffa3186fa166f
84958133993,28647692409,Create Releases,call-win,completed,skipped,2026-07-03T08:13:51Z,2026-07-03T08:13:40Z,-11,463d0000d37a4828e3cf1037615206b039832d53
84939884976,28641930353,Create Releases,call-win,completed,skipped,2026-07-03T06:06:25Z,2026-07-03T06:06:19Z,-6,bc5c92ee361af19be78079a07e26764aacde36b7
84923734559,28636446981,Create Releases,call-win,completed,skipped,2026-07-03T03:28:52Z,2026-07-03T03:28:52Z,0,9889d26267caf4a076b0949ab8c65bae5f3d4793
84922581910,28636065443,Create Releases,call-win,completed,skipped,2026-07-03T03:17:12Z,2026-07-03T03:17:03Z,-9,477f95ae042c967cf3095ee046ad5c1516e458a5
84921929748,28635856609,Create Releases,call-win,completed,skipped,2026-07-03T03:10:55Z,2026-07-03T03:10:55Z,0,6670e285706b027ed28f91737862f9187e32a684
84916622795,28634027566,Create Releases,call-win,completed,skipped,2026-07-03T02:16:17Z,2026-07-03T02:16:08Z,-9,7cf1c42c84492f9307ae73a0f46e2d4db20ee14b
84916217270,28633892626,Create Releases,call-win,completed,skipped,2026-07-03T02:12:12Z,2026-07-03T02:12:11Z,-1,0f2907b069c7a39a553db28ab2424cd61c52fb3c
84911964062,28632447540,Create Releases,call-win,completed,skipped,2026-07-03T01:30:08Z,2026-07-03T01:30:01Z,-7,3a9f56d7691f62b562ee6a81b9c3fbacafbac8b7
84911776027,28632382416,Create Releases,call-win,completed,skipped,2026-07-03T01:28:13Z,2026-07-03T01:28:05Z,-8,eadb190fc85ad7d775fa9dff2696c433426a8db9
84907899205,28631069637,Create Releases,call-win,completed,skipped,2026-07-03T00:50:39Z,2026-07-03T00:50:29Z,-10,90b748c84c2cd2a5cbf50abfae4d93d559218ed4
84907646352,28630986346,Create Releases,call-win,completed,skipped,2026-07-03T00:48:16Z,2026-07-03T00:48:07Z,-9,c52eda8c7684a2d536d717d6d5efd428bd1439fb
84907383113,28630904660,Create Releases,call-win,completed,skipped,2026-07-03T00:45:45Z,2026-07-03T00:45:44Z,-1,5f9e057f6b5e7eaa67bac71cd037c531335d17ea
84907236422,28630855650,Create Releases,call-win,completed,skipped,2026-07-03T00:44:24Z,2026-07-03T00:44:24Z,0,8944286133de20e8f2b7e867cd62787f678f00bd
85182126962,28627209578,Create Releases,call-win,completed,skipped,2026-07-05T01:20:38Z,2026-07-05T01:20:32Z,-6,d2cba6a6fa961ed6548974d31703b8968dfa8ab4
84900445750,28624570520,Create Releases,call-win,completed,skipped,2026-07-02T23:42:20Z,2026-07-02T23:42:13Z,-7,ce97689595b23d87124d4e0437c1333bf2ea0200
84842097293,28610681138,Create Releases,call-win,completed,skipped,2026-07-02T17:53:30Z,2026-07-02T17:53:25Z,-5,058eb192a29a35b66d8ce4fd1e93ba144959a0a1
84830096903,28607109940,Create Releases,call-win,completed,skipped,2026-07-02T16:53:06Z,2026-07-02T16:52:58Z,-8,b9caa0e3d3b7de95becff32378194e3ea4c14365
84830001685,28607083351,Create Releases,call-win,completed,skipped,2026-07-02T16:52:38Z,2026-07-02T16:52:32Z,-6,0482ecbb14f4ec9d2cb7f8621e03a69918bcd7da
84887191663,28605665883,Create Releases,call-win,completed,skipped,2026-07-02T22:00:51Z,2026-07-02T22:00:43Z,-8,07b8b6b1a29e5ffe0509ab781ff7be6f7c1bb524
84823984236,28605335200,Create Releases,call-win,completed,skipped,2026-07-02T16:23:29Z,2026-07-02T16:23:23Z,-6,35c573992cc19d9d27c24952b56b51fa7a4f2a91
84816855054,28603288094,Create Releases,call-win,completed,skipped,2026-07-02T15:50:48Z,2026-07-02T15:50:47Z,-1,ca9e70a32296eadf896a6b0aa18a8bfa9701b9ae
84816319492,28603128026,Create Releases,call-win,completed,skipped,2026-07-02T15:48:24Z,2026-07-02T15:48:14Z,-10,00e3a0db02fa1c2e8552ff23e005beed0bcb64f8
84814070951,28602481029,Create Releases,call-win,completed,skipped,2026-07-02T15:38:23Z,2026-07-02T15:38:15Z,-8,95e85d7a21cb8ec8a13c90f77689821d2e1f6dde
85324142645,28777272454,Create Releases,call-win,completed,skipped,2026-07-06T08:10:14Z,2026-07-06T08:10:08Z,-6,fc2c8d795308832ca7fbb77e7fb9267493b2b5ff
85606030565,28862994958,Create Releases,call-win,completed,skipped,2026-07-07T11:33:41Z,2026-07-07T11:33:33Z,-8,faeab11405d4d65e06070a71b788cfdc2871c9b4
85605893649,28862958951,Create Releases,call-win,completed,skipped,2026-07-07T11:32:56Z,2026-07-07T11:32:56Z,0,f813bb9deea00fc888bc798076209600e689aabf
85599507545,28861071140,Create Releases,call-win,completed,skipped,2026-07-07T10:59:13Z,2026-07-07T10:59:12Z,-1,c481182acac8eaffbb909b1a70e89f3c5524b67c
85599254486,28860995516,Create Releases,call-win,completed,skipped,2026-07-07T10:57:49Z,2026-07-07T10:57:49Z,0,fcf7290474a292454e0a6581de00b1e9c217d927
85586306422,28857107063,Create Releases,call-win,completed,skipped,2026-07-07T09:47:54Z,2026-07-07T09:47:44Z,-10,2eb8aea9b7d0742e751af5c56efbd8714bff7868
85578434962,28854752256,Create Releases,call-win,completed,skipped,2026-07-07T09:07:42Z,2026-07-07T09:07:35Z,-7,7ba53c05c19150c6d58b1417fbc5b6fe2c615097
85563814989,28850332568,Create Releases,call-win,completed,skipped,2026-07-07T07:49:01Z,2026-07-07T07:48:55Z,-6,3eaae176ad1c2c219e55ab74cc2bf372e40468d0
85550969047,28846303776,Create Releases,call-win,completed,skipped,2026-07-07T06:28:09Z,2026-07-07T06:28:02Z,-7,558496f4a01dd1d3549f125ccc269656d03fc11a
85550882305,28846275820,Create Releases,call-win,completed,skipped,2026-07-07T06:27:30Z,2026-07-07T06:27:21Z,-9,4b86ee4c4a65a822e612b1a7a0f1df390d29645b
85548010548,28845390910,Create Releases,call-win,completed,skipped,2026-07-07T06:07:10Z,2026-07-07T06:07:03Z,-7,45a9774311f8a55d999d0967e5148e0e1d9a01e5
85547773374,28845318824,Create Releases,call-win,completed,skipped,2026-07-07T06:05:26Z,2026-07-07T06:05:26Z,0,cc41bd713a095e059cb586da11260609f976d3b4
85544595718,28844277201,Create Releases,call-win,completed,skipped,2026-07-07T05:40:01Z,2026-07-07T05:39:52Z,-9,55f7823fa8c25aea78da7c3d5a87c1fd4490266b
85542129042,28843457149,Create Releases,call-win,completed,skipped,2026-07-07T05:19:13Z,2026-07-07T05:19:03Z,-10,78512304ee4b1ffa3d817a391123359f6c6735cd
85508214715,28832176205,Create Releases,call-win,completed,skipped,2026-07-07T00:13:06Z,2026-07-07T00:12:58Z,-8,4a4e4c37d231a53d4bd66dc34352a71ec7f1d56d
85506843071,28831722237,Create Releases,call-win,completed,skipped,2026-07-07T00:01:51Z,2026-07-07T00:01:50Z,-1,2faec0bb45d02f743f9117cf99a7734e0cb9a337
85489185860,28826030981,Create Releases,call-win,completed,skipped,2026-07-06T21:57:16Z,2026-07-06T21:57:11Z,-5,143ed37505950f5481f303bbc70f7a1f6bfdd976
85484008902,28824457170,Create Releases,call-win,completed,skipped,2026-07-06T21:27:44Z,2026-07-06T21:27:44Z,0,3dc23c379bb74a039d90a2ab112e5f79ff2641cd
85461729472,28817831977,Create Releases,call-win,completed,skipped,2026-07-06T19:34:21Z,2026-07-06T19:34:20Z,-1,89df687e617ee7fd21e5fd683faad3e84d24e377
85461453632,28817749668,Create Releases,call-win,completed,skipped,2026-07-06T19:32:25Z,2026-07-06T19:32:16Z,-9,89df687e617ee7fd21e5fd683faad3e84d24e377
85455093029,28815889128,Create Releases,call-win,completed,skipped,2026-07-06T18:58:35Z,2026-07-06T18:58:26Z,-9,89dcb746bacb01cd3414ddf117f1626abea83074
85422568302,28806285189,Create Releases,call-win,completed,skipped,2026-07-06T16:18:56Z,2026-07-06T16:18:49Z,-7,09feb5d7c96f4bbb5b58bf4957a9172ad455f1ad
85410385524,28802794480,Create Releases,call-win,completed,skipped,2026-07-06T15:24:41Z,2026-07-06T15:24:34Z,-7,75734b33a2b9fb0ce735e6611a22e08ad1f2d075
85410138671,28802721037,Create Releases,call-win,completed,skipped,2026-07-06T15:23:37Z,2026-07-06T15:23:28Z,-9,25e51d8a742dc1eba60598dcf33b2e48e62eca17
85409510671,28802541390,Create Releases,call-win,completed,skipped,2026-07-06T15:20:52Z,2026-07-06T15:20:44Z,-8,15092a763750141a8d171c97cdfb8b9ab0290e3b
85388284281,28796498434,Create Releases,call-win,completed,skipped,2026-07-06T13:49:57Z,2026-07-06T13:49:48Z,-9,b9930834faadea86a41a0a3c2a55d38950f184fd
85383311149,28795083130,Create Releases,call-win,completed,skipped,2026-07-06T13:27:45Z,2026-07-06T13:27:39Z,-6,25d78cff930d244863e387a485b8c53be0f1b739
85364696880,28789620900,Create Releases,call-win,completed,skipped,2026-07-06T11:54:39Z,2026-07-06T11:54:33Z,-6,10244496a758a06a3dfa42f4553e00dabf6a12fc
85363239341,28789185129,Create Releases,call-win,completed,skipped,2026-07-06T11:46:26Z,2026-07-06T11:46:26Z,0,7eada7d67ab133efb14ec6d60ef655e03f631e3d
85410574907,28786846332,Create Releases,call-win,completed,skipped,2026-07-06T15:25:30Z,2026-07-06T15:25:19Z,-11,12cf2bf97d495955692fae094efa1ded4f2187e6
86729549761,29222237191,Create Releases,call-win,completed,skipped,2026-07-13T03:41:44Z,2026-07-13T03:41:44Z,0,f69361864c97e23db824c68b51d7b5036d4bfed6
86712054841,29216018977,Create Releases,call-win,completed,skipped,2026-07-13T00:47:16Z,2026-07-13T00:47:11Z,-5,4d57ceaf0e37feb8973a0389318e785438cce67d
86711922819,29216002050,Create Releases,call-win,completed,skipped,2026-07-13T00:45:56Z,2026-07-13T00:45:56Z,0,45e20722736ecd3439ed7a449b452fca077d35dd
86690492569,29207926001,Create Releases,call-win,completed,skipped,2026-07-12T20:32:31Z,2026-07-12T20:32:31Z,0,76d90c65a1a1d329a967031185436349b8d75fed
86689853982,29207684500,Create Releases,call-win,completed,skipped,2026-07-12T20:25:18Z,2026-07-12T20:25:09Z,-9,040fe8d60d1b86cd469d881f7181565c99a72263
86687860198,29206932508,Create Releases,call-win,completed,skipped,2026-07-12T20:01:57Z,2026-07-12T20:01:49Z,-8,d6ba0065d0d781a0fd799ff1b98771f7ba9f6411
86691971272,29205298667,Create Releases,call-win,completed,skipped,2026-07-12T20:49:42Z,2026-07-12T20:49:35Z,-7,6fb50c6751ac6fd0c57f9ed1b61936699ae650cb
86680113632,29203979455,Create Releases,call-win,completed,skipped,2026-07-12T18:29:50Z,2026-07-12T18:29:49Z,-1,0e0c25677defad8a3c73b76ef4ba9c122953448f
86667549657,29199221799,Create Releases,call-win,completed,skipped,2026-07-12T15:58:17Z,2026-07-12T15:58:17Z,0,8e41b8d22e2a166020f9b6c7ab328f35b2bd8dca
86662724509,29197383454,Create Releases,call-win,completed,skipped,2026-07-12T15:02:10Z,2026-07-12T15:02:04Z,-6,69f16779ce9a40692c7fbf33941839a82b0a95f6
86660302480,29196494842,Create Releases,call-win,completed,skipped,2026-07-12T14:34:10Z,2026-07-12T14:34:10Z,0,3ca2b6ad4f1ffef0e496d8045499dce3c4a433a5
86656272768,29194988662,Create Releases,call-win,completed,skipped,2026-07-12T13:45:48Z,2026-07-12T13:45:38Z,-10,1b94492e46b0f910f26bee075be317b3c9b7f461
86654617446,29194381688,Create Releases,call-win,completed,skipped,2026-07-12T13:25:55Z,2026-07-12T13:25:49Z,-6,3af4e0648fed454d27400cebff58e2f938475b26
86642424209,29189819121,Create Releases,call-win,completed,skipped,2026-07-12T10:51:16Z,2026-07-12T10:51:15Z,-1,3aee339754a464180bcaa52c29afaad65646110d
86642646509,29189630641,Create Releases,call-win,completed,skipped,2026-07-12T10:54:23Z,2026-07-12T10:54:16Z,-7,69f16779ce9a40692c7fbf33941839a82b0a95f6
86640140836,29188954194,Create Releases,call-win,completed,skipped,2026-07-12T10:20:16Z,2026-07-12T10:20:09Z,-7,ab0dc86e0c938135dfe63496db09e87d29abe14a
86638259914,29188272747,Create Releases,call-win,completed,skipped,2026-07-12T09:55:24Z,2026-07-12T09:55:23Z,-1,cccdfb4015f69ff0fbb581db7dda191db1713a62
86635128961,29187110072,Create Releases,call-win,completed,skipped,2026-07-12T09:13:07Z,2026-07-12T09:13:07Z,0,41b18c82ef9c6d1449c1e3bbf49dd54a5ed177d5
86632804643,29186268812,Create Releases,call-win,completed,skipped,2026-07-12T08:42:23Z,2026-07-12T08:42:23Z,0,12ec7a6be4de965c56b24e50980d85e6ace858a2
86631560100,29185798303,Create Releases,call-win,completed,skipped,2026-07-12T08:24:48Z,2026-07-12T08:24:39Z,-9,3de305c2dd22447ee71d8951424f3aefae5a9204
86631108122,29185637758,Create Releases,call-win,completed,skipped,2026-07-12T08:18:36Z,2026-07-12T08:18:35Z,-1,f257b1d9bbbcdbef11e57669961cde4178de5082
86628102375,29184522165,Create Releases,call-win,completed,skipped,2026-07-12T07:37:17Z,2026-07-12T07:37:17Z,0,6b622bcb6e52130ca98c3b16be5727ceb0261a42
86615067384,29179697750,Create Releases,call-win,completed,skipped,2026-07-12T04:26:12Z,2026-07-12T04:26:06Z,-6,9886471d34ff8c65da379d3e94cb68c9dd552257
86614621649,29179526755,Create Releases,call-win,completed,skipped,2026-07-12T04:19:07Z,2026-07-12T04:19:06Z,-1,9886471d34ff8c65da379d3e94cb68c9dd552257
86611264856,29178247994,Create Releases,call-win,completed,skipped,2026-07-12T03:26:45Z,2026-07-12T03:26:44Z,-1,d67097f828baf709f3b0c6427dde1018c69c1fe4
86577693133,29165456973,Create Releases,call-win,completed,skipped,2026-07-11T19:33:01Z,2026-07-11T19:32:54Z,-7,e51007cc6b7523f31f72d68ffde8f780f60c2430
86572248529,29163395093,Create Releases,call-win,completed,skipped,2026-07-11T18:24:40Z,2026-07-11T18:24:40Z,0,ffe73f1479c52aae02aefbfa8631bcc22b2cf03f
86557728506,29157808253,Create Releases,call-win,completed,skipped,2026-07-11T15:22:56Z,2026-07-11T15:22:55Z,-1,61b6e94dffcab100ce84e083180f1b17200e9426
86555527074,29156954344,Create Releases,call-win,completed,skipped,2026-07-11T14:54:17Z,2026-07-11T14:54:17Z,0,c4cf8697ca261e08ae245876bbcdde29c9f9b42f
86551986433,29155577233,Create Releases,call-win,completed,skipped,2026-07-11T14:08:48Z,2026-07-11T14:08:47Z,-1,f19e5299a212dfcf4887a2375c3a25020fa5bc6c
86547681948,29153867284,Create Releases,call-win,completed,skipped,2026-07-11T13:10:30Z,2026-07-11T13:10:30Z,0,827a6a1ef9d5c07e6fecf6eb55fc71ce864d7944
86546710945,29153490324,Create Releases,call-win,completed,skipped,2026-07-11T12:56:59Z,2026-07-11T12:56:59Z,0,23e1a8ae14b9b7bc02f924e10adb02d32d0a0845
86545711393,29153106335,Create Releases,call-win,completed,skipped,2026-07-11T12:43:14Z,2026-07-11T12:43:13Z,-1,45527f5d3fc193defbb3eb6f0260366aa3791f56
86541199628,29151329561,Create Releases,call-win,completed,skipped,2026-07-11T11:39:35Z,2026-07-11T11:39:28Z,-7,dd198f50e8bb2d9c66cd3040a22239f9c4247b49
86541183914,29151326384,Create Releases,call-win,completed,skipped,2026-07-11T11:39:20Z,2026-07-11T11:39:19Z,-1,dd198f50e8bb2d9c66cd3040a22239f9c4247b49
86540580905,29151077656,Create Releases,call-win,completed,skipped,2026-07-11T11:30:29Z,2026-07-11T11:30:20Z,-9,729c821c7caa257803184951e91a6a05c463d39a
86540043723,29150863369,Create Releases,call-win,completed,skipped,2026-07-11T11:22:48Z,2026-07-11T11:22:39Z,-9,4a4a3a57ae119e3edbda31c7c1f36ce1deb084f5
86537184702,29149733260,Create Releases,call-win,completed,skipped,2026-07-11T10:40:52Z,2026-07-11T10:40:51Z,-1,bf11e5550577f94511aa58c136ab2bb38079673f
86536004501,29149277497,Create Releases,call-win,completed,skipped,2026-07-11T10:23:50Z,2026-07-11T10:23:50Z,0,30b5fe252c1fd5f55e6ac93f72385b77f79d5d93
86424795959,29111544472,Create Releases,call-win,completed,skipped,2026-07-10T17:35:55Z,2026-07-10T17:35:54Z,-1,5b5d2fb3ae320527e95e93abb8b6f6d958e2ef43
86711943170,29082711809,Create Releases,call-win,completed,skipped,2026-07-13T00:46:08Z,2026-07-13T00:46:02Z,-6,45e20722736ecd3439ed7a449b452fca077d35dd
86077410204,29005929977,Create Releases,call-win,completed,skipped,2026-07-09T08:47:32Z,2026-07-09T08:47:23Z,-9,a68b2483e7e70c63214dcb02ead6a00dc194144c
86074124353,29004909967,Create Releases,call-win,completed,skipped,2026-07-09T08:29:39Z,2026-07-09T08:29:33Z,-6,c7463c294c50bd90ddb88d257d333c20a5f02c9d
86074139299,29004910350,Create Releases,call-win,completed,skipped,2026-07-09T08:29:44Z,2026-07-09T08:29:34Z,-10,c7463c294c50bd90ddb88d257d333c20a5f02c9d
85971242339,28972437189,Create Releases,call-win,completed,skipped,2026-07-08T20:11:43Z,2026-07-08T20:11:43Z,0,c88c390e626a6705c0ee92a3853792edb3432a8e
85929930777,28960316729,Create Releases,call-win,completed,skipped,2026-07-08T16:53:11Z,2026-07-08T16:53:01Z,-10,a19ff48f23707a4efd0b889716ea80feaad61d5d
85924599752,28958775466,Create Releases,call-win,completed,skipped,2026-07-08T16:29:00Z,2026-07-08T16:29:00Z,0,4500d2d824859ee3693ca19112255ebd3b5b7adc
85920773498,28957645957,Create Releases,call-win,completed,skipped,2026-07-08T16:11:57Z,2026-07-08T16:11:49Z,-8,ec2d641b5c9b3aa0179e834e7ea2ea79e27eed76
85919287217,28957223620,Create Releases,call-win,completed,skipped,2026-07-08T16:05:24Z,2026-07-08T16:05:24Z,0,4abfd0ee6925549b2401d1b1ad284a090399cf3a
85914005189,28955721563,Create Releases,call-win,completed,skipped,2026-07-08T15:43:26Z,2026-07-08T15:43:26Z,0,0e954d31cd9dd707e9179e2eaa6c1d343e2149c6
85908052584,28954014394,Create Releases,call-win,completed,skipped,2026-07-08T15:18:56Z,2026-07-08T15:18:49Z,-7,01a2f9f0f1d7188b2b4cd407767d4d7e3dbd4441
85896694118,28950784661,Create Releases,call-win,completed,skipped,2026-07-08T14:33:32Z,2026-07-08T14:33:25Z,-7,adfb61acaa3ab1848590cb0956f95ed6acfdf925
85896720721,28950785021,Create Releases,call-win,completed,skipped,2026-07-08T14:33:39Z,2026-07-08T14:33:32Z,-7,adfb61acaa3ab1848590cb0956f95ed6acfdf925
85866934767,28942210359,Create Releases,call-win,completed,skipped,2026-07-08T12:22:29Z,2026-07-08T12:22:19Z,-10,52640310583799a44a3159ba5710d8e6c1a290ab
85859964695,28940107415,Create Releases,call-win,completed,skipped,2026-07-08T11:46:16Z,2026-07-08T11:46:07Z,-9,adfb61acaa3ab1848590cb0956f95ed6acfdf925
85859834740,28940076867,Create Releases,call-win,completed,skipped,2026-07-08T11:45:34Z,2026-07-08T11:45:34Z,0,07c43b6ec48551f809f31f4f254b2f47f9160de9
85842264607,28934754123,Create Releases,call-win,completed,skipped,2026-07-08T10:10:20Z,2026-07-08T10:10:12Z,-8,6c7afe6f851b0fe5c88a8c38ba81e205fd746d43
85827577759,28930315725,Create Releases,call-win,completed,skipped,2026-07-08T08:55:37Z,2026-07-08T08:55:31Z,-6,c250a4568f6fde4074debc93364b1c628200cbfa
85827020436,28930144152,Create Releases,call-win,completed,skipped,2026-07-08T08:52:45Z,2026-07-08T08:52:37Z,-8,61b206620053f079322febb66815771d7efc5810
85826112189,28929871213,Create Releases,call-win,completed,skipped,2026-07-08T08:48:06Z,2026-07-08T08:47:59Z,-7,ed5bb64110af483fc1923d2110e842eab2e6cfae
85826301596,28924474092,Create Releases,call-win,completed,skipped,2026-07-08T08:49:06Z,2026-07-08T08:49:06Z,0,20f6c5b9eefbccc78e564b80435ee72aeef0e056
85800964613,28921967983,Create Releases,call-win,completed,skipped,2026-07-08T06:18:28Z,2026-07-08T06:18:27Z,-1,d4c4d4059ba49bd815c3fd90347bcad69d10b241
85788990341,28918030920,Create Releases,call-win,completed,skipped,2026-07-08T04:41:56Z,2026-07-08T04:41:56Z,0,3f9fc37bde2825a9b06baeaeeb74394160c04bb5
85788990841,28918030903,Create Releases,call-win,completed,skipped,2026-07-08T04:41:56Z,2026-07-08T04:41:48Z,-8,3f9fc37bde2825a9b06baeaeeb74394160c04bb5
85783910760,28916294646,Create Releases,call-win,completed,skipped,2026-07-08T03:55:41Z,2026-07-08T03:55:32Z,-9,238b33a24d2da4c59bdc7022749d78b1e48d5e1a
85783818205,28916267612,Create Releases,call-win,completed,skipped,2026-07-08T03:54:49Z,2026-07-08T03:54:49Z,0,ce0bb4a1ec470b5cff35d1eebe7e1f661fffded2
85780947481,28915285865,Create Releases,call-win,completed,skipped,2026-07-08T03:27:55Z,2026-07-08T03:27:44Z,-11,3f9fc37bde2825a9b06baeaeeb74394160c04bb5
85780903184,28915277736,Create Releases,call-win,completed,skipped,2026-07-08T03:27:30Z,2026-07-08T03:27:30Z,0,ce0bb4a1ec470b5cff35d1eebe7e1f661fffded2
85764972622,28909920206,Create Releases,call-win,completed,skipped,2026-07-08T01:05:44Z,2026-07-08T01:05:43Z,-1,8ad006f71f71d19f20c162cd6f865642e5ed805f
85763684556,28909480534,Create Releases,call-win,completed,skipped,2026-07-08T00:55:05Z,2026-07-08T00:54:57Z,-8,e33b5be00d18453c573f9589f7b37d89f489bbd7
85761664769,28908824780,Create Releases,call-win,completed,skipped,2026-07-08T00:38:38Z,2026-07-08T00:38:38Z,0,75e731398957ac03c58acb08b5bcab9ebb77d4f5
85760178815,28908346473,Create Releases,call-win,completed,skipped,2026-07-08T00:26:41Z,2026-07-08T00:26:40Z,-1,b120a716b2afc485f6c3554046a56c808ce16098
85730476398,28898900269,Create Releases,call-win,completed,skipped,2026-07-07T21:09:44Z,2026-07-07T21:09:36Z,-8,6d6fac3577f77eea99734c0bd596fa3ba4b4a8bb
85726859605,28897818267,Create Releases,call-win,completed,skipped,2026-07-07T20:51:39Z,2026-07-07T20:51:29Z,-10,2faa50d140e996ed82cf8323741d7d8f7083675a
85703893891,28891142390,Create Releases,call-win,completed,skipped,2026-07-07T18:59:14Z,2026-07-07T18:59:14Z,0,0095f7c28410fecaabdfc74abb61b8fd118f0166
85696434924,28888987333,Create Releases,call-win,completed,skipped,2026-07-07T18:23:18Z,2026-07-07T18:23:10Z,-8,31a9e2b769f20f7d5dfe44180f68f9ee2a36b547
85673890427,28882433621,Create Releases,call-win,completed,skipped,2026-07-07T16:33:53Z,2026-07-07T16:33:52Z,-1,d5372bdedae5359292b5ea3564f4b17585023f01
87049181671,29321966699,Create Releases,call-win,completed,skipped,2026-07-14T09:30:41Z,2026-07-14T09:30:34Z,-7,34d73fe7a174e7479026befe01c43eabf13d5c35
87026096179,29314662870,Create Releases,call-win,completed,skipped,2026-07-14T07:29:54Z,2026-07-14T07:29:54Z,0,010a071fb333a9eb6bd16f6a5c991aa750ae38e5
86935306147,29284996376,Create Releases,call-win,completed,skipped,2026-07-13T21:05:39Z,2026-07-13T21:05:33Z,-6,11d70e7479ec3f53dd543db2609feeb3cff88cba
87049177105,29268847684,Create Releases,call-win,completed,skipped,2026-07-14T09:30:40Z,2026-07-14T09:30:33Z,-7,34d73fe7a174e7479026befe01c43eabf13d5c35
86871716912,29266134298,Create Releases,call-win,completed,skipped,2026-07-13T16:22:31Z,2026-07-13T16:22:24Z,-7,1ce2f8dbbf62adea204a2e9b0144ddbf67ce0114
86861224494,29263080402,Create Releases,call-win,completed,skipped,2026-07-13T15:38:36Z,2026-07-13T15:38:26Z,-10,8291c5e23e245413d83398dd920f45a3c284f869
86860573121,29262894478,Create Releases,call-win,completed,skipped,2026-07-13T15:35:55Z,2026-07-13T15:35:46Z,-9,95553eca4f8737c483b0345fd8add12e1bd47deb
86852580518,29260615083,Create Releases,call-win,completed,skipped,2026-07-13T15:03:50Z,2026-07-13T15:03:40Z,-10,cd80e1cb41e20d6173983dda4ad3d32bf54dc8d4
86850952396,29260158571,Create Releases,call-win,completed,skipped,2026-07-13T14:57:25Z,2026-07-13T14:57:25Z,0,db1097fc89f8b5a2b0a1e325ce1cc7a54ec1210b
86850751606,29260095957,Create Releases,call-win,completed,skipped,2026-07-13T14:56:38Z,2026-07-13T14:56:31Z,-7,32b285bc67e939d15c74da459e0d07ad7f332daf
86847000878,29259021978,Create Releases,call-win,completed,skipped,2026-07-13T14:41:36Z,2026-07-13T14:41:27Z,-9,650e05e4ac19ec9e7e7d6dc5ba61c9f32771bb5a
86845790155,29258693849,Create Releases,call-win,completed,skipped,2026-07-13T14:36:41Z,2026-07-13T14:36:41Z,0,e61f09a78dad8996606ef18450698c5a93edb45f
86845771376,29258680638,Create Releases,call-win,completed,skipped,2026-07-13T14:36:37Z,2026-07-13T14:36:30Z,-7,2f3353376c76588bbc67b83bf7f53eb52f6e90be
86844618179,29258344785,Create Releases,call-win,completed,skipped,2026-07-13T14:32:05Z,2026-07-13T14:31:58Z,-7,691bd2d33d30504a2e38836dc4cfb9680f5c7398
86830789031,29254438908,Create Releases,call-win,completed,skipped,2026-07-13T13:36:50Z,2026-07-13T13:36:43Z,-7,7d518ee7c74fba901cc1910a72de609f1cc4d1a9
86830766028,29254436026,Create Releases,call-win,completed,skipped,2026-07-13T13:36:46Z,2026-07-13T13:36:40Z,-6,7d518ee7c74fba901cc1910a72de609f1cc4d1a9
86830753658,29254433869,Create Releases,call-win,completed,skipped,2026-07-13T13:36:44Z,2026-07-13T13:36:38Z,-6,7d518ee7c74fba901cc1910a72de609f1cc4d1a9
86843649308,29248826218,Create Releases,call-win,completed,skipped,2026-07-13T14:28:20Z,2026-07-13T14:28:14Z,-6,c5b9d4c805c18aa99a974b956f49dcc35743d4e5
86808072833,29247571759,Create Releases,call-win,completed,skipped,2026-07-13T11:49:11Z,2026-07-13T11:49:11Z,0,f12851929b8722d3ad2cd1e9d584a48e89a56bea
86803390507,29244697835,Create Releases,call-win,completed,skipped,2026-07-13T11:24:28Z,2026-07-13T11:24:28Z,0,fe8855144125d2268028fc93993e000ec3820d9a
86791409651,29242434824,Create Releases,call-win,completed,skipped,2026-07-13T10:20:59Z,2026-07-13T10:20:59Z,0,64b348a321022f91d6ba8854de3b967eed042dac
87542050825,29473688777,Create Releases,call-win,completed,skipped,2026-07-16T05:21:59Z,2026-07-16T05:21:51Z,-8,6b58116c83d9ae0952ace3fe2183f7b28f4c79b4
87535615801,29471561109,Create Releases,call-win,completed,skipped,2026-07-16T04:31:15Z,2026-07-16T04:31:09Z,-6,4e1b8f53b3cbc893da0d6fbcef5a53ed7cee065a
87535458075,29471503736,Create Releases,call-win,completed,skipped,2026-07-16T04:29:58Z,2026-07-16T04:29:48Z,-10,4e1b8f53b3cbc893da0d6fbcef5a53ed7cee065a
87532076421,29470326213,Create Releases,call-win,completed,skipped,2026-07-16T04:01:14Z,2026-07-16T04:01:07Z,-7,66e1cd221cd53e051a68d1fd0c25d90926229109
87526374314,29468390993,Create Releases,call-win,completed,skipped,2026-07-16T03:11:48Z,2026-07-16T03:11:39Z,-9,47af8e5b5caf5230435bbc40259e15b6a875001e
87388168835,29425914653,Create Releases,call-win,completed,skipped,2026-07-15T14:57:29Z,2026-07-15T14:57:22Z,-7,347011b8b1200e200e3a7c596d70dfb30fe85484
87387779360,29425799322,Create Releases,call-win,completed,skipped,2026-07-15T14:56:02Z,2026-07-15T14:55:52Z,-10,7ee6e60f02c5006fab59f6b49e22eeeefc9f5130
87332270831,29409286067,Create Releases,call-win,completed,skipped,2026-07-15T10:46:27Z,2026-07-15T10:46:21Z,-6,7ee6e60f02c5006fab59f6b49e22eeeefc9f5130
87273023673,29390613783,Create Releases,call-win,completed,skipped,2026-07-15T05:06:46Z,2026-07-15T05:06:46Z,0,3a6ad7a5ae5d120b962a5d984c3b826b9b5859e0
87264645848,29387823201,Create Releases,call-win,completed,skipped,2026-07-15T03:58:42Z,2026-07-15T03:58:41Z,-1,a00e8b2a141ea3c41c3ee26d78145c1ba339d9cd
87252450154,29383680015,Create Releases,call-win,completed,skipped,2026-07-15T02:16:22Z,2026-07-15T02:16:14Z,-8,82e05adc15c7be0461ff9fb38c8d0ec2f8798c10
87221849136,29373474734,Create Releases,call-win,completed,skipped,2026-07-14T22:35:18Z,2026-07-14T22:35:09Z,-9,423b9727733f50904c7fe3e345c0553f7d2b22b5
87218468165,29372407452,Create Releases,call-win,completed,skipped,2026-07-14T22:15:52Z,2026-07-14T22:15:47Z,-5,a68776aa9d1e6778935b17949628a79e9d509b26
87212328289,29370460372,Create Releases,call-win,completed,skipped,2026-07-14T21:42:07Z,2026-07-14T21:42:00Z,-7,a68776aa9d1e6778935b17949628a79e9d509b26
87205029214,29368251406,Create Releases,call-win,completed,skipped,2026-07-14T21:05:43Z,2026-07-14T21:05:43Z,0,9193dc84306aa20d99027556594bf7e4f6d29fad
87187258016,29362910993,Create Releases,call-win,completed,skipped,2026-07-14T19:43:38Z,2026-07-14T19:43:30Z,-8,533fe9fee930577899214e75e7fe430a15dc62f5
87105391708,29337555443,Create Releases,call-win,completed,skipped,2026-07-14T14:01:05Z,2026-07-14T14:01:04Z,-1,c7713509ab5838e933578584e55324bf0462c676
88195786161,29688056984,Create Releases,call-win,completed,skipped,2026-07-19T13:00:45Z,2026-07-19T13:00:39Z,-6,3598bc38ee3000c8cdc01a36284299897f235d57
88065602498,29638777210,Create Releases,call-win,completed,skipped,2026-07-18T09:12:39Z,2026-07-18T09:12:38Z,-1,95553eca4f8737c483b0345fd8add12e1bd47deb
88042567529,29630332247,Create Releases,call-win,completed,skipped,2026-07-18T04:18:25Z,2026-07-18T04:18:15Z,-10,47af8e5b5caf5230435bbc40259e15b6a875001e
88147447414,29614626501,Create Releases,call-win,completed,skipped,2026-07-19T02:23:17Z,2026-07-19T02:23:16Z,-1,740260c8790c2ed1838bc01fb304428df7a47929
88550598464,29803984061,Create Releases,call-win,completed,skipped,2026-07-21T05:26:18Z,2026-07-21T05:26:11Z,-7,aff827f8af8b899903e3a4ac9e2de03829ec1847
88482879010,29781274239,Create Releases,call-win,completed,skipped,2026-07-20T21:43:33Z,2026-07-20T21:43:23Z,-10,420dbc12d945d348df181e08ffde14c83cb55ed8
88481967110,29780993841,Create Releases,call-win,completed,skipped,2026-07-20T21:39:05Z,2026-07-20T21:38:57Z,-8,e9723bb719f3cbf9dc3962b37e42658b69049b63
88481331701,29780806561,Create Releases,call-win,completed,skipped,2026-07-20T21:36:00Z,2026-07-20T21:36:00Z,0,e9723bb719f3cbf9dc3962b37e42658b69049b63
88475255632,29778973209,Create Releases,call-win,completed,skipped,2026-07-20T21:08:05Z,2026-07-20T21:08:04Z,-1,4f4f1d379a8c587ded9d0b801fb6927fbee5228d
88296278126,29725109350,Create Releases,call-win,completed,skipped,2026-07-20T07:35:46Z,2026-07-20T07:35:45Z,-1,ab9d3eb46a1cda63cbb35799341b68ca73628fac
88866251602,29902500554,Create Releases,call-win,completed,skipped,2026-07-22T08:03:35Z,2026-07-22T08:03:26Z,-9,2ee57bf49079fec4907834b5b59243c9fd36db8e
88865892300,29902399083,Create Releases,call-win,completed,skipped,2026-07-22T08:01:50Z,2026-07-22T08:01:49Z,-1,2ee57bf49079fec4907834b5b59243c9fd36db8e
88725024636,29857385396,Create Releases,call-win,completed,skipped,2026-07-21T18:28:52Z,2026-07-21T18:28:51Z,-1,9db63eb3372ccabc74835d9e8bb85887ac7e68b7
89402445470,30067931659,Create Releases,call-win,completed,skipped,2026-07-24T04:52:56Z,2026-07-24T04:52:56Z,0,cd80e1cb41e20d6173983dda4ad3d32bf54dc8d4
89353630305,30051249809,Create Releases,call-win,completed,skipped,2026-07-23T22:50:25Z,2026-07-23T22:50:15Z,-10,bf8993b9e7d0ebf784a0bb86ad12ae1d6cf8ac04
89352008727,30050716366,Create Releases,call-win,completed,skipped,2026-07-23T22:41:00Z,2026-07-23T22:40:51Z,-9,8e24dd7334712022832d5591d7a9ec1c6660db57
89291371474,30032241879,Create Releases,call-win,completed,skipped,2026-07-23T18:05:55Z,2026-07-23T18:05:49Z,-6,1930eabc6b5087889711da997ca58838e17d91aa
89871942622,30231027194,Create Releases,call-win,completed,skipped,2026-07-27T02:16:40Z,2026-07-27T02:16:40Z,0,3a15f1e2a243459cbf45366e4da014d25099340a
89762018748,30190213116,Create Releases,call-win,completed,skipped,2026-07-26T05:57:09Z,2026-07-26T05:57:08Z,-1,eb8eadf0d2d64b1f02c366015870d93726bc38ad
89753258983,30186948314,Create Releases,call-win,completed,skipped,2026-07-26T03:55:58Z,2026-07-26T03:55:52Z,-6,621ea1b507b299fa67b29c66a55c24b26e4a4d04
89719849631,30174046963,Create Releases,call-win,completed,skipped,2026-07-25T20:40:27Z,2026-07-25T20:40:20Z,-7,60a2f7a78e31743414c403f3eee8409bda32115d
89718863262,30173669937,Create Releases,call-win,completed,skipped,2026-07-25T20:29:08Z,2026-07-25T20:29:07Z,-1,c103d4b8ad6b38a281341022ea4a2151d736b1ad
89718668356,30173595505,Create Releases,call-win,completed,skipped,2026-07-25T20:26:57Z,2026-07-25T20:26:56Z,-1,4af2cc83b47834f3657ef45527522d184409aca6
89718605017,30173569900,Create Releases,call-win,completed,skipped,2026-07-25T20:26:15Z,2026-07-25T20:26:08Z,-7,6de74d0b3cccc2cad2ddad8413505ed25aca3440
89700186419,30166439083,Create Releases,call-win,completed,skipped,2026-07-25T16:50:56Z,2026-07-25T16:50:46Z,-10,3487eea621f87f1896c3ed4fec58faa6bc978d8a
89699161092,30166057200,Create Releases,call-win,completed,skipped,2026-07-25T16:39:15Z,2026-07-25T16:39:14Z,-1,1a0b992af7ba5c5cc820ee350f76883ea8183658
89849769074,30164578624,Create Releases,call-win,completed,skipped,2026-07-26T22:36:07Z,2026-07-26T22:36:01Z,-6,c749c3f5add32b935a9bcb5ce15615e48ae659a9
90312019276,30370270560,Create Releases,call-win,completed,skipped,2026-07-28T14:49:31Z,2026-07-28T14:49:25Z,-6,d23419a25c68cfd972a495765c433e8aee2f6b68
90294665693,30365227567,Create Releases,call-win,completed,skipped,2026-07-28T13:48:27Z,2026-07-28T13:48:22Z,-5,abca46237c4ad91ffd938ea67310347f02ad9c77
90260267152,30354751652,Create Releases,call-win,completed,skipped,2026-07-28T11:26:00Z,2026-07-28T11:25:53Z,-7,1374a8e303dca35e4f087026cde395cccf832bd5
90244567277,30349863478,Create Releases,call-win,completed,skipped,2026-07-28T10:13:06Z,2026-07-28T10:13:00Z,-6,42f14a1a73640431239f3db9a05d64f88dcf2518
90210822228,30339231728,Create Releases,call-win,completed,skipped,2026-07-28T07:39:15Z,2026-07-28T07:39:15Z,0,9ed8771b410d8623066a1190ff415090036413ab
90207743339,30338242944,Create Releases,call-win,completed,skipped,2026-07-28T07:23:39Z,2026-07-28T07:23:38Z,-1,58f09ab2251b4378af0805b49b8d0c94fefe13e0
90206786127,30337913888,Create Releases,call-win,completed,skipped,2026-07-28T07:18:45Z,2026-07-28T07:18:34Z,-11,3044ba4f4f8f63dd26d2bfd1e4c3544fdf373c55
90205522138,30337507357,Create Releases,call-win,completed,skipped,2026-07-28T07:12:04Z,2026-07-28T07:12:04Z,0,3044ba4f4f8f63dd26d2bfd1e4c3544fdf373c55
90204881605,30337296679,Create Releases,call-win,completed,skipped,2026-07-28T07:08:39Z,2026-07-28T07:08:39Z,0,20abcb420a765abac5e70d41cc72933def11a83b
90199765704,30335619348,Create Releases,call-win,completed,skipped,2026-07-28T06:41:01Z,2026-07-28T06:40:52Z,-9,0b50c5c81fa7f01ea457fbf4719a01c959777c1f
90194394774,30333809761,Create Releases,call-win,completed,skipped,2026-07-28T06:08:23Z,2026-07-28T06:08:14Z,-9,72b8b1314bfc1fcfdea5f0521d6be1a992af3e9a
90178941657,30328581391,Create Releases,call-win,completed,skipped,2026-07-28T04:22:56Z,2026-07-28T04:22:46Z,-10,acc057691831bd04e25e9bf3135ddcc04687a488
90144172352,30316870743,Create Releases,call-win,completed,skipped,2026-07-28T00:17:32Z,2026-07-28T00:17:31Z,-1,c44e10002f2ec6968e4dd9b7b675a761f27f3957
90112075411,30306535378,Create Releases,call-win,completed,skipped,2026-07-27T21:21:57Z,2026-07-27T21:21:48Z,-9,9d096bc8fee3abfd4ab5db4c37bbe33af193a4fd
90109671111,30305802527,Create Releases,call-win,completed,skipped,2026-07-27T21:11:34Z,2026-07-27T21:11:34Z,0,c44e10002f2ec6968e4dd9b7b675a761f27f3957
90106568069,30304885091,Create Releases,call-win,completed,skipped,2026-07-27T20:58:40Z,2026-07-27T20:58:40Z,0,366a47deff2414dbaf7e0e49f1aea29d28f46fa8
90106372110,30304817033,Create Releases,call-win,completed,skipped,2026-07-27T20:57:49Z,2026-07-27T20:57:40Z,-9,8f84df6da77aa37ea19dff615ef8501149603aa3
90105870698,30304677957,Create Releases,call-win,completed,skipped,2026-07-27T20:55:42Z,2026-07-27T20:55:42Z,0,ae682b89846d982bae8b062ed6860253da8b4802
90105827863,30304664437,Create Releases,call-win,completed,skipped,2026-07-27T20:55:32Z,2026-07-27T20:55:31Z,-1,627faad6d1fc28a173e27ce4a1eea20ef0f94895
90104737554,30304330222,Create Releases,call-win,completed,skipped,2026-07-27T20:50:58Z,2026-07-27T20:50:58Z,0,3792c449c052495ab20dff83ba156f6a78077288
90103357550,30303907315,Create Releases,call-win,completed,skipped,2026-07-27T20:45:08Z,2026-07-27T20:45:01Z,-7,0923f0a6283bd6d0c562b473ca822a185ae5df2b
90102783694,30303735043,Create Releases,call-win,completed,skipped,2026-07-27T20:42:46Z,2026-07-27T20:42:37Z,-9,3de367280ba5ce0eb73d0aefa835f6b1cd4be3f3
90101519837,30303365684,Create Releases,call-win,completed,skipped,2026-07-27T20:37:26Z,2026-07-27T20:37:20Z,-6,621ea1b507b299fa67b29c66a55c24b26e4a4d04
90090817387,30300152083,Create Releases,call-win,completed,skipped,2026-07-27T19:52:37Z,2026-07-27T19:52:36Z,-1,366a47deff2414dbaf7e0e49f1aea29d28f46fa8
90081149980,30296771732,Create Releases,call-win,completed,skipped,2026-07-27T19:12:34Z,2026-07-27T19:12:33Z,-1,dc7661fe3dc8b4e842d1088c7778f4849b9f9b4c
91491051339,30745791565,Create Releases,call-win,completed,skipped,2026-08-02T11:27:53Z,2026-08-02T11:27:52Z,-1,78634361ba1c9714046dd86661226b1c74a7f972
91478238494,30740977785,Create Releases,call-win,completed,skipped,2026-08-02T09:02:48Z,2026-08-02T09:02:48Z,0,46b843ad8244f66d7ad66720b719bf986c85dda5
91477193903,30740590092,Create Releases,call-win,completed,skipped,2026-08-02T08:51:26Z,2026-08-02T08:51:19Z,-7,2b4aed7412a28713882f04cc887be9adc941b883
91458053660,30733580715,Create Releases,call-win,completed,skipped,2026-08-02T05:08:23Z,2026-08-02T05:08:15Z,-8,877f4803f48f110f9c9912a5c0e03868487f066b
91457507388,30733387348,Create Releases,call-win,completed,skipped,2026-08-02T05:02:00Z,2026-08-02T05:01:53Z,-7,348d23d00b7a3dd0f13af98a04106d852e5917d9
91441090377,30727239247,Create Releases,call-win,completed,skipped,2026-08-02T01:32:53Z,2026-08-02T01:32:44Z,-9,348d23d00b7a3dd0f13af98a04106d852e5917d9
91440972976,30727202332,Create Releases,call-win,completed,skipped,2026-08-02T01:31:31Z,2026-08-02T01:31:30Z,-1,057b1972d1236548e6efa8aaf0e3fffa6d14c698
91439375378,30726606245,Create Releases,call-win,completed,skipped,2026-08-02T01:11:23Z,2026-08-02T01:11:23Z,0,6d989e76657e94e16206925094f2bf49360e84af
91378265733,30703418648,Create Releases,call-win,completed,skipped,2026-08-01T14:16:04Z,2026-08-01T14:16:04Z,0,05ba61a6f872220e7c8c6cf00cde5265838cdc97
91378224844,30703397050,Create Releases,call-win,completed,skipped,2026-08-01T14:15:37Z,2026-08-01T14:15:28Z,-9,e1b16741a09c3bfa5432059ed791c66285060cea
91372827675,30701365758,Create Releases,call-win,completed,skipped,2026-08-01T13:15:40Z,2026-08-01T13:15:40Z,0,96ae99d952c85cd7de55cc90f2db8e42c4c26da8
91331832024,30686015674,Create Releases,call-win,completed,skipped,2026-08-01T05:32:15Z,2026-08-01T05:32:08Z,-7,88fbe0c796612d0c16b2a8e496bbf6c89f928dd4
91331805481,30686010005,Create Releases,call-win,completed,skipped,2026-08-01T05:31:57Z,2026-08-01T05:31:57Z,0,cebec03e7335457b36568fb63d3e83a950ab1c7c
91331802630,30686009099,Create Releases,call-win,completed,skipped,2026-08-01T05:31:55Z,2026-08-01T05:31:55Z,0,76d90c65a1a1d329a967031185436349b8d75fed
91331808513,30686005653,Create Releases,call-win,completed,skipped,2026-08-01T05:31:59Z,2026-08-01T05:31:49Z,-10,6243d4f31334a5630e98700771066ba9899a9764
91331805704,30686005645,Create Releases,call-win,completed,skipped,2026-08-01T05:31:57Z,2026-08-01T05:31:57Z,0,6243d4f31334a5630e98700771066ba9899a9764
91457628206,30686003026,Create Releases,call-win,completed,skipped,2026-08-02T05:03:23Z,2026-08-02T05:03:16Z,-7,d6f27cd8284f6a50fa79b8368493d709b6db84a6
91331783226,30686002523,Create Releases,call-win,completed,skipped,2026-08-01T05:31:44Z,2026-08-01T05:31:43Z,-1,9e1e2664310a600627990b5bd23786b1f2ce2205
91331787701,30686001018,Create Releases,call-win,completed,skipped,2026-08-01T05:31:46Z,2026-08-01T05:31:41Z,-5,c9fb9e9fc917721d91ddde505e04bae223e47edc
91330140931,30685433520,Create Releases,call-win,completed,skipped,2026-08-01T05:13:46Z,2026-08-01T05:13:39Z,-7,88fbe0c796612d0c16b2a8e496bbf6c89f928dd4
91330116292,30685429304,Create Releases,call-win,completed,skipped,2026-08-01T05:13:31Z,2026-08-01T05:13:31Z,0,76d90c65a1a1d329a967031185436349b8d75fed
91330087497,30685419528,Create Releases,call-win,completed,skipped,2026-08-01T05:13:12Z,2026-08-01T05:13:12Z,0,cebec03e7335457b36568fb63d3e83a950ab1c7c
91439856689,30685417293,Create Releases,call-win,completed,skipped,2026-08-02T01:17:31Z,2026-08-02T01:17:31Z,0,6822c403524f6f07c53777641366d36dd7bef3d3
91329059813,30685052244,Create Releases,call-win,completed,skipped,2026-08-01T05:02:02Z,2026-08-01T05:01:55Z,-7,88fbe0c796612d0c16b2a8e496bbf6c89f928dd4
91329035008,30685046821,Create Releases,call-win,completed,skipped,2026-08-01T05:01:45Z,2026-08-01T05:01:45Z,0,76d90c65a1a1d329a967031185436349b8d75fed
91329008269,30685033776,Create Releases,call-win,completed,skipped,2026-08-01T05:01:27Z,2026-08-01T05:01:19Z,-8,cebec03e7335457b36568fb63d3e83a950ab1c7c
91439857353,30685031741,Create Releases,call-win,completed,skipped,2026-08-02T01:17:32Z,2026-08-02T01:17:24Z,-8,6822c403524f6f07c53777641366d36dd7bef3d3
91323980476,30683179100,Create Releases,call-win,completed,skipped,2026-08-01T04:03:27Z,2026-08-01T04:03:26Z,-1,6243d4f31334a5630e98700771066ba9899a9764
91323048205,30682829795,Create Releases,call-win,completed,skipped,2026-08-01T03:52:27Z,2026-08-01T03:52:27Z,0,7d9ac74283d500c377adb327ecddb803a2b4d9e3
91320493345,30681908253,Create Releases,call-win,completed,skipped,2026-08-01T03:23:54Z,2026-08-01T03:23:54Z,0,b6892d0c0865be3ec43d6dcb9694085370b68bde
91320459108,30681897510,Create Releases,call-win,completed,skipped,2026-08-01T03:23:34Z,2026-08-01T03:23:33Z,-1,f700b21e86eb68727e9c78e87aba5078517e71ed
91320252413,30681826404,Create Releases,call-win,completed,skipped,2026-08-01T03:21:19Z,2026-08-01T03:21:19Z,0,ed596e59acf5c9cbff9c196af0203d9042a19312
91296445682,30673676286,Create Releases,call-win,completed,skipped,2026-07-31T23:43:56Z,2026-07-31T23:43:51Z,-5,b9a36b64f571d20d57aa1255ac9dd72613e10067
91296364589,30673649252,Create Releases,call-win,completed,skipped,2026-07-31T23:43:18Z,2026-07-31T23:43:12Z,-6,b9a36b64f571d20d57aa1255ac9dd72613e10067
91230500342,30652979573,Create Releases,call-win,completed,skipped,2026-07-31T17:53:57Z,2026-07-31T17:53:48Z,-9,66e80a9da1180cd834f58e8a50674b8492d4b499
91229741244,30652752455,Create Releases,call-win,completed,skipped,2026-07-31T17:50:30Z,2026-07-31T17:50:29Z,-1,0357df6b380014cb66d2d63c9480414f5b21e42a
91225657243,30651521929,Create Releases,call-win,completed,skipped,2026-07-31T17:31:51Z,2026-07-31T17:31:50Z,-1,0411ab82b3c508264dc6d84decf105eddbda93e4
91224395182,30651131525,Create Releases,call-win,completed,skipped,2026-07-31T17:26:01Z,2026-07-31T17:25:51Z,-10,62f0cdc959ac5703cca88456075f3dc30baa8314
91220219534,30649875067,Create Releases,call-win,completed,skipped,2026-07-31T17:06:42Z,2026-07-31T17:06:42Z,0,fff216e9b1c0f5fd5f5c0e4f26c43f5b951e8218
91213881247,30647925535,Create Releases,call-win,completed,skipped,2026-07-31T16:38:28Z,2026-07-31T16:38:19Z,-9,cf1f7fb160a36f354fce0cd3c6e2696ba8e755be
91213766264,30647894163,Create Releases,call-win,completed,skipped,2026-07-31T16:37:59Z,2026-07-31T16:37:51Z,-8,cf1f7fb160a36f354fce0cd3c6e2696ba8e755be
91203845828,30644917212,Create Releases,call-win,completed,skipped,2026-07-31T15:55:07Z,2026-07-31T15:54:59Z,-8,5af9c8ff455624537ad12923ecce6c1277019812
91187126308,30639978765,Create Releases,call-win,completed,skipped,2026-07-31T14:45:47Z,2026-07-31T14:45:47Z,0,8ddbfd1c547eb117b80c5c7d804b3c30d837c1d4
91174152567,30636151621,Create Releases,call-win,completed,skipped,2026-07-31T13:51:32Z,2026-07-31T13:51:32Z,0,41924d4b04c39e4cf5528e8134249966bc73cf81
91158261124,30631364217,Create Releases,call-win,completed,skipped,2026-07-31T12:38:46Z,2026-07-31T12:38:38Z,-8,07a7ceda89bdd90de9b6599eeede6f36ecbf3a86
91153834882,30629984369,Create Releases,call-win,completed,skipped,2026-07-31T12:16:04Z,2026-07-31T12:16:04Z,0,a0140ddbc4ce1073b5f3a5d4df11c41a45a2f9a9
91140167091,30625650211,Create Releases,call-win,completed,skipped,2026-07-31T11:02:57Z,2026-07-31T11:02:56Z,-1,400e743050475ddab4f6d7ffecb0e4fd09c54a2e
91122931229,30620263370,Create Releases,call-win,completed,skipped,2026-07-31T09:31:52Z,2026-07-31T09:31:45Z,-7,c2eef957fe25a80d884f97b90fd27980c3e54a25
91107584947,30615484644,Create Releases,call-win,completed,skipped,2026-07-31T08:12:22Z,2026-07-31T08:12:22Z,0,12293453d6d96e60179e7e3c63e35139f9c68a7a
91074645732,30604750828,Create Releases,call-win,completed,skipped,2026-07-31T04:40:26Z,2026-07-31T04:40:17Z,-9,2b893e39b86dccb95ce18faa2345b8c38e9110e2
91074598503,30604740880,Create Releases,call-win,completed,skipped,2026-07-31T04:40:06Z,2026-07-31T04:40:05Z,-1,922291bb12e3578e742d1d800bd84e0955e4b6bf
91016734716,30585808495,Create Releases,call-win,completed,skipped,2026-07-30T22:04:15Z,2026-07-30T22:04:14Z,-1,c3d96de8c2dbf88b2caac757007962b9f1dbda77
91013457499,30584682137,Create Releases,call-win,completed,skipped,2026-07-30T21:47:33Z,2026-07-30T21:47:24Z,-9,d5834d4cfd8395e5e802912e3156f8fe3f846b75
91012592076,30584505858,Create Releases,call-win,completed,skipped,2026-07-30T21:43:19Z,2026-07-30T21:43:19Z,0,adf8d1ec350460820496f80300955e6264a9501c
91012546053,30584481858,Create Releases,call-win,completed,skipped,2026-07-30T21:43:06Z,2026-07-30T21:42:57Z,-9,adf8d1ec350460820496f80300955e6264a9501c
91011888144,30584282568,Create Releases,call-win,completed,skipped,2026-07-30T21:40:00Z,2026-07-30T21:39:54Z,-6,adf8d1ec350460820496f80300955e6264a9501c
90980301861,30574812979,Create Releases,call-win,completed,skipped,2026-07-30T19:26:11Z,2026-07-30T19:26:10Z,-1,f5a18f4c025c21591b2c6b87c8964e871985b913
91289130332,30572288067,Create Releases,call-win,completed,skipped,2026-07-31T22:51:06Z,2026-07-31T22:51:05Z,-1,8f38db66a208b431fcc828965d9561db23e58b1e
90946927044,30564911161,Create Releases,call-win,completed,skipped,2026-07-30T17:12:11Z,2026-07-30T17:12:03Z,-8,cebec03e7335457b36568fb63d3e83a950ab1c7c
90937372295,30562067262,Create Releases,call-win,completed,skipped,2026-07-30T16:34:50Z,2026-07-30T16:34:43Z,-7,ffd7858c396692efc0cd0396369f55876d869c34
90927313677,30559127511,Create Releases,call-win,completed,skipped,2026-07-30T15:56:35Z,2026-07-30T15:56:24Z,-11,bbf7bdf7b84c7742ae9e87182cf1742ce21f6562
91013090464,30554149670,Create Releases,call-win,completed,skipped,2026-07-30T21:45:47Z,2026-07-30T21:45:46Z,-1,d5834d4cfd8395e5e802912e3156f8fe3f846b75
91439854767,30547419080,Create Releases,call-win,completed,skipped,2026-08-02T01:17:30Z,2026-08-02T01:17:23Z,-7,6822c403524f6f07c53777641366d36dd7bef3d3
90879904057,30539647519,Create Releases,call-win,completed,skipped,2026-07-30T13:05:08Z,2026-07-30T13:05:08Z,0,f0aa2b45a6cec8f04c9b75253c017e3010659bac
90837098027,30532261062,Create Releases,call-win,completed,skipped,2026-07-30T09:50:01Z,2026-07-30T09:50:01Z,0,b4c6bba5dc11a0e20854462ccd28376b809f6fd1
90829114638,30529569235,Create Releases,call-win,completed,skipped,2026-07-30T09:12:50Z,2026-07-30T09:12:50Z,0,6822c403524f6f07c53777641366d36dd7bef3d3
90794671709,30518869987,Create Releases,call-win,completed,skipped,2026-07-30T06:12:38Z,2026-07-30T06:12:30Z,-8,6ec042158a0269d7a6aae044f7c1678ee1aea89b
90760303505,30507488047,Create Releases,call-win,completed,skipped,2026-07-30T02:05:36Z,2026-07-30T02:05:27Z,-9,8a532731f289bb8766eba75e6043b7ec3e0f1215
90760274671,30507485156,Create Releases,call-win,completed,skipped,2026-07-30T02:05:24Z,2026-07-30T02:05:24Z,0,8a532731f289bb8766eba75e6043b7ec3e0f1215
90758247243,30506802857,Create Releases,call-win,completed,skipped,2026-07-30T01:51:08Z,2026-07-30T01:51:08Z,0,57c9eac659d81b1ebd4c54ce59762f79c86f72c5
90758235424,30506799007,Create Releases,call-win,completed,skipped,2026-07-30T01:51:03Z,2026-07-30T01:51:03Z,0,57c9eac659d81b1ebd4c54ce59762f79c86f72c5
90574136833,30451423087,Create Releases,call-win,completed,skipped,2026-07-29T12:23:55Z,2026-07-29T12:23:55Z,0,84cac55d436fb4575e703195fc66d018b08f59aa
90554486209,30442605960,Create Releases,call-win,completed,skipped,2026-07-29T10:53:40Z,2026-07-29T10:53:31Z,-9,a4b5446709879685e380f693a39614326a3835e5
90538289424,30440302548,Create Releases,call-win,completed,skipped,2026-07-29T09:38:39Z,2026-07-29T09:38:39Z,0,eb27b1ee655d7ecec3428530aa06a5fa48fb3850
90538499447,30439218420,Create Releases,call-win,completed,skipped,2026-07-29T09:39:36Z,2026-07-29T09:39:30Z,-6,c40e7c5eb4425abd98e185bbe4ea7313159df665
91595523241,30784550104,Create Releases,call-win,completed,skipped,2026-08-03T04:28:47Z,2026-08-03T04:28:47Z,0,a650d1a8e2b1d3970e3966fc6a6cc0eb05e79fd2
91574428846,30777057328,Create Releases,call-win,completed,skipped,2026-08-03T01:31:18Z,2026-08-03T01:31:18Z,0,6f54c2fa018d4d0a0179dc8759b23e805a4eb621
91569038667,30775112567,Create Releases,call-win,completed,skipped,2026-08-03T00:42:41Z,2026-08-03T00:42:41Z,0,54f105df3c09b36055c41a73074674a6d51332bb
92742971489,31138442189,Create Releases,call-win,completed,skipped,2026-08-07T01:34:13Z,2026-08-07T01:34:13Z,0,ff450f2ca0f4709fc35c9f649b7841a5ac28531f
92673600452,31118417543,Create Releases,call-win,completed,skipped,2026-08-06T16:03:18Z,2026-08-06T16:03:10Z,-8,1d4fd0e29adfcdcb58dd048c3231beed4c25c921
92666338145,31116214206,Create Releases,call-win,completed,skipped,2026-08-06T15:31:15Z,2026-08-06T15:31:09Z,-6,3ca35d099f38c763841f01f2ea2fce405ae0c805
92665516522,31115973636,Create Releases,call-win,completed,skipped,2026-08-06T15:28:15Z,2026-08-06T15:28:08Z,-7,7d372fe895c93e9cc47f8bca096bd757f7733604
92665404662,31115950665,Create Releases,call-win,completed,skipped,2026-08-06T15:27:51Z,2026-08-06T15:27:50Z,-1,21befbee47e85fc2050591279cbdc8f45ca2f4e5
92657408214,31113600772,Create Releases,call-win,completed,skipped,2026-08-06T14:59:08Z,2026-08-06T14:59:08Z,0,be20b36667798f0cd02f78ae4e17da476899403a
92655076801,31112913920,Create Releases,call-win,completed,skipped,2026-08-06T14:51:15Z,2026-08-06T14:51:09Z,-6,be20b36667798f0cd02f78ae4e17da476899403a
92638930567,31108235456,Create Releases,call-win,completed,skipped,2026-08-06T13:55:28Z,2026-08-06T13:55:19Z,-9,d45d28c351f9999f125b48146ebf97e61b0a76ff
92631252429,31106012494,Create Releases,call-win,completed,skipped,2026-08-06T13:27:38Z,2026-08-06T13:27:38Z,0,4298311e2876ba09bf759d8f5a63c671a2ab653d
92621693505,31103202961,Create Releases,call-win,completed,skipped,2026-08-06T12:51:14Z,2026-08-06T12:51:09Z,-5,e1c9da31df1dddd9a9ed1fcfdd03fc7c83f2d15e
92590750136,31093772402,Create Releases,call-win,completed,skipped,2026-08-06T10:34:18Z,2026-08-06T10:34:11Z,-7,8824ae64f6891eb74ea01f418ded0561bce25470
92586792920,31092562583,Create Releases,call-win,completed,skipped,2026-08-06T10:16:10Z,2026-08-06T10:16:02Z,-8,603df5abaa7882577ab316e26695118814961f70
92585945377,31092306019,Create Releases,call-win,completed,skipped,2026-08-06T10:12:22Z,2026-08-06T10:12:22Z,0,fe295d77dbf7ef6234997c1de8fc588d6b6de0a3
92584640147,31091900899,Create Releases,call-win,completed,skipped,2026-08-06T10:06:29Z,2026-08-06T10:06:28Z,-1,d73f042f256898db1cbcfd12b1363772361b9b98
92583512304,31091552433,Create Releases,call-win,completed,skipped,2026-08-06T10:01:34Z,2026-08-06T10:01:33Z,-1,ae5865a400c205bc0287fd5b6d761b5c5488e16f
92582588087,31091269352,Create Releases,call-win,completed,skipped,2026-08-06T09:57:35Z,2026-08-06T09:57:34Z,-1,ae5865a400c205bc0287fd5b6d761b5c5488e16f
92582386852,31091199767,Create Releases,call-win,completed,skipped,2026-08-06T09:56:42Z,2026-08-06T09:56:33Z,-9,ea9bfccad319c1d58c0700ac35046f780445905f
92570850692,31087648922,Create Releases,call-win,completed,skipped,2026-08-06T09:06:03Z,2026-08-06T09:05:55Z,-8,56271d56179c5728c953d9a0bf509cd5c0485c06
92563398075,31085352289,Create Releases,call-win,completed,skipped,2026-08-06T08:33:02Z,2026-08-06T08:33:01Z,-1,54fdfa86b6f924718cff0635e22af9ffc2d0db5f
92555752975,31082950096,Create Releases,call-win,completed,skipped,2026-08-06T07:57:54Z,2026-08-06T07:57:53Z,-1,44188a528959383df73471ec224b6289fa623513
92553390320,31082209604,Create Releases,call-win,completed,skipped,2026-08-06T07:46:31Z,2026-08-06T07:46:24Z,-7,1fe3441a370320035abaf8e455e1523961f23bc0
92545963416,31079854811,Create Releases,call-win,completed,skipped,2026-08-06T07:09:38Z,2026-08-06T07:09:38Z,0,a999c011daaa6e629ef9c726cf4a800a43acb0ac
92514198640,31069474263,Create Releases,call-win,completed,skipped,2026-08-06T03:48:59Z,2026-08-06T03:48:52Z,-7,9a29eb4f02bac5a6cbe8c4df5d59bd6572551fff
92432533241,31043260795,Create Releases,call-win,completed,skipped,2026-08-05T20:16:06Z,2026-08-05T20:15:59Z,-7,59ba803db8898f0a2b89aaf1741bdefe62c94533
92401967699,31034154177,Create Releases,call-win,completed,skipped,2026-08-05T18:19:16Z,2026-08-05T18:19:06Z,-10,3e85ef5b5297973a7e3608d0bfc182673f6d4ace
92394199921,31031833903,Create Releases,call-win,completed,skipped,2026-08-05T17:49:52Z,2026-08-05T17:49:51Z,-1,7c6e9b2943f7bb5732023258f9d765ccd133af86
92387067195,31029717123,Create Releases,call-win,completed,skipped,2026-08-05T17:22:39Z,2026-08-05T17:22:30Z,-9,09f555aeed5673d20eda440c895911a8acf12fad
92380235924,31027678688,Create Releases,call-win,completed,skipped,2026-08-05T16:56:58Z,2026-08-05T16:56:48Z,-10,7cc81c9a0084796df9a6fb6a0fc0944152b67626
92373179215,31025620047,Create Releases,call-win,completed,skipped,2026-08-05T16:30:45Z,2026-08-05T16:30:44Z,-1,91fad37a520a863d2c0a8f47c29ec9824ee5a619
92357343476,31020993589,Create Releases,call-win,completed,skipped,2026-08-05T15:34:37Z,2026-08-05T15:34:36Z,-1,aacdf231b84a00f11552e2fd08d717c1da93ab6c
92351896825,31019391886,Create Releases,call-win,completed,skipped,2026-08-05T15:15:54Z,2026-08-05T15:15:44Z,-10,7af563910d6a6cfc1fe83c9d4b97f795bfbec348
92349224535,31018612320,Create Releases,call-win,completed,skipped,2026-08-05T15:06:44Z,2026-08-05T15:06:35Z,-9,d1226b3baa4cc8fb767d3c7e4b0d1061d8259ec8
92220034179,30979281659,Create Releases,call-win,completed,skipped,2026-08-05T05:49:05Z,2026-08-05T05:49:05Z,0,93a76893e1f89c073b099172b8d92b63559024bf
92207996401,30975317774,Create Releases,call-win,completed,skipped,2026-08-05T04:30:12Z,2026-08-05T04:30:12Z,0,9d750adb52167c7488a4f1ca9ae9fec7cc38d721
92199881722,30972564738,Create Releases,call-win,completed,skipped,2026-08-05T03:32:47Z,2026-08-05T03:32:40Z,-7,121e8ac896837f5e31f122d086eb3ab7f7f2a0d7
92199713930,30972512963,Create Releases,call-win,completed,skipped,2026-08-05T03:31:38Z,2026-08-05T03:31:38Z,0,13ae08f1fc13bdea7dd42ce293daaa5fc6c958ec
92183562202,30967171550,Create Releases,call-win,completed,skipped,2026-08-05T01:42:19Z,2026-08-05T01:42:09Z,-10,36de2eac257a3181fd914917a170146149824ec3
92162385290,30960241547,Create Releases,call-win,completed,skipped,2026-08-04T23:30:57Z,2026-08-04T23:30:50Z,-7,3d00943864513982c3de4a3b3e824cd550bc3f26
92152830552,30957168275,Create Releases,call-win,completed,skipped,2026-08-04T22:38:47Z,2026-08-04T22:38:47Z,0,abd1bc24514133aa60c630ed2cc0d36eca707a57
92152665528,30957116127,Create Releases,call-win,completed,skipped,2026-08-04T22:37:56Z,2026-08-04T22:37:55Z,-1,fba2ac76ec921a17a9379f3e3dc6230cb40f01c0
92151003198,30956592764,Create Releases,call-win,completed,skipped,2026-08-04T22:29:37Z,2026-08-04T22:29:36Z,-1,119ff8ff33d5a36fe0f92ee73a067e572230d747
92148870914,30955944772,Create Releases,call-win,completed,skipped,2026-08-04T22:19:22Z,2026-08-04T22:19:21Z,-1,884af81fc169a306e04e621c53f618a3cb0cf948
92145381658,30954855555,Create Releases,call-win,completed,skipped,2026-08-04T22:02:53Z,2026-08-04T22:02:52Z,-1,509c3c3622c680dbc839951a0f4d86aa8d67f7a0
92144838031,30954672023,Create Releases,call-win,completed,skipped,2026-08-04T22:00:26Z,2026-08-04T22:00:16Z,-10,950e59beb5aa693985699634a7687173cc2473df
92144789769,30954668330,Create Releases,call-win,completed,skipped,2026-08-04T22:00:13Z,2026-08-04T22:00:13Z,0,77811a54568f1be364d941326b49200d17ed7a98
92144809536,30954666142,Create Releases,call-win,completed,skipped,2026-08-04T22:00:18Z,2026-08-04T22:00:11Z,-7,1215647dd6f62b2c5c9ca69ef232de78a375c709
92144272913,30954509388,Create Releases,call-win,completed,skipped,2026-08-04T21:57:50Z,2026-08-04T21:57:50Z,0,dbac8e8bdceadaa20cbdb57b959be783508a1716
92117831604,30946531823,Create Releases,call-win,completed,skipped,2026-08-04T20:09:13Z,2026-08-04T20:09:03Z,-10,e1b146ce26734a66bcad8205d55955721c91f8f0
92117935203,30946413172,Create Releases,call-win,completed,skipped,2026-08-04T20:09:37Z,2026-08-04T20:09:27Z,-10,384af197bde6aa79d3d554c19ac10048b7906c30
92103743031,30942360846,Create Releases,call-win,completed,skipped,2026-08-04T19:14:37Z,2026-08-04T19:14:28Z,-9,6d6ba327c6bc9bf653ec430bf3ae272e85bc462a
92075824012,30934122658,Create Releases,call-win,completed,skipped,2026-08-04T17:29:16Z,2026-08-04T17:29:16Z,0,95c3f3fc0b2b00decb70b69d49ea73b1684c665d
92069604322,30932257924,Create Releases,call-win,completed,skipped,2026-08-04T17:05:28Z,2026-08-04T17:05:19Z,-9,49edaa917b863e4552f5f7e138225b993c406f34
92056848983,30928483791,Create Releases,call-win,completed,skipped,2026-08-04T16:18:24Z,2026-08-04T16:18:24Z,0,fb636b2d9f357a91b495395cc655cbacc2332db5
91965912413,30901281393,Create Releases,call-win,completed,skipped,2026-08-04T10:35:31Z,2026-08-04T10:35:30Z,-1,d72c9bb37d05fdcfb32a522bf1a734770ef4ad9f
91965712603,30901209453,Create Releases,call-win,completed,skipped,2026-08-04T10:34:36Z,2026-08-04T10:34:27Z,-9,d72c9bb37d05fdcfb32a522bf1a734770ef4ad9f
92115059334,30892274786,Create Releases,call-win,completed,skipped,2026-08-04T19:58:31Z,2026-08-04T19:58:30Z,-1,f816ae134c95f4fe177bc2e31b905705da4984dc
91919392506,30886688533,Create Releases,call-win,completed,skipped,2026-08-04T07:09:36Z,2026-08-04T07:09:27Z,-9,9b94db4ff93b901f2242884b90e5a5d5c83a9009
91772018738,30839257698,Create Releases,call-win,completed,skipped,2026-08-03T17:59:57Z,2026-08-03T17:59:57Z,0,e87025f8043f1a42ff78304a2981eaa663a2eda7
91770182998,30838704873,Create Releases,call-win,completed,skipped,2026-08-03T17:52:34Z,2026-08-03T17:52:33Z,-1,63af0dc6928ef1334d201508a853e5ba47f582e9
91757237770,30834791308,Create Releases,call-win,completed,skipped,2026-08-03T17:00:53Z,2026-08-03T17:00:47Z,-6,5a1600c5612e65913512d751674d9be817d78c2e
91760232344,30834438531,Create Releases,call-win,completed,skipped,2026-08-03T17:12:42Z,2026-08-03T17:12:41Z,-1,777e8da3afaaf37a05ccd707c3e7b9819e50fc9b
91755906172,30834396255,Create Releases,call-win,completed,skipped,2026-08-03T16:55:43Z,2026-08-03T16:55:42Z,-1,129e00fe67627992f335fc9c8818b5091bb3537f
91755104020,30834151282,Create Releases,call-win,completed,skipped,2026-08-03T16:52:36Z,2026-08-03T16:52:35Z,-1,9fc5491ee2310e1ca9c5a37150ec317713c62b8f
91754083260,30833849107,Create Releases,call-win,completed,skipped,2026-08-03T16:48:34Z,2026-08-03T16:48:34Z,0,8a233665bdf1dffd612d4726a140d4fffc2acc35
91753644393,30833717880,Create Releases,call-win,completed,skipped,2026-08-03T16:46:51Z,2026-08-03T16:46:51Z,0,fb4da4bb0fc95620f35d24e641d45408c0903423
91746460759,30831537444,Create Releases,call-win,completed,skipped,2026-08-03T16:18:24Z,2026-08-03T16:18:18Z,-6,1d50f8497e1c9646e795a2909a1e9495787ca990
91745118463,30831149156,Create Releases,call-win,completed,skipped,2026-08-03T16:13:11Z,2026-08-03T16:13:11Z,0,f48b0cfbe63d0bc8b22f5889eb7dfbf7492bb1b2
91745099117,30831143114,Create Releases,call-win,completed,skipped,2026-08-03T16:13:06Z,2026-08-03T16:13:06Z,0,f48b0cfbe63d0bc8b22f5889eb7dfbf7492bb1b2
91740982182,30829911860,Create Releases,call-win,completed,skipped,2026-08-03T15:57:27Z,2026-08-03T15:57:27Z,0,0458aefc5e0ca12fa53ece44baf10810d0b84e3a
91736633794,30828629947,Create Releases,call-win,completed,skipped,2026-08-03T15:40:52Z,2026-08-03T15:40:52Z,0,2a1e4d5d6ef4329778e955d2313bf1345cf59015
91735527326,30828299752,Create Releases,call-win,completed,skipped,2026-08-03T15:36:41Z,2026-08-03T15:36:36Z,-5,82e4fd514a7ffe20f58348563dc5b295ecee0488
91733872170,30827808184,Create Releases,call-win,completed,skipped,2026-08-03T15:30:32Z,2026-08-03T15:30:25Z,-7,4495ea12db9378c3ec7414c29ec8ab11cfb38552
91733783563,30827782104,Create Releases,call-win,completed,skipped,2026-08-03T15:30:14Z,2026-08-03T15:30:07Z,-7,4495ea12db9378c3ec7414c29ec8ab11cfb38552
91728612077,30826265723,Create Releases,call-win,completed,skipped,2026-08-03T15:10:59Z,2026-08-03T15:10:50Z,-9,95fceefc0635a76407a682ec3e82f62c11a0c802
91728441499,30826224492,Create Releases,call-win,completed,skipped,2026-08-03T15:10:21Z,2026-08-03T15:10:21Z,0,d356a8f89f91f6e56d8c0cc9b2de0b0eeeff88c8
91715055802,30822317377,Create Releases,call-win,completed,skipped,2026-08-03T14:21:42Z,2026-08-03T14:21:41Z,-1,319a08f97351695467ea7079ccc397c8e6283c6e
91714657035,30822202578,Create Releases,call-win,completed,skipped,2026-08-03T14:20:14Z,2026-08-03T14:20:14Z,0,977c8c95dbad4a4a7b5b32930a95b3bd75be5b72
91685137436,30813374095,Create Releases,call-win,completed,skipped,2026-08-03T12:23:23Z,2026-08-03T12:23:23Z,0,e27e5b37423b37b0634dc916bc61e37be2b7a1c0
91677759771,30811094714,Create Releases,call-win,completed,skipped,2026-08-03T11:50:14Z,2026-08-03T11:50:14Z,0,485cd0922ce0bc6a225115e0095f1d0ef747240b
91670497570,30808853590,Create Releases,call-win,completed,skipped,2026-08-03T11:16:04Z,2026-08-03T11:16:04Z,0,e0f95676c9dffd36c50df9e9f6c55ac0835a4444
91670216308,30808756255,Create Releases,call-win,completed,skipped,2026-08-03T11:14:48Z,2026-08-03T11:14:38Z,-10,96fcd9600d75398f60680a198ae24a7da02e0e0d
91662629819,30806386700,Create Releases,call-win,completed,skipped,2026-08-03T10:38:45Z,2026-08-03T10:38:45Z,0,c79afe9e4a13c32ef09e6c129b9f7ffa9c10319b
91661810351,30806117637,Create Releases,call-win,completed,skipped,2026-08-03T10:34:47Z,2026-08-03T10:34:37Z,-10,2cd248e8282c436a6c93ff5ed302df3701bfb577
91661435973,30806011012,Create Releases,call-win,completed,skipped,2026-08-03T10:33:00Z,2026-08-03T10:33:00Z,0,c982975b72950ffb1ec947c51db87c1a467891a9
91661178171,30805929377,Create Releases,call-win,completed,skipped,2026-08-03T10:31:46Z,2026-08-03T10:31:45Z,-1,2109eff3b85d25984894751e4f1ad16063c8ccc3
91655336295,30804091930,Create Releases,call-win,completed,skipped,2026-08-03T10:05:02Z,2026-08-03T10:04:53Z,-9,8f053c3fd8f8a1935ee38f9298b55b0134fe941b
91917082956,30802965992,Create Releases,call-win,completed,skipped,2026-08-04T06:58:31Z,2026-08-04T06:58:31Z,0,8ac720a8b4be7395563d40a350868960b8f87ad5
93231724461,31308165329,Create Releases,call-win,completed,skipped,2026-08-09T10:22:20Z,2026-08-09T10:22:14Z,-6,f391b0f65a198ef9eac270ca2c6b55d31bb9e45d
93217282963,31298197902,Create Releases,call-win,completed,skipped,2026-08-09T07:59:38Z,2026-08-09T07:59:30Z,-8,ae3a29b04b1a21a84b1e99b7dc67232ee9e75ab2
93193508850,31293058141,Create Releases,call-win,completed,skipped,2026-08-09T03:44:32Z,2026-08-09T03:44:31Z,-1,856b349cc49999190a356ae390e0a4eac7743979
93193446935,31293035662,Create Releases,call-win,completed,skipped,2026-08-09T03:43:51Z,2026-08-09T03:43:50Z,-1,ec4e255ed6e9a2b0008d839a17190db6c3a8e86e
93193389270,31293010703,Create Releases,call-win,completed,skipped,2026-08-09T03:43:15Z,2026-08-09T03:43:09Z,-6,f391b0f65a198ef9eac270ca2c6b55d31bb9e45d
93191727815,31292404637,Create Releases,call-win,completed,skipped,2026-08-09T03:25:53Z,2026-08-09T03:25:47Z,-6,1d320a10146cd5ad132139e0955dded3b596ae03
93190932879,31292108786,Create Releases,call-win,completed,skipped,2026-08-09T03:17:01Z,2026-08-09T03:17:00Z,-1,35464cdab73c76659d298d643a52379d31b923d0
93103129772,31257531036,Create Releases,call-win,completed,skipped,2026-08-08T12:34:06Z,2026-08-08T12:33:58Z,-8,e6fa12024e37d329353fc2560c8e36427ad9f9f1
93098924631,31255833194,Create Releases,call-win,completed,skipped,2026-08-08T11:49:07Z,2026-08-08T11:49:07Z,0,856b349cc49999190a356ae390e0a4eac7743979
93098798636,31255774276,Create Releases,call-win,completed,skipped,2026-08-08T11:47:41Z,2026-08-08T11:47:35Z,-6,c253052ff380f0e40fe15c29303dbdc73240881a
93094360599,31253929781,Create Releases,call-win,completed,skipped,2026-08-08T10:58:00Z,2026-08-08T10:57:59Z,-1,a53bbc07b9d8eea454c9b6de6233f7e81ed9cc4d
93093843849,31253709423,Create Releases,call-win,completed,skipped,2026-08-08T10:51:51Z,2026-08-08T10:51:51Z,0,a53bbc07b9d8eea454c9b6de6233f7e81ed9cc4d
93090882670,31252489411,Create Releases,call-win,completed,skipped,2026-08-08T10:18:21Z,2026-08-08T10:18:16Z,-5,16dc9403c4d99c3db8441bdfff1a9b47997e3d42
93090437138,31252308246,Create Releases,call-win,completed,skipped,2026-08-08T10:13:23Z,2026-08-08T10:13:23Z,0,274257f4895a900332cdfc95da3b1f7774ff4f90
93089196234,31251802346,Create Releases,call-win,completed,skipped,2026-08-08T10:00:00Z,2026-08-08T09:59:50Z,-10,2703e5c61793ba103e4c9dec9592be1edf674c4d
93071216293,31244687978,Create Releases,call-win,completed,skipped,2026-08-08T06:46:46Z,2026-08-08T06:46:46Z,0,31782da3b7a1d186370fabb10c4f534ac0933f72
93071187219,31244672889,Create Releases,call-win,completed,skipped,2026-08-08T06:46:29Z,2026-08-08T06:46:22Z,-7,4698c6ae6e2551b7981046d45f2f21de16d5210f
93071144333,31244661346,Create Releases,call-win,completed,skipped,2026-08-08T06:46:02Z,2026-08-08T06:46:01Z,-1,926c9fe96614ab87e1ae80ec2aef62e4780bfe14
93064966878,31242213399,Create Releases,call-win,completed,skipped,2026-08-08T05:40:31Z,2026-08-08T05:40:31Z,0,a657500914f20b42e7ad830e08a3dca342fc9c28
93061530771,31240889226,Create Releases,call-win,completed,skipped,2026-08-08T05:05:00Z,2026-08-08T05:04:59Z,-1,5b0630e849889deeadb903afe61ecba0221115ab
93060845460,31240619605,Create Releases,call-win,completed,skipped,2026-08-08T04:57:41Z,2026-08-08T04:57:41Z,0,90a8187d60d9c29a2e3553502610c18dc7a5c6c6
93057601684,31239369268,Create Releases,call-win,completed,skipped,2026-08-08T04:24:28Z,2026-08-08T04:24:28Z,0,de8115605675287f02a402f23a026eb076a1cda7
93031114703,31229762144,Create Releases,call-win,completed,skipped,2026-08-08T00:19:19Z,2026-08-08T00:19:19Z,0,94baa442285c2e0b064a55a77c40b2fb14871e29
93026737961,31228251039,Create Releases,call-win,completed,skipped,2026-08-07T23:48:14Z,2026-08-07T23:48:14Z,0,48ca9e17e87c8ef09a830f1d2865c81c1e7afad2
93008223098,31221949513,Create Releases,call-win,completed,skipped,2026-08-07T21:56:03Z,2026-08-07T21:56:03Z,0,3d327127f0f0a3bd50b69a77f6d5c6b7fb6e5acf
93005991622,31221211568,Create Releases,call-win,completed,skipped,2026-08-07T21:44:36Z,2026-08-07T21:44:35Z,-1,ec5edfcabb8414adbb0e45344424bb983ce8a7bd
92987415953,31215328393,Create Releases,call-win,completed,skipped,2026-08-07T20:19:05Z,2026-08-07T20:19:04Z,-1,aeca076e722f6b1fa7c5ee4ac8c44f6dfe2faac9
92984109840,31214294382,Create Releases,call-win,completed,skipped,2026-08-07T20:05:02Z,2026-08-07T20:04:56Z,-6,4152ebf8fbc53f372c4067295d21b53aae3056d2
92982313888,31213733650,Create Releases,call-win,completed,skipped,2026-08-07T19:57:21Z,2026-08-07T19:57:20Z,-1,9b030e1df301f0d2894758b9145caa14c3bee3c5
92972547327,31210693440,Create Releases,call-win,completed,skipped,2026-08-07T19:15:55Z,2026-08-07T19:15:47Z,-8,3ccf4a946bff09c596376a984bcdc91ee90484f9
92967083858,31209027121,Create Releases,call-win,completed,skipped,2026-08-07T18:53:37Z,2026-08-07T18:53:37Z,0,3ccf4a946bff09c596376a984bcdc91ee90484f9
92965671722,31208595901,Create Releases,call-win,completed,skipped,2026-08-07T18:47:52Z,2026-08-07T18:47:51Z,-1,fa41fcb62a0abd5acfca27dbd079e48155149248
92945389282,31202436246,Create Releases,call-win,completed,skipped,2026-08-07T17:28:12Z,2026-08-07T17:28:12Z,0,17b5c357b6ef70500950074e88eeaafddc58131d
92934067150,31198972886,Create Releases,call-win,completed,skipped,2026-08-07T16:43:58Z,2026-08-07T16:43:57Z,-1,e5a5156a8218181715f68a0f59cf00ec312c4a44
92922545156,31195486980,Create Releases,call-win,completed,skipped,2026-08-07T16:00:54Z,2026-08-07T16:00:54Z,0,48ca9e17e87c8ef09a830f1d2865c81c1e7afad2
92914241721,31193002611,Create Releases,call-win,completed,skipped,2026-08-07T15:31:06Z,2026-08-07T15:31:06Z,0,10a559e633ff636c54caf94943f1f2e453fb0737
92912541597,31192498975,Create Releases,call-win,completed,skipped,2026-08-07T15:25:07Z,2026-08-07T15:25:07Z,0,2899af66d474fcd367fd4c264b6ed91b15c2f97d
92913784956,31178661422,Create Releases,call-win,completed,skipped,2026-08-07T15:29:31Z,2026-08-07T15:29:31Z,0,48896f7c70a8a23203d3961f34d3140f0cb2a9fa
92839488539,31170009483,Create Releases,call-win,completed,skipped,2026-08-07T10:25:30Z,2026-08-07T10:25:29Z,-1,d4da52832bec1379aa7989656d9f16cbca7b193b
92836321202,31169000683,Create Releases,call-win,completed,skipped,2026-08-07T10:10:43Z,2026-08-07T10:10:43Z,0,d4da52832bec1379aa7989656d9f16cbca7b193b
92836295097,31168999064,Create Releases,call-win,completed,skipped,2026-08-07T10:10:36Z,2026-08-07T10:10:36Z,0,d4da52832bec1379aa7989656d9f16cbca7b193b
92805297972,31159137766,Create Releases,call-win,completed,skipped,2026-08-07T07:49:05Z,2026-08-07T07:49:05Z,0,7cc81c9a0084796df9a6fb6a0fc0944152b67626
92798016767,31156810462,Create Releases,call-win,completed,skipped,2026-08-07T07:13:29Z,2026-08-07T07:13:19Z,-10,0b1680b0debc511a13d808e4111865333353a5ff
92793771109,31154517181,Create Releases,call-win,completed,skipped,2026-08-07T06:51:23Z,2026-08-07T06:51:22Z,-1,289692430ea996fc4b98a1f714173b72b98abdcf
93345616349,31352429959,Create Releases,call-win,completed,skipped,2026-08-10T03:22:46Z,2026-08-10T03:22:45Z,-1,50d26fb6cf776c539aac5b4b129c3d8a119cbfec
93299071977,31334911615,Create Releases,call-win,completed,skipped,2026-08-09T20:41:58Z,2026-08-09T20:41:58Z,0,bef566358296a8eff5ddcfd2eb34b1bd09a7901b
93599759557,31432729473,Create Releases,call-win,completed,skipped,2026-08-10T21:12:17Z,2026-08-10T21:12:11Z,-6,ba1e26b1aec31a4fcda8c58f34914f0a1f3a932f
93596445715,31431701633,Create Releases,call-win,completed,skipped,2026-08-10T20:59:31Z,2026-08-10T20:59:23Z,-8,6c7af12aaef8d6fee0d6aefca42b25dbf16486c0
93582374580,31427440043,Create Releases,call-win,completed,skipped,2026-08-10T20:07:01Z,2026-08-10T20:07:01Z,0,98ad67cba33786e60a4874c76923fd2affe87c92
93578996883,31426392228,Create Releases,call-win,completed,skipped,2026-08-10T19:54:21Z,2026-08-10T19:54:20Z,-1,f7b15e9d8d1a83a653864eb529241526d9d22e85
93572152730,31424270552,Create Releases,call-win,completed,skipped,2026-08-10T19:28:38Z,2026-08-10T19:28:37Z,-1,f7b15e9d8d1a83a653864eb529241526d9d22e85
93452085542,31387785060,Create Releases,call-win,completed,skipped,2026-08-10T12:23:28Z,2026-08-10T12:23:28Z,0,df82ebc6fae4d5172b7a3e4fd210130a0d90ef33
93452002937,31387759460,Create Releases,call-win,completed,skipped,2026-08-10T12:23:09Z,2026-08-10T12:23:08Z,-1,b9b4931fa1c212439d849f11c3c724ee48bc610c
93451995838,31387757464,Create Releases,call-win,completed,skipped,2026-08-10T12:23:07Z,2026-08-10T12:23:07Z,0,b9b4931fa1c212439d849f11c3c724ee48bc610c
93446189086,31385921646,Create Releases,call-win,completed,skipped,2026-08-10T11:59:12Z,2026-08-10T11:59:11Z,-1,ccdcf6d1ff8dd18654e6360aa1a24beab8d52914
93444361043,31385322244,Create Releases,call-win,completed,skipped,2026-08-10T11:51:13Z,2026-08-10T11:51:07Z,-6,2ebb895d5456dcf94f72eb9433b5810a9d19f12f
93443571666,31385075211,Create Releases,call-win,completed,skipped,2026-08-10T11:47:44Z,2026-08-10T11:47:44Z,0,42caf762af7f7a237db52b56ec1a6619a50fcb68
93443606386,31385074045,Create Releases,call-win,completed,skipped,2026-08-10T11:47:53Z,2026-08-10T11:47:43Z,-10,129b9d4148d194ebabe129e720fcb47037de221e
93443593472,31385072686,Create Releases,call-win,completed,skipped,2026-08-10T11:47:50Z,2026-08-10T11:47:42Z,-8,39501e282d0741f766a77fe9d2a4eccc5f048008
94596454583,31744688470,Create Releases,call-win,completed,skipped,2026-08-13T21:14:42Z,2026-08-13T21:14:37Z,-5,a4609a44152a1e020e3fdb73c69381e3c9b5f119
94596341847,31744654781,Create Releases,call-win,completed,skipped,2026-08-13T21:14:16Z,2026-08-13T21:14:08Z,-8,a14f20fd47c7bd4915023a443c832c9584f93b89
94360152863,31672564720,Create Releases,call-win,completed,skipped,2026-08-13T06:05:28Z,2026-08-13T06:05:19Z,-9,cf26e7ee2b6bb3f9cc207af15f479c53822a58c5
94094082031,31590485107,Create Releases,call-win,completed,skipped,2026-08-12T11:08:07Z,2026-08-12T11:07:57Z,-10,8f2423fca361a5cb9252b0df3414ed1484e13a3e
94087574233,31588434753,Create Releases,call-win,completed,skipped,2026-08-12T10:40:11Z,2026-08-12T10:40:11Z,0,f22328760af167a44e9b86ec27c076426b6682b4
94067561479,31582167003,Create Releases,call-win,completed,skipped,2026-08-12T09:16:41Z,2026-08-12T09:16:32Z,-9,1820cba3a767d865f270686540bd85d842e59f35
94054772598,31578111775,Create Releases,call-win,completed,skipped,2026-08-12T08:23:37Z,2026-08-12T08:23:28Z,-9,682ed40376ff06b117d1c21a132e2c662004878c
94053512711,31577719857,Create Releases,call-win,completed,skipped,2026-08-12T08:18:09Z,2026-08-12T08:18:08Z,-1,7ae6a54b7439df0bb9f6cc01df71c401d44c4c05
93774121739,31490047057,Create Releases,call-win,completed,skipped,2026-08-11T12:11:37Z,2026-08-11T12:11:36Z,-1,995642fced88c5ba19aa07670a6f3dc182a603f4
93770755309,31488976877,Create Releases,call-win,completed,skipped,2026-08-11T11:57:41Z,2026-08-11T11:57:41Z,0,ce5688389e939a1798dbae02f0870de3f979de94
93770725402,31488958859,Create Releases,call-win,completed,skipped,2026-08-11T11:57:34Z,2026-08-11T11:57:27Z,-7,e5057122d5d503ea640ecdad495a600ce0848dd4
93768723386,31488321671,Create Releases,call-win,completed,skipped,2026-08-11T11:49:06Z,2026-08-11T11:49:06Z,0,2b1af2be50ae7bd76aa469323a4aa9c3caee7793
93768685219,31488310574,Create Releases,call-win,completed,skipped,2026-08-11T11:48:56Z,2026-08-11T11:48:56Z,0,2b1af2be50ae7bd76aa469323a4aa9c3caee7793
93665820665,31454635008,Create Releases,call-win,completed,skipped,2026-08-11T03:11:10Z,2026-08-11T03:11:00Z,-10,e5057122d5d503ea640ecdad495a600ce0848dd4
93629647825,31442400678,Create Releases,call-win,completed,skipped,2026-08-10T23:27:13Z,2026-08-10T23:27:13Z,0,5261bf581e4b92c15fbf53c8e01cc15725043125
93623552882,31440351189,Create Releases,call-win,completed,skipped,2026-08-10T22:56:18Z,2026-08-10T22:56:18Z,0,3c3ebc02c56c438d512f2d50ae29bfb6c9285e9e
93618749764,31438750120,Create Releases,call-win,completed,skipped,2026-08-10T22:33:00Z,2026-08-10T22:32:54Z,-6,1eddf0558edba80ae1aac79c8a71277cfdc5959d
93610633996,31436159597,Create Releases,call-win,completed,skipped,2026-08-10T21:56:53Z,2026-08-10T21:56:53Z,0,24cd7ba792568817e15b48314ccc479bede8e0d2
93609267190,31435705310,Create Releases,call-win,completed,skipped,2026-08-10T21:50:55Z,2026-08-10T21:50:49Z,-6,1d356c8d81fa36647206fe213a3225700d9fb13e
94902066063,31842450905,Create Releases,call-win,completed,skipped,2026-08-14T21:26:53Z,2026-08-14T21:26:43Z,-10,939e2b128165dbacde8fb83ca6cdf33388359bdc
94888831334,31838100705,Create Releases,call-win,completed,skipped,2026-08-14T20:29:01Z,2026-08-14T20:29:01Z,0,2020d8ba7d22ba037c5e8f533e12821c17cde821
94841615177,31823348969,Create Releases,call-win,completed,skipped,2026-08-14T17:18:13Z,2026-08-14T17:18:05Z,-8,41bae5710e98d74c10f6bcc01bba5eb9e91c88c4
94840470830,31822991307,Create Releases,call-win,completed,skipped,2026-08-14T17:13:37Z,2026-08-14T17:13:28Z,-9,fe3178e4b8f21515839d7e3fd2976e17ba98496e
94830397717,31819902171,Create Releases,call-win,completed,skipped,2026-08-14T16:33:39Z,2026-08-14T16:33:33Z,-6,69177b02ddf4c632c1f9780ec4d4f101b584dcd6
94817588861,31815962995,Create Releases,call-win,completed,skipped,2026-08-14T15:44:21Z,2026-08-14T15:44:21Z,0,b54644fe69ec968528636fa1fb5c2188a4ae18d2
94785349737,31806115193,Create Releases,call-win,completed,skipped,2026-08-14T13:44:26Z,2026-08-14T13:44:20Z,-6,e556758aafa3ea98329e90a94dbd054a441528f5
94737028020,31790803261,Create Releases,call-win,completed,skipped,2026-08-14T10:05:33Z,2026-08-14T10:05:32Z,-1,2f0609b664cce9492d58fba7a67425c410eb273c
94737031850,31790803876,Create Releases,call-win,completed,skipped,2026-08-14T10:05:33Z,2026-08-14T10:05:33Z,0,2f0609b664cce9492d58fba7a67425c410eb273c
94677913023,31771395991,Create Releases,call-win,completed,skipped,2026-08-14T04:55:52Z,2026-08-14T04:55:52Z,0,fdfe28a1649a66439bc8cd71d6364c06dae9646a
95115965260,31926976102,Create Releases,call-win,completed,skipped,2026-08-16T04:35:04Z,2026-08-16T04:35:03Z,-1,562c2bac51c0822c2e30a0019e558a09228e4556
95105956324,31923019937,Create Releases,call-win,completed,skipped,2026-08-16T02:55:48Z,2026-08-16T02:55:39Z,-9,217c8a4d91f1f84148a5c4c31bb8fb380b47ac9a
95096861209,31919474158,Create Releases,call-win,completed,skipped,2026-08-16T01:23:57Z,2026-08-16T01:23:56Z,-1,70fa276e30a1fa88a07ba100a659a94c6bba4980
95062014249,31905294175,Create Releases,call-win,completed,skipped,2026-08-15T19:55:52Z,2026-08-15T19:55:52Z,0,400318f87ed0dee6c1a04a17c617c547aef46aae
95054216937,31902055661,Create Releases,call-win,completed,skipped,2026-08-15T18:46:33Z,2026-08-15T18:46:33Z,0,a136252681cda8d09426f44a281630152ed94fc5
95038059047,31895482131,Create Releases,call-win,completed,skipped,2026-08-15T16:25:55Z,2026-08-15T16:25:47Z,-8,dcd9eca1eebebe5180f7b97e07ec62684d783b91
95037869317,31895406429,Create Releases,call-win,completed,skipped,2026-08-15T16:24:16Z,2026-08-15T16:24:10Z,-6,18d91259c6c96d8e94bffa2cd00ea55a6ab37b38
95037722126,31895350926,Create Releases,call-win,completed,skipped,2026-08-15T16:22:57Z,2026-08-15T16:22:57Z,0,1ff042476bf4cff8d66a6e03695c200e1ae9e4a2
95025387977,31890267644,Create Releases,call-win,completed,skipped,2026-08-15T14:34:12Z,2026-08-15T14:34:12Z,0,4b37d8d2927b50e125ca2d1e4072acfd193884f2
94969279675,31866877998,Create Releases,call-win,completed,skipped,2026-08-15T05:24:44Z,2026-08-15T05:24:44Z,0,826d0f50545cb679adb83519bfad1b437a49f38d
94965493449,31865385473,Create Releases,call-win,completed,skipped,2026-08-15T04:49:24Z,2026-08-15T04:49:24Z,0,3774c2222961bb32582d6c211223a6757685e4f6
94963922907,31864755963,Create Releases,call-win,completed,skipped,2026-08-15T04:34:22Z,2026-08-15T04:34:22Z,0,45cdb723b6a9123fefeea4ba2e9d5e5c869cdc18
94957251449,31862135544,Create Releases,call-win,completed,skipped,2026-08-15T03:33:28Z,2026-08-15T03:33:28Z,0,4d291de3a73c17a547327012cc79aa720aa6349b
94954316200,31861012115,Create Releases,call-win,completed,skipped,2026-08-15T03:08:00Z,2026-08-15T03:08:00Z,0,559993b92f9fdbf8d1cf3da0d06eca621f6d7256
94953778834,31860821598,Create Releases,call-win,completed,skipped,2026-08-15T03:03:40Z,2026-08-15T03:03:39Z,-1,cf26e7ee2b6bb3f9cc207af15f479c53822a58c5
94918092254,31847952048,Create Releases,call-win,completed,skipped,2026-08-14T22:47:05Z,2026-08-14T22:47:04Z,-1,a68254cfdfcb2e2d35b899e6ad83eb8d856dcb40
