job_id,run_id,workflow,job_name,status,conclusion,started_at,completed_at,duration_seconds,head_sha
78551731344,26651222247,Create Releases,Check for Publish preview build to pypi-weekly,completed,skipped,2026-05-29T17:22:18Z,2026-05-29T17:22:17Z,-1,b766fa6d7078dc407c7e8a5e24d699af35ab7c0d
78545978738,26650118247,Create Releases,Check for Publish preview build to pypi-weekly,completed,skipped,2026-05-29T16:47:18Z,2026-05-29T16:47:17Z,-1,b1ec30d6fe7202f0bdb293ad074fc01fb1906111
78407320556,26607947708,Create Releases,Check for Publish preview build to pypi-weekly,completed,skipped,2026-05-28T23:17:39Z,2026-05-28T23:17:38Z,-1,185e494c29df7cb86a7173938b0c41a89c1a66ff
78405976496,26607525942,Create Releases,Check for Publish preview build to pypi-weekly,completed,skipped,2026-05-28T23:06:13Z,2026-05-28T23:06:12Z,-1,6d53b6f88a23a92e320f8c44abd1d53499281dd3
78404845931,26607167605,Create Releases,Check for Publish preview build to pypi-weekly,completed,skipped,2026-05-28T22:56:59Z,2026-05-28T22:56:51Z,-8,76390cb7176ceffa1ea4b23227c91cbe79dc02d8
78403311956,26606681632,Create Releases,Check for Publish preview build to pypi-weekly,completed,skipped,2026-05-28T22:44:42Z,2026-05-28T22:44:42Z,0,778c3c13dea84a4858402b5559b2d7efffb2d724
78401616629,26606146360,Create Releases,Check for Publish preview build to pypi-weekly,completed,skipped,2026-05-28T22:32:05Z,2026-05-28T22:32:05Z,0,b4f1a6530e53c550b8f82b61c5650758ccc9b136
78401320640,26606053941,Create Releases,Check for Publish preview build to pypi-weekly,completed,skipped,2026-05-28T22:29:59Z,2026-05-28T22:29:58Z,-1,1506c39e52f05b1dc94b4946b8e4a64fcec45e37
78399833019,26605591817,Create Releases,Check for Publish preview build to pypi-weekly,completed,skipped,2026-05-28T22:18:59Z,2026-05-28T22:18:59Z,0,0e3903b87a1ae564246fdb370a567cc3995ba8b3
78398555665,26605209184,Create Releases,Check for Publish preview build to pypi-weekly,completed,skipped,2026-05-28T22:09:44Z,2026-05-28T22:09:44Z,0,70452e7b7736d66307327e068bbb2907331dcc47
78396490636,26604593788,Create Releases,Check for Publish preview build to pypi-weekly,completed,skipped,2026-05-28T21:55:43Z,2026-05-28T21:55:42Z,-1,70452e7b7736d66307327e068bbb2907331dcc47
78396318800,26604543108,Create Releases,Check for Publish preview build to pypi-weekly,completed,skipped,2026-05-28T21:54:37Z,2026-05-28T21:54:36Z,-1,1f964887631491adfe96111ce4024c4b5058b09c
78395915734,26604421700,Create Releases,Check for Publish preview build to pypi-weekly,completed,skipped,2026-05-28T21:52:02Z,2026-05-28T21:52:02Z,0,5b6d694c237733c892843343b812e2e6e25ac683
78382925440,26600587513,Create Releases,Check for Publish preview build to pypi-weekly,completed,skipped,2026-05-28T20:33:33Z,2026-05-28T20:33:32Z,-1,1647a460914ad52cac95d583e5ae18959439d22e
78382830945,26600559797,Create Releases,Check for Publish preview build to pypi-weekly,completed,skipped,2026-05-28T20:33:00Z,2026-05-28T20:32:59Z,-1,b201509a671d6ab188b35a16bfe49cfda7ae1840
78282238917,26571768909,Create Releases,Check for Publish preview build to pypi-weekly,completed,skipped,2026-05-28T11:36:51Z,2026-05-28T11:36:51Z,0,a23bf1c354fb25697c0bca8640d7c50700c782cb
78213541837,26551214262,Create Releases,Check for Publish preview build to pypi-weekly,completed,skipped,2026-05-28T02:37:37Z,2026-05-28T02:37:37Z,0,8a8144ced43f8c777084289aa10faa16d3b93643
78180468182,26540491958,Create Releases,Check for Publish preview build to pypi-weekly,completed,skipped,2026-05-27T21:43:08Z,2026-05-27T21:43:08Z,0,e086903b078abc7d238110addd67da9b8680b609
78186749223,26540229623,Create Releases,Check for Publish preview build to pypi-weekly,completed,skipped,2026-05-27T22:26:44Z,2026-05-27T22:26:44Z,0,2ab3bacb82e3a96888e66d5b07966a084c1de555
78178479738,26539898393,Create Releases,Check for Publish preview build to pypi-weekly,completed,skipped,2026-05-27T21:30:32Z,2026-05-27T21:30:32Z,0,f02702131da453a50c5d1ad1e800e4e26060bdff
78179633478,26539636135,Create Releases,Check for Publish preview build to pypi-weekly,completed,cancelled,2026-05-27T21:37:40Z,2026-05-27T21:37:39Z,-1,395e5ac15ee98517fc57b3684b9f4173cc194ba3
78167399455,26536162642,Create Releases,Check for Publish preview build to pypi-weekly,completed,skipped,2026-05-27T20:25:44Z,2026-05-27T20:25:44Z,0,93d9f12a3d810b92d9aa6cda961f5b020f3315ac
78169600282,26532735597,Create Releases,Check for Publish preview build to pypi-weekly,completed,skipped,2026-05-27T20:38:08Z,2026-05-27T20:38:08Z,0,28646540fda34393bd35e0da214b0706811e5d43
78137766588,26528165101,Create Releases,Check for Publish preview build to pypi-weekly,completed,skipped,2026-05-27T17:43:02Z,2026-05-27T17:43:02Z,0,1fe72a6e99c73d5135441efc91357074c2a8fe9a
78134243606,26526651405,Create Releases,Check for Publish preview build to pypi-weekly,completed,skipped,2026-05-27T17:23:52Z,2026-05-27T17:23:52Z,0,e1481b1df670e3620b2b60cb7e8f19c0f23e86ea
78117792429,26522658525,Create Releases,Check for Publish preview build to pypi-weekly,completed,skipped,2026-05-27T15:57:44Z,2026-05-27T15:57:35Z,-9,6a46603ae02b7e8ae19b4ee49d8a8a8ac1bcff47
78009291674,26491232774,Create Releases,Check for Publish preview build to pypi-weekly,completed,skipped,2026-05-27T04:42:37Z,2026-05-27T04:42:36Z,-1,864742983359bfa003ce7bfce534f7d1eb099bad
78004096604,26488442060,Create Releases,Check for Publish preview build to pypi-weekly,completed,skipped,2026-05-27T03:46:40Z,2026-05-27T03:46:40Z,0,803158c5ccbf8e7e4742cdea9b1d328cddbacb61
78004232922,26488142834,Create Releases,Check for Publish preview build to pypi-weekly,completed,skipped,2026-05-27T03:48:11Z,2026-05-27T03:48:11Z,0,19767c8d3dfb9002678ed02e5dd7260716fdef7e
77999436300,26481561410,Create Releases,Check for Publish preview build to pypi-weekly,completed,skipped,2026-05-27T02:57:57Z,2026-05-27T02:57:57Z,0,c7920c619092d9c567439505b20c411b54c31d44
77979934971,26476878430,Create Releases,Check for Publish preview build to pypi-weekly,completed,skipped,2026-05-26T23:43:01Z,2026-05-26T23:43:00Z,-1,a9b1e880358efa66149bff8d2e056f6c3f4e0315
77962973016,26476373878,Create Releases,Check for Publish preview build to pypi-weekly,completed,skipped,2026-05-26T21:32:47Z,2026-05-26T21:32:37Z,-10,b6885215a27a4727e6f6427b67729217194cf012
77962928156,26475204927,Create Releases,Check for Publish preview build to pypi-weekly,completed,skipped,2026-05-26T21:32:30Z,2026-05-26T21:32:30Z,0,b6885215a27a4727e6f6427b67729217194cf012
77979574423,26466634090,Create Releases,Check for Publish preview build to pypi-weekly,completed,skipped,2026-05-26T23:39:41Z,2026-05-26T23:39:40Z,-1,c7920c619092d9c567439505b20c411b54c31d44
77895708898,26457528215,Create Releases,Check for Publish preview build to pypi-weekly,completed,skipped,2026-05-26T15:20:19Z,2026-05-26T15:20:19Z,0,edc823dbe63776a999a3223470bcdcf5b93e53e5
77641890417,26377757763,Create Releases,Check for Publish preview build to pypi-weekly,completed,skipped,2026-05-25T01:08:57Z,2026-05-25T01:08:57Z,0,0ce10a714cf980589dc7c6125a2905dd5df652d6
77637332909,26376417222,Create Releases,Check for Publish preview build to pypi-weekly,completed,skipped,2026-05-24T23:59:47Z,2026-05-24T23:59:47Z,0,6537780fd134b14fde438455141a3f379b0d2ec0
77583581215,26356317482,Create Releases,Check for Publish preview build to pypi-weekly,completed,skipped,2026-05-24T08:26:19Z,2026-05-24T08:26:18Z,-1,22159d17d6150b0c92280545ac6502f308addfb3
77576121615,26353600707,Create Releases,Check for Publish preview build to pypi-weekly,completed,skipped,2026-05-24T06:05:39Z,2026-05-24T06:05:39Z,0,790c1fe8795debd347d058950a051c4ab13c9d42
77547571725,26342775939,Create Releases,Check for Publish preview build to pypi-weekly,completed,skipped,2026-05-23T20:28:51Z,2026-05-23T20:28:51Z,0,9d40fd34d2e3bf69d8d327764724ec93f21b884a
77544227645,26341494246,Create Releases,Check for Publish preview build to pypi-weekly,completed,skipped,2026-05-23T19:27:13Z,2026-05-23T19:27:12Z,-1,25680a60544415a2df6cc5ddcbec30e92d5d6ad5
77618797101,26338926685,Create Releases,Check for Publish preview build to pypi-weekly,completed,skipped,2026-05-24T18:33:22Z,2026-05-24T18:33:22Z,0,0ce10a714cf980589dc7c6125a2905dd5df652d6
77537356948,26338924012,Create Releases,Check for Publish preview build to pypi-weekly,completed,skipped,2026-05-23T17:22:40Z,2026-05-23T17:22:39Z,-1,f34e0a34792a759aa35db9f29f8c848146482ede
77533811035,26337586673,Create Releases,Check for Publish preview build to pypi-weekly,completed,skipped,2026-05-23T16:17:28Z,2026-05-23T16:17:28Z,0,337ec8abf01a524f2032ffc0f94b16048e7fef7a
77529991518,26336114203,Create Releases,Check for Publish preview build to pypi-weekly,completed,skipped,2026-05-23T15:07:07Z,2026-05-23T15:07:07Z,0,1c8122c8fb232603e9fd2ddd08d8aab63fbf61ac
77529368894,26335871990,Create Releases,Check for Publish preview build to pypi-weekly,completed,skipped,2026-05-23T14:55:50Z,2026-05-23T14:55:50Z,0,aa4bd0cd35ab6339f6020f031cf80be53182376d
77527582020,26335177353,Create Releases,Check for Publish preview build to pypi-weekly,completed,skipped,2026-05-23T14:25:09Z,2026-05-23T14:25:08Z,-1,f34e0a34792a759aa35db9f29f8c848146482ede
77526771245,26334857814,Create Releases,Check for Publish preview build to pypi-weekly,completed,skipped,2026-05-23T14:09:59Z,2026-05-23T14:09:59Z,0,8924febb0e4a559ac0eb5a41424ce7049988004f
77524138985,26333819371,Create Releases,Check for Publish preview build to pypi-weekly,completed,skipped,2026-05-23T13:21:50Z,2026-05-23T13:21:50Z,0,6e137ff6394e30b34fd69bee0f6bbc90e74e48a2
77522758521,26333276004,Create Releases,Check for Publish preview build to pypi-weekly,completed,skipped,2026-05-23T12:55:59Z,2026-05-23T12:55:58Z,-1,5439808b267835574ecd8282d0ed779b7cc7d455
77523370673,26333262256,Create Releases,Check for Publish preview build to pypi-weekly,completed,skipped,2026-05-23T13:07:15Z,2026-05-23T13:07:15Z,0,76fe8134c705a2c5e7ba3e3a661b772ed9dda0ea
77509039188,26327982995,Create Releases,Check for Publish preview build to pypi-weekly,completed,skipped,2026-05-23T08:21:42Z,2026-05-23T08:21:42Z,0,a78b74ea597243b6ccad9960d641f84d4e122237
77506516893,26327028529,Create Releases,Check for Publish preview build to pypi-weekly,completed,skipped,2026-05-23T07:32:36Z,2026-05-23T07:32:35Z,-1,f229200944638c9e4c3aaf264386c146de6b0ee4
77497542754,26323777910,Create Releases,Check for Publish preview build to pypi-weekly,completed,skipped,2026-05-23T04:44:47Z,2026-05-23T04:44:47Z,0,032124f04222d6f7f657bd803059825d0f730afb
77496877116,26323525354,Create Releases,Check for Publish preview build to pypi-weekly,completed,skipped,2026-05-23T04:31:45Z,2026-05-23T04:31:45Z,0,6d61e1612a38ceda3bcc4ac71440570a2c363324
77496297833,26323315239,Create Releases,Check for Publish preview build to pypi-weekly,completed,skipped,2026-05-23T04:20:57Z,2026-05-23T04:20:56Z,-1,343b46d8ba7f0039d2bf05268f11a6cdbd594663
77496198801,26323281248,Create Releases,Check for Publish preview build to pypi-weekly,completed,skipped,2026-05-23T04:19:18Z,2026-05-23T04:19:18Z,0,523a11c04efb5a44dcf8a5a2047a8bf8cfb91f99
77465064360,26306740065,Create Releases,Check for Publish preview build to pypi-weekly,completed,skipped,2026-05-22T21:25:21Z,2026-05-22T21:25:21Z,0,73417bdc757e606404d37e530bdd36176382dd93
77444358623,26306158086,Create Releases,Check for Publish preview build to pypi-weekly,completed,skipped,2026-05-22T18:59:21Z,2026-05-22T18:59:21Z,0,8f767a86462429bd939adbcb3a587f8a3df94c48
77443891101,26305750534,Create Releases,Check for Publish preview build to pypi-weekly,completed,skipped,2026-05-22T18:56:17Z,2026-05-22T18:56:17Z,0,d33e14b757bbf7b7f6000f3dc942e6bc0e16bbb5
77425753146,26300408505,Create Releases,Check for Publish preview build to pypi-weekly,completed,skipped,2026-05-22T16:57:52Z,2026-05-22T16:57:51Z,-1,d68d644de98b3d800496a7a3946dd0bab570deaa
77422654788,26299007088,Create Releases,Check for Publish preview build to pypi-weekly,completed,skipped,2026-05-22T16:38:22Z,2026-05-22T16:38:22Z,0,ad72414dfe19d20c6bce7d57f61aff5a63a63d47
77364017809,26283129502,Create Releases,Check for Publish preview build to pypi-weekly,completed,skipped,2026-05-22T10:42:10Z,2026-05-22T10:42:10Z,0,fdb7de26ce8a08bbd643ca04d90059fdc12e3043
77318250581,26268992793,Create Releases,Check for Publish preview build to pypi-weekly,completed,skipped,2026-05-22T04:47:55Z,2026-05-22T04:47:55Z,0,11b3e5264149125d82b0d623781ab6ecc7455540
77227444446,26241125537,Create Releases,Check for Publish preview build to pypi-weekly,completed,skipped,2026-05-21T17:07:52Z,2026-05-21T17:07:52Z,0,fea12954095bccdb7d952feb25a1868d1258cb36
77223753566,26240080784,Create Releases,Check for Publish preview build to pypi-weekly,completed,skipped,2026-05-21T16:48:07Z,2026-05-21T16:48:06Z,-1,bd8ccd1e035404ae71b5bff54963cd90e693d98e
77219931029,26238564286,Create Releases,Check for Publish preview build to pypi-weekly,completed,skipped,2026-05-21T16:27:16Z,2026-05-21T16:27:16Z,0,a5a75e37de4842324316b83bb6063faa917ec437
77219187052,26238126525,Create Releases,Check for Publish preview build to pypi-weekly,completed,skipped,2026-05-21T16:23:19Z,2026-05-21T16:23:19Z,0,c0e4907f644fadff45aaa22494fb50231a6f6eac
77216038824,26237866294,Create Releases,Check for Publish preview build to pypi-weekly,completed,skipped,2026-05-21T16:06:44Z,2026-05-21T16:06:44Z,0,4c07234c55f549cf34361e3519fa8a1bdac1b2b4
77145954745,26218195452,Create Releases,Check for Publish preview build to pypi-weekly,completed,skipped,2026-05-21T09:40:24Z,2026-05-21T09:40:24Z,0,6e3c99c7c4ce0fd6550fb97b3365e64d4050bfa4
77102844670,26204985852,Create Releases,Check for Publish preview build to pypi-weekly,completed,skipped,2026-05-21T04:12:59Z,2026-05-21T04:12:59Z,0,0ab94f6e303b5a0f658abb41a889c50bb00e8936
77095715365,26202672165,Create Releases,Check for Publish preview build to pypi-weekly,completed,skipped,2026-05-21T02:55:23Z,2026-05-21T02:55:23Z,0,439d5e2ac9b758bd0924f47b0c580b69f9bb7515
77092477475,26201572526,Create Releases,Check for Publish preview build to pypi-weekly,completed,skipped,2026-05-21T02:19:54Z,2026-05-21T02:19:54Z,0,7965aa7d9f4dbed491191e0d431f89073fd1a079
77072126445,26194504026,Create Releases,Check for Publish preview build to pypi-weekly,completed,skipped,2026-05-20T23:01:33Z,2026-05-20T23:01:33Z,0,687c4e538d38b46fb2c367ea570414dc5621bccd
77069730963,26194190516,Create Releases,Check for Publish preview build to pypi-weekly,completed,skipped,2026-05-20T22:42:01Z,2026-05-20T22:41:51Z,-10,30783cc52463f90aa87c430411dd4d0adce3dda8
77068191773,26193725509,Create Releases,Check for Publish preview build to pypi-weekly,completed,skipped,2026-05-20T22:30:18Z,2026-05-20T22:30:17Z,-1,ec91dc49c6747028183a991f131a5f918099b79c
77063650902,26191209437,Create Releases,Check for Publish preview build to pypi-weekly,completed,skipped,2026-05-20T21:57:37Z,2026-05-20T21:57:37Z,0,6495baade444e787cfac626651beb910f9b6942b
77050374444,26188501014,Create Releases,Check for Publish preview build to pypi-weekly,completed,skipped,2026-05-20T20:36:56Z,2026-05-20T20:36:56Z,0,9c1a22ba456586ae3496476bc961c12ba78ac6d1
77049445359,26188232707,Create Releases,Check for Publish preview build to pypi-weekly,completed,skipped,2026-05-20T20:31:42Z,2026-05-20T20:31:42Z,0,73736f2de2a1d852565006531f30475f2e38c7eb
77043577885,26186569910,Create Releases,Check for Publish preview build to pypi-weekly,completed,skipped,2026-05-20T19:58:49Z,2026-05-20T19:58:49Z,0,0d584dc4226e82fce208697f897bc8748f8d2862
77043094242,26186433520,Create Releases,Check for Publish preview build to pypi-weekly,completed,skipped,2026-05-20T19:56:06Z,2026-05-20T19:56:06Z,0,0d584dc4226e82fce208697f897bc8748f8d2862
77029999449,26182761384,Create Releases,Check for Publish preview build to pypi-weekly,completed,skipped,2026-05-20T18:43:45Z,2026-05-20T18:43:44Z,-1,b109d15f0df9d0f698ca17425b4d30d3053f0b47
77027937251,26182174723,Create Releases,Check for Publish preview build to pypi-weekly,completed,skipped,2026-05-20T18:32:15Z,2026-05-20T18:32:15Z,0,01b4a3fd71a222fe6a1124e67d5f648d0580078e
77029126433,26181885883,Create Releases,Check for Publish preview build to pypi-weekly,completed,skipped,2026-05-20T18:38:51Z,2026-05-20T18:38:51Z,0,0ebe0841967a1fe2e143eaf5bed12fd43a14690a
77026772945,26181429913,Create Releases,Check for Publish preview build to pypi-weekly,completed,skipped,2026-05-20T18:25:53Z,2026-05-20T18:25:53Z,0,c6e382e9cae93dfd03ff0330ced1e66de5636c7d
77025077726,26181149795,Create Releases,Check for Publish preview build to pypi-weekly,completed,skipped,2026-05-20T18:16:32Z,2026-05-20T18:16:32Z,0,c6e382e9cae93dfd03ff0330ced1e66de5636c7d
76999747241,26173471333,Create Releases,Check for Publish preview build to pypi-weekly,completed,skipped,2026-05-20T15:56:32Z,2026-05-20T15:56:32Z,0,b6f803ec4bb88f80bd775e72a254ada3df11f04f
76957776550,26161905090,Create Releases,Check for Publish preview build to pypi-weekly,completed,skipped,2026-05-20T12:28:26Z,2026-05-20T12:28:26Z,0,a6f1908b9bd0cae2b20460a5ff546a870624906c
76889366686,26141653547,Create Releases,Check for Publish preview build to pypi-weekly,completed,skipped,2026-05-20T04:50:10Z,2026-05-20T04:50:10Z,0,1ea440d9370d4e7b01b45b1d40f8c555e3c4bb73
76888275789,26141652785,Create Releases,Check for Publish preview build to pypi-weekly,completed,cancelled,2026-05-20T04:38:36Z,2026-05-20T04:38:36Z,0,1ea440d9370d4e7b01b45b1d40f8c555e3c4bb73
76884707892,26140454277,Create Releases,Check for Publish preview build to pypi-weekly,completed,skipped,2026-05-20T04:01:07Z,2026-05-20T04:01:07Z,0,9fd2601d333615fcbccf6ebb1c521ece713042e0
76883826815,26140157226,Create Releases,Check for Publish preview build to pypi-weekly,completed,skipped,2026-05-20T03:51:43Z,2026-05-20T03:51:43Z,0,ab50333114d62139c4de669a6494b4939e193eea
76883720037,26140121610,Create Releases,Check for Publish preview build to pypi-weekly,completed,skipped,2026-05-20T03:50:34Z,2026-05-20T03:50:34Z,0,9fd2601d333615fcbccf6ebb1c521ece713042e0
76835545448,26124039637,Create Releases,Check for Publish preview build to pypi-weekly,completed,skipped,2026-05-19T20:55:32Z,2026-05-19T20:55:32Z,0,2ec288908952eea9dcf48d4b197915e1f72c6abf
76828246779,26122627934,Create Releases,Check for Publish preview build to pypi-weekly,completed,skipped,2026-05-19T20:14:59Z,2026-05-19T20:14:59Z,0,6dde82facd897befc16bcd416a7924d76051f60a
76809340365,26117168995,Create Releases,Check for Publish preview build to pypi-weekly,completed,skipped,2026-05-19T18:30:23Z,2026-05-19T18:30:23Z,0,2cc8189e08b9f5131433f2cc0e9e66cb6e891817
76800854118,26114722017,Create Releases,Check for Publish preview build to pypi-weekly,completed,skipped,2026-05-19T17:44:02Z,2026-05-19T17:44:02Z,0,4f7fd4f4b142006dbee8e85d8eb6da2517db04f6
76800702010,26114679056,Create Releases,Check for Publish preview build to pypi-weekly,completed,skipped,2026-05-19T17:43:12Z,2026-05-19T17:43:11Z,-1,3db57e156e48797fc0bda9660de4fb736cc1b9d7
76794091318,26112127291,Create Releases,Check for Publish preview build to pypi-weekly,completed,success,2026-05-19T17:07:06Z,2026-05-19T17:07:08Z,2,9a48f83aa6673619a9ef7641f7891e1f0f66b076
76713897414,26090289571,Create Releases,Check for Publish preview build to pypi-weekly,completed,skipped,2026-05-19T10:03:52Z,2026-05-19T10:03:52Z,0,7a1b99e3e49533f6a82a11d6f8a421a3c70c1a5f
76707063765,26087680635,Create Releases,Check for Publish preview build to pypi-weekly,completed,skipped,2026-05-19T09:23:47Z,2026-05-19T09:23:47Z,0,1ad2a6407a5b776ef319b5bdcff666f3f3a166af
76705632609,26087291445,Create Releases,Check for Publish preview build to pypi-weekly,completed,skipped,2026-05-19T09:15:20Z,2026-05-19T09:15:19Z,-1,9a48f83aa6673619a9ef7641f7891e1f0f66b076
76704191078,26086890399,Create Releases,Check for Publish preview build to pypi-weekly,completed,skipped,2026-05-19T09:06:48Z,2026-05-19T09:06:48Z,0,251494ff6aa42e8781718fd83612517ed1d44a9c
76700481672,26085760421,Create Releases,Check for Publish preview build to pypi-weekly,completed,skipped,2026-05-19T08:44:39Z,2026-05-19T08:44:38Z,-1,f07e915ce723e6919d771dd2fdaa3e299e3d83b5
76644242351,26068412970,Create Releases,Check for Publish preview build to pypi-weekly,completed,skipped,2026-05-19T00:23:47Z,2026-05-19T00:23:47Z,0,c94546f8cf6fe683bc78c2998043f8ec128c3376
76643947634,26068318792,Create Releases,Check for Publish preview build to pypi-weekly,completed,skipped,2026-05-19T00:20:58Z,2026-05-19T00:20:58Z,0,3a50ca940b99036f090b8aef72b39e2aec90a0d6
76638917006,26066665405,Create Releases,Check for Publish preview build to pypi-weekly,completed,skipped,2026-05-18T23:34:19Z,2026-05-18T23:34:19Z,0,93bb6190d6697d0594d3ee6c2f1235d42a23f200
76628178810,26062737599,Create Releases,Check for Publish preview build to pypi-weekly,completed,skipped,2026-05-18T22:06:31Z,2026-05-18T22:06:31Z,0,c96c82d8c2db629c764f0566fb5b1e66c43412b2
76626108000,26062595287,Create Releases,Check for Publish preview build to pypi-weekly,completed,skipped,2026-05-18T21:51:36Z,2026-05-18T21:51:36Z,0,9f31f837b85853c136e0b001f8908e3d0c117706
76625692993,26062469066,Create Releases,Check for Publish preview build to pypi-weekly,completed,skipped,2026-05-18T21:48:55Z,2026-05-18T21:48:55Z,0,da331ecfb45084c40209bb43123729de2f71765f
76626235055,26060437403,Create Releases,Check for Publish preview build to pypi-weekly,completed,skipped,2026-05-18T21:52:27Z,2026-05-18T21:52:27Z,0,fd25487ea781eb2c9a2a3e3a3edf043d743d63d1
76618446795,26059645088,Create Releases,Check for Publish preview build to pypi-weekly,completed,skipped,2026-05-18T21:02:12Z,2026-05-18T21:02:11Z,-1,fa652d85c14b532f12fef14dfd2c2acf675f2d3e
76616288230,26058934462,Create Releases,Check for Publish preview build to pypi-weekly,completed,cancelled,2026-05-18T20:49:25Z,2026-05-18T20:49:24Z,-1,e3fd238cc76987440da4ebedc747010a813a49e0
76614180683,26058576620,Create Releases,Check for Publish preview build to pypi-weekly,completed,cancelled,2026-05-18T20:37:06Z,2026-05-18T20:37:06Z,0,701a92af3f28f5eb51d28ffd71cc9ce956cececf
76613076916,26058067673,Create Releases,Check for Publish preview build to pypi-weekly,completed,skipped,2026-05-18T20:30:42Z,2026-05-18T20:30:42Z,0,58c7d79465f8eeccf1596727f42443e60d233a43
76609931367,26056992493,Create Releases,Check for Publish preview build to pypi-weekly,completed,skipped,2026-05-18T20:11:25Z,2026-05-18T20:11:25Z,0,762224e7c8e460cbda6d838caa9d452182ba629e
76607295448,26056949700,Create Releases,Check for Publish preview build to pypi-weekly,completed,skipped,2026-05-18T19:55:23Z,2026-05-18T19:55:23Z,0,762224e7c8e460cbda6d838caa9d452182ba629e
76605333798,26056363006,Create Releases,Check for Publish preview build to pypi-weekly,completed,skipped,2026-05-18T19:43:38Z,2026-05-18T19:43:38Z,0,da331ecfb45084c40209bb43123729de2f71765f
76605166240,26056313516,Create Releases,Check for Publish preview build to pypi-weekly,completed,skipped,2026-05-18T19:42:37Z,2026-05-18T19:42:37Z,0,5d4454e27ac5b324ff3ba5de7266bf6ccfe9f103
76603314636,26055158901,Create Releases,Check for Publish preview build to pypi-weekly,completed,skipped,2026-05-18T19:31:43Z,2026-05-18T19:31:43Z,0,72eac1a91ec7eab440bd02009d9622e15b143052
76596124758,26053617859,Create Releases,Check for Publish preview build to pypi-weekly,completed,skipped,2026-05-18T18:49:51Z,2026-05-18T18:49:51Z,0,72eac1a91ec7eab440bd02009d9622e15b143052
76587364176,26050410601,Create Releases,Check for Publish preview build to pypi-weekly,completed,skipped,2026-05-18T17:59:17Z,2026-05-18T17:59:16Z,-1,ade0ee5827c08b5b119f58eabcd766203d695cce
76584437994,26049453295,Create Releases,Check for Publish preview build to pypi-weekly,completed,skipped,2026-05-18T17:42:14Z,2026-05-18T17:42:13Z,-1,f3d74bbaa34865ca9f60cbcbed8a7d996e83cbec
76582277251,26049090542,Create Releases,Check for Publish preview build to pypi-weekly,completed,cancelled,2026-05-18T17:29:45Z,2026-05-18T17:29:45Z,0,e3c0ff6a4d8710432102e17872916a663c3aa587
76580925016,26048788749,Create Releases,Check for Publish preview build to pypi-weekly,completed,cancelled,2026-05-18T17:21:57Z,2026-05-18T17:21:57Z,0,38dcbc96bdaf84c3858c906319f5e6c29087ea0d
76570736492,26045446314,Create Releases,Check for Publish preview build to pypi-weekly,completed,skipped,2026-05-18T16:24:08Z,2026-05-18T16:24:08Z,0,30887a4fd7f1c29f79526dda2aa2ab13f38d9161
76558473704,26042001759,Create Releases,Check for Publish preview build to pypi-weekly,completed,skipped,2026-05-18T15:19:22Z,2026-05-18T15:19:22Z,0,30887a4fd7f1c29f79526dda2aa2ab13f38d9161
76554993402,26041754350,Create Releases,Check for Publish preview build to pypi-weekly,completed,skipped,2026-05-18T15:02:19Z,2026-05-18T15:02:19Z,0,30887a4fd7f1c29f79526dda2aa2ab13f38d9161
76520585127,26032133545,Create Releases,Check for Publish preview build to pypi-weekly,completed,skipped,2026-05-18T11:59:56Z,2026-05-18T11:59:56Z,0,9433c7942865684e71b00ed5ceb4e40ab5d27c6f
76495367429,26024835143,Create Releases,Check for Publish preview build to pypi-weekly,completed,skipped,2026-05-18T09:23:28Z,2026-05-18T09:23:28Z,0,8288fe1e5d48fb5b81db7b848e4ba3663e4c8243
76461904842,26014209532,Create Releases,Check for Publish preview build to pypi-weekly,completed,skipped,2026-05-18T05:04:32Z,2026-05-18T05:04:32Z,0,36de9ed25c649d6b657b3618c7ed924352b2bf2e
76457012492,26012592183,Create Releases,Check for Publish preview build to pypi-weekly,completed,skipped,2026-05-18T04:05:25Z,2026-05-18T04:05:25Z,0,9bf9124819bb5864f85df340be60fd58dddbd0c9
76456675441,26012404213,Create Releases,Check for Publish preview build to pypi-weekly,completed,skipped,2026-05-18T04:01:09Z,2026-05-18T04:01:09Z,0,3252bdbbde6dd414eadac2ac48f7e493f9ad2531
76448246677,26009846735,Create Releases,Check for Publish preview build to pypi-weekly,completed,skipped,2026-05-18T02:11:31Z,2026-05-18T02:11:31Z,0,dfd956c14ad0ab9243a0f9c1481623b397f98e7c
76443437660,26007820101,Create Releases,Check for Publish preview build to pypi-weekly,completed,skipped,2026-05-18T01:06:34Z,2026-05-18T01:06:33Z,-1,3e9808d5db544e31006fa3ba33d52bbcd04bf8e7
76437083017,26005840458,Create Releases,Check for Publish preview build to pypi-weekly,completed,skipped,2026-05-17T23:28:18Z,2026-05-17T23:28:17Z,-1,d8820d4cfee132b4fd01c2a0c2c4a2e71e02427a
76436923397,26005781280,Create Releases,Check for Publish preview build to pypi-weekly,completed,skipped,2026-05-17T23:25:29Z,2026-05-17T23:25:29Z,0,7cfe8dc19d2d16d9e636f8af54a2e51f08f3654c
76436888189,26005768453,Create Releases,Check for Publish preview build to pypi-weekly,completed,skipped,2026-05-17T23:24:56Z,2026-05-17T23:24:55Z,-1,7aa7013aa3b1d5f98692d4ea05c1aba442e0b3c6
76436757149,26005720275,Create Releases,Check for Publish preview build to pypi-weekly,completed,skipped,2026-05-17T23:22:37Z,2026-05-17T23:22:37Z,0,0b95250d20af29055abb274010b9025ee5bdacc9
76436321644,26005562167,Create Releases,Check for Publish preview build to pypi-weekly,completed,skipped,2026-05-17T23:15:09Z,2026-05-17T23:15:09Z,0,70e74471f540cdba408d8a5f96abde76edecae1d
76422061848,26000014021,Create Releases,Check for Publish preview build to pypi-weekly,completed,skipped,2026-05-17T19:19:02Z,2026-05-17T19:19:02Z,0,984138262b362133416288b018be956d766a39d2
76418228704,25998606918,Create Releases,Check for Publish preview build to pypi-weekly,completed,skipped,2026-05-17T18:18:34Z,2026-05-17T18:18:34Z,0,984138262b362133416288b018be956d766a39d2
76417322868,25998550156,Create Releases,Check for Publish preview build to pypi-weekly,completed,skipped,2026-05-17T18:03:28Z,2026-05-17T18:03:28Z,0,984138262b362133416288b018be956d766a39d2
76417188558,25998498403,Create Releases,Check for Publish preview build to pypi-weekly,completed,skipped,2026-05-17T18:01:16Z,2026-05-17T18:01:16Z,0,984138262b362133416288b018be956d766a39d2
76415072485,25997713669,Create Releases,Check for Publish preview build to pypi-weekly,completed,skipped,2026-05-17T17:26:47Z,2026-05-17T17:26:47Z,0,13c6e94c341c44e1596d19b30920fc1b9b67a8d4
76403141867,25993263997,Create Releases,Check for Publish preview build to pypi-weekly,completed,skipped,2026-05-17T14:15:25Z,2026-05-17T14:15:25Z,0,c91ff7dd7611914adc9e8444b349c2ac02c0dcbd
76397260193,25991095370,Create Releases,Check for Publish preview build to pypi-weekly,completed,skipped,2026-05-17T12:39:15Z,2026-05-17T12:39:15Z,0,69dcf71e2845c5eb1bc73b43c52c8a714690ad47
76397175990,25991063799,Create Releases,Check for Publish preview build to pypi-weekly,completed,skipped,2026-05-17T12:37:47Z,2026-05-17T12:37:47Z,0,5c90814375c7f2bd4ed46786106dbe10e4a7e539
76389865755,25988350044,Create Releases,Check for Publish preview build to pypi-weekly,completed,skipped,2026-05-17T10:29:37Z,2026-05-17T10:29:37Z,0,dffda2f87b8cf8656b18012820445be8eb023c68
76374592423,25982580698,Create Releases,Check for Publish preview build to pypi-weekly,completed,skipped,2026-05-17T05:52:20Z,2026-05-17T05:52:20Z,0,3e9808d5db544e31006fa3ba33d52bbcd04bf8e7
76373665126,25982294881,Create Releases,Check for Publish preview build to pypi-weekly,completed,skipped,2026-05-17T05:35:13Z,2026-05-17T05:35:13Z,0,3856f03b8b86d53aed3bc36956ae549c5d123d42
76372277531,25981995517,Create Releases,Check for Publish preview build to pypi-weekly,completed,skipped,2026-05-17T05:06:59Z,2026-05-17T05:06:59Z,0,3856f03b8b86d53aed3bc36956ae549c5d123d42
76371477661,25981688200,Create Releases,Check for Publish preview build to pypi-weekly,completed,skipped,2026-05-17T04:49:47Z,2026-05-17T04:49:46Z,-1,bb155e4f674cc73f2a34b95f3cea1514a156a480
76370612016,25981366010,Create Releases,Check for Publish preview build to pypi-weekly,completed,skipped,2026-05-17T04:31:11Z,2026-05-17T04:31:11Z,0,aca5204e96eb17f833b8263cbd1f3072a0e66faa
76370460375,25981313131,Create Releases,Check for Publish preview build to pypi-weekly,completed,skipped,2026-05-17T04:28:19Z,2026-05-17T04:28:19Z,0,0716b8246233ee202cc0e6f6ec6764ab362f27bb
76370427615,25981301841,Create Releases,Check for Publish preview build to pypi-weekly,completed,skipped,2026-05-17T04:27:40Z,2026-05-17T04:27:40Z,0,0716b8246233ee202cc0e6f6ec6764ab362f27bb
76369963764,25981132865,Create Releases,Check for Publish preview build to pypi-weekly,completed,skipped,2026-05-17T04:18:14Z,2026-05-17T04:18:14Z,0,20601d4fe5989956ebbd82eb262dfb1f3cf82ad3
76367995553,25980387780,Create Releases,Check for Publish preview build to pypi-weekly,completed,skipped,2026-05-17T03:35:58Z,2026-05-17T03:35:58Z,0,09e06df0a3ef52518f7b39f291d3f7855fead2c2
76367971110,25980379100,Create Releases,Check for Publish preview build to pypi-weekly,completed,skipped,2026-05-17T03:35:27Z,2026-05-17T03:35:27Z,0,9433c7942865684e71b00ed5ceb4e40ab5d27c6f
76365256323,25979408726,Create Releases,Check for Publish preview build to pypi-weekly,completed,skipped,2026-05-17T02:42:50Z,2026-05-17T02:42:49Z,-1,1433ad1aa0014b07ed58220c9e50ff71ece5cdcb
76328936054,25965534151,Create Releases,Check for Publish preview build to pypi-weekly,completed,skipped,2026-05-16T15:31:43Z,2026-05-16T15:31:43Z,0,a3c1aadc8866445c8c4d1aab9ab4f92e8c42608b
76327870710,25965389679,Create Releases,Check for Publish preview build to pypi-weekly,completed,skipped,2026-05-16T15:13:46Z,2026-05-16T15:13:46Z,0,0771a74877a00c57eb64178f7098d0afb85d7669
76327710167,25965328985,Create Releases,Check for Publish preview build to pypi-weekly,completed,skipped,2026-05-16T15:11:00Z,2026-05-16T15:10:59Z,-1,6a664b0a8ccf95f48d12e336011e6fd54ac40611
76327676196,25965317059,Create Releases,Check for Publish preview build to pypi-weekly,completed,skipped,2026-05-16T15:10:25Z,2026-05-16T15:10:25Z,0,5d47c135f93bbb31285b89ed584dcedcb56bc761
76325094917,25964118566,Create Releases,Check for Publish preview build to pypi-weekly,completed,skipped,2026-05-16T14:25:59Z,2026-05-16T14:25:59Z,0,bf54fef61b8176911bcc7f96edf90c04d16428ff
76321949415,25963176381,Create Releases,Check for Publish preview build to pypi-weekly,completed,skipped,2026-05-16T13:29:43Z,2026-05-16T13:29:43Z,0,4ed8f2022da86e9e72aa199c6cf1837200827970
76711902329,25962064423,Create Releases,Check for Publish preview build to pypi-weekly,completed,skipped,2026-05-19T09:52:09Z,2026-05-19T09:52:08Z,-1,0af0bc76a286e2dece90727702c88f4ce72bcd30
76313869713,25960110879,Create Releases,Check for Publish preview build to pypi-weekly,completed,skipped,2026-05-16T10:53:51Z,2026-05-16T10:53:51Z,0,58f8ffabacc58e08bb4b39132c14e1c90f33317a
76314437803,25960084297,Create Releases,Check for Publish preview build to pypi-weekly,completed,skipped,2026-05-16T11:05:20Z,2026-05-16T11:05:20Z,0,b4fb2bf5471d8e4e255db5d83995c98132ac4d12
76313571114,25959994512,Create Releases,Check for Publish preview build to pypi-weekly,completed,skipped,2026-05-16T10:47:35Z,2026-05-16T10:47:35Z,0,0349cfec3575327f1dac60f0cb1f478e964ff015
76312730448,25959669088,Create Releases,Check for Publish preview build to pypi-weekly,completed,skipped,2026-05-16T10:30:40Z,2026-05-16T10:30:40Z,0,fadc8a09a1efc2caac4b0cc6f2435b800cce3627
76313301759,25959663386,Create Releases,Check for Publish preview build to pypi-weekly,completed,skipped,2026-05-16T10:42:08Z,2026-05-16T10:42:08Z,0,ea79d1d08aae9f2a3970d028177aa04c9bd244ea
76311918073,25959362264,Create Releases,Check for Publish preview build to pypi-weekly,completed,skipped,2026-05-16T10:14:29Z,2026-05-16T10:14:29Z,0,d70056fbf34cc2eafc62a824dc75de07a5760d54
76311812964,25959097627,Create Releases,Check for Publish preview build to pypi-weekly,completed,skipped,2026-05-16T10:12:26Z,2026-05-16T10:12:25Z,-1,111db72dbf7a0da2617a0b329266390ccd26e79b
76311194954,25959065385,Create Releases,Check for Publish preview build to pypi-weekly,completed,cancelled,2026-05-16T10:00:50Z,2026-05-16T10:00:49Z,-1,f8ce41d0892d00fa4b4daa5a8fbbeb3b9182ae85
76310296672,25958576078,Create Releases,Check for Publish preview build to pypi-weekly,completed,skipped,2026-05-16T09:44:32Z,2026-05-16T09:44:32Z,0,13ede249ce3ca5a1cbe45f0de4c3cd0fad87e4f8
76307727206,25957846254,Create Releases,Check for Publish preview build to pypi-weekly,completed,skipped,2026-05-16T08:55:27Z,2026-05-16T08:55:27Z,0,5d47c135f93bbb31285b89ed584dcedcb56bc761
76306211943,25957185520,Create Releases,Check for Publish preview build to pypi-weekly,completed,skipped,2026-05-16T08:28:48Z,2026-05-16T08:28:48Z,0,9c48513796924c1cb0d5cbc983f65f580a08a2e6
76305817812,25957173141,Create Releases,Check for Publish preview build to pypi-weekly,completed,skipped,2026-05-16T08:20:24Z,2026-05-16T08:20:24Z,0,9c48513796924c1cb0d5cbc983f65f580a08a2e6
76305393603,25957010211,Create Releases,Check for Publish preview build to pypi-weekly,completed,skipped,2026-05-16T08:11:54Z,2026-05-16T08:11:54Z,0,dce4a10039811e2d733f597dd9c66d2bc2f8cd6b
76300993295,25955384842,Create Releases,Check for Publish preview build to pypi-weekly,completed,skipped,2026-05-16T06:48:34Z,2026-05-16T06:48:34Z,0,357f1f351f2c57dc00cf087c20013a43423928ca
76297672656,25954181217,Create Releases,Check for Publish preview build to pypi-weekly,completed,skipped,2026-05-16T05:44:39Z,2026-05-16T05:44:39Z,0,e0dda23bec86d7bf4b36affe07740cd4f435257e
76296837345,25953906670,Create Releases,Check for Publish preview build to pypi-weekly,completed,skipped,2026-05-16T05:29:59Z,2026-05-16T05:29:59Z,0,c7fe950317063ea49da9bd7b5ecd3bc14df17994
76296425643,25953774128,Create Releases,Check for Publish preview build to pypi-weekly,completed,skipped,2026-05-16T05:22:42Z,2026-05-16T05:22:42Z,0,9c1c8cf2159e7ad25228a10f6b9486cdd6dff37b
76296388149,25953762221,Create Releases,Check for Publish preview build to pypi-weekly,completed,skipped,2026-05-16T05:22:06Z,2026-05-16T05:22:06Z,0,c7fe950317063ea49da9bd7b5ecd3bc14df17994
76295518932,25953243134,Create Releases,Check for Publish preview build to pypi-weekly,completed,skipped,2026-05-16T05:06:45Z,2026-05-16T05:06:45Z,0,b9b5c9374ab5f72eb8a82964550aabcb0206c5b1
76266872055,25943639445,Create Releases,Check for Publish preview build to pypi-weekly,completed,skipped,2026-05-15T22:05:10Z,2026-05-15T22:05:09Z,-1,7cfe8dc19d2d16d9e636f8af54a2e51f08f3654c
76266845188,25943630799,Create Releases,Check for Publish preview build to pypi-weekly,completed,skipped,2026-05-15T22:04:54Z,2026-05-15T22:04:54Z,0,c74034974b74587fbb25bf0f5b1bd41a79d15dfa
76265193123,25943116637,Create Releases,Check for Publish preview build to pypi-weekly,completed,skipped,2026-05-15T21:50:13Z,2026-05-15T21:50:13Z,0,8f6e7d476d74281e11091bfb3e458db59ea33d19
76264787608,25942990958,Create Releases,Check for Publish preview build to pypi-weekly,completed,skipped,2026-05-15T21:46:50Z,2026-05-15T21:46:50Z,0,c98e99b95bdae0aa37496abd55ded7858f846837
76263330566,25942538452,Create Releases,Check for Publish preview build to pypi-weekly,completed,skipped,2026-05-15T21:34:53Z,2026-05-15T21:34:53Z,0,5683835507b184b447d59ae0b2b5ccbabac101c9
76239108513,25934709630,Create Releases,Check for Publish preview build to pypi-weekly,completed,skipped,2026-05-15T18:45:19Z,2026-05-15T18:45:19Z,0,46726814f157edaa9f3ee0fc83447c8bd7a4e490
76237196097,25934696655,Create Releases,Check for Publish preview build to pypi-weekly,completed,cancelled,2026-05-15T18:33:08Z,2026-05-15T18:33:08Z,0,0b35098718b7f7869a128e31941c8bf168fdefb4
76237011002,25934693749,Create Releases,Check for Publish preview build to pypi-weekly,completed,skipped,2026-05-15T18:31:58Z,2026-05-15T18:31:57Z,-1,e196a752f2557fcd0ab834c0c31e7666358bd6e7
76238395976,25934555586,Create Releases,Check for Publish preview build to pypi-weekly,completed,skipped,2026-05-15T18:40:44Z,2026-05-15T18:40:44Z,0,f639a2dd9126829459c1fc32336361b7dee0e61e
76238415644,25934526032,Create Releases,Check for Publish preview build to pypi-weekly,completed,skipped,2026-05-15T18:40:52Z,2026-05-15T18:40:52Z,0,6ba65a1901abacbabbe0391d73ecabefca10f7e2
76229977689,25932620372,Create Releases,Check for Publish preview build to pypi-weekly,completed,skipped,2026-05-15T17:45:58Z,2026-05-15T17:45:58Z,0,d6271cae8e88f43ee48523304b333722e5e26316
76229755319,25932552909,Create Releases,Check for Publish preview build to pypi-weekly,completed,skipped,2026-05-15T17:44:32Z,2026-05-15T17:44:32Z,0,7e56e9efe84ad7ed968c5617b1fda93961b3ff49
76225824306,25931379267,Create Releases,Check for Publish preview build to pypi-weekly,completed,skipped,2026-05-15T17:19:03Z,2026-05-15T17:19:03Z,0,d62e873e4a7017596d8a3e2b2b1c5c9217195bbe
76225539767,25931294872,Create Releases,Check for Publish preview build to pypi-weekly,completed,skipped,2026-05-15T17:17:11Z,2026-05-15T17:17:10Z,-1,bc099598efb1aced91c191f805e56496db1dc242
76222681190,25930449059,Create Releases,Check for Publish preview build to pypi-weekly,completed,skipped,2026-05-15T16:58:26Z,2026-05-15T16:58:26Z,0,656c51bd965950c9d97d811d8de603edcb1b7109
76224859413,25930407030,Create Releases,Check for Publish preview build to pypi-weekly,completed,skipped,2026-05-15T17:12:41Z,2026-05-15T17:12:40Z,-1,81d4117bb3ea768282bbfecceede65275b3f7eef
76220926203,25929321918,Create Releases,Check for Publish preview build to pypi-weekly,completed,skipped,2026-05-15T16:47:10Z,2026-05-15T16:47:10Z,0,81d4117bb3ea768282bbfecceede65275b3f7eef
76198386705,25923480937,Create Releases,Check for Publish preview build to pypi-weekly,completed,skipped,2026-05-15T14:32:33Z,2026-05-15T14:32:33Z,0,8880bc715be0d4970486d9149fc02e1477431ce6
76197945985,25923354496,Create Releases,Check for Publish preview build to pypi-weekly,completed,skipped,2026-05-15T14:30:00Z,2026-05-15T14:30:00Z,0,1a534d4e5f316ab4606939e384ca74f49be82b8a
76194982652,25922515854,Create Releases,Check for Publish preview build to pypi-weekly,completed,skipped,2026-05-15T14:12:27Z,2026-05-15T14:12:26Z,-1,70deebc01ef33f3dac9376659115b216166ad178
76181698224,25918146655,Create Releases,Check for Publish preview build to pypi-weekly,completed,skipped,2026-05-15T12:49:37Z,2026-05-15T12:49:37Z,0,d3d71f1c8c8c4d16bf41847b45c99ce4aa0def63
76177053882,25917308415,Create Releases,Check for Publish preview build to pypi-weekly,completed,skipped,2026-05-15T12:16:57Z,2026-05-15T12:16:56Z,-1,8b0aa049cd8c05fd6eae293c7aa31da8db1f185d
76175209030,25916759490,Create Releases,Check for Publish preview build to pypi-weekly,completed,skipped,2026-05-15T12:03:03Z,2026-05-15T12:03:03Z,0,48a65488ac0bf27c2f88bca2ffe8e99f36f03f77
76174864908,25916657729,Create Releases,Check for Publish preview build to pypi-weekly,completed,skipped,2026-05-15T12:00:26Z,2026-05-15T12:00:25Z,-1,48a65488ac0bf27c2f88bca2ffe8e99f36f03f77
76174542058,25916561206,Create Releases,Check for Publish preview build to pypi-weekly,completed,skipped,2026-05-15T11:58:00Z,2026-05-15T11:58:00Z,0,031b3052a7c6a7d6e54483faf6944d3211a77cc4
76173897861,25915879967,Create Releases,Check for Publish preview build to pypi-weekly,completed,success,2026-05-15T11:53:03Z,2026-05-15T11:53:06Z,3,800c2932274c580831485de73f4dad624af194e3
76173426432,25915611172,Create Releases,Check for Publish preview build to pypi-weekly,completed,skipped,2026-05-15T11:49:20Z,2026-05-15T11:49:20Z,0,3141cc8ae23c398c655272662a156e370fb3be9c
76171466245,25915288154,Create Releases,Check for Publish preview build to pypi-weekly,completed,cancelled,2026-05-15T11:34:16Z,2026-05-15T11:34:15Z,-1,e748a380a9a1f4b374f5a51e81c9061bc6b495ba
76170870009,25914879752,Create Releases,Check for Publish preview build to pypi-weekly,completed,skipped,2026-05-15T11:29:40Z,2026-05-15T11:29:40Z,0,800c2932274c580831485de73f4dad624af194e3
76167820956,25914545333,Create Releases,Check for Publish preview build to pypi-weekly,completed,skipped,2026-05-15T11:06:03Z,2026-05-15T11:06:03Z,0,c8ca83acfd0c095df3c1e7d80d0074a0c9916629
76159247621,25911494502,Create Releases,Check for Publish preview build to pypi-weekly,completed,skipped,2026-05-15T10:02:07Z,2026-05-15T10:02:07Z,0,1536a43206ecbc715002251f3aeb9c3da7d59d77
76157234694,25911418051,Create Releases,Check for Publish preview build to pypi-weekly,completed,skipped,2026-05-15T09:47:53Z,2026-05-15T09:47:53Z,0,b792fa7553f45a3117588935887c8b4ed1404451
76150949633,25909562194,Create Releases,Check for Publish preview build to pypi-weekly,completed,skipped,2026-05-15T09:02:57Z,2026-05-15T09:02:57Z,0,15ab23603577815da8d897a175c18c0eba1e41cd
76150287776,25909368342,Create Releases,Check for Publish preview build to pypi-weekly,completed,skipped,2026-05-15T08:58:14Z,2026-05-15T08:58:13Z,-1,1a3943676302a8e6ab8796234ca59b01d989b442
76146769835,25908302565,Create Releases,Check for Publish preview build to pypi-weekly,completed,skipped,2026-05-15T08:31:53Z,2026-05-15T08:31:52Z,-1,910229adc9fd8df05d73b4c6d6cb5d249d3e6bad
76147046770,25907874217,Create Releases,Check for Publish preview build to pypi-weekly,completed,skipped,2026-05-15T08:34:00Z,2026-05-15T08:34:00Z,0,c1be1865592134a3b35c6fd2355dc871f2b441a4
76145372002,25907813940,Create Releases,Check for Publish preview build to pypi-weekly,completed,cancelled,2026-05-15T08:21:06Z,2026-05-15T08:21:06Z,0,ec784aabd550903f59c8b6591688a344bbf4d2ee
76145215253,25907709007,Create Releases,Check for Publish preview build to pypi-weekly,completed,cancelled,2026-05-15T08:19:52Z,2026-05-15T08:19:51Z,-1,64182cf38226cc697c8ad54e466c0363f519cf7e
76144882160,25907498841,Create Releases,Check for Publish preview build to pypi-weekly,completed,cancelled,2026-05-15T08:17:13Z,2026-05-15T08:17:03Z,-10,657e9a1b3e6d124d2e9d46d40a3be551fcff90f5
76144627991,25907351383,Create Releases,Check for Publish preview build to pypi-weekly,completed,cancelled,2026-05-15T08:15:46Z,2026-05-15T08:11:46Z,-240,09a22193b9a207c23a31d93e6f79b5234118ef08
76144433257,25907220340,Create Releases,Check for Publish preview build to pypi-weekly,completed,cancelled,2026-05-15T08:14:44Z,2026-05-15T08:06:32Z,-492,6e319617cd193818548242e072ebb277129fc309
76144229097,25907198290,Create Releases,Check for Publish preview build to pypi-weekly,completed,skipped,2026-05-15T08:13:44Z,2026-05-15T08:03:19Z,-625,67b71d21e679aba5982d9d3f13530b804c3f6526
76140004015,25906067491,Create Releases,Check for Publish preview build to pypi-weekly,completed,skipped,2026-05-15T07:29:11Z,2026-05-15T07:29:11Z,0,a36cea3a03ef7cd3bac94a6a620f4bc1e3809d70
76124632352,25900798587,Create Releases,Check for Publish preview build to pypi-weekly,completed,skipped,2026-05-15T04:59:54Z,2026-05-15T04:59:54Z,0,b20ac0c84506037ce3bdc88e8b093a3c70bf9e30
76121810758,25900219293,Create Releases,Check for Publish preview build to pypi-weekly,completed,skipped,2026-05-15T04:27:25Z,2026-05-15T04:27:25Z,0,be1989a09db33d3ceb12e6f896e4a45e17eda495
76118641541,25899152321,Create Releases,Check for Publish preview build to pypi-weekly,completed,skipped,2026-05-15T03:48:36Z,2026-05-15T03:48:36Z,0,8312b0a2b9e401aa06daabed89c25f543852d8db
77075166353,25891187343,Create Releases,Check for Publish preview build to pypi-weekly,completed,skipped,2026-05-20T23:28:17Z,2026-05-20T23:28:17Z,0,89d85ddb89db26dd581077084f017caaae38a207
76052453060,25877896848,Create Releases,Check for Publish preview build to pypi-weekly,completed,skipped,2026-05-14T18:43:08Z,2026-05-14T18:43:07Z,-1,c9ed1da6946a045c3e34aa69ad19a00b7caa891d
76048412966,25876819404,Create Releases,Check for Publish preview build to pypi-weekly,completed,skipped,2026-05-14T18:20:07Z,2026-05-14T18:20:07Z,0,1f9dd99064024fcfc919904b4e00002d0e1d0194
76047218921,25876475945,Create Releases,Check for Publish preview build to pypi-weekly,completed,skipped,2026-05-14T18:12:57Z,2026-05-14T18:12:57Z,0,619cbbc02e97372d83a2f0ca75d8800b14907a3a
76043967413,25876205061,Create Releases,Check for Publish preview build to pypi-weekly,completed,skipped,2026-05-14T17:54:12Z,2026-05-14T17:54:12Z,0,cd6b5f8d8d2c2f76376beeadb4079cb8b051872b
76046367583,25875181405,Create Releases,Check for Publish preview build to pypi-weekly,completed,skipped,2026-05-14T18:08:05Z,2026-05-14T18:08:04Z,-1,69c96a21a0702d4cb71e58a08b02dbecfc9fe868
76040288233,25875153847,Create Releases,Check for Publish preview build to pypi-weekly,completed,skipped,2026-05-14T17:32:45Z,2026-05-14T17:32:44Z,-1,b9eace2cc198f384ea874ad0fe88e39893b278a3
76039503527,25874929384,Create Releases,Check for Publish preview build to pypi-weekly,completed,skipped,2026-05-14T17:28:16Z,2026-05-14T17:28:16Z,0,e4f64a3e0b496a3f867210687667a3b30a390c92
76036425419,25874038117,Create Releases,Check for Publish preview build to pypi-weekly,completed,skipped,2026-05-14T17:10:18Z,2026-05-14T17:10:17Z,-1,e31fc588968383379af3a1620b8d539a77fd2ef6
76023291429,25869549372,Create Releases,Check for Publish preview build to pypi-weekly,completed,skipped,2026-05-14T15:55:14Z,2026-05-14T15:55:14Z,0,c48c16f26eebe82aaedb5ee551d4ead85a13ab64
76001351883,25863496686,Create Releases,Check for Publish preview build to pypi-weekly,completed,skipped,2026-05-14T13:55:58Z,2026-05-14T13:55:58Z,0,e90bd41d593abc4b061a297f284be5e4a53110e6
75982635924,25858634769,Create Releases,Check for Publish preview build to pypi-weekly,completed,skipped,2026-05-14T11:55:22Z,2026-05-14T11:55:21Z,-1,821d51b4fc2433ae1e763fbd64c16e38376a7066
75979631742,25857728202,Create Releases,Check for Publish preview build to pypi-weekly,completed,skipped,2026-05-14T11:32:37Z,2026-05-14T11:32:37Z,0,959239c4d16db979d7a96eacf378fc37fc6ebed3
75979531425,25857699191,Create Releases,Check for Publish preview build to pypi-weekly,completed,skipped,2026-05-14T11:31:51Z,2026-05-14T11:31:51Z,0,9be748ee50a8b111523cb8776e5d6aae9504a7cd
75978934116,25857517328,Create Releases,Check for Publish preview build to pypi-weekly,completed,skipped,2026-05-14T11:27:18Z,2026-05-14T11:27:18Z,0,db43da92cec3d3e43190126efefe988d611895b8
75978827151,25857484572,Create Releases,Check for Publish preview build to pypi-weekly,completed,skipped,2026-05-14T11:26:29Z,2026-05-14T11:26:29Z,0,73019917ab35757fe13d689063a0b155bc8861c1
75975701043,25856542507,Create Releases,Check for Publish preview build to pypi-weekly,completed,skipped,2026-05-14T11:03:06Z,2026-05-14T11:03:06Z,0,7e8b4340c972b21ceae6a70c023d3eda80c5d6e9
75974057018,25856053360,Create Releases,Check for Publish preview build to pypi-weekly,completed,skipped,2026-05-14T10:51:23Z,2026-05-14T10:51:22Z,-1,ba3cb218666f450dbb188c8c62e6738fa986c6af
75973693853,25855945571,Create Releases,Check for Publish preview build to pypi-weekly,completed,skipped,2026-05-14T10:48:47Z,2026-05-14T10:48:46Z,-1,20005c454083859e15269577706b547fb6754072
75972974162,25855730163,Create Releases,Check for Publish preview build to pypi-weekly,completed,skipped,2026-05-14T10:43:33Z,2026-05-14T10:43:33Z,0,910229adc9fd8df05d73b4c6d6cb5d249d3e6bad
75966797850,25853891131,Create Releases,Check for Publish preview build to pypi-weekly,completed,skipped,2026-05-14T09:58:41Z,2026-05-14T09:58:41Z,0,50a8cf72d51872a5acfb24abd6181f1838fe1b0c
75961782555,25852371814,Create Releases,Check for Publish preview build to pypi-weekly,completed,skipped,2026-05-14T09:22:40Z,2026-05-14T09:22:40Z,0,bb60acc3654fa8504929a1e1ed68914ac49357b8
75960889842,25852105184,Create Releases,Check for Publish preview build to pypi-weekly,completed,skipped,2026-05-14T09:16:16Z,2026-05-14T09:16:16Z,0,c57a06bc65c6c823420849484311bfaf31868a8b
75957710881,25851143599,Create Releases,Check for Publish preview build to pypi-weekly,completed,skipped,2026-05-14T08:53:47Z,2026-05-14T08:53:47Z,0,c96821b2174c575be1c38b07a9f296ec515a69a1
75956526479,25850784545,Create Releases,Check for Publish preview build to pypi-weekly,completed,skipped,2026-05-14T08:44:59Z,2026-05-14T08:44:59Z,0,29aa116a6a497ecff6142e9877e68d079f002037
75955947827,25850609157,Create Releases,Check for Publish preview build to pypi-weekly,completed,skipped,2026-05-14T08:40:36Z,2026-05-14T08:40:35Z,-1,8ff340561fbe1e178302ce869433f1cf0fd6c5a0
75955546956,25850483898,Create Releases,Check for Publish preview build to pypi-weekly,completed,skipped,2026-05-14T08:37:34Z,2026-05-14T08:37:34Z,0,3a6f086495f96b544deffc98dcd000e443423d74
75953708051,25849917413,Create Releases,Check for Publish preview build to pypi-weekly,completed,skipped,2026-05-14T08:23:45Z,2026-05-14T08:23:45Z,0,46c16fec6c867681af1311f88148a604b4864c74
75953498262,25849851876,Create Releases,Check for Publish preview build to pypi-weekly,completed,skipped,2026-05-14T08:22:09Z,2026-05-14T08:22:09Z,0,3a6f086495f96b544deffc98dcd000e443423d74
75953203237,25849760140,Create Releases,Check for Publish preview build to pypi-weekly,completed,skipped,2026-05-14T08:19:54Z,2026-05-14T08:19:54Z,0,195d3dce869ff50eee483638763a0afdcd17cd48
75953374340,25849327429,Create Releases,Check for Publish preview build to pypi-weekly,completed,skipped,2026-05-14T08:21:11Z,2026-05-14T08:21:11Z,0,7c121cf7cb65b3217e02a641c20c5925006576d5
75951201483,25848615494,Create Releases,Check for Publish preview build to pypi-weekly,completed,skipped,2026-05-14T08:04:11Z,2026-05-14T08:04:11Z,0,185bf84c4fd784ab9cb2caaaa8584b9c0299660a
75947173640,25847879655,Create Releases,Check for Publish preview build to pypi-weekly,completed,skipped,2026-05-14T07:31:22Z,2026-05-14T07:31:21Z,-1,7b0d80046140b009462a17801fe970c2b2d0de7d
75946609478,25847701778,Create Releases,Check for Publish preview build to pypi-weekly,completed,skipped,2026-05-14T07:26:40Z,2026-05-14T07:26:40Z,0,96604d8738ac8d10a00264a9c7b240f5f4726f2c
75946607473,25847701113,Create Releases,Check for Publish preview build to pypi-weekly,completed,skipped,2026-05-14T07:26:39Z,2026-05-14T07:26:39Z,0,96604d8738ac8d10a00264a9c7b240f5f4726f2c
76436266197,25845304457,Create Releases,Check for Publish preview build to pypi-weekly,completed,skipped,2026-05-17T23:14:09Z,2026-05-17T23:14:08Z,-1,220a214adaa59e2ec08e8172953bba7eab05dd88
75945630323,25845041034,Create Releases,Check for Publish preview build to pypi-weekly,completed,skipped,2026-05-14T07:18:23Z,2026-05-14T07:18:23Z,0,847c6579edbfa0e58cc67aa39e34cc8e8ad8a2ec
75936245052,25844381858,Create Releases,Check for Publish preview build to pypi-weekly,completed,skipped,2026-05-14T05:53:54Z,2026-05-14T05:53:54Z,0,b412be91a2da369b9f5027510ee2250c98f4977d
76042881927,25843856751,Create Releases,Check for Publish preview build to pypi-weekly,completed,skipped,2026-05-14T17:47:54Z,2026-05-14T17:47:53Z,-1,6a6349b8809c385ed9f2fb91d96cc14ba2a1da02
75935818687,25843834771,Create Releases,Check for Publish preview build to pypi-weekly,completed,skipped,2026-05-14T05:49:48Z,2026-05-14T05:49:48Z,0,686fb19b80aefd310b365644236ae854ef740a58
75933818422,25843607082,Create Releases,Check for Publish preview build to pypi-weekly,completed,skipped,2026-05-14T05:30:03Z,2026-05-14T05:30:03Z,0,8e9dc5dbc9193b731791e9aed89601bd6f736223
75933763487,25843589060,Create Releases,Check for Publish preview build to pypi-weekly,completed,skipped,2026-05-14T05:29:29Z,2026-05-14T05:29:29Z,0,ec2534aed0f4f2ed1658fd77423bde8fcf7a0c92
75933742309,25843581395,Create Releases,Check for Publish preview build to pypi-weekly,completed,skipped,2026-05-14T05:29:16Z,2026-05-14T05:29:16Z,0,9940a60a8efa91b67177183d28d2cae81742b4c5
75934533899,25843408648,Create Releases,Check for Publish preview build to pypi-weekly,completed,cancelled,2026-05-14T05:37:11Z,2026-05-14T05:37:11Z,0,42c047662d5139bb3c563450b65434d92cf9cf02
75932791533,25843260555,Create Releases,Check for Publish preview build to pypi-weekly,completed,skipped,2026-05-14T05:19:29Z,2026-05-14T05:19:29Z,0,9940a60a8efa91b67177183d28d2cae81742b4c5
75933930250,25843195290,Create Releases,Check for Publish preview build to pypi-weekly,completed,skipped,2026-05-14T05:31:07Z,2026-05-14T05:31:07Z,0,b8cd7f684bd026f3d1265796403dafe4bce05ac6
75932111264,25843032589,Create Releases,Check for Publish preview build to pypi-weekly,completed,skipped,2026-05-14T05:12:24Z,2026-05-14T05:12:24Z,0,00c631232956e0a5d59ed37654843006bfbecb6d
75932626759,25843023132,Create Releases,Check for Publish preview build to pypi-weekly,completed,cancelled,2026-05-14T05:17:47Z,2026-05-14T05:17:47Z,0,b8cd7f684bd026f3d1265796403dafe4bce05ac6
75930026619,25841922528,Create Releases,Check for Publish preview build to pypi-weekly,completed,skipped,2026-05-14T04:48:46Z,2026-05-14T04:48:46Z,0,9eb3f61248242d4ede5b310890b9c6366255f5ec
75929701998,25841260911,Create Releases,Check for Publish preview build to pypi-weekly,completed,skipped,2026-05-14T04:45:16Z,2026-05-14T04:45:15Z,-1,c7027a8ab99d923f49feba23d2dd1b9c64a29b89
75926834678,25840856254,Create Releases,Check for Publish preview build to pypi-weekly,completed,skipped,2026-05-14T04:13:58Z,2026-05-14T04:13:58Z,0,f2a83da0c23c98a73a2881e3cb64320dc4baca56
75925688655,25840828465,Create Releases,Check for Publish preview build to pypi-weekly,completed,cancelled,2026-05-14T04:00:48Z,2026-05-14T04:00:48Z,0,f2a83da0c23c98a73a2881e3cb64320dc4baca56
75924939314,25840609266,Create Releases,Check for Publish preview build to pypi-weekly,completed,skipped,2026-05-14T03:52:12Z,2026-05-14T03:52:12Z,0,b8d918d42b86376aca529797cd369e8604058491
75921676252,25838735313,Create Releases,Check for Publish preview build to pypi-weekly,completed,skipped,2026-05-14T03:15:39Z,2026-05-14T03:15:38Z,-1,7cde2b9e0ffda9ffe050a43b83eabf02cf7979a2
75918039937,25838315619,Create Releases,Check for Publish preview build to pypi-weekly,completed,skipped,2026-05-14T02:35:49Z,2026-05-14T02:35:48Z,-1,756b2a778a1d3b677e856e8dd627b401416c0e41
75915930171,25836686835,Create Releases,Check for Publish preview build to pypi-weekly,completed,skipped,2026-05-14T02:12:30Z,2026-05-14T02:12:30Z,0,ab8ad54f70c45452a6118f245e97805c64fffe81
75915073493,25836378249,Create Releases,Check for Publish preview build to pypi-weekly,completed,skipped,2026-05-14T02:03:22Z,2026-05-14T02:03:21Z,-1,c7027a8ab99d923f49feba23d2dd1b9c64a29b89
75903928631,25833666315,Create Releases,Check for Publish preview build to pypi-weekly,completed,skipped,2026-05-14T00:07:08Z,2026-05-14T00:07:07Z,-1,804d90157b540333659bbf3fa9af58d0c65fcb2d
75901687380,25832930784,Create Releases,Check for Publish preview build to pypi-weekly,completed,skipped,2026-05-13T23:45:11Z,2026-05-13T23:45:10Z,-1,23e6c29d62b805aafecb972a7cc31fa0790c5009
75901302786,25832802041,Create Releases,Check for Publish preview build to pypi-weekly,completed,skipped,2026-05-13T23:41:27Z,2026-05-13T23:41:26Z,-1,b75d81962e1ab3ace71d551279655d9405fda82c
75901087531,25832731361,Create Releases,Check for Publish preview build to pypi-weekly,completed,skipped,2026-05-13T23:39:21Z,2026-05-13T23:39:21Z,0,158290987fb0beaaa727a18c49e5b128a41a8d93
75895723800,25831016437,Create Releases,Check for Publish preview build to pypi-weekly,completed,skipped,2026-05-13T22:51:55Z,2026-05-13T22:51:55Z,0,6b814cd4bdd28e819f27a3de6621b7863fba217e
75895424003,25830923218,Create Releases,Check for Publish preview build to pypi-weekly,completed,skipped,2026-05-13T22:49:31Z,2026-05-13T22:49:30Z,-1,7c53e272d4562274df7f300f423845a8840bba82
75895369374,25830906874,Create Releases,Check for Publish preview build to pypi-weekly,completed,skipped,2026-05-13T22:49:03Z,2026-05-13T22:49:03Z,0,9913a85cbf9893ab8ec017d1520d96ba1b6e884a
75871208419,25823684382,Create Releases,Check for Publish preview build to pypi-weekly,completed,skipped,2026-05-13T20:10:44Z,2026-05-13T20:10:44Z,0,a4beff1e802b0bb5577e75271917222ba1bb2869
75869245678,25823113437,Create Releases,Check for Publish preview build to pypi-weekly,completed,skipped,2026-05-13T19:59:24Z,2026-05-13T19:59:23Z,-1,b04593d556b9b9d8a224c61275bc60289adb78aa
75930819155,25815847936,Create Releases,Check for Publish preview build to pypi-weekly,completed,skipped,2026-05-14T04:57:59Z,2026-05-14T04:57:58Z,-1,cc02bc7b88892560fb71fbe632a745b459a4422a
75849310323,25815513733,Create Releases,Check for Publish preview build to pypi-weekly,completed,skipped,2026-05-13T18:06:24Z,2026-05-13T18:06:24Z,0,1deca92363db01b1086971fea00ed12198934b9e
75842452611,25815400964,Create Releases,Check for Publish preview build to pypi-weekly,completed,skipped,2026-05-13T17:28:13Z,2026-05-13T17:28:13Z,0,cdb11a9b45ef75ed1e164fc182d686f9c1249b77
75842386059,25815248705,Create Releases,Check for Publish preview build to pypi-weekly,completed,skipped,2026-05-13T17:27:50Z,2026-05-13T17:27:50Z,0,f918317cbfe42534d6b1c9545185a2b9c31211bb
75847376079,25814977523,Create Releases,Check for Publish preview build to pypi-weekly,completed,skipped,2026-05-13T17:55:39Z,2026-05-13T17:55:38Z,-1,fc131ecf091e8a35a07f81906f83c4829ef21140
75841126820,25814918551,Create Releases,Check for Publish preview build to pypi-weekly,completed,cancelled,2026-05-13T17:20:47Z,2026-05-13T17:20:47Z,0,fc131ecf091e8a35a07f81906f83c4829ef21140
75844482337,25814308083,Create Releases,Check for Publish preview build to pypi-weekly,completed,skipped,2026-05-13T17:39:42Z,2026-05-13T17:39:42Z,0,4d25bf19e5a212890efcb835f9e67d57ad6c6d36
75841258114,25813790660,Create Releases,Check for Publish preview build to pypi-weekly,completed,skipped,2026-05-13T17:21:31Z,2026-05-13T17:21:30Z,-1,4668f9b74297852628b48d9e27f213e40910296b
75804427680,25804805207,Create Releases,Check for Publish preview build to pypi-weekly,completed,skipped,2026-05-13T14:14:53Z,2026-05-13T14:14:53Z,0,29d46ab6e8eec4b8f09115aa068218368c4901de
75808753983,25804139290,Create Releases,Check for Publish preview build to pypi-weekly,completed,skipped,2026-05-13T14:35:36Z,2026-05-13T14:35:36Z,0,4ee00680809ce7d5a3450ec307ffdcdc78aa71d8
75806426765,25803565778,Create Releases,Check for Publish preview build to pypi-weekly,completed,skipped,2026-05-13T14:24:26Z,2026-05-13T14:24:26Z,0,d12da7377b89fe23238eda5f117ed975b3b81188
75806633771,25803498636,Create Releases,Check for Publish preview build to pypi-weekly,completed,skipped,2026-05-13T14:25:26Z,2026-05-13T14:25:26Z,0,fc68af72f361b19ac6c43e5cf608afb3a2c23c4a
75797531834,25802892359,Create Releases,Check for Publish preview build to pypi-weekly,completed,skipped,2026-05-13T13:41:19Z,2026-05-13T13:41:19Z,0,14b59c412db6dcca36a4b73ef3111d54899ac339
75803550751,25802664987,Create Releases,Check for Publish preview build to pypi-weekly,completed,skipped,2026-05-13T14:10:33Z,2026-05-13T14:10:33Z,0,191b13bf25ab9d7631da2459b827dbe8dc1b3b89
75795026265,25800357034,Create Releases,Check for Publish preview build to pypi-weekly,completed,skipped,2026-05-13T13:28:47Z,2026-05-13T13:28:47Z,0,e08c328ece692dacb34975aae039378865592895
75788595482,25800349185,Create Releases,Check for Publish preview build to pypi-weekly,completed,cancelled,2026-05-13T12:54:53Z,2026-05-13T12:54:53Z,0,01a643c878f8daf9d6eaa424375cee53d1052a32
75786700079,25799886987,Create Releases,Check for Publish preview build to pypi-weekly,completed,skipped,2026-05-13T12:44:35Z,2026-05-13T12:44:34Z,-1,01a643c878f8daf9d6eaa424375cee53d1052a32
75790795528,25799208711,Create Releases,Check for Publish preview build to pypi-weekly,completed,skipped,2026-05-13T13:06:30Z,2026-05-13T13:06:30Z,0,9627f352de509686404391b3a3d27a9191cc1e21
75776340535,25796888067,Create Releases,Check for Publish preview build to pypi-weekly,completed,skipped,2026-05-13T11:42:14Z,2026-05-13T11:42:14Z,0,09e1d86c59ea1a5291ca812f6be030279a6ebc55
75752881581,25788368213,Create Releases,Check for Publish preview build to pypi-weekly,completed,skipped,2026-05-13T09:18:06Z,2026-05-13T09:18:06Z,0,cd5e40e005ad778cc15c4b427d2ba5e0150adc61
75743504810,25785426092,Create Releases,Check for Publish preview build to pypi-weekly,completed,skipped,2026-05-13T08:20:14Z,2026-05-13T08:20:13Z,-1,f1fd19ed1065072589147a7e03b2b80fc5a431cc
75742396763,25785289140,Create Releases,Check for Publish preview build to pypi-weekly,completed,skipped,2026-05-13T08:13:01Z,2026-05-13T08:13:01Z,0,e12c2e2092abf9f475a16d41452713803bd9dee4
75737721490,25784147561,Create Releases,Check for Publish preview build to pypi-weekly,completed,skipped,2026-05-13T07:41:31Z,2026-05-13T07:41:31Z,0,b787594e532421217dd7e3a580b72d376a62f0b3
75730726914,25783324937,Create Releases,Check for Publish preview build to pypi-weekly,completed,skipped,2026-05-13T06:51:07Z,2026-05-13T06:51:07Z,0,e1c33bd4e9e5c56d621ad745544d502de7a0bf3b
75730652613,25783301404,Create Releases,Check for Publish preview build to pypi-weekly,completed,skipped,2026-05-13T06:50:32Z,2026-05-13T06:50:32Z,0,f07d4b0c59318c103f080e893112a8eb918b8864
75738498484,25783280763,Create Releases,Check for Publish preview build to pypi-weekly,completed,cancelled,2026-05-13T07:46:55Z,2026-05-13T07:46:55Z,0,feccca88eb9a716c18359616eb3530a18630650e
75729944803,25783073467,Create Releases,Check for Publish preview build to pypi-weekly,completed,skipped,2026-05-13T06:44:49Z,2026-05-13T06:44:49Z,0,feccca88eb9a716c18359616eb3530a18630650e
75729942640,25783047631,Create Releases,Check for Publish preview build to pypi-weekly,completed,skipped,2026-05-13T06:44:48Z,2026-05-13T06:44:48Z,0,feccca88eb9a716c18359616eb3530a18630650e
75728152255,25781302762,Create Releases,Check for Publish preview build to pypi-weekly,completed,skipped,2026-05-13T06:30:17Z,2026-05-13T06:30:17Z,0,cd5e40e005ad778cc15c4b427d2ba5e0150adc61
75718781357,25779465654,Create Releases,Check for Publish preview build to pypi-weekly,completed,skipped,2026-05-13T05:04:16Z,2026-05-13T05:04:16Z,0,c8197a8ddd50c2266a6e4857014270d9f1212adf
75717778308,25779114236,Create Releases,Check for Publish preview build to pypi-weekly,completed,skipped,2026-05-13T04:53:24Z,2026-05-13T04:53:24Z,0,bbea7c6bae5f0ea751c1f234fc8617e74506ee57
75720440223,25779097600,Create Releases,Check for Publish preview build to pypi-weekly,completed,skipped,2026-05-13T05:21:20Z,2026-05-13T05:21:20Z,0,39677cb4b49256aadaea067036479324dbe14aed
75716597691,25778707192,Create Releases,Check for Publish preview build to pypi-weekly,completed,skipped,2026-05-13T04:40:45Z,2026-05-13T04:40:45Z,0,f0064d407fb63ec01892254ae97d9520caae500e
76327870066,25777877678,Create Releases,Check for Publish preview build to pypi-weekly,completed,skipped,2026-05-16T15:13:46Z,2026-05-16T15:13:45Z,-1,08eb6b0c2e4263700c93b11c277b4a530e1ade0d
75716987164,25777839466,Create Releases,Check for Publish preview build to pypi-weekly,completed,skipped,2026-05-13T04:44:50Z,2026-05-13T04:44:50Z,0,3702b5c7064d942123e02fdf6538a2a99367f90c
75712935285,25777451598,Create Releases,Check for Publish preview build to pypi-weekly,completed,skipped,2026-05-13T04:01:09Z,2026-05-13T04:01:09Z,0,8b0b8340bb9ccec90f317265c577085be7bf1ad9
75711143744,25776827556,Create Releases,Check for Publish preview build to pypi-weekly,completed,skipped,2026-05-13T03:40:51Z,2026-05-13T03:40:51Z,0,fa81b8439e265262b9e7dfbbe0089fd423812209
75711054437,25776797005,Create Releases,Check for Publish preview build to pypi-weekly,completed,skipped,2026-05-13T03:39:53Z,2026-05-13T03:39:53Z,0,a7c3217224cec027a41e6c222ae6d309a19a7351
75710998290,25776777645,Create Releases,Check for Publish preview build to pypi-weekly,completed,skipped,2026-05-13T03:39:13Z,2026-05-13T03:39:12Z,-1,a7c3217224cec027a41e6c222ae6d309a19a7351
75712650440,25776481457,Create Releases,Check for Publish preview build to pypi-weekly,completed,skipped,2026-05-13T03:57:58Z,2026-05-13T03:57:58Z,0,ca26374f63e4e63cb676049c5ac04566e2319d79
75710042938,25776457012,Create Releases,Check for Publish preview build to pypi-weekly,completed,skipped,2026-05-13T03:28:46Z,2026-05-13T03:28:46Z,0,12a3c7413b9da0f4f867a1f73b55b754671c6532
75709834020,25776392172,Create Releases,Check for Publish preview build to pypi-weekly,completed,skipped,2026-05-13T03:26:37Z,2026-05-13T03:26:37Z,0,c9d2666619a68a9cec92c172a1d1a78b1da12952
75709781927,25776375147,Create Releases,Check for Publish preview build to pypi-weekly,completed,skipped,2026-05-13T03:26:05Z,2026-05-13T03:26:05Z,0,12a3c7413b9da0f4f867a1f73b55b754671c6532
75710220587,25776358529,Create Releases,Check for Publish preview build to pypi-weekly,completed,cancelled,2026-05-13T03:30:29Z,2026-05-13T03:30:28Z,-1,e00b6f5bb87ecdf40ba724126a78e14dd6906744
75711950192,25776173836,Create Releases,Check for Publish preview build to pypi-weekly,completed,skipped,2026-05-13T03:50:05Z,2026-05-13T03:50:05Z,0,d5f44d3f3868e5a662cceeb9e301c6ab3a447136
75708473003,25775842403,Create Releases,Check for Publish preview build to pypi-weekly,completed,skipped,2026-05-13T03:12:31Z,2026-05-13T03:12:30Z,-1,8c74e762f494ff3ab16f44c6bd68e7a9546fc53b
75708120689,25775824064,Create Releases,Check for Publish preview build to pypi-weekly,completed,skipped,2026-05-13T03:08:53Z,2026-05-13T03:08:53Z,0,8c74e762f494ff3ab16f44c6bd68e7a9546fc53b
75708010790,25775787512,Create Releases,Check for Publish preview build to pypi-weekly,completed,skipped,2026-05-13T03:07:46Z,2026-05-13T03:07:46Z,0,8c74e762f494ff3ab16f44c6bd68e7a9546fc53b
75709759078,25775682592,Create Releases,Check for Publish preview build to pypi-weekly,completed,cancelled,2026-05-13T03:25:50Z,2026-05-13T03:25:49Z,-1,b4074dc4e3ac9a492244c53442e937c553d2ab6a
75710751983,25775673190,Create Releases,Check for Publish preview build to pypi-weekly,completed,skipped,2026-05-13T03:36:23Z,2026-05-13T03:36:22Z,-1,1d095c4860589de03b5ea1bc72ff2d3603e24e08
75709198700,25775661369,Create Releases,Check for Publish preview build to pypi-weekly,completed,cancelled,2026-05-13T03:20:00Z,2026-05-13T03:20:00Z,0,e92c96308d0fb17edcd87ab4dfbc0ffe4ab4efab
75707662567,25775297189,Create Releases,Check for Publish preview build to pypi-weekly,completed,cancelled,2026-05-13T03:04:10Z,2026-05-13T03:04:10Z,0,713aa999a469a3e84011be44b5197b2a872f80c6
75707952566,25774617987,Create Releases,Check for Publish preview build to pypi-weekly,completed,skipped,2026-05-13T03:07:10Z,2026-05-13T03:07:10Z,0,564b74c96fb70a91e7f67fd791a6409850c273fc
75703153554,25774123439,Create Releases,Check for Publish preview build to pypi-weekly,completed,skipped,2026-05-13T02:16:51Z,2026-05-13T02:16:51Z,0,713aa999a469a3e84011be44b5197b2a872f80c6
75702735256,25773979570,Create Releases,Check for Publish preview build to pypi-weekly,completed,skipped,2026-05-13T02:12:23Z,2026-05-13T02:12:22Z,-1,853ba4dd6a27a2704a28c991148e26a38d6f73e5
75702650204,25773950505,Create Releases,Check for Publish preview build to pypi-weekly,completed,skipped,2026-05-13T02:11:30Z,2026-05-13T02:11:30Z,0,9cde8d0d5f2185a04d5b3d9f32158b205956c2d0
75702549235,25773916944,Create Releases,Check for Publish preview build to pypi-weekly,completed,skipped,2026-05-13T02:10:28Z,2026-05-13T02:10:27Z,-1,b1052a6b6797091dd37a2b2af65838dacff5b210
75702500206,25773901399,Create Releases,Check for Publish preview build to pypi-weekly,completed,skipped,2026-05-13T02:10:01Z,2026-05-13T02:10:01Z,0,b1052a6b6797091dd37a2b2af65838dacff5b210
75703623940,25773357421,Create Releases,Check for Publish preview build to pypi-weekly,completed,skipped,2026-05-13T02:21:59Z,2026-05-13T02:21:59Z,0,dfce06ad64de14dad08b0d42f0310d57cb13af7d
75699936359,25773036846,Create Releases,Check for Publish preview build to pypi-weekly,completed,skipped,2026-05-13T01:44:29Z,2026-05-13T01:44:29Z,0,3fa1443ec63d47a083fdfb9228447d4dfbfa6b60
75699346141,25772837548,Create Releases,Check for Publish preview build to pypi-weekly,completed,skipped,2026-05-13T01:38:39Z,2026-05-13T01:38:39Z,0,3c405979d7438c26a089cd861e84ca898cb44e90
75699143234,25772768469,Create Releases,Check for Publish preview build to pypi-weekly,completed,skipped,2026-05-13T01:36:39Z,2026-05-13T01:36:38Z,-1,b41229be01c2897e603868da7c263dcb3f718353
75697743638,25772285484,Create Releases,Check for Publish preview build to pypi-weekly,completed,skipped,2026-05-13T01:22:40Z,2026-05-13T01:22:40Z,0,019e628542a6bf7306847bba129cfea8a12c7610
75697186325,25772091682,Create Releases,Check for Publish preview build to pypi-weekly,completed,skipped,2026-05-13T01:17:12Z,2026-05-13T01:17:12Z,0,f846e096c3cac12b4ba577794e6509b987486c80
75696584467,25771889725,Create Releases,Check for Publish preview build to pypi-weekly,completed,skipped,2026-05-13T01:11:06Z,2026-05-13T01:11:06Z,0,659aa44d1970e25669915bf9029a626f3d0615b5
75694167462,25771086730,Create Releases,Check for Publish preview build to pypi-weekly,completed,skipped,2026-05-13T00:47:36Z,2026-05-13T00:47:35Z,-1,e56b433b11aaa9889332983e6d87f7eea79942bf
75691837811,25770324639,Create Releases,Check for Publish preview build to pypi-weekly,completed,skipped,2026-05-13T00:25:40Z,2026-05-13T00:25:40Z,0,1dd664afb234d7e0f1e71c9d453dc857c6d9608d
75691666901,25770268993,Create Releases,Check for Publish preview build to pypi-weekly,completed,skipped,2026-05-13T00:24:01Z,2026-05-13T00:24:01Z,0,4901aa8e65f486ff9bc2dd84a68f5d34fd031cdd
75691382676,25770178984,Create Releases,Check for Publish preview build to pypi-weekly,completed,skipped,2026-05-13T00:21:21Z,2026-05-13T00:21:21Z,0,c25e459e585ca43c97ff7d0fdcfd0a30b083ccb5
75689806602,25769660285,Create Releases,Check for Publish preview build to pypi-weekly,completed,skipped,2026-05-13T00:06:09Z,2026-05-13T00:06:09Z,0,4c271187a938f49cf1d88812872c206118f6b6dd
75689794417,25769656017,Create Releases,Check for Publish preview build to pypi-weekly,completed,skipped,2026-05-13T00:06:02Z,2026-05-13T00:06:02Z,0,4c271187a938f49cf1d88812872c206118f6b6dd
75686659974,25766951359,Create Releases,Check for Publish preview build to pypi-weekly,completed,skipped,2026-05-12T23:37:07Z,2026-05-12T23:37:06Z,-1,f926eb27522a5e06a4971d2ca9d6f50149e74ed4
75672413661,25764106007,Create Releases,Check for Publish preview build to pypi-weekly,completed,skipped,2026-05-12T21:46:08Z,2026-05-12T21:46:08Z,0,08780259456110cc4ede94cda26bc30bb1784a1e
75657809595,25759830550,Create Releases,Check for Publish preview build to pypi-weekly,completed,skipped,2026-05-12T20:19:03Z,2026-05-12T20:19:03Z,0,312a0da653d00c0f979444c0772fc2186c618953
75657058858,25759611442,Create Releases,Check for Publish preview build to pypi-weekly,completed,skipped,2026-05-12T20:14:36Z,2026-05-12T20:14:36Z,0,46ac9c88d59e24d53c9aa96e2843e532c2fec610
75656441922,25759432565,Create Releases,Check for Publish preview build to pypi-weekly,completed,skipped,2026-05-12T20:11:03Z,2026-05-12T20:11:03Z,0,57a1f072e1b8f10fb7e4ed38a93bed34c87883c7
75654385911,25758835758,Create Releases,Check for Publish preview build to pypi-weekly,completed,skipped,2026-05-12T19:59:25Z,2026-05-12T19:59:25Z,0,ef70dbb79d676c9c89e31d8982245e2db117e784
75655645955,25757685136,Create Releases,Check for Publish preview build to pypi-weekly,completed,skipped,2026-05-12T20:06:28Z,2026-05-12T20:06:28Z,0,db5acfa89b5a2756d5cf643a57d12632d28c5410
75656817340,25757608014,Create Releases,Check for Publish preview build to pypi-weekly,completed,skipped,2026-05-12T20:13:10Z,2026-05-12T20:13:10Z,0,59db2898d3d2fd263b872b7e23e41f8f1d4eb993
75652679876,25756318640,Create Releases,Check for Publish preview build to pypi-weekly,completed,skipped,2026-05-12T19:49:43Z,2026-05-12T19:49:43Z,0,d74f206c72b75f8025aa75456a188d238564b10a
75645785421,25755634989,Create Releases,Check for Publish preview build to pypi-weekly,completed,cancelled,2026-05-12T19:10:37Z,2026-05-12T19:10:36Z,-1,4da22aa8c80e6c5f026993f4241ff7802c50cd5e
75642859122,25755534025,Create Releases,Check for Publish preview build to pypi-weekly,completed,skipped,2026-05-12T18:54:28Z,2026-05-12T18:54:28Z,0,ae53b476ae7559693fad8fa1c1b56c2991c0fa71
75640833552,25754920690,Create Releases,Check for Publish preview build to pypi-weekly,completed,skipped,2026-05-12T18:43:30Z,2026-05-12T18:43:29Z,-1,5b2a3c8df76ec0090ccca9fe082d7f6791913296
75643371380,25754781635,Create Releases,Check for Publish preview build to pypi-weekly,completed,cancelled,2026-05-12T18:57:16Z,2026-05-12T18:57:16Z,0,e2c985811a160a63ee52a20cfa61c59eb138dfb9
75638285329,25754227860,Create Releases,Check for Publish preview build to pypi-weekly,completed,skipped,2026-05-12T18:29:50Z,2026-05-12T18:29:50Z,0,144453cbab297b6624189ae05522adbf90a5a64b
75636501694,25753712736,Create Releases,Check for Publish preview build to pypi-weekly,completed,skipped,2026-05-12T18:20:11Z,2026-05-12T18:20:10Z,-1,0e727f43afa90469e1b9f79d4680b12cb6105b2c
75636193494,25752001447,Create Releases,Check for Publish preview build to pypi-weekly,completed,skipped,2026-05-12T18:18:27Z,2026-05-12T18:18:26Z,-1,3ba18f5755b7778efa80ade14efa0680dd5d23f0
75630168052,25751908565,Create Releases,Check for Publish preview build to pypi-weekly,completed,skipped,2026-05-12T17:45:36Z,2026-05-12T17:45:36Z,0,b0b53d216556d78dc8d032aa865297a5ba0a63c9
75630714917,25751785239,Create Releases,Check for Publish preview build to pypi-weekly,completed,cancelled,2026-05-12T17:48:34Z,2026-05-12T17:48:34Z,0,3ba18f5755b7778efa80ade14efa0680dd5d23f0
75635883420,25751591917,Create Releases,Check for Publish preview build to pypi-weekly,completed,skipped,2026-05-12T18:16:45Z,2026-05-12T18:16:45Z,0,711d1cbc907863d8c73f75017be5df908f0870d8
75629890681,25751421970,Create Releases,Check for Publish preview build to pypi-weekly,completed,cancelled,2026-05-12T17:44:07Z,2026-05-12T17:44:07Z,0,2f760fb861d93eab0927e6ccf8bb5fbd3c6fc357
75628578259,25751365406,Create Releases,Check for Publish preview build to pypi-weekly,completed,cancelled,2026-05-12T17:36:56Z,2026-05-12T17:36:56Z,0,2f760fb861d93eab0927e6ccf8bb5fbd3c6fc357
75628356712,25751295543,Create Releases,Check for Publish preview build to pypi-weekly,completed,cancelled,2026-05-12T17:35:42Z,2026-05-12T17:35:41Z,-1,2f760fb861d93eab0927e6ccf8bb5fbd3c6fc357
75628125322,25751165475,Create Releases,Check for Publish preview build to pypi-weekly,completed,cancelled,2026-05-12T17:34:26Z,2026-05-12T17:34:26Z,0,3eab8d9915094fe7f6de229c7a8f5cde9dcd49b3
75627597320,25751117746,Create Releases,Check for Publish preview build to pypi-weekly,completed,cancelled,2026-05-12T17:31:31Z,2026-05-12T17:31:31Z,0,d74c583fe93e3712632d9e1c5d763addc88e9a7a
75624888732,25750404076,Create Releases,Check for Publish preview build to pypi-weekly,completed,skipped,2026-05-12T17:16:40Z,2026-05-12T17:16:40Z,0,b0b53d216556d78dc8d032aa865297a5ba0a63c9
75624766255,25750367678,Create Releases,Check for Publish preview build to pypi-weekly,completed,skipped,2026-05-12T17:16:00Z,2026-05-12T17:16:00Z,0,960791acda52b5f7f8c642267774b90d06eb7ea7
75621799294,25749414335,Create Releases,Check for Publish preview build to pypi-weekly,completed,skipped,2026-05-12T16:59:48Z,2026-05-12T16:59:48Z,0,0808b350e96de0c9c7de9467fd978c56051dc0e1
75616832330,25748119932,Create Releases,Check for Publish preview build to pypi-weekly,completed,skipped,2026-05-12T16:33:03Z,2026-05-12T16:33:02Z,-1,180735ac1615c715170b2876d54064a51b873616
75616115355,25747412317,Create Releases,Check for Publish preview build to pypi-weekly,completed,skipped,2026-05-12T16:29:20Z,2026-05-12T16:29:19Z,-1,0808b350e96de0c9c7de9467fd978c56051dc0e1
75605809125,25742937233,Create Releases,Check for Publish preview build to pypi-weekly,completed,skipped,2026-05-12T15:37:00Z,2026-05-12T15:37:00Z,0,db278cda042f4a914882fc24dace75bdc2e098f9
75592104215,25741299601,Create Releases,Check for Publish preview build to pypi-weekly,completed,skipped,2026-05-12T14:32:40Z,2026-05-12T14:32:40Z,0,4faeaabbc533b13b48e48536d7efeb96181ed685
75591078026,25738888075,Create Releases,Check for Publish preview build to pypi-weekly,completed,skipped,2026-05-12T14:27:48Z,2026-05-12T14:27:48Z,0,9b956f3cf94ac60c551c076dc809033b72008c50
75575410659,25735149519,Create Releases,Check for Publish preview build to pypi-weekly,completed,skipped,2026-05-12T13:11:21Z,2026-05-12T13:11:21Z,0,1fbcf990fe941c4b183eafd3d48bc762c2adc299
75568174524,25734613408,Create Releases,Check for Publish preview build to pypi-weekly,completed,skipped,2026-05-12T12:32:30Z,2026-05-12T12:32:29Z,-1,00b48051e123bc04a43281cea6ecdd3934a94c0c
75570245041,25734275496,Create Releases,Check for Publish preview build to pypi-weekly,completed,cancelled,2026-05-12T12:44:00Z,2026-05-12T12:44:00Z,0,6ada500b763bd93292d8c12362eaa963855875ae
75561583612,25732676088,Create Releases,Check for Publish preview build to pypi-weekly,completed,skipped,2026-05-12T11:53:14Z,2026-05-12T11:53:13Z,-1,538261b80ceedc08864b784a2dc6992740606f4a
75559325299,25731997219,Create Releases,Check for Publish preview build to pypi-weekly,completed,skipped,2026-05-12T11:39:14Z,2026-05-12T11:39:04Z,-10,a825b9c20ce5cf2a41e34ec1c9568d2e063d92f7
75556184329,25731073018,Create Releases,Check for Publish preview build to pypi-weekly,completed,skipped,2026-05-12T11:19:27Z,2026-05-12T11:19:27Z,0,f9ab8a9a89db5fd7f639fe3d9625b993641b7797
75559277059,25730594531,Create Releases,Check for Publish preview build to pypi-weekly,completed,skipped,2026-05-12T11:38:56Z,2026-05-12T11:38:56Z,0,e6b4ba3f5e18d87717b842a9caf8a23010e379aa
75554752748,25730579268,Create Releases,Check for Publish preview build to pypi-weekly,completed,cancelled,2026-05-12T11:10:27Z,2026-05-12T11:10:26Z,-1,b8f2ac4ae6fce0d9a46e088a2e463b0a024a9f9d
75558663155,25730123723,Create Releases,Check for Publish preview build to pypi-weekly,completed,skipped,2026-05-12T11:35:06Z,2026-05-12T11:35:06Z,0,44c2a8ebeecd8fc8628ed1738178392105e46f0f
75549284620,25729058758,Create Releases,Check for Publish preview build to pypi-weekly,completed,skipped,2026-05-12T10:36:39Z,2026-05-12T10:36:39Z,0,0ba58bc3fb7235ed14c9573195555b3fcc5a1db7
75546785784,25728326820,Create Releases,Check for Publish preview build to pypi-weekly,completed,skipped,2026-05-12T10:20:52Z,2026-05-12T10:20:52Z,0,9978819b80546e08eb7c598931b79287ba88743a
75544088924,25727538180,Create Releases,Check for Publish preview build to pypi-weekly,completed,skipped,2026-05-12T10:04:11Z,2026-05-12T10:04:11Z,0,e3576fb495ce944d4cc227aec1d54237dde1b42c
75542691078,25727137648,Create Releases,Check for Publish preview build to pypi-weekly,completed,skipped,2026-05-12T09:56:04Z,2026-05-12T09:56:04Z,0,cbf3bae8628bc5914de44103d6900fc67915ada2
75542563669,25727100783,Create Releases,Check for Publish preview build to pypi-weekly,completed,skipped,2026-05-12T09:55:19Z,2026-05-12T09:55:19Z,0,9d3058696dbe246fcd789c5f2e0e152961fac3ee
75536378874,25725294382,Create Releases,Check for Publish preview build to pypi-weekly,completed,skipped,2026-05-12T09:18:47Z,2026-05-12T09:18:47Z,0,45832d4495694df606fd08000b8eb356a460e4a0
75536903330,25724605295,Create Releases,Check for Publish preview build to pypi-weekly,completed,skipped,2026-05-12T09:21:48Z,2026-05-12T09:21:48Z,0,92b94eaa650aadfa2593da1f5e8c9b14f73ac1e9
75485588415,25709165472,Create Releases,Check for Publish preview build to pypi-weekly,completed,skipped,2026-05-12T02:15:22Z,2026-05-12T02:15:22Z,0,fe193bd684a7f8ed086638004a9139153b78b3aa
75461008671,25699634069,Create Releases,Check for Publish preview build to pypi-weekly,completed,skipped,2026-05-11T22:28:17Z,2026-05-11T22:28:16Z,-1,62f3de76b39e48be331ea51d57dfd601672c2402
75450090240,25697707557,Create Releases,Check for Publish preview build to pypi-weekly,completed,skipped,2026-05-11T21:14:02Z,2026-05-11T21:14:02Z,0,ee52cbaf92bca8d493dfe1a1dd908af34922b645
75448882084,25697368577,Create Releases,Check for Publish preview build to pypi-weekly,completed,skipped,2026-05-11T21:06:48Z,2026-05-11T21:06:48Z,0,6865a04f54284b8ba2b60355239d90fb9a7d947a
75453542695,25697304506,Create Releases,Check for Publish preview build to pypi-weekly,completed,skipped,2026-05-11T21:35:36Z,2026-05-11T21:35:36Z,0,f179792e7e12916ea6a5cdd8c374b01cb3ab2491
75448226940,25697177376,Create Releases,Check for Publish preview build to pypi-weekly,completed,skipped,2026-05-11T21:02:55Z,2026-05-11T21:02:55Z,0,fc87e7405122a18ce3334edd0ebdc378cc34cd83
75447177509,25696866041,Create Releases,Check for Publish preview build to pypi-weekly,completed,skipped,2026-05-11T20:56:51Z,2026-05-11T20:56:51Z,0,04ed55d307813fd32aa9dbba6eb1f751dd92801d
75439472610,25694595499,Create Releases,Check for Publish preview build to pypi-weekly,completed,skipped,2026-05-11T20:12:12Z,2026-05-11T20:12:12Z,0,070e66a90af079934a5cdd5995e727c301407146
75438597480,25694344605,Create Releases,Check for Publish preview build to pypi-weekly,completed,skipped,2026-05-11T20:07:07Z,2026-05-11T20:07:07Z,0,62f3de76b39e48be331ea51d57dfd601672c2402
75434648409,25693187147,Create Releases,Check for Publish preview build to pypi-weekly,completed,skipped,2026-05-11T19:44:20Z,2026-05-11T19:44:20Z,0,426895678d3d7a87756ac388d7c2a67a4bac146d
75433710204,25692910176,Create Releases,Check for Publish preview build to pypi-weekly,completed,skipped,2026-05-11T19:38:54Z,2026-05-11T19:38:54Z,0,d1745e133e824a67ad67038ba4ba88a2dd6e8639
75432939968,25692685215,Create Releases,Check for Publish preview build to pypi-weekly,completed,skipped,2026-05-11T19:34:29Z,2026-05-11T19:34:29Z,0,e9f4d86a0d82362b4f3490a45d7eef74dde2a25d
75427402541,25691099256,Create Releases,Check for Publish preview build to pypi-weekly,completed,skipped,2026-05-11T19:02:54Z,2026-05-11T19:02:54Z,0,d53f11ef5a9089ed74f45f5c14e18f421d58a2ba
75425750719,25690619805,Create Releases,Check for Publish preview build to pypi-weekly,completed,skipped,2026-05-11T18:53:40Z,2026-05-11T18:53:40Z,0,70439459eaab804ed3809d7c895848fe01a9f3dc
75421497644,25689390004,Create Releases,Check for Publish preview build to pypi-weekly,completed,skipped,2026-05-11T18:30:09Z,2026-05-11T18:30:08Z,-1,82f12ce8048c451196cccc14624aa2848cb5f3dc
75420044053,25688970897,Create Releases,Check for Publish preview build to pypi-weekly,completed,skipped,2026-05-11T18:21:57Z,2026-05-11T18:21:57Z,0,eea54003407268a7f01fed9a3ddad45595c546f0
75382363044,25677245057,Create Releases,Check for Publish preview build to pypi-weekly,completed,skipped,2026-05-11T15:02:20Z,2026-05-11T15:02:20Z,0,ff0ea58a4933d40734e653045fc81eb2224dc557
75378255503,25676133611,Create Releases,Check for Publish preview build to pypi-weekly,completed,skipped,2026-05-11T14:42:39Z,2026-05-11T14:42:38Z,-1,b9a4f549e9a212beb04754981b4c997f9d20a7ef
75374526083,25675706076,Create Releases,Check for Publish preview build to pypi-weekly,completed,cancelled,2026-05-11T14:24:49Z,2026-05-11T14:24:48Z,-1,e92c5ee552a2cf880ec84ab6ada2691c3cbd8039
75370065124,25674936712,Create Releases,Check for Publish preview build to pypi-weekly,completed,skipped,2026-05-11T14:01:16Z,2026-05-11T14:01:15Z,-1,88fbe0c796612d0c16b2a8e496bbf6c89f928dd4
75369362840,25674745339,Create Releases,Check for Publish preview build to pypi-weekly,completed,skipped,2026-05-11T13:57:52Z,2026-05-11T13:57:51Z,-1,8369b1ad4efe2ff530cd4019c623f48eb166f67d
75372183010,25674481644,Create Releases,Check for Publish preview build to pypi-weekly,completed,skipped,2026-05-11T14:12:33Z,2026-05-11T14:12:33Z,0,0bf8591cfcb1aa4e664f4fdd835e57c8c5576771
75365724224,25671926859,Create Releases,Check for Publish preview build to pypi-weekly,completed,skipped,2026-05-11T13:39:23Z,2026-05-11T13:39:23Z,0,f1a62ca5549c29210e170ea7856c6269091607d6
77214620990,25663920080,Create Releases,Check for Publish preview build to pypi-weekly,completed,skipped,2026-05-21T15:59:40Z,2026-05-21T15:59:40Z,0,4c07234c55f549cf34361e3519fa8a1bdac1b2b4
75335685775,25663693705,Create Releases,Check for Publish preview build to pypi-weekly,completed,skipped,2026-05-11T10:39:38Z,2026-05-11T10:39:37Z,-1,3abe257995377a0b376a8d08270e06167aabcdd4
75328895959,25663208191,Create Releases,Check for Publish preview build to pypi-weekly,completed,skipped,2026-05-11T09:56:00Z,2026-05-11T09:55:59Z,-1,3dfe565aed3a59b8232e54f3d829ca9341f9b3e0
75328802952,25663182276,Create Releases,Check for Publish preview build to pypi-weekly,completed,skipped,2026-05-11T09:55:26Z,2026-05-11T09:55:25Z,-1,60798c8915555633e5987691106bbe3bee540e21
75333336896,25662951996,Create Releases,Check for Publish preview build to pypi-weekly,completed,skipped,2026-05-11T10:24:19Z,2026-05-11T10:24:18Z,-1,0471bc2fed9c7e569749f300c2ce623126479076
75327289176,25662737117,Create Releases,Check for Publish preview build to pypi-weekly,completed,skipped,2026-05-11T09:46:06Z,2026-05-11T09:46:05Z,-1,d98cac35e3b59d0538001355999514374d7e472a
75320329077,25659048987,Create Releases,Check for Publish preview build to pypi-weekly,completed,skipped,2026-05-11T09:03:42Z,2026-05-11T09:03:42Z,0,0391cbdb81e70ee3ece0d843a7fb44699bcd5c17
75313512462,25657329144,Create Releases,Check for Publish preview build to pypi-weekly,completed,skipped,2026-05-11T08:20:49Z,2026-05-11T08:20:49Z,0,db4774c001faccfd9ef94d9120a444b8d18dffb2
75308895498,25657276079,Create Releases,Check for Publish preview build to pypi-weekly,completed,cancelled,2026-05-11T07:49:34Z,2026-05-11T07:49:34Z,0,32d5c94706fe9123aa846eb1248600e4a1f0eac2
75291133870,25651709061,Create Releases,Check for Publish preview build to pypi-weekly,completed,skipped,2026-05-11T05:16:05Z,2026-05-11T05:16:04Z,-1,786d25640e78f962da4eff3c0c3a79c9aaf9eff6
75290874501,25651619573,Create Releases,Check for Publish preview build to pypi-weekly,completed,skipped,2026-05-11T05:13:00Z,2026-05-11T05:13:00Z,0,9388a3371716160deb80038887972bca2ec9f3a4
75282302057,25647839511,Create Releases,Check for Publish preview build to pypi-weekly,completed,skipped,2026-05-11T03:24:19Z,2026-05-11T03:24:19Z,0,ed2d9028f43ac61c075b5a59e4689bfa34ae0ef7
75273415387,25644645131,Create Releases,Check for Publish preview build to pypi-weekly,completed,success,2026-05-11T01:23:57Z,2026-05-11T01:23:59Z,2,cd9707d59e4b3b178803c419f6c73a6baeb50197
75243790035,25633716714,Create Releases,Check for Publish preview build to pypi-weekly,completed,skipped,2026-05-10T16:57:27Z,2026-05-10T16:57:27Z,0,e0297b28728b119c7c76b8c736de4e180e09a261
75239002252,25632243702,Create Releases,Check for Publish preview build to pypi-weekly,completed,skipped,2026-05-10T15:33:00Z,2026-05-10T15:33:00Z,0,6c8f7326f7f4152ed4bd80bcaa80a3e6682876a5
75233794389,25630355754,Create Releases,Check for Publish preview build to pypi-weekly,completed,skipped,2026-05-10T14:03:51Z,2026-05-10T14:03:50Z,-1,dc6ac39985fa709c8bbbfd9261af3845c1ec8301
75232431892,25629629340,Create Releases,Check for Publish preview build to pypi-weekly,completed,skipped,2026-05-10T13:39:50Z,2026-05-10T13:39:50Z,0,cd9707d59e4b3b178803c419f6c73a6baeb50197
75230858761,25629627937,Create Releases,Check for Publish preview build to pypi-weekly,completed,skipped,2026-05-10T13:11:56Z,2026-05-10T13:11:55Z,-1,ba5030feb1bdafab46e581226c3a613c32e7d403
75228015936,25628586752,Create Releases,Check for Publish preview build to pypi-weekly,completed,skipped,2026-05-10T12:21:11Z,2026-05-10T12:21:11Z,0,7f1ee45a74bffd49b858ec5ef88daa5ff883554e
75227727328,25627926523,Create Releases,Check for Publish preview build to pypi-weekly,completed,skipped,2026-05-10T12:16:04Z,2026-05-10T12:16:04Z,0,887218deaf3f90f4f0c467774884dd480ba39d68
75226155093,25627887724,Create Releases,Check for Publish preview build to pypi-weekly,completed,skipped,2026-05-10T11:46:06Z,2026-05-10T11:46:05Z,-1,3081e12950a5a6829fa59c05a59c78d2bc42b383
75226123607,25627875708,Create Releases,Check for Publish preview build to pypi-weekly,completed,skipped,2026-05-10T11:45:29Z,2026-05-10T11:45:28Z,-1,3081e12950a5a6829fa59c05a59c78d2bc42b383
75225710564,25627712688,Create Releases,Check for Publish preview build to pypi-weekly,completed,skipped,2026-05-10T11:37:17Z,2026-05-10T11:37:17Z,0,a5ba4819d4f32eeb54822aed3def4c15073e6090
78649931283,26684350679,Create Releases,Check for Publish preview build to pypi-weekly,completed,skipped,2026-05-30T12:55:07Z,2026-05-30T12:55:06Z,-1,c54e51eea0fb5446012999aab3f550ee4521df5e
78643633450,26681893189,Create Releases,Check for Publish preview build to pypi-weekly,completed,skipped,2026-05-30T10:48:12Z,2026-05-30T10:48:11Z,-1,5c1fc49e98cc5b4e5ff328f26f8c6959c1fc45b7
78643602073,26681881487,Create Releases,Check for Publish preview build to pypi-weekly,completed,skipped,2026-05-30T10:47:32Z,2026-05-30T10:47:31Z,-1,5c1fc49e98cc5b4e5ff328f26f8c6959c1fc45b7
78710436167,26707127563,Create Releases,Check for Publish preview build to pypi-weekly,completed,skipped,2026-05-31T07:59:15Z,2026-05-31T07:59:15Z,0,edf4bcfaa9488256054b159f2ad267af293bccac
78710416578,26707121473,Create Releases,Check for Publish preview build to pypi-weekly,completed,skipped,2026-05-31T07:58:58Z,2026-05-31T07:58:57Z,-1,edf4bcfaa9488256054b159f2ad267af293bccac
78699705549,26703214714,Create Releases,Check for Publish preview build to pypi-weekly,completed,skipped,2026-05-31T04:28:41Z,2026-05-31T04:28:41Z,0,09b8e11a685279401db6014555da3e04d73a54c7
78698917433,26702912488,Create Releases,Check for Publish preview build to pypi-weekly,completed,skipped,2026-05-31T04:11:18Z,2026-05-31T04:11:18Z,0,c144695900f0a96982e969d40d11bce3ca8cff00
78692251319,26700432517,Create Releases,Check for Publish preview build to pypi-weekly,completed,skipped,2026-05-31T01:53:23Z,2026-05-31T01:53:23Z,0,44e2ddf7bba12affb00e4c17944723c93e7429b7
78668529896,26691237483,Create Releases,Check for Publish preview build to pypi-weekly,completed,skipped,2026-05-30T18:23:49Z,2026-05-30T18:23:49Z,0,882a5ef11bf987462e0fbaf9d95d5e640a7b82c7
78789220458,26735983654,Create Releases,Check for Publish preview build to pypi-weekly,completed,skipped,2026-06-01T04:56:28Z,2026-06-01T04:56:28Z,0,3c0e7c66bc9d115556cf1a2b5f9f369ced465fe4
78787638894,26735438098,Create Releases,Check for Publish preview build to pypi-weekly,completed,skipped,2026-06-01T04:37:42Z,2026-06-01T04:37:41Z,-1,285ceb8322691a6034dd80a6e210b2c6564ec48e
78781740274,26733394416,Create Releases,Check for Publish preview build to pypi-weekly,completed,cancelled,2026-06-01T03:22:50Z,2026-06-01T03:22:50Z,0,248a9201eaf2fbfef9511533a0596a9170746705
78782733915,26733394458,Create Releases,Check for Publish preview build to pypi-weekly,completed,skipped,2026-06-01T03:34:47Z,2026-06-01T03:34:47Z,0,248a9201eaf2fbfef9511533a0596a9170746705
78782680254,26733384427,Create Releases,Check for Publish preview build to pypi-weekly,completed,skipped,2026-06-01T03:34:05Z,2026-06-01T03:34:04Z,-1,0e0eb9b6ba71fd1bfa9a7a150e544804c0cb293e
78781706664,26733384124,Create Releases,Check for Publish preview build to pypi-weekly,completed,cancelled,2026-06-01T03:22:27Z,2026-06-01T03:22:27Z,0,0e0eb9b6ba71fd1bfa9a7a150e544804c0cb293e
78772436943,26729779643,Create Releases,Check for Publish preview build to pypi-weekly,completed,skipped,2026-06-01T01:16:15Z,2026-06-01T01:16:15Z,0,882a5ef11bf987462e0fbaf9d95d5e640a7b82c7
78753423449,26723029246,Create Releases,Check for Publish preview build to pypi-weekly,completed,skipped,2026-05-31T20:02:39Z,2026-05-31T20:02:39Z,0,2615f793fec12751dd45f1460e8487f99ab280c7
78742554536,26718994608,Create Releases,Check for Publish preview build to pypi-weekly,completed,skipped,2026-05-31T17:08:03Z,2026-05-31T17:08:03Z,0,9d886fb165b5f4a7ab8ffbb251d25382ac1ba077
78730118799,26714332856,Create Releases,Check for Publish preview build to pypi-weekly,completed,skipped,2026-05-31T13:46:05Z,2026-05-31T13:46:05Z,0,130f8c528959de5fd2678a4542f1193f64e6d07b
78726917926,26713142850,Create Releases,Check for Publish preview build to pypi-weekly,completed,skipped,2026-05-31T12:52:46Z,2026-05-31T12:52:46Z,0,cee47d19a2c1eb524da84715948c7ce52bdfff9e
78721317160,26711070304,Create Releases,Check for Publish preview build to pypi-weekly,completed,skipped,2026-05-31T11:15:11Z,2026-05-31T11:15:11Z,0,f137abbf1bbdc299a44a3c985fb1c5e01a9caae8
78810673438,26742794848,Create Releases,Check for Publish preview build to pypi-weekly,completed,skipped,2026-06-01T08:04:30Z,2026-06-01T08:04:29Z,-1,2ec30405a01c876b0ff9a6c6a1b99dfe08dbe007
78808541717,26742154406,Create Releases,Check for Publish preview build to pypi-weekly,completed,skipped,2026-06-01T07:49:46Z,2026-06-01T07:49:46Z,0,a8201114f1c06ce389b9a2e7f739ee76736f25de
78805262385,26741145527,Create Releases,Check for Publish preview build to pypi-weekly,completed,cancelled,2026-06-01T07:25:54Z,2026-06-01T07:25:54Z,0,248a9201eaf2fbfef9511533a0596a9170746705
78806867331,26741145542,Create Releases,Check for Publish preview build to pypi-weekly,completed,skipped,2026-06-01T07:37:49Z,2026-06-01T07:37:48Z,-1,248a9201eaf2fbfef9511533a0596a9170746705
78805246058,26741140211,Create Releases,Check for Publish preview build to pypi-weekly,completed,cancelled,2026-06-01T07:25:46Z,2026-06-01T07:25:46Z,0,0e0eb9b6ba71fd1bfa9a7a150e544804c0cb293e
78807308400,26741140532,Create Releases,Check for Publish preview build to pypi-weekly,completed,skipped,2026-06-01T07:41:00Z,2026-06-01T07:41:00Z,0,0e0eb9b6ba71fd1bfa9a7a150e544804c0cb293e
78803686568,26740669281,Create Releases,Check for Publish preview build to pypi-weekly,completed,skipped,2026-06-01T07:14:03Z,2026-06-01T07:14:03Z,0,ae50b28fd676498e08bc900a60d6bff6b8943f70
78803015082,26739833450,Create Releases,Check for Publish preview build to pypi-weekly,completed,skipped,2026-06-01T07:08:34Z,2026-06-01T07:08:34Z,0,248a9201eaf2fbfef9511533a0596a9170746705
78800972261,26739832705,Create Releases,Check for Publish preview build to pypi-weekly,completed,cancelled,2026-06-01T06:52:31Z,2026-06-01T06:52:31Z,0,248a9201eaf2fbfef9511533a0596a9170746705
78800954087,26739828109,Create Releases,Check for Publish preview build to pypi-weekly,completed,cancelled,2026-06-01T06:52:22Z,2026-06-01T06:52:22Z,0,0e0eb9b6ba71fd1bfa9a7a150e544804c0cb293e
78802490142,26739828095,Create Releases,Check for Publish preview build to pypi-weekly,completed,skipped,2026-06-01T07:04:19Z,2026-06-01T07:04:19Z,0,0e0eb9b6ba71fd1bfa9a7a150e544804c0cb293e
78802053299,26739686350,Create Releases,Check for Publish preview build to pypi-weekly,completed,skipped,2026-06-01T07:00:53Z,2026-06-01T07:00:53Z,0,8847da48ff3bcf9314cdebb1a44114f723a8de4d
79024512712,26806290975,Create Releases,Check for Publish preview build to pypi-weekly,completed,skipped,2026-06-02T07:53:08Z,2026-06-02T07:53:08Z,0,27ae09441ccf2416645dc5c7138ddf076adf74f9
79021889605,26805511465,Create Releases,Check for Publish preview build to pypi-weekly,completed,skipped,2026-06-02T07:36:11Z,2026-06-02T07:36:11Z,0,b373ebf7481c46897e9196ca83108f9862a52118
79015871011,26803667597,Create Releases,Check for Publish preview build to pypi-weekly,completed,skipped,2026-06-02T06:53:59Z,2026-06-02T06:53:58Z,-1,b8da8257e2516646072a74a015c569408e0e18aa
79007979940,26801170720,Create Releases,Check for Publish preview build to pypi-weekly,completed,skipped,2026-06-02T05:50:20Z,2026-06-02T05:50:20Z,0,99750c7cb49201985c1cee39f46ae11b827b4311
79004647287,26800063429,Create Releases,Check for Publish preview build to pypi-weekly,completed,skipped,2026-06-02T05:18:35Z,2026-06-02T05:18:35Z,0,b8c4d95d862123dfecf10cf71b91c81a67a1c39b
79004530199,26800024584,Create Releases,Check for Publish preview build to pypi-weekly,completed,skipped,2026-06-02T05:17:23Z,2026-06-02T05:17:23Z,0,b8c4d95d862123dfecf10cf71b91c81a67a1c39b
79001359054,26798477571,Create Releases,Check for Publish preview build to pypi-weekly,completed,skipped,2026-06-02T04:45:28Z,2026-06-02T04:45:28Z,0,171856ba0d7f97bc5e56225fad8d5eadfdfcb520
78984782857,26793473531,Create Releases,Check for Publish preview build to pypi-weekly,completed,skipped,2026-06-02T01:52:56Z,2026-06-02T01:52:47Z,-9,34af3104825c4daf6f51132c455dd0333139009c
78960603583,26785650779,Create Releases,Check for Publish preview build to pypi-weekly,completed,cancelled,2026-06-01T22:22:36Z,2026-06-01T22:22:36Z,0,13b569e8e9b3c1bce38cc7cecf0c4e4ddc9818e8
78962343578,26785650853,Create Releases,Check for Publish preview build to pypi-weekly,completed,skipped,2026-06-01T22:34:51Z,2026-06-01T22:34:50Z,-1,13b569e8e9b3c1bce38cc7cecf0c4e4ddc9818e8
78961073029,26785260837,Create Releases,Check for Publish preview build to pypi-weekly,completed,skipped,2026-06-01T22:26:00Z,2026-06-01T22:26:00Z,0,a46579e3800d7bc7e68a97376c1fff97fd44ad43
78955944501,26783612557,Create Releases,Check for Publish preview build to pypi-weekly,completed,skipped,2026-06-01T21:50:46Z,2026-06-01T21:50:46Z,0,b06ca965c01bc173de405baf4754784105ff5ff8
78929129987,26775573491,Create Releases,Check for Publish preview build to pypi-weekly,completed,skipped,2026-06-01T19:16:58Z,2026-06-01T19:16:58Z,0,9fd56267925f7fe1b342a1da2c55e792b3bddc0b
78926224328,26775515452,Create Releases,Check for Publish preview build to pypi-weekly,completed,cancelled,2026-06-01T19:00:56Z,2026-06-01T19:00:56Z,0,c88b691a79cfdf26280ae9fcae3d6d303563f9d6
78913027242,26771211139,Create Releases,Check for Publish preview build to pypi-weekly,completed,skipped,2026-06-01T17:47:31Z,2026-06-01T17:47:31Z,0,9e681af68cdc310fbe56a8b0d551bfd15cbe02d8
78910884815,26771207820,Create Releases,Check for Publish preview build to pypi-weekly,completed,cancelled,2026-06-01T17:35:26Z,2026-06-01T17:35:25Z,-1,9e681af68cdc310fbe56a8b0d551bfd15cbe02d8
78910263018,26771037468,Create Releases,Check for Publish preview build to pypi-weekly,completed,skipped,2026-06-01T17:31:58Z,2026-06-01T17:31:57Z,-1,351f1de3fcaad1a392400269b62bea0e4a74e965
78912089823,26770845162,Create Releases,Check for Publish preview build to pypi-weekly,completed,skipped,2026-06-01T17:42:12Z,2026-06-01T17:42:12Z,0,63da149880e76d83f2ac29ca7c4ac2811274b01f
78911490440,26770679802,Create Releases,Check for Publish preview build to pypi-weekly,completed,skipped,2026-06-01T17:38:50Z,2026-06-01T17:38:49Z,-1,54a837f22ab2ad899c61db735ef8d29e831f2ebc
78909800311,26770387787,Create Releases,Check for Publish preview build to pypi-weekly,completed,cancelled,2026-06-01T17:29:23Z,2026-06-01T17:29:23Z,0,430ba095f64e29ac938bf88ee22819cc3207e39b
78906270976,26769096637,Create Releases,Check for Publish preview build to pypi-weekly,completed,skipped,2026-06-01T17:09:20Z,2026-06-01T17:09:20Z,0,bc3be77bec2f628788796dff60819186bacf49df
78902216697,26768759547,Create Releases,Check for Publish preview build to pypi-weekly,completed,skipped,2026-06-01T16:46:48Z,2026-06-01T16:46:47Z,-1,35dd5390d92c65632f6ec9ed7936266c37b7c8d4
78901179201,26768460728,Create Releases,Check for Publish preview build to pypi-weekly,completed,skipped,2026-06-01T16:40:54Z,2026-06-01T16:40:54Z,0,8156ad9f0ca4b3d2c9a88e0e5305c8a2ac778f15
78899487652,26767985491,Create Releases,Check for Publish preview build to pypi-weekly,completed,skipped,2026-06-01T16:31:30Z,2026-06-01T16:31:30Z,0,ce1969f8f142e7c5c305a7684d97b32cb0c04cd4
78899424837,26767967482,Create Releases,Check for Publish preview build to pypi-weekly,completed,skipped,2026-06-01T16:31:09Z,2026-06-01T16:31:09Z,0,ce1969f8f142e7c5c305a7684d97b32cb0c04cd4
78898619928,26767738999,Create Releases,Check for Publish preview build to pypi-weekly,completed,skipped,2026-06-01T16:26:45Z,2026-06-01T16:26:45Z,0,a84885faafe7ee741e096801aec9874b7e2473d1
78898162198,26767607527,Create Releases,Check for Publish preview build to pypi-weekly,completed,skipped,2026-06-01T16:24:15Z,2026-06-01T16:24:15Z,0,54c21cbc9d25bbc37093c890438cb0d32079bc84
78897183338,26767329380,Create Releases,Check for Publish preview build to pypi-weekly,completed,skipped,2026-06-01T16:18:51Z,2026-06-01T16:18:50Z,-1,78a5bb59b05e65e8f75760d871cb0390ca07a5e4
78898252310,26766968061,Create Releases,Check for Publish preview build to pypi-weekly,completed,skipped,2026-06-01T16:24:45Z,2026-06-01T16:24:44Z,-1,e945daf7e12eaeb624ce1edd39ccdbb97879626d
78894760962,26765955570,Create Releases,Check for Publish preview build to pypi-weekly,completed,skipped,2026-06-01T16:05:48Z,2026-06-01T16:05:47Z,-1,e945daf7e12eaeb624ce1edd39ccdbb97879626d
78890862377,26765567881,Create Releases,Check for Publish preview build to pypi-weekly,completed,skipped,2026-06-01T15:45:36Z,2026-06-01T15:45:36Z,0,92ba938cbdfaf6fdc03abbe6d3f56c512e1b61b0
78887028528,26764517008,Create Releases,Check for Publish preview build to pypi-weekly,completed,skipped,2026-06-01T15:26:18Z,2026-06-01T15:26:17Z,-1,2020a1d5098a101bd52244ce5a84479f8dbdd43c
78883315333,26762802983,Create Releases,Check for Publish preview build to pypi-weekly,completed,skipped,2026-06-01T15:07:57Z,2026-06-01T15:07:56Z,-1,f031dd6a59f9d944d47565988e05fa9f099a75ce
78880782197,26762801067,Create Releases,Check for Publish preview build to pypi-weekly,completed,cancelled,2026-06-01T14:55:40Z,2026-06-01T14:55:40Z,0,f031dd6a59f9d944d47565988e05fa9f099a75ce
78878979642,26762305283,Create Releases,Check for Publish preview build to pypi-weekly,completed,skipped,2026-06-01T14:47:01Z,2026-06-01T14:47:01Z,0,fea22a7e5bd822133dc12b9535baf7458b2ebb46
78881651152,26762275512,Create Releases,Check for Publish preview build to pypi-weekly,completed,skipped,2026-06-01T14:59:51Z,2026-06-01T14:59:51Z,0,293ad621a244fb501a5ed9660c01e666ba5e3e86
78876264635,26761568845,Create Releases,Check for Publish preview build to pypi-weekly,completed,skipped,2026-06-01T14:34:09Z,2026-06-01T14:34:09Z,0,0f99998e85a1426f1ea7d5154c2c4fe25342b74f
78849249183,26754082941,Create Releases,Check for Publish preview build to pypi-weekly,completed,skipped,2026-06-01T12:11:08Z,2026-06-01T12:11:08Z,0,e6daeee7056a87f1d68131b9adf7af9fb4699d21
78827739696,26747805762,Create Releases,Check for Publish preview build to pypi-weekly,completed,skipped,2026-06-01T09:53:28Z,2026-06-01T09:53:21Z,-7,da29ea16330eaf23cbadf636a8b53fe749c173f5
79055338400,26815269933,Create Releases,Check for Publish preview build to pypi-weekly,completed,skipped,2026-06-02T10:57:20Z,2026-06-02T10:57:20Z,0,51b1e6dd74e680f214010effddf087ef87852877
79054670670,26815074492,Create Releases,Check for Publish preview build to pypi-weekly,completed,skipped,2026-06-02T10:53:12Z,2026-06-02T10:53:12Z,0,51b1e6dd74e680f214010effddf087ef87852877
79228458990,26865599138,Create Releases,Check for Publish preview build to pypi-weekly,completed,skipped,2026-06-03T05:27:43Z,2026-06-03T05:27:43Z,0,a36eb298e1bf7cbd8c5a4970c4ab21bc5b890ea1
79223986927,26864125366,Create Releases,Check for Publish preview build to pypi-weekly,completed,skipped,2026-06-03T04:41:26Z,2026-06-03T04:41:25Z,-1,151f4581bd8a25aa3d75d47aae6c474ca674dad6
79223959947,26864116068,Create Releases,Check for Publish preview build to pypi-weekly,completed,skipped,2026-06-03T04:41:09Z,2026-06-03T04:41:09Z,0,151f4581bd8a25aa3d75d47aae6c474ca674dad6
79220831014,26862744512,Create Releases,Check for Publish preview build to pypi-weekly,completed,skipped,2026-06-03T04:07:46Z,2026-06-03T04:07:45Z,-1,91d4eab54133da2a3a6f351f2ccb2ffce20c2e90
79215339817,26860942977,Create Releases,Check for Publish preview build to pypi-weekly,completed,skipped,2026-06-03T03:09:48Z,2026-06-03T03:09:48Z,0,95dce7edecaa6fe1b62036e5b4c3c4c36238c12d
79213527660,26859208468,Create Releases,Check for Publish preview build to pypi-weekly,completed,skipped,2026-06-03T02:50:58Z,2026-06-03T02:50:58Z,0,610cec643ae6e8676e62c1fb36f45b35be4f0302
79206956839,26858167208,Create Releases,Check for Publish preview build to pypi-weekly,completed,skipped,2026-06-03T01:41:34Z,2026-06-03T01:41:34Z,0,954b17916f2b1fb3a2499e74e34bdedbb52450bc
79205723168,26857990056,Create Releases,Check for Publish preview build to pypi-weekly,completed,cancelled,2026-06-03T01:29:14Z,2026-06-03T01:29:13Z,-1,23be60bada506e039d18e403a07727d72294d341
79205159692,26857920371,Create Releases,Check for Publish preview build to pypi-weekly,completed,cancelled,2026-06-03T01:23:27Z,2026-06-03T01:23:27Z,0,ace2c57a78f0aaa4a637045285c099aa60bf800a
79205904312,26857844518,Create Releases,Check for Publish preview build to pypi-weekly,completed,skipped,2026-06-03T01:30:55Z,2026-06-03T01:30:55Z,0,2c9738db9c331f9ac914a303c3b9c0f33baf81be
79205623063,26857746667,Create Releases,Check for Publish preview build to pypi-weekly,completed,skipped,2026-06-03T01:28:12Z,2026-06-03T01:28:12Z,0,d02f92d1680a0c57108363e76c6e344bfcb0ec42
79205350778,26857696005,Create Releases,Check for Publish preview build to pypi-weekly,completed,skipped,2026-06-03T01:25:26Z,2026-06-03T01:25:26Z,0,4b3892dcb0100b016d0e4300be440647f1a3a304
79204907385,26857678258,Create Releases,Check for Publish preview build to pypi-weekly,completed,cancelled,2026-06-03T01:20:51Z,2026-06-03T01:20:51Z,0,f249a5f28adf2a4b0c8d8bc74911ca079a39636f
79200420559,26856076121,Create Releases,Check for Publish preview build to pypi-weekly,completed,skipped,2026-06-03T00:36:56Z,2026-06-03T00:36:56Z,0,c202c6ece6b897acbc2407fd37f9c34837375e38
79199207184,26855795722,Create Releases,Check for Publish preview build to pypi-weekly,completed,cancelled,2026-06-03T00:25:18Z,2026-06-03T00:25:17Z,-1,6dae2470341c3c0fea55b91da6e97b0114519ee2
79198856324,26855591055,Create Releases,Check for Publish preview build to pypi-weekly,completed,skipped,2026-06-03T00:21:51Z,2026-06-03T00:21:51Z,0,1097a0e1383dad37f41f7419b28b5ef757477623
79198814919,26855541013,Create Releases,Check for Publish preview build to pypi-weekly,completed,skipped,2026-06-03T00:21:28Z,2026-06-03T00:21:27Z,-1,caec81220df6220f8f1ce23c2415a3f668329040
79198731003,26855539283,Create Releases,Check for Publish preview build to pypi-weekly,completed,skipped,2026-06-03T00:20:40Z,2026-06-03T00:20:39Z,-1,14d1a45786f2ea014f254c40aa142f408d357128
79198653070,26855527035,Create Releases,Check for Publish preview build to pypi-weekly,completed,skipped,2026-06-03T00:19:57Z,2026-06-03T00:19:57Z,0,e7213192387d955695dd32baebb758d88afda14b
79198292193,26855503444,Create Releases,Check for Publish preview build to pypi-weekly,completed,cancelled,2026-06-03T00:16:28Z,2026-06-03T00:16:28Z,0,e364f65b608543a4eda45720a6ce363d0d83e591
79197332217,26855461062,Create Releases,Check for Publish preview build to pypi-weekly,completed,cancelled,2026-06-03T00:07:18Z,2026-06-03T00:07:18Z,0,69abf57f045991263dd47293bf0b5a038ba03aa8
79197409827,26855376383,Create Releases,Check for Publish preview build to pypi-weekly,completed,cancelled,2026-06-03T00:08:02Z,2026-06-03T00:08:02Z,0,d3c90311d0e4bf8ba0886deaa9a69f659cfe0056
79197665370,26855375177,Create Releases,Check for Publish preview build to pypi-weekly,completed,cancelled,2026-06-03T00:10:26Z,2026-06-03T00:10:26Z,0,98dbf724aa28d5a6f64834d9fa4faa1e80981b55
79197506437,26855372396,Create Releases,Check for Publish preview build to pypi-weekly,completed,cancelled,2026-06-03T00:08:57Z,2026-06-03T00:08:57Z,0,5cb259fca980c57164b02f8d673e5f246fa98651
79197447601,26855368796,Create Releases,Check for Publish preview build to pypi-weekly,completed,cancelled,2026-06-03T00:08:24Z,2026-06-03T00:08:23Z,-1,4b4fb509dcf8242eaf880df4b298a1f6d5b0fd54
79197192330,26855289825,Create Releases,Check for Publish preview build to pypi-weekly,completed,cancelled,2026-06-03T00:06:02Z,2026-06-03T00:06:02Z,0,9b97bbf2976dd3b1fb4caeb3d0e5bad15bb15b76
79194571855,26854633795,Create Releases,Check for Publish preview build to pypi-weekly,completed,skipped,2026-06-02T23:42:17Z,2026-06-02T23:42:17Z,0,a2ea276fd0a99b8271c70218f32f3c186aadb041
79194371107,26854571845,Create Releases,Check for Publish preview build to pypi-weekly,completed,skipped,2026-06-02T23:40:31Z,2026-06-02T23:40:31Z,0,cd0284bcf3bed24e32af8c648665f2cffe42ed2f
79187187848,26852343275,Create Releases,Check for Publish preview build to pypi-weekly,completed,skipped,2026-06-02T22:41:58Z,2026-06-02T22:41:57Z,-1,a7f14ba1e246129b1b1f884c6dd85f8802becad2
79185927219,26851955395,Create Releases,Check for Publish preview build to pypi-weekly,completed,skipped,2026-06-02T22:32:29Z,2026-06-02T22:32:28Z,-1,b649c7193f1a8068301a795b2608b21a9f018875
79179210807,26849928300,Create Releases,Check for Publish preview build to pypi-weekly,completed,skipped,2026-06-02T21:45:48Z,2026-06-02T21:45:48Z,0,b21b0f1ebbfa54db515f780a803027f358b37146
79179117313,26849900114,Create Releases,Check for Publish preview build to pypi-weekly,completed,skipped,2026-06-02T21:45:12Z,2026-06-02T21:45:11Z,-1,b21b0f1ebbfa54db515f780a803027f358b37146
79171924040,26846938784,Create Releases,Check for Publish preview build to pypi-weekly,completed,skipped,2026-06-02T21:01:45Z,2026-06-02T21:01:44Z,-1,bda1f8e035a73806e0d3a1c9fb34e42e1e1b7be0
79169779800,26846934590,Create Releases,Check for Publish preview build to pypi-weekly,completed,cancelled,2026-06-02T20:49:47Z,2026-06-02T20:49:46Z,-1,bda1f8e035a73806e0d3a1c9fb34e42e1e1b7be0
79171081828,26846926043,Create Releases,Check for Publish preview build to pypi-weekly,completed,skipped,2026-06-02T20:57:07Z,2026-06-02T20:57:06Z,-1,8e417096d0b20b6dbd1cc881ac3424ccc1621099
79168843794,26846924446,Create Releases,Check for Publish preview build to pypi-weekly,completed,cancelled,2026-06-02T20:44:34Z,2026-06-02T20:44:34Z,0,8e417096d0b20b6dbd1cc881ac3424ccc1621099
79170954989,26846907849,Create Releases,Check for Publish preview build to pypi-weekly,completed,skipped,2026-06-02T20:56:24Z,2026-06-02T20:56:23Z,-1,79fc942d56838f223ce807aa90018c9165b59648
79168809564,26846903703,Create Releases,Check for Publish preview build to pypi-weekly,completed,cancelled,2026-06-02T20:44:23Z,2026-06-02T20:44:23Z,0,79fc942d56838f223ce807aa90018c9165b59648
79171548426,26846900506,Create Releases,Check for Publish preview build to pypi-weekly,completed,skipped,2026-06-02T20:59:42Z,2026-06-02T20:59:42Z,0,54b009ab67ce764788ac56c05a9d0050d0e47478
79168759577,26846896343,Create Releases,Check for Publish preview build to pypi-weekly,completed,cancelled,2026-06-02T20:44:06Z,2026-06-02T20:44:06Z,0,54b009ab67ce764788ac56c05a9d0050d0e47478
79168451206,26846810700,Create Releases,Check for Publish preview build to pypi-weekly,completed,cancelled,2026-06-02T20:42:24Z,2026-06-02T20:42:24Z,0,aef5b0c3032bdc5ab70862e52024e3dce11d4032
79170589007,26846810823,Create Releases,Check for Publish preview build to pypi-weekly,completed,skipped,2026-06-02T20:54:18Z,2026-06-02T20:54:17Z,-1,aef5b0c3032bdc5ab70862e52024e3dce11d4032
79170647590,26846802620,Create Releases,Check for Publish preview build to pypi-weekly,completed,skipped,2026-06-02T20:54:38Z,2026-06-02T20:54:37Z,-1,f6ba904d34568c39533707bb8bfb36fd773ff649
79168420794,26846800895,Create Releases,Check for Publish preview build to pypi-weekly,completed,cancelled,2026-06-02T20:42:14Z,2026-06-02T20:42:14Z,0,f6ba904d34568c39533707bb8bfb36fd773ff649
79168410250,26846800659,Create Releases,Check for Publish preview build to pypi-weekly,completed,cancelled,2026-06-02T20:42:11Z,2026-06-02T20:42:11Z,0,f6ba904d34568c39533707bb8bfb36fd773ff649
79170627010,26846783942,Create Releases,Check for Publish preview build to pypi-weekly,completed,skipped,2026-06-02T20:54:31Z,2026-06-02T20:54:31Z,0,a19ee0886be9dd1f31fe986cd2702de9baeb5401
79168341910,26846780441,Create Releases,Check for Publish preview build to pypi-weekly,completed,cancelled,2026-06-02T20:41:48Z,2026-06-02T20:41:48Z,0,a19ee0886be9dd1f31fe986cd2702de9baeb5401
79168350739,26846780732,Create Releases,Check for Publish preview build to pypi-weekly,completed,cancelled,2026-06-02T20:41:51Z,2026-06-02T20:41:51Z,0,a19ee0886be9dd1f31fe986cd2702de9baeb5401
79171741506,26846773086,Create Releases,Check for Publish preview build to pypi-weekly,completed,skipped,2026-06-02T21:00:44Z,2026-06-02T21:00:44Z,0,68539b60c8dbd277bb54079015cc0eee76829159
79168310680,26846771206,Create Releases,Check for Publish preview build to pypi-weekly,completed,cancelled,2026-06-02T20:41:38Z,2026-06-02T20:41:38Z,0,68539b60c8dbd277bb54079015cc0eee76829159
79169228154,26846771358,Create Releases,Check for Publish preview build to pypi-weekly,completed,cancelled,2026-06-02T20:46:42Z,2026-06-02T20:46:42Z,0,68539b60c8dbd277bb54079015cc0eee76829159
79170365680,26846760009,Create Releases,Check for Publish preview build to pypi-weekly,completed,skipped,2026-06-02T20:53:02Z,2026-06-02T20:53:02Z,0,49c287ef6dd32fc3dc4d90db49126319d08076a1
79168269374,26846758447,Create Releases,Check for Publish preview build to pypi-weekly,completed,cancelled,2026-06-02T20:41:25Z,2026-06-02T20:41:25Z,0,49c287ef6dd32fc3dc4d90db49126319d08076a1
79171574265,26846754930,Create Releases,Check for Publish preview build to pypi-weekly,completed,skipped,2026-06-02T20:59:51Z,2026-06-02T20:59:51Z,0,15ff0135bcf030a9c1d44455bbea9f338019d396
79169165331,26846753324,Create Releases,Check for Publish preview build to pypi-weekly,completed,cancelled,2026-06-02T20:46:21Z,2026-06-02T20:46:21Z,0,15ff0135bcf030a9c1d44455bbea9f338019d396
79168246487,26846749438,Create Releases,Check for Publish preview build to pypi-weekly,completed,cancelled,2026-06-02T20:41:17Z,2026-06-02T20:41:17Z,0,15ff0135bcf030a9c1d44455bbea9f338019d396
79170516083,26846747813,Create Releases,Check for Publish preview build to pypi-weekly,completed,skipped,2026-06-02T20:53:52Z,2026-06-02T20:53:52Z,0,a059d74d7f5dd997d93a70d82f18a7d1149e40ce
79168220250,26846743718,Create Releases,Check for Publish preview build to pypi-weekly,completed,cancelled,2026-06-02T20:41:09Z,2026-06-02T20:41:09Z,0,a059d74d7f5dd997d93a70d82f18a7d1149e40ce
79168229251,26846744446,Create Releases,Check for Publish preview build to pypi-weekly,completed,cancelled,2026-06-02T20:41:12Z,2026-06-02T20:41:11Z,-1,a059d74d7f5dd997d93a70d82f18a7d1149e40ce
79170358251,26846743316,Create Releases,Check for Publish preview build to pypi-weekly,completed,skipped,2026-06-02T20:52:59Z,2026-06-02T20:52:59Z,0,e0adbe241f3e76b44e11aff0bf2e9003942c79e3
79168216587,26846741119,Create Releases,Check for Publish preview build to pypi-weekly,completed,cancelled,2026-06-02T20:41:08Z,2026-06-02T20:41:07Z,-1,e0adbe241f3e76b44e11aff0bf2e9003942c79e3
79168208153,26846740146,Create Releases,Check for Publish preview build to pypi-weekly,completed,cancelled,2026-06-02T20:41:05Z,2026-06-02T20:41:05Z,0,e0adbe241f3e76b44e11aff0bf2e9003942c79e3
79161338893,26844156564,Create Releases,Check for Publish preview build to pypi-weekly,completed,skipped,2026-06-02T20:03:12Z,2026-06-02T20:03:11Z,-1,0f6df2163b5d99717d024b44e5eaf213eaaf7bc5
79141349627,26839209485,Create Releases,Check for Publish preview build to pypi-weekly,completed,skipped,2026-06-02T18:15:55Z,2026-06-02T18:15:55Z,0,da77e6d9a1310a23e79a9ffc0472357102b3d57d
79147160519,26838856077,Create Releases,Check for Publish preview build to pypi-weekly,completed,skipped,2026-06-02T18:46:30Z,2026-06-02T18:46:30Z,0,f7247f2d899d28bacc75a913d3a33fe27c12314d
79136574368,26837871812,Create Releases,Check for Publish preview build to pypi-weekly,completed,skipped,2026-06-02T17:50:49Z,2026-06-02T17:50:49Z,0,c215f9b9ef35db54dc5f5579f9bc73522a9c8e44
79131238974,26834894098,Create Releases,Check for Publish preview build to pypi-weekly,completed,skipped,2026-06-02T17:22:38Z,2026-06-02T17:22:38Z,0,ce2314e25618843239e7da1b8acc93f7eb79057a
79118008547,26831935056,Create Releases,Check for Publish preview build to pypi-weekly,completed,skipped,2026-06-02T16:13:23Z,2026-06-02T16:13:23Z,0,36b53571bc26275cde70af4b2bb59fb6772f28f3
79108648073,26830103094,Create Releases,Check for Publish preview build to pypi-weekly,completed,skipped,2026-06-02T15:28:50Z,2026-06-02T15:28:50Z,0,a87979321332f897f0aa313d6fdb68f195709858
79106543399,26829534208,Create Releases,Check for Publish preview build to pypi-weekly,completed,skipped,2026-06-02T15:19:12Z,2026-06-02T15:19:12Z,0,9a5a3b082374920d469a5ad8525ecf4da441b298
79106311676,26828746659,Create Releases,Check for Publish preview build to pypi-weekly,completed,skipped,2026-06-02T15:18:09Z,2026-06-02T15:18:09Z,0,bc3be77bec2f628788796dff60819186bacf49df
79101094299,26827291175,Create Releases,Check for Publish preview build to pypi-weekly,completed,skipped,2026-06-02T14:54:47Z,2026-06-02T14:54:47Z,0,b8d6c2a6629912f0a312756fac4e0c1b82058047
79074693743,26820838001,Create Releases,Check for Publish preview build to pypi-weekly,completed,skipped,2026-06-02T12:50:32Z,2026-06-02T12:50:31Z,-1,4907f39b4fc02b0044b9f0729e27807b673a2319
79268233066,26877396865,Create Releases,Check for Publish preview build to pypi-weekly,completed,skipped,2026-06-03T09:56:36Z,2026-06-03T09:56:36Z,0,4480de511752b9c5fd8814f4a239f076394a4d7a
79460495803,26934344690,Create Releases,Check for Publish preview build to pypi-weekly,completed,skipped,2026-06-04T06:12:08Z,2026-06-04T06:12:07Z,-1,896d25c2e078633993272f3629627ba1f9c276d4
79457687757,26933421690,Create Releases,Check for Publish preview build to pypi-weekly,completed,skipped,2026-06-04T05:46:56Z,2026-06-04T05:46:56Z,0,caa4cb46f98ce1068d39d6ab08a6dd4174843c5e
79457665321,26933414206,Create Releases,Check for Publish preview build to pypi-weekly,completed,skipped,2026-06-04T05:46:43Z,2026-06-04T05:46:43Z,0,c215f9b9ef35db54dc5f5579f9bc73522a9c8e44
79445607601,26929268233,Create Releases,Check for Publish preview build to pypi-weekly,completed,skipped,2026-06-04T03:48:20Z,2026-06-04T03:48:20Z,0,8259e3fe256b1f4e706a8f5150ada60262de451f
79441424609,26927850330,Create Releases,Check for Publish preview build to pypi-weekly,completed,skipped,2026-06-04T03:08:34Z,2026-06-04T03:08:34Z,0,507be17248e715386de064f65eadaae82ea58764
79423667527,26921815788,Create Releases,Check for Publish preview build to pypi-weekly,completed,skipped,2026-06-04T00:24:11Z,2026-06-04T00:24:11Z,0,12cd8ddacccb62c78c540721105fe1ef7677469d
79406834748,26915791638,Create Releases,Check for Publish preview build to pypi-weekly,completed,skipped,2026-06-03T22:14:28Z,2026-06-03T22:14:28Z,0,a7bf3a0f1d18bb62575236ef6e4944980c40e045
79367084253,26904923010,Create Releases,Check for Publish preview build to pypi-weekly,completed,skipped,2026-06-03T18:30:26Z,2026-06-03T18:30:26Z,0,829a524cd10eac6c2d36b7b613c4ef814396bacc
79346034921,26899040356,Create Releases,Check for Publish preview build to pypi-weekly,completed,skipped,2026-06-03T16:39:27Z,2026-06-03T16:39:27Z,0,3416d6f2d6e0d25ff9834ccd11cbbc4cd7c9bac5
79344860129,26898717470,Create Releases,Check for Publish preview build to pypi-weekly,completed,skipped,2026-06-03T16:33:26Z,2026-06-03T16:33:26Z,0,63c117baba99f9fe17b97da8845338cc24c4c82a
79344573797,26898637532,Create Releases,Check for Publish preview build to pypi-weekly,completed,skipped,2026-06-03T16:31:57Z,2026-06-03T16:31:57Z,0,63c117baba99f9fe17b97da8845338cc24c4c82a
79342884399,26898161203,Create Releases,Check for Publish preview build to pypi-weekly,completed,skipped,2026-06-03T16:23:18Z,2026-06-03T16:23:18Z,0,dbd26657534dc5ca67ae7e06904ada8f565bea99
79342690966,26898107692,Create Releases,Check for Publish preview build to pypi-weekly,completed,skipped,2026-06-03T16:22:18Z,2026-06-03T16:22:18Z,0,ae12b417ce32a1ba40869dc321297baa7859ab66
79341905058,26897891166,Create Releases,Check for Publish preview build to pypi-weekly,completed,skipped,2026-06-03T16:18:17Z,2026-06-03T16:18:16Z,-1,ae12b417ce32a1ba40869dc321297baa7859ab66
79341312823,26897726550,Create Releases,Check for Publish preview build to pypi-weekly,completed,skipped,2026-06-03T16:15:18Z,2026-06-03T16:15:18Z,0,2b06a2a2db75a5f83457af11ae1ad48182f63a29
79339901950,26897339336,Create Releases,Check for Publish preview build to pypi-weekly,completed,skipped,2026-06-03T16:08:12Z,2026-06-03T16:08:11Z,-1,8e3ff7d8127297d2ea720ff219ceed1d0a5426c2
79335579883,26896146595,Create Releases,Check for Publish preview build to pypi-weekly,completed,skipped,2026-06-03T15:47:22Z,2026-06-03T15:47:22Z,0,84d48ac85410d8ba4ebe8ec318b58b912a4b2d3a
79335073502,26895229392,Create Releases,Check for Publish preview build to pypi-weekly,completed,skipped,2026-06-03T15:45:00Z,2026-06-03T15:44:59Z,-1,a4e965f3599a9567619464a0fd69c36355c92305
79544356832,26959127435,Create Releases,Check for Publish preview build to pypi-weekly,completed,skipped,2026-06-04T14:44:15Z,2026-06-04T14:44:14Z,-1,149aea96a2e978b1205543e2499b85d0c8b3fc4d
79543365731,26958849857,Create Releases,Check for Publish preview build to pypi-weekly,completed,skipped,2026-06-04T14:39:27Z,2026-06-04T14:39:27Z,0,e268806e353132e4ce35d1eda59a074033c46131
79476363328,26938639390,Create Releases,Check for Publish preview build to pypi-weekly,completed,skipped,2026-06-04T08:06:58Z,2026-06-04T08:06:57Z,-1,dce5876d6cc6cc30157af7d26a752ef44976da8e
79474340160,26938061975,Create Releases,Check for Publish preview build to pypi-weekly,completed,skipped,2026-06-04T07:54:15Z,2026-06-04T07:54:14Z,-1,05c1bc3bceceb8d3cf11e9e7fc7f19f971c44988
79462299136,26934922689,Create Releases,Check for Publish preview build to pypi-weekly,completed,skipped,2026-06-04T06:27:37Z,2026-06-04T06:27:37Z,0,15375a7d6e80f7d53c8472807e4867c6390db825
79681338827,27000491064,Create Releases,Check for Publish preview build to pypi-weekly,completed,skipped,2026-06-05T07:12:26Z,2026-06-05T07:12:26Z,0,784d2ceb12a7e3e7858bf136c05af879c2e42965
79679692387,27000227793,Create Releases,Check for Publish preview build to pypi-weekly,completed,cancelled,2026-06-05T06:59:17Z,2026-06-05T06:59:17Z,0,b9ff68119193b9efde7e13a82f1ca2661288ccf6
79678643142,27000177828,Create Releases,Check for Publish preview build to pypi-weekly,completed,skipped,2026-06-05T06:50:41Z,2026-06-05T06:50:41Z,0,b9a793a088e532dcaa8681f7acd7befaf8220ba1
79673898050,26998693827,Create Releases,Check for Publish preview build to pypi-weekly,completed,skipped,2026-06-05T06:10:02Z,2026-06-05T06:10:01Z,-1,93558f81c90bb04bb87c05863dad8a5375b76234
79667479811,26996581959,Create Releases,Check for Publish preview build to pypi-weekly,completed,skipped,2026-06-05T05:06:07Z,2026-06-05T05:06:06Z,-1,cba809499d18a2648f76086abd3af7ff2eddb98b
79663509129,26995243178,Create Releases,Check for Publish preview build to pypi-weekly,completed,skipped,2026-06-05T04:23:45Z,2026-06-05T04:23:45Z,0,6cb2e96ceb58b2993f4dc58ec977ec85f45c9582
79662764149,26994989236,Create Releases,Check for Publish preview build to pypi-weekly,completed,skipped,2026-06-05T04:15:20Z,2026-06-05T04:15:20Z,0,758fe9b53c5cc55b03201d535d460e0fbe0e2ebc
79642666262,26969204463,Create Releases,Check for Publish preview build to pypi-weekly,completed,skipped,2026-06-05T00:41:24Z,2026-06-05T00:41:23Z,-1,8e6e47dc023378250c6f013d5c97bb8ce2e9acae
79579647348,26968834429,Create Releases,Check for Publish preview build to pypi-weekly,completed,skipped,2026-06-04T17:44:56Z,2026-06-04T17:44:56Z,0,8e6e47dc023378250c6f013d5c97bb8ce2e9acae
79678381392,26968771270,Create Releases,Check for Publish preview build to pypi-weekly,completed,skipped,2026-06-05T06:48:28Z,2026-06-05T06:48:28Z,0,68fa40b7e677025850d212daeca24a9d7df0e14c
79577943550,26968677220,Create Releases,Check for Publish preview build to pypi-weekly,completed,skipped,2026-06-04T17:35:27Z,2026-06-04T17:35:26Z,-1,cf0915dd67339d38e00f4f5e964b00b8295ab49b
79575952814,26968092798,Create Releases,Check for Publish preview build to pypi-weekly,completed,skipped,2026-06-04T17:24:28Z,2026-06-04T17:24:28Z,0,829a524cd10eac6c2d36b7b613c4ef814396bacc
79854323529,27053879934,Create Releases,Check for Publish preview build to pypi-weekly,completed,skipped,2026-06-06T05:32:57Z,2026-06-06T05:32:57Z,0,a3ca21c719ef813e20c2be2d96e86620618155c6
79800353332,27036088333,Create Releases,Check for Publish preview build to pypi-weekly,completed,skipped,2026-06-05T19:37:40Z,2026-06-05T19:37:40Z,0,c5002602e09879f56021b819877462fd5e0ca309
79796167496,27034872938,Create Releases,Check for Publish preview build to pypi-weekly,completed,skipped,2026-06-05T19:11:16Z,2026-06-05T19:11:15Z,-1,32b24aa2448563682ff6b11b878e972c6e8ca740
79793320287,27034019738,Create Releases,Check for Publish preview build to pypi-weekly,completed,skipped,2026-06-05T18:53:51Z,2026-06-05T18:53:51Z,0,364200fd81f2235a20b906da6d4efdd5d8413f79
79780516681,27030255131,Create Releases,Check for Publish preview build to pypi-weekly,completed,skipped,2026-06-05T17:35:18Z,2026-06-05T17:35:18Z,0,efa3b9308fb4c0868ed27764d81d51e4188268ea
79781909256,27029585082,Create Releases,Check for Publish preview build to pypi-weekly,completed,skipped,2026-06-05T17:43:48Z,2026-06-05T17:43:48Z,0,719944e3cc5b0d9fc4e90fff0551dbfe77bc641a
79763864446,27024716395,Create Releases,Check for Publish preview build to pypi-weekly,completed,skipped,2026-06-05T15:56:10Z,2026-06-05T15:56:10Z,0,a31da393ae2dbe603720ee30f563d2870a00871a
79761346968,27024625398,Create Releases,Check for Publish preview build to pypi-weekly,completed,skipped,2026-06-05T15:41:31Z,2026-06-05T15:41:31Z,0,eb46e38284d641ebf03f7060966125564fccbd82
79761682078,27024110553,Create Releases,Check for Publish preview build to pypi-weekly,completed,cancelled,2026-06-05T15:43:26Z,2026-06-05T15:43:26Z,0,fe2040a624294669946b45aef5ccf8aee07907ff
79757939597,27023303376,Create Releases,Check for Publish preview build to pypi-weekly,completed,skipped,2026-06-05T15:22:16Z,2026-06-05T15:22:15Z,-1,e069930fc28a8e81ad2e1017b4a3f2c40e7ef8f1
79775220220,27022159160,Create Releases,Check for Publish preview build to pypi-weekly,completed,skipped,2026-06-05T17:03:05Z,2026-06-05T17:03:05Z,0,5bc7af854913c7bde2db9a910d9b4c633a72138e
79752117492,27021038774,Create Releases,Check for Publish preview build to pypi-weekly,completed,skipped,2026-06-05T14:51:01Z,2026-06-05T14:51:00Z,-1,d47c75cc3badbe4179f4f00dc955cc4e4a0e2a90
79746067647,27019630220,Create Releases,Check for Publish preview build to pypi-weekly,completed,skipped,2026-06-05T14:18:35Z,2026-06-05T14:18:35Z,0,33f83238be07095aed0ce3d14c65c748629b2757
79739125820,27018309740,Create Releases,Check for Publish preview build to pypi-weekly,completed,skipped,2026-06-05T13:40:41Z,2026-06-05T13:40:41Z,0,3e18272e1626f77ca41fe8fae74a099919ce9e3f
79728092676,27015131295,Create Releases,Check for Publish preview build to pypi-weekly,completed,skipped,2026-06-05T12:34:36Z,2026-06-05T12:34:36Z,0,9ad3dafceae250b90d2ee30de6ce275f2cc08ce7
79715458412,27011353829,Create Releases,Check for Publish preview build to pypi-weekly,completed,skipped,2026-06-05T11:08:06Z,2026-06-05T11:08:06Z,0,e708fbb886db4a5b2dcb8c6334a7aefc30c93ca8
79712973525,27010603465,Create Releases,Check for Publish preview build to pypi-weekly,completed,skipped,2026-06-05T10:50:21Z,2026-06-05T10:50:21Z,0,b20cfea505b61512cbae0aba40c1b5e12ba8c463
79711015687,27010010377,Create Releases,Check for Publish preview build to pypi-weekly,completed,skipped,2026-06-05T10:36:19Z,2026-06-05T10:36:19Z,0,74fac9974ef591cbf9c4e0bb80d0af0b06330e95
79704245089,27007969124,Create Releases,Check for Publish preview build to pypi-weekly,completed,skipped,2026-06-05T09:49:58Z,2026-06-05T09:49:58Z,0,33f83238be07095aed0ce3d14c65c748629b2757
79701221204,27006601837,Create Releases,Check for Publish preview build to pypi-weekly,completed,skipped,2026-06-05T09:30:07Z,2026-06-05T09:30:07Z,0,53d61200c0b966f39027ea46ea4e3078363a0308
79699269976,27006496942,Create Releases,Check for Publish preview build to pypi-weekly,completed,skipped,2026-06-05T09:17:11Z,2026-06-05T09:17:11Z,0,c3156622505a4313ce3836d660cf0547e249957e
79699170915,27006467905,Create Releases,Check for Publish preview build to pypi-weekly,completed,skipped,2026-06-05T09:16:32Z,2026-06-05T09:16:32Z,0,f2c729c3a3f3ae7572dacdbdf9f6c34b8780183e
79698959196,27006405190,Create Releases,Check for Publish preview build to pypi-weekly,completed,skipped,2026-06-05T09:15:10Z,2026-06-05T09:15:09Z,-1,9891d7ef253ada73d188b8937833e53bc5d2bd67
79698408904,27006240897,Create Releases,Check for Publish preview build to pypi-weekly,completed,skipped,2026-06-05T09:11:31Z,2026-06-05T09:11:31Z,0,17cfefe073714b517700eb733779fc1de7a2caeb
79698285404,27006205457,Create Releases,Check for Publish preview build to pypi-weekly,completed,skipped,2026-06-05T09:10:42Z,2026-06-05T09:10:42Z,0,7099b8cb575fbf6f0ef85f0aea0445ade7926e97
79696893680,27005788444,Create Releases,Check for Publish preview build to pypi-weekly,completed,skipped,2026-06-05T09:01:31Z,2026-06-05T09:01:31Z,0,33406e12e52f32c42c789931ce22accde8fd4899
79696774391,27005753798,Create Releases,Check for Publish preview build to pypi-weekly,completed,skipped,2026-06-05T09:00:45Z,2026-06-05T09:00:45Z,0,040c604c8c7312bc40902f443816647450a08d28
79696633307,27005709619,Create Releases,Check for Publish preview build to pypi-weekly,completed,skipped,2026-06-05T08:59:52Z,2026-06-05T08:59:52Z,0,040c604c8c7312bc40902f443816647450a08d28
79929624823,27075331348,Create Releases,Check for Publish preview build to pypi-weekly,completed,skipped,2026-06-07T03:56:04Z,2026-06-07T03:56:04Z,0,f69e77544694945fd9be9064d71a5fd1d60478c2
79910363396,27074747001,Create Releases,Check for Publish preview build to pypi-weekly,completed,skipped,2026-06-06T21:50:44Z,2026-06-06T21:50:44Z,0,b06ab360fa74d114ea69cd8f92ce17d619980c9d
79893999667,27068713061,Create Releases,Check for Publish preview build to pypi-weekly,completed,skipped,2026-06-06T17:13:29Z,2026-06-06T17:13:29Z,0,9b42b79aecd1fbe15d5f2f7861f841bbddb2df34
79886359513,27065525661,Create Releases,Check for Publish preview build to pypi-weekly,completed,skipped,2026-06-06T15:07:58Z,2026-06-06T15:07:58Z,0,8b5d2fc7df5dadaafc2d2ba5d2274afa4b1d641b
79974351881,27097908531,Create Releases,Check for Publish preview build to pypi-weekly,completed,skipped,2026-06-07T16:31:21Z,2026-06-07T16:31:21Z,0,0572774e2233e7e481992a1ce049844dad01d6ea
79969896244,27096638511,Create Releases,Check for Publish preview build to pypi-weekly,completed,skipped,2026-06-07T15:23:00Z,2026-06-07T15:23:00Z,0,de430889600a0e59b839b74c7e9e349efcbdbdfb
79969888502,27096638507,Create Releases,Check for Publish preview build to pypi-weekly,completed,skipped,2026-06-07T15:22:53Z,2026-06-07T15:22:53Z,0,de430889600a0e59b839b74c7e9e349efcbdbdfb
80015114921,27113262230,Create Releases,Check for Publish preview build to pypi-weekly,completed,skipped,2026-06-08T02:52:29Z,2026-06-08T02:52:29Z,0,9eb1c3eb834e82252acd8e5ea46540cc78a9ac37
80007714173,27110299214,Create Releases,Check for Publish preview build to pypi-weekly,completed,success,2026-06-08T01:13:47Z,2026-06-08T01:13:49Z,2,b55282569f300ebe00a3e8ac90462421c6cca5e7
80047591235,27123946659,Create Releases,Check for Publish preview build to pypi-weekly,completed,skipped,2026-06-08T08:00:04Z,2026-06-08T08:00:03Z,-1,a9f6f879c8d599a6bccd02b6aea6560cf47453ca
80047333037,27123871550,Create Releases,Check for Publish preview build to pypi-weekly,completed,skipped,2026-06-08T07:58:25Z,2026-06-08T07:58:25Z,0,a9f6f879c8d599a6bccd02b6aea6560cf47453ca
80178312859,27161638100,Create Releases,Check for Publish preview build to pypi-weekly,completed,skipped,2026-06-08T19:26:54Z,2026-06-08T19:26:53Z,-1,67fc8ed1e2b49e40c5e3ed73de825123962e8f7d
80176675382,27161162599,Create Releases,Check for Publish preview build to pypi-weekly,completed,skipped,2026-06-08T19:17:57Z,2026-06-08T19:17:56Z,-1,217211e9ba6d9f51c4aa5f7dbdfa7db927382514
80173560710,27160260056,Create Releases,Check for Publish preview build to pypi-weekly,completed,skipped,2026-06-08T19:01:25Z,2026-06-08T19:01:24Z,-1,0bf378b7e753a440b0c7fe11af3fd3763d6a4ff7
80233771372,27178956756,Create Releases,Check for Publish preview build to pypi-weekly,completed,skipped,2026-06-09T01:56:48Z,2026-06-09T01:56:47Z,-1,91feaf0c64adff1d417a117e25e046429e0c61e1
80233226135,27178767269,Create Releases,Check for Publish preview build to pypi-weekly,completed,skipped,2026-06-09T01:51:17Z,2026-06-09T01:51:17Z,0,4e7139f108bc6f0154d95527188820cdc9aeba5e
80222381252,27175153668,Create Releases,Check for Publish preview build to pypi-weekly,completed,skipped,2026-06-09T00:09:35Z,2026-06-09T00:09:35Z,0,25cc1758467cd50fed20309761b8a66cf41cfec6
80220085351,27174364413,Create Releases,Check for Publish preview build to pypi-weekly,completed,skipped,2026-06-08T23:49:54Z,2026-06-08T23:49:54Z,0,91feaf0c64adff1d417a117e25e046429e0c61e1
80218314737,27173783091,Create Releases,Check for Publish preview build to pypi-weekly,completed,skipped,2026-06-08T23:34:40Z,2026-06-08T23:34:40Z,0,55d942ea6eb45463d6354a545eba0cba577c3cfb
80218146295,27173726072,Create Releases,Check for Publish preview build to pypi-weekly,completed,skipped,2026-06-08T23:33:18Z,2026-06-08T23:33:18Z,0,9bf98636aa063d67bb064f3651c7e8c26e487f32
80217664908,27173571307,Create Releases,Check for Publish preview build to pypi-weekly,completed,skipped,2026-06-08T23:29:29Z,2026-06-08T23:29:28Z,-1,1912272f202a84087f63ca888925813813d2e264
80212964628,27172004106,Create Releases,Check for Publish preview build to pypi-weekly,completed,skipped,2026-06-08T22:51:38Z,2026-06-08T22:51:37Z,-1,f0a806e15467ca7cff997ad38317ad8ed9bb15aa
80202769310,27168811030,Create Releases,Check for Publish preview build to pypi-weekly,completed,skipped,2026-06-08T21:42:49Z,2026-06-08T21:42:48Z,-1,04138e07da14f1eb60f5619f038e044eec365c1e
80202749533,27168810326,Create Releases,Check for Publish preview build to pypi-weekly,completed,skipped,2026-06-08T21:42:41Z,2026-06-08T21:42:41Z,0,04138e07da14f1eb60f5619f038e044eec365c1e
