job_id,run_id,workflow,job_name,status,conclusion,started_at,completed_at,duration_seconds,head_sha
78549809476,26651221421,clang-tidy,clang-tidy,completed,success,2026-05-29T17:10:33Z,2026-05-29T17:14:35Z,242,b766fa6d7078dc407c7e8a5e24d699af35ab7c0d
78545976849,26650117569,clang-tidy,clang-tidy,completed,success,2026-05-29T16:47:19Z,2026-05-29T16:51:32Z,253,b1ec30d6fe7202f0bdb293ad074fc01fb1906111
78505819638,26632898676,clang-tidy,clang-tidy,completed,success,2026-05-29T13:02:11Z,2026-05-29T13:06:12Z,241,8f06c299e99e212a6d50bd28fc55ad85b5140668
78407320122,26607947703,clang-tidy,clang-tidy,completed,success,2026-05-28T23:17:41Z,2026-05-28T23:21:58Z,257,185e494c29df7cb86a7173938b0c41a89c1a66ff
78405975343,26607525918,clang-tidy,clang-tidy,completed,success,2026-05-28T23:06:14Z,2026-05-28T23:10:22Z,248,6d53b6f88a23a92e320f8c44abd1d53499281dd3
78404828488,26607167568,clang-tidy,clang-tidy,completed,success,2026-05-28T22:56:54Z,2026-05-28T23:01:12Z,258,76390cb7176ceffa1ea4b23227c91cbe79dc02d8
78403311287,26606681606,clang-tidy,clang-tidy,completed,success,2026-05-28T22:44:44Z,2026-05-28T22:49:07Z,263,778c3c13dea84a4858402b5559b2d7efffb2d724
78401651576,26606146322,clang-tidy,clang-tidy,completed,success,2026-05-28T22:32:22Z,2026-05-28T22:36:27Z,245,b4f1a6530e53c550b8f82b61c5650758ccc9b136
78401319839,26606053911,clang-tidy,clang-tidy,completed,cancelled,2026-05-28T22:30:00Z,2026-05-28T22:32:20Z,140,1506c39e52f05b1dc94b4946b8e4a64fcec45e37
78399832563,26605591793,clang-tidy,clang-tidy,completed,success,2026-05-28T22:19:01Z,2026-05-28T22:23:06Z,245,0e3903b87a1ae564246fdb370a567cc3995ba8b3
78398554640,26605209150,clang-tidy,clang-tidy,completed,success,2026-05-28T22:09:46Z,2026-05-28T22:13:59Z,253,70452e7b7736d66307327e068bbb2907331dcc47
78396532383,26604593780,clang-tidy,clang-tidy,completed,success,2026-05-28T21:56:02Z,2026-05-28T22:00:23Z,261,70452e7b7736d66307327e068bbb2907331dcc47
78396340561,26604543169,clang-tidy,clang-tidy,completed,cancelled,2026-05-28T21:54:46Z,2026-05-28T21:55:58Z,72,1f964887631491adfe96111ce4024c4b5058b09c
78395914808,26604421590,clang-tidy,clang-tidy,completed,cancelled,2026-05-28T21:52:04Z,2026-05-28T21:54:44Z,160,5b6d694c237733c892843343b812e2e6e25ac683
78382971244,26600587200,clang-tidy,clang-tidy,completed,success,2026-05-28T20:33:52Z,2026-05-28T20:37:55Z,243,1647a460914ad52cac95d583e5ae18959439d22e
78382829504,26600559796,clang-tidy,clang-tidy,completed,cancelled,2026-05-28T20:33:01Z,2026-05-28T20:33:49Z,48,b201509a671d6ab188b35a16bfe49cfda7ae1840
78280447516,26571768899,clang-tidy,clang-tidy,completed,success,2026-05-28T11:25:20Z,2026-05-28T11:29:20Z,240,a23bf1c354fb25697c0bca8640d7c50700c782cb
78213540833,26551214241,clang-tidy,clang-tidy,completed,success,2026-05-28T02:37:39Z,2026-05-28T02:41:54Z,255,8a8144ced43f8c777084289aa10faa16d3b93643
78191278482,26543846992,clang-tidy,clang-tidy,completed,success,2026-05-27T23:02:17Z,2026-05-27T23:06:20Z,243,f5348fb40b6d66a5b2c76800a4a851bf7e57da67
78180467201,26540491868,clang-tidy,clang-tidy,completed,success,2026-05-27T21:43:10Z,2026-05-27T21:47:11Z,241,e086903b078abc7d238110addd67da9b8680b609
78179593201,26540229617,clang-tidy,clang-tidy,completed,success,2026-05-27T21:37:26Z,2026-05-27T21:41:29Z,243,2ab3bacb82e3a96888e66d5b07966a084c1de555
78178478077,26539898388,clang-tidy,clang-tidy,completed,success,2026-05-27T21:30:34Z,2026-05-27T21:35:11Z,277,f02702131da453a50c5d1ad1e800e4e26060bdff
78177601468,26539635990,clang-tidy,clang-tidy,completed,success,2026-05-27T21:25:01Z,2026-05-27T21:29:10Z,249,395e5ac15ee98517fc57b3684b9f4173cc194ba3
78165481976,26536162045,clang-tidy,clang-tidy,completed,success,2026-05-27T20:14:59Z,2026-05-27T20:19:04Z,245,93d9f12a3d810b92d9aa6cda961f5b020f3315ac
78169596137,26532732640,clang-tidy,clang-tidy,completed,success,2026-05-27T20:38:09Z,2026-05-27T20:42:15Z,246,28646540fda34393bd35e0da214b0706811e5d43
78137763137,26528165014,clang-tidy,clang-tidy,completed,success,2026-05-27T17:43:04Z,2026-05-27T17:47:15Z,251,1fe72a6e99c73d5135441efc91357074c2a8fe9a
78131994920,26526652255,clang-tidy,clang-tidy,completed,success,2026-05-27T17:11:45Z,2026-05-27T17:16:11Z,266,e1481b1df670e3620b2b60cb7e8f19c0f23e86ea
78117758803,26522658401,clang-tidy,clang-tidy,completed,success,2026-05-27T15:57:40Z,2026-05-27T16:02:16Z,276,6a46603ae02b7e8ae19b4ee49d8a8a8ac1bcff47
78009290593,26491232665,clang-tidy,clang-tidy,completed,success,2026-05-27T04:42:38Z,2026-05-27T04:46:42Z,244,864742983359bfa003ce7bfce534f7d1eb099bad
78004095755,26488442025,clang-tidy,clang-tidy,completed,success,2026-05-27T03:46:41Z,2026-05-27T03:50:57Z,256,803158c5ccbf8e7e4742cdea9b1d328cddbacb61
78004232360,26488142846,clang-tidy,clang-tidy,completed,success,2026-05-27T03:48:13Z,2026-05-27T03:52:21Z,248,19767c8d3dfb9002678ed02e5dd7260716fdef7e
77979931129,26476878167,clang-tidy,clang-tidy,completed,success,2026-05-26T23:43:00Z,2026-05-26T23:47:14Z,254,a9b1e880358efa66149bff8d2e056f6c3f4e0315
77962924412,26475204547,clang-tidy,clang-tidy,completed,success,2026-05-26T21:32:31Z,2026-05-26T21:36:53Z,262,b6885215a27a4727e6f6427b67729217194cf012
77979573439,26466634071,clang-tidy,clang-tidy,completed,success,2026-05-26T23:39:42Z,2026-05-26T23:43:51Z,249,c7920c619092d9c567439505b20c411b54c31d44
77802323749,26430404413,clang-tidy,clang-tidy,completed,success,2026-05-26T03:24:02Z,2026-05-26T03:28:15Z,253,edc823dbe63776a999a3223470bcdcf5b93e53e5
77637332725,26376417237,clang-tidy,clang-tidy,completed,failure,2026-05-24T23:59:48Z,2026-05-25T00:00:57Z,69,6537780fd134b14fde438455141a3f379b0d2ec0
77583580880,26356317483,clang-tidy,clang-tidy,completed,success,2026-05-24T08:26:20Z,2026-05-24T08:30:26Z,246,22159d17d6150b0c92280545ac6502f308addfb3
77576121341,26353600725,clang-tidy,clang-tidy,completed,success,2026-05-24T06:05:40Z,2026-05-24T06:09:58Z,258,790c1fe8795debd347d058950a051c4ab13c9d42
77547571422,26342775935,clang-tidy,clang-tidy,completed,success,2026-05-23T20:28:53Z,2026-05-23T20:33:00Z,247,9d40fd34d2e3bf69d8d327764724ec93f21b884a
77544227307,26341494244,clang-tidy,clang-tidy,completed,success,2026-05-23T19:27:14Z,2026-05-23T19:31:26Z,252,25680a60544415a2df6cc5ddcbec30e92d5d6ad5
77537363594,26338926632,clang-tidy,clang-tidy,completed,success,2026-05-23T17:22:49Z,2026-05-23T17:26:51Z,242,0ce10a714cf980589dc7c6125a2905dd5df652d6
77533810904,26337586721,clang-tidy,clang-tidy,completed,success,2026-05-23T16:17:30Z,2026-05-23T16:21:43Z,253,337ec8abf01a524f2032ffc0f94b16048e7fef7a
77529991243,26336114207,clang-tidy,clang-tidy,completed,success,2026-05-23T15:07:08Z,2026-05-23T15:11:10Z,242,1c8122c8fb232603e9fd2ddd08d8aab63fbf61ac
77529368578,26335871970,clang-tidy,clang-tidy,completed,success,2026-05-23T14:55:51Z,2026-05-23T14:59:59Z,248,aa4bd0cd35ab6339f6020f031cf80be53182376d
77527596254,26335177382,clang-tidy,clang-tidy,completed,success,2026-05-23T14:25:26Z,2026-05-23T14:29:50Z,264,f34e0a34792a759aa35db9f29f8c848146482ede
77527490595,26335141818,clang-tidy,clang-tidy,completed,cancelled,2026-05-23T14:23:26Z,2026-05-23T14:25:24Z,118,be6b67e73de7b08571f15a88f2582df6a27cf7ae
77526770949,26334857831,clang-tidy,clang-tidy,completed,success,2026-05-23T14:10:01Z,2026-05-23T14:14:21Z,260,8924febb0e4a559ac0eb5a41424ce7049988004f
77524138569,26333819367,clang-tidy,clang-tidy,completed,success,2026-05-23T13:21:52Z,2026-05-23T13:26:00Z,248,6e137ff6394e30b34fd69bee0f6bbc90e74e48a2
77522758222,26333275995,clang-tidy,clang-tidy,completed,success,2026-05-23T12:56:00Z,2026-05-23T13:00:06Z,246,5439808b267835574ecd8282d0ed779b7cc7d455
77522723589,26333262254,clang-tidy,clang-tidy,completed,success,2026-05-23T12:55:20Z,2026-05-23T12:59:31Z,251,76fe8134c705a2c5e7ba3e3a661b772ed9dda0ea
77509038777,26327983012,clang-tidy,clang-tidy,completed,success,2026-05-23T08:21:43Z,2026-05-23T08:25:46Z,243,a78b74ea597243b6ccad9960d641f84d4e122237
77506463141,26327007786,clang-tidy,clang-tidy,completed,success,2026-05-23T07:31:32Z,2026-05-23T07:35:48Z,256,f229200944638c9e4c3aaf264386c146de6b0ee4
77497542346,26323777896,clang-tidy,clang-tidy,completed,success,2026-05-23T04:44:48Z,2026-05-23T04:49:04Z,256,032124f04222d6f7f657bd803059825d0f730afb
77496876953,26323525370,clang-tidy,clang-tidy,completed,success,2026-05-23T04:31:46Z,2026-05-23T04:35:58Z,252,6d61e1612a38ceda3bcc4ac71440570a2c363324
77496313208,26323315234,clang-tidy,clang-tidy,completed,success,2026-05-23T04:21:14Z,2026-05-23T04:25:24Z,250,343b46d8ba7f0039d2bf05268f11a6cdbd594663
77496198384,26323281169,clang-tidy,clang-tidy,completed,cancelled,2026-05-23T04:19:19Z,2026-05-23T04:21:12Z,113,523a11c04efb5a44dcf8a5a2047a8bf8cfb91f99
77465062207,26306740063,clang-tidy,clang-tidy,completed,success,2026-05-22T21:25:22Z,2026-05-22T21:29:20Z,238,73417bdc757e606404d37e530bdd36176382dd93
77444355841,26306158031,clang-tidy,clang-tidy,completed,success,2026-05-22T18:59:22Z,2026-05-22T19:03:32Z,250,8f767a86462429bd939adbcb3a587f8a3df94c48
77442011767,26305750535,clang-tidy,clang-tidy,completed,success,2026-05-22T18:43:58Z,2026-05-22T18:48:13Z,255,d33e14b757bbf7b7f6000f3dc942e6bc0e16bbb5
77423789568,26300408509,clang-tidy,clang-tidy,completed,success,2026-05-22T16:45:37Z,2026-05-22T16:49:35Z,238,d68d644de98b3d800496a7a3946dd0bab570deaa
77422653467,26299007081,clang-tidy,clang-tidy,completed,success,2026-05-22T16:38:24Z,2026-05-22T16:42:34Z,250,ad72414dfe19d20c6bce7d57f61aff5a63a63d47
77364016721,26283129426,clang-tidy,clang-tidy,completed,success,2026-05-22T10:42:11Z,2026-05-22T10:46:17Z,246,fdb7de26ce8a08bbd643ca04d90059fdc12e3043
77318249858,26268992795,clang-tidy,clang-tidy,completed,success,2026-05-22T04:47:57Z,2026-05-22T04:52:02Z,245,11b3e5264149125d82b0d623781ab6ecc7455540
77227443424,26241125536,clang-tidy,clang-tidy,completed,success,2026-05-21T17:07:54Z,2026-05-21T17:12:08Z,254,fea12954095bccdb7d952feb25a1868d1258cb36
77223752623,26240080856,clang-tidy,clang-tidy,completed,success,2026-05-21T16:48:09Z,2026-05-21T16:52:31Z,262,bd8ccd1e035404ae71b5bff54963cd90e693d98e
77219928863,26238564144,clang-tidy,clang-tidy,completed,success,2026-05-21T16:27:18Z,2026-05-21T16:31:18Z,240,a5a75e37de4842324316b83bb6063faa917ec437
77216892789,26238126267,clang-tidy,clang-tidy,completed,success,2026-05-21T16:11:12Z,2026-05-21T16:15:37Z,265,c0e4907f644fadff45aaa22494fb50231a6f6eac
77216121214,26237744810,clang-tidy,clang-tidy,completed,success,2026-05-21T16:07:11Z,2026-05-21T16:11:22Z,251,0e7994d149008f7e2a8fca77a9ac1e7b99cf088a
77145952961,26218195449,clang-tidy,clang-tidy,completed,success,2026-05-21T09:40:26Z,2026-05-21T09:44:54Z,268,6e3c99c7c4ce0fd6550fb97b3365e64d4050bfa4
77102844048,26204985850,clang-tidy,clang-tidy,completed,success,2026-05-21T04:13:01Z,2026-05-21T04:17:14Z,253,0ab94f6e303b5a0f658abb41a889c50bb00e8936
77095714809,26202672241,clang-tidy,clang-tidy,completed,success,2026-05-21T02:55:25Z,2026-05-21T02:59:29Z,244,439d5e2ac9b758bd0924f47b0c580b69f9bb7515
77092223450,26201484156,clang-tidy,clang-tidy,completed,success,2026-05-21T02:16:59Z,2026-05-21T02:21:19Z,260,7965aa7d9f4dbed491191e0d431f89073fd1a079
77070713136,26194503907,clang-tidy,clang-tidy,completed,success,2026-05-20T22:49:58Z,2026-05-20T22:54:12Z,254,687c4e538d38b46fb2c367ea570414dc5621bccd
77069710884,26194190472,clang-tidy,clang-tidy,completed,success,2026-05-20T22:41:53Z,2026-05-20T22:46:04Z,251,30783cc52463f90aa87c430411dd4d0adce3dda8
77068190898,26193725422,clang-tidy,clang-tidy,completed,failure,2026-05-20T22:30:19Z,2026-05-20T22:34:31Z,252,ec91dc49c6747028183a991f131a5f918099b79c
77063649447,26191209352,clang-tidy,clang-tidy,completed,success,2026-05-20T21:57:39Z,2026-05-20T22:01:53Z,254,6495baade444e787cfac626651beb910f9b6942b
77050375381,26188500921,clang-tidy,clang-tidy,completed,failure,2026-05-20T20:36:58Z,2026-05-20T20:41:07Z,249,9c1a22ba456586ae3496476bc961c12ba78ac6d1
77049444314,26188232706,clang-tidy,clang-tidy,completed,failure,2026-05-20T20:31:44Z,2026-05-20T20:36:14Z,270,73736f2de2a1d852565006531f30475f2e38c7eb
77043188283,26186433319,clang-tidy,clang-tidy,completed,failure,2026-05-20T19:56:41Z,2026-05-20T20:00:53Z,252,0d584dc4226e82fce208697f897bc8748f8d2862
77042676797,26186315905,clang-tidy,clang-tidy,completed,cancelled,2026-05-20T19:53:49Z,2026-05-20T19:56:37Z,168,dbf812548ab8d293239f081b0405caef02a6f393
77029997851,26182761195,clang-tidy,clang-tidy,completed,success,2026-05-20T18:43:47Z,2026-05-20T18:47:59Z,252,b109d15f0df9d0f698ca17425b4d30d3053f0b47
77027935951,26182174536,clang-tidy,clang-tidy,completed,success,2026-05-20T18:32:18Z,2026-05-20T18:36:35Z,257,01b4a3fd71a222fe6a1124e67d5f648d0580078e
77026939573,26181885903,clang-tidy,clang-tidy,completed,success,2026-05-20T18:26:51Z,2026-05-20T18:30:57Z,246,0ebe0841967a1fe2e143eaf5bed12fd43a14690a
77025076480,26181149794,clang-tidy,clang-tidy,completed,success,2026-05-20T18:16:35Z,2026-05-20T18:20:46Z,251,c6e382e9cae93dfd03ff0330ced1e66de5636c7d
76997262788,26173470804,clang-tidy,clang-tidy,completed,success,2026-05-20T15:44:16Z,2026-05-20T15:48:25Z,249,b6f803ec4bb88f80bd775e72a254ada3df11f04f
76955663316,26161905057,clang-tidy,clang-tidy,completed,success,2026-05-20T12:16:16Z,2026-05-20T12:20:23Z,247,a6f1908b9bd0cae2b20460a5ff546a870624906c
76888271717,26141652745,clang-tidy,clang-tidy,completed,success,2026-05-20T04:38:35Z,2026-05-20T04:43:00Z,265,1ea440d9370d4e7b01b45b1d40f8c555e3c4bb73
76883826025,26140157224,clang-tidy,clang-tidy,completed,success,2026-05-20T03:51:45Z,2026-05-20T03:55:46Z,241,ab50333114d62139c4de669a6494b4939e193eea
76883719196,26140121602,clang-tidy,clang-tidy,completed,success,2026-05-20T03:50:35Z,2026-05-20T03:54:48Z,253,9fd2601d333615fcbccf6ebb1c521ece713042e0
76833058077,26124039648,clang-tidy,clang-tidy,completed,success,2026-05-19T20:41:49Z,2026-05-19T20:45:49Z,240,2ec288908952eea9dcf48d4b197915e1f72c6abf
76828245157,26122628015,clang-tidy,clang-tidy,completed,success,2026-05-19T20:15:03Z,2026-05-19T20:19:20Z,257,6dde82facd897befc16bcd416a7924d76051f60a
76809338447,26117168937,clang-tidy,clang-tidy,completed,success,2026-05-19T18:30:25Z,2026-05-19T18:34:47Z,262,2cc8189e08b9f5131433f2cc0e9e66cb6e891817
76800906080,26114721925,clang-tidy,clang-tidy,completed,success,2026-05-19T17:44:22Z,2026-05-19T17:48:27Z,245,4f7fd4f4b142006dbee8e85d8eb6da2517db04f6
76800700658,26114679071,clang-tidy,clang-tidy,completed,cancelled,2026-05-19T17:43:15Z,2026-05-19T17:44:19Z,64,3db57e156e48797fc0bda9660de4fb736cc1b9d7
76713895424,26090289411,clang-tidy,clang-tidy,completed,success,2026-05-19T10:03:53Z,2026-05-19T10:08:22Z,269,7a1b99e3e49533f6a82a11d6f8a421a3c70c1a5f
76704883023,26087680617,clang-tidy,clang-tidy,completed,success,2026-05-19T09:10:57Z,2026-05-19T09:15:13Z,256,1ad2a6407a5b776ef319b5bdcff666f3f3a166af
76703526379,26087291609,clang-tidy,clang-tidy,completed,success,2026-05-19T09:02:52Z,2026-05-19T09:07:07Z,255,9a48f83aa6673619a9ef7641f7891e1f0f66b076
76702158230,26086890315,clang-tidy,clang-tidy,completed,success,2026-05-19T08:54:50Z,2026-05-19T08:59:06Z,256,251494ff6aa42e8781718fd83612517ed1d44a9c
76698337867,26085760261,clang-tidy,clang-tidy,completed,success,2026-05-19T08:31:42Z,2026-05-19T08:35:42Z,240,f07e915ce723e6919d771dd2fdaa3e299e3d83b5
76644268853,26068412940,clang-tidy,clang-tidy,completed,success,2026-05-19T00:24:05Z,2026-05-19T00:28:15Z,250,c94546f8cf6fe683bc78c2998043f8ec128c3376
76643947208,26068318795,clang-tidy,clang-tidy,completed,cancelled,2026-05-19T00:20:59Z,2026-05-19T00:24:02Z,183,3a50ca940b99036f090b8aef72b39e2aec90a0d6
76638915991,26066665322,clang-tidy,clang-tidy,completed,success,2026-05-18T23:34:21Z,2026-05-18T23:38:44Z,263,93bb6190d6697d0594d3ee6c2f1235d42a23f200
76626564055,26062737598,clang-tidy,clang-tidy,completed,success,2026-05-18T21:54:49Z,2026-05-18T21:58:52Z,243,c96c82d8c2db629c764f0566fb5b1e66c43412b2
76626107213,26062595282,clang-tidy,clang-tidy,completed,success,2026-05-18T21:51:38Z,2026-05-18T21:55:48Z,250,9f31f837b85853c136e0b001f8908e3d0c117706
76618962982,26060437359,clang-tidy,clang-tidy,completed,success,2026-05-18T21:05:26Z,2026-05-18T21:09:37Z,251,fd25487ea781eb2c9a2a3e3a3edf043d743d63d1
76616274097,26059645030,clang-tidy,clang-tidy,completed,success,2026-05-18T20:49:23Z,2026-05-18T20:53:29Z,246,fa652d85c14b532f12fef14dfd2c2acf675f2d3e
76613905155,26058934457,clang-tidy,clang-tidy,completed,success,2026-05-18T20:35:33Z,2026-05-18T20:39:54Z,261,e3fd238cc76987440da4ebedc747010a813a49e0
76612710744,26058576621,clang-tidy,clang-tidy,completed,success,2026-05-18T20:28:36Z,2026-05-18T20:32:34Z,238,701a92af3f28f5eb51d28ffd71cc9ce956cececf
76611039527,26058067789,clang-tidy,clang-tidy,completed,success,2026-05-18T20:18:19Z,2026-05-18T20:22:28Z,249,58c7d79465f8eeccf1596727f42443e60d233a43
76607293721,26056949614,clang-tidy,clang-tidy,completed,success,2026-05-18T19:55:25Z,2026-05-18T19:59:29Z,244,762224e7c8e460cbda6d838caa9d452182ba629e
76605332739,26056362943,clang-tidy,clang-tidy,completed,success,2026-05-18T19:43:40Z,2026-05-18T19:47:35Z,235,da331ecfb45084c40209bb43123729de2f71765f
76604591289,26056138778,clang-tidy,clang-tidy,completed,success,2026-05-18T19:39:16Z,2026-05-18T19:43:08Z,232,5d4454e27ac5b324ff3ba5de7266bf6ccfe9f103
76596123512,26053617803,clang-tidy,clang-tidy,completed,success,2026-05-18T18:49:53Z,2026-05-18T18:53:58Z,245,72eac1a91ec7eab440bd02009d9622e15b143052
76585292647,26050403474,clang-tidy,clang-tidy,completed,success,2026-05-18T17:47:11Z,2026-05-18T17:51:14Z,243,ade0ee5827c08b5b119f58eabcd766203d695cce
76582086724,26049453272,clang-tidy,clang-tidy,completed,success,2026-05-18T17:28:41Z,2026-05-18T17:32:45Z,244,f3d74bbaa34865ca9f60cbcbed8a7d996e83cbec
76580847747,26049087953,clang-tidy,clang-tidy,completed,success,2026-05-18T17:21:33Z,2026-05-18T17:25:46Z,253,e3c0ff6a4d8710432102e17872916a663c3aa587
76579862162,26048798933,clang-tidy,clang-tidy,completed,success,2026-05-18T17:15:54Z,2026-05-18T17:20:03Z,249,38dcbc96bdaf84c3858c906319f5e6c29087ea0d
76554989063,26041753897,clang-tidy,clang-tidy,completed,success,2026-05-18T15:02:23Z,2026-05-18T15:06:28Z,245,30887a4fd7f1c29f79526dda2aa2ab13f38d9161
76495366692,26024835159,clang-tidy,clang-tidy,completed,success,2026-05-18T09:23:30Z,2026-05-18T09:27:43Z,253,8288fe1e5d48fb5b81db7b848e4ba3663e4c8243
76460804854,26014209530,clang-tidy,clang-tidy,completed,success,2026-05-18T04:51:42Z,2026-05-18T04:55:45Z,243,36de9ed25c649d6b657b3618c7ed924352b2bf2e
76456131050,26012592204,clang-tidy,clang-tidy,completed,success,2026-05-18T03:54:04Z,2026-05-18T03:58:32Z,268,9bf9124819bb5864f85df340be60fd58dddbd0c9
76455590947,26012404205,clang-tidy,clang-tidy,completed,success,2026-05-18T03:47:11Z,2026-05-18T03:51:35Z,264,3252bdbbde6dd414eadac2ac48f7e493f9ad2531
76448245956,26009846724,clang-tidy,clang-tidy,completed,success,2026-05-18T02:11:33Z,2026-05-18T02:15:48Z,255,dfd956c14ad0ab9243a0f9c1481623b397f98e7c
76437095454,26005840460,clang-tidy,clang-tidy,completed,success,2026-05-17T23:28:36Z,2026-05-17T23:32:44Z,248,d8820d4cfee132b4fd01c2a0c2c4a2e71e02427a
76436904508,26005768431,clang-tidy,clang-tidy,completed,cancelled,2026-05-17T23:25:12Z,2026-05-17T23:28:33Z,201,7aa7013aa3b1d5f98692d4ea05c1aba442e0b3c6
76436756802,26005720253,clang-tidy,clang-tidy,completed,cancelled,2026-05-17T23:22:38Z,2026-05-17T23:25:10Z,152,0b95250d20af29055abb274010b9025ee5bdacc9
76436321437,26005562148,clang-tidy,clang-tidy,completed,success,2026-05-17T23:15:11Z,2026-05-17T23:19:26Z,255,70e74471f540cdba408d8a5f96abde76edecae1d
76436258407,26005537591,clang-tidy,clang-tidy,completed,success,2026-05-17T23:14:02Z,2026-05-17T23:18:04Z,242,15e514a6a20c3a2c364220084c1e4ff9b743adc1
76417188043,25998498394,clang-tidy,clang-tidy,completed,success,2026-05-17T18:01:18Z,2026-05-17T18:05:28Z,250,984138262b362133416288b018be956d766a39d2
76415072110,25997713681,clang-tidy,clang-tidy,completed,success,2026-05-17T17:26:49Z,2026-05-17T17:30:45Z,236,13c6e94c341c44e1596d19b30920fc1b9b67a8d4
76403141438,25993264003,clang-tidy,clang-tidy,completed,success,2026-05-17T14:15:26Z,2026-05-17T14:19:49Z,263,c91ff7dd7611914adc9e8444b349c2ac02c0dcbd
76397276425,25991095353,clang-tidy,clang-tidy,completed,success,2026-05-17T12:39:33Z,2026-05-17T12:43:56Z,263,69dcf71e2845c5eb1bc73b43c52c8a714690ad47
76397175684,25991063801,clang-tidy,clang-tidy,completed,cancelled,2026-05-17T12:37:49Z,2026-05-17T12:39:31Z,102,5c90814375c7f2bd4ed46786106dbe10e4a7e539
76389865453,25988350039,clang-tidy,clang-tidy,completed,success,2026-05-17T10:29:38Z,2026-05-17T10:33:51Z,253,dffda2f87b8cf8656b18012820445be8eb023c68
76376776328,25983605909,clang-tidy,clang-tidy,completed,success,2026-05-17T06:33:45Z,2026-05-17T06:37:46Z,241,79e57f749ae04ccd352ef67f77ba52abfe5e12df
76373862356,25982580690,clang-tidy,clang-tidy,completed,success,2026-05-17T05:39:06Z,2026-05-17T05:43:21Z,255,3e9808d5db544e31006fa3ba33d52bbcd04bf8e7
76372277241,25981995514,clang-tidy,clang-tidy,completed,success,2026-05-17T05:07:01Z,2026-05-17T05:11:16Z,255,3856f03b8b86d53aed3bc36956ae549c5d123d42
76371477314,25981688203,clang-tidy,clang-tidy,completed,success,2026-05-17T04:49:48Z,2026-05-17T04:54:09Z,261,bb155e4f674cc73f2a34b95f3cea1514a156a480
76370624935,25981366016,clang-tidy,clang-tidy,completed,success,2026-05-17T04:31:29Z,2026-05-17T04:35:37Z,248,aca5204e96eb17f833b8263cbd1f3072a0e66faa
76370427386,25981301834,clang-tidy,clang-tidy,completed,cancelled,2026-05-17T04:27:42Z,2026-05-17T04:31:26Z,224,0716b8246233ee202cc0e6f6ec6764ab362f27bb
76369963532,25981132827,clang-tidy,clang-tidy,completed,failure,2026-05-17T04:18:16Z,2026-05-17T04:22:23Z,247,20601d4fe5989956ebbd82eb262dfb1f3cf82ad3
76369720909,25981037499,clang-tidy,clang-tidy,completed,failure,2026-05-17T04:12:37Z,2026-05-17T04:16:51Z,254,987439da45f63d45969bdaf03ddd3d5d08a14f7d
76367995187,25980387749,clang-tidy,clang-tidy,completed,success,2026-05-17T03:36:00Z,2026-05-17T03:40:01Z,241,09e06df0a3ef52518f7b39f291d3f7855fead2c2
76367970800,25980379106,clang-tidy,clang-tidy,completed,success,2026-05-17T03:35:28Z,2026-05-17T03:39:38Z,250,9433c7942865684e71b00ed5ceb4e40ab5d27c6f
76365256078,25979408740,clang-tidy,clang-tidy,completed,success,2026-05-17T02:42:51Z,2026-05-17T02:46:59Z,248,1433ad1aa0014b07ed58220c9e50ff71ece5cdcb
76328260658,25965534146,clang-tidy,clang-tidy,completed,success,2026-05-16T15:20:32Z,2026-05-16T15:24:41Z,249,a3c1aadc8866445c8c4d1aab9ab4f92e8c42608b
76327870922,25965389657,clang-tidy,clang-tidy,completed,success,2026-05-16T15:13:49Z,2026-05-16T15:17:55Z,246,0771a74877a00c57eb64178f7098d0afb85d7669
76327709714,25965328967,clang-tidy,clang-tidy,completed,success,2026-05-16T15:11:01Z,2026-05-16T15:15:20Z,259,6a664b0a8ccf95f48d12e336011e6fd54ac40611
76324447407,25964118585,clang-tidy,clang-tidy,completed,success,2026-05-16T14:14:40Z,2026-05-16T14:18:59Z,259,bf54fef61b8176911bcc7f96edf90c04d16428ff
76321948757,25963176328,clang-tidy,clang-tidy,completed,success,2026-05-16T13:29:45Z,2026-05-16T13:34:04Z,259,4ed8f2022da86e9e72aa199c6cf1837200827970
76711903000,25962064387,clang-tidy,clang-tidy,completed,success,2026-05-19T09:52:12Z,2026-05-19T09:56:18Z,246,0af0bc76a286e2dece90727702c88f4ce72bcd30
76313869055,25960110852,clang-tidy,clang-tidy,completed,success,2026-05-16T10:53:53Z,2026-05-16T10:58:19Z,266,58f8ffabacc58e08bb4b39132c14e1c90f33317a
76313801022,25960084279,clang-tidy,clang-tidy,completed,success,2026-05-16T10:52:27Z,2026-05-16T10:56:45Z,258,b4fb2bf5471d8e4e255db5d83995c98132ac4d12
76313570624,25959994462,clang-tidy,clang-tidy,completed,success,2026-05-16T10:47:36Z,2026-05-16T10:51:39Z,243,0349cfec3575327f1dac60f0cb1f478e964ff015
76312730137,25959669022,clang-tidy,clang-tidy,completed,success,2026-05-16T10:30:41Z,2026-05-16T10:34:37Z,236,fadc8a09a1efc2caac4b0cc6f2435b800cce3627
76312715062,25959663299,clang-tidy,clang-tidy,completed,success,2026-05-16T10:30:26Z,2026-05-16T10:34:48Z,262,ea79d1d08aae9f2a3970d028177aa04c9bd244ea
76311917775,25959362312,clang-tidy,clang-tidy,completed,success,2026-05-16T10:14:31Z,2026-05-16T10:18:40Z,249,d70056fbf34cc2eafc62a824dc75de07a5760d54
76311195059,25959097633,clang-tidy,clang-tidy,completed,success,2026-05-16T10:00:52Z,2026-05-16T10:05:08Z,256,111db72dbf7a0da2617a0b329266390ccd26e79b
76311094035,25959065368,clang-tidy,clang-tidy,completed,cancelled,2026-05-16T09:59:07Z,2026-05-16T10:00:49Z,102,f8ce41d0892d00fa4b4daa5a8fbbeb3b9182ae85
76310295829,25958576032,clang-tidy,clang-tidy,completed,success,2026-05-16T09:44:33Z,2026-05-16T09:48:34Z,241,13ede249ce3ca5a1cbe45f0de4c3cd0fad87e4f8
76307726840,25957846270,clang-tidy,clang-tidy,completed,success,2026-05-16T08:55:29Z,2026-05-16T08:59:33Z,244,5d47c135f93bbb31285b89ed584dcedcb56bc761
76305817394,25957173082,clang-tidy,clang-tidy,completed,success,2026-05-16T08:20:25Z,2026-05-16T08:24:24Z,239,9c48513796924c1cb0d5cbc983f65f580a08a2e6
76305393342,25957010222,clang-tidy,clang-tidy,completed,success,2026-05-16T08:11:56Z,2026-05-16T08:16:02Z,246,dce4a10039811e2d733f597dd9c66d2bc2f8cd6b
76300992804,25955384833,clang-tidy,clang-tidy,completed,success,2026-05-16T06:48:35Z,2026-05-16T06:52:56Z,261,357f1f351f2c57dc00cf087c20013a43423928ca
76298053740,25954318096,clang-tidy,clang-tidy,completed,success,2026-05-16T05:52:18Z,2026-05-16T05:56:26Z,248,43c8ca7bf523a64e28ef38113f2c329dc5ac494c
76297672353,25954181224,clang-tidy,clang-tidy,completed,success,2026-05-16T05:44:41Z,2026-05-16T05:49:13Z,272,e0dda23bec86d7bf4b36affe07740cd4f435257e
76296425197,25953774142,clang-tidy,clang-tidy,completed,success,2026-05-16T05:22:44Z,2026-05-16T05:26:59Z,255,9c1c8cf2159e7ad25228a10f6b9486cdd6dff37b
76296387606,25953762220,clang-tidy,clang-tidy,completed,success,2026-05-16T05:22:07Z,2026-05-16T05:26:17Z,250,c7fe950317063ea49da9bd7b5ecd3bc14df17994
76294916664,25953243111,clang-tidy,clang-tidy,completed,success,2026-05-16T04:54:53Z,2026-05-16T04:58:58Z,245,b9b5c9374ab5f72eb8a82964550aabcb0206c5b1
76266877797,25943639253,clang-tidy,clang-tidy,completed,success,2026-05-15T22:05:15Z,2026-05-15T22:09:17Z,242,7cfe8dc19d2d16d9e636f8af54a2e51f08f3654c
76266844614,25943630827,clang-tidy,clang-tidy,completed,cancelled,2026-05-15T22:04:56Z,2026-05-15T22:05:12Z,16,c74034974b74587fbb25bf0f5b1bd41a79d15dfa
76265224698,25943116657,clang-tidy,clang-tidy,completed,success,2026-05-15T21:50:31Z,2026-05-15T21:54:44Z,253,8f6e7d476d74281e11091bfb3e458db59ea33d19
76264787228,25942991083,clang-tidy,clang-tidy,completed,cancelled,2026-05-15T21:46:52Z,2026-05-15T21:50:28Z,216,c98e99b95bdae0aa37496abd55ded7858f846837
76263329890,25942538494,clang-tidy,clang-tidy,completed,success,2026-05-15T21:34:55Z,2026-05-15T21:38:56Z,241,5683835507b184b447d59ae0b2b5ccbabac101c9
76237073357,25934709560,clang-tidy,clang-tidy,completed,success,2026-05-15T18:32:23Z,2026-05-15T18:36:35Z,252,46726814f157edaa9f3ee0fc83447c8bd7a4e490
76237018192,25934696535,clang-tidy,clang-tidy,completed,cancelled,2026-05-15T18:32:02Z,2026-05-15T18:32:20Z,18,0b35098718b7f7869a128e31941c8bf168fdefb4
76236878905,25934655810,clang-tidy,clang-tidy,completed,success,2026-05-15T18:31:09Z,2026-05-15T18:35:18Z,249,e196a752f2557fcd0ab834c0c31e7666358bd6e7
76236539373,25934555600,clang-tidy,clang-tidy,completed,success,2026-05-15T18:29:00Z,2026-05-15T18:33:12Z,252,f639a2dd9126829459c1fc32336361b7dee0e61e
76236438360,25934525924,clang-tidy,clang-tidy,completed,success,2026-05-15T18:28:20Z,2026-05-15T18:32:30Z,250,6ba65a1901abacbabbe0391d73ecabefca10f7e2
76229976931,25932620416,clang-tidy,clang-tidy,completed,success,2026-05-15T17:46:00Z,2026-05-15T17:50:23Z,263,d6271cae8e88f43ee48523304b333722e5e26316
76229732005,25932546457,clang-tidy,clang-tidy,completed,success,2026-05-15T17:44:25Z,2026-05-15T17:48:37Z,252,7e56e9efe84ad7ed968c5617b1fda93961b3ff49
76225865493,25931379274,clang-tidy,clang-tidy,completed,success,2026-05-15T17:19:22Z,2026-05-15T17:23:31Z,249,d62e873e4a7017596d8a3e2b2b1c5c9217195bbe
76225538895,25931294854,clang-tidy,clang-tidy,completed,cancelled,2026-05-15T17:17:12Z,2026-05-15T17:19:19Z,127,bc099598efb1aced91c191f805e56496db1dc242
76220005421,25929657333,clang-tidy,clang-tidy,completed,success,2026-05-15T16:41:20Z,2026-05-15T16:45:27Z,247,656c51bd965950c9d97d811d8de603edcb1b7109
76217439020,25928898497,clang-tidy,clang-tidy,completed,success,2026-05-15T16:25:07Z,2026-05-15T16:29:24Z,257,81d4117bb3ea768282bbfecceede65275b3f7eef
76198415992,25923480678,clang-tidy,clang-tidy,completed,success,2026-05-15T14:32:45Z,2026-05-15T14:37:03Z,258,8880bc715be0d4970486d9149fc02e1477431ce6
76197945362,25923354706,clang-tidy,clang-tidy,completed,cancelled,2026-05-15T14:30:03Z,2026-05-15T14:32:42Z,159,1a534d4e5f316ab4606939e384ca74f49be82b8a
76194724499,25922442677,clang-tidy,clang-tidy,completed,success,2026-05-15T14:10:57Z,2026-05-15T14:15:07Z,250,70deebc01ef33f3dac9376659115b216166ad178
76179885433,25918146683,clang-tidy,clang-tidy,completed,success,2026-05-15T12:37:19Z,2026-05-15T12:41:34Z,255,d3d71f1c8c8c4d16bf41847b45c99ce4aa0def63
76177052431,25917308377,clang-tidy,clang-tidy,completed,success,2026-05-15T12:16:58Z,2026-05-15T12:21:17Z,259,8b0aa049cd8c05fd6eae293c7aa31da8db1f185d
76174872829,25916657615,clang-tidy,clang-tidy,completed,success,2026-05-15T12:00:31Z,2026-05-15T12:04:41Z,250,48a65488ac0bf27c2f88bca2ffe8e99f36f03f77
76174838919,25916650313,clang-tidy,clang-tidy,completed,cancelled,2026-05-15T12:00:18Z,2026-05-15T12:00:28Z,10,031b3052a7c6a7d6e54483faf6944d3211a77cc4
76174540542,25916561194,clang-tidy,clang-tidy,completed,success,2026-05-15T11:58:01Z,2026-05-15T12:02:13Z,252,031b3052a7c6a7d6e54483faf6944d3211a77cc4
76171381454,25915611113,clang-tidy,clang-tidy,completed,success,2026-05-15T11:33:38Z,2026-05-15T11:37:41Z,243,3141cc8ae23c398c655272662a156e370fb3be9c
76170328944,25915288091,clang-tidy,clang-tidy,completed,success,2026-05-15T11:25:27Z,2026-05-15T11:29:40Z,253,e748a380a9a1f4b374f5a51e81c9061bc6b495ba
76168951590,25914879838,clang-tidy,clang-tidy,completed,success,2026-05-15T11:14:53Z,2026-05-15T11:18:57Z,244,800c2932274c580831485de73f4dad624af194e3
76167506178,25914453719,clang-tidy,clang-tidy,completed,success,2026-05-15T11:03:43Z,2026-05-15T11:08:09Z,266,c8ca83acfd0c095df3c1e7d80d0074a0c9916629
76164267592,25913505462,clang-tidy,clang-tidy,completed,success,2026-05-15T10:39:35Z,2026-05-15T10:43:46Z,251,53eb8130bd2cefc73e673ddff5c2f754f028aada
76157493847,25911494508,clang-tidy,clang-tidy,completed,success,2026-05-15T09:49:47Z,2026-05-15T09:53:51Z,244,1536a43206ecbc715002251f3aeb9c3da7d59d77
76157233328,25911417934,clang-tidy,clang-tidy,completed,success,2026-05-15T09:47:55Z,2026-05-15T09:52:00Z,245,b792fa7553f45a3117588935887c8b4ed1404451
76150286940,25909368247,clang-tidy,clang-tidy,completed,success,2026-05-15T08:58:15Z,2026-05-15T09:02:39Z,264,1a3943676302a8e6ab8796234ca59b01d989b442
76145368628,25907874221,clang-tidy,clang-tidy,completed,success,2026-05-15T08:21:07Z,2026-05-15T08:25:19Z,252,c1be1865592134a3b35c6fd2355dc871f2b441a4
76145364921,25907863864,clang-tidy,clang-tidy,completed,cancelled,2026-05-15T08:21:03Z,2026-05-15T08:21:04Z,1,955409dcab61b256543a26e6564be348a4d376a1
76145299558,25907853259,clang-tidy,clang-tidy,completed,success,2026-05-15T08:20:33Z,2026-05-15T08:24:58Z,265,15ab23603577815da8d897a175c18c0eba1e41cd
76145209836,25907813868,clang-tidy,clang-tidy,completed,cancelled,2026-05-15T08:19:51Z,2026-05-15T08:21:02Z,71,ec784aabd550903f59c8b6591688a344bbf4d2ee
76144791068,25907709035,clang-tidy,clang-tidy,completed,cancelled,2026-05-15T08:16:44Z,2026-05-15T08:19:48Z,184,64182cf38226cc697c8ad54e466c0363f519cf7e
76143695500,25907498852,clang-tidy,clang-tidy,completed,success,2026-05-15T08:11:21Z,2026-05-15T08:15:41Z,260,657e9a1b3e6d124d2e9d46d40a3be551fcff90f5
76143486137,25907351415,clang-tidy,clang-tidy,completed,cancelled,2026-05-15T08:09:57Z,2026-05-15T08:11:17Z,80,09a22193b9a207c23a31d93e6f79b5234118ef08
76140003676,25906067505,clang-tidy,clang-tidy,completed,success,2026-05-15T07:29:14Z,2026-05-15T07:33:31Z,257,a36cea3a03ef7cd3bac94a6a620f4bc1e3809d70
76123534947,25900798570,clang-tidy,clang-tidy,completed,success,2026-05-15T04:47:08Z,2026-05-15T04:51:02Z,234,b20ac0c84506037ce3bdc88e8b093a3c70bf9e30
76121409061,25900087987,clang-tidy,clang-tidy,completed,success,2026-05-15T04:22:51Z,2026-05-15T04:27:13Z,262,be1989a09db33d3ceb12e6f896e4a45e17eda495
76118641014,25899152309,clang-tidy,clang-tidy,completed,success,2026-05-15T03:48:37Z,2026-05-15T03:52:41Z,244,8312b0a2b9e401aa06daabed89c25f543852d8db
77075165950,25891187365,clang-tidy,clang-tidy,completed,success,2026-05-20T23:28:18Z,2026-05-20T23:32:32Z,254,89d85ddb89db26dd581077084f017caaae38a207
76049829185,25877895886,clang-tidy,clang-tidy,completed,success,2026-05-14T18:28:20Z,2026-05-14T18:32:33Z,253,c9ed1da6946a045c3e34aa69ad19a00b7caa891d
76046113041,25876819306,clang-tidy,clang-tidy,completed,success,2026-05-14T18:06:37Z,2026-05-14T18:10:49Z,252,1f9dd99064024fcfc919904b4e00002d0e1d0194
76044906427,25876476005,clang-tidy,clang-tidy,completed,success,2026-05-14T17:59:40Z,2026-05-14T18:03:44Z,244,619cbbc02e97372d83a2f0ca75d8800b14907a3a
76043966588,25876205049,clang-tidy,clang-tidy,completed,success,2026-05-14T17:54:14Z,2026-05-14T17:58:38Z,264,cd6b5f8d8d2c2f76376beeadb4079cb8b051872b
76043989099,25875181400,clang-tidy,clang-tidy,completed,success,2026-05-14T17:54:22Z,2026-05-14T17:58:30Z,248,69c96a21a0702d4cb71e58a08b02dbecfc9fe868
76040286566,25875153821,clang-tidy,clang-tidy,completed,success,2026-05-14T17:32:47Z,2026-05-14T17:36:53Z,246,b9eace2cc198f384ea874ad0fe88e39893b278a3
76039502134,25874929382,clang-tidy,clang-tidy,completed,success,2026-05-14T17:28:20Z,2026-05-14T17:32:34Z,254,e4f64a3e0b496a3f867210687667a3b30a390c92
76036417240,25874036116,clang-tidy,clang-tidy,completed,success,2026-05-14T17:10:21Z,2026-05-14T17:14:49Z,268,e31fc588968383379af3a1620b8d539a77fd2ef6
76020726691,25869549350,clang-tidy,clang-tidy,completed,success,2026-05-14T15:41:16Z,2026-05-14T15:45:26Z,250,c48c16f26eebe82aaedb5ee551d4ead85a13ab64
75999268679,25863496554,clang-tidy,clang-tidy,completed,success,2026-05-14T13:44:26Z,2026-05-14T13:48:39Z,253,e90bd41d593abc4b061a297f284be5e4a53110e6
75982635317,25858634741,clang-tidy,clang-tidy,completed,success,2026-05-14T11:55:24Z,2026-05-14T11:59:20Z,236,821d51b4fc2433ae1e763fbd64c16e38376a7066
75979630233,25857728207,clang-tidy,clang-tidy,completed,success,2026-05-14T11:32:39Z,2026-05-14T11:36:51Z,252,959239c4d16db979d7a96eacf378fc37fc6ebed3
75979530708,25857699184,clang-tidy,clang-tidy,completed,success,2026-05-14T11:31:53Z,2026-05-14T11:35:57Z,244,9be748ee50a8b111523cb8776e5d6aae9504a7cd
75979064604,25857559167,clang-tidy,clang-tidy,completed,success,2026-05-14T11:28:21Z,2026-05-14T11:32:24Z,243,d18892921d30bb39458bd3fe083f85b973bd96df
75978933399,25857517288,clang-tidy,clang-tidy,completed,success,2026-05-14T11:27:23Z,2026-05-14T11:31:22Z,239,db43da92cec3d3e43190126efefe988d611895b8
75978826324,25857484552,clang-tidy,clang-tidy,completed,success,2026-05-14T11:26:31Z,2026-05-14T11:30:52Z,261,73019917ab35757fe13d689063a0b155bc8861c1
75975357116,25856443149,clang-tidy,clang-tidy,completed,success,2026-05-14T11:00:47Z,2026-05-14T11:04:42Z,235,7e8b4340c972b21ceae6a70c023d3eda80c5d6e9
75974054231,25856052845,clang-tidy,clang-tidy,completed,success,2026-05-14T10:51:24Z,2026-05-14T10:55:38Z,254,ba3cb218666f450dbb188c8c62e6738fa986c6af
75973693397,25855945586,clang-tidy,clang-tidy,completed,success,2026-05-14T10:48:49Z,2026-05-14T10:53:05Z,256,20005c454083859e15269577706b547fb6754072
75972973373,25855730204,clang-tidy,clang-tidy,completed,success,2026-05-14T10:43:35Z,2026-05-14T10:47:54Z,259,910229adc9fd8df05d73b4c6d6cb5d249d3e6bad
75966797340,25853891185,clang-tidy,clang-tidy,completed,success,2026-05-14T09:58:43Z,2026-05-14T10:02:51Z,248,50a8cf72d51872a5acfb24abd6181f1838fe1b0c
75961781666,25852371873,clang-tidy,clang-tidy,completed,success,2026-05-14T09:22:42Z,2026-05-14T09:26:51Z,249,bb60acc3654fa8504929a1e1ed68914ac49357b8
75960316738,25851928606,clang-tidy,clang-tidy,completed,success,2026-05-14T09:12:19Z,2026-05-14T09:16:24Z,245,c57a06bc65c6c823420849484311bfaf31868a8b
75957709854,25851143598,clang-tidy,clang-tidy,completed,success,2026-05-14T08:53:49Z,2026-05-14T08:58:05Z,256,c96821b2174c575be1c38b07a9f296ec515a69a1
75956844123,25850882095,clang-tidy,clang-tidy,completed,success,2026-05-14T08:47:24Z,2026-05-14T08:51:34Z,250,09baeedd3393f6ecc9aef0bca62def6a055751f1
75956525840,25850784533,clang-tidy,clang-tidy,completed,success,2026-05-14T08:45:01Z,2026-05-14T08:49:08Z,247,29aa116a6a497ecff6142e9877e68d079f002037
75955947241,25850609098,clang-tidy,clang-tidy,completed,success,2026-05-14T08:40:37Z,2026-05-14T08:44:41Z,244,8ff340561fbe1e178302ce869433f1cf0fd6c5a0
75953578227,25849877115,clang-tidy,clang-tidy,completed,success,2026-05-14T08:22:48Z,2026-05-14T08:26:47Z,239,46c16fec6c867681af1311f88148a604b4864c74
75953533080,25849851863,clang-tidy,clang-tidy,completed,success,2026-05-14T08:22:27Z,2026-05-14T08:26:32Z,245,3a6f086495f96b544deffc98dcd000e443423d74
75953202569,25849760158,clang-tidy,clang-tidy,completed,cancelled,2026-05-14T08:19:56Z,2026-05-14T08:22:24Z,148,195d3dce869ff50eee483638763a0afdcd17cd48
75952000896,25849383016,clang-tidy,clang-tidy,completed,success,2026-05-14T08:10:29Z,2026-05-14T08:14:44Z,255,0140a9431aa074c533b707aa9ee433d96a6a5e36
75951824462,25849327378,clang-tidy,clang-tidy,completed,success,2026-05-14T08:09:06Z,2026-05-14T08:13:10Z,244,7c121cf7cb65b3217e02a641c20c5925006576d5
75949511794,25848615490,clang-tidy,clang-tidy,completed,success,2026-05-14T07:50:52Z,2026-05-14T07:55:15Z,263,185bf84c4fd784ab9cb2caaaa8584b9c0299660a
75947172427,25847879633,clang-tidy,clang-tidy,completed,success,2026-05-14T07:31:23Z,2026-05-14T07:35:32Z,249,7b0d80046140b009462a17801fe970c2b2d0de7d
75946606881,25847701100,clang-tidy,clang-tidy,completed,success,2026-05-14T07:26:40Z,2026-05-14T07:30:53Z,253,96604d8738ac8d10a00264a9c7b240f5f4726f2c
75945755006,25847424554,clang-tidy,clang-tidy,completed,success,2026-05-14T07:19:29Z,2026-05-14T07:23:46Z,257,11f8226c39ebc7174b156b1f2eb94598836e754a
76436264851,25845304382,clang-tidy,clang-tidy,completed,success,2026-05-17T23:14:10Z,2026-05-17T23:18:15Z,245,220a214adaa59e2ec08e8172953bba7eab05dd88
75938314108,25845041040,clang-tidy,clang-tidy,completed,success,2026-05-14T06:13:20Z,2026-05-14T06:17:44Z,264,847c6579edbfa0e58cc67aa39e34cc8e8ad8a2ec
75935886730,25844266767,clang-tidy,clang-tidy,completed,success,2026-05-14T05:50:27Z,2026-05-14T05:54:27Z,240,b412be91a2da369b9f5027510ee2250c98f4977d
76040363755,25843856740,clang-tidy,clang-tidy,completed,success,2026-05-14T17:33:13Z,2026-05-14T17:37:23Z,250,6a6349b8809c385ed9f2fb91d96cc14ba2a1da02
75934502376,25843834782,clang-tidy,clang-tidy,completed,success,2026-05-14T05:36:54Z,2026-05-14T05:41:18Z,264,686fb19b80aefd310b365644236ae854ef740a58
75933817513,25843607069,clang-tidy,clang-tidy,completed,success,2026-05-14T05:30:05Z,2026-05-14T05:34:12Z,247,8e9dc5dbc9193b731791e9aed89601bd6f736223
75933762906,25843589020,clang-tidy,clang-tidy,completed,success,2026-05-14T05:29:30Z,2026-05-14T05:33:49Z,259,ec2534aed0f4f2ed1658fd77423bde8fcf7a0c92
75933229815,25843408626,clang-tidy,clang-tidy,completed,success,2026-05-14T05:23:57Z,2026-05-14T05:28:08Z,251,42c047662d5139bb3c563450b65434d92cf9cf02
75932790695,25843260514,clang-tidy,clang-tidy,completed,success,2026-05-14T05:19:30Z,2026-05-14T05:23:26Z,236,9940a60a8efa91b67177183d28d2cae81742b4c5
75932111215,25843032740,clang-tidy,clang-tidy,completed,success,2026-05-14T05:12:26Z,2026-05-14T05:17:05Z,279,00c631232956e0a5d59ed37654843006bfbecb6d
75932081690,25843023130,clang-tidy,clang-tidy,completed,success,2026-05-14T05:12:07Z,2026-05-14T05:16:11Z,244,b8cd7f684bd026f3d1265796403dafe4bce05ac6
75931628336,25842866835,clang-tidy,clang-tidy,completed,success,2026-05-14T05:07:02Z,2026-05-14T05:11:05Z,243,e634a6886e05786ff9b90b02259259bfc73c1bca
75928873779,25841922542,clang-tidy,clang-tidy,completed,success,2026-05-14T04:36:08Z,2026-05-14T04:40:32Z,264,9eb3f61248242d4ede5b310890b9c6366255f5ec
75925583111,25840828455,clang-tidy,clang-tidy,completed,success,2026-05-14T03:59:44Z,2026-05-14T04:03:52Z,248,f2a83da0c23c98a73a2881e3cb64320dc4baca56
75924938550,25840609253,clang-tidy,clang-tidy,completed,success,2026-05-14T03:52:14Z,2026-05-14T03:56:22Z,248,b8d918d42b86376aca529797cd369e8604058491
75919275814,25838735299,clang-tidy,clang-tidy,completed,success,2026-05-14T02:49:38Z,2026-05-14T02:54:01Z,263,7cde2b9e0ffda9ffe050a43b83eabf02cf7979a2
75918039523,25838315659,clang-tidy,clang-tidy,completed,success,2026-05-14T02:35:50Z,2026-05-14T02:39:58Z,248,756b2a778a1d3b677e856e8dd627b401416c0e41
75913175697,25836686872,clang-tidy,clang-tidy,completed,success,2026-05-14T01:43:06Z,2026-05-14T01:47:05Z,239,ab8ad54f70c45452a6118f245e97805c64fffe81
75912229538,25836378177,clang-tidy,clang-tidy,completed,success,2026-05-14T01:32:55Z,2026-05-14T01:37:09Z,254,c7027a8ab99d923f49feba23d2dd1b9c64a29b89
75903927549,25833666245,clang-tidy,clang-tidy,completed,success,2026-05-14T00:07:09Z,2026-05-14T00:13:29Z,380,804d90157b540333659bbf3fa9af58d0c65fcb2d
75901714071,25832930812,clang-tidy,clang-tidy,completed,success,2026-05-13T23:45:28Z,2026-05-13T23:51:57Z,389,23e6c29d62b805aafecb972a7cc31fa0790c5009
75901330475,25832802028,clang-tidy,clang-tidy,completed,cancelled,2026-05-13T23:41:45Z,2026-05-13T23:45:25Z,220,b75d81962e1ab3ace71d551279655d9405fda82c
75901086781,25832731329,clang-tidy,clang-tidy,completed,cancelled,2026-05-13T23:39:22Z,2026-05-13T23:41:42Z,140,158290987fb0beaaa727a18c49e5b128a41a8d93
75895755240,25831016471,clang-tidy,clang-tidy,completed,success,2026-05-13T22:52:16Z,2026-05-13T22:58:38Z,382,6b814cd4bdd28e819f27a3de6621b7863fba217e
75895460706,25830923130,clang-tidy,clang-tidy,completed,cancelled,2026-05-13T22:49:51Z,2026-05-13T22:52:11Z,140,7c53e272d4562274df7f300f423845a8840bba82
75895368794,25830906861,clang-tidy,clang-tidy,completed,cancelled,2026-05-13T22:49:05Z,2026-05-13T22:49:49Z,44,9913a85cbf9893ab8ec017d1520d96ba1b6e884a
75930855142,25827237388,clang-tidy,clang-tidy,completed,success,2026-05-14T04:58:25Z,2026-05-14T05:04:55Z,390,21e108ef7046d821905d3c208ad0bec9385e73e4
75871206806,25823684304,clang-tidy,clang-tidy,completed,success,2026-05-13T20:10:46Z,2026-05-13T20:17:40Z,414,a4beff1e802b0bb5577e75271917222ba1bb2869
75869243807,25823113418,clang-tidy,clang-tidy,completed,success,2026-05-13T19:59:25Z,2026-05-13T20:05:37Z,372,b04593d556b9b9d8a224c61275bc60289adb78aa
75866275076,25822248661,clang-tidy,clang-tidy,completed,success,2026-05-13T19:42:18Z,2026-05-13T19:48:37Z,379,df467bdf8c6bf27f9a1800d9ade6e77809a4f359
75930818904,25815847996,clang-tidy,clang-tidy,completed,success,2026-05-14T04:58:00Z,2026-05-14T05:04:14Z,374,cc02bc7b88892560fb71fbe632a745b459a4422a
75842810621,25815513729,clang-tidy,clang-tidy,completed,success,2026-05-13T17:30:16Z,2026-05-13T17:36:27Z,371,1deca92363db01b1086971fea00ed12198934b9e
75842623999,25815400978,clang-tidy,clang-tidy,completed,success,2026-05-13T17:29:14Z,2026-05-13T17:35:48Z,394,cdb11a9b45ef75ed1e164fc182d686f9c1249b77
75842415057,25815244719,clang-tidy,clang-tidy,completed,cancelled,2026-05-13T17:28:03Z,2026-05-13T17:29:10Z,67,f918317cbfe42534d6b1c9545185a2b9c31211bb
75841100738,25814979278,clang-tidy,clang-tidy,completed,success,2026-05-13T17:20:41Z,2026-05-13T17:27:24Z,403,fc131ecf091e8a35a07f81906f83c4829ef21140
75840733252,25814914946,clang-tidy,clang-tidy,completed,cancelled,2026-05-13T17:18:40Z,2026-05-13T17:20:38Z,118,fc131ecf091e8a35a07f81906f83c4829ef21140
75838606553,25814307520,clang-tidy,clang-tidy,completed,success,2026-05-13T17:06:51Z,2026-05-13T17:13:12Z,381,4d25bf19e5a212890efcb835f9e67d57ad6c6d36
75836989236,25813790541,clang-tidy,clang-tidy,completed,success,2026-05-13T16:57:55Z,2026-05-13T17:04:26Z,391,4668f9b74297852628b48d9e27f213e40910296b
75832528585,25812581476,clang-tidy,clang-tidy,completed,success,2026-05-13T16:33:34Z,2026-05-13T16:40:29Z,415,f57ddf1aa6faf925972c99e9a70e770a090758c4
75804427622,25804805234,clang-tidy,clang-tidy,completed,success,2026-05-13T14:14:57Z,2026-05-13T14:21:25Z,388,29d46ab6e8eec4b8f09115aa068218368c4901de
75802015965,25804139329,clang-tidy,clang-tidy,completed,success,2026-05-13T14:03:09Z,2026-05-13T14:09:42Z,393,4ee00680809ce7d5a3450ec307ffdcdc78aa71d8
75801871068,25804098809,clang-tidy,clang-tidy,completed,success,2026-05-13T14:02:27Z,2026-05-13T14:09:34Z,427,2457bc1592f20250c758678b9ab50f2fcc6c57aa
75799973225,25803565895,clang-tidy,clang-tidy,completed,success,2026-05-13T13:53:15Z,2026-05-13T13:59:42Z,387,d12da7377b89fe23238eda5f117ed975b3b81188
75799731304,25803498707,clang-tidy,clang-tidy,completed,success,2026-05-13T13:52:05Z,2026-05-13T13:58:18Z,373,fc68af72f361b19ac6c43e5cf608afb3a2c23c4a
75797533448,25802893081,clang-tidy,clang-tidy,completed,success,2026-05-13T13:41:23Z,2026-05-13T13:47:41Z,378,14b59c412db6dcca36a4b73ef3111d54899ac339
75796704694,25802664965,clang-tidy,clang-tidy,completed,success,2026-05-13T13:37:16Z,2026-05-13T13:43:38Z,382,191b13bf25ab9d7631da2459b827dbe8dc1b3b89
75788395845,25800356834,clang-tidy,clang-tidy,completed,success,2026-05-13T12:53:51Z,2026-05-13T13:00:25Z,394,e08c328ece692dacb34975aae039378865592895
75786372751,25799795028,clang-tidy,clang-tidy,completed,success,2026-05-13T12:42:45Z,2026-05-13T12:49:20Z,395,01a643c878f8daf9d6eaa424375cee53d1052a32
75784311636,25799208635,clang-tidy,clang-tidy,completed,success,2026-05-13T12:30:57Z,2026-05-13T12:37:56Z,419,9627f352de509686404391b3a3d27a9191cc1e21
75772275602,25795683474,clang-tidy,clang-tidy,completed,success,2026-05-13T11:16:45Z,2026-05-13T11:23:26Z,401,09e1d86c59ea1a5291ca812f6be030279a6ebc55
75738444820,25785425811,clang-tidy,clang-tidy,completed,success,2026-05-13T07:46:35Z,2026-05-13T07:52:59Z,384,f1fd19ed1065072589147a7e03b2b80fc5a431cc
75737105580,25785289072,clang-tidy,clang-tidy,completed,success,2026-05-13T07:37:20Z,2026-05-13T07:43:48Z,388,e12c2e2092abf9f475a16d41452713803bd9dee4
75733390100,25784147566,clang-tidy,clang-tidy,completed,success,2026-05-13T07:11:04Z,2026-05-13T07:17:46Z,402,b787594e532421217dd7e3a580b72d376a62f0b3
75730725908,25783324935,clang-tidy,clang-tidy,completed,success,2026-05-13T06:51:09Z,2026-05-13T06:57:33Z,384,e1c33bd4e9e5c56d621ad745544d502de7a0bf3b
75730652071,25783301436,clang-tidy,clang-tidy,completed,success,2026-05-13T06:50:34Z,2026-05-13T06:57:10Z,396,f07d4b0c59318c103f080e893112a8eb918b8864
75729943680,25783047682,clang-tidy,clang-tidy,completed,success,2026-05-13T06:44:51Z,2026-05-13T06:51:10Z,379,feccca88eb9a716c18359616eb3530a18630650e
75724360840,25781302784,clang-tidy,clang-tidy,completed,success,2026-05-13T05:57:42Z,2026-05-13T06:04:19Z,397,cd5e40e005ad778cc15c4b427d2ba5e0150adc61
75718780662,25779465643,clang-tidy,clang-tidy,completed,success,2026-05-13T05:04:19Z,2026-05-13T05:11:00Z,401,c8197a8ddd50c2266a6e4857014270d9f1212adf
75717777413,25779114145,clang-tidy,clang-tidy,completed,success,2026-05-13T04:53:25Z,2026-05-13T04:59:40Z,375,bbea7c6bae5f0ea751c1f234fc8617e74506ee57
75717733610,25779097571,clang-tidy,clang-tidy,completed,success,2026-05-13T04:52:56Z,2026-05-13T04:59:20Z,384,39677cb4b49256aadaea067036479324dbe14aed
75716597132,25778707141,clang-tidy,clang-tidy,completed,success,2026-05-13T04:40:46Z,2026-05-13T04:47:14Z,388,f0064d407fb63ec01892254ae97d9520caae500e
76327868835,25777877616,clang-tidy,clang-tidy,completed,cancelled,2026-05-16T15:13:44Z,2026-05-16T15:13:46Z,2,08eb6b0c2e4263700c93b11c277b4a530e1ade0d
75714059324,25777839412,clang-tidy,clang-tidy,completed,success,2026-05-13T04:13:46Z,2026-05-13T04:20:16Z,390,3702b5c7064d942123e02fdf6538a2a99367f90c
75712934426,25777451513,clang-tidy,clang-tidy,completed,success,2026-05-13T04:01:10Z,2026-05-13T04:07:53Z,403,8b0b8340bb9ccec90f317265c577085be7bf1ad9
75711142773,25776827441,clang-tidy,clang-tidy,completed,success,2026-05-13T03:40:52Z,2026-05-13T03:47:14Z,382,fa81b8439e265262b9e7dfbbe0089fd423812209
75711020592,25776777632,clang-tidy,clang-tidy,completed,success,2026-05-13T03:39:31Z,2026-05-13T03:45:41Z,370,a7c3217224cec027a41e6c222ae6d309a19a7351
75710652997,25776660738,clang-tidy,clang-tidy,completed,cancelled,2026-05-13T03:35:18Z,2026-05-13T03:39:28Z,250,a83a6ba965d4403e3f4a2f7e8375c4f46d29fba0
75710148531,25776481454,clang-tidy,clang-tidy,completed,success,2026-05-13T03:29:51Z,2026-05-13T03:36:26Z,395,ca26374f63e4e63cb676049c5ac04566e2319d79
75709833696,25776392190,clang-tidy,clang-tidy,completed,success,2026-05-13T03:26:39Z,2026-05-13T03:32:34Z,355,c9d2666619a68a9cec92c172a1d1a78b1da12952
75709781449,25776375088,clang-tidy,clang-tidy,completed,success,2026-05-13T03:26:07Z,2026-05-13T03:32:38Z,391,12a3c7413b9da0f4f867a1f73b55b754671c6532
75709725366,25776358517,clang-tidy,clang-tidy,completed,cancelled,2026-05-13T03:25:33Z,2026-05-13T03:29:49Z,256,e00b6f5bb87ecdf40ba724126a78e14dd6906744
75709157955,25776173812,clang-tidy,clang-tidy,completed,success,2026-05-13T03:19:36Z,2026-05-13T03:26:21Z,405,d5f44d3f3868e5a662cceeb9e301c6ab3a447136
75708036839,25775787454,clang-tidy,clang-tidy,completed,success,2026-05-13T03:08:04Z,2026-05-13T03:14:24Z,380,8c74e762f494ff3ab16f44c6bd68e7a9546fc53b
75707650093,25775682541,clang-tidy,clang-tidy,completed,success,2026-05-13T03:04:04Z,2026-05-13T03:10:36Z,392,b4074dc4e3ac9a492244c53442e937c553d2ab6a
75707622082,25775673132,clang-tidy,clang-tidy,completed,success,2026-05-13T03:03:47Z,2026-05-13T03:10:36Z,409,1d095c4860589de03b5ea1bc72ff2d3603e24e08
75707584285,25775661373,clang-tidy,clang-tidy,completed,success,2026-05-13T03:03:23Z,2026-05-13T03:10:20Z,417,e92c96308d0fb17edcd87ab4dfbc0ffe4ab4efab
75707951450,25774617973,clang-tidy,clang-tidy,completed,cancelled,2026-05-13T03:07:11Z,2026-05-13T03:08:01Z,50,564b74c96fb70a91e7f67fd791a6409850c273fc
75703075135,25774095917,clang-tidy,clang-tidy,completed,success,2026-05-13T02:16:01Z,2026-05-13T02:22:34Z,393,713aa999a469a3e84011be44b5197b2a872f80c6
75702761328,25773979584,clang-tidy,clang-tidy,completed,failure,2026-05-13T02:12:42Z,2026-05-13T02:13:56Z,74,853ba4dd6a27a2704a28c991148e26a38d6f73e5
75702649324,25773950538,clang-tidy,clang-tidy,completed,cancelled,2026-05-13T02:11:32Z,2026-05-13T02:12:39Z,67,9cde8d0d5f2185a04d5b3d9f32158b205956c2d0
75702499671,25773901402,clang-tidy,clang-tidy,completed,failure,2026-05-13T02:10:03Z,2026-05-13T02:11:19Z,76,b1052a6b6797091dd37a2b2af65838dacff5b210
75700976694,25773392466,clang-tidy,clang-tidy,completed,success,2026-05-13T01:54:59Z,2026-05-13T02:01:26Z,387,1d1e44b4654e332ee51acb7464b572e31e603a6d
75700875365,25773357402,clang-tidy,clang-tidy,completed,success,2026-05-13T01:53:56Z,2026-05-13T02:00:23Z,387,dfce06ad64de14dad08b0d42f0310d57cb13af7d
75699963631,25773036837,clang-tidy,clang-tidy,completed,success,2026-05-13T01:44:47Z,2026-05-13T01:51:07Z,380,3fa1443ec63d47a083fdfb9228447d4dfbfa6b60
75699373645,25772837563,clang-tidy,clang-tidy,completed,cancelled,2026-05-13T01:38:57Z,2026-05-13T01:44:45Z,348,3c405979d7438c26a089cd861e84ca898cb44e90
75699142869,25772768461,clang-tidy,clang-tidy,completed,cancelled,2026-05-13T01:36:40Z,2026-05-13T01:38:55Z,135,b41229be01c2897e603868da7c263dcb3f718353
75697769263,25772285500,clang-tidy,clang-tidy,completed,success,2026-05-13T01:22:58Z,2026-05-13T01:29:38Z,400,019e628542a6bf7306847bba129cfea8a12c7610
75697215085,25772091730,clang-tidy,clang-tidy,completed,cancelled,2026-05-13T01:17:32Z,2026-05-13T01:22:56Z,324,f846e096c3cac12b4ba577794e6509b987486c80
75696583848,25771889731,clang-tidy,clang-tidy,completed,cancelled,2026-05-13T01:11:08Z,2026-05-13T01:17:29Z,381,659aa44d1970e25669915bf9029a626f3d0615b5
75694166981,25771086729,clang-tidy,clang-tidy,completed,success,2026-05-13T00:47:37Z,2026-05-13T00:54:17Z,400,e56b433b11aaa9889332983e6d87f7eea79942bf
75691863568,25770324650,clang-tidy,clang-tidy,completed,success,2026-05-13T00:25:58Z,2026-05-13T00:32:26Z,388,1dd664afb234d7e0f1e71c9d453dc857c6d9608d
75691666110,25770269053,clang-tidy,clang-tidy,completed,cancelled,2026-05-13T00:24:03Z,2026-05-13T00:25:55Z,112,4901aa8e65f486ff9bc2dd84a68f5d34fd031cdd
75691382215,25770178966,clang-tidy,clang-tidy,completed,success,2026-05-13T00:21:23Z,2026-05-13T00:27:46Z,383,c25e459e585ca43c97ff7d0fdcfd0a30b083ccb5
75689793703,25769656023,clang-tidy,clang-tidy,completed,success,2026-05-13T00:06:05Z,2026-05-13T00:12:54Z,409,4c271187a938f49cf1d88812872c206118f6b6dd
75686660006,25766951376,clang-tidy,clang-tidy,completed,success,2026-05-12T23:37:09Z,2026-05-12T23:43:46Z,397,f926eb27522a5e06a4971d2ca9d6f50149e74ed4
75672412504,25764105899,clang-tidy,clang-tidy,completed,success,2026-05-12T21:46:10Z,2026-05-12T21:53:03Z,413,08780259456110cc4ede94cda26bc30bb1784a1e
75664086356,25761654196,clang-tidy,clang-tidy,completed,success,2026-05-12T20:54:59Z,2026-05-12T21:01:45Z,406,52d8b37e5abe45bbf786f9bc563014059ae326cf
75659575725,25760351767,clang-tidy,clang-tidy,completed,success,2026-05-12T20:29:16Z,2026-05-12T20:35:44Z,388,003b242f16aec3270d1d3e17afa953d65a5ca666
75657993694,25759830491,clang-tidy,clang-tidy,completed,success,2026-05-12T20:20:06Z,2026-05-12T20:26:48Z,402,312a0da653d00c0f979444c0772fc2186c618953
75657073453,25759611462,clang-tidy,clang-tidy,completed,cancelled,2026-05-12T20:14:45Z,2026-05-12T20:20:03Z,318,46ac9c88d59e24d53c9aa96e2843e532c2fec610
75656440589,25759432542,clang-tidy,clang-tidy,completed,cancelled,2026-05-12T20:11:05Z,2026-05-12T20:14:41Z,216,57a1f072e1b8f10fb7e4ed38a93bed34c87883c7
75654384975,25758835739,clang-tidy,clang-tidy,completed,success,2026-05-12T19:59:27Z,2026-05-12T20:05:49Z,382,ef70dbb79d676c9c89e31d8982245e2db117e784
75652750485,25758366575,clang-tidy,clang-tidy,completed,success,2026-05-12T19:50:11Z,2026-05-12T19:56:27Z,376,932ee160668266d29f0a16c9bebc5a998e6d7acf
75650370835,25757685123,clang-tidy,clang-tidy,completed,success,2026-05-12T19:36:19Z,2026-05-12T19:42:57Z,398,db5acfa89b5a2756d5cf643a57d12632d28c5410
75650093513,25757608033,clang-tidy,clang-tidy,completed,success,2026-05-12T19:34:44Z,2026-05-12T19:41:32Z,408,59db2898d3d2fd263b872b7e23e41f8f1d4eb993
75645568290,25756318699,clang-tidy,clang-tidy,completed,success,2026-05-12T19:09:27Z,2026-05-12T19:15:46Z,379,d74f206c72b75f8025aa75456a188d238564b10a
75643194415,25755634976,clang-tidy,clang-tidy,completed,success,2026-05-12T18:56:21Z,2026-05-12T19:02:54Z,393,4da22aa8c80e6c5f026993f4241ff7802c50cd5e
75642857140,25755534037,clang-tidy,clang-tidy,completed,success,2026-05-12T18:54:31Z,2026-05-12T19:00:54Z,383,ae53b476ae7559693fad8fa1c1b56c2991c0fa71
75640829369,25754920576,clang-tidy,clang-tidy,completed,success,2026-05-12T18:43:31Z,2026-05-12T18:49:49Z,378,5b2a3c8df76ec0090ccca9fe082d7f6791913296
75640228801,25754781685,clang-tidy,clang-tidy,completed,success,2026-05-12T18:40:20Z,2026-05-12T18:46:46Z,386,e2c985811a160a63ee52a20cfa61c59eb138dfb9
75638284513,25754227794,clang-tidy,clang-tidy,completed,success,2026-05-12T18:29:52Z,2026-05-12T18:36:12Z,380,144453cbab297b6624189ae05522adbf90a5a64b
75636499985,25753712823,clang-tidy,clang-tidy,completed,success,2026-05-12T18:20:13Z,2026-05-12T18:24:12Z,239,0e727f43afa90469e1b9f79d4680b12cb6105b2c
75629729925,25751785316,clang-tidy,clang-tidy,completed,success,2026-05-12T17:43:16Z,2026-05-12T17:49:59Z,403,3ba18f5755b7778efa80ade14efa0680dd5d23f0
75635879362,25751591885,clang-tidy,clang-tidy,completed,success,2026-05-12T18:16:47Z,2026-05-12T18:23:30Z,403,711d1cbc907863d8c73f75017be5df908f0870d8
75628103008,25751295484,clang-tidy,clang-tidy,completed,success,2026-05-12T17:34:21Z,2026-05-12T17:41:00Z,399,2f760fb861d93eab0927e6ccf8bb5fbd3c6fc357
75627586634,25751159126,clang-tidy,clang-tidy,completed,cancelled,2026-05-12T17:31:31Z,2026-05-12T17:34:17Z,166,3eab8d9915094fe7f6de229c7a8f5cde9dcd49b3
75627363208,25751117673,clang-tidy,clang-tidy,completed,cancelled,2026-05-12T17:30:19Z,2026-05-12T17:31:27Z,68,d74c583fe93e3712632d9e1c5d763addc88e9a7a
75624907911,25750404077,clang-tidy,clang-tidy,completed,success,2026-05-12T17:16:49Z,2026-05-12T17:23:14Z,385,b0b53d216556d78dc8d032aa865297a5ba0a63c9
75624085097,25750171779,clang-tidy,clang-tidy,completed,cancelled,2026-05-12T17:12:19Z,2026-05-12T17:16:46Z,267,5c12698653ac36564f60434c0858ee7ccc1b5cea
75687046614,25748790672,clang-tidy,clang-tidy,completed,success,2026-05-12T23:40:36Z,2026-05-12T23:46:40Z,364,1c484c5dae3e853c6b41c2f4cb57c4a5072a7ee1
75616829811,25748119713,clang-tidy,clang-tidy,completed,success,2026-05-12T16:33:04Z,2026-05-12T16:39:33Z,389,180735ac1615c715170b2876d54064a51b873616
75616111608,25747412266,clang-tidy,clang-tidy,completed,success,2026-05-12T16:29:21Z,2026-05-12T16:35:49Z,388,0808b350e96de0c9c7de9467fd978c56051dc0e1
75611870067,25746726441,clang-tidy,clang-tidy,completed,success,2026-05-12T16:07:06Z,2026-05-12T16:13:40Z,394,f9aa5169126d9c77b2264112c737ed824889098d
75614298939,25745776937,clang-tidy,clang-tidy,completed,success,2026-05-12T16:19:45Z,2026-05-12T16:26:25Z,400,6fba59f7516b01bc072f4d313bee092ea5c5e935
75598176430,25742937113,clang-tidy,clang-tidy,completed,success,2026-05-12T15:00:46Z,2026-05-12T15:07:15Z,389,db278cda042f4a914882fc24dace75bdc2e098f9
75592010562,25741273812,clang-tidy,clang-tidy,completed,success,2026-05-12T14:32:19Z,2026-05-12T14:39:01Z,402,4faeaabbc533b13b48e48536d7efeb96181ed685
75583393485,25738888072,clang-tidy,clang-tidy,completed,success,2026-05-12T13:51:10Z,2026-05-12T13:57:30Z,380,9b956f3cf94ac60c551c076dc809033b72008c50
75576623129,25737016811,clang-tidy,clang-tidy,completed,success,2026-05-12T13:17:36Z,2026-05-12T13:24:23Z,407,b3e8c958e27e9c068bcb01d94641a52c03d50c3b
75573648720,25736138724,clang-tidy,clang-tidy,completed,success,2026-05-12T13:02:09Z,2026-05-12T13:08:40Z,391,9853e771a8e082ed0ac94a939a34badaa1d1c049
75573309007,25736065063,clang-tidy,clang-tidy,completed,cancelled,2026-05-12T13:00:23Z,2026-05-12T13:02:06Z,103,7008bfbc48102247d83f9eb50bb6d2f802ea04ff
75570511430,25735275428,clang-tidy,clang-tidy,completed,success,2026-05-12T12:45:31Z,2026-05-12T12:52:02Z,391,2c50a5b2eabd69eca482c5d817e38fcb97735607
75570068345,25735149222,clang-tidy,clang-tidy,completed,success,2026-05-12T12:43:04Z,2026-05-12T12:49:31Z,387,1fbcf990fe941c4b183eafd3d48bc762c2adc299
75568173233,25734613339,clang-tidy,clang-tidy,completed,success,2026-05-12T12:32:32Z,2026-05-12T12:38:57Z,385,00b48051e123bc04a43281cea6ecdd3934a94c0c
75567014661,25734275453,clang-tidy,clang-tidy,completed,success,2026-05-12T12:25:53Z,2026-05-12T12:32:46Z,413,6ada500b763bd93292d8c12362eaa963855875ae
75561582258,25732676107,clang-tidy,clang-tidy,completed,success,2026-05-12T11:53:16Z,2026-05-12T12:00:10Z,414,538261b80ceedc08864b784a2dc6992740606f4a
75559298620,25731997158,clang-tidy,clang-tidy,completed,success,2026-05-12T11:39:06Z,2026-05-12T11:45:20Z,374,a825b9c20ce5cf2a41e34ec1c9568d2e063d92f7
75556229536,25731073030,clang-tidy,clang-tidy,completed,success,2026-05-12T11:19:46Z,2026-05-12T11:26:23Z,397,f9ab8a9a89db5fd7f639fe3d9625b993641b7797
75555970545,25731010269,clang-tidy,clang-tidy,completed,cancelled,2026-05-12T11:18:08Z,2026-05-12T11:19:43Z,95,db114293df3a04e9abdce09c9af08f585ce5432f
75554560119,25730593984,clang-tidy,clang-tidy,completed,success,2026-05-12T11:09:20Z,2026-05-12T11:16:13Z,413,e6b4ba3f5e18d87717b842a9caf8a23010e379aa
75554505766,25730579258,clang-tidy,clang-tidy,completed,cancelled,2026-05-12T11:08:58Z,2026-05-12T11:09:15Z,17,b8f2ac4ae6fce0d9a46e088a2e463b0a024a9f9d
75552937412,25730123725,clang-tidy,clang-tidy,completed,success,2026-05-12T10:59:18Z,2026-05-12T11:05:36Z,378,44c2a8ebeecd8fc8628ed1738178392105e46f0f
75549283450,25729058739,clang-tidy,clang-tidy,completed,success,2026-05-12T10:36:41Z,2026-05-12T10:42:55Z,374,0ba58bc3fb7235ed14c9573195555b3fcc5a1db7
75546790063,25728328244,clang-tidy,clang-tidy,completed,success,2026-05-12T10:20:56Z,2026-05-12T10:27:32Z,396,9978819b80546e08eb7c598931b79287ba88743a
75544061700,25727530829,clang-tidy,clang-tidy,completed,success,2026-05-12T10:04:03Z,2026-05-12T10:10:24Z,381,e3576fb495ce944d4cc227aec1d54237dde1b42c
75542690868,25727137700,clang-tidy,clang-tidy,completed,success,2026-05-12T09:56:06Z,2026-05-12T10:02:35Z,389,cbf3bae8628bc5914de44103d6900fc67915ada2
75540876123,25726606214,clang-tidy,clang-tidy,completed,success,2026-05-12T09:45:26Z,2026-05-12T09:51:49Z,383,9d3058696dbe246fcd789c5f2e0e152961fac3ee
75536377356,25725294387,clang-tidy,clang-tidy,completed,success,2026-05-12T09:18:49Z,2026-05-12T09:22:51Z,242,45832d4495694df606fd08000b8eb356a460e4a0
75534032443,25724605252,clang-tidy,clang-tidy,completed,success,2026-05-12T09:04:53Z,2026-05-12T09:11:21Z,388,92b94eaa650aadfa2593da1f5e8c9b14f73ac1e9
75484981256,25708962524,clang-tidy,clang-tidy,completed,success,2026-05-12T02:09:16Z,2026-05-12T02:16:06Z,410,fe193bd684a7f8ed086638004a9139153b78b3aa
75450088401,25697707317,clang-tidy,clang-tidy,completed,success,2026-05-11T21:14:04Z,2026-05-11T21:20:34Z,390,ee52cbaf92bca8d493dfe1a1dd908af34922b645
75448925630,25697367766,clang-tidy,clang-tidy,completed,success,2026-05-11T21:07:07Z,2026-05-11T21:13:43Z,396,6865a04f54284b8ba2b60355239d90fb9a7d947a
75448654939,25697303086,clang-tidy,clang-tidy,completed,success,2026-05-11T21:05:28Z,2026-05-11T21:11:37Z,369,f179792e7e12916ea6a5cdd8c374b01cb3ab2491
75448258522,25697173469,clang-tidy,clang-tidy,completed,cancelled,2026-05-11T21:03:10Z,2026-05-11T21:07:03Z,233,fc87e7405122a18ce3334edd0ebdc378cc34cd83
75447176242,25696866050,clang-tidy,clang-tidy,completed,cancelled,2026-05-11T20:56:52Z,2026-05-11T21:03:06Z,374,04ed55d307813fd32aa9dbba6eb1f751dd92801d
75439470347,25694595327,clang-tidy,clang-tidy,completed,success,2026-05-11T20:12:14Z,2026-05-11T20:18:37Z,383,070e66a90af079934a5cdd5995e727c301407146
75438596648,25694344564,clang-tidy,clang-tidy,completed,success,2026-05-11T20:07:12Z,2026-05-11T20:13:58Z,406,62f3de76b39e48be331ea51d57dfd601672c2402
75434647708,25693187224,clang-tidy,clang-tidy,completed,success,2026-05-11T19:44:24Z,2026-05-11T19:51:26Z,422,426895678d3d7a87756ac388d7c2a67a4bac146d
75433709116,25692910057,clang-tidy,clang-tidy,completed,success,2026-05-11T19:38:56Z,2026-05-11T19:45:30Z,394,d1745e133e824a67ad67038ba4ba88a2dd6e8639
75432938782,25692685261,clang-tidy,clang-tidy,completed,success,2026-05-11T19:34:31Z,2026-05-11T19:41:25Z,414,e9f4d86a0d82362b4f3490a45d7eef74dde2a25d
75427413246,25691105780,clang-tidy,clang-tidy,completed,success,2026-05-11T19:03:00Z,2026-05-11T19:09:37Z,397,d53f11ef5a9089ed74f45f5c14e18f421d58a2ba
75425748969,25690619667,clang-tidy,clang-tidy,completed,success,2026-05-11T18:53:42Z,2026-05-11T18:59:51Z,369,70439459eaab804ed3809d7c895848fe01a9f3dc
75425684868,25690600563,clang-tidy,clang-tidy,completed,success,2026-05-11T18:53:19Z,2026-05-11T19:00:10Z,411,3bd95a69a6b30811e7306ee3bb713ac9d8cacb16
75421494111,25689389558,clang-tidy,clang-tidy,completed,success,2026-05-11T18:30:10Z,2026-05-11T18:36:27Z,377,82f12ce8048c451196cccc14624aa2848cb5f3dc
75420042484,25688970907,clang-tidy,clang-tidy,completed,success,2026-05-11T18:21:59Z,2026-05-11T18:28:30Z,391,eea54003407268a7f01fed9a3ddad45595c546f0
75418297581,25688472536,clang-tidy,clang-tidy,completed,success,2026-05-11T18:11:57Z,2026-05-11T18:18:33Z,396,03f20dae71c9d2f4bcb6330af7541bce600c31ad
75378561535,25677245018,clang-tidy,clang-tidy,completed,success,2026-05-11T14:44:10Z,2026-05-11T14:50:47Z,397,ff0ea58a4933d40734e653045fc81eb2224dc557
75374423459,25676133542,clang-tidy,clang-tidy,completed,success,2026-05-11T14:24:22Z,2026-05-11T14:30:54Z,392,b9a4f549e9a212beb04754981b4c997f9d20a7ef
75372823285,25675705869,clang-tidy,clang-tidy,completed,success,2026-05-11T14:15:59Z,2026-05-11T14:22:31Z,392,e92c5ee552a2cf880ec84ab6ada2691c3cbd8039
75370061789,25674936571,clang-tidy,clang-tidy,completed,success,2026-05-11T14:01:17Z,2026-05-11T14:07:40Z,383,88fbe0c796612d0c16b2a8e496bbf6c89f928dd4
75369361561,25674745361,clang-tidy,clang-tidy,completed,success,2026-05-11T13:57:57Z,2026-05-11T14:02:15Z,258,8369b1ad4efe2ff530cd4019c623f48eb166f67d
75368399542,25674481501,clang-tidy,clang-tidy,completed,success,2026-05-11T13:53:09Z,2026-05-11T13:59:54Z,405,0bf8591cfcb1aa4e664f4fdd835e57c8c5576771
75360272089,25672229277,clang-tidy,clang-tidy,completed,success,2026-05-11T13:10:53Z,2026-05-11T13:17:13Z,380,970bf49a3f83d27060041cf53be35a1812a46315
75359186602,25671926837,clang-tidy,clang-tidy,completed,success,2026-05-11T13:04:56Z,2026-05-11T13:11:57Z,421,f1a62ca5549c29210e170ea7856c6269091607d6
77214607495,25663919987,clang-tidy,clang-tidy,completed,success,2026-05-21T15:59:38Z,2026-05-21T16:06:07Z,389,4c07234c55f549cf34361e3519fa8a1bdac1b2b4
75330576541,25663693728,clang-tidy,clang-tidy,completed,success,2026-05-11T10:06:30Z,2026-05-11T10:13:03Z,393,3abe257995377a0b376a8d08270e06167aabcdd4
75330218081,25663591263,clang-tidy,clang-tidy,completed,success,2026-05-11T10:04:18Z,2026-05-11T10:11:01Z,403,f7764ae4ac2eebf0282c020ab3a79a93e5eaa16d
75328894813,25663208199,clang-tidy,clang-tidy,completed,success,2026-05-11T09:56:02Z,2026-05-11T10:02:02Z,360,3dfe565aed3a59b8232e54f3d829ca9341f9b3e0
75328802185,25663182260,clang-tidy,clang-tidy,completed,success,2026-05-11T09:55:28Z,2026-05-11T10:01:38Z,370,60798c8915555633e5987691106bbe3bee540e21
75328020250,25662951914,clang-tidy,clang-tidy,completed,success,2026-05-11T09:50:35Z,2026-05-11T09:57:02Z,387,0471bc2fed9c7e569749f300c2ce623126479076
75327287705,25662737057,clang-tidy,clang-tidy,completed,success,2026-05-11T09:46:09Z,2026-05-11T09:52:45Z,396,d98cac35e3b59d0538001355999514374d7e472a
75326001812,25662366787,clang-tidy,clang-tidy,completed,success,2026-05-11T09:38:07Z,2026-05-11T09:44:25Z,378,78d08325bbc9d47489c1ca74fd2f9ee413aebada
75314641994,25659048951,clang-tidy,clang-tidy,completed,success,2026-05-11T08:28:14Z,2026-05-11T08:34:41Z,387,0391cbdb81e70ee3ece0d843a7fb44699bcd5c17
75308887703,25657329158,clang-tidy,clang-tidy,completed,success,2026-05-11T07:49:36Z,2026-05-11T07:55:49Z,373,db4774c001faccfd9ef94d9120a444b8d18dffb2
75308669199,25657276294,clang-tidy,clang-tidy,completed,cancelled,2026-05-11T07:48:04Z,2026-05-11T07:49:30Z,86,32d5c94706fe9123aa846eb1248600e4a1f0eac2
75291164924,25651709041,clang-tidy,clang-tidy,completed,success,2026-05-11T05:16:28Z,2026-05-11T05:22:38Z,370,786d25640e78f962da4eff3c0c3a79c9aaf9eff6
75290873825,25651619533,clang-tidy,clang-tidy,completed,cancelled,2026-05-11T05:13:02Z,2026-05-11T05:16:20Z,198,9388a3371716160deb80038887972bca2ec9f3a4
75289478221,25651131244,clang-tidy,clang-tidy,completed,success,2026-05-11T04:56:20Z,2026-05-11T05:02:41Z,381,d3550bba1f74242b5c726cb0552bc732bfc0d60a
75279992633,25647839424,clang-tidy,clang-tidy,completed,success,2026-05-11T02:54:37Z,2026-05-11T03:01:07Z,390,ed2d9028f43ac61c075b5a59e4689bfa34ae0ef7
75241813161,25633716730,clang-tidy,clang-tidy,completed,success,2026-05-10T16:22:12Z,2026-05-10T16:28:18Z,366,e0297b28728b119c7c76b8c736de4e180e09a261
75239002449,25632243728,clang-tidy,clang-tidy,completed,success,2026-05-10T15:33:02Z,2026-05-10T15:39:27Z,385,6c8f7326f7f4152ed4bd80bcaa80a3e6682876a5
75233794107,25630355761,clang-tidy,clang-tidy,completed,success,2026-05-10T14:03:53Z,2026-05-10T14:10:11Z,378,dc6ac39985fa709c8bbbfd9261af3845c1ec8301
75230861811,25629629250,clang-tidy,clang-tidy,completed,success,2026-05-10T13:12:01Z,2026-05-10T13:18:41Z,400,cd9707d59e4b3b178803c419f6c73a6baeb50197
75228015541,25628586698,clang-tidy,clang-tidy,completed,success,2026-05-10T12:21:12Z,2026-05-10T12:27:30Z,378,7f1ee45a74bffd49b858ec5ef88daa5ff883554e
75227915735,25628551693,clang-tidy,clang-tidy,completed,success,2026-05-10T12:19:29Z,2026-05-10T12:25:51Z,382,ba5030feb1bdafab46e581226c3a613c32e7d403
75226256904,25627926521,clang-tidy,clang-tidy,completed,success,2026-05-10T11:48:08Z,2026-05-10T11:54:39Z,391,887218deaf3f90f4f0c467774884dd480ba39d68
75226123176,25627875660,clang-tidy,clang-tidy,completed,success,2026-05-10T11:45:30Z,2026-05-10T11:51:58Z,388,3081e12950a5a6829fa59c05a59c78d2bc42b383
78649948071,26684350680,clang-tidy,clang-tidy,completed,success,2026-05-30T12:55:25Z,2026-05-30T12:59:30Z,245,c54e51eea0fb5446012999aab3f550ee4521df5e
78649772989,26684286485,clang-tidy,clang-tidy,completed,cancelled,2026-05-30T12:52:00Z,2026-05-30T12:55:23Z,203,0030ec5ea5430592049b13c81fee2e6f7e3dc3bc
78643601875,26681881504,clang-tidy,clang-tidy,completed,success,2026-05-30T10:47:33Z,2026-05-30T10:51:56Z,263,5c1fc49e98cc5b4e5ff328f26f8c6959c1fc45b7
78642927278,26681626286,clang-tidy,clang-tidy,completed,success,2026-05-30T10:33:57Z,2026-05-30T10:38:04Z,247,961917affbd3da870b94875f45f4cf54c70bf9ff
78710433811,26707121476,clang-tidy,clang-tidy,completed,success,2026-05-31T07:59:16Z,2026-05-31T08:03:33Z,257,edf4bcfaa9488256054b159f2ad267af293bccac
78710378119,26707109746,clang-tidy,clang-tidy,completed,cancelled,2026-05-31T07:58:23Z,2026-05-31T07:59:13Z,50,fab1096ba3f1ad9860fab0c36044af174173d96a
78699705275,26703214715,clang-tidy,clang-tidy,completed,success,2026-05-31T04:28:42Z,2026-05-31T04:32:50Z,248,09b8e11a685279401db6014555da3e04d73a54c7
78698917246,26702912487,clang-tidy,clang-tidy,completed,success,2026-05-31T04:11:20Z,2026-05-31T04:15:57Z,277,c144695900f0a96982e969d40d11bce3ca8cff00
78692250988,26700432488,clang-tidy,clang-tidy,completed,success,2026-05-31T01:53:25Z,2026-05-31T01:57:35Z,250,44e2ddf7bba12affb00e4c17944723c93e7429b7
78667880832,26691237488,clang-tidy,clang-tidy,completed,success,2026-05-30T18:12:16Z,2026-05-30T18:16:24Z,248,882a5ef11bf987462e0fbaf9d95d5e640a7b82c7
78789219866,26735983617,clang-tidy,clang-tidy,completed,success,2026-06-01T04:56:29Z,2026-06-01T05:00:45Z,256,3c0e7c66bc9d115556cf1a2b5f9f369ced465fe4
78787475881,26735383817,clang-tidy,clang-tidy,completed,success,2026-06-01T04:35:47Z,2026-06-01T04:40:04Z,257,285ceb8322691a6034dd80a6e210b2c6564ec48e
78781738342,26733394538,clang-tidy,clang-tidy,completed,failure,2026-06-01T03:22:51Z,2026-06-01T03:23:02Z,11,248a9201eaf2fbfef9511533a0596a9170746705
78781704399,26733384088,clang-tidy,clang-tidy,completed,success,2026-06-01T03:22:28Z,2026-06-01T03:26:43Z,255,0e0eb9b6ba71fd1bfa9a7a150e544804c0cb293e
78753423117,26723029230,clang-tidy,clang-tidy,completed,success,2026-05-31T20:02:41Z,2026-05-31T20:06:50Z,249,2615f793fec12751dd45f1460e8487f99ab280c7
78742291046,26718897250,clang-tidy,clang-tidy,completed,success,2026-05-31T17:03:43Z,2026-05-31T17:07:48Z,245,9d886fb165b5f4a7ab8ffbb251d25382ac1ba077
78736155463,26716596402,clang-tidy,clang-tidy,completed,success,2026-05-31T15:25:03Z,2026-05-31T15:29:10Z,247,edf4bcfaa9488256054b159f2ad267af293bccac
78730118291,26714332765,clang-tidy,clang-tidy,completed,success,2026-05-31T13:46:06Z,2026-05-31T13:50:36Z,270,130f8c528959de5fd2678a4542f1193f64e6d07b
78726917504,26713142813,clang-tidy,clang-tidy,completed,success,2026-05-31T12:52:48Z,2026-05-31T12:56:56Z,248,cee47d19a2c1eb524da84715948c7ce52bdfff9e
78721316728,26711070301,clang-tidy,clang-tidy,completed,success,2026-05-31T11:15:13Z,2026-05-31T11:19:30Z,257,f137abbf1bbdc299a44a3c985fb1c5e01a9caae8
78810672363,26742794912,clang-tidy,clang-tidy,completed,success,2026-06-01T08:04:31Z,2026-06-01T08:08:44Z,253,2ec30405a01c876b0ff9a6c6a1b99dfe08dbe007
78808540757,26742154418,clang-tidy,clang-tidy,completed,success,2026-06-01T07:49:49Z,2026-06-01T07:54:05Z,256,a8201114f1c06ce389b9a2e7f739ee76736f25de
78805258739,26741145594,clang-tidy,clang-tidy,completed,failure,2026-06-01T07:25:54Z,2026-06-01T07:26:07Z,13,248a9201eaf2fbfef9511533a0596a9170746705
78805243142,26741140682,clang-tidy,clang-tidy,completed,failure,2026-06-01T07:25:47Z,2026-06-01T07:26:12Z,25,0e0eb9b6ba71fd1bfa9a7a150e544804c0cb293e
78803685991,26740669459,clang-tidy,clang-tidy,completed,success,2026-06-01T07:14:05Z,2026-06-01T07:18:33Z,268,ae50b28fd676498e08bc900a60d6bff6b8943f70
78800967425,26739833302,clang-tidy,clang-tidy,completed,failure,2026-06-01T06:52:31Z,2026-06-01T06:53:00Z,29,248a9201eaf2fbfef9511533a0596a9170746705
78800951287,26739828244,clang-tidy,clang-tidy,completed,success,2026-06-01T06:52:23Z,2026-06-01T06:56:45Z,262,0e0eb9b6ba71fd1bfa9a7a150e544804c0cb293e
78800497751,26739686294,clang-tidy,clang-tidy,completed,success,2026-06-01T06:48:42Z,2026-06-01T06:53:07Z,265,8847da48ff3bcf9314cdebb1a44114f723a8de4d
79029964819,26807887972,clang-tidy,clang-tidy,completed,failure,2026-06-02T08:26:48Z,2026-06-02T08:27:52Z,64,68057710a2b7584617dd566d70a9829a6523c652
79024511730,26806290805,clang-tidy,clang-tidy,completed,success,2026-06-02T07:53:13Z,2026-06-02T07:57:21Z,248,27ae09441ccf2416645dc5c7138ddf076adf74f9
79021887882,26805511195,clang-tidy,clang-tidy,completed,success,2026-06-02T07:36:16Z,2026-06-02T07:40:21Z,245,b373ebf7481c46897e9196ca83108f9862a52118
79019771729,26804864126,clang-tidy,clang-tidy,completed,success,2026-06-02T07:22:12Z,2026-06-02T07:26:24Z,252,fcf012bc34c8000bd3db08bd8901436bec4c6496
79015869959,26803667573,clang-tidy,clang-tidy,completed,success,2026-06-02T06:54:03Z,2026-06-02T06:58:30Z,267,b8da8257e2516646072a74a015c569408e0e18aa
79007979502,26801170680,clang-tidy,clang-tidy,completed,success,2026-06-02T05:50:24Z,2026-06-02T05:54:37Z,253,99750c7cb49201985c1cee39f46ae11b827b4311
79004529675,26800024510,clang-tidy,clang-tidy,completed,success,2026-06-02T05:17:28Z,2026-06-02T05:21:34Z,246,b8c4d95d862123dfecf10cf71b91c81a67a1c39b
79003979968,26799844682,clang-tidy,clang-tidy,completed,success,2026-06-02T05:12:08Z,2026-06-02T05:16:15Z,247,fdea4bb470de236c65c2a1cf34cc960189397b0b
78999880540,26798477532,clang-tidy,clang-tidy,completed,failure,2026-06-02T04:30:34Z,2026-06-02T04:35:56Z,322,171856ba0d7f97bc5e56225fad8d5eadfdfcb520
78984767315,26793473527,clang-tidy,clang-tidy,completed,success,2026-06-02T01:52:53Z,2026-06-02T01:56:59Z,246,34af3104825c4daf6f51132c455dd0333139009c
78960598437,26785650522,clang-tidy,clang-tidy,completed,success,2026-06-01T22:22:39Z,2026-06-01T22:26:46Z,247,13b569e8e9b3c1bce38cc7cecf0c4e4ddc9818e8
78959353340,26785260635,clang-tidy,clang-tidy,completed,success,2026-06-01T22:13:40Z,2026-06-01T22:17:49Z,249,a46579e3800d7bc7e68a97376c1fff97fd44ad43
78953994280,26783612377,clang-tidy,clang-tidy,completed,success,2026-06-01T21:38:26Z,2026-06-01T21:42:40Z,254,b06ca965c01bc173de405baf4754784105ff5ff8
78926158654,26775573497,clang-tidy,clang-tidy,completed,failure,2026-06-01T19:00:41Z,2026-06-01T19:06:14Z,333,9fd56267925f7fe1b342a1da2c55e792b3bddc0b
78920516703,26773963999,clang-tidy,clang-tidy,completed,failure,2026-06-01T18:29:11Z,2026-06-01T18:34:19Z,308,c88b691a79cfdf26280ae9fcae3d6d303563f9d6
78910869405,26771210326,clang-tidy,clang-tidy,completed,failure,2026-06-01T17:35:27Z,2026-06-01T17:38:09Z,162,9e681af68cdc310fbe56a8b0d551bfd15cbe02d8
78910260973,26771037047,clang-tidy,clang-tidy,completed,success,2026-06-01T17:32:03Z,2026-06-01T17:36:23Z,260,351f1de3fcaad1a392400269b62bea0e4a74e965
78909590008,26770844035,clang-tidy,clang-tidy,completed,success,2026-06-01T17:28:16Z,2026-06-01T17:32:23Z,247,63da149880e76d83f2ac29ca7c4ac2811274b01f
78909018404,26770679761,clang-tidy,clang-tidy,completed,success,2026-06-01T17:25:01Z,2026-06-01T17:29:17Z,256,54a837f22ab2ad899c61db735ef8d29e831f2ebc
78907986306,26770387578,clang-tidy,clang-tidy,completed,success,2026-06-01T17:19:07Z,2026-06-01T17:23:30Z,263,430ba095f64e29ac938bf88ee22819cc3207e39b
78902213853,26768759149,clang-tidy,clang-tidy,completed,success,2026-06-01T16:46:54Z,2026-06-01T16:50:53Z,239,35dd5390d92c65632f6ec9ed7936266c37b7c8d4
78901181515,26768461783,clang-tidy,clang-tidy,completed,success,2026-06-01T16:41:04Z,2026-06-01T16:45:22Z,258,8156ad9f0ca4b3d2c9a88e0e5305c8a2ac778f15
78898617574,26767738741,clang-tidy,clang-tidy,completed,success,2026-06-01T16:26:49Z,2026-06-01T16:30:51Z,242,a84885faafe7ee741e096801aec9874b7e2473d1
78898159488,26767606910,clang-tidy,clang-tidy,completed,success,2026-06-01T16:24:20Z,2026-06-01T16:28:46Z,266,54c21cbc9d25bbc37093c890438cb0d32079bc84
78897182384,26767329667,clang-tidy,clang-tidy,completed,success,2026-06-01T16:19:12Z,2026-06-01T16:23:28Z,256,78a5bb59b05e65e8f75760d871cb0390ca07a5e4
78896510628,26767141024,clang-tidy,clang-tidy,completed,success,2026-06-01T16:15:12Z,2026-06-01T16:19:18Z,246,ce1969f8f142e7c5c305a7684d97b32cb0c04cd4
78892239096,26765950794,clang-tidy,clang-tidy,completed,success,2026-06-01T15:52:55Z,2026-06-01T15:57:31Z,276,e945daf7e12eaeb624ce1edd39ccdbb97879626d
78890860083,26765567830,clang-tidy,clang-tidy,completed,success,2026-06-01T15:45:43Z,2026-06-01T15:49:55Z,252,92ba938cbdfaf6fdc03abbe6d3f56c512e1b61b0
78887021775,26764515405,clang-tidy,clang-tidy,completed,success,2026-06-01T15:26:22Z,2026-06-01T15:30:40Z,258,2020a1d5098a101bd52244ce5a84479f8dbdd43c
78880773403,26762800425,clang-tidy,clang-tidy,completed,success,2026-06-01T14:55:45Z,2026-06-01T15:00:16Z,271,f031dd6a59f9d944d47565988e05fa9f099a75ce
78878984286,26762306333,clang-tidy,clang-tidy,completed,success,2026-06-01T14:47:08Z,2026-06-01T14:51:16Z,248,fea22a7e5bd822133dc12b9535baf7458b2ebb46
78878862956,26762273611,clang-tidy,clang-tidy,completed,success,2026-06-01T14:46:34Z,2026-06-01T14:50:55Z,261,293ad621a244fb501a5ed9660c01e666ba5e3e86
78876262455,26761568051,clang-tidy,clang-tidy,completed,success,2026-06-01T14:34:15Z,2026-06-01T14:38:32Z,257,0f99998e85a1426f1ea7d5154c2c4fe25342b74f
78849247628,26754082844,clang-tidy,clang-tidy,completed,success,2026-06-01T12:11:13Z,2026-06-01T12:15:35Z,262,e6daeee7056a87f1d68131b9adf7af9fb4699d21
78825541498,26747171834,clang-tidy,clang-tidy,completed,success,2026-06-01T09:39:54Z,2026-06-01T09:44:18Z,264,da29ea16330eaf23cbadf636a8b53fe749c173f5
79072079581,26820088184,clang-tidy,clang-tidy,completed,success,2026-06-02T12:36:16Z,2026-06-02T12:40:16Z,240,1969e076eb397101d82e8ad0779a6eecc8c0e547
79054681319,26815074387,clang-tidy,clang-tidy,completed,success,2026-06-02T10:53:21Z,2026-06-02T10:57:32Z,251,51b1e6dd74e680f214010effddf087ef87852877
79054607957,26815056221,clang-tidy,clang-tidy,completed,cancelled,2026-06-02T10:52:53Z,2026-06-02T10:53:15Z,22,61d7ad67859d810245b1fb3d2fb429da2f3be49c
79223959301,26864116095,clang-tidy,clang-tidy,completed,success,2026-06-03T04:41:13Z,2026-06-03T04:45:11Z,238,151f4581bd8a25aa3d75d47aae6c474ca674dad6
79223444887,26863951452,clang-tidy,clang-tidy,completed,success,2026-06-03T04:35:56Z,2026-06-03T04:40:11Z,255,56dfcd79b7b72d135cb0de0f8376847a9086bc94
79219778264,26862744477,clang-tidy,clang-tidy,completed,success,2026-06-03T03:56:24Z,2026-06-03T04:00:32Z,248,91d4eab54133da2a3a6f351f2ccb2ffce20c2e90
79214136261,26860942921,clang-tidy,clang-tidy,completed,success,2026-06-03T02:57:41Z,2026-06-03T03:01:53Z,252,95dce7edecaa6fe1b62036e5b4c3c4c36238c12d
79213527196,26859208492,clang-tidy,clang-tidy,completed,success,2026-06-03T02:51:04Z,2026-06-03T02:55:08Z,244,610cec643ae6e8676e62c1fb36f45b35be4f0302
79205683569,26858167134,clang-tidy,clang-tidy,completed,success,2026-06-03T01:28:55Z,2026-06-03T01:33:07Z,252,954b17916f2b1fb3a2499e74e34bdedbb52450bc
79205157213,26857990014,clang-tidy,clang-tidy,completed,success,2026-06-03T01:23:30Z,2026-06-03T01:27:25Z,235,23be60bada506e039d18e403a07727d72294d341
79204928073,26857920309,clang-tidy,clang-tidy,completed,cancelled,2026-06-03T01:21:09Z,2026-06-03T01:23:25Z,136,ace2c57a78f0aaa4a637045285c099aa60bf800a
79204806865,26857890520,clang-tidy,clang-tidy,completed,cancelled,2026-06-03T01:19:59Z,2026-06-03T01:21:03Z,64,a55f8c6eac01cd90d4dddea9ea84345252b9a4bb
79204659902,26857844375,clang-tidy,clang-tidy,completed,success,2026-06-03T01:18:27Z,2026-06-03T01:22:27Z,240,2c9738db9c331f9ac914a303c3b9c0f33baf81be
79204358443,26857746651,clang-tidy,clang-tidy,completed,success,2026-06-03T01:15:25Z,2026-06-03T01:19:44Z,259,d02f92d1680a0c57108363e76c6e344bfcb0ec42
79204200321,26857695888,clang-tidy,clang-tidy,completed,success,2026-06-03T01:13:50Z,2026-06-03T01:17:54Z,244,4b3892dcb0100b016d0e4300be440647f1a3a304
79204142689,26857678243,clang-tidy,clang-tidy,completed,success,2026-06-03T01:13:15Z,2026-06-03T01:17:33Z,258,f249a5f28adf2a4b0c8d8bc74911ca079a39636f
79199080605,26856076090,clang-tidy,clang-tidy,completed,success,2026-06-03T00:24:07Z,2026-06-03T00:28:18Z,251,c202c6ece6b897acbc2407fd37f9c34837375e38
79198229484,26855795719,clang-tidy,clang-tidy,completed,success,2026-06-03T00:15:57Z,2026-06-03T00:19:57Z,240,6dae2470341c3c0fea55b91da6e97b0114519ee2
79197584209,26855590969,clang-tidy,clang-tidy,completed,success,2026-06-03T00:09:47Z,2026-06-03T00:13:44Z,237,1097a0e1383dad37f41f7419b28b5ef757477623
79197420136,26855540963,clang-tidy,clang-tidy,completed,success,2026-06-03T00:08:13Z,2026-06-03T00:12:18Z,245,caec81220df6220f8f1ce23c2415a3f668329040
79197414300,26855539200,clang-tidy,clang-tidy,completed,success,2026-06-03T00:08:10Z,2026-06-03T00:12:21Z,251,14d1a45786f2ea014f254c40aa142f408d357128
79197375161,26855526978,clang-tidy,clang-tidy,completed,success,2026-06-03T00:07:47Z,2026-06-03T00:11:59Z,252,e7213192387d955695dd32baebb758d88afda14b
79197329702,26855503468,clang-tidy,clang-tidy,completed,success,2026-06-03T00:07:22Z,2026-06-03T00:11:37Z,255,e364f65b608543a4eda45720a6ce363d0d83e591
79197157557,26855460976,clang-tidy,clang-tidy,completed,cancelled,2026-06-03T00:05:48Z,2026-06-03T00:07:16Z,88,69abf57f045991263dd47293bf0b5a038ba03aa8
79196879268,26855376257,clang-tidy,clang-tidy,completed,success,2026-06-03T00:03:23Z,2026-06-03T00:07:30Z,247,d3c90311d0e4bf8ba0886deaa9a69f659cfe0056
79196875519,26855374999,clang-tidy,clang-tidy,completed,success,2026-06-03T00:03:22Z,2026-06-03T00:07:25Z,243,98dbf724aa28d5a6f64834d9fa4faa1e80981b55
79196866730,26855372233,clang-tidy,clang-tidy,completed,success,2026-06-03T00:03:16Z,2026-06-03T00:07:27Z,251,5cb259fca980c57164b02f8d673e5f246fa98651
79196855296,26855368738,clang-tidy,clang-tidy,completed,success,2026-06-03T00:03:10Z,2026-06-03T00:07:33Z,263,4b4fb509dcf8242eaf880df4b298a1f6d5b0fd54
79196610993,26855289794,clang-tidy,clang-tidy,completed,success,2026-06-03T00:01:03Z,2026-06-03T00:05:19Z,256,9b97bbf2976dd3b1fb4caeb3d0e5bad15bb15b76
79194604000,26854633785,clang-tidy,clang-tidy,completed,success,2026-06-02T23:42:39Z,2026-06-02T23:46:46Z,247,a2ea276fd0a99b8271c70218f32f3c186aadb041
79194370942,26854571760,clang-tidy,clang-tidy,completed,cancelled,2026-06-02T23:40:36Z,2026-06-02T23:42:34Z,118,cd0284bcf3bed24e32af8c648665f2cffe42ed2f
79187186647,26852343227,clang-tidy,clang-tidy,completed,success,2026-06-02T22:42:02Z,2026-06-02T22:46:33Z,271,a7f14ba1e246129b1b1f884c6dd85f8802becad2
79185926418,26851955309,clang-tidy,clang-tidy,completed,success,2026-06-02T22:32:33Z,2026-06-02T22:36:44Z,251,b649c7193f1a8068301a795b2608b21a9f018875
79179115807,26849900069,clang-tidy,clang-tidy,completed,success,2026-06-02T21:45:16Z,2026-06-02T21:49:28Z,252,b21b0f1ebbfa54db515f780a803027f358b37146
79168887617,26846938095,clang-tidy,clang-tidy,completed,success,2026-06-02T20:44:56Z,2026-06-02T20:49:01Z,245,bda1f8e035a73806e0d3a1c9fb34e42e1e1b7be0
79168842491,26846925769,clang-tidy,clang-tidy,completed,success,2026-06-02T20:44:38Z,2026-06-02T20:48:47Z,249,8e417096d0b20b6dbd1cc881ac3424ccc1621099
79168765385,26846903896,clang-tidy,clang-tidy,completed,success,2026-06-02T20:44:13Z,2026-06-02T20:48:23Z,250,79fc942d56838f223ce807aa90018c9165b59648
79168737647,26846895814,clang-tidy,clang-tidy,completed,success,2026-06-02T20:44:04Z,2026-06-02T20:48:45Z,281,54b009ab67ce764788ac56c05a9d0050d0e47478
79168432917,26846808244,clang-tidy,clang-tidy,completed,success,2026-06-02T20:42:25Z,2026-06-02T20:46:29Z,244,aef5b0c3032bdc5ab70862e52024e3dce11d4032
79168408814,26846801403,clang-tidy,clang-tidy,completed,success,2026-06-02T20:42:15Z,2026-06-02T20:46:09Z,234,f6ba904d34568c39533707bb8bfb36fd773ff649
79168337159,26846780301,clang-tidy,clang-tidy,completed,success,2026-06-02T20:41:53Z,2026-06-02T20:46:05Z,252,a19ee0886be9dd1f31fe986cd2702de9baeb5401
79168316954,26846774401,clang-tidy,clang-tidy,completed,success,2026-06-02T20:41:45Z,2026-06-02T20:46:00Z,255,68539b60c8dbd277bb54079015cc0eee76829159
79168262473,26846758487,clang-tidy,clang-tidy,completed,success,2026-06-02T20:41:27Z,2026-06-02T20:45:32Z,245,49c287ef6dd32fc3dc4d90db49126319d08076a1
79168235777,26846750682,clang-tidy,clang-tidy,completed,success,2026-06-02T20:41:18Z,2026-06-02T20:45:39Z,261,15ff0135bcf030a9c1d44455bbea9f338019d396
79168216352,26846744839,clang-tidy,clang-tidy,completed,success,2026-06-02T20:41:13Z,2026-06-02T20:45:11Z,238,a059d74d7f5dd997d93a70d82f18a7d1149e40ce
79168209352,26846742239,clang-tidy,clang-tidy,completed,success,2026-06-02T20:41:10Z,2026-06-02T20:45:20Z,250,e0adbe241f3e76b44e11aff0bf2e9003942c79e3
79159005243,26844156530,clang-tidy,clang-tidy,completed,success,2026-06-02T19:50:38Z,2026-06-02T19:54:35Z,237,0f6df2163b5d99717d024b44e5eaf213eaaf7bc5
79141321841,26839202478,clang-tidy,clang-tidy,completed,success,2026-06-02T18:15:51Z,2026-06-02T18:20:22Z,271,da77e6d9a1310a23e79a9ffc0472357102b3d57d
79147152049,26838854761,clang-tidy,clang-tidy,completed,success,2026-06-02T18:46:33Z,2026-06-02T18:50:36Z,243,f7247f2d899d28bacc75a913d3a33fe27c12314d
79136573784,26837871861,clang-tidy,clang-tidy,completed,success,2026-06-02T17:50:54Z,2026-06-02T17:55:00Z,246,c215f9b9ef35db54dc5f5579f9bc73522a9c8e44
79131221536,26834892717,clang-tidy,clang-tidy,completed,success,2026-06-02T17:22:38Z,2026-06-02T17:26:44Z,246,ce2314e25618843239e7da1b8acc93f7eb79057a
79115339622,26831934224,clang-tidy,clang-tidy,completed,success,2026-06-02T16:00:21Z,2026-06-02T16:04:44Z,263,36b53571bc26275cde70af4b2bb59fb6772f28f3
79108644676,26830102540,clang-tidy,clang-tidy,completed,success,2026-06-02T15:28:54Z,2026-06-02T15:33:27Z,273,a87979321332f897f0aa313d6fdb68f195709858
79106536683,26829532740,clang-tidy,clang-tidy,completed,success,2026-06-02T15:19:16Z,2026-06-02T15:23:33Z,257,9a5a3b082374920d469a5ad8525ecf4da441b298
79098295246,26827289020,clang-tidy,clang-tidy,completed,success,2026-06-02T14:42:27Z,2026-06-02T14:46:42Z,255,b8d6c2a6629912f0a312756fac4e0c1b82058047
79084003776,26822732994,clang-tidy,clang-tidy,completed,success,2026-06-02T13:37:14Z,2026-06-02T13:41:31Z,257,454221c7fbae49bb5345c2d0c6d378e62089e347
79074450444,26820765918,clang-tidy,clang-tidy,completed,success,2026-06-02T12:49:17Z,2026-06-02T12:53:32Z,255,4907f39b4fc02b0044b9f0729e27807b673a2319
79268231262,26877396691,clang-tidy,clang-tidy,completed,success,2026-06-03T09:56:41Z,2026-06-03T10:00:57Z,256,4480de511752b9c5fd8814f4a239f076394a4d7a
79457687155,26933421640,clang-tidy,clang-tidy,completed,success,2026-06-04T05:47:01Z,2026-06-04T05:51:19Z,258,caa4cb46f98ce1068d39d6ab08a6dd4174843c5e
79445606884,26929268182,clang-tidy,clang-tidy,completed,success,2026-06-04T03:48:24Z,2026-06-04T03:52:35Z,251,8259e3fe256b1f4e706a8f5150ada60262de451f
79441424235,26927850244,clang-tidy,clang-tidy,completed,success,2026-06-04T03:08:39Z,2026-06-04T03:12:43Z,244,507be17248e715386de064f65eadaae82ea58764
79423666538,26921815764,clang-tidy,clang-tidy,completed,success,2026-06-04T00:24:16Z,2026-06-04T00:28:19Z,243,12cd8ddacccb62c78c540721105fe1ef7677469d
79405010561,26915791673,clang-tidy,clang-tidy,completed,success,2026-06-03T22:02:32Z,2026-06-03T22:06:37Z,245,a7bf3a0f1d18bb62575236ef6e4944980c40e045
79367079998,26904921042,clang-tidy,clang-tidy,completed,success,2026-06-03T18:30:31Z,2026-06-03T18:34:35Z,244,829a524cd10eac6c2d36b7b613c4ef814396bacc
79346033571,26899040384,clang-tidy,clang-tidy,completed,success,2026-06-03T16:39:32Z,2026-06-03T16:43:59Z,267,3416d6f2d6e0d25ff9834ccd11cbbc4cd7c9bac5
79344572551,26898637444,clang-tidy,clang-tidy,completed,success,2026-06-03T16:32:02Z,2026-06-03T16:36:24Z,262,63c117baba99f9fe17b97da8845338cc24c4c82a
79342875182,26898158986,clang-tidy,clang-tidy,completed,success,2026-06-03T16:23:20Z,2026-06-03T16:27:27Z,247,dbd26657534dc5ca67ae7e06904ada8f565bea99
79341902619,26897890808,clang-tidy,clang-tidy,completed,success,2026-06-03T16:18:21Z,2026-06-03T16:22:29Z,248,ae12b417ce32a1ba40869dc321297baa7859ab66
79341306210,26897724724,clang-tidy,clang-tidy,completed,success,2026-06-03T16:15:22Z,2026-06-03T16:19:57Z,275,2b06a2a2db75a5f83457af11ae1ad48182f63a29
79339900218,26897339265,clang-tidy,clang-tidy,completed,success,2026-06-03T16:08:18Z,2026-06-03T16:12:31Z,253,8e3ff7d8127297d2ea720ff219ceed1d0a5426c2
79335576767,26896145986,clang-tidy,clang-tidy,completed,success,2026-06-03T15:47:27Z,2026-06-03T15:51:45Z,258,84d48ac85410d8ba4ebe8ec318b58b912a4b2d3a
79332196819,26895229743,clang-tidy,clang-tidy,completed,success,2026-06-03T15:31:36Z,2026-06-03T15:35:52Z,256,a4e965f3599a9567619464a0fd69c36355c92305
79544353671,26959126857,clang-tidy,clang-tidy,completed,success,2026-06-04T14:44:19Z,2026-06-04T14:48:33Z,254,149aea96a2e978b1205543e2499b85d0c8b3fc4d
79541557373,26958341417,clang-tidy,clang-tidy,completed,success,2026-06-04T14:30:45Z,2026-06-04T14:34:52Z,247,e268806e353132e4ce35d1eda59a074033c46131
79474352196,26938639621,clang-tidy,clang-tidy,completed,success,2026-06-04T07:54:26Z,2026-06-04T07:58:44Z,258,dce5876d6cc6cc30157af7d26a752ef44976da8e
79472488551,26938061972,clang-tidy,clang-tidy,completed,success,2026-06-04T07:42:16Z,2026-06-04T07:46:39Z,263,05c1bc3bceceb8d3cf11e9e7fc7f19f971c44988
79462298160,26934922622,clang-tidy,clang-tidy,completed,success,2026-06-04T06:27:42Z,2026-06-04T06:31:56Z,254,15375a7d6e80f7d53c8472807e4867c6390db825
79679610109,27000491017,clang-tidy,clang-tidy,completed,success,2026-06-05T06:58:41Z,2026-06-05T07:03:01Z,260,784d2ceb12a7e3e7858bf136c05af879c2e42965
79678798680,27000227775,clang-tidy,clang-tidy,completed,success,2026-06-05T06:52:03Z,2026-06-05T06:56:09Z,246,b9ff68119193b9efde7e13a82f1ca2661288ccf6
79678642296,27000177812,clang-tidy,clang-tidy,completed,success,2026-06-05T06:50:47Z,2026-06-05T06:54:58Z,251,b9a793a088e532dcaa8681f7acd7befaf8220ba1
79673897153,26998693785,clang-tidy,clang-tidy,completed,success,2026-06-05T06:10:07Z,2026-06-05T06:14:23Z,256,93558f81c90bb04bb87c05863dad8a5375b76234
79665999299,26996076597,clang-tidy,clang-tidy,completed,success,2026-06-05T04:50:34Z,2026-06-05T04:55:02Z,268,cba809499d18a2648f76086abd3af7ff2eddb98b
79663508585,26995243184,clang-tidy,clang-tidy,completed,success,2026-06-05T04:23:52Z,2026-06-05T04:27:57Z,245,6cb2e96ceb58b2993f4dc58ec977ec85f45c9582
79662763692,26994989182,clang-tidy,clang-tidy,completed,success,2026-06-05T04:15:24Z,2026-06-05T04:19:23Z,239,758fe9b53c5cc55b03201d535d460e0fbe0e2ebc
79579641601,26968834178,clang-tidy,clang-tidy,completed,success,2026-06-04T17:45:01Z,2026-06-04T17:49:05Z,244,8e6e47dc023378250c6f013d5c97bb8ce2e9acae
79678378041,26968770711,clang-tidy,clang-tidy,completed,success,2026-06-05T06:48:31Z,2026-06-05T06:52:29Z,238,68fa40b7e677025850d212daeca24a9d7df0e14c
79577941285,26968677252,clang-tidy,clang-tidy,completed,success,2026-06-04T17:35:32Z,2026-06-04T17:39:49Z,257,cf0915dd67339d38e00f4f5e964b00b8295ab49b
79854323218,27053879938,clang-tidy,clang-tidy,completed,success,2026-06-06T05:33:01Z,2026-06-06T05:37:16Z,255,a3ca21c719ef813e20c2be2d96e86620618155c6
79800352778,27036088335,clang-tidy,clang-tidy,completed,failure,2026-06-05T19:37:45Z,2026-06-05T19:38:49Z,64,c5002602e09879f56021b819877462fd5e0ca309
79796166372,27034872982,clang-tidy,clang-tidy,completed,success,2026-06-05T19:11:20Z,2026-06-05T19:15:52Z,272,32b24aa2448563682ff6b11b878e972c6e8ca740
79793486597,27034069810,clang-tidy,clang-tidy,completed,failure,2026-06-05T18:54:57Z,2026-06-05T18:58:56Z,239,1d767276c903a129d7589731422389043c0077dc
79793318962,27034019714,clang-tidy,clang-tidy,completed,success,2026-06-05T18:53:56Z,2026-06-05T18:58:18Z,262,364200fd81f2235a20b906da6d4efdd5d8413f79
79780515902,27030255093,clang-tidy,clang-tidy,completed,success,2026-06-05T17:35:22Z,2026-06-05T17:39:40Z,258,efa3b9308fb4c0868ed27764d81d51e4188268ea
79781908013,27029584996,clang-tidy,clang-tidy,completed,success,2026-06-05T17:43:52Z,2026-06-05T17:48:13Z,261,719944e3cc5b0d9fc4e90fff0551dbfe77bc641a
79761659069,27024716250,clang-tidy,clang-tidy,completed,success,2026-06-05T15:43:23Z,2026-06-05T15:47:40Z,257,a31da393ae2dbe603720ee30f563d2870a00871a
79761345799,27024625326,clang-tidy,clang-tidy,completed,success,2026-06-05T15:41:35Z,2026-06-05T15:45:52Z,257,eb46e38284d641ebf03f7060966125564fccbd82
79759549013,27024110172,clang-tidy,clang-tidy,completed,success,2026-06-05T15:31:21Z,2026-06-05T15:35:53Z,272,fe2040a624294669946b45aef5ccf8aee07907ff
79757935572,27023303358,clang-tidy,clang-tidy,completed,success,2026-06-05T15:22:20Z,2026-06-05T15:26:32Z,252,e069930fc28a8e81ad2e1017b4a3f2c40e7ef8f1
79775214992,27022159004,clang-tidy,clang-tidy,completed,success,2026-06-05T17:03:09Z,2026-06-05T17:07:03Z,234,5bc7af854913c7bde2db9a910d9b4c633a72138e
79752114304,27021037977,clang-tidy,clang-tidy,completed,success,2026-06-05T14:51:05Z,2026-06-05T14:55:25Z,260,d47c75cc3badbe4179f4f00dc955cc4e4a0e2a90
79745004445,27019819142,clang-tidy,clang-tidy,completed,success,2026-06-05T14:12:55Z,2026-06-05T14:17:03Z,248,753512fae8c3620a3b27e43fb36e908fe1e5fe19
79739125137,27018309641,clang-tidy,clang-tidy,completed,success,2026-06-05T13:40:46Z,2026-06-05T13:44:52Z,246,3e18272e1626f77ca41fe8fae74a099919ce9e3f
79728091274,27015131229,clang-tidy,clang-tidy,completed,success,2026-06-05T12:34:41Z,2026-06-05T12:38:52Z,251,9ad3dafceae250b90d2ee30de6ce275f2cc08ce7
79715456685,27011353870,clang-tidy,clang-tidy,completed,success,2026-06-05T11:08:10Z,2026-06-05T11:12:22Z,252,e708fbb886db4a5b2dcb8c6334a7aefc30c93ca8
79712976585,27010603348,clang-tidy,clang-tidy,completed,success,2026-06-05T10:50:28Z,2026-06-05T10:54:26Z,238,b20cfea505b61512cbae0aba40c1b5e12ba8c463
79711014356,27010010307,clang-tidy,clang-tidy,completed,success,2026-06-05T10:36:23Z,2026-06-05T10:40:32Z,249,74fac9974ef591cbf9c4e0bb80d0af0b06330e95
79704243331,27007969060,clang-tidy,clang-tidy,completed,success,2026-06-05T09:50:04Z,2026-06-05T09:54:11Z,247,33f83238be07095aed0ce3d14c65c748629b2757
79699280553,27006496878,clang-tidy,clang-tidy,completed,success,2026-06-05T09:17:20Z,2026-06-05T09:21:27Z,247,c3156622505a4313ce3836d660cf0547e249957e
79699211577,27006467877,clang-tidy,clang-tidy,completed,cancelled,2026-06-05T09:16:54Z,2026-06-05T09:17:15Z,21,f2c729c3a3f3ae7572dacdbdf9f6c34b8780183e
79698728210,27006336037,clang-tidy,clang-tidy,completed,cancelled,2026-06-05T09:13:43Z,2026-06-05T09:16:48Z,185,9891d7ef253ada73d188b8937833e53bc5d2bd67
79698486959,27006240842,clang-tidy,clang-tidy,completed,success,2026-06-05T09:12:15Z,2026-06-05T09:16:30Z,255,17cfefe073714b517700eb733779fc1de7a2caeb
79698283949,27006205401,clang-tidy,clang-tidy,completed,cancelled,2026-06-05T09:10:46Z,2026-06-05T09:11:47Z,61,7099b8cb575fbf6f0ef85f0aea0445ade7926e97
79696892763,27005788443,clang-tidy,clang-tidy,completed,success,2026-06-05T09:01:36Z,2026-06-05T09:05:45Z,249,33406e12e52f32c42c789931ce22accde8fd4899
79696674123,27005709610,clang-tidy,clang-tidy,completed,success,2026-06-05T09:00:13Z,2026-06-05T09:04:31Z,258,040c604c8c7312bc40902f443816647450a08d28
79696435004,27005649849,clang-tidy,clang-tidy,completed,cancelled,2026-06-05T08:58:36Z,2026-06-05T09:00:08Z,92,07300a8b8d11924c6bc93138a45f05578d9dfc0a
79929623835,27075331319,clang-tidy,clang-tidy,completed,success,2026-06-07T03:56:08Z,2026-06-07T04:00:03Z,235,f69e77544694945fd9be9064d71a5fd1d60478c2
79910362218,27074746968,clang-tidy,clang-tidy,completed,success,2026-06-06T21:50:48Z,2026-06-06T21:55:00Z,252,b06ab360fa74d114ea69cd8f92ce17d619980c9d
79893999425,27068713025,clang-tidy,clang-tidy,completed,success,2026-06-06T17:13:33Z,2026-06-06T17:17:42Z,249,9b42b79aecd1fbe15d5f2f7861f841bbddb2df34
79885611671,27065525694,clang-tidy,clang-tidy,completed,success,2026-06-06T14:56:00Z,2026-06-06T15:00:36Z,276,8b5d2fc7df5dadaafc2d2ba5d2274afa4b1d641b
79974830088,27098485254,clang-tidy,clang-tidy,completed,success,2026-06-07T16:38:43Z,2026-06-07T16:42:49Z,246,b55282569f300ebe00a3e8ac90462421c6cca5e7
79974351252,27097908527,clang-tidy,clang-tidy,completed,success,2026-06-07T16:31:25Z,2026-06-07T16:35:31Z,246,0572774e2233e7e481992a1ce049844dad01d6ea
80015113793,27113262219,clang-tidy,clang-tidy,completed,success,2026-06-08T02:52:33Z,2026-06-08T02:56:26Z,233,9eb1c3eb834e82252acd8e5ea46540cc78a9ac37
80047331753,27123871402,clang-tidy,clang-tidy,completed,success,2026-06-08T07:58:29Z,2026-06-08T08:03:10Z,281,a9f6f879c8d599a6bccd02b6aea6560cf47453ca
80046498863,27123625817,clang-tidy,clang-tidy,completed,success,2026-06-08T07:53:13Z,2026-06-08T07:57:50Z,277,9dd87e69a33517b051b5dd5ceaabdd411193a40a
80178311838,27161638132,clang-tidy,clang-tidy,completed,success,2026-06-08T19:26:58Z,2026-06-08T19:30:51Z,233,67fc8ed1e2b49e40c5e3ed73de825123962e8f7d
80176673637,27161162607,clang-tidy,clang-tidy,completed,success,2026-06-08T19:18:01Z,2026-06-08T19:22:03Z,242,217211e9ba6d9f51c4aa5f7dbdfa7db927382514
80173558668,27160259643,clang-tidy,clang-tidy,completed,success,2026-06-08T19:01:29Z,2026-06-08T19:05:38Z,249,0bf378b7e753a440b0c7fe11af3fd3763d6a4ff7
80250327070,27184465353,clang-tidy,clang-tidy,completed,success,2026-06-09T04:46:52Z,2026-06-09T04:51:06Z,254,25cc1758467cd50fed20309761b8a66cf41cfec6
80233225424,27178767268,clang-tidy,clang-tidy,completed,success,2026-06-09T01:51:22Z,2026-06-09T01:55:37Z,255,4e7139f108bc6f0154d95527188820cdc9aeba5e
80220084666,27174364397,clang-tidy,clang-tidy,completed,success,2026-06-08T23:49:58Z,2026-06-08T23:53:57Z,239,91feaf0c64adff1d417a117e25e046429e0c61e1
80218564021,27173865462,clang-tidy,clang-tidy,completed,success,2026-06-08T23:36:45Z,2026-06-08T23:41:02Z,257,25cc1758467cd50fed20309761b8a66cf41cfec6
80218349176,27173783055,clang-tidy,clang-tidy,completed,success,2026-06-08T23:35:01Z,2026-06-08T23:39:09Z,248,55d942ea6eb45463d6354a545eba0cba577c3cfb
80218145518,27173726114,clang-tidy,clang-tidy,completed,cancelled,2026-06-08T23:33:22Z,2026-06-08T23:34:55Z,93,9bf98636aa063d67bb064f3651c7e8c26e487f32
80217663793,27173571313,clang-tidy,clang-tidy,completed,success,2026-06-08T23:29:33Z,2026-06-08T23:33:43Z,250,1912272f202a84087f63ca888925813813d2e264
80212963760,27172004084,clang-tidy,clang-tidy,completed,success,2026-06-08T22:51:43Z,2026-06-08T22:55:53Z,250,f0a806e15467ca7cff997ad38317ad8ed9bb15aa
80202585993,27168759969,clang-tidy,clang-tidy,completed,success,2026-06-08T21:41:48Z,2026-06-08T21:46:02Z,254,04138e07da14f1eb60f5619f038e044eec365c1e
80311283505,27202956396,clang-tidy,clang-tidy,completed,success,2026-06-09T11:26:29Z,2026-06-09T11:30:45Z,256,7ce1869120dfcf783b931defd6ec05fd086f6c32
80305384260,27201201976,clang-tidy,clang-tidy,completed,success,2026-06-09T10:52:27Z,2026-06-09T10:56:38Z,251,81e5e4c56553f3ecd7c403dc61e46993a8bb9878
80304690943,27201000326,clang-tidy,clang-tidy,completed,success,2026-06-09T10:48:12Z,2026-06-09T10:52:16Z,244,4e03bfad4ef3a1e0b55765a8ac1205bf65408de6
80303822143,27200742247,clang-tidy,clang-tidy,completed,success,2026-06-09T10:43:00Z,2026-06-09T10:47:04Z,244,cba9d3a4ee3205ce96e1d4fe83953bf1e4460299
80477942382,27251085536,clang-tidy,clang-tidy,completed,success,2026-06-10T03:50:42Z,2026-06-10T03:54:52Z,250,c577fb7a357ccbbb0799302dceee289784cd0153
80439278497,27239416902,clang-tidy,clang-tidy,completed,success,2026-06-09T22:16:05Z,2026-06-09T22:20:23Z,258,175e31b55ded83dcf6e0a4448a5a9524c8f7dec2
80425040127,27235131456,clang-tidy,clang-tidy,completed,success,2026-06-09T20:53:02Z,2026-06-09T20:57:09Z,247,196dae8937891873896b6cdae7e02fe1696989ad
80424728035,27235040307,clang-tidy,clang-tidy,completed,success,2026-06-09T20:51:22Z,2026-06-09T20:55:33Z,251,23d47d9d7cc4ea1609adf949901693b050b2a3fd
80423597241,27234716438,clang-tidy,clang-tidy,completed,success,2026-06-09T20:45:25Z,2026-06-09T20:49:44Z,259,2ac0e76c13d1f4ce935c05ef14c4b6f217cf5f89
80414965699,27232199622,clang-tidy,clang-tidy,completed,success,2026-06-09T19:59:55Z,2026-06-09T20:04:01Z,246,0b07567df6ee5417e44de38dbde8a560eed9c1b6
80413587333,27231797739,clang-tidy,clang-tidy,completed,success,2026-06-09T19:52:44Z,2026-06-09T19:57:06Z,262,4fc7cc895906b629a136959ca3b5696d0243567f
80410766790,27230984656,clang-tidy,clang-tidy,completed,failure,2026-06-09T19:37:41Z,2026-06-09T19:42:05Z,264,48ca6c8730fd88fe6fd32fa384cf805a584f364c
80406909297,27229888001,clang-tidy,clang-tidy,completed,success,2026-06-09T19:17:25Z,2026-06-09T19:21:19Z,234,438b0426ddaca869be5236ea2f8dc09d99f6f1ad
80404289139,27229144259,clang-tidy,clang-tidy,completed,failure,2026-06-09T19:03:37Z,2026-06-09T19:07:56Z,259,d9cf6b655825a3390eb255105be83785fac25e1e
80404161973,27229108705,clang-tidy,clang-tidy,completed,success,2026-06-09T19:02:59Z,2026-06-09T19:07:14Z,255,f4857e1851165f8de6befbf10f0f5d252561a675
80393003386,27225934893,clang-tidy,clang-tidy,completed,failure,2026-06-09T18:05:49Z,2026-06-09T18:10:00Z,251,871df8e4fa015de6cf359296b84c5ae8339c9627
80390822586,27225325416,clang-tidy,clang-tidy,completed,failure,2026-06-09T17:54:41Z,2026-06-09T17:58:55Z,254,abd3d4b164a7480664552a49a03e606030f35548
80336362117,27210073556,clang-tidy,clang-tidy,completed,success,2026-06-09T13:37:56Z,2026-06-09T13:42:11Z,255,aefbf8bcb9d3f9a8f6efa99b91e65ba2bff1a56c
80688496429,27313391263,clang-tidy,clang-tidy,completed,success,2026-06-10T23:36:50Z,2026-06-10T23:40:55Z,245,8165d4a272f200497015b48a9f61266d55ca77eb
80645872276,27300827687,clang-tidy,clang-tidy,completed,success,2026-06-10T19:29:37Z,2026-06-10T19:33:55Z,258,d63709524dfe0fb63f2807dfd919f12b07d58494
80637534294,27298499797,clang-tidy,clang-tidy,completed,success,2026-06-10T18:48:17Z,2026-06-10T18:52:23Z,246,3b477554d179396bf8432e10331432fb52805813
80623177549,27294399709,clang-tidy,clang-tidy,completed,success,2026-06-10T17:38:09Z,2026-06-10T17:42:17Z,248,d253e5dd4bad7300fe84e7b5d546bd0db6cdca86
80573556022,27280556114,clang-tidy,clang-tidy,completed,success,2026-06-10T13:42:30Z,2026-06-10T13:46:43Z,253,f211445f409451574fcb827e7bb40db4a725b1ee
80561410625,27277165142,clang-tidy,clang-tidy,completed,success,2026-06-10T12:45:24Z,2026-06-10T12:49:31Z,247,47e677113f2bba896c024f53ff1d57ab370ea392
80532028716,27268615934,clang-tidy,clang-tidy,completed,success,2026-06-10T10:01:39Z,2026-06-10T10:05:41Z,242,619d484812dcb111f9aaf66aed4419eeaaed93e4
80529591165,27267905055,clang-tidy,clang-tidy,completed,success,2026-06-10T09:48:22Z,2026-06-10T09:52:34Z,252,ac73eecced066ab789de6b06ed7480c7115c00ce
80527585526,27267318351,clang-tidy,clang-tidy,completed,success,2026-06-10T09:37:30Z,2026-06-10T09:41:37Z,247,b8c1b6fe42fb2829e9542a3b0d7827cbae46b50b
80520637616,27265248932,clang-tidy,clang-tidy,completed,success,2026-06-10T08:59:55Z,2026-06-10T09:03:55Z,240,1c9fe0466fd0029f35fba6efaface2611e684564
80795509723,27345406851,clang-tidy,clang-tidy,completed,success,2026-06-11T12:19:02Z,2026-06-11T12:23:24Z,262,57c3f709548fde936a5dcacf63c4446ef480d254
80784051561,27340122343,clang-tidy,clang-tidy,completed,success,2026-06-11T11:15:22Z,2026-06-11T11:19:38Z,256,81159ad8a33e828a0b555e61dac63d5e4ea61316
80930076510,27385019781,clang-tidy,clang-tidy,completed,success,2026-06-11T23:53:51Z,2026-06-11T23:57:46Z,235,ad3ceaa2f2edb0f646158b395ee3b05c2658c69e
80926508404,27383842784,clang-tidy,clang-tidy,completed,success,2026-06-11T23:24:38Z,2026-06-11T23:28:35Z,237,246c9c8da951fa024192f1e95fa01321e470c085
80926026483,27383693840,clang-tidy,clang-tidy,completed,cancelled,2026-06-11T23:20:47Z,2026-06-11T23:24:35Z,228,f65770726014dc410a69ddce328ba416d4061a03
80899162363,27375679402,clang-tidy,clang-tidy,completed,success,2026-06-11T20:34:02Z,2026-06-11T20:38:12Z,250,8f797eea2a8971622167b4baf4092c11eab138d4
80899152081,27375676422,clang-tidy,clang-tidy,completed,cancelled,2026-06-11T20:33:56Z,2026-06-11T20:33:59Z,3,4dbbbf86cf539eb17b679531de4636951fc41e7a
80892981605,27373874707,clang-tidy,clang-tidy,completed,success,2026-06-11T20:01:33Z,2026-06-11T20:06:06Z,273,2e8a95b1de1a9110e3aa682b2f9403c93302b237
80946744986,27372714323,clang-tidy,clang-tidy,completed,success,2026-06-12T02:25:44Z,2026-06-12T02:29:39Z,235,ac1a5043704872e3186ced6e4a78937a96297408
80885458421,27371724886,clang-tidy,clang-tidy,completed,success,2026-06-11T19:22:03Z,2026-06-11T19:26:15Z,252,a21f2e707313e15399330f39b027ab2d01bada11
80880200124,27370217228,clang-tidy,clang-tidy,completed,success,2026-06-11T18:55:19Z,2026-06-11T18:59:28Z,249,777531d88b75bcd339f0841c7555bd0dbecc92fc
80853714791,27360713471,clang-tidy,clang-tidy,completed,success,2026-06-11T16:42:19Z,2026-06-11T16:46:30Z,251,b3cf85f964eaf2604b0bd91f0176f96c1b9ced45
81039657589,27419120188,clang-tidy,clang-tidy,completed,success,2026-06-12T13:35:40Z,2026-06-12T13:39:43Z,243,e1e82c5448a280b897893c48cd37a43f3732a0c8
81036742704,27418283357,clang-tidy,clang-tidy,completed,success,2026-06-12T13:20:20Z,2026-06-12T13:24:30Z,250,9996a14a6c719603def9f882c1c21cde7b41de66
81035693245,27417986961,clang-tidy,clang-tidy,completed,success,2026-06-12T13:14:39Z,2026-06-12T13:18:46Z,247,64491d6a1154a33d8543903c4f5aaee22bc8b32a
80991331572,27404850309,clang-tidy,clang-tidy,completed,success,2026-06-12T08:41:26Z,2026-06-12T08:45:31Z,245,efedbaa5bd04126392a2ddbcc130302aff7dece5
80989410268,27404281487,clang-tidy,clang-tidy,completed,success,2026-06-12T08:29:48Z,2026-06-12T08:33:37Z,229,17ac8d7166b93aa6207ab398c348304976c6df32
80987779938,27402268055,clang-tidy,clang-tidy,completed,success,2026-06-12T08:19:17Z,2026-06-12T08:23:33Z,256,776d6784cdc015331f4a3dfbd1bfec55406a88a8
81137063742,27447959342,clang-tidy,clang-tidy,completed,success,2026-06-12T23:00:46Z,2026-06-12T23:05:01Z,255,516a61417cf3ed0124e949bcffab4f586c50ce04
81134592979,27447152317,clang-tidy,clang-tidy,completed,success,2026-06-12T22:39:26Z,2026-06-12T22:43:42Z,256,a8380d34ceeca8c3e19abb16ddc27a247c8c41be
81133621432,27446836356,clang-tidy,clang-tidy,completed,success,2026-06-12T22:31:38Z,2026-06-12T22:36:00Z,262,64b4f1566c2c93e13e3ef45d1a6c37a0b853bc23
81106636926,27438564487,clang-tidy,clang-tidy,completed,success,2026-06-12T19:36:31Z,2026-06-12T19:40:28Z,237,f1fbb053e3e5b3f24cad8316014a9b9e90332fce
81093923071,27434809061,clang-tidy,clang-tidy,completed,success,2026-06-12T18:23:28Z,2026-06-12T18:27:32Z,244,1186843134fcaf5c2fb0254af42dbd150f3db6f5
81057456551,27424195293,clang-tidy,clang-tidy,completed,success,2026-06-12T15:05:07Z,2026-06-12T15:09:09Z,242,45062c663dd15e4a10e4030361a8139bf6568d30
81044799162,27420569208,clang-tidy,clang-tidy,completed,success,2026-06-12T14:02:09Z,2026-06-12T14:06:18Z,249,8acd2e500b9031929e4f8637024aa1d280775bbe
81044153615,27420402678,clang-tidy,clang-tidy,completed,cancelled,2026-06-12T13:58:57Z,2026-06-12T14:02:07Z,190,075d5ff4853b714a92d33bf045612998a4da3c6f
81163578791,27457089117,clang-tidy,clang-tidy,completed,success,2026-06-13T04:54:14Z,2026-06-13T04:58:18Z,244,b872a9ddd033e1620fcb47d306d0cbaedc2d03a8
81265290160,27494087976,clang-tidy,clang-tidy,completed,success,2026-06-14T09:12:31Z,2026-06-14T09:16:33Z,242,193767e2a5726f9e9cb0aacef0533e8d146ff93c
81393686154,27538430927,clang-tidy,clang-tidy,completed,success,2026-06-15T09:56:47Z,2026-06-15T10:01:02Z,255,1eb1a5b2e9aab02e98ab92720f50dfd2697d688f
81379280393,27534181824,clang-tidy,clang-tidy,completed,success,2026-06-15T08:35:53Z,2026-06-15T08:40:02Z,249,eec9fdc773e0048bdc93faec250cc37864795813
81350874532,27525153095,clang-tidy,clang-tidy,completed,success,2026-06-15T05:03:16Z,2026-06-15T05:07:16Z,240,17747c94ffbfabd399cf0866eaa17c80ed90a025
81341472629,27521928760,clang-tidy,clang-tidy,completed,success,2026-06-15T03:18:40Z,2026-06-15T03:22:32Z,232,33de29dba2523178e8f7d9b5d3bf911da1540b14
81341264523,27521863373,clang-tidy,clang-tidy,completed,success,2026-06-15T03:16:18Z,2026-06-15T03:20:13Z,235,7989b3ca2b8c0b4732e315f5bb689bcb51734903
81306172279,27509253037,clang-tidy,clang-tidy,completed,success,2026-06-14T19:15:41Z,2026-06-14T19:19:44Z,243,a2e8d98c9f886bc581bf9f4030662ae8665f796e
81306155903,27509247976,clang-tidy,clang-tidy,completed,cancelled,2026-06-14T19:15:27Z,2026-06-14T19:15:39Z,12,07532b38274b125503deb6dee1e97823a91995e9
81303139317,27508170228,clang-tidy,clang-tidy,completed,success,2026-06-14T18:32:55Z,2026-06-14T18:37:06Z,251,33c673a93320c816ddbe4fc610904a27d4732820
81303123790,27508166181,clang-tidy,clang-tidy,completed,cancelled,2026-06-14T18:32:42Z,2026-06-14T18:32:52Z,10,1e3a0b7a3c7fd5d2a94b56ae3714f8fd6c271141
81720726369,27630332353,clang-tidy,clang-tidy,completed,success,2026-06-16T17:16:29Z,2026-06-16T17:20:56Z,267,de6ce5f4f735a303057f4ef0ba7d3cf1559777ea
81598141328,27599889238,clang-tidy,clang-tidy,completed,success,2026-06-16T06:55:18Z,2026-06-16T06:59:40Z,262,3e975b4929069e5bed6ea295e33375b035b330f2
81584383791,27595334943,clang-tidy,clang-tidy,completed,success,2026-06-16T05:02:01Z,2026-06-16T05:06:18Z,257,f5cc4f2a095d9d4030b4289701f2d845afcfc4bb
81584303118,27595308642,clang-tidy,clang-tidy,completed,success,2026-06-16T05:01:13Z,2026-06-16T05:05:11Z,238,754c761c288319c626b7e194ede4c3a53172390f
81579909121,27593834805,clang-tidy,clang-tidy,completed,success,2026-06-16T04:18:09Z,2026-06-16T04:22:03Z,234,2c263394b24563dc83840b8ae1ddcbfdc690c08b
81578373265,27593301393,clang-tidy,clang-tidy,completed,success,2026-06-16T04:03:15Z,2026-06-16T04:07:26Z,251,4455d60cb5c199c07fe2fced5783783c36866055
81578158941,27593223563,clang-tidy,clang-tidy,completed,success,2026-06-16T04:01:14Z,2026-06-16T04:05:33Z,259,65578bc73abaa2b544f46543498e2e9db6e41b8c
81498386327,27568433899,clang-tidy,clang-tidy,completed,success,2026-06-15T18:44:18Z,2026-06-15T18:48:57Z,279,2bf934c27a27ed3b80915cf8ae321019c86166d9
81464357696,27558656198,clang-tidy,clang-tidy,completed,success,2026-06-15T15:53:10Z,2026-06-15T15:57:06Z,236,795052c6bfa1621f0eac284620cb591ce8dc25a3
81450281309,27554514587,clang-tidy,clang-tidy,completed,success,2026-06-15T14:48:50Z,2026-06-15T14:53:03Z,253,1859e5ee9b9281d8e61a6de09f8d373175a6fcdf
82115931388,27755406529,clang-tidy,clang-tidy,completed,success,2026-06-18T11:10:50Z,2026-06-18T11:15:13Z,263,ac57ee1f4ce6eca7986723626cb3964d69dd1155
82115681941,27755346944,clang-tidy,clang-tidy,completed,cancelled,2026-06-18T11:09:23Z,2026-06-18T11:10:44Z,81,2c3a956b22f4f00f97caa06904fdda1d746be554
82114735078,27755059061,clang-tidy,clang-tidy,completed,success,2026-06-18T11:03:52Z,2026-06-18T11:08:04Z,252,4577de4ca15158c6466b3e9ab6feb4257c357f52
82114288356,27754929469,clang-tidy,clang-tidy,completed,cancelled,2026-06-18T11:01:14Z,2026-06-18T11:03:46Z,152,fbcde266ad445ee68d1a564a8f1c343e8eeb97ff
82099180450,27750409171,clang-tidy,clang-tidy,completed,success,2026-06-18T09:34:54Z,2026-06-18T09:38:57Z,243,5aa6926448ffddc34472357348767f273ba8223f
82090362900,27747806053,clang-tidy,clang-tidy,completed,success,2026-06-18T08:46:24Z,2026-06-18T08:50:33Z,249,2e2abafa0848e4ba497fcdfbc52c720b9890bcbb
82081959116,27745283318,clang-tidy,clang-tidy,completed,success,2026-06-18T07:58:41Z,2026-06-18T08:02:52Z,251,2ae5359286d5a6c0ce904e85a8e141ad04ed568a
82055049448,27736746987,clang-tidy,clang-tidy,completed,success,2026-06-18T04:28:51Z,2026-06-18T04:33:12Z,261,7a84e0d900d98239766d6836e764f0fe7da2bb0d
82055016067,27736736482,clang-tidy,clang-tidy,completed,success,2026-06-18T04:28:34Z,2026-06-18T04:32:51Z,257,ff0c41065e4e5ec48f1a651907ec1815b042d2ce
82052845654,27735995356,clang-tidy,clang-tidy,completed,success,2026-06-18T04:06:38Z,2026-06-18T04:10:46Z,248,ee52a6c7dd6ddea46584662fd8f50fbb89b5adc3
81976382717,27712364649,clang-tidy,clang-tidy,completed,success,2026-06-17T18:54:23Z,2026-06-17T18:58:36Z,253,c292980200d8eb460eefe8250910f0b371f7ba03
81973002740,27711358052,clang-tidy,clang-tidy,completed,success,2026-06-17T18:37:01Z,2026-06-17T18:41:32Z,271,e70eec4dc8a73533f3873a4ac29f949a61adeb0b
81972261810,27711159295,clang-tidy,clang-tidy,completed,cancelled,2026-06-17T18:33:05Z,2026-06-17T18:36:55Z,230,c7eee8b53409834aadb29e9060569c84686e42be
81966769187,27709549635,clang-tidy,clang-tidy,completed,success,2026-06-17T18:04:41Z,2026-06-17T18:08:55Z,254,514c9aa5669a8be868f18021966a5bdb0f30768c
81965510397,27709183400,clang-tidy,clang-tidy,completed,success,2026-06-17T17:58:23Z,2026-06-17T18:02:30Z,247,af91bc6a2d4595b5810abccb79c57e1f80755e01
81965350173,27709135372,clang-tidy,clang-tidy,completed,success,2026-06-17T17:57:37Z,2026-06-17T18:01:56Z,259,dd14fc2afe64d49a70d1b43893584322300c9312
81961960855,27708144638,clang-tidy,clang-tidy,completed,success,2026-06-17T17:40:23Z,2026-06-17T17:44:28Z,245,e3afdd61f294b1af84eb24e013e1f2812155d186
81961886452,27708124065,clang-tidy,clang-tidy,completed,success,2026-06-17T17:40:01Z,2026-06-17T17:44:04Z,243,7d6db8fe031c855fc54fd062363b958710f903a3
81961887612,27708123679,clang-tidy,clang-tidy,completed,success,2026-06-17T17:39:59Z,2026-06-17T17:44:11Z,252,1bb52ca98d014e426bf292d542e90ce03737897b
81961642826,27708053101,clang-tidy,clang-tidy,completed,success,2026-06-17T17:38:47Z,2026-06-17T17:43:04Z,257,c61d2f04bc71e58c4d5761c595fa0d6ceb6846d1
81961635066,27708050432,clang-tidy,clang-tidy,completed,success,2026-06-17T17:38:42Z,2026-06-17T17:42:50Z,248,44402851712dc43103473d94518d60ef9c0cab33
81961375434,27707975361,clang-tidy,clang-tidy,completed,success,2026-06-17T17:37:25Z,2026-06-17T17:41:42Z,257,1c589300dc7f81537b274958dbe1e5a426d39ea9
82395795732,27839717244,clang-tidy,clang-tidy,completed,success,2026-06-19T17:24:57Z,2026-06-19T17:29:08Z,251,c7db756c30a4169eefc77bcd10c412c237765f9e
82335602860,27821539533,clang-tidy,clang-tidy,completed,success,2026-06-19T10:55:36Z,2026-06-19T10:59:42Z,246,239c342ea5dca892dd428ab648c78097799fec87
82308879461,27813447048,clang-tidy,clang-tidy,completed,success,2026-06-19T08:02:24Z,2026-06-19T08:06:35Z,251,7257d95de0f505c4a2988bfcbb39cc00e2633da0
82304207250,27811977805,clang-tidy,clang-tidy,completed,success,2026-06-19T07:29:22Z,2026-06-19T07:33:35Z,253,b475559fbceea0bc70ada62d903b2e463e0063f2
82260882173,27797669201,clang-tidy,clang-tidy,completed,success,2026-06-19T00:24:37Z,2026-06-19T00:28:58Z,261,e7cd2952ee315e32f6e410376484c5448ff072f9
82260781499,27797635652,clang-tidy,clang-tidy,completed,success,2026-06-19T00:23:40Z,2026-06-19T00:27:53Z,253,16a1463cc84c5c5129a7349378b11ce5200e908d
82258118347,27796757814,clang-tidy,clang-tidy,completed,success,2026-06-18T23:59:59Z,2026-06-19T00:04:08Z,249,12719ffdfe631edc4bd214724c06c7013d0e9926
82257444224,27796536716,clang-tidy,clang-tidy,completed,success,2026-06-18T23:53:40Z,2026-06-18T23:57:51Z,251,0e3377fb4d1fc642ca22708eaa39eef0a91a2db3
82242403625,27791826299,clang-tidy,clang-tidy,completed,success,2026-06-18T21:57:22Z,2026-06-18T22:01:50Z,268,1b3d5cec2b1676c8c4c11cf79d35873ff330965f
82167593225,27770149838,clang-tidy,clang-tidy,completed,success,2026-06-18T15:23:58Z,2026-06-18T15:28:12Z,254,d772a5efb13c2caee52931ff7f40e04b7cc23a40
82546029988,27895424141,clang-tidy,clang-tidy,completed,success,2026-06-21T06:02:25Z,2026-06-21T06:06:35Z,250,5372c604d92897b3217b41b50685f1ddcc4600fa
82545430598,27895194593,clang-tidy,clang-tidy,completed,success,2026-06-21T05:51:35Z,2026-06-21T05:55:48Z,253,c83dcc3cfe671d4c18725803259fe42e6032087a
82543736050,27894545540,clang-tidy,clang-tidy,completed,success,2026-06-21T05:20:22Z,2026-06-21T05:24:36Z,254,47ddb344000a8f075aef6906d60d326d916bef1b
82473277575,27867247074,clang-tidy,clang-tidy,completed,success,2026-06-20T09:38:29Z,2026-06-20T09:42:31Z,242,7084c98e9bb9af716e9adafac130d811192166e3
82465091965,27864097851,clang-tidy,clang-tidy,completed,success,2026-06-20T07:21:23Z,2026-06-20T07:25:14Z,231,577393af8e8e6fa69e36058826f7a9ab20dd308f
82461725194,27862728076,clang-tidy,clang-tidy,completed,success,2026-06-20T06:26:42Z,2026-06-20T06:30:56Z,254,867d35919c5deed9604bf8eb150ba15e3442a4f3
82437852682,27853942195,clang-tidy,clang-tidy,completed,success,2026-06-20T00:01:57Z,2026-06-20T00:06:06Z,249,2816da65b11128bec0f3953ccc79884598232348
82437296209,27853728806,clang-tidy,clang-tidy,completed,success,2026-06-19T23:54:47Z,2026-06-19T23:59:11Z,264,be143c1b60390d9ce2760ff9f1e3c965403523b9
82437232148,27853713187,clang-tidy,clang-tidy,completed,cancelled,2026-06-19T23:53:54Z,2026-06-19T23:54:42Z,48,cca064262d08487f305e78b95e3d1572754b24d8
82432598231,27851989025,clang-tidy,clang-tidy,completed,success,2026-06-19T22:52:35Z,2026-06-19T22:56:54Z,259,921de796b21245ffef3f4b78022bdf283d443017
82430989339,27851394712,clang-tidy,clang-tidy,completed,success,2026-06-19T22:33:04Z,2026-06-19T22:37:08Z,244,8bc53246bd44de7cb8ad2aaff95694ec2d028081
82684104426,27944024810,clang-tidy,clang-tidy,completed,success,2026-06-22T09:47:20Z,2026-06-22T09:51:29Z,249,04989052c635bed425b81568c6b139d7baa84fd4
82676438739,27941709701,clang-tidy,clang-tidy,completed,success,2026-06-22T09:06:19Z,2026-06-22T09:10:23Z,244,81ab435fbf70c5976e98df7ff729e5e2bf666a0b
82673975609,27940962067,clang-tidy,clang-tidy,completed,success,2026-06-22T08:52:37Z,2026-06-22T08:56:58Z,261,7573d315f0bedc224af98bf9fbfbe464de7a59e2
82630928089,27926894104,clang-tidy,clang-tidy,completed,success,2026-06-22T03:05:03Z,2026-06-22T03:09:06Z,243,fce5ac9d4047394080b440720eb776bee59949b3
82623251406,27924159280,clang-tidy,clang-tidy,completed,success,2026-06-22T01:32:26Z,2026-06-22T01:36:26Z,240,2333e6b67b1503151963f2a1ab8c8b5532758c3e
82620227577,27923095000,clang-tidy,clang-tidy,completed,success,2026-06-22T00:53:17Z,2026-06-22T00:57:22Z,245,d694b70a59127f96915d3b96f3898aeb706d848e
82616978493,27921907920,clang-tidy,clang-tidy,completed,success,2026-06-22T00:07:56Z,2026-06-22T00:12:08Z,252,b8d288abb14102b4035adcad7a0038a0d675ff3d
82587276301,27910724939,clang-tidy,clang-tidy,completed,success,2026-06-21T16:38:03Z,2026-06-21T16:42:02Z,239,223b33b08f5130e13a2ff5615a0804f968c58016
82577643482,27907118521,clang-tidy,clang-tidy,completed,success,2026-06-21T14:17:10Z,2026-06-21T14:21:14Z,244,22bb6d46e8a671ea79c43154ead344b9099335ef
83221086848,28106222322,clang-tidy,clang-tidy,completed,success,2026-06-24T14:33:40Z,2026-06-24T14:38:07Z,267,e914f965eda3855654520a6fe2bc53bb1b29e395
83216057995,28104815556,clang-tidy,clang-tidy,completed,success,2026-06-24T14:12:01Z,2026-06-24T14:16:02Z,241,b177b682e70485d5db6d6de306f1a517214c59ae
83152605757,28086176713,clang-tidy,clang-tidy,completed,success,2026-06-24T08:39:25Z,2026-06-24T08:43:25Z,240,70f22446ec6cbfea0aca91ddcea94392d3ac2a81
83151612775,28085878935,clang-tidy,clang-tidy,completed,success,2026-06-24T08:33:48Z,2026-06-24T08:37:42Z,234,a3d9f536a5f96f1e419e835f53ac2443c87f73ac
83149132499,28085120447,clang-tidy,clang-tidy,completed,success,2026-06-24T08:19:29Z,2026-06-24T08:23:44Z,255,e93299ddc6102bd8cd75585f1d2095edb9800319
83140265320,28082419079,clang-tidy,clang-tidy,completed,success,2026-06-24T07:26:33Z,2026-06-24T07:30:37Z,244,39d22d2544a864335b2987a4de726a6480d4a50d
83178720996,28081866781,clang-tidy,clang-tidy,completed,success,2026-06-24T11:04:44Z,2026-06-24T11:09:04Z,260,bf7da255698509ad7a71debe01a891a82ec4b4b1
83136080533,28081119818,clang-tidy,clang-tidy,completed,success,2026-06-24T06:59:44Z,2026-06-24T07:03:52Z,248,b9caa0e3d3b7de95becff32378194e3ea4c14365
83134289795,28080563221,clang-tidy,clang-tidy,completed,success,2026-06-24T06:47:18Z,2026-06-24T06:51:20Z,242,bfe5ed447e6fa2216262738f8dab0799e95d0376
83133426982,28080275396,clang-tidy,clang-tidy,completed,success,2026-06-24T06:41:01Z,2026-06-24T06:45:06Z,245,ceebf013588429c17aca6cc12057709bbf39b85f
83133316738,28080252336,clang-tidy,clang-tidy,completed,cancelled,2026-06-24T06:40:12Z,2026-06-24T06:40:54Z,42,2d31ea4a5d80cbd8f6e4652aa823b34718759f25
83128529882,28078732944,clang-tidy,clang-tidy,completed,success,2026-06-24T06:04:22Z,2026-06-24T06:08:36Z,254,3d7223a22449c452d9ea6374d77c33edf612e0f3
83127773605,28078489930,clang-tidy,clang-tidy,completed,success,2026-06-24T05:58:32Z,2026-06-24T06:02:53Z,261,fb69ac0c4d09dcc1958ad73554a62332faa3ccdb
83107473062,28071720114,clang-tidy,clang-tidy,completed,success,2026-06-24T02:50:13Z,2026-06-24T02:54:34Z,261,89755ec4079634732422ff7ff61bcfbb4b803c50
83105224601,28070964494,clang-tidy,clang-tidy,completed,success,2026-06-24T02:28:21Z,2026-06-24T02:32:31Z,250,b279ebeba1429f34eba3eff750ac9760d0a8b864
83103801264,28070469014,clang-tidy,clang-tidy,completed,success,2026-06-24T02:14:16Z,2026-06-24T02:18:11Z,235,c3151f150ac9b8f83d497114458b99aaca582dc0
83103650359,28070428039,clang-tidy,clang-tidy,completed,cancelled,2026-06-24T02:12:51Z,2026-06-24T02:14:10Z,79,dc26d6cf613a29a1ac03fdfa48f7415fdc7d096a
83100962414,28069521625,clang-tidy,clang-tidy,completed,success,2026-06-24T01:47:36Z,2026-06-24T01:52:04Z,268,fdcc07b86c0c7a1aff1872c9c5fd1699282de42b
83099929136,28069174461,clang-tidy,clang-tidy,completed,failure,2026-06-24T01:38:12Z,2026-06-24T01:42:16Z,244,aaa91afd60a460a338205cc091dc411c194533b3
83099182761,28068908815,clang-tidy,clang-tidy,completed,failure,2026-06-24T01:31:09Z,2026-06-24T01:35:25Z,256,7585df33719ca3707824e4b6deff219a5530478e
83099094738,28068888423,clang-tidy,clang-tidy,completed,cancelled,2026-06-24T01:30:21Z,2026-06-24T01:31:04Z,43,1ddb21cb7f370f65d0df34955e8e7a8b89339f88
83094790514,28067447647,clang-tidy,clang-tidy,completed,success,2026-06-24T00:52:31Z,2026-06-24T00:56:46Z,255,228da1957bf368e8462a2cdd3526235aed4d8d7b
83094666673,28067415982,clang-tidy,clang-tidy,completed,cancelled,2026-06-24T00:51:25Z,2026-06-24T00:52:25Z,60,d02d277a5a983404f3448469ac3c1ca5ec7e9073
83092764681,28066790330,clang-tidy,clang-tidy,completed,success,2026-06-24T00:34:54Z,2026-06-24T00:38:55Z,241,3865b6c8b7a046225eb547b7bb3ddf0de773b09f
83091542677,28066399042,clang-tidy,clang-tidy,completed,success,2026-06-24T00:24:40Z,2026-06-24T00:28:57Z,257,3c8fa627eb725ebdc961590c71e54155442101fa
83091148197,28066270527,clang-tidy,clang-tidy,completed,success,2026-06-24T00:21:26Z,2026-06-24T00:25:30Z,244,e83db7f040e001d942c53cfc4da0a9a95ebf72a7
83074634643,28060920901,clang-tidy,clang-tidy,completed,success,2026-06-23T22:18:34Z,2026-06-23T22:22:44Z,250,f1897e812c969387e2982487d61c8b16940142e7
83064313828,28057759962,clang-tidy,clang-tidy,completed,success,2026-06-23T21:18:26Z,2026-06-23T21:22:41Z,255,8ad34b549f6cd114ff1b32d27deef917bc7e68ce
83063511936,28057536960,clang-tidy,clang-tidy,completed,cancelled,2026-06-23T21:14:09Z,2026-06-23T21:18:19Z,250,367c46c8b053b872f7f3c8bea9a157d3cebd2669
83061970067,28057058704,clang-tidy,clang-tidy,completed,failure,2026-06-23T21:06:08Z,2026-06-23T21:10:20Z,252,e68e448173cbf25b930a213d5ec85a46316e87d0
83061486230,28056924056,clang-tidy,clang-tidy,completed,cancelled,2026-06-23T21:03:43Z,2026-06-23T21:06:02Z,139,23e08f67696915b93b4075e11dd35e93ecc27739
83060737269,28056699078,clang-tidy,clang-tidy,completed,failure,2026-06-23T20:59:59Z,2026-06-23T21:00:56Z,57,da5272aa74c8ceb681ac0ec9b069905cb12f3a0d
83055191359,28055062709,clang-tidy,clang-tidy,completed,success,2026-06-23T20:31:38Z,2026-06-23T20:35:44Z,246,7186126674e7f3ee9d9070a87170ae045d7779f6
83044664821,28051964913,clang-tidy,clang-tidy,completed,failure,2026-06-23T19:37:55Z,2026-06-23T19:41:55Z,240,433afe1bf1e9bd33d0954f5c6caf9fc5bff795ba
83043815855,28051735306,clang-tidy,clang-tidy,completed,cancelled,2026-06-23T19:33:37Z,2026-06-23T19:37:49Z,252,351d583f4fbc24bd8af220a8595ed51bbd698ce8
83042067513,28051232757,clang-tidy,clang-tidy,completed,failure,2026-06-23T19:24:45Z,2026-06-23T19:27:15Z,150,d60850fa421bf960167f7939e71a9170c577ef46
83037568284,28049918703,clang-tidy,clang-tidy,completed,success,2026-06-23T19:01:56Z,2026-06-23T19:05:59Z,243,99c836fe3a142ce560351b60874f1c9781e43ae8
82995637041,28037747024,clang-tidy,clang-tidy,completed,success,2026-06-23T15:40:09Z,2026-06-23T15:44:33Z,264,6b0356ea7303106cae98e785b6d9828a49ba8fdf
82994708809,28037509517,clang-tidy,clang-tidy,completed,cancelled,2026-06-23T15:36:02Z,2026-06-23T15:40:04Z,242,c537d35d22835c7732e205ba4efb977465e77abe
82994220120,28037371516,clang-tidy,clang-tidy,completed,success,2026-06-23T15:33:55Z,2026-06-23T15:38:00Z,245,97b3c37ff287ef1f268c5a7e6c3cc7c81cb17ef6
82992390667,28036847325,clang-tidy,clang-tidy,completed,success,2026-06-23T15:25:40Z,2026-06-23T15:29:46Z,246,e7fe94df3264a0485b006169357a50ad82922ce5
82991779094,28036670309,clang-tidy,clang-tidy,completed,success,2026-06-23T15:22:50Z,2026-06-23T15:26:57Z,247,c0160a3fd20c0c46ffc27e2b4f373a456d06b377
82931391594,28019323258,clang-tidy,clang-tidy,completed,success,2026-06-23T10:21:31Z,2026-06-23T10:25:38Z,247,14d431d039dbe1dcc3c7bf968a8c26258756c5f1
82926229648,28017743814,clang-tidy,clang-tidy,completed,success,2026-06-23T09:53:09Z,2026-06-23T09:57:16Z,247,51ed7802f040788840bce3f682cee4e0a5bfc685
82925676710,28017590629,clang-tidy,clang-tidy,completed,cancelled,2026-06-23T09:50:09Z,2026-06-23T09:53:03Z,174,f6501bb34b5693e706a462f14d0e582994dcd454
83026186151,28010147871,clang-tidy,clang-tidy,completed,success,2026-06-23T18:05:31Z,2026-06-23T18:09:38Z,247,57ef7014c4b0f8f6d4cdfef5934f62a3e68df598
82860938832,27996915199,clang-tidy,clang-tidy,completed,success,2026-06-23T01:58:38Z,2026-06-23T02:02:53Z,255,9095e2b50d0dcd58bfd0eff80902a5756c34f9db
82855714163,27995154451,clang-tidy,clang-tidy,completed,success,2026-06-23T01:10:32Z,2026-06-23T01:14:42Z,250,9ff60df5153c7e04da2b047b1f81450ff7edaeeb
82853740487,27994497905,clang-tidy,clang-tidy,completed,success,2026-06-23T00:53:30Z,2026-06-23T00:57:49Z,259,9b109fef40c0cb7cb039889f550deb608f37d0e8
82853670710,27994476661,clang-tidy,clang-tidy,completed,cancelled,2026-06-23T00:52:53Z,2026-06-23T00:53:25Z,32,28efc7fea84c29843df2c0c985901ec840f2e55a
82852599550,27994124573,clang-tidy,clang-tidy,completed,success,2026-06-23T00:43:43Z,2026-06-23T00:47:58Z,255,4e165a608aa9117ae8a57a9b559a4ff15d9a9464
82743867529,27961477980,clang-tidy,clang-tidy,completed,success,2026-06-22T14:48:52Z,2026-06-22T14:53:08Z,256,1e3bcee035b40710a01c538d0ad4827a2d7382e8
82738329663,27959923329,clang-tidy,clang-tidy,completed,success,2026-06-22T14:25:12Z,2026-06-22T14:29:27Z,255,5b9cdd96654c2b60b09412581848c4e0458af906
82725885115,27956412951,clang-tidy,clang-tidy,completed,success,2026-06-22T13:30:42Z,2026-06-22T13:34:46Z,244,6c543b1050ead07151b24f91680544b7ddf5eb41
82720944720,27954980377,clang-tidy,clang-tidy,completed,success,2026-06-22T13:08:01Z,2026-06-22T13:12:24Z,263,df80107567eec6fc06277065fa0e6cd2033cbd1d
83640914716,28232969267,clang-tidy,clang-tidy,completed,success,2026-06-26T10:40:56Z,2026-06-26T10:45:06Z,250,ba814eac1017d214fd75a82b7e161edd22543c30
83613644838,28224134357,clang-tidy,clang-tidy,completed,success,2026-06-26T07:46:33Z,2026-06-26T07:50:44Z,251,f275585947873227d98c4d22c89ba89f3d4ecc48
83378816885,28154231933,clang-tidy,clang-tidy,completed,success,2026-06-25T07:30:25Z,2026-06-25T07:34:39Z,254,bc2b4776c277813944a22b1c67eb7955914c3dc5
83363888459,28149546644,clang-tidy,clang-tidy,completed,success,2026-06-25T05:43:18Z,2026-06-25T05:47:40Z,262,0f523711b2aeae71cccf6edbf1747d87344b9415
83361161670,28148656492,clang-tidy,clang-tidy,completed,success,2026-06-25T05:19:19Z,2026-06-25T05:23:17Z,238,0a6529219e6836e942ccd19b043e7dbfcda1962e
83380963518,28143269792,clang-tidy,clang-tidy,completed,success,2026-06-25T07:43:57Z,2026-06-25T07:48:08Z,251,4662efa4d865b425767c85e7b4b5e227e6011116
83305747301,28130659923,clang-tidy,clang-tidy,completed,success,2026-06-24T21:26:14Z,2026-06-24T21:30:29Z,255,a2d4014f4859b6b3bb65c63f45914956d254b243
83997759105,28355609766,clang-tidy,clang-tidy,completed,success,2026-06-29T07:24:52Z,2026-06-29T07:29:10Z,258,c34c01c8ffc89b51d7157b92a8684aa697affcfb
83997382813,28355489228,clang-tidy,clang-tidy,completed,success,2026-06-29T07:22:22Z,2026-06-29T07:26:37Z,255,28a4a18d8df3780c2209f3120413bcb94b576713
83988529750,28352662497,clang-tidy,clang-tidy,completed,success,2026-06-29T06:19:27Z,2026-06-29T06:23:42Z,255,040b090157aad175e95763dca163e95e41b18639
83984754073,28351364868,clang-tidy,clang-tidy,completed,success,2026-06-29T05:47:08Z,2026-06-29T05:54:49Z,461,ec08ce9f38cfc02588e25ec52a5399bebc92e2e7
83980647896,28349937360,clang-tidy,clang-tidy,completed,failure,2026-06-29T05:07:35Z,2026-06-29T05:16:47Z,552,243358534fd4199119beec1dade295aab1bf8494
83980393979,28349852889,clang-tidy,clang-tidy,completed,cancelled,2026-06-29T05:05:03Z,2026-06-29T05:07:30Z,147,98f22a0a90ed7d2fcd7005df2f0bee4d8d708596
83972286121,28346998107,clang-tidy,clang-tidy,completed,success,2026-06-29T03:37:45Z,2026-06-29T03:41:41Z,236,0069a9bbdb41527a287b64bcae7325ea0e7b3518
83967680466,28345422754,clang-tidy,clang-tidy,completed,success,2026-06-29T02:47:37Z,2026-06-29T02:51:53Z,256,66c357e7ebcfef1c241a7eec1fc5ed8c222ede42
83961993823,28343373198,clang-tidy,clang-tidy,completed,success,2026-06-29T01:40:56Z,2026-06-29T01:45:01Z,245,410fba836e678f70734b7a98384e9f2ee7ec3d00
83960525088,28342853659,clang-tidy,clang-tidy,completed,success,2026-06-29T01:23:33Z,2026-06-29T01:27:48Z,255,e5a394a38215e738749aafa696bb175eafb87bbb
83928552760,28330819390,clang-tidy,clang-tidy,completed,success,2026-06-28T17:50:27Z,2026-06-28T17:54:33Z,246,c039ef6d092e4eb45539687d09120e6d9734962f
83927592001,28330447044,clang-tidy,clang-tidy,completed,success,2026-06-28T17:36:19Z,2026-06-28T17:40:30Z,251,d35541a0f57626347ddf619f805de4caca974e1c
83920553704,28327744479,clang-tidy,clang-tidy,completed,success,2026-06-28T15:55:40Z,2026-06-28T15:59:55Z,255,8c4af95b5c42830f8c5555c4c89f721a7de7067c
83917952604,28326752901,clang-tidy,clang-tidy,completed,success,2026-06-28T15:18:54Z,2026-06-28T15:23:05Z,251,cc39e201d445b2ca26ff12c27b7fa5a1fbb7af18
83917557208,28326599060,clang-tidy,clang-tidy,completed,success,2026-06-28T15:13:12Z,2026-06-28T15:17:13Z,241,95555add73886f4d6997044eebfdaf8d8d2053da
83916847561,28326326190,clang-tidy,clang-tidy,completed,success,2026-06-28T15:03:14Z,2026-06-28T15:07:21Z,247,715eca00e3ce2170f3f0e8ae268be9a0ab7e5143
83916089989,28326030466,clang-tidy,clang-tidy,completed,success,2026-06-28T14:52:39Z,2026-06-28T14:56:48Z,249,7251b47c83ae06ef19a098b0ee090dfb4292ca6c
83903791712,28321372817,clang-tidy,clang-tidy,completed,success,2026-06-28T11:54:18Z,2026-06-28T11:58:18Z,240,1cc5e05db6e7b0807dc5e68e3bf97318932bd958
83900325726,28320057026,clang-tidy,clang-tidy,completed,success,2026-06-28T11:01:13Z,2026-06-28T11:05:18Z,245,9467e7526c0a973bdd4061b54f143753624da1e1
83892916433,28317324142,clang-tidy,clang-tidy,completed,success,2026-06-28T09:04:05Z,2026-06-28T09:08:15Z,250,771762a1afd487a73476dec43160451b20af47c6
83892435791,28317151251,clang-tidy,clang-tidy,completed,success,2026-06-28T08:56:46Z,2026-06-28T09:00:47Z,241,77aff1c4fa117e966caa405bd114c0f5aca4e18a
83891138432,28316672626,clang-tidy,clang-tidy,completed,success,2026-06-28T08:35:40Z,2026-06-28T08:39:56Z,256,6a9e1b0f5657fd42e333111488f156995bc84c06
83891107073,28316661560,clang-tidy,clang-tidy,completed,cancelled,2026-06-28T08:35:11Z,2026-06-28T08:35:34Z,23,ccf8c9551dd711dc7caaec93c8a1ea3ac3f5ad9b
83890781939,28316540872,clang-tidy,clang-tidy,completed,success,2026-06-28T08:30:05Z,2026-06-28T08:34:15Z,250,c163a6cf44b6a1f4fc2162ee4c1596652efe3986
83887735627,28315453403,clang-tidy,clang-tidy,completed,success,2026-06-28T07:42:26Z,2026-06-28T07:46:38Z,252,a143b11a05f6928df9fdb9af10d59108d2e11f07
83874179800,28310405532,clang-tidy,clang-tidy,completed,success,2026-06-28T03:45:04Z,2026-06-28T03:49:16Z,252,447ed3c924da7cc7f2d1dc06765a46109dfbe63b
83873180442,28310044369,clang-tidy,clang-tidy,completed,success,2026-06-28T03:27:14Z,2026-06-28T03:31:18Z,244,c0f09acd513d6c6c31af0d3564e99c4fcecec2de
83871210415,28309368084,clang-tidy,clang-tidy,completed,success,2026-06-28T02:54:48Z,2026-06-28T02:59:03Z,255,7870f22ca176fd4516be468b0885c2dbcbb85701
83871206508,28309366850,clang-tidy,clang-tidy,completed,cancelled,2026-06-28T02:54:39Z,2026-06-28T02:54:43Z,4,1c841aff980852d015159010e2996d6446c13e76
83870338648,28309038410,clang-tidy,clang-tidy,completed,success,2026-06-28T02:38:10Z,2026-06-28T02:42:08Z,238,ba79c8c830ce65bdd3895db4ae0365bdd2e9b56f
83870095099,28308941120,clang-tidy,clang-tidy,completed,success,2026-06-28T02:33:35Z,2026-06-28T02:37:42Z,247,c02c6ad92c2505b09e3eaaabddadbdc53658f0ea
83869983836,28308905750,clang-tidy,clang-tidy,completed,cancelled,2026-06-28T02:31:34Z,2026-06-28T02:33:30Z,116,f10a16b99828c9ecaf3631d156ba67402197e955
83869534944,28308734428,clang-tidy,clang-tidy,completed,success,2026-06-28T02:23:05Z,2026-06-28T02:27:15Z,250,fa36ba141c9f41667e19a0817c3bcaaef8559a70
83868881136,28308486212,clang-tidy,clang-tidy,completed,success,2026-06-28T02:10:24Z,2026-06-28T02:14:23Z,239,19a4e032739ba58204a1ec0183e4395e5a6cd056
83868697863,28308417201,clang-tidy,clang-tidy,completed,failure,2026-06-28T02:07:16Z,2026-06-28T02:11:28Z,252,bcdd1f65bee84e5a39ec95cf5fca91c6388eef2c
83866819336,28307710026,clang-tidy,clang-tidy,completed,success,2026-06-28T01:33:30Z,2026-06-28T01:37:30Z,240,d31141e6e0e32080a4859e802de5c92355a71ede
83855608505,28303457007,clang-tidy,clang-tidy,completed,success,2026-06-27T22:16:34Z,2026-06-27T22:20:43Z,249,f523958e6a0b80d147456bdb65bbfd50f37147c9
83854562690,28303049499,clang-tidy,clang-tidy,completed,success,2026-06-27T21:59:21Z,2026-06-27T22:03:26Z,245,26d62db94047005e5797d4c914dfe95821a56a28
83836763268,28296323257,clang-tidy,clang-tidy,completed,success,2026-06-27T17:21:05Z,2026-06-27T17:25:02Z,237,f6b447ce4a39da500f6d287c7cc10056db3811f7
83836433683,28296198076,clang-tidy,clang-tidy,completed,success,2026-06-27T17:15:54Z,2026-06-27T17:19:54Z,240,30acf32d8d953813136f3f03c78c8eb14368a0df
83835987487,28296029712,clang-tidy,clang-tidy,completed,success,2026-06-27T17:09:10Z,2026-06-27T17:13:08Z,238,3967e73ca76c110378912103e3f26ddc1a49dfb6
83835537594,28295861796,clang-tidy,clang-tidy,completed,success,2026-06-27T17:02:08Z,2026-06-27T17:06:16Z,248,54ddd3b0c147c136a57c08bf52c37cf8d90d357d
83915244583,28295662682,clang-tidy,clang-tidy,completed,success,2026-06-28T14:40:40Z,2026-06-28T14:44:35Z,235,915a8b0efa41aa794232c67d07955e766883a2f2
83834585639,28295499025,clang-tidy,clang-tidy,completed,success,2026-06-27T16:47:33Z,2026-06-27T16:51:33Z,240,ff8d2d677aa6e0efdab777072e2659ec03a7c741
83834569684,28295492581,clang-tidy,clang-tidy,completed,success,2026-06-27T16:47:18Z,2026-06-27T16:51:22Z,244,1523de3915603a41224a75f590bdb2eb06df3968
83833756279,28295178119,clang-tidy,clang-tidy,completed,success,2026-06-27T16:34:56Z,2026-06-27T16:39:07Z,251,f79b3d1edbb55df3caa8ad2856d3547e72b787fe
83831883067,28294460094,clang-tidy,clang-tidy,completed,success,2026-06-27T16:06:21Z,2026-06-27T16:10:39Z,258,8a2f250ad8e33fc7aa1fdc6a2b05fba56b0f7d0e
83830398933,28293888541,clang-tidy,clang-tidy,completed,success,2026-06-27T15:43:55Z,2026-06-27T15:48:06Z,251,87ee399f6f236c048f69e2c0dd3d04d1b4c37327
83826952771,28292563963,clang-tidy,clang-tidy,completed,success,2026-06-27T14:50:48Z,2026-06-27T14:55:03Z,255,91e36715e20173414ad43ee045f733d0fbcbc80a
83728527737,28258768667,clang-tidy,clang-tidy,completed,success,2026-06-26T18:53:13Z,2026-06-26T18:57:17Z,244,1491d696516ef032ba69d69d797a13f38affacbd
83833648774,28257721392,clang-tidy,clang-tidy,completed,success,2026-06-27T16:33:16Z,2026-06-27T16:37:36Z,260,6ad12052284ee4ed8819aae0086ba330d743d367
83663913091,28239913712,clang-tidy,clang-tidy,completed,success,2026-06-26T13:05:27Z,2026-06-26T13:09:35Z,248,6108817474f7c61cac2360a1b0223f6286c12934
83662460886,28239483500,clang-tidy,clang-tidy,completed,success,2026-06-26T12:57:27Z,2026-06-26T13:01:51Z,264,f92a771a2ff1b1f8608596fb3aa796768e6f0742
84770909146,28590007650,clang-tidy,clang-tidy,completed,failure,2026-07-02T12:28:54Z,2026-07-02T12:29:21Z,27,d2587ec8022becbe9495aff29cd5fe0542bbebcd
84769878913,28589698400,clang-tidy,clang-tidy,completed,failure,2026-07-02T12:23:39Z,2026-07-02T12:24:09Z,30,773395052b381d5b30a3646cffacf09d46b91ac9
84762836465,28587438424,clang-tidy,clang-tidy,completed,failure,2026-07-02T11:47:00Z,2026-07-02T11:47:26Z,26,be424cca4ee91efd522675de79eab58ff5212efa
84753511900,28584774152,clang-tidy,clang-tidy,completed,success,2026-07-02T10:56:27Z,2026-07-02T11:05:30Z,543,6317e22f7af1ae4df2e0bfba59465d1ebc24f1ea
84751056757,28584042376,clang-tidy,clang-tidy,completed,failure,2026-07-02T10:43:06Z,2026-07-02T10:43:31Z,25,9bd020392741f978853a8df23f67142f11dadff8
84750102029,28583756575,clang-tidy,clang-tidy,completed,success,2026-07-02T10:37:45Z,2026-07-02T10:45:42Z,477,b2e2ba260d6e84b58459d69419a8088a43d310e6
84749515771,28583579696,clang-tidy,clang-tidy,completed,success,2026-07-02T10:34:30Z,2026-07-02T10:43:21Z,531,1a4ee39c863557aa5a8cfb0dd4027fb97939d6bb
84711253419,28571867906,clang-tidy,clang-tidy,completed,success,2026-07-02T07:04:08Z,2026-07-02T07:12:52Z,524,a5934724a474d61f09bdc012bbd32d0520f1d667
84696789972,28567191257,clang-tidy,clang-tidy,completed,success,2026-07-02T05:15:53Z,2026-07-02T05:23:59Z,486,6722590f25abaa0273fe86cce0b87ac4e0b960ca
84691618876,28565427615,clang-tidy,clang-tidy,completed,success,2026-07-02T04:28:34Z,2026-07-02T04:36:56Z,502,d4cdb90d434365448cd1d5a00fcd673fbc431881
84690061994,28564905057,clang-tidy,clang-tidy,completed,success,2026-07-02T04:14:12Z,2026-07-02T04:22:55Z,523,29f3349de8f0911f294f57db15ed3aec270949f4
84689290611,28564633774,clang-tidy,clang-tidy,completed,success,2026-07-02T04:07:23Z,2026-07-02T04:15:54Z,511,26fbb514cd2f4919e01cc40a1f1abdeffca2652c
84682876847,28562505650,clang-tidy,clang-tidy,completed,success,2026-07-02T03:07:41Z,2026-07-02T03:15:48Z,487,4148c0555b8b561cd9973772d9a2c6ad8451998f
84682476593,28562373354,clang-tidy,clang-tidy,completed,failure,2026-07-02T03:04:08Z,2026-07-02T03:12:05Z,477,7dec54b9e401fd0fef4332525e5a5b5f2b86c77b
84679810540,28561461448,clang-tidy,clang-tidy,completed,success,2026-07-02T02:38:28Z,2026-07-02T02:46:30Z,482,7960ae104662e19e2e94bfcb5354c325861b0618
84678362926,28560965928,clang-tidy,clang-tidy,completed,success,2026-07-02T02:24:28Z,2026-07-02T02:32:36Z,488,5ef0911e82f3925cd85ee23406820eecc607e957
84678286512,28560940124,clang-tidy,clang-tidy,completed,success,2026-07-02T02:23:35Z,2026-07-02T02:31:37Z,482,17b4da7e378241844637bb821435e34c885fde52
84671597602,28558673851,clang-tidy,clang-tidy,completed,success,2026-07-02T01:19:02Z,2026-07-02T01:27:59Z,537,ddf08c8e093707dee888e2da3dbf4e50a35cb560
84645775378,28550334801,clang-tidy,clang-tidy,completed,success,2026-07-01T21:56:04Z,2026-07-01T22:04:12Z,488,46bc6fb9904b58cffbedcb7a58182dbb28cc4c35
84605036559,28538239496,clang-tidy,clang-tidy,completed,success,2026-07-01T18:13:05Z,2026-07-01T18:21:17Z,492,aad79a99f5d0937b4f0ea7dd68073583e83159e7
84595205993,28535355067,clang-tidy,clang-tidy,completed,success,2026-07-01T17:21:11Z,2026-07-01T17:29:18Z,487,9ecfe9cc345a320ccd94551eef07f61cafdb1b30
84595112972,28535311974,clang-tidy,clang-tidy,completed,success,2026-07-01T17:20:41Z,2026-07-01T17:28:22Z,461,66ff9b1a8e10bb9ade885c2231693945995b9106
84594923764,28535272596,clang-tidy,clang-tidy,completed,cancelled,2026-07-01T17:19:43Z,2026-07-01T17:20:36Z,53,592bad248c1d78851395db47b87f5d551f8ca83a
84594408658,28535103518,clang-tidy,clang-tidy,completed,success,2026-07-01T17:17:00Z,2026-07-01T17:24:50Z,470,e2492a4baf621f7a73b9cde3bd4716de35d034bc
84594127789,28535038755,clang-tidy,clang-tidy,completed,cancelled,2026-07-01T17:15:34Z,2026-07-01T17:16:55Z,81,0b8b0e707722dd28303e93282e37348a8fbf4f9c
84591296801,28534218082,clang-tidy,clang-tidy,completed,success,2026-07-01T17:00:50Z,2026-07-01T17:09:01Z,491,3495af744400d9e620ce57e61bad4a0d6f3648bc
84589613601,28533728398,clang-tidy,clang-tidy,completed,success,2026-07-01T16:52:11Z,2026-07-01T17:00:22Z,491,3442c1ef61d229f4b02b5920356c791386e56f77
84583765355,28532028301,clang-tidy,clang-tidy,completed,success,2026-07-01T16:22:14Z,2026-07-01T16:30:10Z,476,28e07546eaf45851757ed653786f4714c5ec62c8
84583703667,28532015399,clang-tidy,clang-tidy,completed,cancelled,2026-07-01T16:21:55Z,2026-07-01T16:22:08Z,13,33a8a43f726ce11e3cc575d1f3b4b728514997b7
84578913932,28530643098,clang-tidy,clang-tidy,completed,success,2026-07-01T15:58:28Z,2026-07-01T16:06:37Z,489,6be661881ee9fb6ebc1a7ab088dea786a3a8b77a
84578448551,28530509515,clang-tidy,clang-tidy,completed,success,2026-07-01T15:56:16Z,2026-07-01T16:04:21Z,485,6ce73bc6c837947043eb7f2812ee403159d6c6cf
84575359574,28529624763,clang-tidy,clang-tidy,completed,success,2026-07-01T15:41:48Z,2026-07-01T15:50:09Z,501,5bf1394157a5a937ebb692f950463bb4a86140a7
84572849540,28528917887,clang-tidy,clang-tidy,completed,success,2026-07-01T15:30:18Z,2026-07-01T15:38:06Z,468,3f416b4a72562aea4dd15f1e37eba8d53d7c9e47
84570686610,28528298371,clang-tidy,clang-tidy,completed,success,2026-07-01T15:20:45Z,2026-07-01T15:28:28Z,463,37b1aca7ae8dbc0458beafce31e4825af632944a
84570587454,28528255336,clang-tidy,clang-tidy,completed,success,2026-07-01T15:20:19Z,2026-07-01T15:29:40Z,561,c084a89705edc1cc44832625b6c35345a3db3493
84570406771,28528223310,clang-tidy,clang-tidy,completed,success,2026-07-01T15:19:31Z,2026-07-01T15:27:57Z,506,d76478e89a620211408497f4b4eeef705bcbab4b
84570311343,28528196327,clang-tidy,clang-tidy,completed,cancelled,2026-07-01T15:19:05Z,2026-07-01T15:20:13Z,68,1f4ced472a48c1da0ebb343860037d8ae81fca8b
84567177633,28527319297,clang-tidy,clang-tidy,completed,success,2026-07-01T15:05:15Z,2026-07-01T15:13:23Z,488,703f3fa981c4ec3bf96526a4965a58f0705d9d1f
84567103576,28527298549,clang-tidy,clang-tidy,completed,success,2026-07-01T15:04:55Z,2026-07-01T15:13:14Z,499,b9f6fa6b263d714255d1512926c5262757c4b86d
84567048232,28527283042,clang-tidy,clang-tidy,completed,success,2026-07-01T15:04:41Z,2026-07-01T15:12:49Z,488,e43d3a4375a6b804b250d6961bb802c0a66270a6
84566997449,28527269073,clang-tidy,clang-tidy,completed,success,2026-07-01T15:04:28Z,2026-07-01T15:12:29Z,481,93b68acd9669c7d5240fe282ce03bc606b656612
84566714970,28527192694,clang-tidy,clang-tidy,completed,success,2026-07-01T15:03:15Z,2026-07-01T15:11:33Z,498,093c75ed1836d770072c2f5517fd6d04bf611d17
84532605657,28517440228,clang-tidy,clang-tidy,completed,success,2026-07-01T12:27:23Z,2026-07-01T12:35:26Z,483,cd80ab7fc06ac0cbc4bb3f1462a0d4febf46ec2b
84527945138,28516048123,clang-tidy,clang-tidy,completed,success,2026-07-01T12:02:38Z,2026-07-01T12:11:00Z,502,185384792e498ccbadc4e145cc9432ce235b371a
84505444767,28509297951,clang-tidy,clang-tidy,completed,success,2026-07-01T09:58:15Z,2026-07-01T10:06:46Z,511,aeb6c9654410de36a311a49324bf3df8d75dc054
84505139110,28509223721,clang-tidy,clang-tidy,completed,cancelled,2026-07-01T09:56:38Z,2026-07-01T09:58:09Z,91,a10b3621d3d4827ffce9a2be22279211bb09aee5
84427559108,28484388171,clang-tidy,clang-tidy,completed,success,2026-07-01T00:14:24Z,2026-07-01T00:22:47Z,503,72d86b658ab3b4b9e0bc748d3efa019dc0f8541f
84427088013,28484214875,clang-tidy,clang-tidy,completed,success,2026-07-01T00:10:29Z,2026-07-01T00:18:47Z,498,5e059dbeff839bf4e1a4234e7c9cfc2d98b862b7
84426799924,28484131090,clang-tidy,clang-tidy,completed,cancelled,2026-07-01T00:08:12Z,2026-07-01T00:10:23Z,131,5bb9e164b0f87384772e3e2f2ca7e76ec6467245
84340668306,28458776492,clang-tidy,clang-tidy,completed,success,2026-06-30T16:10:36Z,2026-06-30T16:18:28Z,472,35796405895a513b795719b2978540b034cd72f1
84334735584,28457091789,clang-tidy,clang-tidy,completed,success,2026-06-30T15:44:55Z,2026-06-30T15:53:20Z,505,3ae8d251eab0812203001ca285e25efbfc2b3ea8
84334124834,28456918765,clang-tidy,clang-tidy,completed,success,2026-06-30T15:42:16Z,2026-06-30T15:51:04Z,528,8fba37cf78f95bc759a2ba978be5a5b9007f0af5
84326962090,28454922181,clang-tidy,clang-tidy,completed,success,2026-06-30T15:12:01Z,2026-06-30T15:19:57Z,476,cd544b1c2492c466d574e1a18671495a0bd4723f
84323847903,28454056391,clang-tidy,clang-tidy,completed,success,2026-06-30T14:59:13Z,2026-06-30T15:07:49Z,516,6c30e3c38679978fc74d470c90c1c198c7135271
84322555914,28453698571,clang-tidy,clang-tidy,completed,success,2026-06-30T14:53:59Z,2026-06-30T15:02:03Z,484,ca4f618aa3d7c36e4ba9454cb184816d0b5c2f16
84287260648,28435065251,clang-tidy,clang-tidy,completed,success,2026-06-30T12:16:56Z,2026-06-30T12:21:26Z,270,3fe5eafe200e59ea001826c9c24ab274393b3733
84206549446,28418507888,clang-tidy,clang-tidy,completed,success,2026-06-30T03:36:43Z,2026-06-30T03:40:48Z,245,b1dc78899aa37957c3d4e0bd85eedb95579e7de3
84200225513,28416433854,clang-tidy,clang-tidy,completed,success,2026-06-30T02:36:21Z,2026-06-30T02:40:23Z,242,62dfd84868630c7aa4a140cf5f3a22fd15d7a563
84178270355,28409170559,clang-tidy,clang-tidy,completed,success,2026-06-29T23:21:05Z,2026-06-29T23:25:28Z,263,f320feb96b88ad895541b7caaa63ea1c8000423e
84160543794,28403538016,clang-tidy,clang-tidy,completed,success,2026-06-29T21:22:24Z,2026-06-29T21:26:37Z,253,6fae565bce50feb056a10767cd7492d73186a4a2
84134150443,28395815012,clang-tidy,clang-tidy,completed,success,2026-06-29T19:02:03Z,2026-06-29T19:06:18Z,255,b66e81fcee5ca2bd3b9fd4ec0836afb6c5987219
84097852067,28385178356,clang-tidy,clang-tidy,completed,success,2026-06-29T15:56:23Z,2026-06-29T16:00:51Z,268,4c192454f87bd1a5e1e4209323dc2f1622b512e5
85272674063,28756592563,clang-tidy,clang-tidy,completed,success,2026-07-06T00:08:42Z,2026-07-06T00:16:49Z,487,c310d5e93cdf7ad3f4bf5eeec5055f730666334b
85243286611,28748444678,clang-tidy,clang-tidy,completed,success,2026-07-05T17:08:58Z,2026-07-05T17:17:21Z,503,c11e177f7752d62b09daf5a10465f7a9d43d1d8e
85241728051,28747850183,clang-tidy,clang-tidy,completed,success,2026-07-05T16:46:57Z,2026-07-05T16:55:02Z,485,262d2cf700155adbe3a431f8ae1367bae8d7549d
85214873190,28737749059,clang-tidy,clang-tidy,completed,success,2026-07-05T10:29:22Z,2026-07-05T10:37:13Z,471,279ade3a9458d9ad7a472ffd2a005ec00c7ae25e
85213871866,28737362293,clang-tidy,clang-tidy,completed,success,2026-07-05T10:14:23Z,2026-07-05T10:23:44Z,561,cb9546ac7402aefc21f544f40e654579d04ca89e
85213397612,28737192778,clang-tidy,clang-tidy,completed,cancelled,2026-07-05T10:07:11Z,2026-07-05T10:14:18Z,427,aaf9493472f433f7459e03c6a519d88ac9347584
85212571800,28736889296,clang-tidy,clang-tidy,completed,success,2026-07-05T09:54:47Z,2026-07-05T10:02:53Z,486,4b0494fc79a9291cfaa84d50187d67293fecfd13
85211577499,28736519168,clang-tidy,clang-tidy,completed,success,2026-07-05T09:39:38Z,2026-07-05T09:48:38Z,540,56c3ef8dac5bf00d0f5b647bff08a89c5d04f22a
85198693400,28731784148,clang-tidy,clang-tidy,completed,success,2026-07-05T06:18:48Z,2026-07-05T06:27:11Z,503,28487453e76391124ac224df4a3ee3a237c6a25c
85198069915,28731575193,clang-tidy,clang-tidy,completed,success,2026-07-05T06:09:27Z,2026-07-05T06:17:58Z,511,17bf363469e8a5e8760deb16f500312bba509bbc
85184467110,28726401440,clang-tidy,clang-tidy,completed,success,2026-07-05T02:02:40Z,2026-07-05T02:10:56Z,496,dc086706ce06815b60e29a63a0fcf6253c8e9963
85183541821,28726048142,clang-tidy,clang-tidy,completed,failure,2026-07-05T01:46:01Z,2026-07-05T01:46:59Z,58,6de019ab84fd535d458017f44bf0587c0583471b
85151384821,28713717042,clang-tidy,clang-tidy,completed,success,2026-07-04T17:15:47Z,2026-07-04T17:23:50Z,483,bcfa5149795bacad2b0cfeabce3a4ef693726132
85241649057,28711721824,clang-tidy,clang-tidy,completed,success,2026-07-05T16:45:47Z,2026-07-05T16:54:18Z,511,cf5670546fb9929de8c7100cc6d64883fcd7d7d1
85110278035,28697743120,clang-tidy,clang-tidy,completed,success,2026-07-04T06:29:31Z,2026-07-04T06:37:36Z,485,a1125b48ad0c9a83e670cf1e69d70a8fc8beb3be
84984332204,28655413108,clang-tidy,clang-tidy,completed,success,2026-07-03T10:51:10Z,2026-07-03T10:59:52Z,522,6b92446a000721418a74f9bf581c8a1a1da195b7
84971091127,28651716138,clang-tidy,clang-tidy,completed,success,2026-07-03T09:31:15Z,2026-07-03T09:40:15Z,540,8c7034884b6beeaa95fb68044f89023d02cd2f0f
84969593331,28651246545,clang-tidy,clang-tidy,completed,success,2026-07-03T09:22:42Z,2026-07-03T09:31:04Z,502,b2e18a5fa43c9644636c4e4fbf908629d2e28d09
84968529205,28650939819,clang-tidy,clang-tidy,completed,cancelled,2026-07-03T09:16:37Z,2026-07-03T09:22:35Z,358,5c1a4f1c774e2813a718516a75a85cccba2151cb
84966963989,28650456988,clang-tidy,clang-tidy,completed,success,2026-07-03T09:07:43Z,2026-07-03T09:15:43Z,480,874d9483aab9abbd51dec62f273a0fc190c47303
84961895833,28648877085,clang-tidy,clang-tidy,completed,success,2026-07-03T08:37:37Z,2026-07-03T08:45:37Z,480,9f1b9d24f4102cc25b86c86ae4ef0f5d50d2b5d6
84961425388,28648742903,clang-tidy,clang-tidy,completed,cancelled,2026-07-03T08:34:42Z,2026-07-03T08:37:32Z,170,c9cbb8b201194b90fb078637694ffa3186fa166f
84958111949,28647692315,clang-tidy,clang-tidy,completed,success,2026-07-03T08:13:47Z,2026-07-03T08:22:34Z,527,463d0000d37a4828e3cf1037615206b039832d53
84958084076,28647684902,clang-tidy,clang-tidy,completed,cancelled,2026-07-03T08:13:36Z,2026-07-03T08:13:42Z,6,984610051fc300af180dbabafef2eb5d26f6c92e
84939873005,28641930321,clang-tidy,clang-tidy,completed,success,2026-07-03T06:06:24Z,2026-07-03T06:14:34Z,490,bc5c92ee361af19be78079a07e26764aacde36b7
84934631809,28640222549,clang-tidy,clang-tidy,completed,success,2026-07-03T05:20:45Z,2026-07-03T05:29:09Z,504,3ed93c060f55c9da68dd3224dad01cc7ffcf91fc
84930348972,28638724601,clang-tidy,clang-tidy,completed,success,2026-07-03T04:37:07Z,2026-07-03T04:45:07Z,480,a3a55e2e45470f78ce7ebf6a1d4afc02a1c7f95a
84930300146,28638709815,clang-tidy,clang-tidy,completed,cancelled,2026-07-03T04:36:36Z,2026-07-03T04:37:02Z,26,3dfa37f577acec8fd3e2d0e01403e34b23c8b707
84930286341,28638706229,clang-tidy,clang-tidy,completed,cancelled,2026-07-03T04:36:27Z,2026-07-03T04:36:31Z,4,93d9002262cc040a4f89269d87aeb149b97e3558
84929985824,28638600323,clang-tidy,clang-tidy,completed,success,2026-07-03T04:33:16Z,2026-07-03T04:42:04Z,528,ad9b4a914b8594d5f4c9faa1fa9836a50b483516
84928907494,28638234147,clang-tidy,clang-tidy,completed,success,2026-07-03T04:22:25Z,2026-07-03T04:30:50Z,505,f560e4f07dd0791800cf2a2ae3fb640ed19b806b
84923734091,28636446922,clang-tidy,clang-tidy,completed,success,2026-07-03T03:28:57Z,2026-07-03T03:37:17Z,500,9889d26267caf4a076b0949ab8c65bae5f3d4793
84922597439,28636065358,clang-tidy,clang-tidy,completed,success,2026-07-03T03:17:25Z,2026-07-03T03:26:24Z,539,477f95ae042c967cf3095ee046ad5c1516e458a5
84921929417,28635856578,clang-tidy,clang-tidy,completed,cancelled,2026-07-03T03:11:00Z,2026-07-03T03:17:20Z,380,6670e285706b027ed28f91737862f9187e32a684
84916635372,28634027506,clang-tidy,clang-tidy,completed,success,2026-07-03T02:16:30Z,2026-07-03T02:25:03Z,513,7cf1c42c84492f9307ae73a0f46e2d4db20ee14b
84916216568,28633892483,clang-tidy,clang-tidy,completed,cancelled,2026-07-03T02:12:16Z,2026-07-03T02:16:25Z,249,0f2907b069c7a39a553db28ab2424cd61c52fb3c
84911950370,28632447495,clang-tidy,clang-tidy,completed,success,2026-07-03T01:30:05Z,2026-07-03T01:38:24Z,499,3a9f56d7691f62b562ee6a81b9c3fbacafbac8b7
84911762337,28632382398,clang-tidy,clang-tidy,completed,failure,2026-07-03T01:28:10Z,2026-07-03T01:28:22Z,12,eadb190fc85ad7d775fa9dff2696c433426a8db9
84907911985,28631069525,clang-tidy,clang-tidy,completed,success,2026-07-03T00:50:51Z,2026-07-03T00:58:53Z,482,90b748c84c2cd2a5cbf50abfae4d93d559218ed4
84907659887,28630986256,clang-tidy,clang-tidy,completed,cancelled,2026-07-03T00:48:29Z,2026-07-03T00:50:46Z,137,c52eda8c7684a2d536d717d6d5efd428bd1439fb
84907413226,28630904549,clang-tidy,clang-tidy,completed,cancelled,2026-07-03T00:46:07Z,2026-07-03T00:48:24Z,137,5f9e057f6b5e7eaa67bac71cd037c531335d17ea
84907235699,28630855518,clang-tidy,clang-tidy,completed,cancelled,2026-07-03T00:44:28Z,2026-07-03T00:46:01Z,93,8944286133de20e8f2b7e867cd62787f678f00bd
85182120882,28627209446,clang-tidy,clang-tidy,completed,success,2026-07-05T01:20:38Z,2026-07-05T01:28:14Z,456,d2cba6a6fa961ed6548974d31703b8968dfa8ab4
84900432164,28624570322,clang-tidy,clang-tidy,completed,success,2026-07-02T23:42:18Z,2026-07-02T23:50:55Z,517,ce97689595b23d87124d4e0437c1333bf2ea0200
84886572322,28624114993,clang-tidy,clang-tidy,completed,success,2026-07-02T21:56:50Z,2026-07-02T22:05:00Z,490,9ba853366aed4a12502fa56bfc2cc3510119be50
84843428757,28611083732,clang-tidy,clang-tidy,completed,success,2026-07-02T18:00:21Z,2026-07-02T18:08:26Z,485,b02603c0af29fd0ebc48976b8ad5633dc6f12399
84842078877,28610680969,clang-tidy,clang-tidy,completed,success,2026-07-02T17:53:29Z,2026-07-02T18:01:38Z,489,058eb192a29a35b66d8ce4fd1e93ba144959a0a1
84839467529,28609906992,clang-tidy,clang-tidy,completed,failure,2026-07-02T17:40:18Z,2026-07-02T17:40:44Z,26,054ead89b64d0c1d0322ff3dc282f826dbb8f0a0
84829980996,28607083149,clang-tidy,clang-tidy,completed,success,2026-07-02T16:52:37Z,2026-07-02T17:01:22Z,525,0482ecbb14f4ec9d2cb7f8621e03a69918bcd7da
84852628236,28607020587,clang-tidy,clang-tidy,completed,success,2026-07-02T18:47:08Z,2026-07-02T18:55:06Z,478,54b8a91cfd73b6295bff62f221d1c44621252410
84887170177,28605665546,clang-tidy,clang-tidy,completed,success,2026-07-02T22:05:49Z,2026-07-02T22:15:01Z,552,07b8b6b1a29e5ffe0509ab781ff7be6f7c1bb524
84823964405,28605334949,clang-tidy,clang-tidy,completed,success,2026-07-02T16:23:28Z,2026-07-02T16:31:49Z,501,35c573992cc19d9d27c24952b56b51fa7a4f2a91
84816916871,28603287926,clang-tidy,clang-tidy,completed,success,2026-07-02T15:51:10Z,2026-07-02T15:59:31Z,501,ca9e70a32296eadf896a6b0aa18a8bfa9701b9ae
84816268679,28603122837,clang-tidy,clang-tidy,completed,cancelled,2026-07-02T15:48:15Z,2026-07-02T15:51:04Z,169,00e3a0db02fa1c2e8552ff23e005beed0bcb64f8
84814042028,28602481155,clang-tidy,clang-tidy,completed,success,2026-07-02T15:38:20Z,2026-07-02T15:46:11Z,471,95e85d7a21cb8ec8a13c90f77689821d2e1f6dde
84809293251,28601125918,clang-tidy,clang-tidy,completed,success,2026-07-02T15:17:54Z,2026-07-02T15:26:29Z,515,4c5b0d91c4ccf290e9f1b0565fbca0bfd5c12385
85324124503,28777272240,clang-tidy,clang-tidy,completed,success,2026-07-06T08:10:13Z,2026-07-06T08:18:59Z,526,fc2c8d795308832ca7fbb77e7fb9267493b2b5ff
85606057081,28862994778,clang-tidy,clang-tidy,completed,success,2026-07-07T11:33:57Z,2026-07-07T11:42:09Z,492,faeab11405d4d65e06070a71b788cfdc2871c9b4
85605892222,28862958857,clang-tidy,clang-tidy,completed,cancelled,2026-07-07T11:33:01Z,2026-07-07T11:33:50Z,49,f813bb9deea00fc888bc798076209600e689aabf
85603166040,28862151606,clang-tidy,clang-tidy,completed,success,2026-07-07T11:18:39Z,2026-07-07T11:26:44Z,485,7f2ad820f6fef08f4eb3fb16aaf9a32781eda7e1
85599505662,28861070985,clang-tidy,clang-tidy,completed,success,2026-07-07T10:59:17Z,2026-07-07T11:07:28Z,491,c481182acac8eaffbb909b1a70e89f3c5524b67c
85599248414,28860995327,clang-tidy,clang-tidy,completed,success,2026-07-07T10:57:53Z,2026-07-07T11:06:06Z,493,fcf7290474a292454e0a6581de00b1e9c217d927
85589962115,28858221028,clang-tidy,clang-tidy,completed,success,2026-07-07T10:06:56Z,2026-07-07T10:16:07Z,551,8b2d1dc67c6a14581821adc39d53bfd16d7f14e0
85586274371,28857106885,clang-tidy,clang-tidy,completed,success,2026-07-07T09:47:49Z,2026-07-07T09:55:23Z,454,2eb8aea9b7d0742e751af5c56efbd8714bff7868
85578408585,28854752044,clang-tidy,clang-tidy,completed,success,2026-07-07T09:07:40Z,2026-07-07T09:15:11Z,451,7ba53c05c19150c6d58b1417fbc5b6fe2c615097
85564221586,28850461598,clang-tidy,clang-tidy,completed,success,2026-07-07T07:51:30Z,2026-07-07T07:59:22Z,472,dd4b0e90bd5bde23c31911106e7dc3eb79101a6c
85563320094,28850188911,clang-tidy,clang-tidy,completed,success,2026-07-07T07:46:13Z,2026-07-07T07:54:43Z,510,3eaae176ad1c2c219e55ab74cc2bf372e40468d0
85550953540,28846303617,clang-tidy,clang-tidy,completed,success,2026-07-07T06:28:07Z,2026-07-07T06:36:10Z,483,558496f4a01dd1d3549f125ccc269656d03fc11a
85550862382,28846275635,clang-tidy,clang-tidy,completed,success,2026-07-07T06:27:26Z,2026-07-07T06:35:38Z,492,4b86ee4c4a65a822e612b1a7a0f1df390d29645b
85548660289,28845595160,clang-tidy,clang-tidy,completed,success,2026-07-07T06:12:00Z,2026-07-07T06:20:19Z,499,b6d038f9622cfe913b5020bb7ee6b50934ba3930
85547994166,28845390802,clang-tidy,clang-tidy,completed,success,2026-07-07T06:07:09Z,2026-07-07T06:15:14Z,485,45a9774311f8a55d999d0967e5148e0e1d9a01e5
85547772237,28845318689,clang-tidy,clang-tidy,completed,success,2026-07-07T06:05:31Z,2026-07-07T06:13:35Z,484,cc41bd713a095e059cb586da11260609f976d3b4
85545697042,28844652332,clang-tidy,clang-tidy,completed,success,2026-07-07T05:49:24Z,2026-07-07T05:57:48Z,504,ff271bd54a840a7eaba1942cc24903927e7c2c43
85544577298,28844277134,clang-tidy,clang-tidy,completed,success,2026-07-07T05:39:57Z,2026-07-07T05:48:20Z,503,55f7823fa8c25aea78da7c3d5a87c1fd4490266b
85542109623,28843457065,clang-tidy,clang-tidy,completed,success,2026-07-07T05:19:08Z,2026-07-07T05:27:02Z,474,78512304ee4b1ffa3d817a391123359f6c6735cd
85520043833,28836071992,clang-tidy,clang-tidy,completed,success,2026-07-07T01:57:37Z,2026-07-07T02:05:55Z,498,964b886d46d337fa775c6e4012a90534b28cd3ca
85508119641,28832148540,clang-tidy,clang-tidy,completed,success,2026-07-07T00:12:22Z,2026-07-07T00:20:44Z,502,4a4e4c37d231a53d4bd66dc34352a71ec7f1d56d
85506842227,28831722095,clang-tidy,clang-tidy,completed,success,2026-07-07T00:01:55Z,2026-07-07T00:10:14Z,499,2faec0bb45d02f743f9117cf99a7734e0cb9a337
85489170478,28826030956,clang-tidy,clang-tidy,completed,success,2026-07-06T21:57:16Z,2026-07-06T22:06:18Z,542,143ed37505950f5481f303bbc70f7a1f6bfdd976
85484007611,28824457017,clang-tidy,clang-tidy,completed,success,2026-07-06T21:27:48Z,2026-07-06T21:36:08Z,500,3dc23c379bb74a039d90a2ab112e5f79ff2641cd
85461838252,28817868130,clang-tidy,clang-tidy,completed,success,2026-07-06T19:34:56Z,2026-07-06T19:43:29Z,513,89df687e617ee7fd21e5fd683faad3e84d24e377
85455053258,28815885833,clang-tidy,clang-tidy,completed,success,2026-07-06T18:58:28Z,2026-07-06T19:06:38Z,490,89dcb746bacb01cd3414ddf117f1626abea83074
85450189983,28814453624,clang-tidy,clang-tidy,completed,success,2026-07-06T18:34:42Z,2026-07-06T18:42:41Z,479,caeaeecfe0daba3aec78ccdea7500b5dd6c9ad58
85422544513,28806284975,clang-tidy,clang-tidy,completed,success,2026-07-06T16:18:59Z,2026-07-06T16:28:09Z,550,09feb5d7c96f4bbb5b58bf4957a9172ad455f1ad
85410100943,28802720534,clang-tidy,clang-tidy,completed,success,2026-07-06T15:23:34Z,2026-07-06T15:32:03Z,509,25e51d8a742dc1eba60598dcf33b2e48e62eca17
85409959385,28802679363,clang-tidy,clang-tidy,completed,success,2026-07-06T15:22:57Z,2026-07-06T15:31:31Z,514,75734b33a2b9fb0ce735e6611a22e08ad1f2d075
85409029875,28802414568,clang-tidy,clang-tidy,completed,success,2026-07-06T15:18:52Z,2026-07-06T15:27:30Z,518,15092a763750141a8d171c97cdfb8b9ab0290e3b
85399656570,28799765115,clang-tidy,clang-tidy,completed,success,2026-07-06T14:39:04Z,2026-07-06T14:47:10Z,486,b9c8217d9a78077078661a93465ca59aacaa35ce
85388246996,28796497752,clang-tidy,clang-tidy,completed,success,2026-07-06T13:49:53Z,2026-07-06T13:58:22Z,509,b9930834faadea86a41a0a3c2a55d38950f184fd
85383240662,28795068537,clang-tidy,clang-tidy,completed,success,2026-07-06T13:27:30Z,2026-07-06T13:36:09Z,519,25d78cff930d244863e387a485b8c53be0f1b739
85370785919,28791418585,clang-tidy,clang-tidy,completed,success,2026-07-06T12:26:57Z,2026-07-06T12:35:32Z,515,aace1b19ce5a8557fdb07c42f34f728ebb4fb571
85364729633,28789620576,clang-tidy,clang-tidy,completed,success,2026-07-06T11:54:56Z,2026-07-06T12:03:29Z,513,10244496a758a06a3dfa42f4553e00dabf6a12fc
85363236777,28789184911,clang-tidy,clang-tidy,completed,cancelled,2026-07-06T11:46:30Z,2026-07-06T11:54:50Z,500,7eada7d67ab133efb14ec6d60ef655e03f631e3d
85410539982,28786846360,clang-tidy,clang-tidy,completed,success,2026-07-06T15:25:26Z,2026-07-06T15:34:00Z,514,12cf2bf97d495955692fae094efa1ded4f2187e6
86729548777,29222237109,clang-tidy,clang-tidy,completed,success,2026-07-13T03:41:48Z,2026-07-13T03:50:03Z,495,f69361864c97e23db824c68b51d7b5036d4bfed6
86712074511,29216018936,clang-tidy,clang-tidy,completed,failure,2026-07-13T00:47:32Z,2026-07-13T00:50:01Z,149,4d57ceaf0e37feb8973a0389318e785438cce67d
86692814623,29208788565,clang-tidy,clang-tidy,completed,success,2026-07-12T21:00:07Z,2026-07-12T21:08:39Z,512,c237091da202cd623486f57719f851e1434c11a0
86690519591,29207925835,clang-tidy,clang-tidy,completed,success,2026-07-12T20:32:53Z,2026-07-12T20:40:51Z,478,76d90c65a1a1d329a967031185436349b8d75fed
86689841759,29207684461,clang-tidy,clang-tidy,completed,cancelled,2026-07-12T20:25:14Z,2026-07-12T20:32:48Z,454,040fe8d60d1b86cd469d881f7181565c99a72263
86687848514,29206932447,clang-tidy,clang-tidy,completed,success,2026-07-12T20:01:54Z,2026-07-12T20:10:33Z,519,d6ba0065d0d781a0fd799ff1b98771f7ba9f6411
86691961838,29205298513,clang-tidy,clang-tidy,completed,success,2026-07-12T20:49:40Z,2026-07-12T20:57:39Z,479,6fb50c6751ac6fd0c57f9ed1b61936699ae650cb
86682504847,29204892032,clang-tidy,clang-tidy,completed,success,2026-07-12T18:58:36Z,2026-07-12T19:06:30Z,474,18ee407e7ce7665ac4b10d5100dae59c25c42fd8
86680112952,29203979380,clang-tidy,clang-tidy,completed,success,2026-07-12T18:29:59Z,2026-07-12T18:37:49Z,470,0e0c25677defad8a3c73b76ef4ba9c122953448f
86667548994,29199221665,clang-tidy,clang-tidy,completed,success,2026-07-12T15:58:22Z,2026-07-12T16:06:49Z,507,8e41b8d22e2a166020f9b6c7ab328f35b2bd8dca
86660301678,29196494698,clang-tidy,clang-tidy,completed,success,2026-07-12T14:34:16Z,2026-07-12T14:42:21Z,485,3ca2b6ad4f1ffef0e496d8045499dce3c4a433a5
86656259407,29194988620,clang-tidy,clang-tidy,completed,success,2026-07-12T13:45:43Z,2026-07-12T13:53:35Z,472,1b94492e46b0f910f26bee075be317b3c9b7f461
86654608801,29194381572,clang-tidy,clang-tidy,completed,success,2026-07-12T13:25:53Z,2026-07-12T13:34:16Z,503,3af4e0648fed454d27400cebff58e2f938475b26
86642423492,29189819053,clang-tidy,clang-tidy,completed,success,2026-07-12T10:51:21Z,2026-07-12T10:59:13Z,472,3aee339754a464180bcaa52c29afaad65646110d
86642638321,29189630509,clang-tidy,clang-tidy,completed,success,2026-07-12T10:54:21Z,2026-07-12T11:02:41Z,500,69f16779ce9a40692c7fbf33941839a82b0a95f6
86640130321,29188954172,clang-tidy,clang-tidy,completed,success,2026-07-12T10:20:14Z,2026-07-12T10:28:32Z,498,ab0dc86e0c938135dfe63496db09e87d29abe14a
86638259361,29188272582,clang-tidy,clang-tidy,completed,success,2026-07-12T09:55:29Z,2026-07-12T10:03:52Z,503,cccdfb4015f69ff0fbb581db7dda191db1713a62
86635128538,29187109991,clang-tidy,clang-tidy,completed,success,2026-07-12T09:13:12Z,2026-07-12T09:21:24Z,492,41b18c82ef9c6d1449c1e3bbf49dd54a5ed177d5
86632804166,29186268745,clang-tidy,clang-tidy,completed,success,2026-07-12T08:42:28Z,2026-07-12T08:50:44Z,496,12ec7a6be4de965c56b24e50980d85e6ace858a2
86631567959,29185798220,clang-tidy,clang-tidy,completed,success,2026-07-12T08:25:00Z,2026-07-12T08:34:06Z,546,3de305c2dd22447ee71d8951424f3aefae5a9204
86631107556,29185637627,clang-tidy,clang-tidy,completed,cancelled,2026-07-12T08:18:40Z,2026-07-12T08:24:55Z,375,f257b1d9bbbcdbef11e57669961cde4178de5082
86698800702,29185212806,clang-tidy,clang-tidy,completed,success,2026-07-12T22:12:37Z,2026-07-12T22:20:43Z,486,99cebe99228bc5ba975751ab4b133693279bfe28
86628101786,29184522079,clang-tidy,clang-tidy,completed,success,2026-07-12T07:37:21Z,2026-07-12T07:46:32Z,551,6b622bcb6e52130ca98c3b16be5727ceb0261a42
86614621460,29179526810,clang-tidy,clang-tidy,completed,success,2026-07-12T04:19:12Z,2026-07-12T04:28:03Z,531,9886471d34ff8c65da379d3e94cb68c9dd552257
86611264176,29178247908,clang-tidy,clang-tidy,completed,success,2026-07-12T03:26:49Z,2026-07-12T03:35:01Z,492,d67097f828baf709f3b0c6427dde1018c69c1fe4
86577683815,29165456865,clang-tidy,clang-tidy,completed,success,2026-07-11T19:32:58Z,2026-07-11T19:40:50Z,472,e51007cc6b7523f31f72d68ffde8f780f60c2430
86572247644,29163395022,clang-tidy,clang-tidy,completed,success,2026-07-11T18:24:44Z,2026-07-11T18:32:21Z,457,ffe73f1479c52aae02aefbfa8631bcc22b2cf03f
86557728035,29157808159,clang-tidy,clang-tidy,completed,success,2026-07-11T15:23:00Z,2026-07-11T15:31:11Z,491,61b6e94dffcab100ce84e083180f1b17200e9426
86555526313,29156954261,clang-tidy,clang-tidy,completed,failure,2026-07-11T14:54:22Z,2026-07-11T15:03:43Z,561,c4cf8697ca261e08ae245876bbcdde29c9f9b42f
86551985818,29155577198,clang-tidy,clang-tidy,completed,failure,2026-07-11T14:08:52Z,2026-07-11T14:17:15Z,503,f19e5299a212dfcf4887a2375c3a25020fa5bc6c
86547681474,29153867226,clang-tidy,clang-tidy,completed,success,2026-07-11T13:10:36Z,2026-07-11T13:18:32Z,476,827a6a1ef9d5c07e6fecf6eb55fc71ce864d7944
86547481917,29153790405,clang-tidy,clang-tidy,completed,success,2026-07-11T13:07:50Z,2026-07-11T13:16:59Z,549,65065c741e433130acc7fca0b74d60a80d4e473a
86546710350,29153490207,clang-tidy,clang-tidy,completed,success,2026-07-11T12:57:03Z,2026-07-11T13:04:56Z,473,23e1a8ae14b9b7bc02f924e10adb02d32d0a0845
86545710952,29153106285,clang-tidy,clang-tidy,completed,success,2026-07-11T12:43:18Z,2026-07-11T12:51:34Z,496,45527f5d3fc193defbb3eb6f0260366aa3791f56
86541183313,29151326290,clang-tidy,clang-tidy,completed,success,2026-07-11T11:39:24Z,2026-07-11T11:47:31Z,487,dd198f50e8bb2d9c66cd3040a22239f9c4247b49
86540588368,29151077572,clang-tidy,clang-tidy,completed,success,2026-07-11T11:30:40Z,2026-07-11T11:39:02Z,502,729c821c7caa257803184951e91a6a05c463d39a
86540032794,29150863255,clang-tidy,clang-tidy,completed,cancelled,2026-07-11T11:22:43Z,2026-07-11T11:30:34Z,471,4a4a3a57ae119e3edbda31c7c1f36ce1deb084f5
86537184126,29149733164,clang-tidy,clang-tidy,completed,success,2026-07-11T10:40:56Z,2026-07-11T10:50:03Z,547,bf11e5550577f94511aa58c136ab2bb38079673f
86536004218,29149277418,clang-tidy,clang-tidy,completed,success,2026-07-11T10:23:55Z,2026-07-11T10:32:23Z,508,30b5fe252c1fd5f55e6ac93f72385b77f79d5d93
86426975430,29112202675,clang-tidy,clang-tidy,completed,success,2026-07-10T17:47:07Z,2026-07-10T17:55:40Z,513,1f5f9ef9f9714c12da0adf79e2cbd49a35dab1db
86424795084,29111544348,clang-tidy,clang-tidy,completed,success,2026-07-10T17:35:59Z,2026-07-10T17:44:34Z,515,5b5d2fb3ae320527e95e93abb8b6f6d958e2ef43
86711921526,29082711561,clang-tidy,clang-tidy,completed,cancelled,2026-07-13T00:46:01Z,2026-07-13T00:47:27Z,86,45e20722736ecd3439ed7a449b452fca077d35dd
86264591179,29061647155,clang-tidy,clang-tidy,completed,success,2026-07-10T01:07:26Z,2026-07-10T01:15:44Z,498,135c1ea5e27bd4f2f9e1f222cd4b9ee6e889421d
86077380740,29005929700,clang-tidy,clang-tidy,completed,failure,2026-07-09T08:47:28Z,2026-07-09T08:55:43Z,495,a68b2483e7e70c63214dcb02ead6a00dc194144c
86067618138,29002961220,clang-tidy,clang-tidy,completed,success,2026-07-09T07:58:57Z,2026-07-09T08:06:57Z,480,c7463c294c50bd90ddb88d257d333c20a5f02c9d
85971240583,28972437083,clang-tidy,clang-tidy,completed,success,2026-07-08T20:11:48Z,2026-07-08T20:19:39Z,471,c88c390e626a6705c0ee92a3853792edb3432a8e
85929894617,28960316535,clang-tidy,clang-tidy,completed,success,2026-07-08T16:53:05Z,2026-07-08T17:01:05Z,480,a19ff48f23707a4efd0b889716ea80feaad61d5d
85924597732,28958775239,clang-tidy,clang-tidy,completed,success,2026-07-08T16:29:04Z,2026-07-08T16:38:42Z,578,4500d2d824859ee3693ca19112255ebd3b5b7adc
85920797446,28957645490,clang-tidy,clang-tidy,completed,success,2026-07-08T16:12:09Z,2026-07-08T16:19:41Z,452,ec2d641b5c9b3aa0179e834e7ea2ea79e27eed76
85919138387,28957181875,clang-tidy,clang-tidy,completed,cancelled,2026-07-08T16:04:51Z,2026-07-08T16:12:03Z,432,4abfd0ee6925549b2401d1b1ad284a090399cf3a
85914003014,28955721192,clang-tidy,clang-tidy,completed,success,2026-07-08T15:43:31Z,2026-07-08T15:51:58Z,507,0e954d31cd9dd707e9179e2eaa6c1d343e2149c6
85908026923,28954014280,clang-tidy,clang-tidy,completed,success,2026-07-08T15:18:56Z,2026-07-08T15:27:14Z,498,01a2f9f0f1d7188b2b4cd407767d4d7e3dbd4441
85882467873,28946754153,clang-tidy,clang-tidy,completed,success,2026-07-08T13:34:38Z,2026-07-08T13:42:39Z,481,980fd30b0d56c8c8779687ec2179e2a7af136361
85866902163,28942210219,clang-tidy,clang-tidy,completed,success,2026-07-08T12:22:25Z,2026-07-08T12:29:52Z,447,52640310583799a44a3159ba5710d8e6c1a290ab
85859990155,28940107228,clang-tidy,clang-tidy,completed,success,2026-07-08T11:46:29Z,2026-07-08T11:53:54Z,445,adfb61acaa3ab1848590cb0956f95ed6acfdf925
85859833154,28940076683,clang-tidy,clang-tidy,completed,cancelled,2026-07-08T11:45:38Z,2026-07-08T11:46:24Z,46,07c43b6ec48551f809f31f4f254b2f47f9160de9
85842294794,28934753879,clang-tidy,clang-tidy,completed,success,2026-07-08T10:10:35Z,2026-07-08T10:19:10Z,515,6c7afe6f851b0fe5c88a8c38ba81e205fd746d43
85841901721,28934655534,clang-tidy,clang-tidy,completed,cancelled,2026-07-08T10:08:30Z,2026-07-08T10:10:29Z,119,1690256c3ecdd85929ec7ecd371dbd4de76902fe
85827612922,28930315435,clang-tidy,clang-tidy,completed,success,2026-07-08T08:55:53Z,2026-07-08T09:03:31Z,458,c250a4568f6fde4074debc93364b1c628200cbfa
85826996240,28930143988,clang-tidy,clang-tidy,completed,cancelled,2026-07-08T08:52:42Z,2026-07-08T08:55:47Z,185,61b206620053f079322febb66815771d7efc5810
85826091357,28929870933,clang-tidy,clang-tidy,completed,success,2026-07-08T08:48:06Z,2026-07-08T08:56:18Z,492,ed5bb64110af483fc1923d2110e842eab2e6cfae
85826298913,28924473986,clang-tidy,clang-tidy,completed,success,2026-07-08T08:49:10Z,2026-07-08T08:58:39Z,569,20f6c5b9eefbccc78e564b80435ee72aeef0e056
85800963364,28921967782,clang-tidy,clang-tidy,completed,success,2026-07-08T06:18:32Z,2026-07-08T06:27:00Z,508,d4c4d4059ba49bd815c3fd90347bcad69d10b241
85783894194,28916294575,clang-tidy,clang-tidy,completed,success,2026-07-08T03:55:37Z,2026-07-08T04:03:26Z,469,238b33a24d2da4c59bdc7022749d78b1e48d5e1a
85783848839,28916279069,clang-tidy,clang-tidy,completed,success,2026-07-08T03:55:12Z,2026-07-08T04:03:04Z,472,f2fb04c5962981cd1ce14f8ec2d82922c48532e7
85780927074,28915285743,clang-tidy,clang-tidy,completed,success,2026-07-08T03:27:49Z,2026-07-08T03:35:54Z,485,3f9fc37bde2825a9b06baeaeeb74394160c04bb5
85780902480,28915277647,clang-tidy,clang-tidy,completed,success,2026-07-08T03:27:35Z,2026-07-08T03:35:43Z,488,ce0bb4a1ec470b5cff35d1eebe7e1f661fffded2
85765937166,28910251867,clang-tidy,clang-tidy,completed,success,2026-07-08T01:14:14Z,2026-07-08T01:22:13Z,479,4e9c1c3fe044cf3f2e9a1a8508414b15d5ce619a
85764971631,28909919962,clang-tidy,clang-tidy,completed,success,2026-07-08T01:05:48Z,2026-07-08T01:14:03Z,495,8ad006f71f71d19f20c162cd6f865642e5ed805f
85763668213,28909480397,clang-tidy,clang-tidy,completed,success,2026-07-08T00:55:03Z,2026-07-08T01:03:25Z,502,e33b5be00d18453c573f9589f7b37d89f489bbd7
85761664001,28908824673,clang-tidy,clang-tidy,completed,success,2026-07-08T00:38:43Z,2026-07-08T00:47:45Z,542,75e731398957ac03c58acb08b5bcab9ebb77d4f5
85760177685,28908346352,clang-tidy,clang-tidy,completed,success,2026-07-08T00:26:45Z,2026-07-08T00:35:14Z,509,b120a716b2afc485f6c3554046a56c808ce16098
85730450441,28898899786,clang-tidy,clang-tidy,completed,success,2026-07-07T21:09:42Z,2026-07-07T21:18:28Z,526,6d6fac3577f77eea99734c0bd596fa3ba4b4a8bb
85724105718,28897037717,clang-tidy,clang-tidy,completed,success,2026-07-07T20:38:13Z,2026-07-07T20:46:00Z,467,0686fda37054abce27fd72b4167011c0ed863753
85721995164,28896426901,clang-tidy,clang-tidy,completed,success,2026-07-07T20:27:58Z,2026-07-07T20:37:11Z,553,2faa50d140e996ed82cf8323741d7d8f7083675a
85703892137,28891142207,clang-tidy,clang-tidy,completed,success,2026-07-07T18:59:19Z,2026-07-07T19:07:42Z,503,0095f7c28410fecaabdfc74abb61b8fd118f0166
85696407387,28888986876,clang-tidy,clang-tidy,completed,success,2026-07-07T18:23:15Z,2026-07-07T18:31:18Z,483,31a9e2b769f20f7d5dfe44180f68f9ee2a36b547
85673888223,28882433393,clang-tidy,clang-tidy,completed,success,2026-07-07T16:33:57Z,2026-07-07T16:42:18Z,501,d5372bdedae5359292b5ea3564f4b17585023f01
85668184331,28880805491,clang-tidy,clang-tidy,completed,success,2026-07-07T16:07:55Z,2026-07-07T16:16:07Z,492,641b2f9935b38de46b5981577e37ff2a6b9e14c4
87077781621,29330110978,clang-tidy,clang-tidy,completed,success,2026-07-14T11:57:52Z,2026-07-14T12:05:56Z,484,7fbcbca2f821fe9ed88551e8bcef9f522fdba46b
87026093702,29314662579,clang-tidy,clang-tidy,completed,success,2026-07-14T07:29:58Z,2026-07-14T07:38:19Z,501,010a071fb333a9eb6bd16f6a5c991aa750ae38e5
86935283096,29284995790,clang-tidy,clang-tidy,completed,success,2026-07-13T21:05:37Z,2026-07-13T21:13:44Z,487,11d70e7479ec3f53dd543db2609feeb3cff88cba
87049151834,29268849136,clang-tidy,clang-tidy,completed,success,2026-07-14T09:30:39Z,2026-07-14T09:38:33Z,474,34d73fe7a174e7479026befe01c43eabf13d5c35
86871674791,29266132295,clang-tidy,clang-tidy,completed,success,2026-07-13T16:22:28Z,2026-07-13T16:31:26Z,538,1ce2f8dbbf62adea204a2e9b0144ddbf67ce0114
86861178728,29263079000,clang-tidy,clang-tidy,completed,success,2026-07-13T15:38:30Z,2026-07-13T15:46:57Z,507,8291c5e23e245413d83398dd920f45a3c284f869
86860563055,29262894286,clang-tidy,clang-tidy,completed,success,2026-07-13T15:35:57Z,2026-07-13T15:44:27Z,510,95553eca4f8737c483b0345fd8add12e1bd47deb
86860434066,29262863557,clang-tidy,clang-tidy,completed,cancelled,2026-07-13T15:35:26Z,2026-07-13T15:35:52Z,26,ae23e7b909ff5d1b06d4edd93c866e6986f635cd
86856995303,29261857045,clang-tidy,clang-tidy,completed,success,2026-07-13T15:21:30Z,2026-07-13T15:29:35Z,485,cb9eb1006db31582d7cf1e4fae7b1a5f287df494
86856570614,29261753656,clang-tidy,clang-tidy,completed,success,2026-07-13T15:19:44Z,2026-07-13T15:27:44Z,480,8e24dd7334712022832d5591d7a9ec1c6660db57
86855095523,29261332790,clang-tidy,clang-tidy,completed,cancelled,2026-07-13T15:13:46Z,2026-07-13T15:21:24Z,458,f273bcfad51947351a6a20798deeb6f9211319ee
86852610202,29260614298,clang-tidy,clang-tidy,completed,success,2026-07-13T15:04:03Z,2026-07-13T15:12:05Z,482,cd80e1cb41e20d6173983dda4ad3d32bf54dc8d4
86851027550,29260158780,clang-tidy,clang-tidy,completed,cancelled,2026-07-13T14:57:48Z,2026-07-13T15:03:57Z,369,db1097fc89f8b5a2b0a1e325ce1cc7a54ec1210b
86850688931,29260086798,clang-tidy,clang-tidy,completed,success,2026-07-13T14:56:29Z,2026-07-13T15:05:00Z,511,32b285bc67e939d15c74da459e0d07ad7f332daf
86850544677,29260046120,clang-tidy,clang-tidy,completed,cancelled,2026-07-13T14:55:56Z,2026-07-13T14:57:42Z,106,d4bd99153e9baf9ffff68753c08a3dcd317ce950
86849808935,29259831333,clang-tidy,clang-tidy,completed,success,2026-07-13T14:53:00Z,2026-07-13T15:00:49Z,469,54009776e43732b1836f8a3ee9e9a50797d6c6b8
86847035418,29259021841,clang-tidy,clang-tidy,completed,success,2026-07-13T14:41:49Z,2026-07-13T14:49:41Z,472,650e05e4ac19ec9e7e7d6dc5ba61c9f32771bb5a
86845858561,29258693693,clang-tidy,clang-tidy,completed,cancelled,2026-07-13T14:37:03Z,2026-07-13T14:41:44Z,281,e61f09a78dad8996606ef18450698c5a93edb45f
86845748118,29258682388,clang-tidy,clang-tidy,completed,success,2026-07-13T14:36:37Z,2026-07-13T14:45:04Z,507,2f3353376c76588bbc67b83bf7f53eb52f6e90be
86844632480,29258344894,clang-tidy,clang-tidy,completed,cancelled,2026-07-13T14:32:13Z,2026-07-13T14:36:57Z,284,691bd2d33d30504a2e38836dc4cfb9680f5c7398
86843973085,29258171307,clang-tidy,clang-tidy,completed,cancelled,2026-07-13T14:29:41Z,2026-07-13T14:32:07Z,146,afc1e2520883375aebc6c9ada09253bcfb9165fc
86843610264,29258074049,clang-tidy,clang-tidy,completed,success,2026-07-13T14:28:16Z,2026-07-13T14:36:36Z,500,8a4f3e381d5ef3ebeb408af577eae28533a2370d
86830773205,29254432231,clang-tidy,clang-tidy,completed,success,2026-07-13T13:36:55Z,2026-07-13T13:45:19Z,504,7d518ee7c74fba901cc1910a72de609f1cc4d1a9
86830572722,29254404608,clang-tidy,clang-tidy,completed,cancelled,2026-07-13T13:36:19Z,2026-07-13T13:36:47Z,28,45ca1823d3b531aadd10193a7be6a989e9cb8885
86843632671,29248825938,clang-tidy,clang-tidy,completed,success,2026-07-13T14:28:22Z,2026-07-13T14:36:49Z,507,c5b9d4c805c18aa99a974b956f49dcc35743d4e5
86808071090,29247571519,clang-tidy,clang-tidy,completed,success,2026-07-13T11:49:16Z,2026-07-13T11:58:01Z,525,f12851929b8722d3ad2cd1e9d584a48e89a56bea
86803388588,29244697643,clang-tidy,clang-tidy,completed,failure,2026-07-13T11:24:33Z,2026-07-13T11:32:34Z,481,fe8855144125d2268028fc93993e000ec3820d9a
86791408276,29242434794,clang-tidy,clang-tidy,completed,success,2026-07-13T10:21:03Z,2026-07-13T10:28:36Z,453,64b348a321022f91d6ba8854de3b967eed042dac
87542031538,29473688743,clang-tidy,clang-tidy,completed,success,2026-07-16T05:21:57Z,2026-07-16T05:29:45Z,468,6b58116c83d9ae0952ace3fe2183f7b28f4c79b4
87535439377,29471503599,clang-tidy,clang-tidy,completed,success,2026-07-16T04:29:52Z,2026-07-16T04:37:43Z,471,4e1b8f53b3cbc893da0d6fbcef5a53ed7cee065a
87532062552,29470326052,clang-tidy,clang-tidy,completed,success,2026-07-16T04:01:12Z,2026-07-16T04:09:21Z,489,66e1cd221cd53e051a68d1fd0c25d90926229109
87526357340,29468390905,clang-tidy,clang-tidy,completed,success,2026-07-16T03:11:44Z,2026-07-16T03:19:39Z,475,47af8e5b5caf5230435bbc40259e15b6a875001e
87518784444,29465876219,clang-tidy,clang-tidy,completed,success,2026-07-16T02:08:55Z,2026-07-16T02:17:17Z,502,54c729f9af02188267916ccfb6749659b0ef9452
87516078962,29464964993,clang-tidy,clang-tidy,completed,success,2026-07-16T01:46:44Z,2026-07-16T01:55:17Z,513,b1576fbfb67386c8c7e2eee75682ac66ac3e775e
87517694627,29438885252,clang-tidy,clang-tidy,completed,success,2026-07-16T02:00:16Z,2026-07-16T02:08:41Z,505,e0d5cfc4532b636426c8ec4fa6f0354401bfb1a2
87388135376,29425914696,clang-tidy,clang-tidy,completed,success,2026-07-15T14:57:28Z,2026-07-15T15:05:24Z,476,347011b8b1200e200e3a7c596d70dfb30fe85484
87332250216,29409285748,clang-tidy,clang-tidy,completed,failure,2026-07-15T10:46:26Z,2026-07-15T10:54:12Z,466,7ee6e60f02c5006fab59f6b49e22eeeefc9f5130
87273022154,29390613526,clang-tidy,clang-tidy,completed,failure,2026-07-15T05:06:51Z,2026-07-15T05:14:22Z,451,3a6ad7a5ae5d120b962a5d984c3b826b9b5859e0
87271208397,29390025417,clang-tidy,clang-tidy,completed,failure,2026-07-15T04:52:48Z,2026-07-15T05:01:03Z,495,bb65fa6cab502e859ad10d338bb4cf03bbbdb999
87264645099,29387823124,clang-tidy,clang-tidy,completed,success,2026-07-15T03:58:46Z,2026-07-15T04:07:01Z,495,a00e8b2a141ea3c41c3ee26d78145c1ba339d9cd
87264347419,29387723222,clang-tidy,clang-tidy,completed,success,2026-07-15T03:56:06Z,2026-07-15T04:04:07Z,481,137239b58beaa605cf2f77420b5a8dc738441562
87252200708,29383597338,clang-tidy,clang-tidy,completed,success,2026-07-15T02:14:16Z,2026-07-15T02:22:32Z,496,82e05adc15c7be0461ff9fb38c8d0ec2f8798c10
87221821166,29373474595,clang-tidy,clang-tidy,completed,success,2026-07-14T22:35:14Z,2026-07-14T22:43:23Z,489,423b9727733f50904c7fe3e345c0553f7d2b22b5
87212304316,29370460181,clang-tidy,clang-tidy,completed,success,2026-07-14T21:42:05Z,2026-07-14T21:51:19Z,554,a68776aa9d1e6778935b17949628a79e9d509b26
87205026859,29368250962,clang-tidy,clang-tidy,completed,success,2026-07-14T21:05:48Z,2026-07-14T21:14:40Z,532,9193dc84306aa20d99027556594bf7e4f6d29fad
87199730305,29366624588,clang-tidy,clang-tidy,completed,success,2026-07-14T20:40:47Z,2026-07-14T20:49:16Z,509,a40597ec817c9ee02d74e1bcafc8230c82b74226
87187229679,29362910670,clang-tidy,clang-tidy,completed,success,2026-07-14T19:43:36Z,2026-07-14T19:51:33Z,477,533fe9fee930577899214e75e7fe430a15dc62f5
87105378889,29337557731,clang-tidy,clang-tidy,completed,success,2026-07-14T14:01:07Z,2026-07-14T14:09:56Z,529,c7713509ab5838e933578584e55324bf0462c676
87092017827,29335028577,clang-tidy,clang-tidy,completed,success,2026-07-14T13:05:12Z,2026-07-14T13:13:40Z,508,67c35e50c2d77494432d0595765599cbcd6b51ac
88291127652,29723438283,clang-tidy,clang-tidy,completed,success,2026-07-20T07:04:10Z,2026-07-20T07:12:53Z,523,dcf627e481e5704597c99be990d113aaf677ee84
88282267440,29720457364,clang-tidy,clang-tidy,completed,success,2026-07-20T06:00:29Z,2026-07-20T06:09:22Z,533,8fc3f2d4057bba9b9274e0d4bef90691774dfbd6
88282219440,29720440985,clang-tidy,clang-tidy,completed,success,2026-07-20T06:00:07Z,2026-07-20T06:09:27Z,560,c6ad5f3a8c1a23f15fd961bdc0b7d00e581b9158
88281104793,29692956683,clang-tidy,clang-tidy,completed,success,2026-07-20T05:50:25Z,2026-07-20T05:59:02Z,517,035c67114af3970c440176230e00d2d62b6bdd9f
88195764331,29688052010,clang-tidy,clang-tidy,completed,success,2026-07-19T13:00:36Z,2026-07-19T13:08:54Z,498,3598bc38ee3000c8cdc01a36284299897f235d57
88078553690,29643817822,clang-tidy,clang-tidy,completed,success,2026-07-18T12:09:41Z,2026-07-18T12:17:24Z,463,9880e195ba222cd0d3148b7c4c83366a79407a98
88065614239,29638781787,clang-tidy,clang-tidy,completed,success,2026-07-18T09:12:53Z,2026-07-18T09:22:13Z,560,bc71f65c54961d818e2b659b7813630ab19866e3
88042608578,29630351324,clang-tidy,clang-tidy,completed,success,2026-07-18T04:19:05Z,2026-07-18T04:26:40Z,455,54fb1eb3f3da6fd4b348635c5ec8556c76f00797
88147445871,29614626427,clang-tidy,clang-tidy,completed,success,2026-07-19T02:23:21Z,2026-07-19T02:31:17Z,476,740260c8790c2ed1838bc01fb304428df7a47929
87982947733,29610240021,clang-tidy,clang-tidy,completed,success,2026-07-17T20:10:39Z,2026-07-17T20:19:28Z,529,671768d067df2e2cacafcd3612f6f7ec47433a1b
87800314758,29553334105,clang-tidy,clang-tidy,completed,success,2026-07-17T03:49:52Z,2026-07-17T03:57:47Z,475,af24a1667bd5197920d9b49a10655da80ba92fa9
87778670453,29546095708,clang-tidy,clang-tidy,completed,success,2026-07-17T00:55:46Z,2026-07-17T01:04:05Z,499,4c89930564892346eefc04a566918f952d42f41f
87715691276,29526368956,clang-tidy,clang-tidy,completed,success,2026-07-16T19:01:53Z,2026-07-16T19:09:59Z,486,88da2ce6e1afe598d258551c1b4a5dab32cb5321
88550578282,29803983970,clang-tidy,clang-tidy,completed,success,2026-07-21T05:26:16Z,2026-07-21T05:35:03Z,527,aff827f8af8b899903e3a4ac9e2de03829ec1847
88529286424,29796668661,clang-tidy,clang-tidy,completed,success,2026-07-21T02:45:26Z,2026-07-21T02:53:36Z,490,fc8b1e4f575d56fbeefc8165689d19265a813884
88501882610,29787417538,clang-tidy,clang-tidy,completed,success,2026-07-20T23:30:33Z,2026-07-20T23:38:31Z,478,928f94127f1706f03cf6025307307272853d0fca
88482904799,29781273815,clang-tidy,clang-tidy,completed,success,2026-07-20T21:43:45Z,2026-07-20T21:52:07Z,502,420dbc12d945d348df181e08ffde14c83cb55ed8
88481330640,29780806593,clang-tidy,clang-tidy,completed,cancelled,2026-07-20T21:36:05Z,2026-07-20T21:43:40Z,455,e9723bb719f3cbf9dc3962b37e42658b69049b63
88475253638,29778973003,clang-tidy,clang-tidy,completed,success,2026-07-20T21:08:09Z,2026-07-20T21:16:48Z,519,4f4f1d379a8c587ded9d0b801fb6927fbee5228d
88296277013,29725109361,clang-tidy,clang-tidy,completed,success,2026-07-20T07:35:51Z,2026-07-20T07:44:28Z,517,ab9d3eb46a1cda63cbb35799341b68ca73628fac
88865945032,29902398814,clang-tidy,clang-tidy,completed,success,2026-07-22T08:02:08Z,2026-07-22T08:09:48Z,460,2ee57bf49079fec4907834b5b59243c9fd36db8e
88865778337,29902365618,clang-tidy,clang-tidy,completed,cancelled,2026-07-22T08:01:17Z,2026-07-22T08:02:05Z,48,9ff5212fa04bd9538af4b1189bf8e73b5976106e
88725023345,29857385533,clang-tidy,clang-tidy,completed,success,2026-07-21T18:28:53Z,2026-07-21T18:37:17Z,504,9db63eb3372ccabc74835d9e8bb85887ac7e68b7
89402465476,30067939170,clang-tidy,clang-tidy,completed,success,2026-07-24T04:53:07Z,2026-07-24T05:00:36Z,449,da71a46bf43b202be9792f2e0dc45fa02fa85a39
89353601509,30051249719,clang-tidy,clang-tidy,completed,failure,2026-07-23T22:50:17Z,2026-07-23T22:58:24Z,487,bf8993b9e7d0ebf784a0bb86ad12ae1d6cf8ac04
89291341992,30032240488,clang-tidy,clang-tidy,completed,success,2026-07-23T18:05:51Z,2026-07-23T18:13:40Z,469,1930eabc6b5087889711da997ca58838e17d91aa
89277313349,30028029192,clang-tidy,clang-tidy,completed,success,2026-07-23T17:06:57Z,2026-07-23T17:15:53Z,536,69829c45e120dce3921c3fc951aaa25e7410f2d8
89400147918,30023296034,clang-tidy,clang-tidy,completed,success,2026-07-24T04:33:51Z,2026-07-24T04:42:27Z,516,78166d7d0ae91c76de901a2a573021c5fe7fe7f7
89184918261,30000690109,clang-tidy,clang-tidy,completed,success,2026-07-23T10:48:26Z,2026-07-23T10:56:12Z,466,799a5eae207d51f581c7363428f6471f5770c33f
89174973825,29997631145,clang-tidy,clang-tidy,completed,success,2026-07-23T10:00:34Z,2026-07-23T10:09:57Z,563,5674d333cda224b9154f6f92dc16966ffbf8eff4
89118368164,29979559446,clang-tidy,clang-tidy,completed,success,2026-07-23T04:26:46Z,2026-07-23T04:34:43Z,477,7990b148b001e28efe28bdc4f6b9d7c83a76ac38
89871940161,30231027105,clang-tidy,clang-tidy,completed,success,2026-07-27T02:16:40Z,2026-07-27T02:25:35Z,535,3a15f1e2a243459cbf45366e4da014d25099340a
89762018410,30190213067,clang-tidy,clang-tidy,completed,success,2026-07-26T05:57:10Z,2026-07-26T06:05:29Z,499,eb8eadf0d2d64b1f02c366015870d93726bc38ad
89753252060,30186948260,clang-tidy,clang-tidy,completed,success,2026-07-26T03:55:54Z,2026-07-26T04:03:25Z,451,621ea1b507b299fa67b29c66a55c24b26e4a4d04
89719840365,30174046883,clang-tidy,clang-tidy,completed,success,2026-07-25T20:40:22Z,2026-07-25T20:48:37Z,495,60a2f7a78e31743414c403f3eee8409bda32115d
89718890319,30173669837,clang-tidy,clang-tidy,completed,success,2026-07-25T20:29:25Z,2026-07-25T20:37:22Z,477,c103d4b8ad6b38a281341022ea4a2151d736b1ad
89718694734,30173595405,clang-tidy,clang-tidy,completed,cancelled,2026-07-25T20:27:15Z,2026-07-25T20:29:23Z,128,4af2cc83b47834f3657ef45527522d184409aca6
89718618541,30173569781,clang-tidy,clang-tidy,completed,cancelled,2026-07-25T20:26:27Z,2026-07-25T20:27:13Z,46,6de74d0b3cccc2cad2ddad8413505ed25aca3440
89718524754,30173543792,clang-tidy,clang-tidy,completed,cancelled,2026-07-25T20:25:26Z,2026-07-25T20:26:24Z,58,11dcbb67d26602f9081dd461b586295414dcaad3
89700173380,30166439004,clang-tidy,clang-tidy,completed,success,2026-07-25T16:50:48Z,2026-07-25T16:58:30Z,462,3487eea621f87f1896c3ed4fec58faa6bc978d8a
89699160537,30166057117,clang-tidy,clang-tidy,completed,success,2026-07-25T16:39:16Z,2026-07-25T16:47:05Z,469,1a0b992af7ba5c5cc820ee350f76883ea8183658
89849758934,30164578603,clang-tidy,clang-tidy,completed,success,2026-07-26T22:36:03Z,2026-07-26T22:45:06Z,543,c749c3f5add32b935a9bcb5ce15615e48ae659a9
90340893379,30378716889,clang-tidy,clang-tidy,completed,success,2026-07-28T16:32:22Z,2026-07-28T16:40:57Z,515,1f9d368f12c463a83169f7df36e66efc43e966f0
90311996789,30370272256,clang-tidy,clang-tidy,completed,success,2026-07-28T14:49:29Z,2026-07-28T14:58:03Z,514,d23419a25c68cfd972a495765c433e8aee2f6b68
90294639698,30365227058,clang-tidy,clang-tidy,completed,success,2026-07-28T13:48:27Z,2026-07-28T13:57:56Z,569,abca46237c4ad91ffd938ea67310347f02ad9c77
90260238684,30354751663,clang-tidy,clang-tidy,completed,success,2026-07-28T11:25:55Z,2026-07-28T11:34:53Z,538,1374a8e303dca35e4f087026cde395cccf832bd5
90244545569,30349863218,clang-tidy,clang-tidy,completed,success,2026-07-28T10:13:02Z,2026-07-28T10:21:31Z,509,42f14a1a73640431239f3db9a05d64f88dcf2518
90210820879,30339231575,clang-tidy,clang-tidy,completed,success,2026-07-28T07:39:17Z,2026-07-28T07:47:59Z,522,9ed8771b410d8623066a1190ff415090036413ab
90207742275,30338242906,clang-tidy,clang-tidy,completed,success,2026-07-28T07:23:41Z,2026-07-28T07:31:36Z,475,58f09ab2251b4378af0805b49b8d0c94fefe13e0
90207580915,30338189452,clang-tidy,clang-tidy,completed,success,2026-07-28T07:22:55Z,2026-07-28T07:31:01Z,486,96e1622a14578371733d62fc7fe6fe6ce5aca9a7
90205520630,30337507195,clang-tidy,clang-tidy,completed,success,2026-07-28T07:12:06Z,2026-07-28T07:21:30Z,564,3044ba4f4f8f63dd26d2bfd1e4c3544fdf373c55
90204880014,30337296455,clang-tidy,clang-tidy,completed,success,2026-07-28T07:08:41Z,2026-07-28T07:16:48Z,487,20abcb420a765abac5e70d41cc72933def11a83b
90199740649,30335618973,clang-tidy,clang-tidy,completed,success,2026-07-28T06:40:54Z,2026-07-28T06:49:07Z,493,0b50c5c81fa7f01ea457fbf4719a01c959777c1f
90194370392,30333809611,clang-tidy,clang-tidy,completed,success,2026-07-28T06:08:16Z,2026-07-28T06:16:47Z,511,72b8b1314bfc1fcfdea5f0521d6be1a992af3e9a
90178950562,30328591853,clang-tidy,clang-tidy,completed,success,2026-07-28T04:23:02Z,2026-07-28T04:31:56Z,534,110e06544e863add56d90f6240fd38677aabe51a
90178919864,30328581228,clang-tidy,clang-tidy,completed,success,2026-07-28T04:22:48Z,2026-07-28T04:30:50Z,482,acc057691831bd04e25e9bf3135ddcc04687a488
90156833201,30321058251,clang-tidy,clang-tidy,completed,success,2026-07-28T01:42:58Z,2026-07-28T01:50:37Z,459,3fb5c33a58cf0c85e61e8440efa8c406d0eafcd1
90155402209,30320479277,clang-tidy,clang-tidy,completed,success,2026-07-28T01:33:08Z,2026-07-28T01:40:54Z,466,4ee965534aedd50ba4e6b96b129b3a2ed67e14eb
90112042052,30306535213,clang-tidy,clang-tidy,completed,success,2026-07-27T21:21:50Z,2026-07-27T21:29:56Z,486,9d096bc8fee3abfd4ab5db4c37bbe33af193a4fd
90109669018,30305802288,clang-tidy,clang-tidy,completed,success,2026-07-27T21:11:36Z,2026-07-27T21:19:22Z,466,c44e10002f2ec6968e4dd9b7b675a761f27f3957
90109524215,30305759359,clang-tidy,clang-tidy,completed,success,2026-07-27T21:11:01Z,2026-07-27T21:18:53Z,472,68fffc3dcb40b76be588ac4aa39a4e36331f7cb7
90106334959,30304816463,clang-tidy,clang-tidy,completed,success,2026-07-27T20:57:42Z,2026-07-27T21:09:07Z,685,8f84df6da77aa37ea19dff615ef8501149603aa3
90155011890,30304748877,clang-tidy,clang-tidy,completed,cancelled,2026-07-28T01:30:28Z,2026-07-28T01:33:06Z,158,e520fc9eb8405ffae02b7a9db4fd9fd8fb5b861f
90105935743,30304677775,clang-tidy,clang-tidy,completed,success,2026-07-27T20:56:04Z,2026-07-27T21:04:11Z,487,ae682b89846d982bae8b062ed6860253da8b4802
90104804073,30304330022,clang-tidy,clang-tidy,completed,cancelled,2026-07-27T20:51:18Z,2026-07-27T20:55:58Z,280,3792c449c052495ab20dff83ba156f6a78077288
90103939900,30304091595,clang-tidy,clang-tidy,completed,success,2026-07-27T20:47:41Z,2026-07-27T20:55:47Z,486,627faad6d1fc28a173e27ce4a1eea20ef0f94895
90103329437,30303907192,clang-tidy,clang-tidy,completed,cancelled,2026-07-27T20:45:03Z,2026-07-27T20:51:15Z,372,0923f0a6283bd6d0c562b473ca822a185ae5df2b
90102815277,30303734740,clang-tidy,clang-tidy,completed,success,2026-07-27T20:42:56Z,2026-07-27T20:50:40Z,464,3de367280ba5ce0eb73d0aefa835f6b1cd4be3f3
90102088078,30303538587,clang-tidy,clang-tidy,completed,success,2026-07-27T20:40:02Z,2026-07-27T20:48:46Z,524,a33db3623ae34557b5ca5c7bcacaec246591befb
90101166272,30303269529,clang-tidy,clang-tidy,completed,cancelled,2026-07-27T20:36:03Z,2026-07-27T20:42:53Z,410,33f08a67b03612f6ef11a2814aedd426e1ae0573
90097351112,30302127370,clang-tidy,clang-tidy,completed,success,2026-07-27T20:20:04Z,2026-07-27T20:27:57Z,473,ec75e2df448853b9455281336f5227be2e01464d
90095761815,30301646098,clang-tidy,clang-tidy,completed,success,2026-07-27T20:13:20Z,2026-07-27T20:21:30Z,490,843b054b880e971132ac3dfc02eb96ff76a6d8ae
90092312918,30300609432,clang-tidy,clang-tidy,completed,success,2026-07-27T19:58:54Z,2026-07-27T20:07:39Z,525,c9fb9e9fc917721d91ddde505e04bae223e47edc
90090817064,30300152251,clang-tidy,clang-tidy,completed,success,2026-07-27T19:52:38Z,2026-07-27T20:01:07Z,509,366a47deff2414dbaf7e0e49f1aea29d28f46fa8
90081626785,30297380809,clang-tidy,clang-tidy,completed,success,2026-07-27T19:14:34Z,2026-07-27T19:22:19Z,465,9e1e2664310a600627990b5bd23786b1f2ce2205
90079406765,30295145393,clang-tidy,clang-tidy,completed,success,2026-07-27T19:05:20Z,2026-07-27T19:13:49Z,509,dc7661fe3dc8b4e842d1088c7778f4849b9f9b4c
91503651587,30750523004,clang-tidy,clang-tidy,completed,success,2026-08-02T13:43:05Z,2026-08-02T13:51:37Z,512,bc45e5f024f47153b94b078e56cb7b0e0d30a634
91491050575,30745791484,clang-tidy,clang-tidy,completed,success,2026-08-02T11:27:54Z,2026-08-02T11:36:21Z,507,78634361ba1c9714046dd86661226b1c74a7f972
91478238120,30740977755,clang-tidy,clang-tidy,completed,success,2026-08-02T09:02:49Z,2026-08-02T09:11:26Z,517,46b843ad8244f66d7ad66720b719bf986c85dda5
91477181501,30740590060,clang-tidy,clang-tidy,completed,failure,2026-08-02T08:51:20Z,2026-08-02T08:58:52Z,452,2b4aed7412a28713882f04cc887be9adc941b883
91466672075,30736704386,clang-tidy,clang-tidy,completed,success,2026-08-02T06:52:12Z,2026-08-02T06:59:50Z,458,f0011683efe144c0b6fbb6fb58c742e0a406088e
91458043267,30733580661,clang-tidy,clang-tidy,completed,success,2026-08-02T05:08:18Z,2026-08-02T05:16:28Z,490,877f4803f48f110f9c9912a5c0e03868487f066b
91457973192,30733546933,clang-tidy,clang-tidy,completed,success,2026-08-02T05:07:26Z,2026-08-02T05:15:58Z,512,d7739fca22ac8b45e6a566278418edf2d92f9c74
91457582771,30733418518,clang-tidy,clang-tidy,completed,cancelled,2026-08-02T05:02:55Z,2026-08-02T05:07:23Z,268,d7f1bde30ffb339766841778c35d358356748177
91453122221,30731708614,clang-tidy,clang-tidy,completed,success,2026-08-02T04:03:49Z,2026-08-02T04:11:46Z,477,3a53746c8b0b0ab01bbdb3f360840739cf60c15a
91441100712,30727239162,clang-tidy,clang-tidy,completed,success,2026-08-02T01:33:02Z,2026-08-02T01:41:24Z,502,348d23d00b7a3dd0f13af98a04106d852e5917d9
91440787900,30727134063,clang-tidy,clang-tidy,completed,cancelled,2026-08-02T01:29:24Z,2026-08-02T01:33:00Z,216,057b1972d1236548e6efa8aaf0e3fffa6d14c698
91440570808,30727054472,clang-tidy,clang-tidy,completed,success,2026-08-02T01:26:36Z,2026-08-02T01:34:11Z,455,d96301e71e5c3f33f29e6ce8745704539f2b39aa
91440419688,30726993015,clang-tidy,clang-tidy,completed,success,2026-08-02T01:24:41Z,2026-08-02T01:34:20Z,579,a13b40f63ae0ec305af361982383f374a1072ac1
91440172975,30726908860,clang-tidy,clang-tidy,completed,cancelled,2026-08-02T01:21:33Z,2026-08-02T01:24:38Z,185,01d2c71d7d7a5f19405542c8e859e671ab0f0ac5
91440147031,30726892383,clang-tidy,clang-tidy,completed,cancelled,2026-08-02T01:21:14Z,2026-08-02T01:21:30Z,16,beb9b7c3808b2c6c60e6f15cea377e841af66e0d
91439813879,30726777461,clang-tidy,clang-tidy,completed,success,2026-08-02T01:17:02Z,2026-08-02T01:24:42Z,460,5402fb45ac84112d3096768cbc22c95ef5fcd79c
91439722473,30726733089,clang-tidy,clang-tidy,completed,cancelled,2026-08-02T01:15:50Z,2026-08-02T01:21:12Z,322,0af241aca03a021e7ce63cbc83a706eb12de4828
91439656699,30726707285,clang-tidy,clang-tidy,completed,cancelled,2026-08-02T01:15:01Z,2026-08-02T01:15:47Z,46,1dee617793b4e13e729ddae1b805dd4b8f6f8f55
91439588156,30726688525,clang-tidy,clang-tidy,completed,success,2026-08-02T01:14:07Z,2026-08-02T01:23:00Z,533,9c2f7881e2841144738d4079b08448c2b59476b1
91439443189,30726623326,clang-tidy,clang-tidy,completed,cancelled,2026-08-02T01:12:16Z,2026-08-02T01:14:59Z,163,a18f351b048d0b37ed812bca6b1ca2e68a74c876
91439379463,30726606154,clang-tidy,clang-tidy,completed,success,2026-08-02T01:11:28Z,2026-08-02T01:20:00Z,512,6d989e76657e94e16206925094f2bf49360e84af
91439033180,30726481568,clang-tidy,clang-tidy,completed,cancelled,2026-08-02T01:07:19Z,2026-08-02T01:12:13Z,294,08a1faacfb76d0b5bf0a297f3bd7df0807e396d3
91439031641,30726472358,clang-tidy,clang-tidy,completed,cancelled,2026-08-02T01:07:17Z,2026-08-02T01:07:17Z,0,def0875e378a179f517bb85809befeade08b5d66
91438848683,30726411444,clang-tidy,clang-tidy,completed,success,2026-08-02T01:05:06Z,2026-08-02T01:13:38Z,512,fac0cfc091b72748aefd6e3673592d5a007c07ac
91438841486,30726408683,clang-tidy,clang-tidy,completed,success,2026-08-02T01:05:00Z,2026-08-02T01:13:31Z,511,93b2f6d5f460b88685ae4ebeeede21b9abab07e1
91438651775,30726338913,clang-tidy,clang-tidy,completed,cancelled,2026-08-02T01:02:45Z,2026-08-02T01:07:16Z,271,be32ee2d83cf52a65c853ee959054c95c6bef683
91407519485,30714442901,clang-tidy,clang-tidy,completed,success,2026-08-01T19:17:35Z,2026-08-01T19:25:51Z,496,abf35fc8e96684a707bfc6b3578b61201873c3d5
91407422071,30714407004,clang-tidy,clang-tidy,completed,success,2026-08-01T19:16:32Z,2026-08-01T19:24:48Z,496,0a9caf9d277ed5350d488599bc604363a1c1a960
91407206985,30714325803,clang-tidy,clang-tidy,completed,success,2026-08-01T19:14:19Z,2026-08-01T19:22:23Z,484,6cf450492db9cabb3dfc6673700b784ccd897346
91384626837,30705808892,clang-tidy,clang-tidy,completed,success,2026-08-01T15:23:59Z,2026-08-01T15:32:01Z,482,6697288bddb3a8b57718688e479310481da758b7
91384245706,30705680057,clang-tidy,clang-tidy,completed,success,2026-08-01T15:20:06Z,2026-08-01T15:28:38Z,512,4ab1a959ab1270f808933a5a9f460d1f8dc7da8b
91384240063,30705677749,clang-tidy,clang-tidy,completed,success,2026-08-01T15:20:03Z,2026-08-01T15:27:59Z,476,7fa42c711163d7bab002380f8a2cecd1519ef156
91384036674,30705600570,clang-tidy,clang-tidy,completed,cancelled,2026-08-01T15:17:52Z,2026-08-01T15:23:56Z,364,6effaa9d8dc2623a728d0abe39fefdfe4ae7d9b3
91383099020,30705235999,clang-tidy,clang-tidy,completed,success,2026-08-01T15:12:15Z,2026-08-01T15:21:42Z,567,7ed7a562277a94ec878591233b6d27972a9c1aab
91383082726,30705229820,clang-tidy,clang-tidy,completed,success,2026-08-01T15:11:03Z,2026-08-01T15:19:34Z,511,38e6a55bbd184d79a478c6ad98ae16509a6bb1cb
91383075976,30705227066,clang-tidy,clang-tidy,completed,success,2026-08-01T15:10:20Z,2026-08-01T15:18:34Z,494,86a7ff25706e6fe3384cfcd39535dade17e00156
91383056120,30705219242,clang-tidy,clang-tidy,completed,success,2026-08-01T15:08:46Z,2026-08-01T15:17:11Z,505,f55ed8a66a382019ebb61ae75b39783dcdd4e458
91383050232,30705216932,clang-tidy,clang-tidy,completed,success,2026-08-01T15:07:39Z,2026-08-01T15:16:47Z,548,c47ce8b83aee9633c472bd1a70937f6ccb339bd9
91382933065,30705171051,clang-tidy,clang-tidy,completed,success,2026-08-01T15:06:06Z,2026-08-01T15:14:04Z,478,26a07210700d41ff13eb157324be399fa0b0616b
91382926497,30705168575,clang-tidy,clang-tidy,completed,success,2026-08-01T15:05:57Z,2026-08-01T15:14:23Z,506,7a93cff5a02640fd7b850f993995d5001b3abadb
91382906783,30705161264,clang-tidy,clang-tidy,completed,success,2026-08-01T15:05:47Z,2026-08-01T15:14:14Z,507,6331d63658368b704a9016459c25addf454b442e
91382894819,30705156812,clang-tidy,clang-tidy,completed,success,2026-08-01T15:05:39Z,2026-08-01T15:13:39Z,480,0015da105c371b757bb22a2642719853ec678492
91382773765,30705110911,clang-tidy,clang-tidy,completed,success,2026-08-01T15:04:20Z,2026-08-01T15:12:21Z,481,3022ce329ce7a585da0d9456f745d52deb244e4a
91382678622,30705075038,clang-tidy,clang-tidy,completed,success,2026-08-01T15:03:19Z,2026-08-01T15:11:48Z,509,d1fbbc64f095e8d9d89fcc6422b01ed030a141d1
91382670226,30705071960,clang-tidy,clang-tidy,completed,success,2026-08-01T15:03:13Z,2026-08-01T15:10:58Z,465,0c00275d9d38de052c384b42499c67ea9b9db323
91382643155,30705062237,clang-tidy,clang-tidy,completed,success,2026-08-01T15:02:57Z,2026-08-01T15:11:24Z,507,bc51a55ad2e56ecf7c7a4581ec7dd2888c66d078
91382638745,30705060852,clang-tidy,clang-tidy,completed,success,2026-08-01T15:02:57Z,2026-08-01T15:11:21Z,504,067087ec446020f58f22f019e9bce7f1db3bd00e
91382629029,30705057280,clang-tidy,clang-tidy,completed,success,2026-08-01T15:02:48Z,2026-08-01T15:10:52Z,484,4c2357980b3320a79ed2ad08d2288e5c8f1304d4
91382620845,30705054406,clang-tidy,clang-tidy,completed,success,2026-08-01T15:02:42Z,2026-08-01T15:10:40Z,478,294ab1c326ba6d59da9a80d1e63e85a4d26a651d
91378265172,30703418535,clang-tidy,clang-tidy,completed,success,2026-08-01T14:16:09Z,2026-08-01T14:24:54Z,525,05ba61a6f872220e7c8c6cf00cde5265838cdc97
91378211159,30703396999,clang-tidy,clang-tidy,completed,success,2026-08-01T14:15:30Z,2026-08-01T14:24:08Z,518,e1b16741a09c3bfa5432059ed791c66285060cea
91372826888,30701365641,clang-tidy,clang-tidy,completed,success,2026-08-01T13:15:42Z,2026-08-01T13:23:38Z,476,96ae99d952c85cd7de55cc90f2db8e42c4c26da8
91323979844,30683179001,clang-tidy,clang-tidy,completed,success,2026-08-01T04:03:28Z,2026-08-01T04:11:28Z,480,6243d4f31334a5630e98700771066ba9899a9764
91323047290,30682829684,clang-tidy,clang-tidy,completed,success,2026-08-01T03:52:28Z,2026-08-01T04:00:40Z,492,7d9ac74283d500c377adb327ecddb803a2b4d9e3
91322651007,30682681430,clang-tidy,clang-tidy,completed,success,2026-08-01T03:47:44Z,2026-08-01T03:56:10Z,506,57bb876250ecc07623a744512d94b44221fb3ed8
91320492968,30681908174,clang-tidy,clang-tidy,completed,success,2026-08-01T03:23:56Z,2026-08-01T03:31:52Z,476,b6892d0c0865be3ec43d6dcb9694085370b68bde
91320458575,30681897498,clang-tidy,clang-tidy,completed,success,2026-08-01T03:23:35Z,2026-08-01T03:31:33Z,478,f700b21e86eb68727e9c78e87aba5078517e71ed
91320251981,30681826351,clang-tidy,clang-tidy,completed,success,2026-08-01T03:21:21Z,2026-08-01T03:29:58Z,517,ed596e59acf5c9cbff9c196af0203d9042a19312
91312021453,30679000432,clang-tidy,clang-tidy,completed,success,2026-08-01T01:57:01Z,2026-08-01T02:04:58Z,477,5a90553c5d46225445fae208c6ed6f1691d0acee
91296387078,30673649112,clang-tidy,clang-tidy,completed,success,2026-07-31T23:43:30Z,2026-07-31T23:52:13Z,523,b9a36b64f571d20d57aa1255ac9dd72613e10067
91295975245,30673520533,clang-tidy,clang-tidy,completed,cancelled,2026-07-31T23:40:20Z,2026-07-31T23:43:28Z,188,3653be4cbcfcf6bc1b1949ee35d1839369fa70d5
91293734991,30672753368,clang-tidy,clang-tidy,completed,success,2026-07-31T23:23:38Z,2026-07-31T23:32:19Z,521,ac022da25942010f88356890a2923da2107d587c
91230529475,30652979091,clang-tidy,clang-tidy,completed,success,2026-07-31T17:54:11Z,2026-07-31T18:03:54Z,583,66e80a9da1180cd834f58e8a50674b8492d4b499
91229740080,30652752506,clang-tidy,clang-tidy,completed,cancelled,2026-07-31T17:50:31Z,2026-07-31T17:54:04Z,213,0357df6b380014cb66d2d63c9480414f5b21e42a
91225717683,30651522172,clang-tidy,clang-tidy,completed,success,2026-07-31T17:32:09Z,2026-07-31T17:40:13Z,484,0411ab82b3c508264dc6d84decf105eddbda93e4
91224352356,30651129596,clang-tidy,clang-tidy,completed,cancelled,2026-07-31T17:25:51Z,2026-07-31T17:32:07Z,376,62f0cdc959ac5703cca88456075f3dc30baa8314
91220215629,30649874704,clang-tidy,clang-tidy,completed,success,2026-07-31T17:06:43Z,2026-07-31T17:15:10Z,507,fff216e9b1c0f5fd5f5c0e4f26c43f5b951e8218
91218701850,30649403536,clang-tidy,clang-tidy,completed,success,2026-07-31T17:00:01Z,2026-07-31T17:09:19Z,558,9ef07d367e45100cd51ef2105bfb6495ff409a4e
91213733723,30647893925,clang-tidy,clang-tidy,completed,success,2026-07-31T16:37:53Z,2026-07-31T16:46:41Z,528,cf1f7fb160a36f354fce0cd3c6e2696ba8e755be
91203813006,30644916875,clang-tidy,clang-tidy,completed,success,2026-07-31T15:55:01Z,2026-07-31T16:02:31Z,450,5af9c8ff455624537ad12923ecce6c1277019812
91187125110,30639978649,clang-tidy,clang-tidy,completed,success,2026-07-31T14:45:49Z,2026-07-31T14:54:55Z,546,8ddbfd1c547eb117b80c5c7d804b3c30d837c1d4
91174150802,30636151465,clang-tidy,clang-tidy,completed,success,2026-07-31T13:51:33Z,2026-07-31T13:59:56Z,503,41924d4b04c39e4cf5528e8134249966bc73cf81
91171168708,30635252019,clang-tidy,clang-tidy,completed,success,2026-07-31T13:38:31Z,2026-07-31T13:46:33Z,482,a5ea26bd2445f5546e09d07a8e009ea6df6a34f7
91170710264,30635141643,clang-tidy,clang-tidy,completed,cancelled,2026-07-31T13:36:34Z,2026-07-31T13:38:29Z,115,7c54edc8802fb03b0c777af22a8cd275e78af941
91158237264,30631363462,clang-tidy,clang-tidy,completed,success,2026-07-31T12:38:40Z,2026-07-31T12:47:04Z,504,07a7ceda89bdd90de9b6599eeede6f36ecbf3a86
91153833327,30629984158,clang-tidy,clang-tidy,completed,success,2026-07-31T12:16:06Z,2026-07-31T12:24:47Z,521,a0140ddbc4ce1073b5f3a5d4df11c41a45a2f9a9
91140164902,30625649706,clang-tidy,clang-tidy,completed,success,2026-07-31T11:02:58Z,2026-07-31T11:11:36Z,518,400e743050475ddab4f6d7ffecb0e4fd09c54a2e
91107583099,30615484269,clang-tidy,clang-tidy,completed,success,2026-07-31T08:12:24Z,2026-07-31T08:20:13Z,469,12293453d6d96e60179e7e3c63e35139f9c68a7a
91074624733,30604750694,clang-tidy,clang-tidy,completed,success,2026-07-31T04:40:19Z,2026-07-31T04:48:54Z,515,2b893e39b86dccb95ce18faa2345b8c38e9110e2
91074597618,30604740782,clang-tidy,clang-tidy,completed,success,2026-07-31T04:40:07Z,2026-07-31T04:48:35Z,508,922291bb12e3578e742d1d800bd84e0955e4b6bf
91074466565,30604696670,clang-tidy,clang-tidy,completed,success,2026-07-31T04:39:04Z,2026-07-31T04:46:56Z,472,0e4703b020a87561df8d9fb06df0d225a84d831f
91066534362,30602008266,clang-tidy,clang-tidy,completed,success,2026-07-31T03:36:36Z,2026-07-31T03:44:03Z,447,c2eef957fe25a80d884f97b90fd27980c3e54a25
91016733313,30585808307,clang-tidy,clang-tidy,completed,success,2026-07-30T22:04:16Z,2026-07-30T22:12:19Z,483,c3d96de8c2dbf88b2caac757007962b9f1dbda77
91011865357,30584281849,clang-tidy,clang-tidy,completed,success,2026-07-30T21:39:56Z,2026-07-30T21:49:17Z,561,adf8d1ec350460820496f80300955e6264a9501c
90980298249,30574812114,clang-tidy,clang-tidy,completed,success,2026-07-30T19:26:15Z,2026-07-30T19:34:46Z,511,f5a18f4c025c21591b2c6b87c8964e871985b913
91289125652,30572287420,clang-tidy,clang-tidy,completed,success,2026-07-31T22:51:06Z,2026-07-31T22:59:04Z,478,8f38db66a208b431fcc828965d9561db23e58b1e
90946892523,30564911142,clang-tidy,clang-tidy,completed,failure,2026-07-30T17:12:05Z,2026-07-30T17:22:29Z,624,cebec03e7335457b36568fb63d3e83a950ab1c7c
90937460263,30562066052,clang-tidy,clang-tidy,completed,success,2026-07-30T16:35:11Z,2026-07-30T16:42:59Z,468,ffd7858c396692efc0cd0396369f55876d869c34
90936114941,30561707301,clang-tidy,clang-tidy,completed,cancelled,2026-07-30T16:29:48Z,2026-07-30T16:35:06Z,318,4964c0dd677563a88fc8e5289448aeadf28ce84c
90927267040,30559127196,clang-tidy,clang-tidy,completed,failure,2026-07-30T15:56:27Z,2026-07-30T16:04:43Z,496,bbf7bdf7b84c7742ae9e87182cf1742ce21f6562
91013086102,30554148490,clang-tidy,clang-tidy,completed,success,2026-07-30T21:45:48Z,2026-07-30T21:54:23Z,515,d5834d4cfd8395e5e802912e3156f8fe3f846b75
90879892636,30539647108,clang-tidy,clang-tidy,completed,success,2026-07-30T13:05:08Z,2026-07-30T13:14:08Z,540,f0aa2b45a6cec8f04c9b75253c017e3010659bac
90837097103,30532260968,clang-tidy,clang-tidy,completed,success,2026-07-30T09:50:06Z,2026-07-30T09:57:58Z,472,b4c6bba5dc11a0e20854462ccd28376b809f6fd1
90829109896,30529568615,clang-tidy,clang-tidy,completed,success,2026-07-30T09:12:53Z,2026-07-30T09:20:46Z,473,6822c403524f6f07c53777641366d36dd7bef3d3
90794653021,30518869720,clang-tidy,clang-tidy,completed,success,2026-07-30T06:12:39Z,2026-07-30T06:20:49Z,490,6ec042158a0269d7a6aae044f7c1678ee1aea89b
90785018292,30515741640,clang-tidy,clang-tidy,completed,success,2026-07-30T05:07:33Z,2026-07-30T05:14:55Z,442,512e5d4e7836f0a9147d4df7c86f258b8f393965
90760317327,30507484902,clang-tidy,clang-tidy,completed,success,2026-07-30T02:05:44Z,2026-07-30T02:13:44Z,480,8a532731f289bb8766eba75e6043b7ec3e0f1215
90760189698,30507454346,clang-tidy,clang-tidy,completed,cancelled,2026-07-30T02:04:51Z,2026-07-30T02:05:42Z,51,6ccc5a27c4cf2532ea47b53e0cbcfe524e7799ba
90758273969,30506798952,clang-tidy,clang-tidy,completed,success,2026-07-30T01:51:22Z,2026-07-30T01:59:42Z,500,57c9eac659d81b1ebd4c54ce59762f79c86f72c5
90758159477,30506774036,clang-tidy,clang-tidy,completed,cancelled,2026-07-30T01:50:33Z,2026-07-30T01:51:19Z,46,c2f238ebd4fc42e4939b05bc4a565c8379590cc9
90608089571,30461396386,clang-tidy,clang-tidy,completed,success,2026-07-29T14:32:48Z,2026-07-29T14:41:08Z,500,b2244dcc0c22876ad4cbc8f60aa03fe4a4653eee
90604272794,30460286050,clang-tidy,clang-tidy,completed,success,2026-07-29T14:19:24Z,2026-07-29T14:28:49Z,565,636f310968c1fa07420d9b93dc8a4192ac441abf
90573997874,30451381121,clang-tidy,clang-tidy,completed,success,2026-07-29T12:23:20Z,2026-07-29T12:31:37Z,497,84cac55d436fb4575e703195fc66d018b08f59aa
90554455205,30442605456,clang-tidy,clang-tidy,completed,success,2026-07-29T10:53:37Z,2026-07-29T11:02:26Z,529,a4b5446709879685e380f693a39614326a3835e5
90538306018,30440302173,clang-tidy,clang-tidy,completed,success,2026-07-29T09:38:45Z,2026-07-29T09:47:07Z,502,eb27b1ee655d7ecec3428530aa06a5fa48fb3850
90538470429,30439216622,clang-tidy,clang-tidy,completed,success,2026-07-29T09:39:30Z,2026-07-29T09:47:24Z,474,c40e7c5eb4425abd98e185bbe4ea7313159df665
91624272743,30794294132,clang-tidy,clang-tidy,completed,success,2026-08-03T07:36:54Z,2026-08-03T07:46:54Z,600,9c1f8549105ef0381640ca6c658567464016c77f
91595522341,30784549990,clang-tidy,clang-tidy,completed,success,2026-08-03T04:28:51Z,2026-08-03T04:36:44Z,473,a650d1a8e2b1d3970e3966fc6a6cc0eb05e79fd2
91574428168,30777057276,clang-tidy,clang-tidy,completed,success,2026-08-03T01:31:19Z,2026-08-03T01:39:36Z,497,6f54c2fa018d4d0a0179dc8759b23e805a4eb621
91569540623,30775293207,clang-tidy,clang-tidy,completed,success,2026-08-03T00:47:14Z,2026-08-03T00:55:43Z,509,877687a5279ab697ef39d493407bef7c337e241f
91569037938,30775112485,clang-tidy,clang-tidy,completed,success,2026-08-03T00:42:42Z,2026-08-03T00:51:07Z,505,54f105df3c09b36055c41a73074674a6d51332bb
92769283236,31147298286,clang-tidy,clang-tidy,completed,success,2026-08-07T04:24:08Z,2026-08-07T04:32:26Z,498,f8f3dff0f251585bbbc69348490a986203f18d6f
92743000233,31138441986,clang-tidy,clang-tidy,completed,success,2026-08-07T01:34:25Z,2026-08-07T01:42:52Z,507,ff450f2ca0f4709fc35c9f649b7841a5ac28531f
92741659948,31138002678,clang-tidy,clang-tidy,completed,cancelled,2026-08-07T01:26:12Z,2026-08-07T01:34:23Z,491,f923bbae71aaf3b6577d5e1d1baf33dcfe4cb006
92673575179,31118417314,clang-tidy,clang-tidy,completed,cancelled,2026-08-06T16:03:10Z,2026-08-06T16:18:11Z,901,1d4fd0e29adfcdcb58dd048c3231beed4c25c921
92666401520,31116214805,clang-tidy,clang-tidy,completed,failure,2026-08-06T15:31:39Z,2026-08-06T15:39:44Z,485,3ca35d099f38c763841f01f2ea2fce405ae0c805
92665486471,31115974754,clang-tidy,clang-tidy,completed,success,2026-08-06T15:28:13Z,2026-08-06T15:36:56Z,523,7d372fe895c93e9cc47f8bca096bd757f7733604
92665402924,31115950384,clang-tidy,clang-tidy,completed,cancelled,2026-08-06T15:27:52Z,2026-08-06T15:31:28Z,216,21befbee47e85fc2050591279cbdc8f45ca2f4e5
92659486740,31114212596,clang-tidy,clang-tidy,completed,failure,2026-08-06T15:06:13Z,2026-08-06T15:14:10Z,477,cbaeb4022c7609b54cb26b80b17fe0010e487037
92655042474,31112913739,clang-tidy,clang-tidy,completed,success,2026-08-06T14:51:14Z,2026-08-06T15:00:52Z,578,be20b36667798f0cd02f78ae4e17da476899403a
92638960095,31108230677,clang-tidy,clang-tidy,completed,success,2026-08-06T13:55:37Z,2026-08-06T14:03:30Z,473,d45d28c351f9999f125b48146ebf97e61b0a76ff
92638725728,31108187591,clang-tidy,clang-tidy,completed,cancelled,2026-08-06T13:54:46Z,2026-08-06T13:55:34Z,48,61d62ef04dc07dbc67a386ec12402c3c142b7c58
92631250025,31106012058,clang-tidy,clang-tidy,completed,success,2026-08-06T13:27:42Z,2026-08-06T13:36:22Z,520,4298311e2876ba09bf759d8f5a63c671a2ab653d
92621669739,31103202413,clang-tidy,clang-tidy,completed,success,2026-08-06T12:51:13Z,2026-08-06T12:59:30Z,497,e1c9da31df1dddd9a9ed1fcfdd03fc7c83f2d15e
92590725811,31093772000,clang-tidy,clang-tidy,completed,success,2026-08-06T10:34:15Z,2026-08-06T10:41:59Z,464,8824ae64f6891eb74ea01f418ded0561bce25470
92586823404,31092561762,clang-tidy,clang-tidy,completed,success,2026-08-06T10:16:20Z,2026-08-06T10:24:38Z,498,603df5abaa7882577ab316e26695118814961f70
92586007942,31092306072,clang-tidy,clang-tidy,completed,cancelled,2026-08-06T10:12:41Z,2026-08-06T10:16:18Z,217,fe295d77dbf7ef6234997c1de8fc588d6b6de0a3
92584693850,31091900612,clang-tidy,clang-tidy,completed,cancelled,2026-08-06T10:06:45Z,2026-08-06T10:12:38Z,353,d73f042f256898db1cbcfd12b1363772361b9b98
92583412992,31091523691,clang-tidy,clang-tidy,completed,cancelled,2026-08-06T10:01:14Z,2026-08-06T10:06:43Z,329,ae5865a400c205bc0287fd5b6d761b5c5488e16f
92582638093,31091266763,clang-tidy,clang-tidy,completed,success,2026-08-06T09:57:53Z,2026-08-06T10:05:54Z,481,ae5865a400c205bc0287fd5b6d761b5c5488e16f
92582353492,31091199697,clang-tidy,clang-tidy,completed,cancelled,2026-08-06T09:56:35Z,2026-08-06T09:57:47Z,72,ea9bfccad319c1d58c0700ac35046f780445905f
92570823478,31087648921,clang-tidy,clang-tidy,completed,success,2026-08-06T09:05:58Z,2026-08-06T09:14:02Z,484,56271d56179c5728c953d9a0bf509cd5c0485c06
92563392642,31085350937,clang-tidy,clang-tidy,completed,success,2026-08-06T08:33:02Z,2026-08-06T08:39:53Z,411,54fdfa86b6f924718cff0635e22af9ffc2d0db5f
92555754532,31082949979,clang-tidy,clang-tidy,completed,success,2026-08-06T07:57:56Z,2026-08-06T08:05:22Z,446,44188a528959383df73471ec224b6289fa623513
92553365429,31082209298,clang-tidy,clang-tidy,completed,success,2026-08-06T07:46:26Z,2026-08-06T07:55:01Z,515,1fe3441a370320035abaf8e455e1523961f23bc0
92543424928,31079052590,clang-tidy,clang-tidy,completed,success,2026-08-06T06:56:56Z,2026-08-06T07:05:58Z,542,a999c011daaa6e629ef9c726cf4a800a43acb0ac
92514183820,31069474113,clang-tidy,clang-tidy,completed,success,2026-08-06T03:48:54Z,2026-08-06T03:57:10Z,496,9a29eb4f02bac5a6cbe8c4df5d59bd6572551fff
92432494576,31043259090,clang-tidy,clang-tidy,completed,success,2026-08-05T20:15:59Z,2026-08-05T20:25:03Z,544,59ba803db8898f0a2b89aaf1741bdefe62c94533
92401922259,31034153456,clang-tidy,clang-tidy,completed,success,2026-08-05T18:19:12Z,2026-08-05T18:27:52Z,520,3e85ef5b5297973a7e3608d0bfc182673f6d4ace
92394192113,31031831796,clang-tidy,clang-tidy,completed,success,2026-08-05T17:49:54Z,2026-08-05T17:57:32Z,458,7c6e9b2943f7bb5732023258f9d765ccd133af86
92387027909,31029717110,clang-tidy,clang-tidy,completed,success,2026-08-05T17:22:32Z,2026-08-05T17:32:19Z,587,09f555aeed5673d20eda440c895911a8acf12fad
92380176592,31027674613,clang-tidy,clang-tidy,completed,success,2026-08-05T16:56:50Z,2026-08-05T17:04:52Z,482,7cc81c9a0084796df9a6fb6a0fc0944152b67626
92373056719,31025584784,clang-tidy,clang-tidy,completed,success,2026-08-05T16:30:22Z,2026-08-05T16:39:03Z,521,91fad37a520a863d2c0a8f47c29ec9824ee5a619
92372510351,31025427352,clang-tidy,clang-tidy,completed,success,2026-08-05T16:28:37Z,2026-08-05T16:37:15Z,518,74ff8571fca98ea37697e6364990f4b4a2107af2
92357346308,31020994777,clang-tidy,clang-tidy,completed,success,2026-08-05T15:34:43Z,2026-08-05T15:43:16Z,513,aacdf231b84a00f11552e2fd08d717c1da93ab6c
92356553685,31020763474,clang-tidy,clang-tidy,completed,success,2026-08-05T15:31:56Z,2026-08-05T15:41:38Z,582,aa42afa48b6690222d44099fc7e187ab605a38d6
92351839776,31019390704,clang-tidy,clang-tidy,completed,success,2026-08-05T15:15:46Z,2026-08-05T15:24:12Z,506,7af563910d6a6cfc1fe83c9d4b97f795bfbec348
92351502395,31019289488,clang-tidy,clang-tidy,completed,success,2026-08-05T15:14:38Z,2026-08-05T15:23:26Z,528,665de4200aa97486aa0d843d561a30d8814303e8
92349177819,31018611381,clang-tidy,clang-tidy,completed,success,2026-08-05T15:06:37Z,2026-08-05T15:14:28Z,471,d1226b3baa4cc8fb767d3c7e4b0d1061d8259ec8
92220033196,30979281486,clang-tidy,clang-tidy,completed,success,2026-08-05T05:49:10Z,2026-08-05T05:57:12Z,482,93a76893e1f89c073b099172b8d92b63559024bf
92207994965,30975317561,clang-tidy,clang-tidy,completed,success,2026-08-05T04:30:13Z,2026-08-05T04:38:45Z,512,9d750adb52167c7488a4f1ca9ae9fec7cc38d721
92199864822,30972564608,clang-tidy,clang-tidy,completed,success,2026-08-05T03:32:42Z,2026-08-05T03:41:48Z,546,121e8ac896837f5e31f122d086eb3ab7f7f2a0d7
92199712921,30972512849,clang-tidy,clang-tidy,completed,failure,2026-08-05T03:31:40Z,2026-08-05T03:40:05Z,505,13ae08f1fc13bdea7dd42ce293daaa5fc6c958ec
92185085611,30967680660,clang-tidy,clang-tidy,completed,success,2026-08-05T01:52:34Z,2026-08-05T02:01:10Z,516,643dd20bdddd58fac6098408d1f83861ae29f4ba
92183538538,30967171351,clang-tidy,clang-tidy,completed,success,2026-08-05T01:42:14Z,2026-08-05T01:50:16Z,482,36de2eac257a3181fd914917a170146149824ec3
92162364120,30960241341,clang-tidy,clang-tidy,completed,failure,2026-08-04T23:30:52Z,2026-08-04T23:39:08Z,496,3d00943864513982c3de4a3b3e824cd550bc3f26
92162213324,30960190035,clang-tidy,clang-tidy,completed,success,2026-08-04T23:30:04Z,2026-08-04T23:37:57Z,473,1da65ecfb76c23b65b57c9ffcf6a4913d780129e
92152829203,30957168124,clang-tidy,clang-tidy,completed,success,2026-08-04T22:38:48Z,2026-08-04T22:47:22Z,514,abd1bc24514133aa60c630ed2cc0d36eca707a57
92152663631,30957115816,clang-tidy,clang-tidy,completed,failure,2026-08-04T22:37:57Z,2026-08-04T22:46:03Z,486,fba2ac76ec921a17a9379f3e3dc6230cb40f01c0
92151001776,30956592661,clang-tidy,clang-tidy,completed,success,2026-08-04T22:29:38Z,2026-08-04T22:38:15Z,517,119ff8ff33d5a36fe0f92ee73a067e572230d747
92145802119,30954986409,clang-tidy,clang-tidy,completed,success,2026-08-04T22:04:53Z,2026-08-04T22:14:00Z,547,884af81fc169a306e04e621c53f618a3cb0cf948
92145379934,30954855396,clang-tidy,clang-tidy,completed,failure,2026-08-04T22:02:55Z,2026-08-04T22:11:49Z,534,509c3c3622c680dbc839951a0f4d86aa8d67f7a0
92144799549,30954671967,clang-tidy,clang-tidy,completed,success,2026-08-04T22:00:18Z,2026-08-04T22:09:38Z,560,950e59beb5aa693985699634a7687173cc2473df
92144854340,30954668103,clang-tidy,clang-tidy,completed,success,2026-08-04T22:00:31Z,2026-08-04T22:08:05Z,454,77811a54568f1be364d941326b49200d17ed7a98
92144781805,30954666067,clang-tidy,clang-tidy,completed,success,2026-08-04T22:00:14Z,2026-08-04T22:08:31Z,497,1215647dd6f62b2c5c9ca69ef232de78a375c709
92144533654,30954589029,clang-tidy,clang-tidy,completed,success,2026-08-04T21:59:05Z,2026-08-04T22:07:30Z,505,a8f77b5b90fd8490071c57466b1ebc2706e05fcf
92144271332,30954509134,clang-tidy,clang-tidy,completed,cancelled,2026-08-04T21:57:52Z,2026-08-04T22:00:29Z,157,dbac8e8bdceadaa20cbdb57b959be783508a1716
92117789027,30946531158,clang-tidy,clang-tidy,completed,failure,2026-08-04T20:09:04Z,2026-08-04T20:17:17Z,493,e1b146ce26734a66bcad8205d55955721c91f8f0
92117885123,30946412634,clang-tidy,clang-tidy,completed,success,2026-08-04T20:09:29Z,2026-08-04T20:17:58Z,509,384af197bde6aa79d3d554c19ac10048b7906c30
92103942452,30942433548,clang-tidy,clang-tidy,completed,success,2026-08-04T19:15:25Z,2026-08-04T19:25:17Z,592,03267b1f335bf0c7a9b45b7b87310d893da81240
92103687580,30942355480,clang-tidy,clang-tidy,completed,failure,2026-08-04T19:14:29Z,2026-08-04T19:22:46Z,497,6d6ba327c6bc9bf653ec430bf3ae272e85bc462a
92097813853,30940640046,clang-tidy,clang-tidy,completed,success,2026-08-04T18:52:21Z,2026-08-04T19:00:16Z,475,6be0677fc22e74563e6eb472f931513aefe5648d
92075819337,30934121624,clang-tidy,clang-tidy,completed,failure,2026-08-04T17:29:17Z,2026-08-04T17:37:42Z,505,95c3f3fc0b2b00decb70b69d49ea73b1684c665d
92069566930,30932258765,clang-tidy,clang-tidy,completed,success,2026-08-04T17:05:22Z,2026-08-04T17:14:01Z,519,49edaa917b863e4552f5f7e138225b993c406f34
92056848934,30928483789,clang-tidy,clang-tidy,completed,failure,2026-08-04T16:18:26Z,2026-08-04T16:26:59Z,513,fb636b2d9f357a91b495395cc655cbacc2332db5
91965682031,30901209308,clang-tidy,clang-tidy,completed,failure,2026-08-04T10:34:32Z,2026-08-04T10:43:22Z,530,d72c9bb37d05fdcfb32a522bf1a734770ef4ad9f
91919361513,30886688323,clang-tidy,clang-tidy,completed,success,2026-08-04T07:09:28Z,2026-08-04T07:18:44Z,556,9b94db4ff93b901f2242884b90e5a5d5c83a9009
91885737742,30875399442,clang-tidy,clang-tidy,completed,success,2026-08-04T03:40:00Z,2026-08-04T03:47:49Z,469,528cbdb577ac20a734d808be72451a107ad7fd89
91875965456,30872078955,clang-tidy,clang-tidy,completed,failure,2026-08-04T02:32:16Z,2026-08-04T02:40:42Z,506,b1089e4f71b18da89883ffeb4a41686c3b036a3e
91855676171,30865287275,clang-tidy,clang-tidy,completed,success,2026-08-04T00:21:02Z,2026-08-04T00:29:10Z,488,18a44ebe7dce191db2ed3bf8daa9c0c33e8687cb
91772026922,30839254717,clang-tidy,clang-tidy,completed,failure,2026-08-03T18:00:01Z,2026-08-03T18:07:55Z,474,e87025f8043f1a42ff78304a2981eaa663a2eda7
91771932542,30839231898,clang-tidy,clang-tidy,completed,cancelled,2026-08-03T17:59:38Z,2026-08-03T17:59:59Z,21,9ae72779ba54e7e4374ebd178bd338085d83a032
91770187680,30838706597,clang-tidy,clang-tidy,completed,success,2026-08-03T17:52:36Z,2026-08-03T18:00:33Z,477,63af0dc6928ef1334d201508a853e5ba47f582e9
91757210007,30834790583,clang-tidy,clang-tidy,completed,failure,2026-08-03T17:00:48Z,2026-08-03T17:09:57Z,549,5a1600c5612e65913512d751674d9be817d78c2e
91760227477,30834438024,clang-tidy,clang-tidy,completed,failure,2026-08-03T17:12:43Z,2026-08-03T17:21:00Z,497,777e8da3afaaf37a05ccd707c3e7b9819e50fc9b
91755969531,30834391449,clang-tidy,clang-tidy,completed,failure,2026-08-03T16:55:59Z,2026-08-03T17:03:54Z,475,129e00fe67627992f335fc9c8818b5091bb3537f
91754369950,30833932617,clang-tidy,clang-tidy,completed,cancelled,2026-08-03T16:49:43Z,2026-08-03T16:55:56Z,373,9fc5491ee2310e1ca9c5a37150ec317713c62b8f
91754275376,30833903833,clang-tidy,clang-tidy,completed,failure,2026-08-03T16:49:21Z,2026-08-03T16:57:57Z,516,787b6b19f31e3932ab9b8fc93362df762418f040
91754080049,30833848267,clang-tidy,clang-tidy,completed,failure,2026-08-03T16:48:38Z,2026-08-03T16:56:31Z,473,8a233665bdf1dffd612d4726a140d4fffc2acc35
91753641794,30833717608,clang-tidy,clang-tidy,completed,failure,2026-08-03T16:46:53Z,2026-08-03T16:53:34Z,401,fb4da4bb0fc95620f35d24e641d45408c0903423
91746424913,30831537427,clang-tidy,clang-tidy,completed,failure,2026-08-03T16:18:18Z,2026-08-03T16:26:07Z,469,1d50f8497e1c9646e795a2909a1e9495787ca990
91745156670,30831140698,clang-tidy,clang-tidy,completed,failure,2026-08-03T16:13:22Z,2026-08-03T16:22:26Z,544,f48b0cfbe63d0bc8b22f5889eb7dfbf7492bb1b2
91744953510,30831102076,clang-tidy,clang-tidy,completed,cancelled,2026-08-03T16:12:37Z,2026-08-03T16:13:20Z,43,67f0abc94e8a0e3d43666cb4166550e0e246faf2
91743875441,30830783411,clang-tidy,clang-tidy,completed,failure,2026-08-03T16:08:30Z,2026-08-03T16:17:24Z,534,97895421fe3520dd1de8468e6ace271fd710000c
91740978350,30829910980,clang-tidy,clang-tidy,completed,success,2026-08-03T15:57:28Z,2026-08-03T16:05:09Z,461,0458aefc5e0ca12fa53ece44baf10810d0b84e3a
91736635514,30828630578,clang-tidy,clang-tidy,completed,success,2026-08-03T15:40:54Z,2026-08-03T15:48:03Z,429,2a1e4d5d6ef4329778e955d2313bf1345cf59015
91735500834,30828299592,clang-tidy,clang-tidy,completed,success,2026-08-03T15:36:38Z,2026-08-03T15:44:57Z,499,82e4fd514a7ffe20f58348563dc5b295ecee0488
91733747118,30827780542,clang-tidy,clang-tidy,completed,success,2026-08-03T15:30:11Z,2026-08-03T15:37:21Z,430,4495ea12db9378c3ec7414c29ec8ab11cfb38552
91728580165,30826263769,clang-tidy,clang-tidy,completed,success,2026-08-03T15:10:58Z,2026-08-03T15:19:12Z,494,95fceefc0635a76407a682ec3e82f62c11a0c802
91728436263,30826224707,clang-tidy,clang-tidy,completed,cancelled,2026-08-03T15:10:22Z,2026-08-03T15:10:51Z,29,d356a8f89f91f6e56d8c0cc9b2de0b0eeeff88c8
91726367636,30825598144,clang-tidy,clang-tidy,completed,success,2026-08-03T15:03:02Z,2026-08-03T15:11:15Z,493,32056e0d8593d1dfdd14810b8cbd99d6872718ff
91726111150,30825545079,clang-tidy,clang-tidy,completed,success,2026-08-03T15:02:06Z,2026-08-03T15:11:00Z,534,42038efc7c3c3d1d34df237b00bd2831d666923b
91724791579,30825157539,clang-tidy,clang-tidy,completed,cancelled,2026-08-03T14:57:21Z,2026-08-03T15:02:59Z,338,5c86230f7ab9dd7ddf81b79a7118c209202ac67d
91716037243,30822608064,clang-tidy,clang-tidy,completed,success,2026-08-03T14:25:19Z,2026-08-03T14:33:12Z,473,b55794db29df33466532cd4658dfce08acbc4503
91715056468,30822317782,clang-tidy,clang-tidy,completed,success,2026-08-03T14:21:44Z,2026-08-03T14:30:44Z,540,319a08f97351695467ea7079ccc397c8e6283c6e
91714652604,30822201765,clang-tidy,clang-tidy,completed,success,2026-08-03T14:20:15Z,2026-08-03T14:28:32Z,497,977c8c95dbad4a4a7b5b32930a95b3bd75be5b72
91712808776,30821660038,clang-tidy,clang-tidy,completed,success,2026-08-03T14:13:26Z,2026-08-03T14:20:54Z,448,9b77becc02ea78db2eddbc9c3147b2c4662155f6
91708086500,30820254723,clang-tidy,clang-tidy,completed,success,2026-08-03T13:55:59Z,2026-08-03T14:04:31Z,512,04f2ec465d31fdce5851c7b7a004def46764310e
91687324632,30814042870,clang-tidy,clang-tidy,completed,success,2026-08-03T12:33:14Z,2026-08-03T12:41:28Z,494,2801ac7cb75570c2d0fc13b29f200382ccc5f7ab
91685135290,30813373917,clang-tidy,clang-tidy,completed,success,2026-08-03T12:23:25Z,2026-08-03T12:31:46Z,501,e27e5b37423b37b0634dc916bc61e37be2b7a1c0
91683351475,30812834047,clang-tidy,clang-tidy,completed,success,2026-08-03T12:15:23Z,2026-08-03T12:24:40Z,557,7e1874ba6ebaa3c0ffbc7b3bbd51e212358c4309
91678851401,30811432042,clang-tidy,clang-tidy,completed,success,2026-08-03T11:55:19Z,2026-08-03T12:04:22Z,543,cf61f3543bfa4bb65a51ab9a5f570aad2540b32b
91677756994,30811094072,clang-tidy,clang-tidy,completed,success,2026-08-03T11:50:15Z,2026-08-03T11:58:19Z,484,485cd0922ce0bc6a225115e0095f1d0ef747240b
91677661220,30811065234,clang-tidy,clang-tidy,completed,success,2026-08-03T11:49:49Z,2026-08-03T11:57:56Z,487,087f04d627e3fe3ae739e2ddd3fde7d8919ca0a4
91672349517,30809420408,clang-tidy,clang-tidy,completed,success,2026-08-03T11:24:42Z,2026-08-03T11:32:33Z,471,2f74b34686fff43e7476c88352bbb169389ba36c
91670494977,30808853208,clang-tidy,clang-tidy,completed,failure,2026-08-03T11:16:05Z,2026-08-03T11:23:38Z,453,e0f95676c9dffd36c50df9e9f6c55ac0835a4444
91670178001,30808755605,clang-tidy,clang-tidy,completed,success,2026-08-03T11:14:40Z,2026-08-03T11:23:25Z,525,96fcd9600d75398f60680a198ae24a7da02e0e0d
91662678769,30806386490,clang-tidy,clang-tidy,completed,success,2026-08-03T10:39:02Z,2026-08-03T10:46:53Z,471,c79afe9e4a13c32ef09e6c129b9f7ffa9c10319b
91661825674,30806117386,clang-tidy,clang-tidy,completed,cancelled,2026-08-03T10:34:54Z,2026-08-03T10:38:59Z,245,2cd248e8282c436a6c93ff5ed302df3701bfb577
91661490181,30806010747,clang-tidy,clang-tidy,completed,cancelled,2026-08-03T10:33:17Z,2026-08-03T10:34:52Z,95,c982975b72950ffb1ec947c51db87c1a467891a9
91661175225,30805928898,clang-tidy,clang-tidy,completed,cancelled,2026-08-03T10:31:47Z,2026-08-03T10:33:15Z,88,2109eff3b85d25984894751e4f1ad16063c8ccc3
91655298796,30804091676,clang-tidy,clang-tidy,completed,success,2026-08-03T10:04:54Z,2026-08-03T10:13:40Z,526,8f053c3fd8f8a1935ee38f9298b55b0134fe941b
91917077649,30802965776,clang-tidy,clang-tidy,completed,success,2026-08-04T06:58:49Z,2026-08-04T07:08:41Z,592,8ac720a8b4be7395563d40a350868960b8f87ad5
93217268652,31298197723,clang-tidy,clang-tidy,completed,success,2026-08-09T07:59:30Z,2026-08-09T08:07:08Z,458,ae3a29b04b1a21a84b1e99b7dc67232ee9e75ab2
93193619444,31293100581,clang-tidy,clang-tidy,completed,success,2026-08-09T03:45:40Z,2026-08-09T03:53:57Z,497,20c3be4fd6b57275f40d80a6629c17c8d9a109a3
93193446365,31293035577,clang-tidy,clang-tidy,completed,success,2026-08-09T03:43:52Z,2026-08-09T03:51:38Z,466,ec4e255ed6e9a2b0008d839a17190db6c3a8e86e
93193379836,31293010653,clang-tidy,clang-tidy,completed,success,2026-08-09T03:43:11Z,2026-08-09T03:49:38Z,387,f391b0f65a198ef9eac270ca2c6b55d31bb9e45d
93191719245,31292404593,clang-tidy,clang-tidy,completed,success,2026-08-09T03:25:49Z,2026-08-09T03:35:54Z,605,1d320a10146cd5ad132139e0955dded3b596ae03
93190932000,31292108632,clang-tidy,clang-tidy,completed,success,2026-08-09T03:17:02Z,2026-08-09T03:24:47Z,465,35464cdab73c76659d298d643a52379d31b923d0
93103117192,31257530896,clang-tidy,clang-tidy,completed,success,2026-08-08T12:34:02Z,2026-08-08T12:42:57Z,535,e6fa12024e37d329353fc2560c8e36427ad9f9f1
93101672822,31256953978,clang-tidy,clang-tidy,completed,success,2026-08-08T12:19:00Z,2026-08-08T12:27:55Z,535,8c2aa9b326ae291eb05a61654211183b93e9ac4c
93098948499,31255833090,clang-tidy,clang-tidy,completed,success,2026-08-08T11:49:24Z,2026-08-08T11:57:16Z,472,856b349cc49999190a356ae390e0a4eac7743979
93098790474,31255774233,clang-tidy,clang-tidy,completed,cancelled,2026-08-08T11:47:37Z,2026-08-08T11:49:22Z,105,c253052ff380f0e40fe15c29303dbdc73240881a
93093843431,31253709395,clang-tidy,clang-tidy,completed,success,2026-08-08T10:51:55Z,2026-08-08T10:59:45Z,470,a53bbc07b9d8eea454c9b6de6233f7e81ed9cc4d
93093798729,31253689978,clang-tidy,clang-tidy,completed,success,2026-08-08T10:51:26Z,2026-08-08T10:59:03Z,457,0dd7987d73780e1801691e7465b63288a8bcab2b
93090875520,31252489287,clang-tidy,clang-tidy,completed,success,2026-08-08T10:18:17Z,2026-08-08T10:27:22Z,545,16dc9403c4d99c3db8441bdfff1a9b47997e3d42
93090463692,31252308153,clang-tidy,clang-tidy,completed,success,2026-08-08T10:13:42Z,2026-08-08T10:21:45Z,483,274257f4895a900332cdfc95da3b1f7774ff4f90
93090276430,31252245414,clang-tidy,clang-tidy,completed,cancelled,2026-08-08T10:11:40Z,2026-08-08T10:13:40Z,120,969e80e02663e27829218a0b4ee7e3b9d32a1e96
93089181429,31251802193,clang-tidy,clang-tidy,completed,success,2026-08-08T09:59:52Z,2026-08-08T10:08:24Z,512,2703e5c61793ba103e4c9dec9592be1edf674c4d
93087260580,31251005446,clang-tidy,clang-tidy,completed,success,2026-08-08T09:38:10Z,2026-08-08T09:46:45Z,515,bb46953189993a5a0d11f4a6b6802f419a05d031
93071215494,31244687845,clang-tidy,clang-tidy,completed,success,2026-08-08T06:46:48Z,2026-08-08T06:55:18Z,510,31782da3b7a1d186370fabb10c4f534ac0933f72
93071175298,31244672744,clang-tidy,clang-tidy,completed,success,2026-08-08T06:46:23Z,2026-08-08T06:53:59Z,456,4698c6ae6e2551b7981046d45f2f21de16d5210f
93071143607,31244661271,clang-tidy,clang-tidy,completed,success,2026-08-08T06:46:03Z,2026-08-08T06:54:43Z,520,926c9fe96614ab87e1ae80ec2aef62e4780bfe14
93070194725,31244283240,clang-tidy,clang-tidy,completed,success,2026-08-08T06:35:59Z,2026-08-08T06:43:53Z,474,b062c05c8b4f716cd867cda46b63f68310122590
93064965854,31242213238,clang-tidy,clang-tidy,completed,success,2026-08-08T05:40:33Z,2026-08-08T05:48:58Z,505,a657500914f20b42e7ad830e08a3dca342fc9c28
93061560080,31240889175,clang-tidy,clang-tidy,completed,success,2026-08-08T05:05:18Z,2026-08-08T05:13:16Z,478,5b0630e849889deeadb903afe61ecba0221115ab
93060844839,31240619498,clang-tidy,clang-tidy,completed,cancelled,2026-08-08T04:57:43Z,2026-08-08T05:05:16Z,453,90a8187d60d9c29a2e3553502610c18dc7a5c6c6
93057600966,31239369205,clang-tidy,clang-tidy,completed,success,2026-08-08T04:24:29Z,2026-08-08T04:32:44Z,495,de8115605675287f02a402f23a026eb076a1cda7
93031114064,31229762050,clang-tidy,clang-tidy,completed,success,2026-08-08T00:19:20Z,2026-08-08T00:27:01Z,461,94baa442285c2e0b064a55a77c40b2fb14871e29
93008222065,31221949368,clang-tidy,clang-tidy,completed,success,2026-08-07T21:56:14Z,2026-08-07T22:04:53Z,519,3d327127f0f0a3bd50b69a77f6d5c6b7fb6e5acf
93005988656,31221210939,clang-tidy,clang-tidy,completed,failure,2026-08-07T21:44:37Z,2026-08-07T21:52:20Z,463,ec5edfcabb8414adbb0e45344424bb983ce8a7bd
92987413788,31215327980,clang-tidy,clang-tidy,completed,success,2026-08-07T20:19:06Z,2026-08-07T20:27:29Z,503,aeca076e722f6b1fa7c5ee4ac8c44f6dfe2faac9
92984147186,31214294414,clang-tidy,clang-tidy,completed,success,2026-08-07T20:05:16Z,2026-08-07T20:14:27Z,551,4152ebf8fbc53f372c4067295d21b53aae3056d2
92982308832,31213732418,clang-tidy,clang-tidy,completed,cancelled,2026-08-07T19:57:24Z,2026-08-07T20:05:10Z,466,9b030e1df301f0d2894758b9145caa14c3bee3c5
92967160439,31209026955,clang-tidy,clang-tidy,completed,failure,2026-08-07T18:53:58Z,2026-08-07T19:02:02Z,484,3ccf4a946bff09c596376a984bcdc91ee90484f9
92965666216,31208594741,clang-tidy,clang-tidy,completed,cancelled,2026-08-07T18:47:52Z,2026-08-07T18:53:56Z,364,fa41fcb62a0abd5acfca27dbd079e48155149248
92945387569,31202435951,clang-tidy,clang-tidy,completed,failure,2026-08-07T17:28:14Z,2026-08-07T17:29:21Z,67,17b5c357b6ef70500950074e88eeaafddc58131d
92934039334,31198964821,clang-tidy,clang-tidy,completed,success,2026-08-07T16:43:53Z,2026-08-07T16:52:06Z,493,e5a5156a8218181715f68a0f59cf00ec312c4a44
92931457454,31198181927,clang-tidy,clang-tidy,completed,failure,2026-08-07T16:34:01Z,2026-08-07T16:36:25Z,144,67877dd38da3d5d90bc3327150cb8778387b451a
92922544302,31195486981,clang-tidy,clang-tidy,completed,success,2026-08-07T16:00:56Z,2026-08-07T16:08:52Z,476,48ca9e17e87c8ef09a830f1d2865c81c1e7afad2
92913642987,31192822107,clang-tidy,clang-tidy,completed,success,2026-08-07T15:29:03Z,2026-08-07T15:37:41Z,518,10a559e633ff636c54caf94943f1f2e453fb0737
92912545657,31192500295,clang-tidy,clang-tidy,completed,success,2026-08-07T15:25:14Z,2026-08-07T15:33:18Z,484,2899af66d474fcd367fd4c264b6ed91b15c2f97d
92913778664,31178661095,clang-tidy,clang-tidy,completed,success,2026-08-07T15:29:32Z,2026-08-07T15:37:51Z,499,48896f7c70a8a23203d3961f34d3140f0cb2a9fa
92836292708,31168998520,clang-tidy,clang-tidy,completed,success,2026-08-07T10:10:37Z,2026-08-07T10:19:32Z,535,d4da52832bec1379aa7989656d9f16cbca7b193b
92827877883,31166328126,clang-tidy,clang-tidy,completed,success,2026-08-07T09:32:36Z,2026-08-07T09:40:40Z,484,92c53b11a4f35b83a9d768b116c05fd4037541ce
92797984783,31156810299,clang-tidy,clang-tidy,completed,success,2026-08-07T07:13:23Z,2026-08-07T07:21:03Z,460,0b1680b0debc511a13d808e4111865333353a5ff
92793770991,31154517036,clang-tidy,clang-tidy,completed,failure,2026-08-07T06:51:26Z,2026-08-07T07:00:36Z,550,289692430ea996fc4b98a1f714173b72b98abdcf
93345615296,31352429768,clang-tidy,clang-tidy,completed,success,2026-08-10T03:22:47Z,2026-08-10T03:30:01Z,434,50d26fb6cf776c539aac5b4b129c3d8a119cbfec
93324596749,31344780751,clang-tidy,clang-tidy,completed,success,2026-08-10T00:33:43Z,2026-08-10T00:40:24Z,401,1e58fd5ec22827961da788acc9ee3a6fb0c8467b
93299071237,31334911524,clang-tidy,clang-tidy,completed,success,2026-08-09T20:42:00Z,2026-08-09T20:49:49Z,469,bef566358296a8eff5ddcfd2eb34b1bd09a7901b
93599733372,31432728854,clang-tidy,clang-tidy,completed,success,2026-08-10T21:12:15Z,2026-08-10T21:19:55Z,460,ba1e26b1aec31a4fcda8c58f34914f0a1f3a932f
93599591566,31432684314,clang-tidy,clang-tidy,completed,success,2026-08-10T21:11:38Z,2026-08-10T21:19:30Z,472,995642fced88c5ba19aa07670a6f3dc182a603f4
93596408942,31431701336,clang-tidy,clang-tidy,completed,success,2026-08-10T20:59:24Z,2026-08-10T21:06:01Z,397,6c7af12aaef8d6fee0d6aefca42b25dbf16486c0
93582367623,31427438256,clang-tidy,clang-tidy,completed,success,2026-08-10T20:07:01Z,2026-08-10T20:13:37Z,396,98ad67cba33786e60a4874c76923fd2affe87c92
93572137749,31424269642,clang-tidy,clang-tidy,completed,success,2026-08-10T19:28:36Z,2026-08-10T19:35:12Z,396,f7b15e9d8d1a83a653864eb529241526d9d22e85
93503622755,31403371256,clang-tidy,clang-tidy,completed,success,2026-08-10T15:24:07Z,2026-08-10T15:32:51Z,524,9969eea1ee016348668499172cf30790e6223ed0
93466981507,31392388932,clang-tidy,clang-tidy,completed,success,2026-08-10T13:20:24Z,2026-08-10T13:27:11Z,407,3f11fc7bd3924140175fb268954cbd5feaff4ef0
93452083745,31387784874,clang-tidy,clang-tidy,completed,success,2026-08-10T12:23:29Z,2026-08-10T12:30:44Z,435,df82ebc6fae4d5172b7a3e4fd210130a0d90ef33
93451996900,31387757902,clang-tidy,clang-tidy,completed,success,2026-08-10T12:23:09Z,2026-08-10T12:30:51Z,462,b9b4931fa1c212439d849f11c3c724ee48bc610c
93445820472,31385805250,clang-tidy,clang-tidy,completed,success,2026-08-10T11:57:35Z,2026-08-10T12:05:16Z,461,ccdcf6d1ff8dd18654e6360aa1a24beab8d52914
93444337610,31385321941,clang-tidy,clang-tidy,completed,success,2026-08-10T11:51:08Z,2026-08-10T11:57:49Z,401,2ebb895d5456dcf94f72eb9433b5810a9d19f12f
93443562899,31385072487,clang-tidy,clang-tidy,completed,success,2026-08-10T11:47:43Z,2026-08-10T11:54:42Z,419,42caf762af7f7a237db52b56ec1a6619a50fcb68
93442198944,31384631587,clang-tidy,clang-tidy,completed,success,2026-08-10T11:41:46Z,2026-08-10T11:49:09Z,443,129b9d4148d194ebabe129e720fcb47037de221e
93441065706,31384266964,clang-tidy,clang-tidy,completed,success,2026-08-10T11:36:44Z,2026-08-10T11:43:24Z,400,39501e282d0741f766a77fe9d2a4eccc5f048008
94594434368,31714915386,clang-tidy,clang-tidy,completed,success,2026-08-13T21:06:42Z,2026-08-13T21:15:02Z,500,a14f20fd47c7bd4915023a443c832c9584f93b89
94360132228,31672564624,clang-tidy,clang-tidy,completed,success,2026-08-13T06:05:24Z,2026-08-13T06:13:05Z,461,cf26e7ee2b6bb3f9cc207af15f479c53822a58c5
94360058284,31672543263,clang-tidy,clang-tidy,completed,cancelled,2026-08-13T06:05:01Z,2026-08-13T06:05:21Z,20,9a669654f5d483328de1034310669699cb593939
94594501489,31649787085,clang-tidy,clang-tidy,completed,success,2026-08-13T21:07:01Z,2026-08-13T21:14:52Z,471,a4609a44152a1e020e3fdb73c69381e3c9b5f119
94258976687,31639750342,clang-tidy,clang-tidy,completed,success,2026-08-12T20:51:46Z,2026-08-12T20:59:31Z,465,62128efef885298099d96078f705c7f97a7c861d
94132349101,31602249476,clang-tidy,clang-tidy,completed,success,2026-08-12T13:36:13Z,2026-08-12T13:43:27Z,434,8bd4ddc60e07d7582d84a53cc74170a3f1365853
94094045172,31590484924,clang-tidy,clang-tidy,completed,success,2026-08-12T11:07:59Z,2026-08-12T11:14:58Z,419,8f2423fca361a5cb9252b0df3414ed1484e13a3e
94087573243,31588434553,clang-tidy,clang-tidy,completed,success,2026-08-12T10:40:15Z,2026-08-12T10:47:10Z,415,f22328760af167a44e9b86ec27c076426b6682b4
94067523695,31582166739,clang-tidy,clang-tidy,completed,success,2026-08-12T09:16:36Z,2026-08-12T09:23:47Z,431,1820cba3a767d865f270686540bd85d842e59f35
94054742823,31578111461,clang-tidy,clang-tidy,completed,success,2026-08-12T08:23:30Z,2026-08-12T08:30:26Z,416,682ed40376ff06b117d1c21a132e2c662004878c
94049899469,31576562831,clang-tidy,clang-tidy,completed,success,2026-08-12T08:02:48Z,2026-08-12T08:09:30Z,402,7ae6a54b7439df0bb9f6cc01df71c401d44c4c05
93770753725,31488976633,clang-tidy,clang-tidy,completed,success,2026-08-11T11:57:46Z,2026-08-11T12:05:45Z,479,ce5688389e939a1798dbae02f0870de3f979de94
93768683888,31488310443,clang-tidy,clang-tidy,completed,success,2026-08-11T11:48:57Z,2026-08-11T11:55:45Z,408,2b1af2be50ae7bd76aa469323a4aa9c3caee7793
93759827918,31485500655,clang-tidy,clang-tidy,completed,success,2026-08-11T11:11:10Z,2026-08-11T11:19:15Z,485,4d04a9b88c8484604874cb9fd5587b39155410b8
93665796835,31454634913,clang-tidy,clang-tidy,completed,success,2026-08-11T03:11:02Z,2026-08-11T03:17:56Z,414,e5057122d5d503ea640ecdad495a600ce0848dd4
93634069009,31443925430,clang-tidy,clang-tidy,completed,success,2026-08-10T23:51:28Z,2026-08-10T23:58:28Z,420,6a1de3b746e42a0ce194ec27176699c4c160acbd
93629646554,31442400503,clang-tidy,clang-tidy,completed,success,2026-08-10T23:27:15Z,2026-08-10T23:34:17Z,422,5261bf581e4b92c15fbf53c8e01cc15725043125
93623551441,31440350981,clang-tidy,clang-tidy,completed,success,2026-08-10T22:56:20Z,2026-08-10T23:03:28Z,428,3c3ebc02c56c438d512f2d50ae29bfb6c9285e9e
93618728646,31438749952,clang-tidy,clang-tidy,completed,success,2026-08-10T22:32:55Z,2026-08-10T22:39:34Z,399,1eddf0558edba80ae1aac79c8a71277cfdc5959d
93615715961,31437779828,clang-tidy,clang-tidy,completed,success,2026-08-10T22:19:09Z,2026-08-10T22:25:55Z,406,0aa6e1a193cdb5760d61001089a416b865f95757
93610632632,31436159322,clang-tidy,clang-tidy,completed,success,2026-08-10T21:56:54Z,2026-08-10T22:04:53Z,479,24cd7ba792568817e15b48314ccc479bede8e0d2
93609245121,31435705097,clang-tidy,clang-tidy,completed,success,2026-08-10T21:50:54Z,2026-08-10T21:57:47Z,413,1d356c8d81fa36647206fe213a3225700d9fb13e
93604542107,31434209631,clang-tidy,clang-tidy,completed,success,2026-08-10T21:31:05Z,2026-08-10T21:37:33Z,388,bb8cfab3d7346da8390a652b938318aea3a225e4
94902029068,31842450812,clang-tidy,clang-tidy,completed,success,2026-08-14T21:26:47Z,2026-08-14T21:34:08Z,441,939e2b128165dbacde8fb83ca6cdf33388359bdc
94888806589,31838093023,clang-tidy,clang-tidy,completed,success,2026-08-14T20:28:59Z,2026-08-14T20:36:49Z,470,2020d8ba7d22ba037c5e8f533e12821c17cde821
94864728079,31830485038,clang-tidy,clang-tidy,completed,success,2026-08-14T18:49:55Z,2026-08-14T18:57:26Z,451,dc835a814855caf223c08fd1f722d16a4dfda0ff
94841584751,31823348777,clang-tidy,clang-tidy,completed,success,2026-08-14T17:18:09Z,2026-08-14T17:25:04Z,415,41bae5710e98d74c10f6bcc01bba5eb9e91c88c4
94841089347,31823198079,clang-tidy,clang-tidy,completed,success,2026-08-14T17:16:11Z,2026-08-14T17:23:38Z,447,15ff173305cfdf46057615ef31ba660207b0aceb
94840432299,31822991125,clang-tidy,clang-tidy,completed,success,2026-08-14T17:13:32Z,2026-08-14T17:21:00Z,448,fe3178e4b8f21515839d7e3fd2976e17ba98496e
94834382932,31821147828,clang-tidy,clang-tidy,completed,success,2026-08-14T16:49:53Z,2026-08-14T16:57:24Z,451,fa2fe73a5eee7cc3147b7a5d0c891a20900967e2
94830374419,31819901990,clang-tidy,clang-tidy,completed,success,2026-08-14T16:33:37Z,2026-08-14T16:40:39Z,422,69177b02ddf4c632c1f9780ec4d4f101b584dcd6
94817586624,31815962744,clang-tidy,clang-tidy,completed,success,2026-08-14T15:44:25Z,2026-08-14T15:50:48Z,383,b54644fe69ec968528636fa1fb5c2188a4ae18d2
94812565834,31814428259,clang-tidy,clang-tidy,completed,success,2026-08-14T15:25:45Z,2026-08-14T15:32:12Z,387,1fd8a5eff4fff0d4021d5073ae2176e27b175557
94810409479,31813752126,clang-tidy,clang-tidy,completed,success,2026-08-14T15:17:57Z,2026-08-14T15:25:08Z,431,8e0bc8e7d6c2fd4a276d4f36a9096b3f0263a452
94810183559,31813709210,clang-tidy,clang-tidy,completed,cancelled,2026-08-14T15:17:06Z,2026-08-14T15:17:52Z,46,57a52d912eb7781fb2df7e0c4384ac889343959e
94784966134,31806004266,clang-tidy,clang-tidy,completed,success,2026-08-14T13:43:00Z,2026-08-14T13:50:04Z,424,e556758aafa3ea98329e90a94dbd054a441528f5
94737085617,31790803820,clang-tidy,clang-tidy,completed,success,2026-08-14T10:05:52Z,2026-08-14T10:12:32Z,400,2f0609b664cce9492d58fba7a67425c410eb273c
94736250804,31790552009,clang-tidy,clang-tidy,completed,cancelled,2026-08-14T10:02:03Z,2026-08-14T10:05:48Z,225,c36f1810e8ce88bad041a61ed41cede6f537075f
94742865190,31786175176,clang-tidy,clang-tidy,completed,success,2026-08-14T10:33:17Z,2026-08-14T10:40:20Z,423,9783a854bb28a9662efa9d01c45a448f447879ee
94701934122,31779489030,clang-tidy,clang-tidy,completed,success,2026-08-14T07:19:36Z,2026-08-14T07:26:47Z,431,39f600f4caf6196dd831bfb496901acc4ba00124
94693703992,31776759148,clang-tidy,clang-tidy,completed,success,2026-08-14T06:34:29Z,2026-08-14T06:41:21Z,412,98b89f85bd4c4256e6285891d27822e6aa826b15
94677912526,31771395898,clang-tidy,clang-tidy,completed,success,2026-08-14T04:55:56Z,2026-08-14T05:04:11Z,495,fdfe28a1649a66439bc8cd71d6364c06dae9646a
94809845585,31753193456,clang-tidy,clang-tidy,completed,success,2026-08-14T15:15:52Z,2026-08-14T15:23:01Z,429,9c45e76f4d995de54621968f867db6e259951307
95115965022,31926976035,clang-tidy,clang-tidy,completed,success,2026-08-16T04:35:09Z,2026-08-16T04:42:59Z,470,562c2bac51c0822c2e30a0019e558a09228e4556
95115593326,31926821913,clang-tidy,clang-tidy,completed,success,2026-08-16T04:31:08Z,2026-08-16T04:38:17Z,429,bde53407c29e45bbea61871be9575a4b57c3fd93
95105939835,31923019779,clang-tidy,clang-tidy,completed,success,2026-08-16T02:55:44Z,2026-08-16T03:03:26Z,462,217c8a4d91f1f84148a5c4c31bb8fb380b47ac9a
95096851063,31919470841,clang-tidy,clang-tidy,completed,success,2026-08-16T01:23:54Z,2026-08-16T01:31:19Z,445,70fa276e30a1fa88a07ba100a659a94c6bba4980
95078734013,31912134392,clang-tidy,clang-tidy,completed,success,2026-08-15T22:26:30Z,2026-08-15T22:34:06Z,456,9c7b353974923c64380e4fad1d5d407b12b9f140
95062989091,31905692877,clang-tidy,clang-tidy,completed,success,2026-08-15T20:04:33Z,2026-08-15T20:11:39Z,426,7061d0d4c3fc740d259aa6e0831ef798ee8d7edf
95062013641,31905294061,clang-tidy,clang-tidy,completed,success,2026-08-15T19:55:56Z,2026-08-15T20:02:50Z,414,400318f87ed0dee6c1a04a17c617c547aef46aae
95054216338,31902055588,clang-tidy,clang-tidy,completed,success,2026-08-15T18:46:37Z,2026-08-15T18:53:59Z,442,a136252681cda8d09426f44a281630152ed94fc5
95038042612,31895481912,clang-tidy,clang-tidy,completed,success,2026-08-15T16:25:51Z,2026-08-15T16:32:43Z,412,dcd9eca1eebebe5180f7b97e07ec62684d783b91
95037858531,31895406295,clang-tidy,clang-tidy,completed,success,2026-08-15T16:24:14Z,2026-08-15T16:31:16Z,422,18d91259c6c96d8e94bffa2cd00ea55a6ab37b38
95037721037,31895350796,clang-tidy,clang-tidy,completed,success,2026-08-15T16:23:00Z,2026-08-15T16:29:51Z,411,1ff042476bf4cff8d66a6e03695c200e1ae9e4a2
95026546030,31890753125,clang-tidy,clang-tidy,completed,success,2026-08-15T14:44:38Z,2026-08-15T14:51:10Z,392,764a4280eee17cbb87e7abaebb4a46430857bce2
95025387306,31890267560,clang-tidy,clang-tidy,completed,success,2026-08-15T14:34:17Z,2026-08-15T14:41:22Z,425,4b37d8d2927b50e125ca2d1e4072acfd193884f2
94967036039,31865993709,clang-tidy,clang-tidy,completed,success,2026-08-15T05:03:35Z,2026-08-15T05:10:49Z,434,3e2cf56f5892a53f51ab603d70a5e46577807e9c
94965883565,31865523707,clang-tidy,clang-tidy,completed,success,2026-08-15T04:52:57Z,2026-08-15T05:00:24Z,447,83e26cb44c1f5c2be5578f97e01c8754dc64c316
94965492275,31865385246,clang-tidy,clang-tidy,completed,cancelled,2026-08-15T04:49:27Z,2026-08-15T04:52:51Z,204,3774c2222961bb32582d6c211223a6757685e4f6
94965011799,31865192113,clang-tidy,clang-tidy,completed,success,2026-08-15T04:44:55Z,2026-08-15T04:52:08Z,433,07e5d9552b07aeea9f1977217d27b2c00435e3a0
94963921988,31864755860,clang-tidy,clang-tidy,completed,success,2026-08-15T04:34:25Z,2026-08-15T04:42:03Z,458,45cdb723b6a9123fefeea4ba2e9d5e5c869cdc18
94957250492,31862135355,clang-tidy,clang-tidy,completed,success,2026-08-15T03:33:32Z,2026-08-15T03:41:05Z,453,4d291de3a73c17a547327012cc79aa720aa6349b
94954315174,31861012005,clang-tidy,clang-tidy,completed,success,2026-08-15T03:08:04Z,2026-08-15T03:15:04Z,420,559993b92f9fdbf8d1cf3da0d06eca621f6d7256
94953827882,31860838934,clang-tidy,clang-tidy,completed,success,2026-08-15T03:04:09Z,2026-08-15T03:11:30Z,441,a7dce11c2184abdb36241345b05f6b22bb07ba93
94917960416,31847906562,clang-tidy,clang-tidy,completed,success,2026-08-14T22:46:25Z,2026-08-14T22:53:18Z,413,a68254cfdfcb2e2d35b899e6ad83eb8d856dcb40
94916754570,31847481202,clang-tidy,clang-tidy,completed,success,2026-08-14T22:39:56Z,2026-08-14T22:47:47Z,471,826d0f50545cb679adb83519bfad1b437a49f38d
95277744197,31992249869,clang-tidy,clang-tidy,completed,success,2026-08-17T03:46:54Z,2026-08-17T03:53:54Z,420,b4cafa74e5ae7f012f53ef5c7b68ce5469278039
95265593028,31987756802,clang-tidy,clang-tidy,completed,success,2026-08-17T02:21:59Z,2026-08-17T02:28:38Z,399,948fef9bb7f098acf35eb8d99c3d3c1f0f58686b
95239101440,31977512181,clang-tidy,clang-tidy,completed,success,2026-08-16T22:51:58Z,2026-08-16T22:58:50Z,412,2114de27352549e2c4d72dd2886e162db3806f05
95178914292,31952839644,clang-tidy,clang-tidy,completed,success,2026-08-16T14:29:34Z,2026-08-16T14:37:27Z,473,0e4e6bfe77b99fa50f3985b85cec684f36a614d6
95178798316,31952806162,clang-tidy,clang-tidy,completed,cancelled,2026-08-16T14:28:35Z,2026-08-16T14:29:29Z,54,52b0e783d7936a7b83e52663e7a0686959ad0747
95162943286,31946387825,clang-tidy,clang-tidy,completed,success,2026-08-16T12:11:37Z,2026-08-16T12:18:25Z,408,fb8f31f01fde0a1c68ac1ed95f03b4acc011b7e4
95162949380,31946377706,clang-tidy,clang-tidy,completed,success,2026-08-16T12:11:41Z,2026-08-16T12:18:59Z,438,4be9b1189be9892793abc2f1f9c99a2962a80f19
95162775882,31946321483,clang-tidy,clang-tidy,completed,cancelled,2026-08-16T12:10:13Z,2026-08-16T12:11:36Z,83,df1aca5b12215ed24273f074ba9f211169bdc069
95159821736,31945123438,clang-tidy,clang-tidy,completed,success,2026-08-16T11:43:57Z,2026-08-16T11:50:49Z,412,688dcb0be049bc3ee2a558b95564ecc1b37f7b21
95159790518,31945110711,clang-tidy,clang-tidy,completed,success,2026-08-16T11:43:38Z,2026-08-16T11:51:51Z,493,216ba95cdf4c31bb353d7e39318a48837f9bfbdd
95301986145,32001288622,clang-tidy,clang-tidy,completed,success,2026-08-17T06:21:04Z,2026-08-17T06:28:11Z,427,e34a9006d79316929c47a65a10967db7612d75ee
95725746856,32141729171,clang-tidy,clang-tidy,completed,failure,2026-08-18T13:19:54Z,2026-08-18T13:27:06Z,432,bb59bbd2e14344fa876073ef4cac4d614b42759c
95712681210,32137670925,clang-tidy,clang-tidy,completed,success,2026-08-18T12:35:54Z,2026-08-18T12:42:44Z,410,4effc057f721569a98264bf82c512ce718e6eb6b
95702775757,32134557193,clang-tidy,clang-tidy,completed,success,2026-08-18T12:00:22Z,2026-08-18T12:08:10Z,468,6d237afa9d824f04b407bae09121ab934b7b6bbf
95698052322,32133004911,clang-tidy,clang-tidy,completed,success,2026-08-18T11:41:55Z,2026-08-18T11:48:57Z,422,f2f445c520314cce5ce733a74a3e4d9d7997e021
95693879090,32131645198,clang-tidy,clang-tidy,completed,success,2026-08-18T11:25:30Z,2026-08-18T11:32:37Z,427,53ca9323829240d3e5cf498cec202ea773f31a27
95687902810,32129702535,clang-tidy,clang-tidy,completed,success,2026-08-18T11:02:04Z,2026-08-18T11:08:49Z,405,8e69341294df072405bd241c7d8e1eda416fa0ce
95682903047,32128054784,clang-tidy,clang-tidy,completed,success,2026-08-18T10:42:14Z,2026-08-18T10:49:41Z,447,6185310d586b19f8851578c355bff38d0e5be034
95674690946,32125352388,clang-tidy,clang-tidy,completed,success,2026-08-18T10:10:06Z,2026-08-18T10:17:07Z,421,4b141f1a3783884647c1536b7a6606ae06680f86
95674372166,32125287266,clang-tidy,clang-tidy,completed,cancelled,2026-08-18T10:08:55Z,2026-08-18T10:10:01Z,66,92366a96e58fb77a56e9dfc0b46c8ccbc6fa9371
95669775724,32123785334,clang-tidy,clang-tidy,completed,success,2026-08-18T09:51:34Z,2026-08-18T09:59:03Z,449,6a5a9ee0f90055b16b45e16ede8676174934bc08
95657944761,32119948486,clang-tidy,clang-tidy,completed,success,2026-08-18T09:08:06Z,2026-08-18T09:15:48Z,462,7a3c463379357b10eaf8717b72572eda1aefa567
95657656730,32119880539,clang-tidy,clang-tidy,completed,cancelled,2026-08-18T09:07:02Z,2026-08-18T09:08:01Z,59,430cc97e3579021bc7976f639d4a89392ddeb0a3
95527790136,32075535101,clang-tidy,clang-tidy,completed,success,2026-08-17T22:20:13Z,2026-08-17T22:27:34Z,441,d38828265a49816ffaf90fadace96eb2696613b1
95527792599,32075536095,clang-tidy,clang-tidy,completed,success,2026-08-17T22:20:14Z,2026-08-17T22:27:36Z,442,352bd2120eb75f4a37f4b7b1b57687aa42b0a09b
95521017013,32073301261,clang-tidy,clang-tidy,completed,success,2026-08-17T21:52:30Z,2026-08-17T21:59:58Z,448,55ca0f4210a9a6ebf411e87373cf731bac254b99
95464803708,32055545871,clang-tidy,clang-tidy,completed,success,2026-08-17T18:34:39Z,2026-08-17T18:41:57Z,438,2e870ab6bd9bcb6f8d97db56ea2b36417ae85abe
95464462931,32055461204,clang-tidy,clang-tidy,completed,cancelled,2026-08-17T18:33:22Z,2026-08-17T18:34:34Z,72,7d95a878603915fe71a76cf203104697933b34ae
95459809048,32053989370,clang-tidy,clang-tidy,completed,success,2026-08-17T18:14:57Z,2026-08-17T18:22:02Z,425,8cb4aec3a0a14342e974cd5b10b9903237482098
95456332365,32052900215,clang-tidy,clang-tidy,completed,success,2026-08-17T18:01:00Z,2026-08-17T18:08:12Z,432,b6c1ef044c6d5b4713b6c6be4a5d2453f9b53186
95443077447,32048859933,clang-tidy,clang-tidy,completed,success,2026-08-17T17:06:36Z,2026-08-17T17:13:10Z,394,5aaf09bc06f00c143e02776e4857568d2a5f7013
95433240029,32045779267,clang-tidy,clang-tidy,completed,success,2026-08-17T16:28:43Z,2026-08-17T16:35:51Z,428,5871d0f9c1dd34935a9de20a3b37f8fef9122da6
95425499168,32042991045,clang-tidy,clang-tidy,completed,success,2026-08-17T15:39:49Z,2026-08-17T15:46:16Z,387,6e05100f77a3018fa179ddcae2ae84dd1f9c4d99
95413682083,32038567508,clang-tidy,clang-tidy,completed,success,2026-08-17T14:18:15Z,2026-08-17T14:25:55Z,460,17c437ead41024a961d6075533a5363490e7fd5c
95371201579,32024587866,clang-tidy,clang-tidy,completed,success,2026-08-17T11:22:09Z,2026-08-17T11:29:19Z,430,e882571858870096daa682e5594db8e44e3783e5
95369294630,32023960617,clang-tidy,clang-tidy,completed,success,2026-08-17T11:14:13Z,2026-08-17T11:22:26Z,493,fc8b0027f92b8c426ca81ddd04556afe8a75fd15
95366078780,32022866530,clang-tidy,clang-tidy,completed,success,2026-08-17T11:01:06Z,2026-08-17T11:08:17Z,431,a77bb712bf8dd41dbe1d70d3ef7c918f6addda40
95365843840,32022807306,clang-tidy,clang-tidy,completed,cancelled,2026-08-17T11:00:10Z,2026-08-17T11:01:02Z,52,68d680e7a51d7aa9ecc9fb2db6c29d7795f3ed52
95362032205,32021523371,clang-tidy,clang-tidy,completed,success,2026-08-17T10:43:48Z,2026-08-17T10:51:33Z,465,64f0315ad4cf353d684b19dd01a04550b9863701
95356383133,32019630794,clang-tidy,clang-tidy,completed,success,2026-08-17T10:19:41Z,2026-08-17T10:26:48Z,427,fc44844dc801223bb150311f101b809206fe1b65
96333719676,32338867543,clang-tidy,clang-tidy,completed,success,2026-08-20T06:16:03Z,2026-08-20T06:24:04Z,481,3f19866c322201909bfa0581fbe96138698d6d2a
96332756282,32338543487,clang-tidy,clang-tidy,completed,success,2026-08-20T06:11:25Z,2026-08-20T06:18:37Z,432,8b0d0b237376d45c449e2974715a25136ed954af
96330179076,32337644254,clang-tidy,clang-tidy,completed,success,2026-08-20T05:58:14Z,2026-08-20T06:05:13Z,419,11672c9518b05517223736246d4c6cd9e18a3426
96328224755,32336943406,clang-tidy,clang-tidy,completed,success,2026-08-20T05:47:27Z,2026-08-20T05:55:05Z,458,0b5258f97bfb9b40749014bdc51f0fbd51eb91a1
96326241587,32336214205,clang-tidy,clang-tidy,completed,success,2026-08-20T05:36:23Z,2026-08-20T05:43:41Z,438,5ff37b01f7d15b4286c89f18698515c5c39f35f0
96326225353,32336209410,clang-tidy,clang-tidy,completed,success,2026-08-20T05:36:18Z,2026-08-20T05:44:07Z,469,af0740aba71d02131bc0a4ad69e846aa09f0106e
96326197027,32336199734,clang-tidy,clang-tidy,completed,success,2026-08-20T05:36:09Z,2026-08-20T05:43:26Z,437,7a4496a4764905aef085d63065878857befa623f
96326171027,32336165086,clang-tidy,clang-tidy,completed,cancelled,2026-08-20T05:36:01Z,2026-08-20T05:36:19Z,18,e843eb13461659deda6032cf8b09070dee50f668
96325544271,32335985322,clang-tidy,clang-tidy,completed,cancelled,2026-08-20T05:32:33Z,2026-08-20T05:36:14Z,221,543ef1ad84da894794e61de2647482f80982023a
96325344382,32335913286,clang-tidy,clang-tidy,completed,success,2026-08-20T05:31:25Z,2026-08-20T05:38:21Z,416,6890804fcf24b08fb31e33579542ba1f7711b386
96325062245,32335810984,clang-tidy,clang-tidy,completed,cancelled,2026-08-20T05:29:54Z,2026-08-20T05:36:05Z,371,c07b818143a590df9043d66f1035aa374d8fe52b
96323993966,32335424031,clang-tidy,clang-tidy,completed,success,2026-08-20T05:23:57Z,2026-08-20T05:30:55Z,418,006d1bc6a5f0cffa05e941c689037db804da9716
96322862822,32335046447,clang-tidy,clang-tidy,completed,success,2026-08-20T05:17:35Z,2026-08-20T05:24:53Z,438,84dc9bf79ecbeef686a418ae65431fb90c34277d
96321627147,32334618431,clang-tidy,clang-tidy,completed,success,2026-08-20T05:10:58Z,2026-08-20T05:18:16Z,438,96318410d445a9a978adfc64e8671977e862cda6
96321230643,32334483322,clang-tidy,clang-tidy,completed,success,2026-08-20T05:08:49Z,2026-08-20T05:15:56Z,427,25534a12a106fff6fb7b322d98f85b880c19be4d
96320750097,32334272476,clang-tidy,clang-tidy,completed,success,2026-08-20T05:06:06Z,2026-08-20T05:12:56Z,410,d220a78a3c49a54982c5dc0e8524e871d329c237
96319288793,32333787266,clang-tidy,clang-tidy,completed,success,2026-08-20T04:57:50Z,2026-08-20T05:05:07Z,437,863d78e4dfeb48bdf20dec85c28bd3a906340c92
96317423734,32333120064,clang-tidy,clang-tidy,completed,success,2026-08-20T04:46:49Z,2026-08-20T04:53:38Z,409,11a1f50b9f80097e9c40ba28a077572e751e36e8
96316245129,32332699082,clang-tidy,clang-tidy,completed,success,2026-08-20T04:39:59Z,2026-08-20T04:46:42Z,403,480b5fe295ee2239650eff5c0db49820c485392f
96313126727,32331580441,clang-tidy,clang-tidy,completed,success,2026-08-20T04:21:24Z,2026-08-20T04:28:29Z,425,373c0d27c650e73edabba752bff7e5186d3e8fbd
96311553467,32331021395,clang-tidy,clang-tidy,completed,success,2026-08-20T04:12:47Z,2026-08-20T04:19:47Z,420,8ac509cd1ab6dac62ad7476692f00902a71d9533
96310851391,32330782439,clang-tidy,clang-tidy,completed,cancelled,2026-08-20T04:08:49Z,2026-08-20T04:12:43Z,234,eb27af719473ec779057532798e8060c1491b2f0
96309269114,32330211397,clang-tidy,clang-tidy,completed,success,2026-08-20T03:59:32Z,2026-08-20T04:06:27Z,415,7503cb8ee2f3038529c3246d965cfe5b2f6a571a
96320396613,32329103535,clang-tidy,clang-tidy,completed,cancelled,2026-08-20T05:04:06Z,2026-08-20T05:06:01Z,115,860139a01e94e94118003950f66e7c57fa2606b8
96305658564,32328905085,clang-tidy,clang-tidy,completed,failure,2026-08-20T03:37:53Z,2026-08-20T03:45:08Z,435,4acfd866d7e186cfe0a34f820e6cb3cd283a79ca
96305172676,32328736716,clang-tidy,clang-tidy,completed,cancelled,2026-08-20T03:35:01Z,2026-08-20T03:37:48Z,167,a8f29391c820f5daa94dedc55df65ed0876a7bf8
96304713692,32328582679,clang-tidy,clang-tidy,completed,cancelled,2026-08-20T03:32:16Z,2026-08-20T03:34:57Z,161,d9507e1ff3cc3d75e557929f0fc534605ba1952a
96302025845,32327648416,clang-tidy,clang-tidy,completed,success,2026-08-20T03:16:40Z,2026-08-20T03:24:18Z,458,b6e172c497eb8b71d22c636ad07e128907ffdd10
96300325238,32327056732,clang-tidy,clang-tidy,completed,success,2026-08-20T03:06:44Z,2026-08-20T03:13:28Z,404,be2925b62f8185a92d0636f1307f9b81e2b79bfd
96298117127,32326275891,clang-tidy,clang-tidy,completed,success,2026-08-20T02:54:17Z,2026-08-20T03:01:38Z,441,4c79cd540bd5f2fc7d43f0462d2c6f498b5d54af
96296607492,32325787004,clang-tidy,clang-tidy,completed,success,2026-08-20T02:45:43Z,2026-08-20T02:53:07Z,444,fc220b4f93c0b77f49e86a0f1bce4a1e3e4127d0
96294018853,32324879410,clang-tidy,clang-tidy,completed,success,2026-08-20T02:30:34Z,2026-08-20T02:38:04Z,450,703fc553593700453e6fcec3687850efd07cdf3a
96284374456,32321474686,clang-tidy,clang-tidy,completed,success,2026-08-20T01:33:58Z,2026-08-20T01:41:34Z,456,a6e8913bafe38168a0c04d7d23c58fc31d4345ef
96283653918,32321207922,clang-tidy,clang-tidy,completed,success,2026-08-20T01:30:04Z,2026-08-20T01:37:09Z,425,41e74c50e6837a25139ff7abf7759d3598f92b4a
96283467406,32321160880,clang-tidy,clang-tidy,completed,cancelled,2026-08-20T01:28:59Z,2026-08-20T01:29:59Z,60,aac6d3f8913ab5310665135db80aa688dd026cc4
96281843753,32320581500,clang-tidy,clang-tidy,completed,success,2026-08-20T01:19:29Z,2026-08-20T01:26:16Z,407,754237310bb0cd0ca4c44300523346c7509b7dda
96281601736,32320506222,clang-tidy,clang-tidy,completed,success,2026-08-20T01:18:04Z,2026-08-20T01:25:17Z,433,b7afe118281eeefcc84a2c4d07828249dfa6cc65
96211857509,32297392489,clang-tidy,clang-tidy,completed,success,2026-08-19T20:14:08Z,2026-08-19T20:21:51Z,463,6dd911b2937c35a54be8dc38f9d7db6d952b3688
96211268709,32297231086,clang-tidy,clang-tidy,completed,cancelled,2026-08-19T20:12:07Z,2026-08-19T20:14:03Z,116,27710087354d90fab244355ccc8160c8d08c4142
96205655245,32295473485,clang-tidy,clang-tidy,completed,success,2026-08-19T19:53:08Z,2026-08-19T20:01:17Z,489,31232fa08fdb1536a594653664677234e79f2dc4
96180304777,32287469834,clang-tidy,clang-tidy,completed,success,2026-08-19T18:27:52Z,2026-08-19T18:35:48Z,476,aa852633d5c7c43b54dadb5934253a09e5e888d0
96126842666,32270914593,clang-tidy,clang-tidy,completed,success,2026-08-19T15:35:00Z,2026-08-19T15:41:56Z,416,643bdb2b0a8c68b5b3b1f1a3ee3722f735d75bf6
96121922070,32269422923,clang-tidy,clang-tidy,completed,success,2026-08-19T15:20:12Z,2026-08-19T15:28:54Z,522,ddcdf3f3e0a9520923449105c87da5428f4af757
96281781945,32268669453,clang-tidy,clang-tidy,completed,cancelled,2026-08-20T01:19:07Z,2026-08-20T01:19:24Z,17,124d564d542e51fe7ef2d3636561edbade9fa78b
96325999686,32264489060,clang-tidy,clang-tidy,completed,cancelled,2026-08-20T05:35:04Z,2026-08-20T05:35:57Z,53,c6a36b7ca883a7edc8be8b409617c1b331bc107a
96112095829,32264445080,clang-tidy,clang-tidy,completed,success,2026-08-19T14:51:06Z,2026-08-19T14:57:32Z,386,34449f12b6ba9aa7acdeecfa5349f59a21b833e4
96172504073,32249233683,clang-tidy,clang-tidy,completed,failure,2026-08-19T18:02:15Z,2026-08-19T18:09:25Z,430,4f377f6ec9abfc73ebc4a100301ddb903238290d
96042609120,32244706469,clang-tidy,clang-tidy,completed,success,2026-08-19T10:51:23Z,2026-08-19T10:58:54Z,451,54f674634087bc4b9b450f4cc9aff96ccef98d45
96036450788,32242673130,clang-tidy,clang-tidy,completed,success,2026-08-19T10:26:23Z,2026-08-19T10:33:43Z,440,268e8a6a79b0083a653485502d76744c361c8969
96034486107,32242028072,clang-tidy,clang-tidy,completed,success,2026-08-19T10:18:30Z,2026-08-19T10:26:25Z,475,bc8c05cb450b75bff6dbe23bba06b7e3f6c91d2b
96029761219,32240498343,clang-tidy,clang-tidy,completed,failure,2026-08-19T10:00:26Z,2026-08-19T10:07:17Z,411,34adffe2780b9d18e5f2deb3a75f413c47c9ba2a
96027808689,32239810477,clang-tidy,clang-tidy,completed,failure,2026-08-19T09:52:44Z,2026-08-19T09:59:46Z,422,bb59bbd2e14344fa876073ef4cac4d614b42759c
96027074552,32239606495,clang-tidy,clang-tidy,completed,cancelled,2026-08-19T09:49:54Z,2026-08-19T09:52:39Z,165,e69342c01cdef2e12e9ff1ee1409f96383a80c08
95952399645,32214152861,clang-tidy,clang-tidy,completed,success,2026-08-19T04:00:22Z,2026-08-19T04:07:18Z,416,54b138a04fef92427a4b4fcb0f36439c4627e69e
95900877448,32196284786,clang-tidy,clang-tidy,completed,success,2026-08-18T23:14:05Z,2026-08-18T23:21:29Z,444,3e86e0059d908c6d7a520167838d3259e8b8ac7c
