job_id,run_id,workflow,job_name,status,conclusion,started_at,completed_at,duration_seconds,head_sha
78549808608,26651221362,Pixi CI,Install and lint (ubuntu-24.04-arm),completed,success,2026-05-29T17:10:32Z,2026-05-29T17:14:10Z,218,b766fa6d7078dc407c7e8a5e24d699af35ab7c0d
78545977224,26650117675,Pixi CI,Install and lint (ubuntu-24.04-arm),completed,success,2026-05-29T16:47:19Z,2026-05-29T16:49:57Z,158,b1ec30d6fe7202f0bdb293ad074fc01fb1906111
78505818320,26632898644,Pixi CI,Install and lint (ubuntu-24.04-arm),completed,success,2026-05-29T13:02:10Z,2026-05-29T13:05:30Z,200,8f06c299e99e212a6d50bd28fc55ad85b5140668
78407319868,26607947680,Pixi CI,Install and lint (ubuntu-24.04-arm),completed,success,2026-05-28T23:17:40Z,2026-05-28T23:21:14Z,214,185e494c29df7cb86a7173938b0c41a89c1a66ff
78405975465,26607525920,Pixi CI,Install and lint (ubuntu-24.04-arm),completed,failure,2026-05-28T23:06:14Z,2026-05-28T23:09:03Z,169,6d53b6f88a23a92e320f8c44abd1d53499281dd3
78404828445,26607167611,Pixi CI,Install and lint (ubuntu-24.04-arm),completed,failure,2026-05-28T22:56:53Z,2026-05-28T23:00:20Z,207,76390cb7176ceffa1ea4b23227c91cbe79dc02d8
78403311206,26606681600,Pixi CI,Install and lint (ubuntu-24.04-arm),completed,failure,2026-05-28T22:44:44Z,2026-05-28T22:48:14Z,210,778c3c13dea84a4858402b5559b2d7efffb2d724
78401663779,26606146248,Pixi CI,Install and lint (ubuntu-24.04-arm),completed,failure,2026-05-28T22:32:28Z,2026-05-28T22:35:34Z,186,b4f1a6530e53c550b8f82b61c5650758ccc9b136
78401319870,26606053900,Pixi CI,Install and lint (ubuntu-24.04-arm),completed,cancelled,2026-05-28T22:30:00Z,2026-05-28T22:32:23Z,143,1506c39e52f05b1dc94b4946b8e4a64fcec45e37
78399832117,26605591801,Pixi CI,Install and lint (ubuntu-24.04-arm),completed,failure,2026-05-28T22:19:01Z,2026-05-28T22:22:20Z,199,0e3903b87a1ae564246fdb370a567cc3995ba8b3
78398554714,26605209164,Pixi CI,Install and lint (ubuntu-24.04-arm),completed,failure,2026-05-28T22:09:46Z,2026-05-28T22:13:16Z,210,70452e7b7736d66307327e068bbb2907331dcc47
78396546247,26604593786,Pixi CI,Install and lint (ubuntu-24.04-arm),completed,failure,2026-05-28T21:56:06Z,2026-05-28T21:58:54Z,168,70452e7b7736d66307327e068bbb2907331dcc47
78396378295,26604543105,Pixi CI,Install and lint (ubuntu-24.04-arm),completed,cancelled,2026-05-28T21:55:00Z,2026-05-28T21:56:01Z,61,1f964887631491adfe96111ce4024c4b5058b09c
78395915097,26604421585,Pixi CI,Install and lint (ubuntu-24.04-arm),completed,cancelled,2026-05-28T21:52:04Z,2026-05-28T21:54:54Z,170,5b6d694c237733c892843343b812e2e6e25ac683
78382981275,26600587166,Pixi CI,Install and lint (ubuntu-24.04-arm),completed,failure,2026-05-28T20:33:56Z,2026-05-28T20:37:23Z,207,1647a460914ad52cac95d583e5ae18959439d22e
78382829370,26600559856,Pixi CI,Install and lint (ubuntu-24.04-arm),completed,cancelled,2026-05-28T20:33:01Z,2026-05-28T20:33:52Z,51,b201509a671d6ab188b35a16bfe49cfda7ae1840
78280447414,26571768915,Pixi CI,Install and lint (ubuntu-24.04-arm),completed,success,2026-05-28T11:25:22Z,2026-05-28T11:28:47Z,205,a23bf1c354fb25697c0bca8640d7c50700c782cb
78213541200,26551214360,Pixi CI,Install and lint (ubuntu-24.04-arm),completed,failure,2026-05-28T02:37:39Z,2026-05-28T02:41:09Z,210,8a8144ced43f8c777084289aa10faa16d3b93643
78191278495,26543847061,Pixi CI,Install and lint (ubuntu-24.04-arm),completed,failure,2026-05-27T23:02:16Z,2026-05-27T23:05:52Z,216,f5348fb40b6d66a5b2c76800a4a851bf7e57da67
78180467117,26540491955,Pixi CI,Install and lint (ubuntu-24.04-arm),completed,success,2026-05-27T21:43:10Z,2026-05-27T21:46:27Z,197,e086903b078abc7d238110addd67da9b8680b609
78179592713,26540229453,Pixi CI,Install and lint (ubuntu-24.04-arm),completed,success,2026-05-27T21:37:27Z,2026-05-27T21:41:09Z,222,2ab3bacb82e3a96888e66d5b07966a084c1de555
78178478326,26539898340,Pixi CI,Install and lint (ubuntu-24.04-arm),completed,success,2026-05-27T21:30:34Z,2026-05-27T21:34:03Z,209,f02702131da453a50c5d1ad1e800e4e26060bdff
78177601792,26539635995,Pixi CI,Install and lint (ubuntu-24.04-arm),completed,success,2026-05-27T21:25:02Z,2026-05-27T21:28:33Z,211,395e5ac15ee98517fc57b3684b9f4173cc194ba3
78165482022,26536162099,Pixi CI,Install and lint (ubuntu-24.04-arm),completed,success,2026-05-27T20:14:59Z,2026-05-27T20:18:10Z,191,93d9f12a3d810b92d9aa6cda961f5b020f3315ac
78169596975,26532734447,Pixi CI,Install and lint (ubuntu-24.04-arm),completed,success,2026-05-27T20:38:09Z,2026-05-27T20:41:48Z,219,28646540fda34393bd35e0da214b0706811e5d43
78137769520,26528165095,Pixi CI,Install and lint (ubuntu-24.04-arm),completed,failure,2026-05-27T17:43:05Z,2026-05-27T17:45:53Z,168,1fe72a6e99c73d5135441efc91357074c2a8fe9a
78131993115,26526651797,Pixi CI,Install and lint (ubuntu-24.04-arm),completed,success,2026-05-27T17:11:44Z,2026-05-27T17:15:08Z,204,e1481b1df670e3620b2b60cb7e8f19c0f23e86ea
78117758895,26522658517,Pixi CI,Install and lint (ubuntu-24.04-arm),completed,success,2026-05-27T15:57:37Z,2026-05-27T16:01:02Z,205,6a46603ae02b7e8ae19b4ee49d8a8a8ac1bcff47
78009290386,26491232666,Pixi CI,Install and lint (ubuntu-24.04-arm),completed,success,2026-05-27T04:42:37Z,2026-05-27T04:45:53Z,196,864742983359bfa003ce7bfce534f7d1eb099bad
78004094920,26488441957,Pixi CI,Install and lint (ubuntu-24.04-arm),completed,success,2026-05-27T03:46:40Z,2026-05-27T03:49:36Z,176,803158c5ccbf8e7e4742cdea9b1d328cddbacb61
78004231975,26488142832,Pixi CI,Install and lint (ubuntu-24.04-arm),completed,success,2026-05-27T03:48:13Z,2026-05-27T03:51:39Z,206,19767c8d3dfb9002678ed02e5dd7260716fdef7e
77979931864,26476878169,Pixi CI,Install and lint (ubuntu-24.04-arm),completed,success,2026-05-26T23:43:00Z,2026-05-26T23:46:34Z,214,a9b1e880358efa66149bff8d2e056f6c3f4e0315
77962925249,26475204542,Pixi CI,Install and lint (ubuntu-24.04-arm),completed,failure,2026-05-26T21:32:31Z,2026-05-26T21:35:51Z,200,b6885215a27a4727e6f6427b67729217194cf012
77979574075,26466634081,Pixi CI,Install and lint (ubuntu-24.04-arm),completed,success,2026-05-26T23:39:42Z,2026-05-26T23:42:26Z,164,c7920c619092d9c567439505b20c411b54c31d44
77802323640,26430404488,Pixi CI,Install and lint (ubuntu-24.04-arm),completed,success,2026-05-26T03:24:01Z,2026-05-26T03:27:13Z,192,edc823dbe63776a999a3223470bcdcf5b93e53e5
77637332711,26376417253,Pixi CI,Install and lint (ubuntu-24.04-arm),completed,failure,2026-05-24T23:59:50Z,2026-05-25T00:01:04Z,74,6537780fd134b14fde438455141a3f379b0d2ec0
77583580833,26356317485,Pixi CI,Install and lint (ubuntu-24.04-arm),completed,success,2026-05-24T08:26:20Z,2026-05-24T08:29:34Z,194,22159d17d6150b0c92280545ac6502f308addfb3
77576121237,26353600695,Pixi CI,Install and lint (ubuntu-24.04-arm),completed,success,2026-05-24T06:05:40Z,2026-05-24T06:08:29Z,169,790c1fe8795debd347d058950a051c4ab13c9d42
77547571433,26342775937,Pixi CI,Install and lint (ubuntu-24.04-arm),completed,success,2026-05-23T20:28:52Z,2026-05-23T20:32:22Z,210,9d40fd34d2e3bf69d8d327764724ec93f21b884a
77544227258,26341494237,Pixi CI,Install and lint (ubuntu-24.04-arm),completed,success,2026-05-23T19:27:14Z,2026-05-23T19:30:36Z,202,25680a60544415a2df6cc5ddcbec30e92d5d6ad5
77537363609,26338926634,Pixi CI,Install and lint (ubuntu-24.04-arm),completed,success,2026-05-23T17:22:49Z,2026-05-23T17:26:18Z,209,0ce10a714cf980589dc7c6125a2905dd5df652d6
77533810893,26337586677,Pixi CI,Install and lint (ubuntu-24.04-arm),completed,success,2026-05-23T16:17:29Z,2026-05-23T16:20:55Z,206,337ec8abf01a524f2032ffc0f94b16048e7fef7a
77529991263,26336114221,Pixi CI,Install and lint (ubuntu-24.04-arm),completed,success,2026-05-23T15:07:08Z,2026-05-23T15:10:34Z,206,1c8122c8fb232603e9fd2ddd08d8aab63fbf61ac
77529368637,26335871974,Pixi CI,Install and lint (ubuntu-24.04-arm),completed,success,2026-05-23T14:55:51Z,2026-05-23T14:59:12Z,201,aa4bd0cd35ab6339f6020f031cf80be53182376d
77527605000,26335177350,Pixi CI,Install and lint (ubuntu-24.04-arm),completed,success,2026-05-23T14:25:35Z,2026-05-23T14:29:01Z,206,f34e0a34792a759aa35db9f29f8c848146482ede
77527490559,26335141821,Pixi CI,Install and lint (ubuntu-24.04-arm),completed,cancelled,2026-05-23T14:23:27Z,2026-05-23T14:25:28Z,121,be6b67e73de7b08571f15a88f2582df6a27cf7ae
77526770947,26334857832,Pixi CI,Install and lint (ubuntu-24.04-arm),completed,success,2026-05-23T14:10:00Z,2026-05-23T14:13:15Z,195,8924febb0e4a559ac0eb5a41424ce7049988004f
77524138642,26333819372,Pixi CI,Install and lint (ubuntu-24.04-arm),completed,success,2026-05-23T13:21:52Z,2026-05-23T13:25:20Z,208,6e137ff6394e30b34fd69bee0f6bbc90e74e48a2
77522758248,26333276000,Pixi CI,Install and lint (ubuntu-24.04-arm),completed,success,2026-05-23T12:56:00Z,2026-05-23T12:59:24Z,204,5439808b267835574ecd8282d0ed779b7cc7d455
77522723729,26333262287,Pixi CI,Install and lint (ubuntu-24.04-arm),completed,success,2026-05-23T12:55:20Z,2026-05-23T12:58:48Z,208,76fe8134c705a2c5e7ba3e3a661b772ed9dda0ea
77509038783,26327983015,Pixi CI,Install and lint (ubuntu-24.04-arm),completed,success,2026-05-23T08:21:44Z,2026-05-23T08:24:04Z,140,a78b74ea597243b6ccad9960d641f84d4e122237
77506463160,26327007795,Pixi CI,Install and lint (ubuntu-24.04-arm),completed,success,2026-05-23T07:31:32Z,2026-05-23T07:34:52Z,200,f229200944638c9e4c3aaf264386c146de6b0ee4
77497542355,26323777955,Pixi CI,Install and lint (ubuntu-24.04-arm),completed,success,2026-05-23T04:44:49Z,2026-05-23T04:48:14Z,205,032124f04222d6f7f657bd803059825d0f730afb
77496876904,26323525349,Pixi CI,Install and lint (ubuntu-24.04-arm),completed,success,2026-05-23T04:31:46Z,2026-05-23T04:35:08Z,202,6d61e1612a38ceda3bcc4ac71440570a2c363324
77496329916,26323315240,Pixi CI,Install and lint (ubuntu-24.04-arm),completed,success,2026-05-23T04:21:31Z,2026-05-23T04:24:58Z,207,343b46d8ba7f0039d2bf05268f11a6cdbd594663
77496198369,26323281186,Pixi CI,Install and lint (ubuntu-24.04-arm),completed,cancelled,2026-05-23T04:19:19Z,2026-05-23T04:21:15Z,116,523a11c04efb5a44dcf8a5a2047a8bf8cfb91f99
77465063146,26306740055,Pixi CI,Install and lint (ubuntu-24.04-arm),completed,failure,2026-05-22T21:25:22Z,2026-05-22T21:28:52Z,210,73417bdc757e606404d37e530bdd36176382dd93
77444355847,26306158080,Pixi CI,Install and lint (ubuntu-24.04-arm),completed,failure,2026-05-22T18:59:22Z,2026-05-22T19:03:00Z,218,8f767a86462429bd939adbcb3a587f8a3df94c48
77442011908,26305750532,Pixi CI,Install and lint (ubuntu-24.04-arm),completed,success,2026-05-22T18:43:59Z,2026-05-22T18:47:26Z,207,d33e14b757bbf7b7f6000f3dc942e6bc0e16bbb5
77423789456,26300408399,Pixi CI,Install and lint (ubuntu-24.04-arm),completed,success,2026-05-22T16:45:36Z,2026-05-22T16:48:56Z,200,d68d644de98b3d800496a7a3946dd0bab570deaa
77422654136,26299006997,Pixi CI,Install and lint (ubuntu-24.04-arm),completed,success,2026-05-22T16:38:23Z,2026-05-22T16:41:47Z,204,ad72414dfe19d20c6bce7d57f61aff5a63a63d47
77364016735,26283129435,Pixi CI,Install and lint (ubuntu-24.04-arm),completed,failure,2026-05-22T10:42:12Z,2026-05-22T10:45:48Z,216,fdb7de26ce8a08bbd643ca04d90059fdc12e3043
77318249741,26268992725,Pixi CI,Install and lint (ubuntu-24.04-arm),completed,failure,2026-05-22T04:47:57Z,2026-05-22T04:51:29Z,212,11b3e5264149125d82b0d623781ab6ecc7455540
77227443486,26241125542,Pixi CI,Install and lint (ubuntu-24.04-arm),completed,failure,2026-05-21T17:07:54Z,2026-05-21T17:11:08Z,194,fea12954095bccdb7d952feb25a1868d1258cb36
77223752423,26240080715,Pixi CI,Install and lint (ubuntu-24.04-arm),completed,failure,2026-05-21T16:48:09Z,2026-05-21T16:51:23Z,194,bd8ccd1e035404ae71b5bff54963cd90e693d98e
77219916550,26238563996,Pixi CI,Install and lint (ubuntu-24.04-arm),completed,failure,2026-05-21T16:27:14Z,2026-05-21T16:30:44Z,210,a5a75e37de4842324316b83bb6063faa917ec437
77216892404,26238126145,Pixi CI,Install and lint (ubuntu-24.04-arm),completed,failure,2026-05-21T16:11:12Z,2026-05-21T16:14:33Z,201,c0e4907f644fadff45aaa22494fb50231a6f6eac
77216129072,26237744463,Pixi CI,Install and lint (ubuntu-24.04-arm),completed,failure,2026-05-21T16:07:13Z,2026-05-21T16:10:49Z,216,0e7994d149008f7e2a8fca77a9ac1e7b99cf088a
77145953435,26218195451,Pixi CI,Install and lint (ubuntu-24.04-arm),completed,failure,2026-05-21T09:40:26Z,2026-05-21T09:43:48Z,202,6e3c99c7c4ce0fd6550fb97b3365e64d4050bfa4
77102844004,26204985879,Pixi CI,Install and lint (ubuntu-24.04-arm),completed,failure,2026-05-21T04:13:01Z,2026-05-21T04:16:28Z,207,0ab94f6e303b5a0f658abb41a889c50bb00e8936
77095714760,26202672238,Pixi CI,Install and lint (ubuntu-24.04-arm),completed,success,2026-05-21T02:55:25Z,2026-05-21T02:59:02Z,217,439d5e2ac9b758bd0924f47b0c580b69f9bb7515
77092223471,26201484162,Pixi CI,Install and lint (ubuntu-24.04-arm),completed,failure,2026-05-21T02:16:59Z,2026-05-21T02:20:25Z,206,7965aa7d9f4dbed491191e0d431f89073fd1a079
77070713336,26194503944,Pixi CI,Install and lint (ubuntu-24.04-arm),completed,failure,2026-05-20T22:49:58Z,2026-05-20T22:53:13Z,195,687c4e538d38b46fb2c367ea570414dc5621bccd
77069710814,26194190514,Pixi CI,Install and lint (ubuntu-24.04-arm),completed,failure,2026-05-20T22:41:53Z,2026-05-20T22:45:09Z,196,30783cc52463f90aa87c430411dd4d0adce3dda8
77068190968,26193725425,Pixi CI,Install and lint (ubuntu-24.04-arm),completed,failure,2026-05-20T22:30:19Z,2026-05-20T22:33:29Z,190,ec91dc49c6747028183a991f131a5f918099b79c
77063648638,26191209337,Pixi CI,Install and lint (ubuntu-24.04-arm),completed,success,2026-05-20T21:57:38Z,2026-05-20T22:01:13Z,215,6495baade444e787cfac626651beb910f9b6942b
77050407751,26188501009,Pixi CI,Install and lint (ubuntu-24.04-arm),completed,failure,2026-05-20T20:37:10Z,2026-05-20T20:40:22Z,192,9c1a22ba456586ae3496476bc961c12ba78ac6d1
77049444152,26188232710,Pixi CI,Install and lint (ubuntu-24.04-arm),completed,success,2026-05-20T20:31:44Z,2026-05-20T20:35:09Z,205,73736f2de2a1d852565006531f30475f2e38c7eb
77043203077,26186433418,Pixi CI,Install and lint (ubuntu-24.04-arm),completed,success,2026-05-20T19:56:45Z,2026-05-20T19:59:54Z,189,0d584dc4226e82fce208697f897bc8748f8d2862
77042676795,26186315930,Pixi CI,Install and lint (ubuntu-24.04-arm),completed,cancelled,2026-05-20T19:53:50Z,2026-05-20T19:56:42Z,172,dbf812548ab8d293239f081b0405caef02a6f393
77029997917,26182761262,Pixi CI,Install and lint (ubuntu-24.04-arm),completed,failure,2026-05-20T18:43:46Z,2026-05-20T18:47:03Z,197,b109d15f0df9d0f698ca17425b4d30d3053f0b47
77027936125,26182174497,Pixi CI,Install and lint (ubuntu-24.04-arm),completed,success,2026-05-20T18:32:19Z,2026-05-20T18:35:40Z,201,01b4a3fd71a222fe6a1124e67d5f648d0580078e
77026939344,26181885876,Pixi CI,Install and lint (ubuntu-24.04-arm),completed,success,2026-05-20T18:26:50Z,2026-05-20T18:30:21Z,211,0ebe0841967a1fe2e143eaf5bed12fd43a14690a
77025079254,26181149928,Pixi CI,Install and lint (ubuntu-24.04-arm),completed,success,2026-05-20T18:16:35Z,2026-05-20T18:19:44Z,189,c6e382e9cae93dfd03ff0330ced1e66de5636c7d
76997262893,26173470735,Pixi CI,Install and lint (ubuntu-24.04-arm),completed,success,2026-05-20T15:44:17Z,2026-05-20T15:47:52Z,215,b6f803ec4bb88f80bd775e72a254ada3df11f04f
76955663556,26161905178,Pixi CI,Install and lint (ubuntu-24.04-arm),completed,success,2026-05-20T12:16:16Z,2026-05-20T12:19:56Z,220,a6f1908b9bd0cae2b20460a5ff546a870624906c
76888271758,26141652811,Pixi CI,Install and lint (ubuntu-24.04-arm),completed,success,2026-05-20T04:38:35Z,2026-05-20T04:41:56Z,201,1ea440d9370d4e7b01b45b1d40f8c555e3c4bb73
76883826148,26140157212,Pixi CI,Install and lint (ubuntu-24.04-arm),completed,success,2026-05-20T03:51:45Z,2026-05-20T03:55:15Z,210,ab50333114d62139c4de669a6494b4939e193eea
76883719319,26140121603,Pixi CI,Install and lint (ubuntu-24.04-arm),completed,success,2026-05-20T03:50:36Z,2026-05-20T03:53:34Z,178,9fd2601d333615fcbccf6ebb1c521ece713042e0
76833058076,26124039511,Pixi CI,Install and lint (ubuntu-24.04-arm),completed,success,2026-05-19T20:41:49Z,2026-05-19T20:44:45Z,176,2ec288908952eea9dcf48d4b197915e1f72c6abf
76828245031,26122628019,Pixi CI,Install and lint (ubuntu-24.04-arm),completed,success,2026-05-19T20:15:01Z,2026-05-19T20:18:40Z,219,6dde82facd897befc16bcd416a7924d76051f60a
76809338531,26117168862,Pixi CI,Install and lint (ubuntu-24.04-arm),completed,success,2026-05-19T18:30:25Z,2026-05-19T18:33:45Z,200,2cc8189e08b9f5131433f2cc0e9e66cb6e891817
76800923350,26114722015,Pixi CI,Install and lint (ubuntu-24.04-arm),completed,success,2026-05-19T17:44:29Z,2026-05-19T17:47:46Z,197,4f7fd4f4b142006dbee8e85d8eb6da2517db04f6
76800700446,26114679057,Pixi CI,Install and lint (ubuntu-24.04-arm),completed,cancelled,2026-05-19T17:43:14Z,2026-05-19T17:44:21Z,67,3db57e156e48797fc0bda9660de4fb736cc1b9d7
76713895878,26090289415,Pixi CI,Install and lint (ubuntu-24.04-arm),completed,success,2026-05-19T10:03:54Z,2026-05-19T10:07:16Z,202,7a1b99e3e49533f6a82a11d6f8a421a3c70c1a5f
76704882925,26087680575,Pixi CI,Install and lint (ubuntu-24.04-arm),completed,success,2026-05-19T09:10:57Z,2026-05-19T09:14:04Z,187,1ad2a6407a5b776ef319b5bdcff666f3f3a166af
76703529269,26087292601,Pixi CI,Install and lint (ubuntu-24.04-arm),completed,success,2026-05-19T09:02:53Z,2026-05-19T09:06:32Z,219,9a48f83aa6673619a9ef7641f7891e1f0f66b076
76702157934,26086890316,Pixi CI,Install and lint (ubuntu-24.04-arm),completed,success,2026-05-19T08:54:50Z,2026-05-19T08:57:47Z,177,251494ff6aa42e8781718fd83612517ed1d44a9c
76698338001,26085760212,Pixi CI,Install and lint (ubuntu-24.04-arm),completed,success,2026-05-19T08:31:42Z,2026-05-19T08:35:19Z,217,f07e915ce723e6919d771dd2fdaa3e299e3d83b5
76644277586,26068412968,Pixi CI,Install and lint (ubuntu-24.04-arm),completed,success,2026-05-19T00:24:10Z,2026-05-19T00:27:40Z,210,c94546f8cf6fe683bc78c2998043f8ec128c3376
76643947318,26068318789,Pixi CI,Install and lint (ubuntu-24.04-arm),completed,cancelled,2026-05-19T00:21:00Z,2026-05-19T00:24:06Z,186,3a50ca940b99036f090b8aef72b39e2aec90a0d6
76638915977,26066665373,Pixi CI,Install and lint (ubuntu-24.04-arm),completed,success,2026-05-18T23:34:21Z,2026-05-18T23:37:30Z,189,93bb6190d6697d0594d3ee6c2f1235d42a23f200
76626564188,26062737600,Pixi CI,Install and lint (ubuntu-24.04-arm),completed,success,2026-05-18T21:54:49Z,2026-05-18T21:58:14Z,205,c96c82d8c2db629c764f0566fb5b1e66c43412b2
76626107659,26062595321,Pixi CI,Install and lint (ubuntu-24.04-arm),completed,success,2026-05-18T21:51:38Z,2026-05-18T21:55:17Z,219,9f31f837b85853c136e0b001f8908e3d0c117706
76618963255,26060437354,Pixi CI,Install and lint (ubuntu-24.04-arm),completed,success,2026-05-18T21:05:26Z,2026-05-18T21:08:48Z,202,fd25487ea781eb2c9a2a3e3a3edf043d743d63d1
76616274870,26059645189,Pixi CI,Install and lint (ubuntu-24.04-arm),completed,success,2026-05-18T20:49:24Z,2026-05-18T20:52:57Z,213,fa652d85c14b532f12fef14dfd2c2acf675f2d3e
76613905746,26058934459,Pixi CI,Install and lint (ubuntu-24.04-arm),completed,success,2026-05-18T20:35:34Z,2026-05-18T20:38:48Z,194,e3fd238cc76987440da4ebedc747010a813a49e0
76612710816,26058576546,Pixi CI,Install and lint (ubuntu-24.04-arm),completed,success,2026-05-18T20:28:35Z,2026-05-18T20:31:51Z,196,701a92af3f28f5eb51d28ffd71cc9ce956cececf
76611039427,26058067672,Pixi CI,Install and lint (ubuntu-24.04-arm),completed,success,2026-05-18T20:18:20Z,2026-05-18T20:21:49Z,209,58c7d79465f8eeccf1596727f42443e60d233a43
76607294076,26056949728,Pixi CI,Install and lint (ubuntu-24.04-arm),completed,success,2026-05-18T19:55:26Z,2026-05-18T19:58:55Z,209,762224e7c8e460cbda6d838caa9d452182ba629e
76605478640,26056362947,Pixi CI,Install and lint (ubuntu-24.04-arm),completed,success,2026-05-18T19:44:32Z,2026-05-18T19:48:05Z,213,da331ecfb45084c40209bb43123729de2f71765f
76604590924,26056138785,Pixi CI,Install and lint (ubuntu-24.04-arm),completed,success,2026-05-18T19:39:17Z,2026-05-18T19:42:47Z,210,5d4454e27ac5b324ff3ba5de7266bf6ccfe9f103
76596123627,26053617798,Pixi CI,Install and lint (ubuntu-24.04-arm),completed,success,2026-05-18T18:49:53Z,2026-05-18T18:53:21Z,208,72eac1a91ec7eab440bd02009d9622e15b143052
76585292085,26050401309,Pixi CI,Install and lint (ubuntu-24.04-arm),completed,success,2026-05-18T17:47:10Z,2026-05-18T17:50:31Z,201,ade0ee5827c08b5b119f58eabcd766203d695cce
76582293999,26049460546,Pixi CI,Install and lint (ubuntu-24.04-arm),completed,success,2026-05-18T17:29:53Z,2026-05-18T17:33:17Z,204,f3d74bbaa34865ca9f60cbcbed8a7d996e83cbec
76580925399,26049086832,Pixi CI,Install and lint (ubuntu-24.04-arm),completed,success,2026-05-18T17:22:01Z,2026-05-18T17:25:39Z,218,e3c0ff6a4d8710432102e17872916a663c3aa587
76579862029,26048798935,Pixi CI,Install and lint (ubuntu-24.04-arm),completed,success,2026-05-18T17:15:54Z,2026-05-18T17:19:23Z,209,38dcbc96bdaf84c3858c906319f5e6c29087ea0d
76554989729,26041753914,Pixi CI,Install and lint (ubuntu-24.04-arm),completed,success,2026-05-18T15:02:22Z,2026-05-18T15:05:39Z,197,30887a4fd7f1c29f79526dda2aa2ab13f38d9161
76495366363,26024835100,Pixi CI,Install and lint (ubuntu-24.04-arm),completed,success,2026-05-18T09:23:30Z,2026-05-18T09:27:11Z,221,8288fe1e5d48fb5b81db7b848e4ba3663e4c8243
76460805279,26014209543,Pixi CI,Install and lint (ubuntu-24.04-arm),completed,success,2026-05-18T04:51:42Z,2026-05-18T04:55:12Z,210,36de9ed25c649d6b657b3618c7ed924352b2bf2e
76456131051,26012592185,Pixi CI,Install and lint (ubuntu-24.04-arm),completed,success,2026-05-18T03:54:04Z,2026-05-18T03:57:24Z,200,9bf9124819bb5864f85df340be60fd58dddbd0c9
76455590418,26012404200,Pixi CI,Install and lint (ubuntu-24.04-arm),completed,success,2026-05-18T03:47:11Z,2026-05-18T03:50:43Z,212,3252bdbbde6dd414eadac2ac48f7e493f9ad2531
76448246034,26009846736,Pixi CI,Install and lint (ubuntu-24.04-arm),completed,success,2026-05-18T02:11:33Z,2026-05-18T02:14:47Z,194,dfd956c14ad0ab9243a0f9c1481623b397f98e7c
76437094659,26005840464,Pixi CI,Install and lint (ubuntu-24.04-arm),completed,success,2026-05-17T23:28:34Z,2026-05-17T23:31:40Z,186,d8820d4cfee132b4fd01c2a0c2c4a2e71e02427a
76436911097,26005768438,Pixi CI,Install and lint (ubuntu-24.04-arm),completed,cancelled,2026-05-17T23:25:22Z,2026-05-17T23:28:27Z,185,7aa7013aa3b1d5f98692d4ea05c1aba442e0b3c6
76436756868,26005720258,Pixi CI,Install and lint (ubuntu-24.04-arm),completed,cancelled,2026-05-17T23:22:39Z,2026-05-17T23:25:13Z,154,0b95250d20af29055abb274010b9025ee5bdacc9
76436321332,26005562166,Pixi CI,Install and lint (ubuntu-24.04-arm),completed,success,2026-05-17T23:15:10Z,2026-05-17T23:18:30Z,200,70e74471f540cdba408d8a5f96abde76edecae1d
76436258439,26005537578,Pixi CI,Install and lint (ubuntu-24.04-arm),completed,success,2026-05-17T23:14:02Z,2026-05-17T23:17:26Z,204,15e514a6a20c3a2c364220084c1e4ff9b743adc1
76417187964,25998498383,Pixi CI,Install and lint (ubuntu-24.04-arm),completed,failure,2026-05-17T18:01:17Z,2026-05-17T18:04:34Z,197,984138262b362133416288b018be956d766a39d2
76415072104,25997713694,Pixi CI,Install and lint (ubuntu-24.04-arm),completed,failure,2026-05-17T17:26:48Z,2026-05-17T17:30:14Z,206,13c6e94c341c44e1596d19b30920fc1b9b67a8d4
76403141480,25993263993,Pixi CI,Install and lint (ubuntu-24.04-arm),completed,failure,2026-05-17T14:15:26Z,2026-05-17T14:18:57Z,211,c91ff7dd7611914adc9e8444b349c2ac02c0dcbd
76397278876,25991095363,Pixi CI,Install and lint (ubuntu-24.04-arm),completed,success,2026-05-17T12:39:36Z,2026-05-17T12:42:45Z,189,69dcf71e2845c5eb1bc73b43c52c8a714690ad47
76397175744,25991063820,Pixi CI,Install and lint (ubuntu-24.04-arm),completed,cancelled,2026-05-17T12:37:49Z,2026-05-17T12:39:33Z,104,5c90814375c7f2bd4ed46786106dbe10e4a7e539
76389865429,25988350026,Pixi CI,Install and lint (ubuntu-24.04-arm),completed,failure,2026-05-17T10:29:38Z,2026-05-17T10:32:52Z,194,dffda2f87b8cf8656b18012820445be8eb023c68
76376776359,25983605926,Pixi CI,Install and lint (ubuntu-24.04-arm),completed,success,2026-05-17T06:33:45Z,2026-05-17T06:37:01Z,196,79e57f749ae04ccd352ef67f77ba52abfe5e12df
76373862498,25982580693,Pixi CI,Install and lint (ubuntu-24.04-arm),completed,success,2026-05-17T05:39:06Z,2026-05-17T05:42:24Z,198,3e9808d5db544e31006fa3ba33d52bbcd04bf8e7
76372277226,25981995509,Pixi CI,Install and lint (ubuntu-24.04-arm),completed,success,2026-05-17T05:07:00Z,2026-05-17T05:10:13Z,193,3856f03b8b86d53aed3bc36956ae549c5d123d42
76371477336,25981688199,Pixi CI,Install and lint (ubuntu-24.04-arm),completed,failure,2026-05-17T04:49:49Z,2026-05-17T04:53:17Z,208,bb155e4f674cc73f2a34b95f3cea1514a156a480
76370620470,25981366011,Pixi CI,Install and lint (ubuntu-24.04-arm),completed,success,2026-05-17T04:31:23Z,2026-05-17T04:34:47Z,204,aca5204e96eb17f833b8263cbd1f3072a0e66faa
76370427390,25981301858,Pixi CI,Install and lint (ubuntu-24.04-arm),completed,cancelled,2026-05-17T04:27:42Z,2026-05-17T04:31:14Z,212,0716b8246233ee202cc0e6f6ec6764ab362f27bb
76369972272,25981132834,Pixi CI,Install and lint (ubuntu-24.04-arm),completed,success,2026-05-17T04:18:28Z,2026-05-17T04:22:01Z,213,20601d4fe5989956ebbd82eb262dfb1f3cf82ad3
76369720875,25981037485,Pixi CI,Install and lint (ubuntu-24.04-arm),completed,failure,2026-05-17T04:12:36Z,2026-05-17T04:15:49Z,193,987439da45f63d45969bdaf03ddd3d5d08a14f7d
76367995103,25980387744,Pixi CI,Install and lint (ubuntu-24.04-arm),completed,failure,2026-05-17T03:35:59Z,2026-05-17T03:39:18Z,199,09e06df0a3ef52518f7b39f291d3f7855fead2c2
76367970805,25980379082,Pixi CI,Install and lint (ubuntu-24.04-arm),completed,success,2026-05-17T03:35:29Z,2026-05-17T03:38:57Z,208,9433c7942865684e71b00ed5ceb4e40ab5d27c6f
76365256088,25979408727,Pixi CI,Install and lint (ubuntu-24.04-arm),completed,success,2026-05-17T02:42:51Z,2026-05-17T02:46:10Z,199,1433ad1aa0014b07ed58220c9e50ff71ece5cdcb
76328260699,25965534132,Pixi CI,Install and lint (ubuntu-24.04-arm),completed,success,2026-05-16T15:20:33Z,2026-05-16T15:24:10Z,217,a3c1aadc8866445c8c4d1aab9ab4f92e8c42608b
76327870968,25965389603,Pixi CI,Install and lint (ubuntu-24.04-arm),completed,success,2026-05-16T15:13:48Z,2026-05-16T15:17:04Z,196,0771a74877a00c57eb64178f7098d0afb85d7669
76327709722,25965329024,Pixi CI,Install and lint (ubuntu-24.04-arm),completed,success,2026-05-16T15:11:03Z,2026-05-16T15:14:52Z,229,6a664b0a8ccf95f48d12e336011e6fd54ac40611
76324447426,25964118574,Pixi CI,Install and lint (ubuntu-24.04-arm),completed,success,2026-05-16T14:14:40Z,2026-05-16T14:17:57Z,197,bf54fef61b8176911bcc7f96edf90c04d16428ff
76321948987,25963176352,Pixi CI,Install and lint (ubuntu-24.04-arm),completed,success,2026-05-16T13:29:45Z,2026-05-16T13:32:59Z,194,4ed8f2022da86e9e72aa199c6cf1837200827970
76711901502,25962064384,Pixi CI,Install and lint (ubuntu-24.04-arm),completed,success,2026-05-19T09:52:26Z,2026-05-19T09:56:01Z,215,0af0bc76a286e2dece90727702c88f4ce72bcd30
76313869118,25960110845,Pixi CI,Install and lint (ubuntu-24.04-arm),completed,success,2026-05-16T10:53:54Z,2026-05-16T10:57:28Z,214,58f8ffabacc58e08bb4b39132c14e1c90f33317a
76313801125,25960084294,Pixi CI,Install and lint (ubuntu-24.04-arm),completed,success,2026-05-16T10:52:27Z,2026-05-16T10:55:14Z,167,b4fb2bf5471d8e4e255db5d83995c98132ac4d12
76313570657,25959994473,Pixi CI,Install and lint (ubuntu-24.04-arm),completed,failure,2026-05-16T10:47:37Z,2026-05-16T10:50:51Z,194,0349cfec3575327f1dac60f0cb1f478e964ff015
76312730163,25959669023,Pixi CI,Install and lint (ubuntu-24.04-arm),completed,success,2026-05-16T10:30:42Z,2026-05-16T10:34:07Z,205,fadc8a09a1efc2caac4b0cc6f2435b800cce3627
76312715181,25959663302,Pixi CI,Install and lint (ubuntu-24.04-arm),completed,success,2026-05-16T10:30:26Z,2026-05-16T10:33:54Z,208,ea79d1d08aae9f2a3970d028177aa04c9bd244ea
76311917791,25959362258,Pixi CI,Install and lint (ubuntu-24.04-arm),completed,success,2026-05-16T10:14:32Z,2026-05-16T10:18:04Z,212,d70056fbf34cc2eafc62a824dc75de07a5760d54
76311210594,25959097635,Pixi CI,Install and lint (ubuntu-24.04-arm),completed,success,2026-05-16T10:01:06Z,2026-05-16T10:04:39Z,213,111db72dbf7a0da2617a0b329266390ccd26e79b
76311094029,25959065372,Pixi CI,Install and lint (ubuntu-24.04-arm),completed,cancelled,2026-05-16T09:59:06Z,2026-05-16T10:00:49Z,103,f8ce41d0892d00fa4b4daa5a8fbbeb3b9182ae85
76310296142,25958576047,Pixi CI,Install and lint (ubuntu-24.04-arm),completed,success,2026-05-16T09:44:34Z,2026-05-16T09:48:06Z,212,13ede249ce3ca5a1cbe45f0de4c3cd0fad87e4f8
76307726776,25957846255,Pixi CI,Install and lint (ubuntu-24.04-arm),completed,success,2026-05-16T08:55:28Z,2026-05-16T08:58:50Z,202,5d47c135f93bbb31285b89ed584dcedcb56bc761
76305817472,25957173093,Pixi CI,Install and lint (ubuntu-24.04-arm),completed,success,2026-05-16T08:20:25Z,2026-05-16T08:23:40Z,195,9c48513796924c1cb0d5cbc983f65f580a08a2e6
76305393347,25957010197,Pixi CI,Install and lint (ubuntu-24.04-arm),completed,success,2026-05-16T08:11:56Z,2026-05-16T08:15:39Z,223,dce4a10039811e2d733f597dd9c66d2bc2f8cd6b
76300992756,25955384876,Pixi CI,Install and lint (ubuntu-24.04-arm),completed,success,2026-05-16T06:48:35Z,2026-05-16T06:52:06Z,211,357f1f351f2c57dc00cf087c20013a43423928ca
76298053753,25954318111,Pixi CI,Install and lint (ubuntu-24.04-arm),completed,failure,2026-05-16T05:52:18Z,2026-05-16T05:55:32Z,194,43c8ca7bf523a64e28ef38113f2c329dc5ac494c
76297672365,25954181206,Pixi CI,Install and lint (ubuntu-24.04-arm),completed,success,2026-05-16T05:44:40Z,2026-05-16T05:48:12Z,212,e0dda23bec86d7bf4b36affe07740cd4f435257e
76296425205,25953774121,Pixi CI,Install and lint (ubuntu-24.04-arm),completed,success,2026-05-16T05:22:43Z,2026-05-16T05:26:11Z,208,9c1c8cf2159e7ad25228a10f6b9486cdd6dff37b
76296387654,25953762290,Pixi CI,Install and lint (ubuntu-24.04-arm),completed,success,2026-05-16T05:22:08Z,2026-05-16T05:25:33Z,205,c7fe950317063ea49da9bd7b5ecd3bc14df17994
76294916825,25953243138,Pixi CI,Install and lint (ubuntu-24.04-arm),completed,success,2026-05-16T04:54:53Z,2026-05-16T04:58:08Z,195,b9b5c9374ab5f72eb8a82964550aabcb0206c5b1
76266889744,25943639327,Pixi CI,Install and lint (ubuntu-24.04-arm),completed,success,2026-05-15T22:05:22Z,2026-05-15T22:08:35Z,193,7cfe8dc19d2d16d9e636f8af54a2e51f08f3654c
76266844799,25943630815,Pixi CI,Install and lint (ubuntu-24.04-arm),completed,cancelled,2026-05-15T22:04:56Z,2026-05-15T22:05:12Z,16,c74034974b74587fbb25bf0f5b1bd41a79d15dfa
76265243054,25943116621,Pixi CI,Install and lint (ubuntu-24.04-arm),completed,success,2026-05-15T21:50:39Z,2026-05-15T21:53:59Z,200,8f6e7d476d74281e11091bfb3e458db59ea33d19
76264787005,25942990972,Pixi CI,Install and lint (ubuntu-24.04-arm),completed,cancelled,2026-05-15T21:46:52Z,2026-05-15T21:50:28Z,216,c98e99b95bdae0aa37496abd55ded7858f846837
76263329869,25942538444,Pixi CI,Install and lint (ubuntu-24.04-arm),completed,success,2026-05-15T21:34:55Z,2026-05-15T21:38:21Z,206,5683835507b184b447d59ae0b2b5ccbabac101c9
76237180087,25934709509,Pixi CI,Install and lint (ubuntu-24.04-arm),completed,success,2026-05-15T18:33:04Z,2026-05-15T18:36:22Z,198,46726814f157edaa9f3ee0fc83447c8bd7a4e490
76237018314,25934696518,Pixi CI,Install and lint (ubuntu-24.04-arm),completed,cancelled,2026-05-15T18:32:03Z,2026-05-15T18:32:34Z,31,0b35098718b7f7869a128e31941c8bf168fdefb4
76236878985,25934655823,Pixi CI,Install and lint (ubuntu-24.04-arm),completed,success,2026-05-15T18:31:09Z,2026-05-15T18:34:38Z,209,e196a752f2557fcd0ab834c0c31e7666358bd6e7
76236539309,25934555591,Pixi CI,Install and lint (ubuntu-24.04-arm),completed,success,2026-05-15T18:29:00Z,2026-05-15T18:32:34Z,214,f639a2dd9126829459c1fc32336361b7dee0e61e
76236438494,25934525960,Pixi CI,Install and lint (ubuntu-24.04-arm),completed,success,2026-05-15T18:28:20Z,2026-05-15T18:31:44Z,204,6ba65a1901abacbabbe0391d73ecabefca10f7e2
76229977089,25932620434,Pixi CI,Install and lint (ubuntu-24.04-arm),completed,success,2026-05-15T17:46:00Z,2026-05-15T17:49:13Z,193,d6271cae8e88f43ee48523304b333722e5e26316
76229732238,25932546453,Pixi CI,Install and lint (ubuntu-24.04-arm),completed,success,2026-05-15T17:44:27Z,2026-05-15T17:48:06Z,219,7e56e9efe84ad7ed968c5617b1fda93961b3ff49
76225959132,25931379209,Pixi CI,Install and lint (ubuntu-24.04-arm),completed,success,2026-05-15T17:20:00Z,2026-05-15T17:23:33Z,213,d62e873e4a7017596d8a3e2b2b1c5c9217195bbe
76225538784,25931294871,Pixi CI,Install and lint (ubuntu-24.04-arm),completed,cancelled,2026-05-15T17:17:14Z,2026-05-15T17:19:21Z,127,bc099598efb1aced91c191f805e56496db1dc242
76220004654,25929657163,Pixi CI,Install and lint (ubuntu-24.04-arm),completed,success,2026-05-15T16:41:19Z,2026-05-15T16:44:29Z,190,656c51bd965950c9d97d811d8de603edcb1b7109
76217439222,25928898524,Pixi CI,Install and lint (ubuntu-24.04-arm),completed,success,2026-05-15T16:25:08Z,2026-05-15T16:28:30Z,202,81d4117bb3ea768282bbfecceede65275b3f7eef
76198457334,25923480676,Pixi CI,Install and lint (ubuntu-24.04-arm),completed,success,2026-05-15T14:33:01Z,2026-05-15T14:36:35Z,214,8880bc715be0d4970486d9149fc02e1477431ce6
76197944419,25923354628,Pixi CI,Install and lint (ubuntu-24.04-arm),completed,cancelled,2026-05-15T14:30:02Z,2026-05-15T14:32:51Z,169,1a534d4e5f316ab4606939e384ca74f49be82b8a
76194724455,25922442722,Pixi CI,Install and lint (ubuntu-24.04-arm),completed,failure,2026-05-15T14:10:57Z,2026-05-15T14:14:17Z,200,70deebc01ef33f3dac9376659115b216166ad178
76179885086,25918146638,Pixi CI,Install and lint (ubuntu-24.04-arm),completed,success,2026-05-15T12:37:17Z,2026-05-15T12:40:35Z,198,d3d71f1c8c8c4d16bf41847b45c99ce4aa0def63
76177052311,25917308395,Pixi CI,Install and lint (ubuntu-24.04-arm),completed,success,2026-05-15T12:17:05Z,2026-05-15T12:20:36Z,211,8b0aa049cd8c05fd6eae293c7aa31da8db1f185d
76174895793,25916657652,Pixi CI,Install and lint (ubuntu-24.04-arm),completed,success,2026-05-15T12:00:41Z,2026-05-15T12:04:14Z,213,48a65488ac0bf27c2f88bca2ffe8e99f36f03f77
76174839026,25916650290,Pixi CI,Install and lint (ubuntu-24.04-arm),completed,cancelled,2026-05-15T12:00:18Z,2026-05-15T12:00:28Z,10,031b3052a7c6a7d6e54483faf6944d3211a77cc4
76174540800,25916561187,Pixi CI,Install and lint (ubuntu-24.04-arm),completed,success,2026-05-15T11:58:02Z,2026-05-15T12:01:39Z,217,031b3052a7c6a7d6e54483faf6944d3211a77cc4
76171381597,25915611143,Pixi CI,Install and lint (ubuntu-24.04-arm),completed,success,2026-05-15T11:33:38Z,2026-05-15T11:36:51Z,193,3141cc8ae23c398c655272662a156e370fb3be9c
76170328807,25915288107,Pixi CI,Install and lint (ubuntu-24.04-arm),completed,success,2026-05-15T11:25:28Z,2026-05-15T11:29:07Z,219,e748a380a9a1f4b374f5a51e81c9061bc6b495ba
76168950902,25914879710,Pixi CI,Install and lint (ubuntu-24.04-arm),completed,success,2026-05-15T11:14:51Z,2026-05-15T11:18:05Z,194,800c2932274c580831485de73f4dad624af194e3
76167506171,25914453713,Pixi CI,Install and lint (ubuntu-24.04-arm),completed,success,2026-05-15T11:03:43Z,2026-05-15T11:06:55Z,192,c8ca83acfd0c095df3c1e7d80d0074a0c9916629
76164267717,25913505463,Pixi CI,Install and lint (ubuntu-24.04-arm),completed,success,2026-05-15T10:39:34Z,2026-05-15T10:42:50Z,196,53eb8130bd2cefc73e673ddff5c2f754f028aada
76157493830,25911494500,Pixi CI,Install and lint (ubuntu-24.04-arm),completed,success,2026-05-15T09:49:47Z,2026-05-15T09:52:58Z,191,1536a43206ecbc715002251f3aeb9c3da7d59d77
76157233238,25911417955,Pixi CI,Install and lint (ubuntu-24.04-arm),completed,success,2026-05-15T09:47:54Z,2026-05-15T09:51:09Z,195,b792fa7553f45a3117588935887c8b4ed1404451
76150286982,25909368322,Pixi CI,Install and lint (ubuntu-24.04-arm),completed,success,2026-05-15T08:58:16Z,2026-05-15T09:01:07Z,171,1a3943676302a8e6ab8796234ca59b01d989b442
76145378585,25907874233,Pixi CI,Install and lint (ubuntu-24.04-arm),completed,success,2026-05-15T08:21:11Z,2026-05-15T08:25:00Z,229,c1be1865592134a3b35c6fd2355dc871f2b441a4
76145299125,25907853216,Pixi CI,Install and lint (ubuntu-24.04-arm),completed,success,2026-05-15T08:20:33Z,2026-05-15T08:24:04Z,211,15ab23603577815da8d897a175c18c0eba1e41cd
76145212497,25907813883,Pixi CI,Install and lint (ubuntu-24.04-arm),completed,cancelled,2026-05-15T08:19:52Z,2026-05-15T08:21:05Z,73,ec784aabd550903f59c8b6591688a344bbf4d2ee
76144825028,25907709014,Pixi CI,Install and lint (ubuntu-24.04-arm),completed,cancelled,2026-05-15T08:16:56Z,2026-05-15T08:19:47Z,171,64182cf38226cc697c8ad54e466c0363f519cf7e
76143668387,25907498817,Pixi CI,Install and lint (ubuntu-24.04-arm),completed,success,2026-05-15T08:11:15Z,2026-05-15T08:14:30Z,195,657e9a1b3e6d124d2e9d46d40a3be551fcff90f5
76143318518,25907351393,Pixi CI,Install and lint (ubuntu-24.04-arm),completed,cancelled,2026-05-15T08:06:53Z,2026-05-15T08:11:10Z,257,09a22193b9a207c23a31d93e6f79b5234118ef08
76143223096,25907305525,Pixi CI,Install and lint (ubuntu-24.04-arm),completed,cancelled,2026-05-15T08:05:08Z,2026-05-15T08:06:30Z,82,e7ca678b0e05cb22f0b6ec8fb9e91d42f5655020
76143028800,25907220334,Pixi CI,Install and lint (ubuntu-24.04-arm),completed,cancelled,2026-05-15T08:02:04Z,2026-05-15T08:05:06Z,182,6e319617cd193818548242e072ebb277129fc309
76140003467,25906067485,Pixi CI,Install and lint (ubuntu-24.04-arm),completed,success,2026-05-15T07:29:13Z,2026-05-15T07:32:38Z,205,a36cea3a03ef7cd3bac94a6a620f4bc1e3809d70
76123535233,25900798560,Pixi CI,Install and lint (ubuntu-24.04-arm),completed,success,2026-05-15T04:47:07Z,2026-05-15T04:50:15Z,188,b20ac0c84506037ce3bdc88e8b093a3c70bf9e30
76121408942,25900087969,Pixi CI,Install and lint (ubuntu-24.04-arm),completed,success,2026-05-15T04:22:51Z,2026-05-15T04:26:26Z,215,be1989a09db33d3ceb12e6f896e4a45e17eda495
76118640981,25899152310,Pixi CI,Install and lint (ubuntu-24.04-arm),completed,success,2026-05-15T03:48:37Z,2026-05-15T03:51:46Z,189,8312b0a2b9e401aa06daabed89c25f543852d8db
77075165793,25891187401,Pixi CI,Install and lint (ubuntu-24.04-arm),completed,failure,2026-05-20T23:28:18Z,2026-05-20T23:31:40Z,202,89d85ddb89db26dd581077084f017caaae38a207
76049835284,25877897632,Pixi CI,Install and lint (ubuntu-24.04-arm),completed,success,2026-05-14T18:28:21Z,2026-05-14T18:31:44Z,203,c9ed1da6946a045c3e34aa69ad19a00b7caa891d
76046115108,25876819373,Pixi CI,Install and lint (ubuntu-24.04-arm),completed,success,2026-05-14T18:06:38Z,2026-05-14T18:10:06Z,208,1f9dd99064024fcfc919904b4e00002d0e1d0194
76044906256,25876476030,Pixi CI,Install and lint (ubuntu-24.04-arm),completed,success,2026-05-14T17:59:40Z,2026-05-14T18:03:03Z,203,619cbbc02e97372d83a2f0ca75d8800b14907a3a
76043966347,25876205172,Pixi CI,Install and lint (ubuntu-24.04-arm),completed,failure,2026-05-14T17:54:14Z,2026-05-14T17:57:54Z,220,cd6b5f8d8d2c2f76376beeadb4079cb8b051872b
76043990219,25875181364,Pixi CI,Install and lint (ubuntu-24.04-arm),completed,success,2026-05-14T17:54:29Z,2026-05-14T17:57:49Z,200,69c96a21a0702d4cb71e58a08b02dbecfc9fe868
76040286648,25875153760,Pixi CI,Install and lint (ubuntu-24.04-arm),completed,success,2026-05-14T17:32:53Z,2026-05-14T17:36:23Z,210,b9eace2cc198f384ea874ad0fe88e39893b278a3
76039502126,25874929399,Pixi CI,Install and lint (ubuntu-24.04-arm),completed,success,2026-05-14T17:28:18Z,2026-05-14T17:31:34Z,196,e4f64a3e0b496a3f867210687667a3b30a390c92
76036428829,25874038155,Pixi CI,Install and lint (ubuntu-24.04-arm),completed,success,2026-05-14T17:10:21Z,2026-05-14T17:13:41Z,200,e31fc588968383379af3a1620b8d539a77fd2ef6
76020726655,25869549378,Pixi CI,Install and lint (ubuntu-24.04-arm),completed,success,2026-05-14T15:41:16Z,2026-05-14T15:44:39Z,203,c48c16f26eebe82aaedb5ee551d4ead85a13ab64
75999268767,25863496619,Pixi CI,Install and lint (ubuntu-24.04-arm),completed,success,2026-05-14T13:44:25Z,2026-05-14T13:47:44Z,199,e90bd41d593abc4b061a297f284be5e4a53110e6
75982635157,25858634803,Pixi CI,Install and lint (ubuntu-24.04-arm),completed,success,2026-05-14T11:55:23Z,2026-05-14T11:58:56Z,213,821d51b4fc2433ae1e763fbd64c16e38376a7066
75979630367,25857728232,Pixi CI,Install and lint (ubuntu-24.04-arm),completed,success,2026-05-14T11:32:38Z,2026-05-14T11:35:57Z,199,959239c4d16db979d7a96eacf378fc37fc6ebed3
75979530786,25857699217,Pixi CI,Install and lint (ubuntu-24.04-arm),completed,failure,2026-05-14T11:31:52Z,2026-05-14T11:35:08Z,196,9be748ee50a8b111523cb8776e5d6aae9504a7cd
75979064558,25857559134,Pixi CI,Install and lint (ubuntu-24.04-arm),completed,success,2026-05-14T11:28:23Z,2026-05-14T11:31:59Z,216,d18892921d30bb39458bd3fe083f85b973bd96df
75978933542,25857517307,Pixi CI,Install and lint (ubuntu-24.04-arm),completed,success,2026-05-14T11:27:20Z,2026-05-14T11:31:01Z,221,db43da92cec3d3e43190126efefe988d611895b8
75978826620,25857484524,Pixi CI,Install and lint (ubuntu-24.04-arm),completed,success,2026-05-14T11:26:31Z,2026-05-14T11:29:49Z,198,73019917ab35757fe13d689063a0b155bc8861c1
75975357147,25856443224,Pixi CI,Install and lint (ubuntu-24.04-arm),completed,success,2026-05-14T11:00:47Z,2026-05-14T11:03:59Z,192,7e8b4340c972b21ceae6a70c023d3eda80c5d6e9
75974053850,25856052848,Pixi CI,Install and lint (ubuntu-24.04-arm),completed,success,2026-05-14T10:51:23Z,2026-05-14T10:54:35Z,192,ba3cb218666f450dbb188c8c62e6738fa986c6af
75973693253,25855945576,Pixi CI,Install and lint (ubuntu-24.04-arm),completed,success,2026-05-14T10:48:54Z,2026-05-14T10:52:25Z,211,20005c454083859e15269577706b547fb6754072
75972973581,25855730221,Pixi CI,Install and lint (ubuntu-24.04-arm),completed,success,2026-05-14T10:43:41Z,2026-05-14T10:47:10Z,209,910229adc9fd8df05d73b4c6d6cb5d249d3e6bad
75966797468,25853891173,Pixi CI,Install and lint (ubuntu-24.04-arm),completed,success,2026-05-14T09:58:45Z,2026-05-14T10:02:19Z,214,50a8cf72d51872a5acfb24abd6181f1838fe1b0c
75961781554,25852371899,Pixi CI,Install and lint (ubuntu-24.04-arm),completed,success,2026-05-14T09:22:41Z,2026-05-14T09:25:52Z,191,bb60acc3654fa8504929a1e1ed68914ac49357b8
75960316732,25851928603,Pixi CI,Install and lint (ubuntu-24.04-arm),completed,success,2026-05-14T09:12:15Z,2026-05-14T09:15:30Z,195,c57a06bc65c6c823420849484311bfaf31868a8b
75957746228,25851143590,Pixi CI,Install and lint (ubuntu-24.04-arm),completed,success,2026-05-14T08:54:05Z,2026-05-14T08:57:19Z,194,c96821b2174c575be1c38b07a9f296ec515a69a1
75956843860,25850882120,Pixi CI,Install and lint (ubuntu-24.04-arm),completed,success,2026-05-14T08:47:23Z,2026-05-14T08:50:47Z,204,09baeedd3393f6ecc9aef0bca62def6a055751f1
75956525854,25850784543,Pixi CI,Install and lint (ubuntu-24.04-arm),completed,success,2026-05-14T08:45:07Z,2026-05-14T08:48:26Z,199,29aa116a6a497ecff6142e9877e68d079f002037
75955946871,25850609118,Pixi CI,Install and lint (ubuntu-24.04-arm),completed,success,2026-05-14T08:40:37Z,2026-05-14T08:44:18Z,221,8ff340561fbe1e178302ce869433f1cf0fd6c5a0
75953578259,25849877066,Pixi CI,Install and lint (ubuntu-24.04-arm),completed,success,2026-05-14T08:22:47Z,2026-05-14T08:25:57Z,190,46c16fec6c867681af1311f88148a604b4864c74
75953544394,25849851899,Pixi CI,Install and lint (ubuntu-24.04-arm),completed,success,2026-05-14T08:22:38Z,2026-05-14T08:25:51Z,193,3a6f086495f96b544deffc98dcd000e443423d74
75953226784,25849760180,Pixi CI,Install and lint (ubuntu-24.04-arm),completed,cancelled,2026-05-14T08:20:08Z,2026-05-14T08:22:27Z,139,195d3dce869ff50eee483638763a0afdcd17cd48
75952000954,25849383006,Pixi CI,Install and lint (ubuntu-24.04-arm),completed,failure,2026-05-14T08:10:34Z,2026-05-14T08:14:11Z,217,0140a9431aa074c533b707aa9ee433d96a6a5e36
75951824367,25849327350,Pixi CI,Install and lint (ubuntu-24.04-arm),completed,success,2026-05-14T08:09:07Z,2026-05-14T08:12:36Z,209,7c121cf7cb65b3217e02a641c20c5925006576d5
75949511331,25848615505,Pixi CI,Install and lint (ubuntu-24.04-arm),completed,success,2026-05-14T07:50:52Z,2026-05-14T07:54:22Z,210,185bf84c4fd784ab9cb2caaaa8584b9c0299660a
75947200301,25847879686,Pixi CI,Install and lint (ubuntu-24.04-arm),completed,success,2026-05-14T07:31:38Z,2026-05-14T07:35:17Z,219,7b0d80046140b009462a17801fe970c2b2d0de7d
75946647223,25847701093,Pixi CI,Install and lint (ubuntu-24.04-arm),completed,success,2026-05-14T07:27:02Z,2026-05-14T07:30:16Z,194,96604d8738ac8d10a00264a9c7b240f5f4726f2c
75945755103,25847424521,Pixi CI,Install and lint (ubuntu-24.04-arm),completed,success,2026-05-14T07:19:29Z,2026-05-14T07:22:46Z,197,11f8226c39ebc7174b156b1f2eb94598836e754a
76436265526,25845304409,Pixi CI,Install and lint (ubuntu-24.04-arm),completed,success,2026-05-17T23:14:10Z,2026-05-17T23:17:42Z,212,220a214adaa59e2ec08e8172953bba7eab05dd88
75938313998,25845041047,Pixi CI,Install and lint (ubuntu-24.04-arm),completed,success,2026-05-14T06:13:24Z,2026-05-14T06:16:23Z,179,847c6579edbfa0e58cc67aa39e34cc8e8ad8a2ec
75935886749,25844266773,Pixi CI,Install and lint (ubuntu-24.04-arm),completed,success,2026-05-14T05:50:27Z,2026-05-14T05:53:42Z,195,b412be91a2da369b9f5027510ee2250c98f4977d
76040362551,25843856781,Pixi CI,Install and lint (ubuntu-24.04-arm),completed,success,2026-05-14T17:33:18Z,2026-05-14T17:36:45Z,207,6a6349b8809c385ed9f2fb91d96cc14ba2a1da02
75934502496,25843834791,Pixi CI,Install and lint (ubuntu-24.04-arm),completed,success,2026-05-14T05:36:55Z,2026-05-14T05:40:42Z,227,686fb19b80aefd310b365644236ae854ef740a58
75933817564,25843607144,Pixi CI,Install and lint (ubuntu-24.04-arm),completed,success,2026-05-14T05:30:04Z,2026-05-14T05:33:35Z,211,8e9dc5dbc9193b731791e9aed89601bd6f736223
75933762795,25843589001,Pixi CI,Install and lint (ubuntu-24.04-arm),completed,success,2026-05-14T05:29:30Z,2026-05-14T05:32:47Z,197,ec2534aed0f4f2ed1658fd77423bde8fcf7a0c92
75933229868,25843408638,Pixi CI,Install and lint (ubuntu-24.04-arm),completed,success,2026-05-14T05:23:57Z,2026-05-14T05:27:21Z,204,42c047662d5139bb3c563450b65434d92cf9cf02
75932815080,25843260535,Pixi CI,Install and lint (ubuntu-24.04-arm),completed,success,2026-05-14T05:19:45Z,2026-05-14T05:23:26Z,221,9940a60a8efa91b67177183d28d2cae81742b4c5
75932135778,25843032497,Pixi CI,Install and lint (ubuntu-24.04-arm),completed,success,2026-05-14T05:12:41Z,2026-05-14T05:16:11Z,210,00c631232956e0a5d59ed37654843006bfbecb6d
75932082022,25843023202,Pixi CI,Install and lint (ubuntu-24.04-arm),completed,success,2026-05-14T05:12:06Z,2026-05-14T05:15:21Z,195,b8cd7f684bd026f3d1265796403dafe4bce05ac6
75931628332,25842866806,Pixi CI,Install and lint (ubuntu-24.04-arm),completed,success,2026-05-14T05:07:02Z,2026-05-14T05:10:15Z,193,e634a6886e05786ff9b90b02259259bfc73c1bca
75928873897,25841922540,Pixi CI,Install and lint (ubuntu-24.04-arm),completed,success,2026-05-14T04:36:14Z,2026-05-14T04:39:27Z,193,9eb3f61248242d4ede5b310890b9c6366255f5ec
75925583112,25840828461,Pixi CI,Install and lint (ubuntu-24.04-arm),completed,success,2026-05-14T03:59:45Z,2026-05-14T04:03:22Z,217,f2a83da0c23c98a73a2881e3cb64320dc4baca56
75924938599,25840609264,Pixi CI,Install and lint (ubuntu-24.04-arm),completed,success,2026-05-14T03:52:14Z,2026-05-14T03:55:46Z,212,b8d918d42b86376aca529797cd369e8604058491
75919275719,25838735294,Pixi CI,Install and lint (ubuntu-24.04-arm),completed,success,2026-05-14T02:49:44Z,2026-05-14T02:53:00Z,196,7cde2b9e0ffda9ffe050a43b83eabf02cf7979a2
75918039447,25838315630,Pixi CI,Install and lint (ubuntu-24.04-arm),completed,success,2026-05-14T02:35:52Z,2026-05-14T02:39:29Z,217,756b2a778a1d3b677e856e8dd627b401416c0e41
75913176037,25836686885,Pixi CI,Install and lint (ubuntu-24.04-arm),completed,success,2026-05-14T01:43:13Z,2026-05-14T01:46:33Z,200,ab8ad54f70c45452a6118f245e97805c64fffe81
75912229421,25836378182,Pixi CI,Install and lint (ubuntu-24.04-arm),completed,success,2026-05-14T01:32:55Z,2026-05-14T01:36:12Z,197,c7027a8ab99d923f49feba23d2dd1b9c64a29b89
75903927567,25833666240,Pixi CI,Install and lint (ubuntu-24.04-arm),completed,success,2026-05-14T00:07:09Z,2026-05-14T00:12:15Z,306,804d90157b540333659bbf3fa9af58d0c65fcb2d
75901720698,25832930794,Pixi CI,Install and lint (ubuntu-24.04-arm),completed,success,2026-05-13T23:45:31Z,2026-05-13T23:50:41Z,310,23e6c29d62b805aafecb972a7cc31fa0790c5009
75901338641,25832802016,Pixi CI,Install and lint (ubuntu-24.04-arm),completed,cancelled,2026-05-13T23:41:50Z,2026-05-13T23:45:27Z,217,b75d81962e1ab3ace71d551279655d9405fda82c
75901086865,25832731347,Pixi CI,Install and lint (ubuntu-24.04-arm),completed,cancelled,2026-05-13T23:39:23Z,2026-05-13T23:41:45Z,142,158290987fb0beaaa727a18c49e5b128a41a8d93
75895769826,25831016473,Pixi CI,Install and lint (ubuntu-24.04-arm),completed,success,2026-05-13T22:52:20Z,2026-05-13T22:57:07Z,287,6b814cd4bdd28e819f27a3de6621b7863fba217e
75895512925,25830923154,Pixi CI,Install and lint (ubuntu-24.04-arm),completed,cancelled,2026-05-13T22:50:16Z,2026-05-13T22:52:13Z,117,7c53e272d4562274df7f300f423845a8840bba82
75895368800,25830906866,Pixi CI,Install and lint (ubuntu-24.04-arm),completed,cancelled,2026-05-13T22:49:10Z,2026-05-13T22:49:49Z,39,9913a85cbf9893ab8ec017d1520d96ba1b6e884a
75930855184,25827237387,Pixi CI,Install and lint (ubuntu-24.04-arm),completed,success,2026-05-14T04:58:25Z,2026-05-14T05:03:33Z,308,21e108ef7046d821905d3c208ad0bec9385e73e4
75871230765,25823686115,Pixi CI,Install and lint (ubuntu-24.04-arm),completed,success,2026-05-13T20:10:54Z,2026-05-13T20:15:48Z,294,a4beff1e802b0bb5577e75271917222ba1bb2869
75869243900,25823113417,Pixi CI,Install and lint (ubuntu-24.04-arm),completed,failure,2026-05-13T19:59:26Z,2026-05-13T20:04:23Z,297,b04593d556b9b9d8a224c61275bc60289adb78aa
75866275355,25822248678,Pixi CI,Install and lint (ubuntu-24.04-arm),completed,success,2026-05-13T19:42:17Z,2026-05-13T19:47:19Z,302,df467bdf8c6bf27f9a1800d9ade6e77809a4f359
75930818544,25815847944,Pixi CI,Install and lint (ubuntu-24.04-arm),completed,success,2026-05-14T04:58:01Z,2026-05-14T05:03:12Z,311,cc02bc7b88892560fb71fbe632a745b459a4422a
75842811955,25815513724,Pixi CI,Install and lint (ubuntu-24.04-arm),completed,failure,2026-05-13T17:30:24Z,2026-05-13T17:35:37Z,313,1deca92363db01b1086971fea00ed12198934b9e
75842601236,25815400945,Pixi CI,Install and lint (ubuntu-24.04-arm),completed,failure,2026-05-13T17:29:07Z,2026-05-13T17:34:32Z,325,cdb11a9b45ef75ed1e164fc182d686f9c1249b77
75842380869,25815244633,Pixi CI,Install and lint (ubuntu-24.04-arm),completed,cancelled,2026-05-13T17:27:51Z,2026-05-13T17:28:58Z,67,f918317cbfe42534d6b1c9545185a2b9c31211bb
75841133635,25814979431,Pixi CI,Install and lint (ubuntu-24.04-arm),completed,success,2026-05-13T17:20:59Z,2026-05-13T17:26:19Z,320,fc131ecf091e8a35a07f81906f83c4829ef21140
75840736277,25814915284,Pixi CI,Install and lint (ubuntu-24.04-arm),completed,cancelled,2026-05-13T17:18:49Z,2026-05-13T17:20:49Z,120,fc131ecf091e8a35a07f81906f83c4829ef21140
75838606685,25814307963,Pixi CI,Install and lint (ubuntu-24.04-arm),completed,success,2026-05-13T17:06:49Z,2026-05-13T17:12:05Z,316,4d25bf19e5a212890efcb835f9e67d57ad6c6d36
75836988511,25813790545,Pixi CI,Install and lint (ubuntu-24.04-arm),completed,success,2026-05-13T16:57:54Z,2026-05-13T17:03:00Z,306,4668f9b74297852628b48d9e27f213e40910296b
75832527082,25812581100,Pixi CI,Install and lint (ubuntu-24.04-arm),completed,success,2026-05-13T16:33:39Z,2026-05-13T16:38:32Z,293,f57ddf1aa6faf925972c99e9a70e770a090758c4
75804427240,25804805090,Pixi CI,Install and lint (ubuntu-24.04-arm),completed,success,2026-05-13T14:15:03Z,2026-05-13T14:19:51Z,288,29d46ab6e8eec4b8f09115aa068218368c4901de
75802015879,25804139228,Pixi CI,Install and lint (ubuntu-24.04-arm),completed,success,2026-05-13T14:03:09Z,2026-05-13T14:08:23Z,314,4ee00680809ce7d5a3450ec307ffdcdc78aa71d8
75801869929,25804098801,Pixi CI,Install and lint (ubuntu-24.04-arm),completed,success,2026-05-13T14:02:27Z,2026-05-13T14:07:29Z,302,2457bc1592f20250c758678b9ab50f2fcc6c57aa
75799972486,25803565983,Pixi CI,Install and lint (ubuntu-24.04-arm),completed,success,2026-05-13T13:53:14Z,2026-05-13T13:58:03Z,289,d12da7377b89fe23238eda5f117ed975b3b81188
75799731020,25803498745,Pixi CI,Install and lint (ubuntu-24.04-arm),completed,success,2026-05-13T13:52:12Z,2026-05-13T13:57:26Z,314,fc68af72f361b19ac6c43e5cf608afb3a2c23c4a
75797530675,25802892635,Pixi CI,Install and lint (ubuntu-24.04-arm),completed,success,2026-05-13T13:41:28Z,2026-05-13T13:46:36Z,308,14b59c412db6dcca36a4b73ef3111d54899ac339
75796704938,25802665077,Pixi CI,Install and lint (ubuntu-24.04-arm),completed,failure,2026-05-13T13:37:30Z,2026-05-13T13:42:36Z,306,191b13bf25ab9d7631da2459b827dbe8dc1b3b89
75788395677,25800356701,Pixi CI,Install and lint (ubuntu-24.04-arm),completed,success,2026-05-13T12:53:50Z,2026-05-13T12:57:37Z,227,e08c328ece692dacb34975aae039378865592895
75786373269,25799794972,Pixi CI,Install and lint (ubuntu-24.04-arm),completed,success,2026-05-13T12:42:45Z,2026-05-13T12:47:22Z,277,01a643c878f8daf9d6eaa424375cee53d1052a32
75784311579,25799208625,Pixi CI,Install and lint (ubuntu-24.04-arm),completed,success,2026-05-13T12:30:57Z,2026-05-13T12:35:06Z,249,9627f352de509686404391b3a3d27a9191cc1e21
75772275764,25795683519,Pixi CI,Install and lint (ubuntu-24.04-arm),completed,success,2026-05-13T11:16:45Z,2026-05-13T11:21:48Z,303,09e1d86c59ea1a5291ca812f6be030279a6ebc55
75738445617,25785425905,Pixi CI,Install and lint (ubuntu-24.04-arm),completed,success,2026-05-13T07:46:36Z,2026-05-13T07:51:57Z,321,f1fd19ed1065072589147a7e03b2b80fc5a431cc
75737105691,25785289079,Pixi CI,Install and lint (ubuntu-24.04-arm),completed,success,2026-05-13T07:37:21Z,2026-05-13T07:42:36Z,315,e12c2e2092abf9f475a16d41452713803bd9dee4
75733389864,25784147564,Pixi CI,Install and lint (ubuntu-24.04-arm),completed,success,2026-05-13T07:11:11Z,2026-05-13T07:16:29Z,318,b787594e532421217dd7e3a580b72d376a62f0b3
75730725984,25783324965,Pixi CI,Install and lint (ubuntu-24.04-arm),completed,failure,2026-05-13T06:51:15Z,2026-05-13T06:55:53Z,278,e1c33bd4e9e5c56d621ad745544d502de7a0bf3b
75730652178,25783301424,Pixi CI,Install and lint (ubuntu-24.04-arm),completed,success,2026-05-13T06:50:34Z,2026-05-13T06:54:45Z,251,f07d4b0c59318c103f080e893112a8eb918b8864
75729942883,25783047666,Pixi CI,Install and lint (ubuntu-24.04-arm),completed,success,2026-05-13T06:44:50Z,2026-05-13T06:50:12Z,322,feccca88eb9a716c18359616eb3530a18630650e
75724360720,25781302779,Pixi CI,Install and lint (ubuntu-24.04-arm),completed,success,2026-05-13T05:57:47Z,2026-05-13T06:02:31Z,284,cd5e40e005ad778cc15c4b427d2ba5e0150adc61
75718780867,25779465650,Pixi CI,Install and lint (ubuntu-24.04-arm),completed,success,2026-05-13T05:04:18Z,2026-05-13T05:09:10Z,292,c8197a8ddd50c2266a6e4857014270d9f1212adf
75717777451,25779114133,Pixi CI,Install and lint (ubuntu-24.04-arm),completed,failure,2026-05-13T04:53:25Z,2026-05-13T04:58:00Z,275,bbea7c6bae5f0ea751c1f234fc8617e74506ee57
75717733572,25779097582,Pixi CI,Install and lint (ubuntu-24.04-arm),completed,failure,2026-05-13T04:52:55Z,2026-05-13T04:57:41Z,286,39677cb4b49256aadaea067036479324dbe14aed
75716597170,25778707131,Pixi CI,Install and lint (ubuntu-24.04-arm),completed,failure,2026-05-13T04:40:47Z,2026-05-13T04:45:51Z,304,f0064d407fb63ec01892254ae97d9520caae500e
76327869167,25777877652,Pixi CI,Install and lint (ubuntu-24.04-arm),completed,cancelled,2026-05-16T15:13:44Z,2026-05-16T15:13:46Z,2,08eb6b0c2e4263700c93b11c277b4a530e1ade0d
75714059477,25777839414,Pixi CI,Install and lint (ubuntu-24.04-arm),completed,failure,2026-05-13T04:13:46Z,2026-05-13T04:18:30Z,284,3702b5c7064d942123e02fdf6538a2a99367f90c
75712934546,25777451521,Pixi CI,Install and lint (ubuntu-24.04-arm),completed,failure,2026-05-13T04:01:10Z,2026-05-13T04:06:02Z,292,8b0b8340bb9ccec90f317265c577085be7bf1ad9
75711142834,25776827459,Pixi CI,Install and lint (ubuntu-24.04-arm),completed,failure,2026-05-13T03:40:52Z,2026-05-13T03:45:34Z,282,fa81b8439e265262b9e7dfbbe0089fd423812209
75711026582,25776777640,Pixi CI,Install and lint (ubuntu-24.04-arm),completed,failure,2026-05-13T03:39:35Z,2026-05-13T03:43:37Z,242,a7c3217224cec027a41e6c222ae6d309a19a7351
75710653035,25776660735,Pixi CI,Install and lint (ubuntu-24.04-arm),completed,cancelled,2026-05-13T03:35:19Z,2026-05-13T03:39:29Z,250,a83a6ba965d4403e3f4a2f7e8375c4f46d29fba0
75710161176,25776481464,Pixi CI,Install and lint (ubuntu-24.04-arm),completed,failure,2026-05-13T03:29:58Z,2026-05-13T03:35:04Z,306,ca26374f63e4e63cb676049c5ac04566e2319d79
75709833420,25776392165,Pixi CI,Install and lint (ubuntu-24.04-arm),completed,failure,2026-05-13T03:26:39Z,2026-05-13T03:31:23Z,284,c9d2666619a68a9cec92c172a1d1a78b1da12952
75709781476,25776375109,Pixi CI,Install and lint (ubuntu-24.04-arm),completed,failure,2026-05-13T03:26:07Z,2026-05-13T03:31:14Z,307,12a3c7413b9da0f4f867a1f73b55b754671c6532
75709725493,25776358504,Pixi CI,Install and lint (ubuntu-24.04-arm),completed,cancelled,2026-05-13T03:25:33Z,2026-05-13T03:29:50Z,257,e00b6f5bb87ecdf40ba724126a78e14dd6906744
75709158055,25776173813,Pixi CI,Install and lint (ubuntu-24.04-arm),completed,failure,2026-05-13T03:19:43Z,2026-05-13T03:24:44Z,301,d5f44d3f3868e5a662cceeb9e301c6ab3a447136
75708039475,25775787475,Pixi CI,Install and lint (ubuntu-24.04-arm),completed,failure,2026-05-13T03:08:11Z,2026-05-13T03:12:53Z,282,8c74e762f494ff3ab16f44c6bd68e7a9546fc53b
75707650069,25775682579,Pixi CI,Install and lint (ubuntu-24.04-arm),completed,success,2026-05-13T03:04:04Z,2026-05-13T03:07:55Z,231,b4074dc4e3ac9a492244c53442e937c553d2ab6a
75707622232,25775673114,Pixi CI,Install and lint (ubuntu-24.04-arm),completed,success,2026-05-13T03:03:48Z,2026-05-13T03:08:46Z,298,1d095c4860589de03b5ea1bc72ff2d3603e24e08
75707584271,25775661368,Pixi CI,Install and lint (ubuntu-24.04-arm),completed,success,2026-05-13T03:03:23Z,2026-05-13T03:07:26Z,243,e92c96308d0fb17edcd87ab4dfbc0ffe4ab4efab
75707952471,25774618010,Pixi CI,Install and lint (ubuntu-24.04-arm),completed,cancelled,2026-05-13T03:07:18Z,2026-05-13T03:08:02Z,44,564b74c96fb70a91e7f67fd791a6409850c273fc
75703075225,25774095942,Pixi CI,Install and lint (ubuntu-24.04-arm),completed,success,2026-05-13T02:16:07Z,2026-05-13T02:20:50Z,283,713aa999a469a3e84011be44b5197b2a872f80c6
75702763336,25773979610,Pixi CI,Install and lint (ubuntu-24.04-arm),completed,failure,2026-05-13T02:12:43Z,2026-05-13T02:14:01Z,78,853ba4dd6a27a2704a28c991148e26a38d6f73e5
75702682287,25773950504,Pixi CI,Install and lint (ubuntu-24.04-arm),completed,cancelled,2026-05-13T02:11:52Z,2026-05-13T02:12:38Z,46,9cde8d0d5f2185a04d5b3d9f32158b205956c2d0
75702499686,25773901410,Pixi CI,Install and lint (ubuntu-24.04-arm),completed,failure,2026-05-13T02:10:03Z,2026-05-13T02:11:20Z,77,b1052a6b6797091dd37a2b2af65838dacff5b210
75700976912,25773392491,Pixi CI,Install and lint (ubuntu-24.04-arm),completed,failure,2026-05-13T01:55:06Z,2026-05-13T02:00:08Z,302,1d1e44b4654e332ee51acb7464b572e31e603a6d
75700875591,25773357395,Pixi CI,Install and lint (ubuntu-24.04-arm),completed,success,2026-05-13T01:54:03Z,2026-05-13T01:59:06Z,303,dfce06ad64de14dad08b0d42f0310d57cb13af7d
75699959833,25773036844,Pixi CI,Install and lint (ubuntu-24.04-arm),completed,success,2026-05-13T01:44:51Z,2026-05-13T01:50:03Z,312,3fa1443ec63d47a083fdfb9228447d4dfbfa6b60
75699391754,25772837553,Pixi CI,Install and lint (ubuntu-24.04-arm),completed,success,2026-05-13T01:39:14Z,2026-05-13T01:44:15Z,301,3c405979d7438c26a089cd861e84ca898cb44e90
75699142830,25772768451,Pixi CI,Install and lint (ubuntu-24.04-arm),completed,cancelled,2026-05-13T01:36:46Z,2026-05-13T01:38:56Z,130,b41229be01c2897e603868da7c263dcb3f718353
75697764278,25772285498,Pixi CI,Install and lint (ubuntu-24.04-arm),completed,success,2026-05-13T01:22:55Z,2026-05-13T01:26:58Z,243,019e628542a6bf7306847bba129cfea8a12c7610
75697206374,25772091694,Pixi CI,Install and lint (ubuntu-24.04-arm),completed,failure,2026-05-13T01:17:26Z,2026-05-13T01:22:08Z,282,f846e096c3cac12b4ba577794e6509b987486c80
75696584661,25771889744,Pixi CI,Install and lint (ubuntu-24.04-arm),completed,success,2026-05-13T01:11:09Z,2026-05-13T01:16:15Z,306,659aa44d1970e25669915bf9029a626f3d0615b5
75694167141,25771086711,Pixi CI,Install and lint (ubuntu-24.04-arm),completed,success,2026-05-13T00:47:43Z,2026-05-13T00:52:18Z,275,e56b433b11aaa9889332983e6d87f7eea79942bf
75691872389,25770324638,Pixi CI,Install and lint (ubuntu-24.04-arm),completed,success,2026-05-13T00:26:09Z,2026-05-13T00:31:07Z,298,1dd664afb234d7e0f1e71c9d453dc857c6d9608d
75691666277,25770269044,Pixi CI,Install and lint (ubuntu-24.04-arm),completed,cancelled,2026-05-13T00:24:03Z,2026-05-13T00:25:57Z,114,4901aa8e65f486ff9bc2dd84a68f5d34fd031cdd
75691382105,25770178982,Pixi CI,Install and lint (ubuntu-24.04-arm),completed,success,2026-05-13T00:21:22Z,2026-05-13T00:26:24Z,302,c25e459e585ca43c97ff7d0fdcfd0a30b083ccb5
75689793795,25769656019,Pixi CI,Install and lint (ubuntu-24.04-arm),completed,failure,2026-05-13T00:06:10Z,2026-05-13T00:11:13Z,303,4c271187a938f49cf1d88812872c206118f6b6dd
75686660398,25766951386,Pixi CI,Install and lint (ubuntu-24.04-arm),completed,failure,2026-05-12T23:37:09Z,2026-05-12T23:41:14Z,245,f926eb27522a5e06a4971d2ca9d6f50149e74ed4
75672412505,25764105868,Pixi CI,Install and lint (ubuntu-24.04-arm),completed,success,2026-05-12T21:46:10Z,2026-05-12T21:51:11Z,301,08780259456110cc4ede94cda26bc30bb1784a1e
75664086298,25761654213,Pixi CI,Install and lint (ubuntu-24.04-arm),completed,success,2026-05-12T20:55:04Z,2026-05-12T21:00:14Z,310,52d8b37e5abe45bbf786f9bc563014059ae326cf
75659575743,25760351752,Pixi CI,Install and lint (ubuntu-24.04-arm),completed,success,2026-05-12T20:29:15Z,2026-05-12T20:34:22Z,307,003b242f16aec3270d1d3e17afa953d65a5ca666
75657955681,25759830525,Pixi CI,Install and lint (ubuntu-24.04-arm),completed,failure,2026-05-12T20:19:53Z,2026-05-12T20:24:22Z,269,312a0da653d00c0f979444c0772fc2186c618953
75657300674,25759611396,Pixi CI,Install and lint (ubuntu-24.04-arm),completed,cancelled,2026-05-12T20:16:07Z,2026-05-12T20:19:45Z,218,46ac9c88d59e24d53c9aa96e2843e532c2fec610
75656440781,25759432524,Pixi CI,Install and lint (ubuntu-24.04-arm),completed,cancelled,2026-05-12T20:11:06Z,2026-05-12T20:14:55Z,229,57a1f072e1b8f10fb7e4ed38a93bed34c87883c7
75654384739,25758835785,Pixi CI,Install and lint (ubuntu-24.04-arm),completed,failure,2026-05-12T19:59:27Z,2026-05-12T20:04:04Z,277,ef70dbb79d676c9c89e31d8982245e2db117e784
75652750418,25758366562,Pixi CI,Install and lint (ubuntu-24.04-arm),completed,success,2026-05-12T19:50:10Z,2026-05-12T19:54:55Z,285,932ee160668266d29f0a16c9bebc5a998e6d7acf
75650370705,25757685094,Pixi CI,Install and lint (ubuntu-24.04-arm),completed,success,2026-05-12T19:36:18Z,2026-05-12T19:40:55Z,277,db5acfa89b5a2756d5cf643a57d12632d28c5410
75650093282,25757607993,Pixi CI,Install and lint (ubuntu-24.04-arm),completed,success,2026-05-12T19:34:44Z,2026-05-12T19:39:57Z,313,59db2898d3d2fd263b872b7e23e41f8f1d4eb993
75645568101,25756318652,Pixi CI,Install and lint (ubuntu-24.04-arm),completed,success,2026-05-12T19:09:32Z,2026-05-12T19:14:25Z,293,d74f206c72b75f8025aa75456a188d238564b10a
75643193521,25755634872,Pixi CI,Install and lint (ubuntu-24.04-arm),completed,success,2026-05-12T18:56:19Z,2026-05-12T19:01:07Z,288,4da22aa8c80e6c5f026993f4241ff7802c50cd5e
75642857217,25755534009,Pixi CI,Install and lint (ubuntu-24.04-arm),completed,success,2026-05-12T18:54:31Z,2026-05-12T18:59:07Z,276,ae53b476ae7559693fad8fa1c1b56c2991c0fa71
75640824574,25754920479,Pixi CI,Install and lint (ubuntu-24.04-arm),completed,success,2026-05-12T18:43:36Z,2026-05-12T18:48:41Z,305,5b2a3c8df76ec0090ccca9fe082d7f6791913296
75640228490,25754781629,Pixi CI,Install and lint (ubuntu-24.04-arm),completed,success,2026-05-12T18:40:20Z,2026-05-12T18:45:15Z,295,e2c985811a160a63ee52a20cfa61c59eb138dfb9
75638283992,25754227743,Pixi CI,Install and lint (ubuntu-24.04-arm),completed,success,2026-05-12T18:29:53Z,2026-05-12T18:35:03Z,310,144453cbab297b6624189ae05522adbf90a5a64b
75636500293,25753712743,Pixi CI,Install and lint (ubuntu-24.04-arm),completed,success,2026-05-12T18:20:14Z,2026-05-12T18:23:36Z,202,0e727f43afa90469e1b9f79d4680b12cb6105b2c
75629875565,25751785336,Pixi CI,Install and lint (ubuntu-24.04-arm),completed,success,2026-05-12T17:44:05Z,2026-05-12T17:49:20Z,315,3ba18f5755b7778efa80ade14efa0680dd5d23f0
75635882363,25751591918,Pixi CI,Install and lint (ubuntu-24.04-arm),completed,success,2026-05-12T18:16:49Z,2026-05-12T18:21:56Z,307,711d1cbc907863d8c73f75017be5df908f0870d8
75628144116,25751295502,Pixi CI,Install and lint (ubuntu-24.04-arm),completed,failure,2026-05-12T17:34:34Z,2026-05-12T17:39:14Z,280,2f760fb861d93eab0927e6ccf8bb5fbd3c6fc357
75627603063,25751159103,Pixi CI,Install and lint (ubuntu-24.04-arm),completed,cancelled,2026-05-12T17:31:43Z,2026-05-12T17:34:31Z,168,3eab8d9915094fe7f6de229c7a8f5cde9dcd49b3
75627363254,25751117640,Pixi CI,Install and lint (ubuntu-24.04-arm),completed,cancelled,2026-05-12T17:30:24Z,2026-05-12T17:31:32Z,68,d74c583fe93e3712632d9e1c5d763addc88e9a7a
75624932660,25750403981,Pixi CI,Install and lint (ubuntu-24.04-arm),completed,success,2026-05-12T17:16:57Z,2026-05-12T17:22:11Z,314,b0b53d216556d78dc8d032aa865297a5ba0a63c9
75624085187,25750171776,Pixi CI,Install and lint (ubuntu-24.04-arm),completed,cancelled,2026-05-12T17:12:19Z,2026-05-12T17:16:47Z,268,5c12698653ac36564f60434c0858ee7ccc1b5cea
75687044738,25748790618,Pixi CI,Install and lint (ubuntu-24.04-arm),completed,failure,2026-05-12T23:40:41Z,2026-05-12T23:45:47Z,306,1c484c5dae3e853c6b41c2f4cb57c4a5072a7ee1
75616829691,25748119703,Pixi CI,Install and lint (ubuntu-24.04-arm),completed,success,2026-05-12T16:33:05Z,2026-05-12T16:38:05Z,300,180735ac1615c715170b2876d54064a51b873616
75616241265,25747412228,Pixi CI,Install and lint (ubuntu-24.04-arm),completed,success,2026-05-12T16:30:05Z,2026-05-12T16:35:15Z,310,0808b350e96de0c9c7de9467fd978c56051dc0e1
75611869261,25746726237,Pixi CI,Install and lint (ubuntu-24.04-arm),completed,success,2026-05-12T16:07:05Z,2026-05-12T16:12:08Z,303,f9aa5169126d9c77b2264112c737ed824889098d
75614297107,25745776926,Pixi CI,Install and lint (ubuntu-24.04-arm),completed,success,2026-05-12T16:19:44Z,2026-05-12T16:24:33Z,289,6fba59f7516b01bc072f4d313bee092ea5c5e935
75598176492,25742937158,Pixi CI,Install and lint (ubuntu-24.04-arm),completed,success,2026-05-12T15:00:45Z,2026-05-12T15:05:18Z,273,db278cda042f4a914882fc24dace75bdc2e098f9
75592011039,25741273705,Pixi CI,Install and lint (ubuntu-24.04-arm),completed,success,2026-05-12T14:32:16Z,2026-05-12T14:37:17Z,301,4faeaabbc533b13b48e48536d7efeb96181ed685
75583394427,25738888500,Pixi CI,Install and lint (ubuntu-24.04-arm),completed,success,2026-05-12T13:51:10Z,2026-05-12T13:55:35Z,265,9b956f3cf94ac60c551c076dc809033b72008c50
75576624470,25737016867,Pixi CI,Install and lint (ubuntu-24.04-arm),completed,success,2026-05-12T13:17:36Z,2026-05-12T13:22:42Z,306,b3e8c958e27e9c068bcb01d94641a52c03d50c3b
75573755456,25736138711,Pixi CI,Install and lint (ubuntu-24.04-arm),completed,success,2026-05-12T13:02:43Z,2026-05-12T13:07:52Z,309,9853e771a8e082ed0ac94a939a34badaa1d1c049
75573308896,25736064983,Pixi CI,Install and lint (ubuntu-24.04-arm),completed,cancelled,2026-05-12T13:00:23Z,2026-05-12T13:02:21Z,118,7008bfbc48102247d83f9eb50bb6d2f802ea04ff
75570511791,25735275404,Pixi CI,Install and lint (ubuntu-24.04-arm),completed,failure,2026-05-12T12:45:45Z,2026-05-12T12:50:58Z,313,2c50a5b2eabd69eca482c5d817e38fcb97735607
75570068320,25735149233,Pixi CI,Install and lint (ubuntu-24.04-arm),completed,success,2026-05-12T12:43:10Z,2026-05-12T12:47:58Z,288,1fbcf990fe941c4b183eafd3d48bc762c2adc299
75568173369,25734613385,Pixi CI,Install and lint (ubuntu-24.04-arm),completed,success,2026-05-12T12:32:32Z,2026-05-12T12:37:37Z,305,00b48051e123bc04a43281cea6ecdd3934a94c0c
75567014503,25734275450,Pixi CI,Install and lint (ubuntu-24.04-arm),completed,success,2026-05-12T12:25:52Z,2026-05-12T12:30:36Z,284,6ada500b763bd93292d8c12362eaa963855875ae
75561582415,25732676092,Pixi CI,Install and lint (ubuntu-24.04-arm),completed,success,2026-05-12T11:53:22Z,2026-05-12T11:58:21Z,299,538261b80ceedc08864b784a2dc6992740606f4a
75559298757,25731997075,Pixi CI,Install and lint (ubuntu-24.04-arm),completed,success,2026-05-12T11:39:13Z,2026-05-12T11:44:16Z,303,a825b9c20ce5cf2a41e34ec1c9568d2e063d92f7
75556239494,25731073075,Pixi CI,Install and lint (ubuntu-24.04-arm),completed,success,2026-05-12T11:19:57Z,2026-05-12T11:24:43Z,286,f9ab8a9a89db5fd7f639fe3d9625b993641b7797
75555970607,25731010331,Pixi CI,Install and lint (ubuntu-24.04-arm),completed,cancelled,2026-05-12T11:18:09Z,2026-05-12T11:19:44Z,95,db114293df3a04e9abdce09c9af08f585ce5432f
75554605280,25730594416,Pixi CI,Install and lint (ubuntu-24.04-arm),completed,success,2026-05-12T11:09:41Z,2026-05-12T11:14:22Z,281,e6b4ba3f5e18d87717b842a9caf8a23010e379aa
75554505820,25730579293,Pixi CI,Install and lint (ubuntu-24.04-arm),completed,cancelled,2026-05-12T11:08:55Z,2026-05-12T11:09:13Z,18,b8f2ac4ae6fce0d9a46e088a2e463b0a024a9f9d
75552937268,25730123745,Pixi CI,Install and lint (ubuntu-24.04-arm),completed,success,2026-05-12T10:59:18Z,2026-05-12T11:04:40Z,322,44c2a8ebeecd8fc8628ed1738178392105e46f0f
75549283473,25729058756,Pixi CI,Install and lint (ubuntu-24.04-arm),completed,success,2026-05-12T10:36:48Z,2026-05-12T10:41:46Z,298,0ba58bc3fb7235ed14c9573195555b3fcc5a1db7
75546790048,25728328245,Pixi CI,Install and lint (ubuntu-24.04-arm),completed,failure,2026-05-12T10:20:55Z,2026-05-12T10:25:53Z,298,9978819b80546e08eb7c598931b79287ba88743a
75544061733,25727530881,Pixi CI,Install and lint (ubuntu-24.04-arm),completed,success,2026-05-12T10:04:04Z,2026-05-12T10:09:15Z,311,e3576fb495ce944d4cc227aec1d54237dde1b42c
75542786635,25727137610,Pixi CI,Install and lint (ubuntu-24.04-arm),completed,success,2026-05-12T09:56:45Z,2026-05-12T10:01:19Z,274,cbf3bae8628bc5914de44103d6900fc67915ada2
75540876219,25726606272,Pixi CI,Install and lint (ubuntu-24.04-arm),completed,failure,2026-05-12T09:45:30Z,2026-05-12T09:50:30Z,300,9d3058696dbe246fcd789c5f2e0e152961fac3ee
75536377528,25725294396,Pixi CI,Install and lint (ubuntu-24.04-arm),completed,success,2026-05-12T09:18:56Z,2026-05-12T09:22:27Z,211,45832d4495694df606fd08000b8eb356a460e4a0
75534032311,25724605242,Pixi CI,Install and lint (ubuntu-24.04-arm),completed,success,2026-05-12T09:04:53Z,2026-05-12T09:09:37Z,284,92b94eaa650aadfa2593da1f5e8c9b14f73ac1e9
75484981235,25708962543,Pixi CI,Install and lint (ubuntu-24.04-arm),completed,success,2026-05-12T02:09:16Z,2026-05-12T02:13:47Z,271,fe193bd684a7f8ed086638004a9139153b78b3aa
75450173876,25697707318,Pixi CI,Install and lint (ubuntu-24.04-arm),completed,success,2026-05-11T21:14:35Z,2026-05-11T21:19:35Z,300,ee52cbaf92bca8d493dfe1a1dd908af34922b645
75449028841,25697367717,Pixi CI,Install and lint (ubuntu-24.04-arm),completed,success,2026-05-11T21:07:42Z,2026-05-11T21:12:24Z,282,6865a04f54284b8ba2b60355239d90fb9a7d947a
75448641349,25697299004,Pixi CI,Install and lint (ubuntu-24.04-arm),completed,success,2026-05-11T21:05:24Z,2026-05-11T21:10:06Z,282,f179792e7e12916ea6a5cdd8c374b01cb3ab2491
75448386016,25697175064,Pixi CI,Install and lint (ubuntu-24.04-arm),completed,cancelled,2026-05-11T21:04:00Z,2026-05-11T21:07:39Z,219,fc87e7405122a18ce3334edd0ebdc378cc34cd83
75447177458,25696867514,Pixi CI,Install and lint (ubuntu-24.04-arm),completed,success,2026-05-11T20:56:59Z,2026-05-11T21:01:41Z,282,04ed55d307813fd32aa9dbba6eb1f751dd92801d
75439470798,25694595399,Pixi CI,Install and lint (ubuntu-24.04-arm),completed,success,2026-05-11T20:12:14Z,2026-05-11T20:17:10Z,296,070e66a90af079934a5cdd5995e727c301407146
75438596390,25694344568,Pixi CI,Install and lint (ubuntu-24.04-arm),completed,success,2026-05-11T20:07:15Z,2026-05-11T20:12:27Z,312,62f3de76b39e48be331ea51d57dfd601672c2402
75434723886,25693187294,Pixi CI,Install and lint (ubuntu-24.04-arm),completed,success,2026-05-11T19:44:55Z,2026-05-11T19:49:34Z,279,426895678d3d7a87756ac388d7c2a67a4bac146d
75433709258,25692910070,Pixi CI,Install and lint (ubuntu-24.04-arm),completed,success,2026-05-11T19:38:56Z,2026-05-11T19:43:36Z,280,d1745e133e824a67ad67038ba4ba88a2dd6e8639
75432938494,25692685203,Pixi CI,Install and lint (ubuntu-24.04-arm),completed,success,2026-05-11T19:34:31Z,2026-05-11T19:39:07Z,276,e9f4d86a0d82362b4f3490a45d7eef74dde2a25d
75427425294,25691105881,Pixi CI,Install and lint (ubuntu-24.04-arm),completed,success,2026-05-11T19:03:11Z,2026-05-11T19:08:14Z,303,d53f11ef5a9089ed74f45f5c14e18f421d58a2ba
75425749010,25690619654,Pixi CI,Install and lint (ubuntu-24.04-arm),completed,success,2026-05-11T18:53:41Z,2026-05-11T18:58:44Z,303,70439459eaab804ed3809d7c895848fe01a9f3dc
75425684963,25690600572,Pixi CI,Install and lint (ubuntu-24.04-arm),completed,success,2026-05-11T18:53:19Z,2026-05-11T18:59:08Z,349,3bd95a69a6b30811e7306ee3bb713ac9d8cacb16
75421493127,25689389418,Pixi CI,Install and lint (ubuntu-24.04-arm),completed,success,2026-05-11T18:30:11Z,2026-05-11T18:35:18Z,307,82f12ce8048c451196cccc14624aa2848cb5f3dc
75420086508,25688970925,Pixi CI,Install and lint (ubuntu-24.04-arm),completed,success,2026-05-11T18:22:14Z,2026-05-11T18:26:47Z,273,eea54003407268a7f01fed9a3ddad45595c546f0
75418297885,25688472521,Pixi CI,Install and lint (ubuntu-24.04-arm),completed,success,2026-05-11T18:11:55Z,2026-05-11T18:16:39Z,284,03f20dae71c9d2f4bcb6330af7541bce600c31ad
75378581717,25677245179,Pixi CI,Install and lint (ubuntu-24.04-arm),completed,success,2026-05-11T14:44:22Z,2026-05-11T14:49:23Z,301,ff0ea58a4933d40734e653045fc81eb2224dc557
75374476232,25676133588,Pixi CI,Install and lint (ubuntu-24.04-arm),completed,success,2026-05-11T14:24:43Z,2026-05-11T14:28:58Z,255,b9a4f549e9a212beb04754981b4c997f9d20a7ef
75372824709,25675706147,Pixi CI,Install and lint (ubuntu-24.04-arm),completed,success,2026-05-11T14:15:59Z,2026-05-11T14:20:56Z,297,e92c5ee552a2cf880ec84ab6ada2691c3cbd8039
75370060777,25674936490,Pixi CI,Install and lint (ubuntu-24.04-arm),completed,success,2026-05-11T14:01:18Z,2026-05-11T14:06:19Z,301,88fbe0c796612d0c16b2a8e496bbf6c89f928dd4
75369361534,25674745352,Pixi CI,Install and lint (ubuntu-24.04-arm),completed,success,2026-05-11T13:57:54Z,2026-05-11T14:01:45Z,231,8369b1ad4efe2ff530cd4019c623f48eb166f67d
75368399810,25674481661,Pixi CI,Install and lint (ubuntu-24.04-arm),completed,success,2026-05-11T13:53:15Z,2026-05-11T13:58:05Z,290,0bf8591cfcb1aa4e664f4fdd835e57c8c5576771
75360272185,25672229416,Pixi CI,Install and lint (ubuntu-24.04-arm),completed,success,2026-05-11T13:10:51Z,2026-05-11T13:15:59Z,308,970bf49a3f83d27060041cf53be35a1812a46315
75359187182,25671926923,Pixi CI,Install and lint (ubuntu-24.04-arm),completed,success,2026-05-11T13:04:56Z,2026-05-11T13:09:54Z,298,f1a62ca5549c29210e170ea7856c6269091607d6
77214603918,25663919960,Pixi CI,Install and lint (ubuntu-24.04-arm),completed,success,2026-05-21T15:59:37Z,2026-05-21T16:04:27Z,290,4c07234c55f549cf34361e3519fa8a1bdac1b2b4
75330576422,25663693700,Pixi CI,Install and lint (ubuntu-24.04-arm),completed,success,2026-05-11T10:06:29Z,2026-05-11T10:10:58Z,269,3abe257995377a0b376a8d08270e06167aabcdd4
75330218287,25663591222,Pixi CI,Install and lint (ubuntu-24.04-arm),completed,success,2026-05-11T10:04:17Z,2026-05-11T10:08:29Z,252,f7764ae4ac2eebf0282c020ab3a79a93e5eaa16d
75328966703,25663208159,Pixi CI,Install and lint (ubuntu-24.04-arm),completed,success,2026-05-11T09:56:29Z,2026-05-11T10:00:58Z,269,3dfe565aed3a59b8232e54f3d829ca9341f9b3e0
75328802525,25663182248,Pixi CI,Install and lint (ubuntu-24.04-arm),completed,success,2026-05-11T09:55:28Z,2026-05-11T10:00:28Z,300,60798c8915555633e5987691106bbe3bee540e21
75328020129,25662951918,Pixi CI,Install and lint (ubuntu-24.04-arm),completed,success,2026-05-11T09:50:34Z,2026-05-11T09:55:41Z,307,0471bc2fed9c7e569749f300c2ce623126479076
75327288235,25662737094,Pixi CI,Install and lint (ubuntu-24.04-arm),completed,success,2026-05-11T09:46:14Z,2026-05-11T09:50:50Z,276,d98cac35e3b59d0538001355999514374d7e472a
75326002171,25662366910,Pixi CI,Install and lint (ubuntu-24.04-arm),completed,success,2026-05-11T09:38:07Z,2026-05-11T09:43:04Z,297,78d08325bbc9d47489c1ca74fd2f9ee413aebada
75314642037,25659048979,Pixi CI,Install and lint (ubuntu-24.04-arm),completed,success,2026-05-11T08:28:15Z,2026-05-11T08:33:24Z,309,0391cbdb81e70ee3ece0d843a7fb44699bcd5c17
75308949552,25657329163,Pixi CI,Install and lint (ubuntu-24.04-arm),completed,success,2026-05-11T07:50:00Z,2026-05-11T07:54:38Z,278,db4774c001faccfd9ef94d9120a444b8d18dffb2
75308668869,25657276165,Pixi CI,Install and lint (ubuntu-24.04-arm),completed,cancelled,2026-05-11T07:48:04Z,2026-05-11T07:49:31Z,87,32d5c94706fe9123aa846eb1248600e4a1f0eac2
75291161477,25651709073,Pixi CI,Install and lint (ubuntu-24.04-arm),completed,success,2026-05-11T05:16:26Z,2026-05-11T05:21:01Z,275,786d25640e78f962da4eff3c0c3a79c9aaf9eff6
75290873893,25651619550,Pixi CI,Install and lint (ubuntu-24.04-arm),completed,cancelled,2026-05-11T05:13:01Z,2026-05-11T05:16:19Z,198,9388a3371716160deb80038887972bca2ec9f3a4
75289478276,25651131229,Pixi CI,Install and lint (ubuntu-24.04-arm),completed,success,2026-05-11T04:56:20Z,2026-05-11T05:00:53Z,273,d3550bba1f74242b5c726cb0552bc732bfc0d60a
75279992681,25647839439,Pixi CI,Install and lint (ubuntu-24.04-arm),completed,success,2026-05-11T02:54:43Z,2026-05-11T02:59:50Z,307,ed2d9028f43ac61c075b5a59e4689bfa34ae0ef7
75241813239,25633716726,Pixi CI,Install and lint (ubuntu-24.04-arm),completed,success,2026-05-10T16:22:12Z,2026-05-10T16:27:12Z,300,e0297b28728b119c7c76b8c736de4e180e09a261
75239002187,25632243720,Pixi CI,Install and lint (ubuntu-24.04-arm),completed,success,2026-05-10T15:33:02Z,2026-05-10T15:37:53Z,291,6c8f7326f7f4152ed4bd80bcaa80a3e6682876a5
75233793543,25630355747,Pixi CI,Install and lint (ubuntu-24.04-arm),completed,failure,2026-05-10T14:03:52Z,2026-05-10T14:08:29Z,277,dc6ac39985fa709c8bbbfd9261af3845c1ec8301
75230861895,25629629258,Pixi CI,Install and lint (ubuntu-24.04-arm),completed,success,2026-05-10T13:12:07Z,2026-05-10T13:17:13Z,306,cd9707d59e4b3b178803c419f6c73a6baeb50197
75228015610,25628586689,Pixi CI,Install and lint (ubuntu-24.04-arm),completed,success,2026-05-10T12:21:12Z,2026-05-10T12:26:04Z,292,7f1ee45a74bffd49b858ec5ef88daa5ff883554e
75227915594,25628551667,Pixi CI,Install and lint (ubuntu-24.04-arm),completed,success,2026-05-10T12:19:29Z,2026-05-10T12:24:22Z,293,ba5030feb1bdafab46e581226c3a613c32e7d403
75226256852,25627926532,Pixi CI,Install and lint (ubuntu-24.04-arm),completed,success,2026-05-10T11:48:05Z,2026-05-10T11:53:05Z,300,887218deaf3f90f4f0c467774884dd480ba39d68
75226123122,25627875658,Pixi CI,Install and lint (ubuntu-24.04-arm),completed,success,2026-05-10T11:45:30Z,2026-05-10T11:49:54Z,264,3081e12950a5a6829fa59c05a59c78d2bc42b383
75225726260,25627712650,Pixi CI,Install and lint (ubuntu-24.04-arm),completed,success,2026-05-10T11:37:39Z,2026-05-10T11:42:25Z,286,a5ba4819d4f32eeb54822aed3def4c15073e6090
78649948230,26684350668,Pixi CI,Install and lint (ubuntu-24.04-arm),completed,failure,2026-05-30T12:55:25Z,2026-05-30T12:58:47Z,202,c54e51eea0fb5446012999aab3f550ee4521df5e
78649773054,26684286463,Pixi CI,Install and lint (ubuntu-24.04-arm),completed,cancelled,2026-05-30T12:52:00Z,2026-05-30T12:55:12Z,192,0030ec5ea5430592049b13c81fee2e6f7e3dc3bc
78643601935,26681881494,Pixi CI,Install and lint (ubuntu-24.04-arm),completed,success,2026-05-30T10:47:33Z,2026-05-30T10:51:01Z,208,5c1fc49e98cc5b4e5ff328f26f8c6959c1fc45b7
78642927283,26681626282,Pixi CI,Install and lint (ubuntu-24.04-arm),completed,failure,2026-05-30T10:33:56Z,2026-05-30T10:34:18Z,22,961917affbd3da870b94875f45f4cf54c70bf9ff
78710437026,26707121481,Pixi CI,Install and lint (ubuntu-24.04-arm),completed,success,2026-05-31T07:59:17Z,2026-05-31T08:02:36Z,199,edf4bcfaa9488256054b159f2ad267af293bccac
78710378149,26707109734,Pixi CI,Install and lint (ubuntu-24.04-arm),completed,cancelled,2026-05-31T07:58:22Z,2026-05-31T07:59:15Z,53,fab1096ba3f1ad9860fab0c36044af174173d96a
78699705321,26703214712,Pixi CI,Install and lint (ubuntu-24.04-arm),completed,success,2026-05-31T04:28:42Z,2026-05-31T04:32:23Z,221,09b8e11a685279401db6014555da3e04d73a54c7
78698917193,26702912491,Pixi CI,Install and lint (ubuntu-24.04-arm),completed,success,2026-05-31T04:11:19Z,2026-05-31T04:14:57Z,218,c144695900f0a96982e969d40d11bce3ca8cff00
78692250915,26700432495,Pixi CI,Install and lint (ubuntu-24.04-arm),completed,failure,2026-05-31T01:53:24Z,2026-05-31T01:57:03Z,219,44e2ddf7bba12affb00e4c17944723c93e7429b7
78667880759,26691237474,Pixi CI,Install and lint (ubuntu-24.04-arm),completed,success,2026-05-30T18:12:16Z,2026-05-30T18:15:44Z,208,882a5ef11bf987462e0fbaf9d95d5e640a7b82c7
78789219813,26735983627,Pixi CI,Install and lint (ubuntu-24.04-arm),completed,success,2026-06-01T04:56:29Z,2026-06-01T04:59:15Z,166,3c0e7c66bc9d115556cf1a2b5f9f369ced465fe4
78787475947,26735383804,Pixi CI,Install and lint (ubuntu-24.04-arm),completed,success,2026-06-01T04:35:47Z,2026-06-01T04:39:21Z,214,285ceb8322691a6034dd80a6e210b2c6564ec48e
78781738190,26733394533,Pixi CI,Install and lint (ubuntu-24.04-arm),completed,failure,2026-06-01T03:22:51Z,2026-06-01T03:23:02Z,11,248a9201eaf2fbfef9511533a0596a9170746705
78781704190,26733384050,Pixi CI,Install and lint (ubuntu-24.04-arm),completed,success,2026-06-01T03:22:28Z,2026-06-01T03:26:04Z,216,0e0eb9b6ba71fd1bfa9a7a150e544804c0cb293e
78753423077,26723029245,Pixi CI,Install and lint (ubuntu-24.04-arm),completed,success,2026-05-31T20:02:40Z,2026-05-31T20:06:13Z,213,2615f793fec12751dd45f1460e8487f99ab280c7
78736155487,26716596396,Pixi CI,Install and lint (ubuntu-24.04-arm),completed,success,2026-05-31T15:25:03Z,2026-05-31T15:28:29Z,206,edf4bcfaa9488256054b159f2ad267af293bccac
78730118349,26714332761,Pixi CI,Install and lint (ubuntu-24.04-arm),completed,success,2026-05-31T13:46:06Z,2026-05-31T13:49:19Z,193,130f8c528959de5fd2678a4542f1193f64e6d07b
78726917510,26713142801,Pixi CI,Install and lint (ubuntu-24.04-arm),completed,success,2026-05-31T12:52:48Z,2026-05-31T12:56:11Z,203,cee47d19a2c1eb524da84715948c7ce52bdfff9e
78721316644,26711070299,Pixi CI,Install and lint (ubuntu-24.04-arm),completed,success,2026-05-31T11:15:12Z,2026-05-31T11:18:26Z,194,f137abbf1bbdc299a44a3c985fb1c5e01a9caae8
78808540649,26742154391,Pixi CI,Install and lint (ubuntu-24.04-arm),completed,success,2026-06-01T07:49:48Z,2026-06-01T07:53:09Z,201,a8201114f1c06ce389b9a2e7f739ee76736f25de
78805258985,26741145649,Pixi CI,Install and lint (ubuntu-24.04-arm),completed,failure,2026-06-01T07:25:54Z,2026-06-01T07:26:03Z,9,248a9201eaf2fbfef9511533a0596a9170746705
78805242805,26741140632,Pixi CI,Install and lint (ubuntu-24.04-arm),completed,success,2026-06-01T07:25:47Z,2026-06-01T07:28:59Z,192,0e0eb9b6ba71fd1bfa9a7a150e544804c0cb293e
78800967252,26739833268,Pixi CI,Install and lint (ubuntu-24.04-arm),completed,failure,2026-06-01T06:52:31Z,2026-06-01T06:52:42Z,11,248a9201eaf2fbfef9511533a0596a9170746705
78800951248,26739828225,Pixi CI,Install and lint (ubuntu-24.04-arm),completed,success,2026-06-01T06:52:22Z,2026-06-01T06:55:52Z,210,0e0eb9b6ba71fd1bfa9a7a150e544804c0cb293e
78800497696,26739686310,Pixi CI,Install and lint (ubuntu-24.04-arm),completed,success,2026-06-01T06:48:42Z,2026-06-01T06:52:04Z,202,8847da48ff3bcf9314cdebb1a44114f723a8de4d
79029965060,26807887967,Pixi CI,Install and lint (ubuntu-24.04-arm),completed,failure,2026-06-02T08:26:48Z,2026-06-02T08:27:47Z,59,68057710a2b7584617dd566d70a9829a6523c652
79024511762,26806290816,Pixi CI,Install and lint (ubuntu-24.04-arm),completed,success,2026-06-02T07:53:14Z,2026-06-02T07:55:57Z,163,27ae09441ccf2416645dc5c7138ddf076adf74f9
79021887795,26805511302,Pixi CI,Install and lint (ubuntu-24.04-arm),completed,success,2026-06-02T07:36:19Z,2026-06-02T07:39:10Z,171,b373ebf7481c46897e9196ca83108f9862a52118
79019771888,26804864096,Pixi CI,Install and lint (ubuntu-24.04-arm),completed,success,2026-06-02T07:22:13Z,2026-06-02T07:24:52Z,159,fcf012bc34c8000bd3db08bd8901436bec4c6496
79015869993,26803667591,Pixi CI,Install and lint (ubuntu-24.04-arm),completed,success,2026-06-02T06:54:03Z,2026-06-02T06:56:48Z,165,b8da8257e2516646072a74a015c569408e0e18aa
79007979433,26801170683,Pixi CI,Install and lint (ubuntu-24.04-arm),completed,failure,2026-06-02T05:50:24Z,2026-06-02T05:53:05Z,161,99750c7cb49201985c1cee39f46ae11b827b4311
79004570443,26800024522,Pixi CI,Install and lint (ubuntu-24.04-arm),completed,failure,2026-06-02T05:17:52Z,2026-06-02T05:20:34Z,162,b8c4d95d862123dfecf10cf71b91c81a67a1c39b
79003980046,26799844675,Pixi CI,Install and lint (ubuntu-24.04-arm),completed,failure,2026-06-02T05:12:08Z,2026-06-02T05:14:44Z,156,fdea4bb470de236c65c2a1cf34cc960189397b0b
78999880597,26798477559,Pixi CI,Install and lint (ubuntu-24.04-arm),completed,success,2026-06-02T04:30:33Z,2026-06-02T04:33:50Z,197,171856ba0d7f97bc5e56225fad8d5eadfdfcb520
78984767801,26793473567,Pixi CI,Install and lint (ubuntu-24.04-arm),completed,success,2026-06-02T01:52:52Z,2026-06-02T01:55:38Z,166,34af3104825c4daf6f51132c455dd0333139009c
78960598451,26785650535,Pixi CI,Install and lint (ubuntu-24.04-arm),completed,success,2026-06-01T22:22:40Z,2026-06-01T22:25:24Z,164,13b569e8e9b3c1bce38cc7cecf0c4e4ddc9818e8
78959353490,26785260708,Pixi CI,Install and lint (ubuntu-24.04-arm),completed,success,2026-06-01T22:13:40Z,2026-06-01T22:16:22Z,162,a46579e3800d7bc7e68a97376c1fff97fd44ad43
78953994420,26783612363,Pixi CI,Install and lint (ubuntu-24.04-arm),completed,success,2026-06-01T21:38:26Z,2026-06-01T21:41:09Z,163,b06ca965c01bc173de405baf4754784105ff5ff8
78926159124,26775573493,Pixi CI,Install and lint (ubuntu-24.04-arm),completed,success,2026-06-01T19:00:41Z,2026-06-01T19:03:59Z,198,9fd56267925f7fe1b342a1da2c55e792b3bddc0b
78920513132,26773963173,Pixi CI,Install and lint (ubuntu-24.04-arm),completed,success,2026-06-01T18:29:11Z,2026-06-01T18:32:16Z,185,c88b691a79cfdf26280ae9fcae3d6d303563f9d6
78910869216,26771210347,Pixi CI,Install and lint (ubuntu-24.04-arm),completed,failure,2026-06-01T17:35:26Z,2026-06-01T17:37:52Z,146,9e681af68cdc310fbe56a8b0d551bfd15cbe02d8
78910261842,26771037208,Pixi CI,Install and lint (ubuntu-24.04-arm),completed,success,2026-06-01T17:32:04Z,2026-06-01T17:35:02Z,178,351f1de3fcaad1a392400269b62bea0e4a74e965
78909589839,26770844232,Pixi CI,Install and lint (ubuntu-24.04-arm),completed,success,2026-06-01T17:28:17Z,2026-06-01T17:30:59Z,162,63da149880e76d83f2ac29ca7c4ac2811274b01f
78909018325,26770679751,Pixi CI,Install and lint (ubuntu-24.04-arm),completed,success,2026-06-01T17:25:01Z,2026-06-01T17:27:47Z,166,54a837f22ab2ad899c61db735ef8d29e831f2ebc
78907985624,26770387543,Pixi CI,Install and lint (ubuntu-24.04-arm),completed,success,2026-06-01T17:19:08Z,2026-06-01T17:22:01Z,173,430ba095f64e29ac938bf88ee22819cc3207e39b
78902272208,26768759054,Pixi CI,Install and lint (ubuntu-24.04-arm),completed,success,2026-06-01T16:47:14Z,2026-06-01T16:49:57Z,163,35dd5390d92c65632f6ec9ed7936266c37b7c8d4
78901181588,26768461781,Pixi CI,Install and lint (ubuntu-24.04-arm),completed,success,2026-06-01T16:41:04Z,2026-06-01T16:43:58Z,174,8156ad9f0ca4b3d2c9a88e0e5305c8a2ac778f15
78898617406,26767737650,Pixi CI,Install and lint (ubuntu-24.04-arm),completed,success,2026-06-01T16:26:50Z,2026-06-01T16:29:32Z,162,a84885faafe7ee741e096801aec9874b7e2473d1
78898158403,26767606347,Pixi CI,Install and lint (ubuntu-24.04-arm),completed,success,2026-06-01T16:24:19Z,2026-06-01T16:27:15Z,176,54c21cbc9d25bbc37093c890438cb0d32079bc84
78897178708,26767328906,Pixi CI,Install and lint (ubuntu-24.04-arm),completed,failure,2026-06-01T16:19:08Z,2026-06-01T16:21:58Z,170,78a5bb59b05e65e8f75760d871cb0390ca07a5e4
78896511061,26767141241,Pixi CI,Install and lint (ubuntu-24.04-arm),completed,success,2026-06-01T16:15:17Z,2026-06-01T16:18:02Z,165,ce1969f8f142e7c5c305a7684d97b32cb0c04cd4
78892247347,26765953073,Pixi CI,Install and lint (ubuntu-24.04-arm),completed,success,2026-06-01T15:53:00Z,2026-06-01T15:55:55Z,175,e945daf7e12eaeb624ce1edd39ccdbb97879626d
78890859957,26765567783,Pixi CI,Install and lint (ubuntu-24.04-arm),completed,success,2026-06-01T15:45:44Z,2026-06-01T15:48:26Z,162,92ba938cbdfaf6fdc03abbe6d3f56c512e1b61b0
78887022232,26764516164,Pixi CI,Install and lint (ubuntu-24.04-arm),completed,success,2026-06-01T15:26:21Z,2026-06-01T15:29:04Z,163,2020a1d5098a101bd52244ce5a84479f8dbdd43c
78880773692,26762799833,Pixi CI,Install and lint (ubuntu-24.04-arm),completed,success,2026-06-01T14:55:44Z,2026-06-01T14:58:28Z,164,f031dd6a59f9d944d47565988e05fa9f099a75ce
78878980252,26762305914,Pixi CI,Install and lint (ubuntu-24.04-arm),completed,success,2026-06-01T14:47:08Z,2026-06-01T14:49:55Z,167,fea22a7e5bd822133dc12b9535baf7458b2ebb46
78878861457,26762273541,Pixi CI,Install and lint (ubuntu-24.04-arm),completed,success,2026-06-01T14:46:33Z,2026-06-01T14:49:30Z,177,293ad621a244fb501a5ed9660c01e666ba5e3e86
78876267207,26761569622,Pixi CI,Install and lint (ubuntu-24.04-arm),completed,success,2026-06-01T14:34:15Z,2026-06-01T14:37:51Z,216,0f99998e85a1426f1ea7d5154c2c4fe25342b74f
78849247728,26754082807,Pixi CI,Install and lint (ubuntu-24.04-arm),completed,success,2026-06-01T12:11:13Z,2026-06-01T12:14:11Z,178,e6daeee7056a87f1d68131b9adf7af9fb4699d21
78827674518,26747171819,Pixi CI,Install and lint (ubuntu-24.04-arm),completed,success,2026-06-01T09:39:53Z,2026-06-01T09:42:50Z,177,da29ea16330eaf23cbadf636a8b53fe749c173f5
79054720730,26815074375,Pixi CI,Install and lint (ubuntu-24.04-arm),completed,success,2026-06-02T10:53:35Z,2026-06-02T10:56:18Z,163,51b1e6dd74e680f214010effddf087ef87852877
79054608174,26815056268,Pixi CI,Install and lint (ubuntu-24.04-arm),completed,cancelled,2026-06-02T10:52:53Z,2026-06-02T10:53:15Z,22,61d7ad67859d810245b1fb3d2fb429da2f3be49c
79223980151,26864116082,Pixi CI,Install and lint (ubuntu-24.04-arm),completed,failure,2026-06-03T04:41:26Z,2026-06-03T04:44:13Z,167,151f4581bd8a25aa3d75d47aae6c474ca674dad6
79223445284,26863951426,Pixi CI,Install and lint (ubuntu-24.04-arm),completed,failure,2026-06-03T04:35:58Z,2026-06-03T04:38:45Z,167,56dfcd79b7b72d135cb0de0f8376847a9086bc94
79219778227,26862744490,Pixi CI,Install and lint (ubuntu-24.04-arm),completed,success,2026-06-03T03:56:25Z,2026-06-03T03:59:13Z,168,91d4eab54133da2a3a6f351f2ccb2ffce20c2e90
79214136190,26860942892,Pixi CI,Install and lint (ubuntu-24.04-arm),completed,success,2026-06-03T02:57:41Z,2026-06-03T03:00:22Z,161,95dce7edecaa6fe1b62036e5b4c3c4c36238c12d
79213526891,26859208436,Pixi CI,Install and lint (ubuntu-24.04-arm),completed,success,2026-06-03T02:51:02Z,2026-06-03T02:53:41Z,159,610cec643ae6e8676e62c1fb36f45b35be4f0302
79205706745,26858167165,Pixi CI,Install and lint (ubuntu-24.04-arm),completed,success,2026-06-03T01:29:09Z,2026-06-03T01:31:52Z,163,954b17916f2b1fb3a2499e74e34bdedbb52450bc
79205166887,26857990036,Pixi CI,Install and lint (ubuntu-24.04-arm),completed,success,2026-06-03T01:23:37Z,2026-06-03T01:26:24Z,167,23be60bada506e039d18e403a07727d72294d341
79204932742,26857920325,Pixi CI,Install and lint (ubuntu-24.04-arm),completed,cancelled,2026-06-03T01:21:13Z,2026-06-03T01:23:24Z,131,ace2c57a78f0aaa4a637045285c099aa60bf800a
79204824120,26857890546,Pixi CI,Install and lint (ubuntu-24.04-arm),completed,cancelled,2026-06-03T01:20:09Z,2026-06-03T01:21:03Z,54,a55f8c6eac01cd90d4dddea9ea84345252b9a4bb
79204663925,26857844365,Pixi CI,Install and lint (ubuntu-24.04-arm),completed,success,2026-06-03T01:18:29Z,2026-06-03T01:21:15Z,166,2c9738db9c331f9ac914a303c3b9c0f33baf81be
79204358244,26857746672,Pixi CI,Install and lint (ubuntu-24.04-arm),completed,success,2026-06-03T01:15:25Z,2026-06-03T01:18:06Z,161,d02f92d1680a0c57108363e76c6e344bfcb0ec42
79204199335,26857695898,Pixi CI,Install and lint (ubuntu-24.04-arm),completed,success,2026-06-03T01:13:50Z,2026-06-03T01:16:30Z,160,4b3892dcb0100b016d0e4300be440647f1a3a304
79204142715,26857678231,Pixi CI,Install and lint (ubuntu-24.04-arm),completed,success,2026-06-03T01:13:16Z,2026-06-03T01:15:56Z,160,f249a5f28adf2a4b0c8d8bc74911ca079a39636f
79199080680,26856076129,Pixi CI,Install and lint (ubuntu-24.04-arm),completed,success,2026-06-03T00:24:07Z,2026-06-03T00:26:46Z,159,c202c6ece6b897acbc2407fd37f9c34837375e38
79198229539,26855795747,Pixi CI,Install and lint (ubuntu-24.04-arm),completed,success,2026-06-03T00:16:01Z,2026-06-03T00:18:51Z,170,6dae2470341c3c0fea55b91da6e97b0114519ee2
79197605388,26855591034,Pixi CI,Install and lint (ubuntu-24.04-arm),completed,success,2026-06-03T00:10:00Z,2026-06-03T00:12:50Z,170,1097a0e1383dad37f41f7419b28b5ef757477623
79197440972,26855540903,Pixi CI,Install and lint (ubuntu-24.04-arm),completed,success,2026-06-03T00:08:25Z,2026-06-03T00:11:16Z,171,caec81220df6220f8f1ce23c2415a3f668329040
79197433636,26855539205,Pixi CI,Install and lint (ubuntu-24.04-arm),completed,success,2026-06-03T00:08:20Z,2026-06-03T00:10:58Z,158,14d1a45786f2ea014f254c40aa142f408d357128
79197397783,26855526974,Pixi CI,Install and lint (ubuntu-24.04-arm),completed,success,2026-06-03T00:08:00Z,2026-06-03T00:10:40Z,160,e7213192387d955695dd32baebb758d88afda14b
79197335553,26855503436,Pixi CI,Install and lint (ubuntu-24.04-arm),completed,success,2026-06-03T00:07:25Z,2026-06-03T00:10:19Z,174,e364f65b608543a4eda45720a6ce363d0d83e591
79197179882,26855460975,Pixi CI,Install and lint (ubuntu-24.04-arm),completed,cancelled,2026-06-03T00:06:00Z,2026-06-03T00:07:17Z,77,69abf57f045991263dd47293bf0b5a038ba03aa8
79196879190,26855376249,Pixi CI,Install and lint (ubuntu-24.04-arm),completed,success,2026-06-03T00:03:23Z,2026-06-03T00:06:16Z,173,d3c90311d0e4bf8ba0886deaa9a69f659cfe0056
79196875515,26855375014,Pixi CI,Install and lint (ubuntu-24.04-arm),completed,success,2026-06-03T00:03:21Z,2026-06-03T00:05:58Z,157,98dbf724aa28d5a6f64834d9fa4faa1e80981b55
79196866747,26855372234,Pixi CI,Install and lint (ubuntu-24.04-arm),completed,success,2026-06-03T00:03:16Z,2026-06-03T00:05:48Z,152,5cb259fca980c57164b02f8d673e5f246fa98651
79196855352,26855368794,Pixi CI,Install and lint (ubuntu-24.04-arm),completed,success,2026-06-03T00:03:11Z,2026-06-03T00:06:07Z,176,4b4fb509dcf8242eaf880df4b298a1f6d5b0fd54
79196611451,26855289805,Pixi CI,Install and lint (ubuntu-24.04-arm),completed,success,2026-06-03T00:01:04Z,2026-06-03T00:03:39Z,155,9b97bbf2976dd3b1fb4caeb3d0e5bad15bb15b76
79194610171,26854633768,Pixi CI,Install and lint (ubuntu-24.04-arm),completed,success,2026-06-02T23:42:43Z,2026-06-02T23:45:27Z,164,a2ea276fd0a99b8271c70218f32f3c186aadb041
79194370670,26854571779,Pixi CI,Install and lint (ubuntu-24.04-arm),completed,cancelled,2026-06-02T23:40:36Z,2026-06-02T23:42:32Z,116,cd0284bcf3bed24e32af8c648665f2cffe42ed2f
79187186649,26852343252,Pixi CI,Install and lint (ubuntu-24.04-arm),completed,failure,2026-06-02T22:42:02Z,2026-06-02T22:44:42Z,160,a7f14ba1e246129b1b1f884c6dd85f8802becad2
79185926504,26851955311,Pixi CI,Install and lint (ubuntu-24.04-arm),completed,failure,2026-06-02T22:32:33Z,2026-06-02T22:35:08Z,155,b649c7193f1a8068301a795b2608b21a9f018875
79179115902,26849899977,Pixi CI,Install and lint (ubuntu-24.04-arm),completed,failure,2026-06-02T21:45:16Z,2026-06-02T21:47:52Z,156,b21b0f1ebbfa54db515f780a803027f358b37146
79168885608,26846938143,Pixi CI,Install and lint (ubuntu-24.04-arm),completed,success,2026-06-02T20:44:53Z,2026-06-02T20:47:45Z,172,bda1f8e035a73806e0d3a1c9fb34e42e1e1b7be0
79168843489,26846926033,Pixi CI,Install and lint (ubuntu-24.04-arm),completed,success,2026-06-02T20:44:39Z,2026-06-02T20:47:21Z,162,8e417096d0b20b6dbd1cc881ac3424ccc1621099
79168765795,26846903973,Pixi CI,Install and lint (ubuntu-24.04-arm),completed,success,2026-06-02T20:44:13Z,2026-06-02T20:46:54Z,161,79fc942d56838f223ce807aa90018c9165b59648
79168737498,26846895811,Pixi CI,Install and lint (ubuntu-24.04-arm),completed,success,2026-06-02T20:44:04Z,2026-06-02T20:46:51Z,167,54b009ab67ce764788ac56c05a9d0050d0e47478
79168430827,26846808020,Pixi CI,Install and lint (ubuntu-24.04-arm),completed,success,2026-06-02T20:42:25Z,2026-06-02T20:45:02Z,157,aef5b0c3032bdc5ab70862e52024e3dce11d4032
79168408475,26846801383,Pixi CI,Install and lint (ubuntu-24.04-arm),completed,success,2026-06-02T20:42:18Z,2026-06-02T20:45:03Z,165,f6ba904d34568c39533707bb8bfb36fd773ff649
79168334372,26846780255,Pixi CI,Install and lint (ubuntu-24.04-arm),completed,success,2026-06-02T20:41:53Z,2026-06-02T20:44:59Z,186,a19ee0886be9dd1f31fe986cd2702de9baeb5401
79168314184,26846773215,Pixi CI,Install and lint (ubuntu-24.04-arm),completed,success,2026-06-02T20:41:45Z,2026-06-02T20:44:32Z,167,68539b60c8dbd277bb54079015cc0eee76829159
79168262599,26846758463,Pixi CI,Install and lint (ubuntu-24.04-arm),completed,success,2026-06-02T20:41:29Z,2026-06-02T20:44:19Z,170,49c287ef6dd32fc3dc4d90db49126319d08076a1
79168233903,26846749842,Pixi CI,Install and lint (ubuntu-24.04-arm),completed,success,2026-06-02T20:41:18Z,2026-06-02T20:44:11Z,173,15ff0135bcf030a9c1d44455bbea9f338019d396
79168216405,26846744857,Pixi CI,Install and lint (ubuntu-24.04-arm),completed,success,2026-06-02T20:41:12Z,2026-06-02T20:43:51Z,159,a059d74d7f5dd997d93a70d82f18a7d1149e40ce
79168210178,26846742691,Pixi CI,Install and lint (ubuntu-24.04-arm),completed,success,2026-06-02T20:41:11Z,2026-06-02T20:43:55Z,164,e0adbe241f3e76b44e11aff0bf2e9003942c79e3
79159005834,26844156535,Pixi CI,Install and lint (ubuntu-24.04-arm),completed,success,2026-06-02T19:50:38Z,2026-06-02T19:53:29Z,171,0f6df2163b5d99717d024b44e5eaf213eaaf7bc5
79141321630,26839202463,Pixi CI,Install and lint (ubuntu-24.04-arm),completed,failure,2026-06-02T18:15:51Z,2026-06-02T18:18:39Z,168,da77e6d9a1310a23e79a9ffc0472357102b3d57d
79147149702,26838854668,Pixi CI,Install and lint (ubuntu-24.04-arm),completed,success,2026-06-02T18:46:32Z,2026-06-02T18:49:20Z,168,f7247f2d899d28bacc75a913d3a33fe27c12314d
79136570849,26837871817,Pixi CI,Install and lint (ubuntu-24.04-arm),completed,success,2026-06-02T17:50:54Z,2026-06-02T17:53:43Z,169,c215f9b9ef35db54dc5f5579f9bc73522a9c8e44
79131232841,26834892768,Pixi CI,Install and lint (ubuntu-24.04-arm),completed,success,2026-06-02T17:22:41Z,2026-06-02T17:25:22Z,161,ce2314e25618843239e7da1b8acc93f7eb79057a
79115341672,26831933974,Pixi CI,Install and lint (ubuntu-24.04-arm),completed,success,2026-06-02T16:00:22Z,2026-06-02T16:03:06Z,164,36b53571bc26275cde70af4b2bb59fb6772f28f3
79108645002,26830102580,Pixi CI,Install and lint (ubuntu-24.04-arm),completed,success,2026-06-02T15:28:55Z,2026-06-02T15:31:49Z,174,a87979321332f897f0aa313d6fdb68f195709858
79106535127,26829532805,Pixi CI,Install and lint (ubuntu-24.04-arm),completed,success,2026-06-02T15:19:16Z,2026-06-02T15:22:10Z,174,9a5a3b082374920d469a5ad8525ecf4da441b298
79098303850,26827289815,Pixi CI,Install and lint (ubuntu-24.04-arm),completed,success,2026-06-02T14:42:29Z,2026-06-02T14:45:18Z,169,b8d6c2a6629912f0a312756fac4e0c1b82058047
79084001280,26822732896,Pixi CI,Install and lint (ubuntu-24.04-arm),completed,failure,2026-06-02T13:37:12Z,2026-06-02T13:39:53Z,161,454221c7fbae49bb5345c2d0c6d378e62089e347
79083515655,26820765875,Pixi CI,Install and lint (ubuntu-24.04-arm),completed,success,2026-06-02T12:49:19Z,2026-06-02T12:52:00Z,161,4907f39b4fc02b0044b9f0729e27807b673a2319
79268231375,26877396701,Pixi CI,Install and lint (ubuntu-24.04-arm),completed,success,2026-06-03T09:56:40Z,2026-06-03T09:59:17Z,157,4480de511752b9c5fd8814f4a239f076394a4d7a
79457687083,26933421630,Pixi CI,Install and lint (ubuntu-24.04-arm),completed,success,2026-06-04T05:47:01Z,2026-06-04T05:49:50Z,169,caa4cb46f98ce1068d39d6ab08a6dd4174843c5e
79445606912,26929268216,Pixi CI,Install and lint (ubuntu-24.04-arm),completed,failure,2026-06-04T03:48:25Z,2026-06-04T03:51:04Z,159,8259e3fe256b1f4e706a8f5150ada60262de451f
79441424036,26927850286,Pixi CI,Install and lint (ubuntu-24.04-arm),completed,failure,2026-06-04T03:08:39Z,2026-06-04T03:11:30Z,171,507be17248e715386de064f65eadaae82ea58764
79423666506,26921815775,Pixi CI,Install and lint (ubuntu-24.04-arm),completed,failure,2026-06-04T00:24:16Z,2026-06-04T00:27:13Z,177,12cd8ddacccb62c78c540721105fe1ef7677469d
79405010329,26915791648,Pixi CI,Install and lint (ubuntu-24.04-arm),completed,success,2026-06-03T22:02:32Z,2026-06-03T22:05:09Z,157,a7bf3a0f1d18bb62575236ef6e4944980c40e045
79367082237,26904921898,Pixi CI,Install and lint (ubuntu-24.04-arm),completed,success,2026-06-03T18:30:31Z,2026-06-03T18:33:13Z,162,829a524cd10eac6c2d36b7b613c4ef814396bacc
79346033058,26899040140,Pixi CI,Install and lint (ubuntu-24.04-arm),completed,failure,2026-06-03T16:39:32Z,2026-06-03T16:42:28Z,176,3416d6f2d6e0d25ff9834ccd11cbbc4cd7c9bac5
79344572741,26898637468,Pixi CI,Install and lint (ubuntu-24.04-arm),completed,failure,2026-06-03T16:32:02Z,2026-06-03T16:34:47Z,165,63c117baba99f9fe17b97da8845338cc24c4c82a
79342961839,26898158998,Pixi CI,Install and lint (ubuntu-24.04-arm),completed,failure,2026-06-03T16:23:48Z,2026-06-03T16:26:34Z,166,dbd26657534dc5ca67ae7e06904ada8f565bea99
79341903327,26897891158,Pixi CI,Install and lint (ubuntu-24.04-arm),completed,failure,2026-06-03T16:18:22Z,2026-06-03T16:21:12Z,170,ae12b417ce32a1ba40869dc321297baa7859ab66
79341303908,26897724415,Pixi CI,Install and lint (ubuntu-24.04-arm),completed,success,2026-06-03T16:15:21Z,2026-06-03T16:18:06Z,165,2b06a2a2db75a5f83457af11ae1ad48182f63a29
79339899535,26897338956,Pixi CI,Install and lint (ubuntu-24.04-arm),completed,failure,2026-06-03T16:08:16Z,2026-06-03T16:11:05Z,169,8e3ff7d8127297d2ea720ff219ceed1d0a5426c2
79335584495,26896146107,Pixi CI,Install and lint (ubuntu-24.04-arm),completed,success,2026-06-03T15:47:30Z,2026-06-03T15:50:15Z,165,84d48ac85410d8ba4ebe8ec318b58b912a4b2d3a
79332194015,26895229062,Pixi CI,Install and lint (ubuntu-24.04-arm),completed,success,2026-06-03T15:31:36Z,2026-06-03T15:34:35Z,179,a4e965f3599a9567619464a0fd69c36355c92305
79544353945,26959126875,Pixi CI,Install and lint (ubuntu-24.04-arm),completed,success,2026-06-04T14:44:19Z,2026-06-04T14:47:00Z,161,149aea96a2e978b1205543e2499b85d0c8b3fc4d
79541557873,26958341213,Pixi CI,Install and lint (ubuntu-24.04-arm),completed,success,2026-06-04T14:30:45Z,2026-06-04T14:33:25Z,160,e268806e353132e4ce35d1eda59a074033c46131
79474351049,26938639191,Pixi CI,Install and lint (ubuntu-24.04-arm),completed,success,2026-06-04T07:54:24Z,2026-06-04T07:57:12Z,168,dce5876d6cc6cc30157af7d26a752ef44976da8e
79472488601,26938061961,Pixi CI,Install and lint (ubuntu-24.04-arm),completed,success,2026-06-04T07:42:15Z,2026-06-04T07:44:57Z,162,05c1bc3bceceb8d3cf11e9e7fc7f19f971c44988
79462298213,26934922643,Pixi CI,Install and lint (ubuntu-24.04-arm),completed,success,2026-06-04T06:27:42Z,2026-06-04T06:30:29Z,167,15375a7d6e80f7d53c8472807e4867c6390db825
79679638123,27000490970,Pixi CI,Install and lint (ubuntu-24.04-arm),completed,success,2026-06-05T06:58:55Z,2026-06-05T07:01:42Z,167,784d2ceb12a7e3e7858bf136c05af879c2e42965
79678798736,27000227773,Pixi CI,Install and lint (ubuntu-24.04-arm),completed,success,2026-06-05T06:52:04Z,2026-06-05T06:54:57Z,173,b9ff68119193b9efde7e13a82f1ca2661288ccf6
79678642332,27000177826,Pixi CI,Install and lint (ubuntu-24.04-arm),completed,success,2026-06-05T06:50:46Z,2026-06-05T06:53:21Z,155,b9a793a088e532dcaa8681f7acd7befaf8220ba1
79673897164,26998693771,Pixi CI,Install and lint (ubuntu-24.04-arm),completed,success,2026-06-05T06:10:06Z,2026-06-05T06:12:52Z,166,93558f81c90bb04bb87c05863dad8a5375b76234
79665999269,26996076554,Pixi CI,Install and lint (ubuntu-24.04-arm),completed,success,2026-06-05T04:50:34Z,2026-06-05T04:53:20Z,166,cba809499d18a2648f76086abd3af7ff2eddb98b
79663508601,26995243155,Pixi CI,Install and lint (ubuntu-24.04-arm),completed,success,2026-06-05T04:23:50Z,2026-06-05T04:26:28Z,158,6cb2e96ceb58b2993f4dc58ec977ec85f45c9582
79662763764,26994989251,Pixi CI,Install and lint (ubuntu-24.04-arm),completed,failure,2026-06-05T04:15:25Z,2026-06-05T04:18:13Z,168,758fe9b53c5cc55b03201d535d460e0fbe0e2ebc
79579642693,26968834219,Pixi CI,Install and lint (ubuntu-24.04-arm),completed,success,2026-06-04T17:45:00Z,2026-06-04T17:47:36Z,156,8e6e47dc023378250c6f013d5c97bb8ce2e9acae
79678379180,26968770813,Pixi CI,Install and lint (ubuntu-24.04-arm),completed,failure,2026-06-05T06:48:32Z,2026-06-05T06:51:07Z,155,68fa40b7e677025850d212daeca24a9d7df0e14c
79577940821,26968677244,Pixi CI,Install and lint (ubuntu-24.04-arm),completed,failure,2026-06-04T17:35:32Z,2026-06-04T17:38:24Z,172,cf0915dd67339d38e00f4f5e964b00b8295ab49b
79854323256,27053879929,Pixi CI,Install and lint (ubuntu-24.04-arm),completed,success,2026-06-06T05:33:01Z,2026-06-06T05:35:48Z,167,a3ca21c719ef813e20c2be2d96e86620618155c6
79800352865,27036088309,Pixi CI,Install and lint (ubuntu-24.04-arm),completed,failure,2026-06-05T19:37:46Z,2026-06-05T19:38:49Z,63,c5002602e09879f56021b819877462fd5e0ca309
79796166276,27034872978,Pixi CI,Install and lint (ubuntu-24.04-arm),completed,success,2026-06-05T19:11:21Z,2026-06-05T19:14:16Z,175,32b24aa2448563682ff6b11b878e972c6e8ca740
79793486783,27034069802,Pixi CI,Install and lint (ubuntu-24.04-arm),completed,failure,2026-06-05T18:54:57Z,2026-06-05T18:57:35Z,158,1d767276c903a129d7589731422389043c0077dc
79793319000,27034019730,Pixi CI,Install and lint (ubuntu-24.04-arm),completed,success,2026-06-05T18:53:55Z,2026-06-05T18:56:40Z,165,364200fd81f2235a20b906da6d4efdd5d8413f79
79780515794,27030255026,Pixi CI,Install and lint (ubuntu-24.04-arm),completed,success,2026-06-05T17:35:23Z,2026-06-05T17:38:02Z,159,efa3b9308fb4c0868ed27764d81d51e4188268ea
79781905788,27029584948,Pixi CI,Install and lint (ubuntu-24.04-arm),completed,failure,2026-06-05T17:43:51Z,2026-06-05T17:46:33Z,162,719944e3cc5b0d9fc4e90fff0551dbfe77bc641a
79761658477,27024716168,Pixi CI,Install and lint (ubuntu-24.04-arm),completed,success,2026-06-05T15:43:22Z,2026-06-05T15:46:08Z,166,a31da393ae2dbe603720ee30f563d2870a00871a
79761346052,27024625373,Pixi CI,Install and lint (ubuntu-24.04-arm),completed,success,2026-06-05T15:41:36Z,2026-06-05T15:44:19Z,163,eb46e38284d641ebf03f7060966125564fccbd82
79759549361,27024110262,Pixi CI,Install and lint (ubuntu-24.04-arm),completed,success,2026-06-05T15:31:20Z,2026-06-05T15:34:01Z,161,fe2040a624294669946b45aef5ccf8aee07907ff
79757935413,27023303423,Pixi CI,Install and lint (ubuntu-24.04-arm),completed,success,2026-06-05T15:22:20Z,2026-06-05T15:25:01Z,161,e069930fc28a8e81ad2e1017b4a3f2c40e7ef8f1
79775214922,27022158929,Pixi CI,Install and lint (ubuntu-24.04-arm),completed,success,2026-06-05T17:03:08Z,2026-06-05T17:06:02Z,174,5bc7af854913c7bde2db9a910d9b4c633a72138e
79752114561,27021037926,Pixi CI,Install and lint (ubuntu-24.04-arm),completed,failure,2026-06-05T14:51:04Z,2026-06-05T14:53:34Z,150,d47c75cc3badbe4179f4f00dc955cc4e4a0e2a90
79745005187,27019819288,Pixi CI,Install and lint (ubuntu-24.04-arm),completed,success,2026-06-05T14:12:55Z,2026-06-05T14:15:45Z,170,753512fae8c3620a3b27e43fb36e908fe1e5fe19
79739124688,27018309630,Pixi CI,Install and lint (ubuntu-24.04-arm),completed,success,2026-06-05T13:40:46Z,2026-06-05T13:43:24Z,158,3e18272e1626f77ca41fe8fae74a099919ce9e3f
79728090879,27015131236,Pixi CI,Install and lint (ubuntu-24.04-arm),completed,success,2026-06-05T12:34:41Z,2026-06-05T12:37:27Z,166,9ad3dafceae250b90d2ee30de6ce275f2cc08ce7
79715456905,27011353887,Pixi CI,Install and lint (ubuntu-24.04-arm),completed,success,2026-06-05T11:08:11Z,2026-06-05T11:10:53Z,162,e708fbb886db4a5b2dcb8c6334a7aefc30c93ca8
79712972605,27010603491,Pixi CI,Install and lint (ubuntu-24.04-arm),completed,success,2026-06-05T10:50:26Z,2026-06-05T10:53:06Z,160,b20cfea505b61512cbae0aba40c1b5e12ba8c463
79711014464,27010010341,Pixi CI,Install and lint (ubuntu-24.04-arm),completed,success,2026-06-05T10:36:24Z,2026-06-05T10:39:08Z,164,74fac9974ef591cbf9c4e0bb80d0af0b06330e95
79704243182,27007969065,Pixi CI,Install and lint (ubuntu-24.04-arm),completed,success,2026-06-05T09:50:02Z,2026-06-05T09:52:39Z,157,33f83238be07095aed0ce3d14c65c748629b2757
79699317431,27006496948,Pixi CI,Install and lint (ubuntu-24.04-arm),completed,success,2026-06-05T09:17:34Z,2026-06-05T09:20:24Z,170,c3156622505a4313ce3836d660cf0547e249957e
79699212672,27006467860,Pixi CI,Install and lint (ubuntu-24.04-arm),completed,cancelled,2026-06-05T09:16:55Z,2026-06-05T09:17:15Z,20,f2c729c3a3f3ae7572dacdbdf9f6c34b8780183e
79698728241,27006336079,Pixi CI,Install and lint (ubuntu-24.04-arm),completed,success,2026-06-05T09:13:42Z,2026-06-05T09:16:21Z,159,9891d7ef253ada73d188b8937833e53bc5d2bd67
79698463492,27006240839,Pixi CI,Install and lint (ubuntu-24.04-arm),completed,success,2026-06-05T09:11:58Z,2026-06-05T09:14:40Z,162,17cfefe073714b517700eb733779fc1de7a2caeb
79698284203,27006205447,Pixi CI,Install and lint (ubuntu-24.04-arm),completed,cancelled,2026-06-05T09:10:47Z,2026-06-05T09:11:48Z,61,7099b8cb575fbf6f0ef85f0aea0445ade7926e97
79696892746,27005788411,Pixi CI,Install and lint (ubuntu-24.04-arm),completed,success,2026-06-05T09:01:36Z,2026-06-05T09:04:16Z,160,33406e12e52f32c42c789931ce22accde8fd4899
79696686606,27005709553,Pixi CI,Install and lint (ubuntu-24.04-arm),completed,success,2026-06-05T09:00:18Z,2026-06-05T09:02:59Z,161,040c604c8c7312bc40902f443816647450a08d28
79696434873,27005649874,Pixi CI,Install and lint (ubuntu-24.04-arm),completed,cancelled,2026-06-05T08:58:36Z,2026-06-05T09:00:08Z,92,07300a8b8d11924c6bc93138a45f05578d9dfc0a
79929623803,27075331310,Pixi CI,Install and lint (ubuntu-24.04-arm),completed,failure,2026-06-07T03:56:08Z,2026-06-07T03:58:45Z,157,f69e77544694945fd9be9064d71a5fd1d60478c2
79910362305,27074746973,Pixi CI,Install and lint (ubuntu-24.04-arm),completed,failure,2026-06-06T21:50:48Z,2026-06-06T21:53:28Z,160,b06ab360fa74d114ea69cd8f92ce17d619980c9d
79893999422,27068713045,Pixi CI,Install and lint (ubuntu-24.04-arm),completed,success,2026-06-06T17:13:34Z,2026-06-06T17:16:19Z,165,9b42b79aecd1fbe15d5f2f7861f841bbddb2df34
79885611703,27065525689,Pixi CI,Install and lint (ubuntu-24.04-arm),completed,success,2026-06-06T14:55:59Z,2026-06-06T14:58:33Z,154,8b5d2fc7df5dadaafc2d2ba5d2274afa4b1d641b
79974351442,27097908540,Pixi CI,Install and lint (ubuntu-24.04-arm),completed,success,2026-06-07T16:31:25Z,2026-06-07T16:34:01Z,156,0572774e2233e7e481992a1ce049844dad01d6ea
80015113364,27113262196,Pixi CI,Install and lint (ubuntu-24.04-arm),completed,failure,2026-06-08T02:52:33Z,2026-06-08T02:55:08Z,155,9eb1c3eb834e82252acd8e5ea46540cc78a9ac37
80047397175,27123871387,Pixi CI,Install and lint (ubuntu-24.04-arm),completed,success,2026-06-08T07:58:54Z,2026-06-08T08:01:58Z,184,a9f6f879c8d599a6bccd02b6aea6560cf47453ca
80046498666,27123625786,Pixi CI,Install and lint (ubuntu-24.04-arm),completed,success,2026-06-08T07:53:14Z,2026-06-08T07:56:49Z,215,9dd87e69a33517b051b5dd5ceaabdd411193a40a
80178312016,27161638094,Pixi CI,Install and lint (ubuntu-24.04-arm),completed,failure,2026-06-08T19:26:59Z,2026-06-08T19:29:57Z,178,67fc8ed1e2b49e40c5e3ed73de825123962e8f7d
80176673525,27161162650,Pixi CI,Install and lint (ubuntu-24.04-arm),completed,failure,2026-06-08T19:18:01Z,2026-06-08T19:20:35Z,154,217211e9ba6d9f51c4aa5f7dbdfa7db927382514
80173558463,27160259654,Pixi CI,Install and lint (ubuntu-24.04-arm),completed,failure,2026-06-08T19:01:29Z,2026-06-08T19:04:15Z,166,0bf378b7e753a440b0c7fe11af3fd3763d6a4ff7
80250326959,27184465231,Pixi CI,Install and lint (ubuntu-24.04-arm),completed,success,2026-06-09T04:46:50Z,2026-06-09T04:49:36Z,166,25cc1758467cd50fed20309761b8a66cf41cfec6
80233225559,27178767249,Pixi CI,Install and lint (ubuntu-24.04-arm),completed,success,2026-06-09T01:51:22Z,2026-06-09T01:53:59Z,157,4e7139f108bc6f0154d95527188820cdc9aeba5e
80220084713,27174364382,Pixi CI,Install and lint (ubuntu-24.04-arm),completed,success,2026-06-08T23:50:00Z,2026-06-08T23:52:39Z,159,91feaf0c64adff1d417a117e25e046429e0c61e1
80218564034,27173865474,Pixi CI,Install and lint (ubuntu-24.04-arm),completed,success,2026-06-08T23:36:45Z,2026-06-08T23:39:20Z,155,25cc1758467cd50fed20309761b8a66cf41cfec6
80218354492,27173783044,Pixi CI,Install and lint (ubuntu-24.04-arm),completed,failure,2026-06-08T23:35:04Z,2026-06-08T23:37:45Z,161,55d942ea6eb45463d6354a545eba0cba577c3cfb
80218145517,27173726088,Pixi CI,Install and lint (ubuntu-24.04-arm),completed,cancelled,2026-06-08T23:33:23Z,2026-06-08T23:34:56Z,93,9bf98636aa063d67bb064f3651c7e8c26e487f32
80217663733,27173571304,Pixi CI,Install and lint (ubuntu-24.04-arm),completed,success,2026-06-08T23:29:33Z,2026-06-08T23:32:14Z,161,1912272f202a84087f63ca888925813813d2e264
80212964315,27172004176,Pixi CI,Install and lint (ubuntu-24.04-arm),completed,success,2026-06-08T22:51:42Z,2026-06-08T22:54:24Z,162,f0a806e15467ca7cff997ad38317ad8ed9bb15aa
80202585790,27168760000,Pixi CI,Install and lint (ubuntu-24.04-arm),completed,success,2026-06-08T21:41:48Z,2026-06-08T21:44:30Z,162,04138e07da14f1eb60f5619f038e044eec365c1e
80311283881,27202956456,Pixi CI,Install and lint (ubuntu-24.04-arm),completed,success,2026-06-09T11:26:29Z,2026-06-09T11:29:17Z,168,7ce1869120dfcf783b931defd6ec05fd086f6c32
80305446433,27201201946,Pixi CI,Install and lint (ubuntu-24.04-arm),completed,success,2026-06-09T10:52:50Z,2026-06-09T10:55:27Z,157,81e5e4c56553f3ecd7c403dc61e46993a8bb9878
80304792241,27201000357,Pixi CI,Install and lint (ubuntu-24.04-arm),completed,success,2026-06-09T10:48:49Z,2026-06-09T10:51:21Z,152,4e03bfad4ef3a1e0b55765a8ac1205bf65408de6
80303822648,27200742266,Pixi CI,Install and lint (ubuntu-24.04-arm),completed,success,2026-06-09T10:43:00Z,2026-06-09T10:45:45Z,165,cba9d3a4ee3205ce96e1d4fe83953bf1e4460299
80477941941,27251085530,Pixi CI,Install and lint (ubuntu-24.04-arm),completed,success,2026-06-10T03:50:44Z,2026-06-10T03:53:13Z,149,c577fb7a357ccbbb0799302dceee289784cd0153
80439278410,27239416845,Pixi CI,Install and lint (ubuntu-24.04-arm),completed,success,2026-06-09T22:16:05Z,2026-06-09T22:18:41Z,156,175e31b55ded83dcf6e0a4448a5a9524c8f7dec2
80425039988,27235131427,Pixi CI,Install and lint (ubuntu-24.04-arm),completed,success,2026-06-09T20:53:02Z,2026-06-09T20:55:44Z,162,196dae8937891873896b6cdae7e02fe1696989ad
80424728263,27235040138,Pixi CI,Install and lint (ubuntu-24.04-arm),completed,success,2026-06-09T20:51:23Z,2026-06-09T20:54:19Z,176,23d47d9d7cc4ea1609adf949901693b050b2a3fd
80423597543,27234716426,Pixi CI,Install and lint (ubuntu-24.04-arm),completed,success,2026-06-09T20:45:25Z,2026-06-09T20:48:05Z,160,2ac0e76c13d1f4ce935c05ef14c4b6f217cf5f89
80414963603,27232199062,Pixi CI,Install and lint (ubuntu-24.04-arm),completed,success,2026-06-09T19:59:55Z,2026-06-09T20:02:59Z,184,0b07567df6ee5417e44de38dbde8a560eed9c1b6
80413582900,27231797144,Pixi CI,Install and lint (ubuntu-24.04-arm),completed,success,2026-06-09T19:52:41Z,2026-06-09T19:55:16Z,155,4fc7cc895906b629a136959ca3b5696d0243567f
80410767023,27230984543,Pixi CI,Install and lint (ubuntu-24.04-arm),completed,success,2026-06-09T19:37:41Z,2026-06-09T19:40:21Z,160,48ca6c8730fd88fe6fd32fa384cf805a584f364c
80406909141,27229888019,Pixi CI,Install and lint (ubuntu-24.04-arm),completed,success,2026-06-09T19:17:25Z,2026-06-09T19:20:08Z,163,438b0426ddaca869be5236ea2f8dc09d99f6f1ad
80404292294,27229144836,Pixi CI,Install and lint (ubuntu-24.04-arm),completed,failure,2026-06-09T19:03:39Z,2026-06-09T19:06:31Z,172,d9cf6b655825a3390eb255105be83785fac25e1e
80404161948,27229108667,Pixi CI,Install and lint (ubuntu-24.04-arm),completed,success,2026-06-09T19:02:59Z,2026-06-09T19:05:35Z,156,f4857e1851165f8de6befbf10f0f5d252561a675
80393003407,27225936030,Pixi CI,Install and lint (ubuntu-24.04-arm),completed,failure,2026-06-09T18:05:48Z,2026-06-09T18:08:34Z,166,871df8e4fa015de6cf359296b84c5ae8339c9627
80390824993,27225325594,Pixi CI,Install and lint (ubuntu-24.04-arm),completed,failure,2026-06-09T17:54:42Z,2026-06-09T17:57:29Z,167,abd3d4b164a7480664552a49a03e606030f35548
80336360984,27210073194,Pixi CI,Install and lint (ubuntu-24.04-arm),completed,success,2026-06-09T13:37:55Z,2026-06-09T13:40:44Z,169,aefbf8bcb9d3f9a8f6efa99b91e65ba2bff1a56c
80688496735,27313391184,Pixi CI,Install and lint (ubuntu-24.04-arm),completed,success,2026-06-10T23:36:51Z,2026-06-10T23:39:27Z,156,8165d4a272f200497015b48a9f61266d55ca77eb
80645871877,27300827648,Pixi CI,Install and lint (ubuntu-24.04-arm),completed,success,2026-06-10T19:29:37Z,2026-06-10T19:32:21Z,164,d63709524dfe0fb63f2807dfd919f12b07d58494
80637533448,27298499763,Pixi CI,Install and lint (ubuntu-24.04-arm),completed,success,2026-06-10T18:48:16Z,2026-06-10T18:51:16Z,180,3b477554d179396bf8432e10331432fb52805813
80623177725,27294399673,Pixi CI,Install and lint (ubuntu-24.04-arm),completed,success,2026-06-10T17:38:09Z,2026-06-10T17:40:46Z,157,d253e5dd4bad7300fe84e7b5d546bd0db6cdca86
80573554884,27280555946,Pixi CI,Install and lint (ubuntu-24.04-arm),completed,success,2026-06-10T13:42:30Z,2026-06-10T13:45:22Z,172,f211445f409451574fcb827e7bb40db4a725b1ee
80561411703,27277165378,Pixi CI,Install and lint (ubuntu-24.04-arm),completed,success,2026-06-10T12:45:22Z,2026-06-10T12:48:14Z,172,47e677113f2bba896c024f53ff1d57ab370ea392
80532028712,27268615864,Pixi CI,Install and lint (ubuntu-24.04-arm),completed,success,2026-06-10T10:01:39Z,2026-06-10T10:04:18Z,159,619d484812dcb111f9aaf66aed4419eeaaed93e4
80529591078,27267905101,Pixi CI,Install and lint (ubuntu-24.04-arm),completed,success,2026-06-10T09:48:22Z,2026-06-10T09:50:55Z,153,ac73eecced066ab789de6b06ed7480c7115c00ce
80527585823,27267318392,Pixi CI,Install and lint (ubuntu-24.04-arm),completed,success,2026-06-10T09:37:30Z,2026-06-10T09:40:08Z,158,b8c1b6fe42fb2829e9542a3b0d7827cbae46b50b
80520629058,27265246613,Pixi CI,Install and lint (ubuntu-24.04-arm),completed,success,2026-06-10T08:59:53Z,2026-06-10T09:03:05Z,192,1c9fe0466fd0029f35fba6efaface2611e684564
80795506535,27345406797,Pixi CI,Install and lint (ubuntu-24.04-arm),completed,failure,2026-06-11T12:19:02Z,2026-06-11T12:21:39Z,157,57c3f709548fde936a5dcacf63c4446ef480d254
80784053926,27340122404,Pixi CI,Install and lint (ubuntu-24.04-arm),completed,failure,2026-06-11T11:15:23Z,2026-06-11T11:18:07Z,164,81159ad8a33e828a0b555e61dac63d5e4ea61316
80930076673,27385019782,Pixi CI,Install and lint (ubuntu-24.04-arm),completed,success,2026-06-11T23:53:48Z,2026-06-11T23:56:21Z,153,ad3ceaa2f2edb0f646158b395ee3b05c2658c69e
80926514639,27383842787,Pixi CI,Install and lint (ubuntu-24.04-arm),completed,success,2026-06-11T23:24:40Z,2026-06-11T23:27:10Z,150,246c9c8da951fa024192f1e95fa01321e470c085
80926026301,27383693813,Pixi CI,Install and lint (ubuntu-24.04-arm),completed,success,2026-06-11T23:20:47Z,2026-06-11T23:23:25Z,158,f65770726014dc410a69ddce328ba416d4061a03
80899174600,27375679443,Pixi CI,Install and lint (ubuntu-24.04-arm),completed,failure,2026-06-11T20:34:05Z,2026-06-11T20:36:40Z,155,8f797eea2a8971622167b4baf4092c11eab138d4
80899151156,27375676287,Pixi CI,Install and lint (ubuntu-24.04-arm),completed,cancelled,2026-06-11T20:33:58Z,2026-06-11T20:34:01Z,3,4dbbbf86cf539eb17b679531de4636951fc41e7a
80892981854,27373874715,Pixi CI,Install and lint (ubuntu-24.04-arm),completed,failure,2026-06-11T20:01:33Z,2026-06-11T20:04:08Z,155,2e8a95b1de1a9110e3aa682b2f9403c93302b237
80946745020,27372714321,Pixi CI,Install and lint (ubuntu-24.04-arm),completed,failure,2026-06-12T02:25:44Z,2026-06-12T02:28:26Z,162,ac1a5043704872e3186ced6e4a78937a96297408
80885459009,27371725135,Pixi CI,Install and lint (ubuntu-24.04-arm),completed,success,2026-06-11T19:22:03Z,2026-06-11T19:24:43Z,160,a21f2e707313e15399330f39b027ab2d01bada11
80880202163,27370217409,Pixi CI,Install and lint (ubuntu-24.04-arm),completed,success,2026-06-11T18:55:20Z,2026-06-11T18:58:04Z,164,777531d88b75bcd339f0841c7555bd0dbecc92fc
80853711267,27360713404,Pixi CI,Install and lint (ubuntu-24.04-arm),completed,failure,2026-06-11T16:42:20Z,2026-06-11T16:45:12Z,172,b3cf85f964eaf2604b0bd91f0176f96c1b9ced45
81039657601,27419120177,Pixi CI,Install and lint (ubuntu-24.04-arm),completed,failure,2026-06-12T13:35:40Z,2026-06-12T13:38:18Z,158,e1e82c5448a280b897893c48cd37a43f3732a0c8
81036783263,27418283209,Pixi CI,Install and lint (ubuntu-24.04-arm),completed,failure,2026-06-12T13:20:34Z,2026-06-12T13:23:10Z,156,9996a14a6c719603def9f882c1c21cde7b41de66
81035693041,27417987091,Pixi CI,Install and lint (ubuntu-24.04-arm),completed,failure,2026-06-12T13:14:38Z,2026-06-12T13:17:15Z,157,64491d6a1154a33d8543903c4f5aaee22bc8b32a
80991331141,27404850272,Pixi CI,Install and lint (ubuntu-24.04-arm),completed,success,2026-06-12T08:41:30Z,2026-06-12T08:44:11Z,161,efedbaa5bd04126392a2ddbcc130302aff7dece5
80989410150,27404281495,Pixi CI,Install and lint (ubuntu-24.04-arm),completed,failure,2026-06-12T08:29:45Z,2026-06-12T08:32:08Z,143,17ac8d7166b93aa6207ab398c348304976c6df32
80987779404,27402268047,Pixi CI,Install and lint (ubuntu-24.04-arm),completed,success,2026-06-12T08:19:19Z,2026-06-12T08:22:03Z,164,776d6784cdc015331f4a3dfbd1bfec55406a88a8
81137063604,27447959263,Pixi CI,Install and lint (ubuntu-24.04-arm),completed,success,2026-06-12T23:00:46Z,2026-06-12T23:03:40Z,174,516a61417cf3ed0124e949bcffab4f586c50ce04
81134593158,27447152299,Pixi CI,Install and lint (ubuntu-24.04-arm),completed,success,2026-06-12T22:39:29Z,2026-06-12T22:42:04Z,155,a8380d34ceeca8c3e19abb16ddc27a247c8c41be
81133621465,27446836339,Pixi CI,Install and lint (ubuntu-24.04-arm),completed,success,2026-06-12T22:31:38Z,2026-06-12T22:34:14Z,156,64b4f1566c2c93e13e3ef45d1a6c37a0b853bc23
81106637295,27438564510,Pixi CI,Install and lint (ubuntu-24.04-arm),completed,success,2026-06-12T19:36:31Z,2026-06-12T19:39:07Z,156,f1fbb053e3e5b3f24cad8316014a9b9e90332fce
81093923067,27434809070,Pixi CI,Install and lint (ubuntu-24.04-arm),completed,success,2026-06-12T18:23:28Z,2026-06-12T18:26:00Z,152,1186843134fcaf5c2fb0254af42dbd150f3db6f5
81057456664,27424195259,Pixi CI,Install and lint (ubuntu-24.04-arm),completed,success,2026-06-12T15:05:08Z,2026-06-12T15:07:42Z,154,45062c663dd15e4a10e4030361a8139bf6568d30
81044930761,27420569029,Pixi CI,Install and lint (ubuntu-24.04-arm),completed,success,2026-06-12T14:02:48Z,2026-06-12T14:05:20Z,152,8acd2e500b9031929e4f8637024aa1d280775bbe
81044153244,27420402667,Pixi CI,Install and lint (ubuntu-24.04-arm),completed,failure,2026-06-12T13:58:57Z,2026-06-12T14:01:34Z,157,075d5ff4853b714a92d33bf045612998a4da3c6f
81163581087,27457089124,Pixi CI,Install and lint (ubuntu-24.04-arm),completed,success,2026-06-13T04:54:16Z,2026-06-13T04:57:00Z,164,b872a9ddd033e1620fcb47d306d0cbaedc2d03a8
81265289830,27494087967,Pixi CI,Install and lint (ubuntu-24.04-arm),completed,success,2026-06-14T09:12:31Z,2026-06-14T09:15:14Z,163,193767e2a5726f9e9cb0aacef0533e8d146ff93c
81393686655,27538430929,Pixi CI,Install and lint (ubuntu-24.04-arm),completed,success,2026-06-15T09:56:47Z,2026-06-15T09:59:34Z,167,1eb1a5b2e9aab02e98ab92720f50dfd2697d688f
81379280421,27534181827,Pixi CI,Install and lint (ubuntu-24.04-arm),completed,success,2026-06-15T08:35:54Z,2026-06-15T08:38:44Z,170,eec9fdc773e0048bdc93faec250cc37864795813
81350874455,27525153088,Pixi CI,Install and lint (ubuntu-24.04-arm),completed,success,2026-06-15T05:03:15Z,2026-06-15T05:06:00Z,165,17747c94ffbfabd399cf0866eaa17c80ed90a025
81341472623,27521928789,Pixi CI,Install and lint (ubuntu-24.04-arm),completed,failure,2026-06-15T03:18:40Z,2026-06-15T03:21:17Z,157,33de29dba2523178e8f7d9b5d3bf911da1540b14
81341264631,27521863383,Pixi CI,Install and lint (ubuntu-24.04-arm),completed,success,2026-06-15T03:16:19Z,2026-06-15T03:18:54Z,155,7989b3ca2b8c0b4732e315f5bb689bcb51734903
81306174364,27509253053,Pixi CI,Install and lint (ubuntu-24.04-arm),completed,failure,2026-06-14T19:15:43Z,2026-06-14T19:18:17Z,154,a2e8d98c9f886bc581bf9f4030662ae8665f796e
81306155995,27509248005,Pixi CI,Install and lint (ubuntu-24.04-arm),completed,cancelled,2026-06-14T19:15:27Z,2026-06-14T19:15:38Z,11,07532b38274b125503deb6dee1e97823a91995e9
81303155272,27508170210,Pixi CI,Install and lint (ubuntu-24.04-arm),completed,success,2026-06-14T18:33:07Z,2026-06-14T18:35:40Z,153,33c673a93320c816ddbe4fc610904a27d4732820
81303123834,27508166177,Pixi CI,Install and lint (ubuntu-24.04-arm),completed,cancelled,2026-06-14T18:32:42Z,2026-06-14T18:32:52Z,10,1e3a0b7a3c7fd5d2a94b56ae3714f8fd6c271141
81720742837,27630333024,Pixi CI,Install and lint (ubuntu-24.04-arm),completed,failure,2026-06-16T17:16:24Z,2026-06-16T17:19:06Z,162,de6ce5f4f735a303057f4ef0ba7d3cf1559777ea
81598140930,27599889125,Pixi CI,Install and lint (ubuntu-24.04-arm),completed,success,2026-06-16T06:55:18Z,2026-06-16T06:58:00Z,162,3e975b4929069e5bed6ea295e33375b035b330f2
81584383735,27595334915,Pixi CI,Install and lint (ubuntu-24.04-arm),completed,success,2026-06-16T05:02:01Z,2026-06-16T05:04:33Z,152,f5cc4f2a095d9d4030b4289701f2d845afcfc4bb
81584303344,27595308641,Pixi CI,Install and lint (ubuntu-24.04-arm),completed,success,2026-06-16T05:01:14Z,2026-06-16T05:04:04Z,170,754c761c288319c626b7e194ede4c3a53172390f
81579908985,27593834794,Pixi CI,Install and lint (ubuntu-24.04-arm),completed,success,2026-06-16T04:18:09Z,2026-06-16T04:20:54Z,165,2c263394b24563dc83840b8ae1ddcbfdc690c08b
81578373154,27593301385,Pixi CI,Install and lint (ubuntu-24.04-arm),completed,success,2026-06-16T04:03:15Z,2026-06-16T04:05:58Z,163,4455d60cb5c199c07fe2fced5783783c36866055
81578159080,27593223594,Pixi CI,Install and lint (ubuntu-24.04-arm),completed,success,2026-06-16T04:01:14Z,2026-06-16T04:03:46Z,152,65578bc73abaa2b544f46543498e2e9db6e41b8c
81498386436,27568433921,Pixi CI,Install and lint (ubuntu-24.04-arm),completed,success,2026-06-15T18:44:18Z,2026-06-15T18:47:05Z,167,2bf934c27a27ed3b80915cf8ae321019c86166d9
81464359979,27558656645,Pixi CI,Install and lint (ubuntu-24.04-arm),completed,failure,2026-06-15T15:53:11Z,2026-06-15T15:55:58Z,167,795052c6bfa1621f0eac284620cb591ce8dc25a3
81450314298,27554514564,Pixi CI,Install and lint (ubuntu-24.04-arm),completed,failure,2026-06-15T14:48:59Z,2026-06-15T14:51:32Z,153,1859e5ee9b9281d8e61a6de09f8d373175a6fcdf
82115947179,27755406467,Pixi CI,Install and lint (ubuntu-24.04-arm),completed,success,2026-06-18T11:10:53Z,2026-06-18T11:13:27Z,154,ac57ee1f4ce6eca7986723626cb3964d69dd1155
82115711242,27755347505,Pixi CI,Install and lint (ubuntu-24.04-arm),completed,cancelled,2026-06-18T11:09:33Z,2026-06-18T11:10:43Z,70,2c3a956b22f4f00f97caa06904fdda1d746be554
82114792399,27755059071,Pixi CI,Install and lint (ubuntu-24.04-arm),completed,success,2026-06-18T11:04:13Z,2026-06-18T11:06:56Z,163,4577de4ca15158c6466b3e9ab6feb4257c357f52
82114288606,27754929635,Pixi CI,Install and lint (ubuntu-24.04-arm),completed,cancelled,2026-06-18T11:01:11Z,2026-06-18T11:03:46Z,155,fbcde266ad445ee68d1a564a8f1c343e8eeb97ff
82099183899,27750409197,Pixi CI,Install and lint (ubuntu-24.04-arm),completed,success,2026-06-18T09:34:55Z,2026-06-18T09:37:50Z,175,5aa6926448ffddc34472357348767f273ba8223f
82090361760,27747805658,Pixi CI,Install and lint (ubuntu-24.04-arm),completed,success,2026-06-18T08:46:24Z,2026-06-18T08:49:00Z,156,2e2abafa0848e4ba497fcdfbc52c720b9890bcbb
82081959219,27745283322,Pixi CI,Install and lint (ubuntu-24.04-arm),completed,success,2026-06-18T07:58:38Z,2026-06-18T08:01:09Z,151,2ae5359286d5a6c0ce904e85a8e141ad04ed568a
82055049186,27736746886,Pixi CI,Install and lint (ubuntu-24.04-arm),completed,success,2026-06-18T04:28:54Z,2026-06-18T04:31:39Z,165,7a84e0d900d98239766d6836e764f0fe7da2bb0d
82055016300,27736736505,Pixi CI,Install and lint (ubuntu-24.04-arm),completed,success,2026-06-18T04:28:34Z,2026-06-18T04:31:17Z,163,ff0c41065e4e5ec48f1a651907ec1815b042d2ce
82052845634,27735995364,Pixi CI,Install and lint (ubuntu-24.04-arm),completed,success,2026-06-18T04:06:38Z,2026-06-18T04:09:15Z,157,ee52a6c7dd6ddea46584662fd8f50fbb89b5adc3
81976383580,27712364679,Pixi CI,Install and lint (ubuntu-24.04-arm),completed,success,2026-06-17T18:54:23Z,2026-06-17T18:57:06Z,163,c292980200d8eb460eefe8250910f0b371f7ba03
81972975197,27711358538,Pixi CI,Install and lint (ubuntu-24.04-arm),completed,success,2026-06-17T18:36:53Z,2026-06-17T18:39:38Z,165,e70eec4dc8a73533f3873a4ac29f949a61adeb0b
81972259781,27711158739,Pixi CI,Install and lint (ubuntu-24.04-arm),completed,success,2026-06-17T18:33:08Z,2026-06-17T18:35:48Z,160,c7eee8b53409834aadb29e9060569c84686e42be
81966801697,27709548701,Pixi CI,Install and lint (ubuntu-24.04-arm),completed,success,2026-06-17T18:04:54Z,2026-06-17T18:07:37Z,163,514c9aa5669a8be868f18021966a5bdb0f30768c
81965514581,27709183462,Pixi CI,Install and lint (ubuntu-24.04-arm),completed,success,2026-06-17T17:58:24Z,2026-06-17T18:00:58Z,154,af91bc6a2d4595b5810abccb79c57e1f80755e01
81965350207,27709135438,Pixi CI,Install and lint (ubuntu-24.04-arm),completed,success,2026-06-17T17:57:34Z,2026-06-17T18:00:06Z,152,dd14fc2afe64d49a70d1b43893584322300c9312
81961949576,27708141470,Pixi CI,Install and lint (ubuntu-24.04-arm),completed,success,2026-06-17T17:40:20Z,2026-06-17T17:42:59Z,159,e3afdd61f294b1af84eb24e013e1f2812155d186
81961899802,27708127499,Pixi CI,Install and lint (ubuntu-24.04-arm),completed,success,2026-06-17T17:40:02Z,2026-06-17T17:42:41Z,159,7d6db8fe031c855fc54fd062363b958710f903a3
81961884727,27708122642,Pixi CI,Install and lint (ubuntu-24.04-arm),completed,success,2026-06-17T17:40:01Z,2026-06-17T17:42:40Z,159,1bb52ca98d014e426bf292d542e90ce03737897b
81961645292,27708053781,Pixi CI,Install and lint (ubuntu-24.04-arm),completed,success,2026-06-17T17:38:48Z,2026-06-17T17:41:34Z,166,c61d2f04bc71e58c4d5761c595fa0d6ceb6846d1
81961617439,27708046716,Pixi CI,Install and lint (ubuntu-24.04-arm),completed,success,2026-06-17T17:38:40Z,2026-06-17T17:41:38Z,178,44402851712dc43103473d94518d60ef9c0cab33
81961375457,27707975522,Pixi CI,Install and lint (ubuntu-24.04-arm),completed,success,2026-06-17T17:37:22Z,2026-06-17T17:40:09Z,167,1c589300dc7f81537b274958dbe1e5a426d39ea9
82395795612,27839717265,Pixi CI,Install and lint (ubuntu-24.04-arm),completed,success,2026-06-19T17:24:57Z,2026-06-19T17:27:37Z,160,c7db756c30a4169eefc77bcd10c412c237765f9e
82335603022,27821539555,Pixi CI,Install and lint (ubuntu-24.04-arm),completed,success,2026-06-19T10:55:36Z,2026-06-19T10:58:17Z,161,239c342ea5dca892dd428ab648c78097799fec87
82308879370,27813447028,Pixi CI,Install and lint (ubuntu-24.04-arm),completed,success,2026-06-19T08:02:24Z,2026-06-19T08:05:17Z,173,7257d95de0f505c4a2988bfcbb39cc00e2633da0
82304207033,27811977818,Pixi CI,Install and lint (ubuntu-24.04-arm),completed,success,2026-06-19T07:29:22Z,2026-06-19T07:32:06Z,164,b475559fbceea0bc70ada62d903b2e463e0063f2
82260882110,27797669189,Pixi CI,Install and lint (ubuntu-24.04-arm),completed,success,2026-06-19T00:24:36Z,2026-06-19T00:27:14Z,158,e7cd2952ee315e32f6e410376484c5448ff072f9
82260781580,27797635663,Pixi CI,Install and lint (ubuntu-24.04-arm),completed,success,2026-06-19T00:23:40Z,2026-06-19T00:26:23Z,163,16a1463cc84c5c5129a7349378b11ce5200e908d
82258118382,27796757827,Pixi CI,Install and lint (ubuntu-24.04-arm),completed,success,2026-06-18T23:59:58Z,2026-06-19T00:02:31Z,153,12719ffdfe631edc4bd214724c06c7013d0e9926
82257444296,27796536709,Pixi CI,Install and lint (ubuntu-24.04-arm),completed,success,2026-06-18T23:53:39Z,2026-06-18T23:56:13Z,154,0e3377fb4d1fc642ca22708eaa39eef0a91a2db3
82242404428,27791826249,Pixi CI,Install and lint (ubuntu-24.04-arm),completed,success,2026-06-18T21:57:22Z,2026-06-18T22:00:02Z,160,1b3d5cec2b1676c8c4c11cf79d35873ff330965f
82167595947,27770150704,Pixi CI,Install and lint (ubuntu-24.04-arm),completed,success,2026-06-18T15:23:58Z,2026-06-18T15:26:48Z,170,d772a5efb13c2caee52931ff7f40e04b7cc23a40
82546030013,27895424136,Pixi CI,Install and lint (ubuntu-24.04-arm),completed,success,2026-06-21T06:02:25Z,2026-06-21T06:05:01Z,156,5372c604d92897b3217b41b50685f1ddcc4600fa
82545430543,27895194592,Pixi CI,Install and lint (ubuntu-24.04-arm),completed,success,2026-06-21T05:51:36Z,2026-06-21T05:54:17Z,161,c83dcc3cfe671d4c18725803259fe42e6032087a
82543736099,27894545569,Pixi CI,Install and lint (ubuntu-24.04-arm),completed,success,2026-06-21T05:20:22Z,2026-06-21T05:22:55Z,153,47ddb344000a8f075aef6906d60d326d916bef1b
82473277626,27867247080,Pixi CI,Install and lint (ubuntu-24.04-arm),completed,success,2026-06-20T09:38:29Z,2026-06-20T09:41:08Z,159,7084c98e9bb9af716e9adafac130d811192166e3
82465092078,27864097846,Pixi CI,Install and lint (ubuntu-24.04-arm),completed,success,2026-06-20T07:21:23Z,2026-06-20T07:24:06Z,163,577393af8e8e6fa69e36058826f7a9ab20dd308f
82461725445,27862728084,Pixi CI,Install and lint (ubuntu-24.04-arm),completed,success,2026-06-20T06:26:43Z,2026-06-20T06:29:25Z,162,867d35919c5deed9604bf8eb150ba15e3442a4f3
82437852673,27853942161,Pixi CI,Install and lint (ubuntu-24.04-arm),completed,success,2026-06-20T00:01:57Z,2026-06-20T00:04:23Z,146,2816da65b11128bec0f3953ccc79884598232348
82437300252,27853728799,Pixi CI,Install and lint (ubuntu-24.04-arm),completed,success,2026-06-19T23:54:50Z,2026-06-19T23:57:24Z,154,be143c1b60390d9ce2760ff9f1e3c965403523b9
82437232294,27853713156,Pixi CI,Install and lint (ubuntu-24.04-arm),completed,cancelled,2026-06-19T23:53:55Z,2026-06-19T23:54:42Z,47,cca064262d08487f305e78b95e3d1572754b24d8
82432598310,27851989034,Pixi CI,Install and lint (ubuntu-24.04-arm),completed,success,2026-06-19T22:52:36Z,2026-06-19T22:55:06Z,150,921de796b21245ffef3f4b78022bdf283d443017
82430989465,27851394736,Pixi CI,Install and lint (ubuntu-24.04-arm),completed,success,2026-06-19T22:33:04Z,2026-06-19T22:35:43Z,159,8bc53246bd44de7cb8ad2aaff95694ec2d028081
82684104531,27944024806,Pixi CI,Install and lint (ubuntu-24.04-arm),completed,success,2026-06-22T09:47:20Z,2026-06-22T09:50:07Z,167,04989052c635bed425b81568c6b139d7baa84fd4
82676441977,27941710951,Pixi CI,Install and lint (ubuntu-24.04-arm),completed,success,2026-06-22T09:06:20Z,2026-06-22T09:08:56Z,156,81ab435fbf70c5976e98df7ff729e5e2bf666a0b
82673975022,27940961948,Pixi CI,Install and lint (ubuntu-24.04-arm),completed,success,2026-06-22T08:52:36Z,2026-06-22T08:55:07Z,151,7573d315f0bedc224af98bf9fbfbe464de7a59e2
82630928125,27926894143,Pixi CI,Install and lint (ubuntu-24.04-arm),completed,success,2026-06-22T03:05:03Z,2026-06-22T03:07:40Z,157,fce5ac9d4047394080b440720eb776bee59949b3
82623251491,27924159261,Pixi CI,Install and lint (ubuntu-24.04-arm),completed,success,2026-06-22T01:32:26Z,2026-06-22T01:35:16Z,170,2333e6b67b1503151963f2a1ab8c8b5532758c3e
82620227821,27923094966,Pixi CI,Install and lint (ubuntu-24.04-arm),completed,success,2026-06-22T00:53:17Z,2026-06-22T00:56:04Z,167,d694b70a59127f96915d3b96f3898aeb706d848e
82616978470,27921907910,Pixi CI,Install and lint (ubuntu-24.04-arm),completed,success,2026-06-22T00:07:56Z,2026-06-22T00:10:25Z,149,b8d288abb14102b4035adcad7a0038a0d675ff3d
82587276388,27910724959,Pixi CI,Install and lint (ubuntu-24.04-arm),completed,success,2026-06-21T16:38:04Z,2026-06-21T16:40:46Z,162,223b33b08f5130e13a2ff5615a0804f968c58016
82577643607,27907118513,Pixi CI,Install and lint (ubuntu-24.04-arm),completed,success,2026-06-21T14:17:10Z,2026-06-21T14:19:53Z,163,22bb6d46e8a671ea79c43154ead344b9099335ef
83221086971,28106222341,Pixi CI,Install and lint (ubuntu-24.04-arm),completed,success,2026-06-24T14:33:41Z,2026-06-24T14:36:24Z,163,e914f965eda3855654520a6fe2bc53bb1b29e395
83216058204,28104815609,Pixi CI,Install and lint (ubuntu-24.04-arm),completed,success,2026-06-24T14:12:01Z,2026-06-24T14:14:45Z,164,b177b682e70485d5db6d6de306f1a517214c59ae
83152605749,28086176699,Pixi CI,Install and lint (ubuntu-24.04-arm),completed,success,2026-06-24T08:39:24Z,2026-06-24T08:42:09Z,165,70f22446ec6cbfea0aca91ddcea94392d3ac2a81
83151613317,28085878983,Pixi CI,Install and lint (ubuntu-24.04-arm),completed,success,2026-06-24T08:33:48Z,2026-06-24T08:36:28Z,160,a3d9f536a5f96f1e419e835f53ac2443c87f73ac
83149132625,28085120414,Pixi CI,Install and lint (ubuntu-24.04-arm),completed,success,2026-06-24T08:19:30Z,2026-06-24T08:22:17Z,167,e93299ddc6102bd8cd75585f1d2095edb9800319
83140265471,28082419051,Pixi CI,Install and lint (ubuntu-24.04-arm),completed,success,2026-06-24T07:26:34Z,2026-06-24T07:29:14Z,160,39d22d2544a864335b2987a4de726a6480d4a50d
83178720716,28081866770,Pixi CI,Install and lint (ubuntu-24.04-arm),completed,success,2026-06-24T11:04:44Z,2026-06-24T11:07:32Z,168,bf7da255698509ad7a71debe01a891a82ec4b4b1
83136080621,28081119793,Pixi CI,Install and lint (ubuntu-24.04-arm),completed,success,2026-06-24T06:59:44Z,2026-06-24T07:02:30Z,166,b9caa0e3d3b7de95becff32378194e3ea4c14365
83134289829,28080563226,Pixi CI,Install and lint (ubuntu-24.04-arm),completed,success,2026-06-24T06:47:18Z,2026-06-24T06:49:53Z,155,bfe5ed447e6fa2216262738f8dab0799e95d0376
83133432510,28080275401,Pixi CI,Install and lint (ubuntu-24.04-arm),completed,success,2026-06-24T06:41:02Z,2026-06-24T06:43:41Z,159,ceebf013588429c17aca6cc12057709bbf39b85f
83133316814,28080252335,Pixi CI,Install and lint (ubuntu-24.04-arm),completed,cancelled,2026-06-24T06:40:12Z,2026-06-24T06:40:55Z,43,2d31ea4a5d80cbd8f6e4652aa823b34718759f25
83128529490,28078732885,Pixi CI,Install and lint (ubuntu-24.04-arm),completed,success,2026-06-24T06:04:23Z,2026-06-24T06:07:10Z,167,3d7223a22449c452d9ea6374d77c33edf612e0f3
83127773551,28078489897,Pixi CI,Install and lint (ubuntu-24.04-arm),completed,success,2026-06-24T05:58:34Z,2026-06-24T06:01:11Z,157,fb69ac0c4d09dcc1958ad73554a62332faa3ccdb
83107473074,28071720074,Pixi CI,Install and lint (ubuntu-24.04-arm),completed,success,2026-06-24T02:50:13Z,2026-06-24T02:52:56Z,163,89755ec4079634732422ff7ff61bcfbb4b803c50
83105224726,28070964465,Pixi CI,Install and lint (ubuntu-24.04-arm),completed,success,2026-06-24T02:28:21Z,2026-06-24T02:31:05Z,164,b279ebeba1429f34eba3eff750ac9760d0a8b864
83103810797,28070469004,Pixi CI,Install and lint (ubuntu-24.04-arm),completed,success,2026-06-24T02:14:21Z,2026-06-24T02:17:08Z,167,c3151f150ac9b8f83d497114458b99aaca582dc0
83103650377,28070428046,Pixi CI,Install and lint (ubuntu-24.04-arm),completed,cancelled,2026-06-24T02:12:51Z,2026-06-24T02:14:10Z,79,dc26d6cf613a29a1ac03fdfa48f7415fdc7d096a
83100962462,28069521582,Pixi CI,Install and lint (ubuntu-24.04-arm),completed,success,2026-06-24T01:47:36Z,2026-06-24T01:50:07Z,151,fdcc07b86c0c7a1aff1872c9c5fd1699282de42b
83099929077,28069174476,Pixi CI,Install and lint (ubuntu-24.04-arm),completed,success,2026-06-24T01:38:12Z,2026-06-24T01:40:46Z,154,aaa91afd60a460a338205cc091dc411c194533b3
83099186132,28068908835,Pixi CI,Install and lint (ubuntu-24.04-arm),completed,success,2026-06-24T01:31:11Z,2026-06-24T01:33:45Z,154,7585df33719ca3707824e4b6deff219a5530478e
83099094589,28068888427,Pixi CI,Install and lint (ubuntu-24.04-arm),completed,cancelled,2026-06-24T01:30:22Z,2026-06-24T01:31:03Z,41,1ddb21cb7f370f65d0df34955e8e7a8b89339f88
83095024745,28067447674,Pixi CI,Install and lint (ubuntu-24.04-arm),completed,success,2026-06-24T00:54:32Z,2026-06-24T00:57:08Z,156,228da1957bf368e8462a2cdd3526235aed4d8d7b
83094666552,28067415965,Pixi CI,Install and lint (ubuntu-24.04-arm),completed,cancelled,2026-06-24T00:51:24Z,2026-06-24T00:52:23Z,59,d02d277a5a983404f3448469ac3c1ca5ec7e9073
83092764614,28066790302,Pixi CI,Install and lint (ubuntu-24.04-arm),completed,success,2026-06-24T00:34:55Z,2026-06-24T00:37:33Z,158,3865b6c8b7a046225eb547b7bb3ddf0de773b09f
83091542672,28066399030,Pixi CI,Install and lint (ubuntu-24.04-arm),completed,success,2026-06-24T00:24:40Z,2026-06-24T00:27:16Z,156,3c8fa627eb725ebdc961590c71e54155442101fa
83091148055,28066270479,Pixi CI,Install and lint (ubuntu-24.04-arm),completed,success,2026-06-24T00:21:26Z,2026-06-24T00:24:09Z,163,e83db7f040e001d942c53cfc4da0a9a95ebf72a7
83074634375,28060920899,Pixi CI,Install and lint (ubuntu-24.04-arm),completed,success,2026-06-23T22:18:34Z,2026-06-23T22:21:08Z,154,f1897e812c969387e2982487d61c8b16940142e7
83064288724,28057759951,Pixi CI,Install and lint (ubuntu-24.04-arm),completed,success,2026-06-23T21:18:17Z,2026-06-23T21:20:57Z,160,8ad34b549f6cd114ff1b32d27deef917bc7e68ce
83063511585,28057536942,Pixi CI,Install and lint (ubuntu-24.04-arm),completed,success,2026-06-23T21:14:09Z,2026-06-23T21:16:53Z,164,367c46c8b053b872f7f3c8bea9a157d3cebd2669
83061989667,28057058596,Pixi CI,Install and lint (ubuntu-24.04-arm),completed,success,2026-06-23T21:06:14Z,2026-06-23T21:08:59Z,165,e68e448173cbf25b930a213d5ec85a46316e87d0
83061486020,28056924031,Pixi CI,Install and lint (ubuntu-24.04-arm),completed,cancelled,2026-06-23T21:03:44Z,2026-06-23T21:06:03Z,139,23e08f67696915b93b4075e11dd35e93ecc27739
83060737216,28056699035,Pixi CI,Install and lint (ubuntu-24.04-arm),completed,failure,2026-06-23T20:59:58Z,2026-06-23T21:00:44Z,46,da5272aa74c8ceb681ac0ec9b069905cb12f3a0d
83055191312,28055062630,Pixi CI,Install and lint (ubuntu-24.04-arm),completed,success,2026-06-23T20:31:39Z,2026-06-23T20:34:23Z,164,7186126674e7f3ee9d9070a87170ae045d7779f6
83044697430,28051965063,Pixi CI,Install and lint (ubuntu-24.04-arm),completed,success,2026-06-23T19:38:05Z,2026-06-23T19:40:41Z,156,433afe1bf1e9bd33d0954f5c6caf9fc5bff795ba
83043812960,28051735262,Pixi CI,Install and lint (ubuntu-24.04-arm),completed,success,2026-06-23T19:33:36Z,2026-06-23T19:36:18Z,162,351d583f4fbc24bd8af220a8595ed51bbd698ce8
83042062217,28051230600,Pixi CI,Install and lint (ubuntu-24.04-arm),completed,failure,2026-06-23T19:24:43Z,2026-06-23T19:27:07Z,144,d60850fa421bf960167f7939e71a9170c577ef46
83037567029,28049918195,Pixi CI,Install and lint (ubuntu-24.04-arm),completed,success,2026-06-23T19:01:55Z,2026-06-23T19:04:39Z,164,99c836fe3a142ce560351b60874f1c9781e43ae8
82995602939,28037746028,Pixi CI,Install and lint (ubuntu-24.04-arm),completed,success,2026-06-23T15:40:00Z,2026-06-23T15:42:40Z,160,6b0356ea7303106cae98e785b6d9828a49ba8fdf
82994708828,28037509579,Pixi CI,Install and lint (ubuntu-24.04-arm),completed,success,2026-06-23T15:36:02Z,2026-06-23T15:38:41Z,159,c537d35d22835c7732e205ba4efb977465e77abe
82994229749,28037374055,Pixi CI,Install and lint (ubuntu-24.04-arm),completed,success,2026-06-23T15:33:57Z,2026-06-23T15:36:49Z,172,97b3c37ff287ef1f268c5a7e6c3cc7c81cb17ef6
82992387643,28036846094,Pixi CI,Install and lint (ubuntu-24.04-arm),completed,success,2026-06-23T15:25:40Z,2026-06-23T15:28:30Z,170,e7fe94df3264a0485b006169357a50ad82922ce5
82991780359,28036670879,Pixi CI,Install and lint (ubuntu-24.04-arm),completed,success,2026-06-23T15:22:50Z,2026-06-23T15:25:31Z,161,c0160a3fd20c0c46ffc27e2b4f373a456d06b377
82931393917,28019323711,Pixi CI,Install and lint (ubuntu-24.04-arm),completed,success,2026-06-23T10:21:33Z,2026-06-23T10:24:12Z,159,14d431d039dbe1dcc3c7bf968a8c26258756c5f1
82926247691,28017743684,Pixi CI,Install and lint (ubuntu-24.04-arm),completed,success,2026-06-23T09:53:15Z,2026-06-23T09:55:59Z,164,51ed7802f040788840bce3f682cee4e0a5bfc685
82925675008,28017590157,Pixi CI,Install and lint (ubuntu-24.04-arm),completed,success,2026-06-23T09:50:09Z,2026-06-23T09:52:41Z,152,f6501bb34b5693e706a462f14d0e582994dcd454
83026210011,28010147852,Pixi CI,Install and lint (ubuntu-24.04-arm),completed,success,2026-06-23T18:05:38Z,2026-06-23T18:08:33Z,175,57ef7014c4b0f8f6d4cdfef5934f62a3e68df598
82860938858,27996915190,Pixi CI,Install and lint (ubuntu-24.04-arm),completed,success,2026-06-23T01:58:38Z,2026-06-23T02:01:25Z,167,9095e2b50d0dcd58bfd0eff80902a5756c34f9db
82855714011,27995154399,Pixi CI,Install and lint (ubuntu-24.04-arm),completed,success,2026-06-23T01:10:32Z,2026-06-23T01:13:18Z,166,9ff60df5153c7e04da2b047b1f81450ff7edaeeb
82853770159,27994497936,Pixi CI,Install and lint (ubuntu-24.04-arm),completed,success,2026-06-23T00:53:46Z,2026-06-23T00:56:25Z,159,9b109fef40c0cb7cb039889f550deb608f37d0e8
82853670851,27994476703,Pixi CI,Install and lint (ubuntu-24.04-arm),completed,cancelled,2026-06-23T00:52:53Z,2026-06-23T00:53:38Z,45,28efc7fea84c29843df2c0c985901ec840f2e55a
82852599619,27994124606,Pixi CI,Install and lint (ubuntu-24.04-arm),completed,success,2026-06-23T00:43:42Z,2026-06-23T00:46:24Z,162,4e165a608aa9117ae8a57a9b559a4ff15d9a9464
82743864944,27961477141,Pixi CI,Install and lint (ubuntu-24.04-arm),completed,success,2026-06-22T14:48:51Z,2026-06-22T14:51:32Z,161,1e3bcee035b40710a01c538d0ad4827a2d7382e8
82738329872,27959923751,Pixi CI,Install and lint (ubuntu-24.04-arm),completed,success,2026-06-22T14:25:11Z,2026-06-22T14:27:55Z,164,5b9cdd96654c2b60b09412581848c4e0458af906
82725885610,27956413068,Pixi CI,Install and lint (ubuntu-24.04-arm),completed,success,2026-06-22T13:30:42Z,2026-06-22T13:33:21Z,159,6c543b1050ead07151b24f91680544b7ddf5eb41
82720944092,27954980133,Pixi CI,Install and lint (ubuntu-24.04-arm),completed,success,2026-06-22T13:08:01Z,2026-06-22T13:10:39Z,158,df80107567eec6fc06277065fa0e6cd2033cbd1d
83640914886,28232969303,Pixi CI,Install and lint (ubuntu-24.04-arm),completed,success,2026-06-26T10:40:56Z,2026-06-26T10:43:43Z,167,ba814eac1017d214fd75a82b7e161edd22543c30
83613644289,28224134356,Pixi CI,Install and lint (ubuntu-24.04-arm),completed,success,2026-06-26T07:46:34Z,2026-06-26T07:49:25Z,171,f275585947873227d98c4d22c89ba89f3d4ecc48
83378816719,28154231899,Pixi CI,Install and lint (ubuntu-24.04-arm),completed,success,2026-06-25T07:30:24Z,2026-06-25T07:32:58Z,154,bc2b4776c277813944a22b1c67eb7955914c3dc5
83363888663,28149546650,Pixi CI,Install and lint (ubuntu-24.04-arm),completed,success,2026-06-25T05:43:18Z,2026-06-25T05:46:01Z,163,0f523711b2aeae71cccf6edbf1747d87344b9415
83361161452,28148656367,Pixi CI,Install and lint (ubuntu-24.04-arm),completed,success,2026-06-25T05:19:19Z,2026-06-25T05:21:57Z,158,0a6529219e6836e942ccd19b043e7dbfcda1962e
83380961499,28143269735,Pixi CI,Install and lint (ubuntu-24.04-arm),completed,success,2026-06-25T07:43:56Z,2026-06-25T07:46:36Z,160,4662efa4d865b425767c85e7b4b5e227e6011116
83305747811,28130659946,Pixi CI,Install and lint (ubuntu-24.04-arm),completed,success,2026-06-24T21:26:15Z,2026-06-24T21:28:56Z,161,a2d4014f4859b6b3bb65c63f45914956d254b243
83997759203,28355609769,Pixi CI,Install and lint (ubuntu-24.04-arm),completed,success,2026-06-29T07:24:52Z,2026-06-29T07:27:33Z,161,c34c01c8ffc89b51d7157b92a8684aa697affcfb
83997383155,28355489241,Pixi CI,Install and lint (ubuntu-24.04-arm),completed,success,2026-06-29T07:22:22Z,2026-06-29T07:24:59Z,157,28a4a18d8df3780c2209f3120413bcb94b576713
83988529771,28352662525,Pixi CI,Install and lint (ubuntu-24.04-arm),completed,failure,2026-06-29T06:19:28Z,2026-06-29T06:22:18Z,170,040b090157aad175e95763dca163e95e41b18639
83984754122,28351364871,Pixi CI,Install and lint (ubuntu-24.04-arm),completed,success,2026-06-29T05:47:08Z,2026-06-29T05:49:46Z,158,ec08ce9f38cfc02588e25ec52a5399bebc92e2e7
83980663372,28349937311,Pixi CI,Install and lint (ubuntu-24.04-arm),completed,success,2026-06-29T05:07:45Z,2026-06-29T05:10:21Z,156,243358534fd4199119beec1dade295aab1bf8494
83980393987,28349852872,Pixi CI,Install and lint (ubuntu-24.04-arm),completed,cancelled,2026-06-29T05:05:03Z,2026-06-29T05:07:35Z,152,98f22a0a90ed7d2fcd7005df2f0bee4d8d708596
83972286292,28346998154,Pixi CI,Install and lint (ubuntu-24.04-arm),completed,failure,2026-06-29T03:37:45Z,2026-06-29T03:40:28Z,163,0069a9bbdb41527a287b64bcae7325ea0e7b3518
83967680522,28345422780,Pixi CI,Install and lint (ubuntu-24.04-arm),completed,success,2026-06-29T02:47:37Z,2026-06-29T02:50:20Z,163,66c357e7ebcfef1c241a7eec1fc5ed8c222ede42
83961993944,28343373165,Pixi CI,Install and lint (ubuntu-24.04-arm),completed,success,2026-06-29T01:40:56Z,2026-06-29T01:43:37Z,161,410fba836e678f70734b7a98384e9f2ee7ec3d00
83960525099,28342853674,Pixi CI,Install and lint (ubuntu-24.04-arm),completed,success,2026-06-29T01:23:32Z,2026-06-29T01:26:13Z,161,e5a394a38215e738749aafa696bb175eafb87bbb
83928552775,28330819406,Pixi CI,Install and lint (ubuntu-24.04-arm),completed,success,2026-06-28T17:50:26Z,2026-06-28T17:52:57Z,151,c039ef6d092e4eb45539687d09120e6d9734962f
83927591990,28330447024,Pixi CI,Install and lint (ubuntu-24.04-arm),completed,success,2026-06-28T17:36:19Z,2026-06-28T17:38:59Z,160,d35541a0f57626347ddf619f805de4caca974e1c
83920553601,28327744491,Pixi CI,Install and lint (ubuntu-24.04-arm),completed,success,2026-06-28T15:55:39Z,2026-06-28T15:58:15Z,156,8c4af95b5c42830f8c5555c4c89f721a7de7067c
83917952795,28326752931,Pixi CI,Install and lint (ubuntu-24.04-arm),completed,success,2026-06-28T15:18:54Z,2026-06-28T15:21:33Z,159,cc39e201d445b2ca26ff12c27b7fa5a1fbb7af18
83917557383,28326599100,Pixi CI,Install and lint (ubuntu-24.04-arm),completed,success,2026-06-28T15:13:13Z,2026-06-28T15:15:57Z,164,95555add73886f4d6997044eebfdaf8d8d2053da
83916847467,28326326181,Pixi CI,Install and lint (ubuntu-24.04-arm),completed,success,2026-06-28T15:03:14Z,2026-06-28T15:06:00Z,166,715eca00e3ce2170f3f0e8ae268be9a0ab7e5143
83916089965,28326030464,Pixi CI,Install and lint (ubuntu-24.04-arm),completed,success,2026-06-28T14:52:40Z,2026-06-28T14:55:23Z,163,7251b47c83ae06ef19a098b0ee090dfb4292ca6c
83903791754,28321372831,Pixi CI,Install and lint (ubuntu-24.04-arm),completed,failure,2026-06-28T11:54:18Z,2026-06-28T11:56:56Z,158,1cc5e05db6e7b0807dc5e68e3bf97318932bd958
83900325773,28320057025,Pixi CI,Install and lint (ubuntu-24.04-arm),completed,failure,2026-06-28T11:01:13Z,2026-06-28T11:03:46Z,153,9467e7526c0a973bdd4061b54f143753624da1e1
83892916595,28317324158,Pixi CI,Install and lint (ubuntu-24.04-arm),completed,success,2026-06-28T09:04:05Z,2026-06-28T09:06:53Z,168,771762a1afd487a73476dec43160451b20af47c6
83892435785,28317151249,Pixi CI,Install and lint (ubuntu-24.04-arm),completed,success,2026-06-28T08:56:46Z,2026-06-28T08:59:35Z,169,77aff1c4fa117e966caa405bd114c0f5aca4e18a
83891140755,28316672604,Pixi CI,Install and lint (ubuntu-24.04-arm),completed,failure,2026-06-28T08:35:42Z,2026-06-28T08:38:27Z,165,6a9e1b0f5657fd42e333111488f156995bc84c06
83891120947,28316661544,Pixi CI,Install and lint (ubuntu-24.04-arm),completed,cancelled,2026-06-28T08:35:23Z,2026-06-28T08:35:35Z,12,ccf8c9551dd711dc7caaec93c8a1ea3ac3f5ad9b
83890782004,28316540857,Pixi CI,Install and lint (ubuntu-24.04-arm),completed,failure,2026-06-28T08:30:05Z,2026-06-28T08:32:50Z,165,c163a6cf44b6a1f4fc2162ee4c1596652efe3986
83887735584,28315453391,Pixi CI,Install and lint (ubuntu-24.04-arm),completed,success,2026-06-28T07:42:26Z,2026-06-28T07:45:02Z,156,a143b11a05f6928df9fdb9af10d59108d2e11f07
83874179820,28310405523,Pixi CI,Install and lint (ubuntu-24.04-arm),completed,success,2026-06-28T03:45:05Z,2026-06-28T03:47:52Z,167,447ed3c924da7cc7f2d1dc06765a46109dfbe63b
83873180439,28310044364,Pixi CI,Install and lint (ubuntu-24.04-arm),completed,success,2026-06-28T03:27:15Z,2026-06-28T03:29:55Z,160,c0f09acd513d6c6c31af0d3564e99c4fcecec2de
83871218127,28309368104,Pixi CI,Install and lint (ubuntu-24.04-arm),completed,success,2026-06-28T02:54:57Z,2026-06-28T02:57:41Z,164,7870f22ca176fd4516be468b0885c2dbcbb85701
83871206555,28309366866,Pixi CI,Install and lint (ubuntu-24.04-arm),completed,cancelled,2026-06-28T02:54:39Z,2026-06-28T02:54:43Z,4,1c841aff980852d015159010e2996d6446c13e76
83870344539,28309038436,Pixi CI,Install and lint (ubuntu-24.04-arm),completed,success,2026-06-28T02:38:17Z,2026-06-28T02:41:04Z,167,ba79c8c830ce65bdd3895db4ae0365bdd2e9b56f
83870097521,28308941121,Pixi CI,Install and lint (ubuntu-24.04-arm),completed,success,2026-06-28T02:33:38Z,2026-06-28T02:36:14Z,156,c02c6ad92c2505b09e3eaaabddadbdc53658f0ea
83869983906,28308905776,Pixi CI,Install and lint (ubuntu-24.04-arm),completed,cancelled,2026-06-28T02:31:34Z,2026-06-28T02:33:29Z,115,f10a16b99828c9ecaf3631d156ba67402197e955
83869535005,28308734435,Pixi CI,Install and lint (ubuntu-24.04-arm),completed,success,2026-06-28T02:23:06Z,2026-06-28T02:25:47Z,161,fa36ba141c9f41667e19a0817c3bcaaef8559a70
83868881323,28308486225,Pixi CI,Install and lint (ubuntu-24.04-arm),completed,success,2026-06-28T02:10:24Z,2026-06-28T02:13:01Z,157,19a4e032739ba58204a1ec0183e4395e5a6cd056
83868697723,28308417170,Pixi CI,Install and lint (ubuntu-24.04-arm),completed,success,2026-06-28T02:07:15Z,2026-06-28T02:09:59Z,164,bcdd1f65bee84e5a39ec95cf5fca91c6388eef2c
83866819305,28307710039,Pixi CI,Install and lint (ubuntu-24.04-arm),completed,success,2026-06-28T01:33:30Z,2026-06-28T01:36:04Z,154,d31141e6e0e32080a4859e802de5c92355a71ede
83855608378,28303456983,Pixi CI,Install and lint (ubuntu-24.04-arm),completed,success,2026-06-27T22:16:35Z,2026-06-27T22:19:14Z,159,f523958e6a0b80d147456bdb65bbfd50f37147c9
83854562802,28303049510,Pixi CI,Install and lint (ubuntu-24.04-arm),completed,success,2026-06-27T21:59:21Z,2026-06-27T22:01:57Z,156,26d62db94047005e5797d4c914dfe95821a56a28
83836763181,28296323252,Pixi CI,Install and lint (ubuntu-24.04-arm),completed,failure,2026-06-27T17:21:04Z,2026-06-27T17:23:47Z,163,f6b447ce4a39da500f6d287c7cc10056db3811f7
83836433633,28296198054,Pixi CI,Install and lint (ubuntu-24.04-arm),completed,success,2026-06-27T17:15:55Z,2026-06-27T17:18:32Z,157,30acf32d8d953813136f3f03c78c8eb14368a0df
83835987434,28296029726,Pixi CI,Install and lint (ubuntu-24.04-arm),completed,success,2026-06-27T17:09:09Z,2026-06-27T17:11:51Z,162,3967e73ca76c110378912103e3f26ddc1a49dfb6
83835537646,28295861792,Pixi CI,Install and lint (ubuntu-24.04-arm),completed,success,2026-06-27T17:02:09Z,2026-06-27T17:05:10Z,181,54ddd3b0c147c136a57c08bf52c37cf8d90d357d
83915244977,28295662698,Pixi CI,Install and lint (ubuntu-24.04-arm),completed,failure,2026-06-28T14:40:40Z,2026-06-28T14:43:17Z,157,915a8b0efa41aa794232c67d07955e766883a2f2
83834585726,28295499018,Pixi CI,Install and lint (ubuntu-24.04-arm),completed,success,2026-06-27T16:47:34Z,2026-06-27T16:50:14Z,160,ff8d2d677aa6e0efdab777072e2659ec03a7c741
83834569723,28295492582,Pixi CI,Install and lint (ubuntu-24.04-arm),completed,success,2026-06-27T16:47:18Z,2026-06-27T16:50:01Z,163,1523de3915603a41224a75f590bdb2eb06df3968
83833756273,28295178114,Pixi CI,Install and lint (ubuntu-24.04-arm),completed,success,2026-06-27T16:34:55Z,2026-06-27T16:37:46Z,171,f79b3d1edbb55df3caa8ad2856d3547e72b787fe
83831883048,28294460090,Pixi CI,Install and lint (ubuntu-24.04-arm),completed,success,2026-06-27T16:06:21Z,2026-06-27T16:09:04Z,163,8a2f250ad8e33fc7aa1fdc6a2b05fba56b0f7d0e
83830399028,28293888547,Pixi CI,Install and lint (ubuntu-24.04-arm),completed,success,2026-06-27T15:43:55Z,2026-06-27T15:46:32Z,157,87ee399f6f236c048f69e2c0dd3d04d1b4c37327
83826952996,28292563937,Pixi CI,Install and lint (ubuntu-24.04-arm),completed,success,2026-06-27T14:50:49Z,2026-06-27T14:53:39Z,170,91e36715e20173414ad43ee045f733d0fbcbc80a
83728527095,28258768444,Pixi CI,Install and lint (ubuntu-24.04-arm),completed,success,2026-06-26T18:53:14Z,2026-06-26T18:55:51Z,157,1491d696516ef032ba69d69d797a13f38affacbd
83833649203,28257721553,Pixi CI,Install and lint (ubuntu-24.04-arm),completed,failure,2026-06-27T16:33:16Z,2026-06-27T16:35:54Z,158,6ad12052284ee4ed8819aae0086ba330d743d367
83663913427,28239913751,Pixi CI,Install and lint (ubuntu-24.04-arm),completed,success,2026-06-26T13:05:27Z,2026-06-26T13:08:15Z,168,6108817474f7c61cac2360a1b0223f6286c12934
83662460628,28239483472,Pixi CI,Install and lint (ubuntu-24.04-arm),completed,success,2026-06-26T12:57:26Z,2026-06-26T13:00:07Z,161,f92a771a2ff1b1f8608596fb3aa796768e6f0742
84770908853,28590007681,Pixi CI,Install and lint (ubuntu-24.04-arm),completed,failure,2026-07-02T12:28:54Z,2026-07-02T12:29:19Z,25,d2587ec8022becbe9495aff29cd5fe0542bbebcd
84769879635,28589698546,Pixi CI,Install and lint (ubuntu-24.04-arm),completed,failure,2026-07-02T12:23:38Z,2026-07-02T12:24:02Z,24,773395052b381d5b30a3646cffacf09d46b91ac9
84762834813,28587438374,Pixi CI,Install and lint (ubuntu-24.04-arm),completed,failure,2026-07-02T11:46:59Z,2026-07-02T11:47:29Z,30,be424cca4ee91efd522675de79eab58ff5212efa
84753511407,28584774068,Pixi CI,Install and lint (ubuntu-24.04-arm),completed,success,2026-07-02T10:56:28Z,2026-07-02T10:59:06Z,158,6317e22f7af1ae4df2e0bfba59465d1ebc24f1ea
84751057113,28584042414,Pixi CI,Install and lint (ubuntu-24.04-arm),completed,failure,2026-07-02T10:43:07Z,2026-07-02T10:43:34Z,27,9bd020392741f978853a8df23f67142f11dadff8
84750102343,28583756607,Pixi CI,Install and lint (ubuntu-24.04-arm),completed,success,2026-07-02T10:37:46Z,2026-07-02T10:40:26Z,160,b2e2ba260d6e84b58459d69419a8088a43d310e6
84749515905,28583579707,Pixi CI,Install and lint (ubuntu-24.04-arm),completed,success,2026-07-02T10:34:31Z,2026-07-02T10:37:21Z,170,1a4ee39c863557aa5a8cfb0dd4027fb97939d6bb
84711253248,28571867854,Pixi CI,Install and lint (ubuntu-24.04-arm),completed,success,2026-07-02T07:04:08Z,2026-07-02T07:06:55Z,167,a5934724a474d61f09bdc012bbd32d0520f1d667
84696790122,28567191292,Pixi CI,Install and lint (ubuntu-24.04-arm),completed,success,2026-07-02T05:15:53Z,2026-07-02T05:18:29Z,156,6722590f25abaa0273fe86cce0b87ac4e0b960ca
84691619108,28565427626,Pixi CI,Install and lint (ubuntu-24.04-arm),completed,success,2026-07-02T04:28:33Z,2026-07-02T04:31:16Z,163,d4cdb90d434365448cd1d5a00fcd673fbc431881
84690061907,28564905042,Pixi CI,Install and lint (ubuntu-24.04-arm),completed,success,2026-07-02T04:14:12Z,2026-07-02T04:16:47Z,155,29f3349de8f0911f294f57db15ed3aec270949f4
84689290601,28564633775,Pixi CI,Install and lint (ubuntu-24.04-arm),completed,success,2026-07-02T04:07:24Z,2026-07-02T04:10:10Z,166,26fbb514cd2f4919e01cc40a1f1abdeffca2652c
84682876864,28562505674,Pixi CI,Install and lint (ubuntu-24.04-arm),completed,success,2026-07-02T03:07:42Z,2026-07-02T03:10:33Z,171,4148c0555b8b561cd9973772d9a2c6ad8451998f
84682476558,28562373359,Pixi CI,Install and lint (ubuntu-24.04-arm),completed,success,2026-07-02T03:04:08Z,2026-07-02T03:06:49Z,161,7dec54b9e401fd0fef4332525e5a5b5f2b86c77b
84679810501,28561461475,Pixi CI,Install and lint (ubuntu-24.04-arm),completed,failure,2026-07-02T02:38:28Z,2026-07-02T02:41:20Z,172,7960ae104662e19e2e94bfcb5354c325861b0618
84678362808,28560965910,Pixi CI,Install and lint (ubuntu-24.04-arm),completed,success,2026-07-02T02:24:29Z,2026-07-02T02:27:06Z,157,5ef0911e82f3925cd85ee23406820eecc607e957
84678286349,28560940120,Pixi CI,Install and lint (ubuntu-24.04-arm),completed,failure,2026-07-02T02:23:34Z,2026-07-02T02:26:15Z,161,17b4da7e378241844637bb821435e34c885fde52
84671597992,28558673922,Pixi CI,Install and lint (ubuntu-24.04-arm),completed,success,2026-07-02T01:19:02Z,2026-07-02T01:21:56Z,174,ddf08c8e093707dee888e2da3dbf4e50a35cb560
84645775053,28550334793,Pixi CI,Install and lint (ubuntu-24.04-arm),completed,success,2026-07-01T21:56:02Z,2026-07-01T21:58:53Z,171,46bc6fb9904b58cffbedcb7a58182dbb28cc4c35
84605037312,28538239629,Pixi CI,Install and lint (ubuntu-24.04-arm),completed,success,2026-07-01T18:13:06Z,2026-07-01T18:15:56Z,170,aad79a99f5d0937b4f0ea7dd68073583e83159e7
84595205548,28535355073,Pixi CI,Install and lint (ubuntu-24.04-arm),completed,success,2026-07-01T17:21:11Z,2026-07-01T17:23:50Z,159,9ecfe9cc345a320ccd94551eef07f61cafdb1b30
84595124729,28535312032,Pixi CI,Install and lint (ubuntu-24.04-arm),completed,success,2026-07-01T17:20:45Z,2026-07-01T17:23:31Z,166,66ff9b1a8e10bb9ade885c2231693945995b9106
84594923236,28535272517,Pixi CI,Install and lint (ubuntu-24.04-arm),completed,cancelled,2026-07-01T17:19:43Z,2026-07-01T17:20:35Z,52,592bad248c1d78851395db47b87f5d551f8ca83a
84594452804,28535103656,Pixi CI,Install and lint (ubuntu-24.04-arm),completed,success,2026-07-01T17:17:15Z,2026-07-01T17:20:03Z,168,e2492a4baf621f7a73b9cde3bd4716de35d034bc
84594128868,28535039071,Pixi CI,Install and lint (ubuntu-24.04-arm),completed,cancelled,2026-07-01T17:15:34Z,2026-07-01T17:16:55Z,81,0b8b0e707722dd28303e93282e37348a8fbf4f9c
84591297520,28534218246,Pixi CI,Install and lint (ubuntu-24.04-arm),completed,success,2026-07-01T17:00:49Z,2026-07-01T17:03:28Z,159,3495af744400d9e620ce57e61bad4a0d6f3648bc
84589613149,28533728080,Pixi CI,Install and lint (ubuntu-24.04-arm),completed,success,2026-07-01T16:52:11Z,2026-07-01T16:54:57Z,166,3442c1ef61d229f4b02b5920356c791386e56f77
84583771397,28532028566,Pixi CI,Install and lint (ubuntu-24.04-arm),completed,success,2026-07-01T16:22:16Z,2026-07-01T16:24:59Z,163,28e07546eaf45851757ed653786f4714c5ec62c8
84583703827,28532015419,Pixi CI,Install and lint (ubuntu-24.04-arm),completed,cancelled,2026-07-01T16:21:55Z,2026-07-01T16:22:07Z,12,33a8a43f726ce11e3cc575d1f3b4b728514997b7
84578914317,28530642997,Pixi CI,Install and lint (ubuntu-24.04-arm),completed,success,2026-07-01T15:58:28Z,2026-07-01T16:01:29Z,181,6be661881ee9fb6ebc1a7ab088dea786a3a8b77a
84578452248,28530510829,Pixi CI,Install and lint (ubuntu-24.04-arm),completed,success,2026-07-01T15:56:17Z,2026-07-01T15:59:05Z,168,6ce73bc6c837947043eb7f2812ee403159d6c6cf
84575358298,28529624398,Pixi CI,Install and lint (ubuntu-24.04-arm),completed,success,2026-07-01T15:41:48Z,2026-07-01T15:44:41Z,173,5bf1394157a5a937ebb692f950463bb4a86140a7
84572849831,28528917914,Pixi CI,Install and lint (ubuntu-24.04-arm),completed,success,2026-07-01T15:30:20Z,2026-07-01T15:33:12Z,172,3f416b4a72562aea4dd15f1e37eba8d53d7c9e47
84570667853,28528298383,Pixi CI,Install and lint (ubuntu-24.04-arm),completed,success,2026-07-01T15:20:40Z,2026-07-01T15:23:22Z,162,37b1aca7ae8dbc0458beafce31e4825af632944a
84570602256,28528254884,Pixi CI,Install and lint (ubuntu-24.04-arm),completed,success,2026-07-01T15:20:22Z,2026-07-01T15:22:59Z,157,c084a89705edc1cc44832625b6c35345a3db3493
84570405696,28528223093,Pixi CI,Install and lint (ubuntu-24.04-arm),completed,success,2026-07-01T15:19:30Z,2026-07-01T15:22:29Z,179,d76478e89a620211408497f4b4eeef705bcbab4b
84570311943,28528196298,Pixi CI,Install and lint (ubuntu-24.04-arm),completed,cancelled,2026-07-01T15:19:06Z,2026-07-01T15:20:13Z,67,1f4ced472a48c1da0ebb343860037d8ae81fca8b
84567178220,28527319317,Pixi CI,Install and lint (ubuntu-24.04-arm),completed,success,2026-07-01T15:05:15Z,2026-07-01T15:08:03Z,168,703f3fa981c4ec3bf96526a4965a58f0705d9d1f
84567103311,28527298551,Pixi CI,Install and lint (ubuntu-24.04-arm),completed,success,2026-07-01T15:04:56Z,2026-07-01T15:07:33Z,157,b9f6fa6b263d714255d1512926c5262757c4b86d
84567044962,28527281984,Pixi CI,Install and lint (ubuntu-24.04-arm),completed,success,2026-07-01T15:04:40Z,2026-07-01T15:07:29Z,169,e43d3a4375a6b804b250d6961bb802c0a66270a6
84566997116,28527268953,Pixi CI,Install and lint (ubuntu-24.04-arm),completed,success,2026-07-01T15:04:27Z,2026-07-01T15:07:26Z,179,93b68acd9669c7d5240fe282ce03bc606b656612
84566716812,28527193280,Pixi CI,Install and lint (ubuntu-24.04-arm),completed,success,2026-07-01T15:03:16Z,2026-07-01T15:06:13Z,177,093c75ed1836d770072c2f5517fd6d04bf611d17
84532605776,28517440163,Pixi CI,Install and lint (ubuntu-24.04-arm),completed,success,2026-07-01T12:27:23Z,2026-07-01T12:30:10Z,167,cd80ab7fc06ac0cbc4bb3f1462a0d4febf46ec2b
84527945327,28516048069,Pixi CI,Install and lint (ubuntu-24.04-arm),completed,success,2026-07-01T12:02:38Z,2026-07-01T12:05:20Z,162,185384792e498ccbadc4e145cc9432ce235b371a
84505471031,28509297857,Pixi CI,Install and lint (ubuntu-24.04-arm),completed,success,2026-07-01T09:58:23Z,2026-07-01T10:00:58Z,155,aeb6c9654410de36a311a49324bf3df8d75dc054
84505138919,28509223745,Pixi CI,Install and lint (ubuntu-24.04-arm),completed,cancelled,2026-07-01T09:56:38Z,2026-07-01T09:57:56Z,78,a10b3621d3d4827ffce9a2be22279211bb09aee5
84427559442,28484388174,Pixi CI,Install and lint (ubuntu-24.04-arm),completed,success,2026-07-01T00:14:24Z,2026-07-01T00:17:21Z,177,72d86b658ab3b4b9e0bc748d3efa019dc0f8541f
84427096977,28484214867,Pixi CI,Install and lint (ubuntu-24.04-arm),completed,success,2026-07-01T00:10:34Z,2026-07-01T00:13:18Z,164,5e059dbeff839bf4e1a4234e7c9cfc2d98b862b7
84426799916,28484131086,Pixi CI,Install and lint (ubuntu-24.04-arm),completed,cancelled,2026-07-01T00:08:12Z,2026-07-01T00:10:24Z,132,5bb9e164b0f87384772e3e2f2ca7e76ec6467245
84340668621,28458776503,Pixi CI,Install and lint (ubuntu-24.04-arm),completed,success,2026-06-30T16:10:37Z,2026-06-30T16:13:29Z,172,35796405895a513b795719b2978540b034cd72f1
84334735877,28457091744,Pixi CI,Install and lint (ubuntu-24.04-arm),completed,success,2026-06-30T15:44:55Z,2026-06-30T15:47:44Z,169,3ae8d251eab0812203001ca285e25efbfc2b3ea8
84334125639,28456919114,Pixi CI,Install and lint (ubuntu-24.04-arm),completed,success,2026-06-30T15:42:16Z,2026-06-30T15:45:15Z,179,8fba37cf78f95bc759a2ba978be5a5b9007f0af5
84326961612,28454922158,Pixi CI,Install and lint (ubuntu-24.04-arm),completed,success,2026-06-30T15:11:59Z,2026-06-30T15:14:43Z,164,cd544b1c2492c466d574e1a18671495a0bd4723f
84323847210,28454056205,Pixi CI,Install and lint (ubuntu-24.04-arm),completed,success,2026-06-30T14:59:12Z,2026-06-30T15:02:00Z,168,6c30e3c38679978fc74d470c90c1c198c7135271
84322555352,28453698542,Pixi CI,Install and lint (ubuntu-24.04-arm),completed,success,2026-06-30T14:53:58Z,2026-06-30T14:56:41Z,163,ca4f618aa3d7c36e4ba9454cb184816d0b5c2f16
84287258897,28435065237,Pixi CI,Install and lint (ubuntu-24.04-arm),completed,success,2026-06-30T12:16:55Z,2026-06-30T12:19:22Z,147,3fe5eafe200e59ea001826c9c24ab274393b3733
84206549529,28418507925,Pixi CI,Install and lint (ubuntu-24.04-arm),completed,success,2026-06-30T03:36:44Z,2026-06-30T03:39:13Z,149,b1dc78899aa37957c3d4e0bd85eedb95579e7de3
84200225936,28416433855,Pixi CI,Install and lint (ubuntu-24.04-arm),completed,success,2026-06-30T02:36:21Z,2026-06-30T02:38:57Z,156,62dfd84868630c7aa4a140cf5f3a22fd15d7a563
84178270257,28409170575,Pixi CI,Install and lint (ubuntu-24.04-arm),completed,success,2026-06-29T23:21:04Z,2026-06-29T23:23:38Z,154,f320feb96b88ad895541b7caaa63ea1c8000423e
84160543710,28403538020,Pixi CI,Install and lint (ubuntu-24.04-arm),completed,success,2026-06-29T21:22:24Z,2026-06-29T21:25:14Z,170,6fae565bce50feb056a10767cd7492d73186a4a2
84134150395,28395814963,Pixi CI,Install and lint (ubuntu-24.04-arm),completed,success,2026-06-29T19:02:03Z,2026-06-29T19:04:45Z,162,b66e81fcee5ca2bd3b9fd4ec0836afb6c5987219
84097852300,28385178360,Pixi CI,Install and lint (ubuntu-24.04-arm),completed,success,2026-06-29T15:56:23Z,2026-06-29T15:59:09Z,166,4c192454f87bd1a5e1e4209323dc2f1622b512e5
85272673193,28756592514,Pixi CI,Install and lint (ubuntu-24.04-arm),completed,success,2026-07-06T00:08:42Z,2026-07-06T00:11:28Z,166,c310d5e93cdf7ad3f4bf5eeec5055f730666334b
85243286675,28748444712,Pixi CI,Install and lint (ubuntu-24.04-arm),completed,success,2026-07-05T17:08:57Z,2026-07-05T17:11:32Z,155,c11e177f7752d62b09daf5a10465f7a9d43d1d8e
85241728118,28747850209,Pixi CI,Install and lint (ubuntu-24.04-arm),completed,success,2026-07-05T16:46:57Z,2026-07-05T16:49:38Z,161,262d2cf700155adbe3a431f8ae1367bae8d7549d
85214873286,28737749057,Pixi CI,Install and lint (ubuntu-24.04-arm),completed,success,2026-07-05T10:29:22Z,2026-07-05T10:32:03Z,161,279ade3a9458d9ad7a472ffd2a005ec00c7ae25e
85213854814,28737362327,Pixi CI,Install and lint (ubuntu-24.04-arm),completed,success,2026-07-05T10:14:08Z,2026-07-05T10:17:05Z,177,cb9546ac7402aefc21f544f40e654579d04ca89e
85213397741,28737192820,Pixi CI,Install and lint (ubuntu-24.04-arm),completed,success,2026-07-05T10:07:11Z,2026-07-05T10:09:52Z,161,aaf9493472f433f7459e03c6a519d88ac9347584
85212571760,28736889287,Pixi CI,Install and lint (ubuntu-24.04-arm),completed,success,2026-07-05T09:54:47Z,2026-07-05T09:57:38Z,171,4b0494fc79a9291cfaa84d50187d67293fecfd13
85211577643,28736519214,Pixi CI,Install and lint (ubuntu-24.04-arm),completed,success,2026-07-05T09:39:38Z,2026-07-05T09:42:25Z,167,56c3ef8dac5bf00d0f5b647bff08a89c5d04f22a
85198693351,28731784132,Pixi CI,Install and lint (ubuntu-24.04-arm),completed,success,2026-07-05T06:18:47Z,2026-07-05T06:21:35Z,168,28487453e76391124ac224df4a3ee3a237c6a25c
85198069825,28731575201,Pixi CI,Install and lint (ubuntu-24.04-arm),completed,success,2026-07-05T06:09:28Z,2026-07-05T06:12:19Z,171,17bf363469e8a5e8760deb16f500312bba509bbc
85184467109,28726401433,Pixi CI,Install and lint (ubuntu-24.04-arm),completed,success,2026-07-05T02:02:39Z,2026-07-05T02:05:12Z,153,dc086706ce06815b60e29a63a0fcf6253c8e9963
85183540596,28726047753,Pixi CI,Install and lint (ubuntu-24.04-arm),completed,failure,2026-07-05T01:46:00Z,2026-07-05T01:46:55Z,55,6de019ab84fd535d458017f44bf0587c0583471b
85151384809,28713717052,Pixi CI,Install and lint (ubuntu-24.04-arm),completed,failure,2026-07-04T17:15:46Z,2026-07-04T17:18:29Z,163,bcfa5149795bacad2b0cfeabce3a4ef693726132
85241649136,28711721806,Pixi CI,Install and lint (ubuntu-24.04-arm),completed,success,2026-07-05T16:45:47Z,2026-07-05T16:48:39Z,172,cf5670546fb9929de8c7100cc6d64883fcd7d7d1
85110278192,28697743161,Pixi CI,Install and lint (ubuntu-24.04-arm),completed,success,2026-07-04T06:29:31Z,2026-07-04T06:32:09Z,158,a1125b48ad0c9a83e670cf1e69d70a8fc8beb3be
84984331248,28655413095,Pixi CI,Install and lint (ubuntu-24.04-arm),completed,success,2026-07-03T10:51:09Z,2026-07-03T10:53:57Z,168,6b92446a000721418a74f9bf581c8a1a1da195b7
84971091723,28651716158,Pixi CI,Install and lint (ubuntu-24.04-arm),completed,success,2026-07-03T09:31:15Z,2026-07-03T09:33:50Z,155,8c7034884b6beeaa95fb68044f89023d02cd2f0f
84969590312,28651246558,Pixi CI,Install and lint (ubuntu-24.04-arm),completed,success,2026-07-03T09:22:40Z,2026-07-03T09:25:22Z,162,b2e18a5fa43c9644636c4e4fbf908629d2e28d09
84968527739,28650939791,Pixi CI,Install and lint (ubuntu-24.04-arm),completed,failure,2026-07-03T09:16:36Z,2026-07-03T09:19:23Z,167,5c1a4f1c774e2813a718516a75a85cccba2151cb
84966964115,28650456968,Pixi CI,Install and lint (ubuntu-24.04-arm),completed,success,2026-07-03T09:07:42Z,2026-07-03T09:10:26Z,164,874d9483aab9abbd51dec62f273a0fc190c47303
84961918658,28648877108,Pixi CI,Install and lint (ubuntu-24.04-arm),completed,failure,2026-07-03T08:37:46Z,2026-07-03T08:40:47Z,181,9f1b9d24f4102cc25b86c86ae4ef0f5d50d2b5d6
84961425570,28648742913,Pixi CI,Install and lint (ubuntu-24.04-arm),completed,cancelled,2026-07-03T08:34:42Z,2026-07-03T08:37:23Z,161,c9cbb8b201194b90fb078637694ffa3186fa166f
84958118823,28647692258,Pixi CI,Install and lint (ubuntu-24.04-arm),completed,failure,2026-07-03T08:13:50Z,2026-07-03T08:16:41Z,171,463d0000d37a4828e3cf1037615206b039832d53
84958084340,28647684978,Pixi CI,Install and lint (ubuntu-24.04-arm),completed,cancelled,2026-07-03T08:13:37Z,2026-07-03T08:13:42Z,5,984610051fc300af180dbabafef2eb5d26f6c92e
84939873011,28641930303,Pixi CI,Install and lint (ubuntu-24.04-arm),completed,success,2026-07-03T06:11:24Z,2026-07-03T06:14:06Z,162,bc5c92ee361af19be78079a07e26764aacde36b7
84934631680,28640222554,Pixi CI,Install and lint (ubuntu-24.04-arm),completed,success,2026-07-03T05:20:45Z,2026-07-03T05:23:29Z,164,3ed93c060f55c9da68dd3224dad01cc7ffcf91fc
84930368738,28638724631,Pixi CI,Install and lint (ubuntu-24.04-arm),completed,success,2026-07-03T04:37:20Z,2026-07-03T04:40:14Z,174,a3a55e2e45470f78ce7ebf6a1d4afc02a1c7f95a
84930303181,28638709792,Pixi CI,Install and lint (ubuntu-24.04-arm),completed,cancelled,2026-07-03T04:36:38Z,2026-07-03T04:37:06Z,28,3dfa37f577acec8fd3e2d0e01403e34b23c8b707
84930286491,28638706224,Pixi CI,Install and lint (ubuntu-24.04-arm),completed,cancelled,2026-07-03T04:36:28Z,2026-07-03T04:36:30Z,2,93d9002262cc040a4f89269d87aeb149b97e3558
84929985407,28638600301,Pixi CI,Install and lint (ubuntu-24.04-arm),completed,success,2026-07-03T04:33:15Z,2026-07-03T04:36:01Z,166,ad9b4a914b8594d5f4c9faa1fa9836a50b483516
84928907378,28638234185,Pixi CI,Install and lint (ubuntu-24.04-arm),completed,success,2026-07-03T04:22:25Z,2026-07-03T04:25:08Z,163,f560e4f07dd0791800cf2a2ae3fb640ed19b806b
84923734117,28636446937,Pixi CI,Install and lint (ubuntu-24.04-arm),completed,success,2026-07-03T03:28:57Z,2026-07-03T03:31:47Z,170,9889d26267caf4a076b0949ab8c65bae5f3d4793
84922608233,28636065375,Pixi CI,Install and lint (ubuntu-24.04-arm),completed,success,2026-07-03T03:17:32Z,2026-07-03T03:20:12Z,160,477f95ae042c967cf3095ee046ad5c1516e458a5
84921929277,28635856538,Pixi CI,Install and lint (ubuntu-24.04-arm),completed,success,2026-07-03T03:11:00Z,2026-07-03T03:13:46Z,166,6670e285706b027ed28f91737862f9187e32a684
84916621838,28634027507,Pixi CI,Install and lint (ubuntu-24.04-arm),completed,success,2026-07-03T02:16:22Z,2026-07-03T02:19:16Z,174,7cf1c42c84492f9307ae73a0f46e2d4db20ee14b
84916216585,28633892526,Pixi CI,Install and lint (ubuntu-24.04-arm),completed,success,2026-07-03T02:12:16Z,2026-07-03T02:15:07Z,171,0f2907b069c7a39a553db28ab2424cd61c52fb3c
84911950188,28632447470,Pixi CI,Install and lint (ubuntu-24.04-arm),completed,success,2026-07-03T01:30:05Z,2026-07-03T01:32:57Z,172,3a9f56d7691f62b562ee6a81b9c3fbacafbac8b7
84911762289,28632382403,Pixi CI,Install and lint (ubuntu-24.04-arm),completed,failure,2026-07-03T01:28:09Z,2026-07-03T01:28:19Z,10,eadb190fc85ad7d775fa9dff2696c433426a8db9
84907920164,28631069511,Pixi CI,Install and lint (ubuntu-24.04-arm),completed,success,2026-07-03T00:50:56Z,2026-07-03T00:53:45Z,169,90b748c84c2cd2a5cbf50abfae4d93d559218ed4
84907667062,28630986254,Pixi CI,Install and lint (ubuntu-24.04-arm),completed,cancelled,2026-07-03T00:48:33Z,2026-07-03T00:50:45Z,132,c52eda8c7684a2d536d717d6d5efd428bd1439fb
84907428735,28630904562,Pixi CI,Install and lint (ubuntu-24.04-arm),completed,cancelled,2026-07-03T00:46:15Z,2026-07-03T00:48:24Z,129,5f9e057f6b5e7eaa67bac71cd037c531335d17ea
84907235897,28630855509,Pixi CI,Install and lint (ubuntu-24.04-arm),completed,cancelled,2026-07-03T00:44:28Z,2026-07-03T00:46:01Z,93,8944286133de20e8f2b7e867cd62787f678f00bd
85182121564,28627209506,Pixi CI,Install and lint (ubuntu-24.04-arm),completed,success,2026-07-05T01:20:37Z,2026-07-05T01:23:22Z,165,d2cba6a6fa961ed6548974d31703b8968dfa8ab4
84900433545,28624570473,Pixi CI,Install and lint (ubuntu-24.04-arm),completed,success,2026-07-02T23:42:18Z,2026-07-02T23:45:05Z,167,ce97689595b23d87124d4e0437c1333bf2ea0200
84886572770,28624115013,Pixi CI,Install and lint (ubuntu-24.04-arm),completed,success,2026-07-02T21:56:51Z,2026-07-02T21:59:42Z,171,9ba853366aed4a12502fa56bfc2cc3510119be50
84843429540,28611083885,Pixi CI,Install and lint (ubuntu-24.04-arm),completed,success,2026-07-02T18:00:21Z,2026-07-02T18:03:13Z,172,b02603c0af29fd0ebc48976b8ad5633dc6f12399
84842078623,28610680950,Pixi CI,Install and lint (ubuntu-24.04-arm),completed,success,2026-07-02T17:53:30Z,2026-07-02T17:56:26Z,176,058eb192a29a35b66d8ce4fd1e93ba144959a0a1
84839463396,28609905872,Pixi CI,Install and lint (ubuntu-24.04-arm),completed,failure,2026-07-02T17:40:17Z,2026-07-02T17:40:40Z,23,054ead89b64d0c1d0322ff3dc282f826dbb8f0a0
84829980461,28607082985,Pixi CI,Install and lint (ubuntu-24.04-arm),completed,success,2026-07-02T16:52:36Z,2026-07-02T16:55:15Z,159,0482ecbb14f4ec9d2cb7f8621e03a69918bcd7da
84852627449,28607020544,Pixi CI,Install and lint (ubuntu-24.04-arm),completed,success,2026-07-02T18:47:07Z,2026-07-02T18:50:01Z,174,54b8a91cfd73b6295bff62f221d1c44621252410
84887171059,28605665575,Pixi CI,Install and lint (ubuntu-24.04-arm),completed,success,2026-07-02T22:00:48Z,2026-07-02T22:03:33Z,165,07b8b6b1a29e5ffe0509ab781ff7be6f7c1bb524
84823964694,28605334970,Pixi CI,Install and lint (ubuntu-24.04-arm),completed,success,2026-07-02T16:23:28Z,2026-07-02T16:26:13Z,165,35c573992cc19d9d27c24952b56b51fa7a4f2a91
84816933474,28603287917,Pixi CI,Install and lint (ubuntu-24.04-arm),completed,success,2026-07-02T15:51:14Z,2026-07-02T15:54:14Z,180,ca9e70a32296eadf896a6b0aa18a8bfa9701b9ae
84816268247,28603122737,Pixi CI,Install and lint (ubuntu-24.04-arm),completed,cancelled,2026-07-02T15:48:15Z,2026-07-02T15:51:01Z,166,00e3a0db02fa1c2e8552ff23e005beed0bcb64f8
84814041710,28602481134,Pixi CI,Install and lint (ubuntu-24.04-arm),completed,success,2026-07-02T15:38:20Z,2026-07-02T15:41:12Z,172,95e85d7a21cb8ec8a13c90f77689821d2e1f6dde
84809292718,28601125900,Pixi CI,Install and lint (ubuntu-24.04-arm),completed,success,2026-07-02T15:17:39Z,2026-07-02T15:20:42Z,183,4c5b0d91c4ccf290e9f1b0565fbca0bfd5c12385
85324124586,28777272330,Pixi CI,Install and lint (ubuntu-24.04-arm),completed,success,2026-07-06T08:10:12Z,2026-07-06T08:12:57Z,165,fc2c8d795308832ca7fbb77e7fb9267493b2b5ff
85606063636,28862994768,Pixi CI,Install and lint (ubuntu-24.04-arm),completed,success,2026-07-07T11:33:57Z,2026-07-07T11:36:42Z,165,faeab11405d4d65e06070a71b788cfdc2871c9b4
85605892276,28862958813,Pixi CI,Install and lint (ubuntu-24.04-arm),completed,cancelled,2026-07-07T11:33:01Z,2026-07-07T11:33:50Z,49,f813bb9deea00fc888bc798076209600e689aabf
85603166262,28862151672,Pixi CI,Install and lint (ubuntu-24.04-arm),completed,success,2026-07-07T11:18:38Z,2026-07-07T11:21:08Z,150,7f2ad820f6fef08f4eb3fb16aaf9a32781eda7e1
85599506033,28861071048,Pixi CI,Install and lint (ubuntu-24.04-arm),completed,success,2026-07-07T10:59:18Z,2026-07-07T11:02:18Z,180,c481182acac8eaffbb909b1a70e89f3c5524b67c
85599247878,28860995280,Pixi CI,Install and lint (ubuntu-24.04-arm),completed,success,2026-07-07T10:57:53Z,2026-07-07T11:00:41Z,168,fcf7290474a292454e0a6581de00b1e9c217d927
85589962448,28858221160,Pixi CI,Install and lint (ubuntu-24.04-arm),completed,success,2026-07-07T10:06:56Z,2026-07-07T10:09:57Z,181,8b2d1dc67c6a14581821adc39d53bfd16d7f14e0
85586274259,28857106895,Pixi CI,Install and lint (ubuntu-24.04-arm),completed,success,2026-07-07T09:47:50Z,2026-07-07T09:50:54Z,184,2eb8aea9b7d0742e751af5c56efbd8714bff7868
85578408477,28854752066,Pixi CI,Install and lint (ubuntu-24.04-arm),completed,success,2026-07-07T09:07:39Z,2026-07-07T09:10:17Z,158,7ba53c05c19150c6d58b1417fbc5b6fe2c615097
85564221387,28850461589,Pixi CI,Install and lint (ubuntu-24.04-arm),completed,success,2026-07-07T07:51:29Z,2026-07-07T07:54:10Z,161,dd4b0e90bd5bde23c31911106e7dc3eb79101a6c
85563319486,28850188797,Pixi CI,Install and lint (ubuntu-24.04-arm),completed,success,2026-07-07T07:46:13Z,2026-07-07T07:49:08Z,175,3eaae176ad1c2c219e55ab74cc2bf372e40468d0
85550953336,28846303633,Pixi CI,Install and lint (ubuntu-24.04-arm),completed,success,2026-07-07T06:28:07Z,2026-07-07T06:30:43Z,156,558496f4a01dd1d3549f125ccc269656d03fc11a
85550862401,28846275648,Pixi CI,Install and lint (ubuntu-24.04-arm),completed,success,2026-07-07T06:27:27Z,2026-07-07T06:30:13Z,166,4b86ee4c4a65a822e612b1a7a0f1df390d29645b
85548660605,28845595197,Pixi CI,Install and lint (ubuntu-24.04-arm),completed,success,2026-07-07T06:11:59Z,2026-07-07T06:14:46Z,167,b6d038f9622cfe913b5020bb7ee6b50934ba3930
85547994245,28845390799,Pixi CI,Install and lint (ubuntu-24.04-arm),completed,success,2026-07-07T06:07:08Z,2026-07-07T06:10:06Z,178,45a9774311f8a55d999d0967e5148e0e1d9a01e5
85547772402,28845318736,Pixi CI,Install and lint (ubuntu-24.04-arm),completed,success,2026-07-07T06:05:31Z,2026-07-07T06:08:06Z,155,cc41bd713a095e059cb586da11260609f976d3b4
85545697064,28844652342,Pixi CI,Install and lint (ubuntu-24.04-arm),completed,success,2026-07-07T05:49:24Z,2026-07-07T05:52:07Z,163,ff271bd54a840a7eaba1942cc24903927e7c2c43
85544576807,28844277090,Pixi CI,Install and lint (ubuntu-24.04-arm),completed,success,2026-07-07T05:39:56Z,2026-07-07T05:42:48Z,172,55f7823fa8c25aea78da7c3d5a87c1fd4490266b
85542109558,28843456984,Pixi CI,Install and lint (ubuntu-24.04-arm),completed,success,2026-07-07T05:19:08Z,2026-07-07T05:21:49Z,161,78512304ee4b1ffa3d817a391123359f6c6735cd
85520043600,28836071958,Pixi CI,Install and lint (ubuntu-24.04-arm),completed,success,2026-07-07T01:57:36Z,2026-07-07T02:00:15Z,159,964b886d46d337fa775c6e4012a90534b28cd3ca
85508119616,28832148489,Pixi CI,Install and lint (ubuntu-24.04-arm),completed,success,2026-07-07T00:12:22Z,2026-07-07T00:15:15Z,173,4a4e4c37d231a53d4bd66dc34352a71ec7f1d56d
85506842581,28831722097,Pixi CI,Install and lint (ubuntu-24.04-arm),completed,success,2026-07-07T00:01:55Z,2026-07-07T00:04:44Z,169,2faec0bb45d02f743f9117cf99a7734e0cb9a337
85489170434,28826030934,Pixi CI,Install and lint (ubuntu-24.04-arm),completed,failure,2026-07-06T21:57:16Z,2026-07-06T21:59:58Z,162,143ed37505950f5481f303bbc70f7a1f6bfdd976
85484007580,28824457049,Pixi CI,Install and lint (ubuntu-24.04-arm),completed,failure,2026-07-06T21:27:48Z,2026-07-06T21:30:32Z,164,3dc23c379bb74a039d90a2ab112e5f79ff2641cd
85461838171,28817868204,Pixi CI,Install and lint (ubuntu-24.04-arm),completed,failure,2026-07-06T19:34:56Z,2026-07-06T19:37:40Z,164,89df687e617ee7fd21e5fd683faad3e84d24e377
85455053783,28815885956,Pixi CI,Install and lint (ubuntu-24.04-arm),completed,success,2026-07-06T18:58:28Z,2026-07-06T19:01:15Z,167,89dcb746bacb01cd3414ddf117f1626abea83074
85450189737,28814453633,Pixi CI,Install and lint (ubuntu-24.04-arm),completed,success,2026-07-06T18:34:43Z,2026-07-06T18:37:38Z,175,caeaeecfe0daba3aec78ccdea7500b5dd6c9ad58
85422544475,28806284969,Pixi CI,Install and lint (ubuntu-24.04-arm),completed,success,2026-07-06T16:18:57Z,2026-07-06T16:22:02Z,185,09feb5d7c96f4bbb5b58bf4957a9172ad455f1ad
85410101058,28802720501,Pixi CI,Install and lint (ubuntu-24.04-arm),completed,success,2026-07-06T15:23:33Z,2026-07-06T15:26:19Z,166,25e51d8a742dc1eba60598dcf33b2e48e62eca17
85409959168,28802679275,Pixi CI,Install and lint (ubuntu-24.04-arm),completed,success,2026-07-06T15:22:56Z,2026-07-06T15:25:43Z,167,75734b33a2b9fb0ce735e6611a22e08ad1f2d075
85409028706,28802414265,Pixi CI,Install and lint (ubuntu-24.04-arm),completed,success,2026-07-06T15:18:53Z,2026-07-06T15:21:36Z,163,15092a763750141a8d171c97cdfb8b9ab0290e3b
85399648429,28799763140,Pixi CI,Install and lint (ubuntu-24.04-arm),completed,success,2026-07-06T14:39:02Z,2026-07-06T14:41:51Z,169,b9c8217d9a78077078661a93465ca59aacaa35ce
85388246537,28796497683,Pixi CI,Install and lint (ubuntu-24.04-arm),completed,success,2026-07-06T13:49:53Z,2026-07-06T13:52:37Z,164,b9930834faadea86a41a0a3c2a55d38950f184fd
85383241259,28795068589,Pixi CI,Install and lint (ubuntu-24.04-arm),completed,success,2026-07-06T13:27:31Z,2026-07-06T13:30:21Z,170,25d78cff930d244863e387a485b8c53be0f1b739
85370784659,28791418383,Pixi CI,Install and lint (ubuntu-24.04-arm),completed,success,2026-07-06T12:26:56Z,2026-07-06T12:29:45Z,169,aace1b19ce5a8557fdb07c42f34f728ebb4fb571
85364678314,28789620706,Pixi CI,Install and lint (ubuntu-24.04-arm),completed,success,2026-07-06T11:54:38Z,2026-07-06T11:57:11Z,153,10244496a758a06a3dfa42f4553e00dabf6a12fc
85363236641,28789184892,Pixi CI,Install and lint (ubuntu-24.04-arm),completed,success,2026-07-06T11:46:30Z,2026-07-06T11:49:18Z,168,7eada7d67ab133efb14ec6d60ef655e03f631e3d
85410533517,28786846248,Pixi CI,Install and lint (ubuntu-24.04-arm),completed,success,2026-07-06T15:25:24Z,2026-07-06T15:28:06Z,162,12cf2bf97d495955692fae094efa1ded4f2187e6
86729548945,29222237111,Pixi CI,Install and lint (ubuntu-24.04-arm),completed,success,2026-07-13T03:41:49Z,2026-07-13T03:44:34Z,165,f69361864c97e23db824c68b51d7b5036d4bfed6
86712084287,29216018955,Pixi CI,Install and lint (ubuntu-24.04-arm),completed,failure,2026-07-13T00:47:38Z,2026-07-13T00:50:02Z,144,4d57ceaf0e37feb8973a0389318e785438cce67d
86692814674,29208788549,Pixi CI,Install and lint (ubuntu-24.04-arm),completed,success,2026-07-12T21:00:08Z,2026-07-12T21:02:56Z,168,c237091da202cd623486f57719f851e1434c11a0
86690491553,29207925872,Pixi CI,Install and lint (ubuntu-24.04-arm),completed,success,2026-07-12T20:32:37Z,2026-07-12T20:35:09Z,152,76d90c65a1a1d329a967031185436349b8d75fed
86689841858,29207684430,Pixi CI,Install and lint (ubuntu-24.04-arm),completed,success,2026-07-12T20:25:14Z,2026-07-12T20:27:57Z,163,040fe8d60d1b86cd469d881f7181565c99a72263
86687848601,29206932449,Pixi CI,Install and lint (ubuntu-24.04-arm),completed,success,2026-07-12T20:01:54Z,2026-07-12T20:04:42Z,168,d6ba0065d0d781a0fd799ff1b98771f7ba9f6411
86691962353,29205298554,Pixi CI,Install and lint (ubuntu-24.04-arm),completed,success,2026-07-12T20:49:40Z,2026-07-12T20:52:25Z,165,6fb50c6751ac6fd0c57f9ed1b61936699ae650cb
86682504553,29204891979,Pixi CI,Install and lint (ubuntu-24.04-arm),completed,success,2026-07-12T18:58:36Z,2026-07-12T19:01:23Z,167,18ee407e7ce7665ac4b10d5100dae59c25c42fd8
86680113349,29203979414,Pixi CI,Install and lint (ubuntu-24.04-arm),completed,success,2026-07-12T18:29:54Z,2026-07-12T18:32:38Z,164,0e0c25677defad8a3c73b76ef4ba9c122953448f
86667548902,29199221640,Pixi CI,Install and lint (ubuntu-24.04-arm),completed,failure,2026-07-12T15:58:22Z,2026-07-12T16:01:10Z,168,8e41b8d22e2a166020f9b6c7ab328f35b2bd8dca
86660301939,29196494711,Pixi CI,Install and lint (ubuntu-24.04-arm),completed,failure,2026-07-12T14:34:15Z,2026-07-12T14:37:06Z,171,3ca2b6ad4f1ffef0e496d8045499dce3c4a433a5
86656259322,29194988578,Pixi CI,Install and lint (ubuntu-24.04-arm),completed,failure,2026-07-12T13:45:43Z,2026-07-12T13:48:29Z,166,1b94492e46b0f910f26bee075be317b3c9b7f461
86654608701,29194381570,Pixi CI,Install and lint (ubuntu-24.04-arm),completed,failure,2026-07-12T13:25:55Z,2026-07-12T13:28:47Z,172,3af4e0648fed454d27400cebff58e2f938475b26
86642423610,29189819041,Pixi CI,Install and lint (ubuntu-24.04-arm),completed,failure,2026-07-12T10:51:20Z,2026-07-12T10:54:03Z,163,3aee339754a464180bcaa52c29afaad65646110d
86642638011,29189630493,Pixi CI,Install and lint (ubuntu-24.04-arm),completed,success,2026-07-12T10:54:21Z,2026-07-12T10:57:18Z,177,69f16779ce9a40692c7fbf33941839a82b0a95f6
86640130191,29188954096,Pixi CI,Install and lint (ubuntu-24.04-arm),completed,failure,2026-07-12T10:20:14Z,2026-07-12T10:22:50Z,156,ab0dc86e0c938135dfe63496db09e87d29abe14a
86638259324,29188272574,Pixi CI,Install and lint (ubuntu-24.04-arm),completed,failure,2026-07-12T09:55:29Z,2026-07-12T09:58:13Z,164,cccdfb4015f69ff0fbb581db7dda191db1713a62
86635128462,29187109966,Pixi CI,Install and lint (ubuntu-24.04-arm),completed,failure,2026-07-12T09:13:12Z,2026-07-12T09:15:56Z,164,41b18c82ef9c6d1449c1e3bbf49dd54a5ed177d5
86632804065,29186268766,Pixi CI,Install and lint (ubuntu-24.04-arm),completed,failure,2026-07-12T08:42:28Z,2026-07-12T08:45:19Z,171,12ec7a6be4de965c56b24e50980d85e6ace858a2
86631565317,29185798216,Pixi CI,Install and lint (ubuntu-24.04-arm),completed,failure,2026-07-12T08:24:58Z,2026-07-12T08:27:46Z,168,3de305c2dd22447ee71d8951424f3aefae5a9204
86631107553,29185637610,Pixi CI,Install and lint (ubuntu-24.04-arm),completed,failure,2026-07-12T08:18:40Z,2026-07-12T08:21:28Z,168,f257b1d9bbbcdbef11e57669961cde4178de5082
86698799838,29185212785,Pixi CI,Install and lint (ubuntu-24.04-arm),completed,success,2026-07-12T22:12:35Z,2026-07-12T22:15:09Z,154,99cebe99228bc5ba975751ab4b133693279bfe28
86628101859,29184522088,Pixi CI,Install and lint (ubuntu-24.04-arm),completed,failure,2026-07-12T07:37:21Z,2026-07-12T07:40:28Z,187,6b622bcb6e52130ca98c3b16be5727ceb0261a42
86614621259,29179526748,Pixi CI,Install and lint (ubuntu-24.04-arm),completed,success,2026-07-12T04:19:11Z,2026-07-12T04:22:03Z,172,9886471d34ff8c65da379d3e94cb68c9dd552257
86611264374,29178247942,Pixi CI,Install and lint (ubuntu-24.04-arm),completed,success,2026-07-12T03:26:49Z,2026-07-12T03:29:40Z,171,d67097f828baf709f3b0c6427dde1018c69c1fe4
86577683857,29165456876,Pixi CI,Install and lint (ubuntu-24.04-arm),completed,success,2026-07-11T19:32:58Z,2026-07-11T19:35:41Z,163,e51007cc6b7523f31f72d68ffde8f780f60c2430
86572247772,29163395018,Pixi CI,Install and lint (ubuntu-24.04-arm),completed,success,2026-07-11T18:24:44Z,2026-07-11T18:27:28Z,164,ffe73f1479c52aae02aefbfa8631bcc22b2cf03f
86557727773,29157808172,Pixi CI,Install and lint (ubuntu-24.04-arm),completed,success,2026-07-11T15:23:00Z,2026-07-11T15:25:41Z,161,61b6e94dffcab100ce84e083180f1b17200e9426
86555526435,29156954278,Pixi CI,Install and lint (ubuntu-24.04-arm),completed,success,2026-07-11T14:54:22Z,2026-07-11T14:56:57Z,155,c4cf8697ca261e08ae245876bbcdde29c9f9b42f
86551985832,29155577221,Pixi CI,Install and lint (ubuntu-24.04-arm),completed,success,2026-07-11T14:08:54Z,2026-07-11T14:11:39Z,165,f19e5299a212dfcf4887a2375c3a25020fa5bc6c
86547681418,29153867221,Pixi CI,Install and lint (ubuntu-24.04-arm),completed,success,2026-07-11T13:10:35Z,2026-07-11T13:13:24Z,169,827a6a1ef9d5c07e6fecf6eb55fc71ce864d7944
86547481935,29153790404,Pixi CI,Install and lint (ubuntu-24.04-arm),completed,success,2026-07-11T13:07:50Z,2026-07-11T13:10:30Z,160,65065c741e433130acc7fca0b74d60a80d4e473a
86546710181,29153490188,Pixi CI,Install and lint (ubuntu-24.04-arm),completed,success,2026-07-11T12:57:03Z,2026-07-11T12:59:47Z,164,23e1a8ae14b9b7bc02f924e10adb02d32d0a0845
86545710889,29153106262,Pixi CI,Install and lint (ubuntu-24.04-arm),completed,success,2026-07-11T12:43:18Z,2026-07-11T12:46:05Z,167,45527f5d3fc193defbb3eb6f0260366aa3791f56
86541183236,29151326274,Pixi CI,Install and lint (ubuntu-24.04-arm),completed,success,2026-07-11T11:39:23Z,2026-07-11T11:42:05Z,162,dd198f50e8bb2d9c66cd3040a22239f9c4247b49
86540570634,29151077592,Pixi CI,Install and lint (ubuntu-24.04-arm),completed,success,2026-07-11T11:30:25Z,2026-07-11T11:33:08Z,163,729c821c7caa257803184951e91a6a05c463d39a
86540032922,29150863294,Pixi CI,Install and lint (ubuntu-24.04-arm),completed,success,2026-07-11T11:22:43Z,2026-07-11T11:25:23Z,160,4a4a3a57ae119e3edbda31c7c1f36ce1deb084f5
86537184221,29149733195,Pixi CI,Install and lint (ubuntu-24.04-arm),completed,success,2026-07-11T10:40:56Z,2026-07-11T10:43:42Z,166,bf11e5550577f94511aa58c136ab2bb38079673f
86536004233,29149277424,Pixi CI,Install and lint (ubuntu-24.04-arm),completed,failure,2026-07-11T10:23:55Z,2026-07-11T10:26:49Z,174,30b5fe252c1fd5f55e6ac93f72385b77f79d5d93
86426972629,29112201775,Pixi CI,Install and lint (ubuntu-24.04-arm),completed,success,2026-07-10T17:47:07Z,2026-07-10T17:49:57Z,170,1f5f9ef9f9714c12da0adf79e2cbd49a35dab1db
86424799596,29111544341,Pixi CI,Install and lint (ubuntu-24.04-arm),completed,success,2026-07-10T17:36:01Z,2026-07-10T17:38:37Z,156,5b5d2fb3ae320527e95e93abb8b6f6d958e2ef43
86711919207,29082711479,Pixi CI,Install and lint (ubuntu-24.04-arm),completed,cancelled,2026-07-13T00:45:58Z,2026-07-13T00:47:27Z,89,45e20722736ecd3439ed7a449b452fca077d35dd
86264591445,29061647202,Pixi CI,Install and lint (ubuntu-24.04-arm),completed,success,2026-07-10T01:07:26Z,2026-07-10T01:10:10Z,164,135c1ea5e27bd4f2f9e1f222cd4b9ee6e889421d
86077380907,29005929690,Pixi CI,Install and lint (ubuntu-24.04-arm),completed,success,2026-07-09T08:47:28Z,2026-07-09T08:50:02Z,154,a68b2483e7e70c63214dcb02ead6a00dc194144c
86067618599,29002961252,Pixi CI,Install and lint (ubuntu-24.04-arm),completed,success,2026-07-09T07:58:57Z,2026-07-09T08:01:47Z,170,c7463c294c50bd90ddb88d257d333c20a5f02c9d
85971240817,28972437030,Pixi CI,Install and lint (ubuntu-24.04-arm),completed,success,2026-07-08T20:11:48Z,2026-07-08T20:14:40Z,172,c88c390e626a6705c0ee92a3853792edb3432a8e
85929894857,28960316536,Pixi CI,Install and lint (ubuntu-24.04-arm),completed,success,2026-07-08T16:53:05Z,2026-07-08T16:55:47Z,162,a19ff48f23707a4efd0b889716ea80feaad61d5d
85924598262,28958775323,Pixi CI,Install and lint (ubuntu-24.04-arm),completed,success,2026-07-08T16:29:05Z,2026-07-08T16:31:46Z,161,4500d2d824859ee3693ca19112255ebd3b5b7adc
85920830275,28957645634,Pixi CI,Install and lint (ubuntu-24.04-arm),completed,success,2026-07-08T16:12:18Z,2026-07-08T16:15:13Z,175,ec2d641b5c9b3aa0179e834e7ea2ea79e27eed76
85919138416,28957181787,Pixi CI,Install and lint (ubuntu-24.04-arm),completed,success,2026-07-08T16:04:51Z,2026-07-08T16:07:34Z,163,4abfd0ee6925549b2401d1b1ad284a090399cf3a
85914002741,28955721000,Pixi CI,Install and lint (ubuntu-24.04-arm),completed,success,2026-07-08T15:43:31Z,2026-07-08T15:46:31Z,180,0e954d31cd9dd707e9179e2eaa6c1d343e2149c6
85908027214,28954014277,Pixi CI,Install and lint (ubuntu-24.04-arm),completed,success,2026-07-08T15:18:54Z,2026-07-08T15:21:30Z,156,01a2f9f0f1d7188b2b4cd407767d4d7e3dbd4441
85882468656,28946754155,Pixi CI,Install and lint (ubuntu-24.04-arm),completed,success,2026-07-08T13:34:40Z,2026-07-08T13:37:31Z,171,980fd30b0d56c8c8779687ec2179e2a7af136361
85866902054,28942210154,Pixi CI,Install and lint (ubuntu-24.04-arm),completed,success,2026-07-08T12:22:25Z,2026-07-08T12:25:19Z,174,52640310583799a44a3159ba5710d8e6c1a290ab
85859998921,28940107257,Pixi CI,Install and lint (ubuntu-24.04-arm),completed,success,2026-07-08T11:46:32Z,2026-07-08T11:49:16Z,164,adfb61acaa3ab1848590cb0956f95ed6acfdf925
85859833140,28940076667,Pixi CI,Install and lint (ubuntu-24.04-arm),completed,cancelled,2026-07-08T11:45:39Z,2026-07-08T11:46:24Z,45,07c43b6ec48551f809f31f4f254b2f47f9160de9
85842320488,28934754008,Pixi CI,Install and lint (ubuntu-24.04-arm),completed,failure,2026-07-08T10:10:43Z,2026-07-08T10:13:30Z,167,6c7afe6f851b0fe5c88a8c38ba81e205fd746d43
85841901728,28934655555,Pixi CI,Install and lint (ubuntu-24.04-arm),completed,cancelled,2026-07-08T10:08:29Z,2026-07-08T10:10:29Z,120,1690256c3ecdd85929ec7ecd371dbd4de76902fe
85827649194,28930315430,Pixi CI,Install and lint (ubuntu-24.04-arm),completed,success,2026-07-08T08:56:03Z,2026-07-08T08:58:47Z,164,c250a4568f6fde4074debc93364b1c628200cbfa
85826995787,28930143867,Pixi CI,Install and lint (ubuntu-24.04-arm),completed,cancelled,2026-07-08T08:52:42Z,2026-07-08T08:55:31Z,169,61b206620053f079322febb66815771d7efc5810
85826091171,28929870991,Pixi CI,Install and lint (ubuntu-24.04-arm),completed,success,2026-07-08T08:48:04Z,2026-07-08T08:51:07Z,183,ed5bb64110af483fc1923d2110e842eab2e6cfae
85826297165,28924473962,Pixi CI,Install and lint (ubuntu-24.04-arm),completed,failure,2026-07-08T08:49:10Z,2026-07-08T08:51:59Z,169,20f6c5b9eefbccc78e564b80435ee72aeef0e056
85800963438,28921967809,Pixi CI,Install and lint (ubuntu-24.04-arm),completed,success,2026-07-08T06:18:32Z,2026-07-08T06:21:33Z,181,d4c4d4059ba49bd815c3fd90347bcad69d10b241
85783894548,28916294595,Pixi CI,Install and lint (ubuntu-24.04-arm),completed,success,2026-07-08T03:55:37Z,2026-07-08T03:58:24Z,167,238b33a24d2da4c59bdc7022749d78b1e48d5e1a
85783848672,28916279081,Pixi CI,Install and lint (ubuntu-24.04-arm),completed,success,2026-07-08T03:55:13Z,2026-07-08T03:57:58Z,165,f2fb04c5962981cd1ce14f8ec2d82922c48532e7
85780926855,28915285731,Pixi CI,Install and lint (ubuntu-24.04-arm),completed,failure,2026-07-08T03:27:50Z,2026-07-08T03:30:41Z,171,3f9fc37bde2825a9b06baeaeeb74394160c04bb5
85780902535,28915277672,Pixi CI,Install and lint (ubuntu-24.04-arm),completed,success,2026-07-08T03:27:35Z,2026-07-08T03:30:18Z,163,ce0bb4a1ec470b5cff35d1eebe7e1f661fffded2
85765937195,28910251854,Pixi CI,Install and lint (ubuntu-24.04-arm),completed,success,2026-07-08T01:14:14Z,2026-07-08T01:16:52Z,158,4e9c1c3fe044cf3f2e9a1a8508414b15d5ce619a
85764971750,28909920018,Pixi CI,Install and lint (ubuntu-24.04-arm),completed,success,2026-07-08T01:05:48Z,2026-07-08T01:08:37Z,169,8ad006f71f71d19f20c162cd6f865642e5ed805f
85763668380,28909480406,Pixi CI,Install and lint (ubuntu-24.04-arm),completed,success,2026-07-08T00:55:03Z,2026-07-08T00:57:43Z,160,e33b5be00d18453c573f9589f7b37d89f489bbd7
85761663917,28908824675,Pixi CI,Install and lint (ubuntu-24.04-arm),completed,success,2026-07-08T00:38:42Z,2026-07-08T00:41:20Z,158,75e731398957ac03c58acb08b5bcab9ebb77d4f5
85760177763,28908346391,Pixi CI,Install and lint (ubuntu-24.04-arm),completed,success,2026-07-08T00:26:45Z,2026-07-08T00:29:27Z,162,b120a716b2afc485f6c3554046a56c808ce16098
85730450879,28898899843,Pixi CI,Install and lint (ubuntu-24.04-arm),completed,success,2026-07-07T21:09:41Z,2026-07-07T21:12:44Z,183,6d6fac3577f77eea99734c0bd596fa3ba4b4a8bb
85724105702,28897037757,Pixi CI,Install and lint (ubuntu-24.04-arm),completed,success,2026-07-07T20:38:13Z,2026-07-07T20:40:58Z,165,0686fda37054abce27fd72b4167011c0ed863753
85721995160,28896426928,Pixi CI,Install and lint (ubuntu-24.04-arm),completed,success,2026-07-07T20:27:57Z,2026-07-07T20:30:35Z,158,2faa50d140e996ed82cf8323741d7d8f7083675a
85703892250,28891142205,Pixi CI,Install and lint (ubuntu-24.04-arm),completed,success,2026-07-07T18:59:19Z,2026-07-07T19:02:11Z,172,0095f7c28410fecaabdfc74abb61b8fd118f0166
85696407320,28888986851,Pixi CI,Install and lint (ubuntu-24.04-arm),completed,success,2026-07-07T18:23:15Z,2026-07-07T18:26:16Z,181,31a9e2b769f20f7d5dfe44180f68f9ee2a36b547
85673888029,28882433377,Pixi CI,Install and lint (ubuntu-24.04-arm),completed,success,2026-07-07T16:33:57Z,2026-07-07T16:36:45Z,168,d5372bdedae5359292b5ea3564f4b17585023f01
85668186509,28880805423,Pixi CI,Install and lint (ubuntu-24.04-arm),completed,success,2026-07-07T16:07:55Z,2026-07-07T16:10:44Z,169,641b2f9935b38de46b5981577e37ff2a6b9e14c4
87077783029,29330111053,Pixi CI,Install and lint (ubuntu-24.04-arm),completed,success,2026-07-14T11:57:52Z,2026-07-14T12:00:35Z,163,7fbcbca2f821fe9ed88551e8bcef9f522fdba46b
87026095097,29314662659,Pixi CI,Install and lint (ubuntu-24.04-arm),completed,failure,2026-07-14T07:29:59Z,2026-07-14T07:32:52Z,173,010a071fb333a9eb6bd16f6a5c991aa750ae38e5
86935283065,29284995719,Pixi CI,Install and lint (ubuntu-24.04-arm),completed,failure,2026-07-13T21:05:38Z,2026-07-13T21:08:23Z,165,11d70e7479ec3f53dd543db2609feeb3cff88cba
87049150010,29268847542,Pixi CI,Install and lint (ubuntu-24.04-arm),completed,success,2026-07-14T09:30:38Z,2026-07-14T09:33:21Z,163,34d73fe7a174e7479026befe01c43eabf13d5c35
86871674659,29266132279,Pixi CI,Install and lint (ubuntu-24.04-arm),completed,success,2026-07-13T16:22:28Z,2026-07-13T16:25:16Z,168,1ce2f8dbbf62adea204a2e9b0144ddbf67ce0114
86861177927,29263078708,Pixi CI,Install and lint (ubuntu-24.04-arm),completed,success,2026-07-13T15:38:31Z,2026-07-13T15:41:17Z,166,8291c5e23e245413d83398dd920f45a3c284f869
86860607667,29262893813,Pixi CI,Install and lint (ubuntu-24.04-arm),completed,success,2026-07-13T15:36:09Z,2026-07-13T15:39:04Z,175,95553eca4f8737c483b0345fd8add12e1bd47deb
86860433661,29262863448,Pixi CI,Install and lint (ubuntu-24.04-arm),completed,cancelled,2026-07-13T15:35:26Z,2026-07-13T15:35:50Z,24,ae23e7b909ff5d1b06d4edd93c866e6986f635cd
86856931203,29261856950,Pixi CI,Install and lint (ubuntu-24.04-arm),completed,success,2026-07-13T15:21:14Z,2026-07-13T15:24:07Z,173,cb9eb1006db31582d7cf1e4fae7b1a5f287df494
86856571202,29261753838,Pixi CI,Install and lint (ubuntu-24.04-arm),completed,success,2026-07-13T15:19:44Z,2026-07-13T15:22:33Z,169,8e24dd7334712022832d5591d7a9ec1c6660db57
86855093805,29261332262,Pixi CI,Install and lint (ubuntu-24.04-arm),completed,success,2026-07-13T15:13:46Z,2026-07-13T15:16:26Z,160,f273bcfad51947351a6a20798deeb6f9211319ee
86852583851,29260614740,Pixi CI,Install and lint (ubuntu-24.04-arm),completed,success,2026-07-13T15:03:57Z,2026-07-13T15:06:48Z,171,cd80e1cb41e20d6173983dda4ad3d32bf54dc8d4
86851041520,29260158655,Pixi CI,Install and lint (ubuntu-24.04-arm),completed,success,2026-07-13T14:57:50Z,2026-07-13T15:00:26Z,156,db1097fc89f8b5a2b0a1e325ce1cc7a54ec1210b
86850703347,29260090719,Pixi CI,Install and lint (ubuntu-24.04-arm),completed,success,2026-07-13T14:56:32Z,2026-07-13T14:59:20Z,168,32b285bc67e939d15c74da459e0d07ad7f332daf
86850543282,29260045793,Pixi CI,Install and lint (ubuntu-24.04-arm),completed,cancelled,2026-07-13T14:55:55Z,2026-07-13T14:57:41Z,106,d4bd99153e9baf9ffff68753c08a3dcd317ce950
86849808197,29259831013,Pixi CI,Install and lint (ubuntu-24.04-arm),completed,success,2026-07-13T14:53:01Z,2026-07-13T14:55:46Z,165,54009776e43732b1836f8a3ee9e9a50797d6c6b8
86846998879,29259021830,Pixi CI,Install and lint (ubuntu-24.04-arm),completed,success,2026-07-13T14:41:41Z,2026-07-13T14:44:26Z,165,650e05e4ac19ec9e7e7d6dc5ba61c9f32771bb5a
86845833511,29258693763,Pixi CI,Install and lint (ubuntu-24.04-arm),completed,success,2026-07-13T14:36:58Z,2026-07-13T14:39:44Z,166,e61f09a78dad8996606ef18450698c5a93edb45f
86845747374,29258682120,Pixi CI,Install and lint (ubuntu-24.04-arm),completed,success,2026-07-13T14:36:36Z,2026-07-13T14:39:23Z,167,2f3353376c76588bbc67b83bf7f53eb52f6e90be
86844691442,29258344310,Pixi CI,Install and lint (ubuntu-24.04-arm),completed,success,2026-07-13T14:32:27Z,2026-07-13T14:35:23Z,176,691bd2d33d30504a2e38836dc4cfb9680f5c7398
86843973354,29258171416,Pixi CI,Install and lint (ubuntu-24.04-arm),completed,cancelled,2026-07-13T14:29:43Z,2026-07-13T14:32:17Z,154,afc1e2520883375aebc6c9ada09253bcfb9165fc
86843609594,29258073931,Pixi CI,Install and lint (ubuntu-24.04-arm),completed,success,2026-07-13T14:28:21Z,2026-07-13T14:31:05Z,164,8a4f3e381d5ef3ebeb408af577eae28533a2370d
86830857066,29254431436,Pixi CI,Install and lint (ubuntu-24.04-arm),completed,success,2026-07-13T13:37:11Z,2026-07-13T13:39:55Z,164,7d518ee7c74fba901cc1910a72de609f1cc4d1a9
86830583818,29254405975,Pixi CI,Install and lint (ubuntu-24.04-arm),completed,cancelled,2026-07-13T13:36:23Z,2026-07-13T13:36:43Z,20,45ca1823d3b531aadd10193a7be6a989e9cb8885
86843618321,29248825982,Pixi CI,Install and lint (ubuntu-24.04-arm),completed,success,2026-07-13T14:28:19Z,2026-07-13T14:31:04Z,165,c5b9d4c805c18aa99a974b956f49dcc35743d4e5
86808071057,29247571504,Pixi CI,Install and lint (ubuntu-24.04-arm),completed,success,2026-07-13T11:49:15Z,2026-07-13T11:51:51Z,156,f12851929b8722d3ad2cd1e9d584a48e89a56bea
86803387608,29244697610,Pixi CI,Install and lint (ubuntu-24.04-arm),completed,success,2026-07-13T11:24:35Z,2026-07-13T11:27:18Z,163,fe8855144125d2268028fc93993e000ec3820d9a
86791408428,29242434764,Pixi CI,Install and lint (ubuntu-24.04-arm),completed,success,2026-07-13T10:21:03Z,2026-07-13T10:23:56Z,173,64b348a321022f91d6ba8854de3b967eed042dac
87542031715,29473688728,Pixi CI,Install and lint (ubuntu-24.04-arm),completed,success,2026-07-16T05:21:56Z,2026-07-16T05:24:49Z,173,6b58116c83d9ae0952ace3fe2183f7b28f4c79b4
87535439459,29471503625,Pixi CI,Install and lint (ubuntu-24.04-arm),completed,failure,2026-07-16T04:29:52Z,2026-07-16T04:32:44Z,172,4e1b8f53b3cbc893da0d6fbcef5a53ed7cee065a
87532063414,29470326229,Pixi CI,Install and lint (ubuntu-24.04-arm),completed,failure,2026-07-16T04:01:12Z,2026-07-16T04:03:58Z,166,66e1cd221cd53e051a68d1fd0c25d90926229109
87526357246,29468390881,Pixi CI,Install and lint (ubuntu-24.04-arm),completed,success,2026-07-16T03:11:44Z,2026-07-16T03:14:42Z,178,47af8e5b5caf5230435bbc40259e15b6a875001e
87518784338,29465876216,Pixi CI,Install and lint (ubuntu-24.04-arm),completed,success,2026-07-16T02:08:55Z,2026-07-16T02:11:41Z,166,54c729f9af02188267916ccfb6749659b0ef9452
87516078761,29464964972,Pixi CI,Install and lint (ubuntu-24.04-arm),completed,success,2026-07-16T01:46:45Z,2026-07-16T01:49:27Z,162,b1576fbfb67386c8c7e2eee75682ac66ac3e775e
87517696240,29438885331,Pixi CI,Install and lint (ubuntu-24.04-arm),completed,success,2026-07-16T02:00:18Z,2026-07-16T02:03:05Z,167,e0d5cfc4532b636426c8ec4fa6f0354401bfb1a2
87388133232,29425914033,Pixi CI,Install and lint (ubuntu-24.04-arm),completed,success,2026-07-15T14:57:27Z,2026-07-15T15:00:13Z,166,347011b8b1200e200e3a7c596d70dfb30fe85484
87332250021,29409285683,Pixi CI,Install and lint (ubuntu-24.04-arm),completed,failure,2026-07-15T10:46:25Z,2026-07-15T10:49:02Z,157,7ee6e60f02c5006fab59f6b49e22eeeefc9f5130
87273022680,29390613669,Pixi CI,Install and lint (ubuntu-24.04-arm),completed,success,2026-07-15T05:06:52Z,2026-07-15T05:09:40Z,168,3a6ad7a5ae5d120b962a5d984c3b826b9b5859e0
87271201065,29390025414,Pixi CI,Install and lint (ubuntu-24.04-arm),completed,success,2026-07-15T04:52:44Z,2026-07-15T04:55:20Z,156,bb65fa6cab502e859ad10d338bb4cf03bbbdb999
87264645082,29387823097,Pixi CI,Install and lint (ubuntu-24.04-arm),completed,success,2026-07-15T03:58:46Z,2026-07-15T04:01:35Z,169,a00e8b2a141ea3c41c3ee26d78145c1ba339d9cd
87264347152,29387723107,Pixi CI,Install and lint (ubuntu-24.04-arm),completed,success,2026-07-15T03:56:06Z,2026-07-15T03:58:57Z,171,137239b58beaa605cf2f77420b5a8dc738441562
87252200902,29383597342,Pixi CI,Install and lint (ubuntu-24.04-arm),completed,success,2026-07-15T02:14:16Z,2026-07-15T02:17:00Z,164,82e05adc15c7be0461ff9fb38c8d0ec2f8798c10
87221821186,29373474583,Pixi CI,Install and lint (ubuntu-24.04-arm),completed,success,2026-07-14T22:35:13Z,2026-07-14T22:37:50Z,157,423b9727733f50904c7fe3e345c0553f7d2b22b5
87212304906,29370460315,Pixi CI,Install and lint (ubuntu-24.04-arm),completed,success,2026-07-14T21:42:05Z,2026-07-14T21:44:44Z,159,a68776aa9d1e6778935b17949628a79e9d509b26
87205031207,29368251023,Pixi CI,Install and lint (ubuntu-24.04-arm),completed,success,2026-07-14T21:05:49Z,2026-07-14T21:08:27Z,158,9193dc84306aa20d99027556594bf7e4f6d29fad
87199730300,29366624629,Pixi CI,Install and lint (ubuntu-24.04-arm),completed,success,2026-07-14T20:40:45Z,2026-07-14T20:43:35Z,170,a40597ec817c9ee02d74e1bcafc8230c82b74226
87187228607,29362910673,Pixi CI,Install and lint (ubuntu-24.04-arm),completed,failure,2026-07-14T19:43:35Z,2026-07-14T19:46:14Z,159,533fe9fee930577899214e75e7fe430a15dc62f5
87105383686,29337557972,Pixi CI,Install and lint (ubuntu-24.04-arm),completed,success,2026-07-14T14:01:09Z,2026-07-14T14:03:52Z,163,c7713509ab5838e933578584e55324bf0462c676
87092017925,29335028596,Pixi CI,Install and lint (ubuntu-24.04-arm),completed,success,2026-07-14T13:05:13Z,2026-07-14T13:07:58Z,165,67c35e50c2d77494432d0595765599cbcd6b51ac
88291127219,29723438226,Pixi CI,Install and lint (ubuntu-24.04-arm),completed,success,2026-07-20T07:04:08Z,2026-07-20T07:06:54Z,166,dcf627e481e5704597c99be990d113aaf677ee84
88282267439,29720457382,Pixi CI,Install and lint (ubuntu-24.04-arm),completed,success,2026-07-20T06:00:29Z,2026-07-20T06:03:13Z,164,8fc3f2d4057bba9b9274e0d4bef90691774dfbd6
88282219718,29720441000,Pixi CI,Install and lint (ubuntu-24.04-arm),completed,success,2026-07-20T06:00:09Z,2026-07-20T06:02:55Z,166,c6ad5f3a8c1a23f15fd961bdc0b7d00e581b9158
88281104790,29692956686,Pixi CI,Install and lint (ubuntu-24.04-arm),completed,success,2026-07-20T05:50:25Z,2026-07-20T05:53:04Z,159,035c67114af3970c440176230e00d2d62b6bdd9f
88195764132,29688051997,Pixi CI,Install and lint (ubuntu-24.04-arm),completed,success,2026-07-19T13:00:36Z,2026-07-19T13:03:20Z,164,3598bc38ee3000c8cdc01a36284299897f235d57
88078553627,29643817789,Pixi CI,Install and lint (ubuntu-24.04-arm),completed,success,2026-07-18T12:09:41Z,2026-07-18T12:12:23Z,162,9880e195ba222cd0d3148b7c4c83366a79407a98
88065614282,29638781786,Pixi CI,Install and lint (ubuntu-24.04-arm),completed,success,2026-07-18T09:12:54Z,2026-07-18T09:15:38Z,164,bc71f65c54961d818e2b659b7813630ab19866e3
88042608605,29630351344,Pixi CI,Install and lint (ubuntu-24.04-arm),completed,success,2026-07-18T04:19:05Z,2026-07-18T04:21:50Z,165,54fb1eb3f3da6fd4b348635c5ec8556c76f00797
88147446338,29614626440,Pixi CI,Install and lint (ubuntu-24.04-arm),completed,success,2026-07-19T02:23:21Z,2026-07-19T02:26:06Z,165,740260c8790c2ed1838bc01fb304428df7a47929
87982948084,29610240028,Pixi CI,Install and lint (ubuntu-24.04-arm),completed,success,2026-07-17T20:10:39Z,2026-07-17T20:13:25Z,166,671768d067df2e2cacafcd3612f6f7ec47433a1b
87800314782,29553334117,Pixi CI,Install and lint (ubuntu-24.04-arm),completed,success,2026-07-17T03:49:51Z,2026-07-17T03:52:35Z,164,af24a1667bd5197920d9b49a10655da80ba92fa9
87778670660,29546095728,Pixi CI,Install and lint (ubuntu-24.04-arm),completed,success,2026-07-17T00:55:48Z,2026-07-17T00:58:41Z,173,4c89930564892346eefc04a566918f952d42f41f
87715691447,29526369110,Pixi CI,Install and lint (ubuntu-24.04-arm),completed,success,2026-07-16T19:01:53Z,2026-07-16T19:04:38Z,165,88da2ce6e1afe598d258551c1b4a5dab32cb5321
88550578177,29803983950,Pixi CI,Install and lint (ubuntu-24.04-arm),completed,success,2026-07-21T05:26:19Z,2026-07-21T05:29:16Z,177,aff827f8af8b899903e3a4ac9e2de03829ec1847
88529286413,29796668662,Pixi CI,Install and lint (ubuntu-24.04-arm),completed,success,2026-07-21T02:45:26Z,2026-07-21T02:48:06Z,160,fc8b1e4f575d56fbeefc8165689d19265a813884
88501882635,29787417531,Pixi CI,Install and lint (ubuntu-24.04-arm),completed,success,2026-07-20T23:30:33Z,2026-07-20T23:33:13Z,160,928f94127f1706f03cf6025307307272853d0fca
88482843126,29781273732,Pixi CI,Install and lint (ubuntu-24.04-arm),completed,success,2026-07-20T21:43:28Z,2026-07-20T21:46:19Z,171,420dbc12d945d348df181e08ffde14c83cb55ed8
88481330926,29780806616,Pixi CI,Install and lint (ubuntu-24.04-arm),completed,success,2026-07-20T21:36:05Z,2026-07-20T21:39:01Z,176,e9723bb719f3cbf9dc3962b37e42658b69049b63
88475253983,29778973056,Pixi CI,Install and lint (ubuntu-24.04-arm),completed,success,2026-07-20T21:08:09Z,2026-07-20T21:10:54Z,165,4f4f1d379a8c587ded9d0b801fb6927fbee5228d
88296276720,29725109381,Pixi CI,Install and lint (ubuntu-24.04-arm),completed,success,2026-07-20T07:35:52Z,2026-07-20T07:38:38Z,166,ab9d3eb46a1cda63cbb35799341b68ca73628fac
88865970123,29902399199,Pixi CI,Install and lint (ubuntu-24.04-arm),completed,success,2026-07-22T08:02:15Z,2026-07-22T08:04:47Z,152,2ee57bf49079fec4907834b5b59243c9fd36db8e
88865778154,29902365580,Pixi CI,Install and lint (ubuntu-24.04-arm),completed,cancelled,2026-07-22T08:01:18Z,2026-07-22T08:02:07Z,49,9ff5212fa04bd9538af4b1189bf8e73b5976106e
88725022428,29857385265,Pixi CI,Install and lint (ubuntu-24.04-arm),completed,success,2026-07-21T18:28:53Z,2026-07-21T18:31:30Z,157,9db63eb3372ccabc74835d9e8bb85887ac7e68b7
89402465488,30067939199,Pixi CI,Install and lint (ubuntu-24.04-arm),completed,success,2026-07-24T04:53:07Z,2026-07-24T04:55:38Z,151,da71a46bf43b202be9792f2e0dc45fa02fa85a39
89353601677,30051249721,Pixi CI,Install and lint (ubuntu-24.04-arm),completed,success,2026-07-23T22:50:17Z,2026-07-23T22:52:53Z,156,bf8993b9e7d0ebf784a0bb86ad12ae1d6cf8ac04
89291344363,30032241199,Pixi CI,Install and lint (ubuntu-24.04-arm),completed,success,2026-07-23T18:05:50Z,2026-07-23T18:08:27Z,157,1930eabc6b5087889711da997ca58838e17d91aa
89277313689,30028028994,Pixi CI,Install and lint (ubuntu-24.04-arm),completed,success,2026-07-23T17:06:59Z,2026-07-23T17:09:41Z,162,69829c45e120dce3921c3fc951aaa25e7410f2d8
89400147796,30023295779,Pixi CI,Install and lint (ubuntu-24.04-arm),completed,failure,2026-07-24T04:33:51Z,2026-07-24T04:36:35Z,164,78166d7d0ae91c76de901a2a573021c5fe7fe7f7
89184918247,30000690179,Pixi CI,Install and lint (ubuntu-24.04-arm),completed,success,2026-07-23T10:48:26Z,2026-07-23T10:51:04Z,158,799a5eae207d51f581c7363428f6471f5770c33f
89174974018,29997631163,Pixi CI,Install and lint (ubuntu-24.04-arm),completed,success,2026-07-23T10:00:34Z,2026-07-23T10:03:20Z,166,5674d333cda224b9154f6f92dc16966ffbf8eff4
89118368423,29979559497,Pixi CI,Install and lint (ubuntu-24.04-arm),completed,success,2026-07-23T04:26:45Z,2026-07-23T04:29:19Z,154,7990b148b001e28efe28bdc4f6b9d7c83a76ac38
89871941774,30231027123,Pixi CI,Install and lint (ubuntu-24.04-arm),completed,success,2026-07-27T02:16:41Z,2026-07-27T02:19:11Z,150,3a15f1e2a243459cbf45366e4da014d25099340a
89762018456,30190213089,Pixi CI,Install and lint (ubuntu-24.04-arm),completed,success,2026-07-26T05:57:10Z,2026-07-26T05:59:47Z,157,eb8eadf0d2d64b1f02c366015870d93726bc38ad
89753252116,30186948257,Pixi CI,Install and lint (ubuntu-24.04-arm),completed,success,2026-07-26T03:55:54Z,2026-07-26T03:58:30Z,156,621ea1b507b299fa67b29c66a55c24b26e4a4d04
89719840452,30174046871,Pixi CI,Install and lint (ubuntu-24.04-arm),completed,success,2026-07-25T20:40:22Z,2026-07-25T20:43:08Z,166,60a2f7a78e31743414c403f3eee8409bda32115d
89718894500,30173669856,Pixi CI,Install and lint (ubuntu-24.04-arm),completed,failure,2026-07-25T20:29:28Z,2026-07-25T20:32:05Z,157,c103d4b8ad6b38a281341022ea4a2151d736b1ad
89718815200,30173595378,Pixi CI,Install and lint (ubuntu-24.04-arm),completed,cancelled,2026-07-25T20:28:39Z,2026-07-25T20:29:23Z,44,4af2cc83b47834f3657ef45527522d184409aca6
89718627326,30173569804,Pixi CI,Install and lint (ubuntu-24.04-arm),completed,cancelled,2026-07-25T20:26:32Z,2026-07-25T20:27:12Z,40,6de74d0b3cccc2cad2ddad8413505ed25aca3440
89718524496,30173543779,Pixi CI,Install and lint (ubuntu-24.04-arm),completed,cancelled,2026-07-25T20:25:26Z,2026-07-25T20:26:25Z,59,11dcbb67d26602f9081dd461b586295414dcaad3
89700173522,30166439007,Pixi CI,Install and lint (ubuntu-24.04-arm),completed,success,2026-07-25T16:50:48Z,2026-07-25T16:53:21Z,153,3487eea621f87f1896c3ed4fec58faa6bc978d8a
89699160374,30166057114,Pixi CI,Install and lint (ubuntu-24.04-arm),completed,success,2026-07-25T16:39:16Z,2026-07-25T16:41:50Z,154,1a0b992af7ba5c5cc820ee350f76883ea8183658
89849759149,30164578573,Pixi CI,Install and lint (ubuntu-24.04-arm),completed,failure,2026-07-26T22:36:03Z,2026-07-26T22:38:31Z,148,c749c3f5add32b935a9bcb5ce15615e48ae659a9
90340894433,30378716980,Pixi CI,Install and lint (ubuntu-24.04-arm),completed,success,2026-07-28T16:32:22Z,2026-07-28T16:35:03Z,161,1f9d368f12c463a83169f7df36e66efc43e966f0
90311989627,30370270047,Pixi CI,Install and lint (ubuntu-24.04-arm),completed,success,2026-07-28T14:49:26Z,2026-07-28T14:52:03Z,157,d23419a25c68cfd972a495765c433e8aee2f6b68
90294639570,30365226984,Pixi CI,Install and lint (ubuntu-24.04-arm),completed,success,2026-07-28T13:48:26Z,2026-07-28T13:51:08Z,162,abca46237c4ad91ffd938ea67310347f02ad9c77
90260237839,30354751414,Pixi CI,Install and lint (ubuntu-24.04-arm),completed,success,2026-07-28T11:25:55Z,2026-07-28T11:28:40Z,165,1374a8e303dca35e4f087026cde395cccf832bd5
90244544824,30349863020,Pixi CI,Install and lint (ubuntu-24.04-arm),completed,success,2026-07-28T10:13:02Z,2026-07-28T10:15:51Z,169,42f14a1a73640431239f3db9a05d64f88dcf2518
90210820826,30339231546,Pixi CI,Install and lint (ubuntu-24.04-arm),completed,success,2026-07-28T07:39:17Z,2026-07-28T07:41:49Z,152,9ed8771b410d8623066a1190ff415090036413ab
90207741999,30338242788,Pixi CI,Install and lint (ubuntu-24.04-arm),completed,success,2026-07-28T07:23:40Z,2026-07-28T07:26:23Z,163,58f09ab2251b4378af0805b49b8d0c94fefe13e0
90207580873,30338189377,Pixi CI,Install and lint (ubuntu-24.04-arm),completed,success,2026-07-28T07:22:52Z,2026-07-28T07:25:30Z,158,96e1622a14578371733d62fc7fe6fe6ce5aca9a7
90205520688,30337507204,Pixi CI,Install and lint (ubuntu-24.04-arm),completed,success,2026-07-28T07:12:06Z,2026-07-28T07:14:53Z,167,3044ba4f4f8f63dd26d2bfd1e4c3544fdf373c55
90204879739,30337296393,Pixi CI,Install and lint (ubuntu-24.04-arm),completed,failure,2026-07-28T07:08:40Z,2026-07-28T07:11:14Z,154,20abcb420a765abac5e70d41cc72933def11a83b
90199740807,30335619052,Pixi CI,Install and lint (ubuntu-24.04-arm),completed,success,2026-07-28T06:40:54Z,2026-07-28T06:43:30Z,156,0b50c5c81fa7f01ea457fbf4719a01c959777c1f
90194370391,30333809569,Pixi CI,Install and lint (ubuntu-24.04-arm),completed,failure,2026-07-28T06:08:15Z,2026-07-28T06:10:58Z,163,72b8b1314bfc1fcfdea5f0521d6be1a992af3e9a
90178950723,30328591855,Pixi CI,Install and lint (ubuntu-24.04-arm),completed,success,2026-07-28T04:23:02Z,2026-07-28T04:25:40Z,158,110e06544e863add56d90f6240fd38677aabe51a
90178920112,30328581262,Pixi CI,Install and lint (ubuntu-24.04-arm),completed,success,2026-07-28T04:22:48Z,2026-07-28T04:25:34Z,166,acc057691831bd04e25e9bf3135ddcc04687a488
90156833302,30321058283,Pixi CI,Install and lint (ubuntu-24.04-arm),completed,success,2026-07-28T01:43:01Z,2026-07-28T01:45:39Z,158,3fb5c33a58cf0c85e61e8440efa8c406d0eafcd1
90155417293,30320479292,Pixi CI,Install and lint (ubuntu-24.04-arm),completed,success,2026-07-28T01:33:14Z,2026-07-28T01:35:50Z,156,4ee965534aedd50ba4e6b96b129b3a2ed67e14eb
90112041937,30306535097,Pixi CI,Install and lint (ubuntu-24.04-arm),completed,failure,2026-07-27T21:21:50Z,2026-07-27T21:24:42Z,172,9d096bc8fee3abfd4ab5db4c37bbe33af193a4fd
90109669117,30305802329,Pixi CI,Install and lint (ubuntu-24.04-arm),completed,success,2026-07-27T21:11:36Z,2026-07-27T21:14:09Z,153,c44e10002f2ec6968e4dd9b7b675a761f27f3957
90109524320,30305759357,Pixi CI,Install and lint (ubuntu-24.04-arm),completed,success,2026-07-27T21:10:58Z,2026-07-27T21:13:44Z,166,68fffc3dcb40b76be588ac4aa39a4e36331f7cb7
90106335237,30304816666,Pixi CI,Install and lint (ubuntu-24.04-arm),completed,success,2026-07-27T20:57:42Z,2026-07-27T21:00:20Z,158,8f84df6da77aa37ea19dff615ef8501149603aa3
90155010076,30304748825,Pixi CI,Install and lint (ubuntu-24.04-arm),completed,cancelled,2026-07-28T01:30:27Z,2026-07-28T01:32:58Z,151,e520fc9eb8405ffae02b7a9db4fd9fd8fb5b861f
90105900140,30304677738,Pixi CI,Install and lint (ubuntu-24.04-arm),completed,failure,2026-07-27T20:55:51Z,2026-07-27T20:58:24Z,153,ae682b89846d982bae8b062ed6860253da8b4802
90104770999,30304330094,Pixi CI,Install and lint (ubuntu-24.04-arm),completed,failure,2026-07-27T20:51:09Z,2026-07-27T20:53:40Z,151,3792c449c052495ab20dff83ba156f6a78077288
90103939868,30304091580,Pixi CI,Install and lint (ubuntu-24.04-arm),completed,success,2026-07-27T20:47:39Z,2026-07-27T20:50:29Z,170,627faad6d1fc28a173e27ce4a1eea20ef0f94895
90103329415,30303907206,Pixi CI,Install and lint (ubuntu-24.04-arm),completed,success,2026-07-27T20:45:03Z,2026-07-27T20:47:37Z,154,0923f0a6283bd6d0c562b473ca822a185ae5df2b
90102891537,30303734815,Pixi CI,Install and lint (ubuntu-24.04-arm),completed,success,2026-07-27T20:43:15Z,2026-07-27T20:45:56Z,161,3de367280ba5ce0eb73d0aefa835f6b1cd4be3f3
90102088204,30303538547,Pixi CI,Install and lint (ubuntu-24.04-arm),completed,success,2026-07-27T20:40:02Z,2026-07-27T20:42:44Z,162,a33db3623ae34557b5ca5c7bcacaec246591befb
90101166368,30303269535,Pixi CI,Install and lint (ubuntu-24.04-arm),completed,success,2026-07-27T20:36:00Z,2026-07-27T20:38:39Z,159,33f08a67b03612f6ef11a2814aedd426e1ae0573
90097352260,30302127702,Pixi CI,Install and lint (ubuntu-24.04-arm),completed,success,2026-07-27T20:20:03Z,2026-07-27T20:22:44Z,161,ec75e2df448853b9455281336f5227be2e01464d
90095762896,30301646418,Pixi CI,Install and lint (ubuntu-24.04-arm),completed,success,2026-07-27T20:13:18Z,2026-07-27T20:15:52Z,154,843b054b880e971132ac3dfc02eb96ff76a6d8ae
90092313899,30300609648,Pixi CI,Install and lint (ubuntu-24.04-arm),completed,success,2026-07-27T19:59:13Z,2026-07-27T20:01:52Z,159,c9fb9e9fc917721d91ddde505e04bae223e47edc
90090815335,30300151704,Pixi CI,Install and lint (ubuntu-24.04-arm),completed,success,2026-07-27T19:52:38Z,2026-07-27T19:55:30Z,172,366a47deff2414dbaf7e0e49f1aea29d28f46fa8
90081629145,30297381552,Pixi CI,Install and lint (ubuntu-24.04-arm),completed,success,2026-07-27T19:14:35Z,2026-07-27T19:17:24Z,169,9e1e2664310a600627990b5bd23786b1f2ce2205
90079476650,30295145468,Pixi CI,Install and lint (ubuntu-24.04-arm),completed,success,2026-07-27T19:05:39Z,2026-07-27T19:08:36Z,177,dc7661fe3dc8b4e842d1088c7778f4849b9f9b4c
91503651510,30750522997,Pixi CI,Install and lint (ubuntu-24.04-arm),completed,success,2026-08-02T13:43:05Z,2026-08-02T13:45:52Z,167,bc45e5f024f47153b94b078e56cb7b0e0d30a634
91491050558,30745791518,Pixi CI,Install and lint (ubuntu-24.04-arm),completed,success,2026-08-02T11:27:54Z,2026-08-02T11:30:31Z,157,78634361ba1c9714046dd86661226b1c74a7f972
91478238203,30740977737,Pixi CI,Install and lint (ubuntu-24.04-arm),completed,success,2026-08-02T09:02:52Z,2026-08-02T09:05:28Z,156,46b843ad8244f66d7ad66720b719bf986c85dda5
91477181536,30740590030,Pixi CI,Install and lint (ubuntu-24.04-arm),completed,success,2026-08-02T08:51:20Z,2026-08-02T08:54:08Z,168,2b4aed7412a28713882f04cc887be9adc941b883
91466672012,30736704381,Pixi CI,Install and lint (ubuntu-24.04-arm),completed,success,2026-08-02T06:52:11Z,2026-08-02T06:55:06Z,175,f0011683efe144c0b6fbb6fb58c742e0a406088e
91458043378,30733580669,Pixi CI,Install and lint (ubuntu-24.04-arm),completed,success,2026-08-02T05:08:17Z,2026-08-02T05:10:56Z,159,877f4803f48f110f9c9912a5c0e03868487f066b
91457959096,30733546913,Pixi CI,Install and lint (ubuntu-24.04-arm),completed,success,2026-08-02T05:07:16Z,2026-08-02T05:09:55Z,159,d7739fca22ac8b45e6a566278418edf2d92f9c74
91457582797,30733418535,Pixi CI,Install and lint (ubuntu-24.04-arm),completed,success,2026-08-02T05:02:55Z,2026-08-02T05:05:28Z,153,d7f1bde30ffb339766841778c35d358356748177
91453122107,30731708573,Pixi CI,Install and lint (ubuntu-24.04-arm),completed,success,2026-08-02T04:03:48Z,2026-08-02T04:06:24Z,156,3a53746c8b0b0ab01bbdb3f360840739cf60c15a
91441100963,30727239179,Pixi CI,Install and lint (ubuntu-24.04-arm),completed,success,2026-08-02T01:33:03Z,2026-08-02T01:35:41Z,158,348d23d00b7a3dd0f13af98a04106d852e5917d9
91440787683,30727134043,Pixi CI,Install and lint (ubuntu-24.04-arm),completed,success,2026-08-02T01:29:24Z,2026-08-02T01:31:52Z,148,057b1972d1236548e6efa8aaf0e3fffa6d14c698
91440570915,30727054481,Pixi CI,Install and lint (ubuntu-24.04-arm),completed,success,2026-08-02T01:26:36Z,2026-08-02T01:29:15Z,159,d96301e71e5c3f33f29e6ce8745704539f2b39aa
91440422524,30726992980,Pixi CI,Install and lint (ubuntu-24.04-arm),completed,success,2026-08-02T01:24:43Z,2026-08-02T01:27:22Z,159,a13b40f63ae0ec305af361982383f374a1072ac1
91440194363,30726908904,Pixi CI,Install and lint (ubuntu-24.04-arm),completed,cancelled,2026-08-02T01:21:48Z,2026-08-02T01:24:31Z,163,01d2c71d7d7a5f19405542c8e859e671ab0f0ac5
91440131120,30726892355,Pixi CI,Install and lint (ubuntu-24.04-arm),completed,cancelled,2026-08-02T01:21:05Z,2026-08-02T01:21:43Z,38,beb9b7c3808b2c6c60e6f15cea377e841af66e0d
91439814051,30726777456,Pixi CI,Install and lint (ubuntu-24.04-arm),completed,success,2026-08-02T01:17:01Z,2026-08-02T01:19:36Z,155,5402fb45ac84112d3096768cbc22c95ef5fcd79c
91439724879,30726733085,Pixi CI,Install and lint (ubuntu-24.04-arm),completed,success,2026-08-02T01:15:51Z,2026-08-02T01:18:31Z,160,0af241aca03a021e7ce63cbc83a706eb12de4828
91439656082,30726707324,Pixi CI,Install and lint (ubuntu-24.04-arm),completed,cancelled,2026-08-02T01:15:01Z,2026-08-02T01:15:46Z,45,1dee617793b4e13e729ddae1b805dd4b8f6f8f55
91439588103,30726688472,Pixi CI,Install and lint (ubuntu-24.04-arm),completed,success,2026-08-02T01:14:07Z,2026-08-02T01:16:36Z,149,9c2f7881e2841144738d4079b08448c2b59476b1
91439430427,30726623353,Pixi CI,Install and lint (ubuntu-24.04-arm),completed,success,2026-08-02T01:12:06Z,2026-08-02T01:14:42Z,156,a18f351b048d0b37ed812bca6b1ca2e68a74c876
91439380983,30726606170,Pixi CI,Install and lint (ubuntu-24.04-arm),completed,success,2026-08-02T01:11:29Z,2026-08-02T01:14:08Z,159,6d989e76657e94e16206925094f2bf49360e84af
91439038290,30726481563,Pixi CI,Install and lint (ubuntu-24.04-arm),completed,success,2026-08-02T01:07:23Z,2026-08-02T01:10:02Z,159,08a1faacfb76d0b5bf0a297f3bd7df0807e396d3
91439020133,30726472360,Pixi CI,Install and lint (ubuntu-24.04-arm),completed,cancelled,2026-08-02T01:07:10Z,2026-08-02T01:07:19Z,9,def0875e378a179f517bb85809befeade08b5d66
91438848635,30726411471,Pixi CI,Install and lint (ubuntu-24.04-arm),completed,success,2026-08-02T01:05:06Z,2026-08-02T01:07:52Z,166,fac0cfc091b72748aefd6e3673592d5a007c07ac
91438841507,30726408692,Pixi CI,Install and lint (ubuntu-24.04-arm),completed,success,2026-08-02T01:05:00Z,2026-08-02T01:07:44Z,164,93b2f6d5f460b88685ae4ebeeede21b9abab07e1
91438651921,30726338923,Pixi CI,Install and lint (ubuntu-24.04-arm),completed,success,2026-08-02T01:02:45Z,2026-08-02T01:05:30Z,165,be32ee2d83cf52a65c853ee959054c95c6bef683
91407519454,30714442906,Pixi CI,Install and lint (ubuntu-24.04-arm),completed,success,2026-08-01T19:17:34Z,2026-08-01T19:20:00Z,146,abf35fc8e96684a707bfc6b3578b61201873c3d5
91407422138,30714407009,Pixi CI,Install and lint (ubuntu-24.04-arm),completed,success,2026-08-01T19:16:32Z,2026-08-01T19:19:01Z,149,0a9caf9d277ed5350d488599bc604363a1c1a960
91407207153,30714325835,Pixi CI,Install and lint (ubuntu-24.04-arm),completed,success,2026-08-01T19:14:20Z,2026-08-01T19:17:06Z,166,6cf450492db9cabb3dfc6673700b784ccd897346
91384641679,30705808866,Pixi CI,Install and lint (ubuntu-24.04-arm),completed,success,2026-08-01T15:24:07Z,2026-08-01T15:26:41Z,154,6697288bddb3a8b57718688e479310481da758b7
91384245409,30705679960,Pixi CI,Install and lint (ubuntu-24.04-arm),completed,success,2026-08-01T15:20:06Z,2026-08-01T15:22:45Z,159,4ab1a959ab1270f808933a5a9f460d1f8dc7da8b
91384239947,30705677706,Pixi CI,Install and lint (ubuntu-24.04-arm),completed,success,2026-08-01T15:20:03Z,2026-08-01T15:22:39Z,156,7fa42c711163d7bab002380f8a2cecd1519ef156
91384036896,30705600569,Pixi CI,Install and lint (ubuntu-24.04-arm),completed,success,2026-08-01T15:17:52Z,2026-08-01T15:20:39Z,167,6effaa9d8dc2623a728d0abe39fefdfe4ae7d9b3
91383099273,30705236048,Pixi CI,Install and lint (ubuntu-24.04-arm),completed,success,2026-08-01T15:12:42Z,2026-08-01T15:15:16Z,154,7ed7a562277a94ec878591233b6d27972a9c1aab
91383082711,30705229824,Pixi CI,Install and lint (ubuntu-24.04-arm),completed,success,2026-08-01T15:10:55Z,2026-08-01T15:13:35Z,160,38e6a55bbd184d79a478c6ad98ae16509a6bb1cb
91383075995,30705227057,Pixi CI,Install and lint (ubuntu-24.04-arm),completed,success,2026-08-01T15:10:15Z,2026-08-01T15:12:41Z,146,86a7ff25706e6fe3384cfcd39535dade17e00156
91383055974,30705219228,Pixi CI,Install and lint (ubuntu-24.04-arm),completed,success,2026-08-01T15:08:38Z,2026-08-01T15:11:15Z,157,f55ed8a66a382019ebb61ae75b39783dcdd4e458
91383050375,30705216941,Pixi CI,Install and lint (ubuntu-24.04-arm),completed,success,2026-08-01T15:07:47Z,2026-08-01T15:10:47Z,180,c47ce8b83aee9633c472bd1a70937f6ccb339bd9
91382933051,30705171038,Pixi CI,Install and lint (ubuntu-24.04-arm),completed,success,2026-08-01T15:06:31Z,2026-08-01T15:09:17Z,166,26a07210700d41ff13eb157324be399fa0b0616b
91382926625,30705168589,Pixi CI,Install and lint (ubuntu-24.04-arm),completed,success,2026-08-01T15:05:57Z,2026-08-01T15:08:56Z,179,7a93cff5a02640fd7b850f993995d5001b3abadb
91439460863,30705161241,Pixi CI,Install and lint (ubuntu-24.04-arm),completed,success,2026-08-01T15:05:44Z,2026-08-01T15:08:19Z,155,6331d63658368b704a9016459c25addf454b442e
91382894852,30705156842,Pixi CI,Install and lint (ubuntu-24.04-arm),completed,success,2026-08-01T15:05:36Z,2026-08-01T15:08:30Z,174,0015da105c371b757bb22a2642719853ec678492
91382774211,30705111102,Pixi CI,Install and lint (ubuntu-24.04-arm),completed,success,2026-08-01T15:04:20Z,2026-08-01T15:07:11Z,171,3022ce329ce7a585da0d9456f745d52deb244e4a
91382678588,30705075010,Pixi CI,Install and lint (ubuntu-24.04-arm),completed,success,2026-08-01T15:03:19Z,2026-08-01T15:06:02Z,163,d1fbbc64f095e8d9d89fcc6422b01ed030a141d1
91382670438,30705071998,Pixi CI,Install and lint (ubuntu-24.04-arm),completed,success,2026-08-01T15:03:14Z,2026-08-01T15:06:02Z,168,0c00275d9d38de052c384b42499c67ea9b9db323
91382643175,30705062216,Pixi CI,Install and lint (ubuntu-24.04-arm),completed,success,2026-08-01T15:02:56Z,2026-08-01T15:05:55Z,179,bc51a55ad2e56ecf7c7a4581ec7dd2888c66d078
91382638778,30705060838,Pixi CI,Install and lint (ubuntu-24.04-arm),completed,success,2026-08-01T15:02:54Z,2026-08-01T15:05:36Z,162,067087ec446020f58f22f019e9bce7f1db3bd00e
91382629318,30705057339,Pixi CI,Install and lint (ubuntu-24.04-arm),completed,success,2026-08-01T15:02:48Z,2026-08-01T15:05:26Z,158,4c2357980b3320a79ed2ad08d2288e5c8f1304d4
91382620927,30705054435,Pixi CI,Install and lint (ubuntu-24.04-arm),completed,success,2026-08-01T15:02:42Z,2026-08-01T15:05:20Z,158,294ab1c326ba6d59da9a80d1e63e85a4d26a651d
91378264982,30703418538,Pixi CI,Install and lint (ubuntu-24.04-arm),completed,success,2026-08-01T14:16:06Z,2026-08-01T14:18:40Z,154,05ba61a6f872220e7c8c6cf00cde5265838cdc97
91378211076,30703396986,Pixi CI,Install and lint (ubuntu-24.04-arm),completed,success,2026-08-01T14:15:32Z,2026-08-01T14:18:13Z,161,e1b16741a09c3bfa5432059ed791c66285060cea
91372826881,30701365633,Pixi CI,Install and lint (ubuntu-24.04-arm),completed,success,2026-08-01T13:15:42Z,2026-08-01T13:18:19Z,157,96ae99d952c85cd7de55cc90f2db8e42c4c26da8
91323980016,30683179013,Pixi CI,Install and lint (ubuntu-24.04-arm),completed,failure,2026-08-01T04:03:28Z,2026-08-01T04:06:10Z,162,6243d4f31334a5630e98700771066ba9899a9764
91323047569,30682829716,Pixi CI,Install and lint (ubuntu-24.04-arm),completed,success,2026-08-01T03:52:28Z,2026-08-01T03:55:04Z,156,7d9ac74283d500c377adb327ecddb803a2b4d9e3
91322651206,30682681432,Pixi CI,Install and lint (ubuntu-24.04-arm),completed,success,2026-08-01T03:47:47Z,2026-08-01T03:50:42Z,175,57bb876250ecc07623a744512d94b44221fb3ed8
91320492908,30681908213,Pixi CI,Install and lint (ubuntu-24.04-arm),completed,success,2026-08-01T03:23:56Z,2026-08-01T03:26:25Z,149,b6892d0c0865be3ec43d6dcb9694085370b68bde
91320458530,30681897485,Pixi CI,Install and lint (ubuntu-24.04-arm),completed,success,2026-08-01T03:23:35Z,2026-08-01T03:26:12Z,157,f700b21e86eb68727e9c78e87aba5078517e71ed
91320251901,30681826315,Pixi CI,Install and lint (ubuntu-24.04-arm),completed,success,2026-08-01T03:21:21Z,2026-08-01T03:24:10Z,169,ed596e59acf5c9cbff9c196af0203d9042a19312
91312021538,30679000436,Pixi CI,Install and lint (ubuntu-24.04-arm),completed,success,2026-08-01T01:57:01Z,2026-08-01T01:59:31Z,150,5a90553c5d46225445fae208c6ed6f1691d0acee
91296389120,30673649227,Pixi CI,Install and lint (ubuntu-24.04-arm),completed,success,2026-07-31T23:43:32Z,2026-07-31T23:46:09Z,157,b9a36b64f571d20d57aa1255ac9dd72613e10067
91295975316,30673520566,Pixi CI,Install and lint (ubuntu-24.04-arm),completed,success,2026-07-31T23:40:20Z,2026-07-31T23:43:08Z,168,3653be4cbcfcf6bc1b1949ee35d1839369fa70d5
91293734924,30672753390,Pixi CI,Install and lint (ubuntu-24.04-arm),completed,success,2026-07-31T23:23:38Z,2026-07-31T23:26:19Z,161,ac022da25942010f88356890a2923da2107d587c
91230553947,30652979192,Pixi CI,Install and lint (ubuntu-24.04-arm),completed,success,2026-07-31T17:54:13Z,2026-07-31T17:56:53Z,160,66e80a9da1180cd834f58e8a50674b8492d4b499
91229741446,30652752461,Pixi CI,Install and lint (ubuntu-24.04-arm),completed,success,2026-07-31T17:50:31Z,2026-07-31T17:53:06Z,155,0357df6b380014cb66d2d63c9480414f5b21e42a
91225683118,30651521352,Pixi CI,Install and lint (ubuntu-24.04-arm),completed,success,2026-07-31T17:32:00Z,2026-07-31T17:34:38Z,158,0411ab82b3c508264dc6d84decf105eddbda93e4
91224352536,30651129598,Pixi CI,Install and lint (ubuntu-24.04-arm),completed,success,2026-07-31T17:25:53Z,2026-07-31T17:28:40Z,167,62f0cdc959ac5703cca88456075f3dc30baa8314
91220224843,30649877236,Pixi CI,Install and lint (ubuntu-24.04-arm),completed,success,2026-07-31T17:06:45Z,2026-07-31T17:09:49Z,184,fff216e9b1c0f5fd5f5c0e4f26c43f5b951e8218
91218702234,30649403647,Pixi CI,Install and lint (ubuntu-24.04-arm),completed,success,2026-07-31T17:00:01Z,2026-07-31T17:02:47Z,166,9ef07d367e45100cd51ef2105bfb6495ff409a4e
91213733741,30647894033,Pixi CI,Install and lint (ubuntu-24.04-arm),completed,success,2026-07-31T16:37:54Z,2026-07-31T16:40:39Z,165,cf1f7fb160a36f354fce0cd3c6e2696ba8e755be
91203813507,30644916997,Pixi CI,Install and lint (ubuntu-24.04-arm),completed,success,2026-07-31T15:55:01Z,2026-07-31T15:57:43Z,162,5af9c8ff455624537ad12923ecce6c1277019812
91187124913,30639978662,Pixi CI,Install and lint (ubuntu-24.04-arm),completed,success,2026-07-31T14:45:52Z,2026-07-31T14:49:40Z,228,8ddbfd1c547eb117b80c5c7d804b3c30d837c1d4
91174151044,30636151481,Pixi CI,Install and lint (ubuntu-24.04-arm),completed,success,2026-07-31T13:51:34Z,2026-07-31T13:54:09Z,155,41924d4b04c39e4cf5528e8134249966bc73cf81
91171236430,30635251981,Pixi CI,Install and lint (ubuntu-24.04-arm),completed,success,2026-07-31T13:38:49Z,2026-07-31T13:41:21Z,152,a5ea26bd2445f5546e09d07a8e009ea6df6a34f7
91170710541,30635141677,Pixi CI,Install and lint (ubuntu-24.04-arm),completed,cancelled,2026-07-31T13:36:34Z,2026-07-31T13:38:26Z,112,7c54edc8802fb03b0c777af22a8cd275e78af941
91158233746,30631362950,Pixi CI,Install and lint (ubuntu-24.04-arm),completed,success,2026-07-31T12:38:39Z,2026-07-31T12:41:19Z,160,07a7ceda89bdd90de9b6599eeede6f36ecbf3a86
91153832989,30629983922,Pixi CI,Install and lint (ubuntu-24.04-arm),completed,success,2026-07-31T12:16:05Z,2026-07-31T12:18:41Z,156,a0140ddbc4ce1073b5f3a5d4df11c41a45a2f9a9
91140166936,30625650276,Pixi CI,Install and lint (ubuntu-24.04-arm),completed,success,2026-07-31T11:02:59Z,2026-07-31T11:05:43Z,164,400e743050475ddab4f6d7ffecb0e4fd09c54a2e
91107582947,30615484229,Pixi CI,Install and lint (ubuntu-24.04-arm),completed,success,2026-07-31T08:12:27Z,2026-07-31T08:15:18Z,171,12293453d6d96e60179e7e3c63e35139f9c68a7a
91074624858,30604750673,Pixi CI,Install and lint (ubuntu-24.04-arm),completed,failure,2026-07-31T04:40:18Z,2026-07-31T04:43:00Z,162,2b893e39b86dccb95ce18faa2345b8c38e9110e2
91074597865,30604740768,Pixi CI,Install and lint (ubuntu-24.04-arm),completed,success,2026-07-31T04:40:07Z,2026-07-31T04:42:49Z,162,922291bb12e3578e742d1d800bd84e0955e4b6bf
91074466680,30604696669,Pixi CI,Install and lint (ubuntu-24.04-arm),completed,success,2026-07-31T04:39:07Z,2026-07-31T04:41:45Z,158,0e4703b020a87561df8d9fb06df0d225a84d831f
91066534462,30602008265,Pixi CI,Install and lint (ubuntu-24.04-arm),completed,success,2026-07-31T03:36:37Z,2026-07-31T03:39:25Z,168,c2eef957fe25a80d884f97b90fd27980c3e54a25
91016733779,30585808308,Pixi CI,Install and lint (ubuntu-24.04-arm),completed,success,2026-07-30T22:04:16Z,2026-07-30T22:06:51Z,155,c3d96de8c2dbf88b2caac757007962b9f1dbda77
91011862906,30584281106,Pixi CI,Install and lint (ubuntu-24.04-arm),completed,success,2026-07-30T21:39:58Z,2026-07-30T21:42:38Z,160,adf8d1ec350460820496f80300955e6264a9501c
90980298902,30574812496,Pixi CI,Install and lint (ubuntu-24.04-arm),completed,success,2026-07-30T19:26:12Z,2026-07-30T19:29:02Z,170,f5a18f4c025c21591b2c6b87c8964e871985b913
91289128884,30572287635,Pixi CI,Install and lint (ubuntu-24.04-arm),completed,failure,2026-07-31T22:51:07Z,2026-07-31T22:53:50Z,163,8f38db66a208b431fcc828965d9561db23e58b1e
90946893664,30564911453,Pixi CI,Install and lint (ubuntu-24.04-arm),completed,success,2026-07-30T17:12:05Z,2026-07-30T17:15:11Z,186,cebec03e7335457b36568fb63d3e83a950ab1c7c
90937543536,30562067049,Pixi CI,Install and lint (ubuntu-24.04-arm),completed,success,2026-07-30T16:35:24Z,2026-07-30T16:38:21Z,177,ffd7858c396692efc0cd0396369f55876d869c34
90936154102,30561707232,Pixi CI,Install and lint (ubuntu-24.04-arm),completed,success,2026-07-30T16:30:02Z,2026-07-30T16:32:47Z,165,4964c0dd677563a88fc8e5289448aeadf28ce84c
90927267704,30559127430,Pixi CI,Install and lint (ubuntu-24.04-arm),completed,success,2026-07-30T15:56:26Z,2026-07-30T15:59:01Z,155,bbf7bdf7b84c7742ae9e87182cf1742ce21f6562
91013086910,30554148947,Pixi CI,Install and lint (ubuntu-24.04-arm),completed,success,2026-07-30T21:45:47Z,2026-07-30T21:48:49Z,182,d5834d4cfd8395e5e802912e3156f8fe3f846b75
90879894766,30539647066,Pixi CI,Install and lint (ubuntu-24.04-arm),completed,failure,2026-07-30T13:05:08Z,2026-07-30T13:07:46Z,158,f0aa2b45a6cec8f04c9b75253c017e3010659bac
90837096715,30532260881,Pixi CI,Install and lint (ubuntu-24.04-arm),completed,success,2026-07-30T09:50:03Z,2026-07-30T09:52:42Z,159,b4c6bba5dc11a0e20854462ccd28376b809f6fd1
90829108682,30529568560,Pixi CI,Install and lint (ubuntu-24.04-arm),completed,success,2026-07-30T09:12:52Z,2026-07-30T09:15:27Z,155,6822c403524f6f07c53777641366d36dd7bef3d3
90794652813,30518869734,Pixi CI,Install and lint (ubuntu-24.04-arm),completed,success,2026-07-30T06:12:32Z,2026-07-30T06:15:08Z,156,6ec042158a0269d7a6aae044f7c1678ee1aea89b
90785017874,30515741614,Pixi CI,Install and lint (ubuntu-24.04-arm),completed,success,2026-07-30T05:07:36Z,2026-07-30T05:10:24Z,168,512e5d4e7836f0a9147d4df7c86f258b8f393965
90760317663,30507484874,Pixi CI,Install and lint (ubuntu-24.04-arm),completed,success,2026-07-30T02:05:46Z,2026-07-30T02:08:24Z,158,8a532731f289bb8766eba75e6043b7ec3e0f1215
90760189589,30507454385,Pixi CI,Install and lint (ubuntu-24.04-arm),completed,cancelled,2026-07-30T02:04:54Z,2026-07-30T02:05:41Z,47,6ccc5a27c4cf2532ea47b53e0cbcfe524e7799ba
90758280178,30506798926,Pixi CI,Install and lint (ubuntu-24.04-arm),completed,success,2026-07-30T01:51:26Z,2026-07-30T01:53:59Z,153,57c9eac659d81b1ebd4c54ce59762f79c86f72c5
90758159602,30506774019,Pixi CI,Install and lint (ubuntu-24.04-arm),completed,cancelled,2026-07-30T01:50:33Z,2026-07-30T01:51:19Z,46,c2f238ebd4fc42e4939b05bc4a565c8379590cc9
90608083146,30461394556,Pixi CI,Install and lint (ubuntu-24.04-arm),completed,success,2026-07-29T14:32:46Z,2026-07-29T14:35:25Z,159,b2244dcc0c22876ad4cbc8f60aa03fe4a4653eee
90604256274,30460281518,Pixi CI,Install and lint (ubuntu-24.04-arm),completed,success,2026-07-29T14:19:20Z,2026-07-29T14:22:04Z,164,636f310968c1fa07420d9b93dc8a4192ac441abf
90573995589,30451380475,Pixi CI,Install and lint (ubuntu-24.04-arm),completed,success,2026-07-29T12:23:20Z,2026-07-29T12:26:12Z,172,84cac55d436fb4575e703195fc66d018b08f59aa
90554451042,30442605419,Pixi CI,Install and lint (ubuntu-24.04-arm),completed,success,2026-07-29T10:53:32Z,2026-07-29T10:56:00Z,148,a4b5446709879685e380f693a39614326a3835e5
90538286998,30440302288,Pixi CI,Install and lint (ubuntu-24.04-arm),completed,success,2026-07-29T09:38:43Z,2026-07-29T09:41:15Z,152,eb27b1ee655d7ecec3428530aa06a5fa48fb3850
90538473998,30439216790,Pixi CI,Install and lint (ubuntu-24.04-arm),completed,success,2026-07-29T09:39:31Z,2026-07-29T09:42:13Z,162,c40e7c5eb4425abd98e185bbe4ea7313159df665
91624273086,30794294112,Pixi CI,Install and lint (ubuntu-24.04-arm),completed,success,2026-08-03T07:36:57Z,2026-08-03T07:41:06Z,249,9c1f8549105ef0381640ca6c658567464016c77f
91595522374,30784550000,Pixi CI,Install and lint (ubuntu-24.04-arm),completed,success,2026-08-03T04:28:49Z,2026-08-03T04:31:24Z,155,a650d1a8e2b1d3970e3966fc6a6cc0eb05e79fd2
91574428315,30777057273,Pixi CI,Install and lint (ubuntu-24.04-arm),completed,success,2026-08-03T01:31:19Z,2026-08-03T01:34:05Z,166,6f54c2fa018d4d0a0179dc8759b23e805a4eb621
91569540693,30775293225,Pixi CI,Install and lint (ubuntu-24.04-arm),completed,success,2026-08-03T00:47:13Z,2026-08-03T00:49:49Z,156,877687a5279ab697ef39d493407bef7c337e241f
91569037952,30775112476,Pixi CI,Install and lint (ubuntu-24.04-arm),completed,success,2026-08-03T00:42:45Z,2026-08-03T00:45:28Z,163,54f105df3c09b36055c41a73074674a6d51332bb
92769284394,31147298399,Pixi CI,Install and lint (ubuntu-24.04-arm),completed,success,2026-08-07T04:24:12Z,2026-08-07T04:26:51Z,159,f8f3dff0f251585bbbc69348490a986203f18d6f
92742970528,31138442007,Pixi CI,Install and lint (ubuntu-24.04-arm),completed,success,2026-08-07T01:34:15Z,2026-08-07T01:36:40Z,145,ff450f2ca0f4709fc35c9f649b7841a5ac28531f
92741659920,31138002671,Pixi CI,Install and lint (ubuntu-24.04-arm),completed,success,2026-08-07T01:26:09Z,2026-08-07T01:28:34Z,145,f923bbae71aaf3b6577d5e1d1baf33dcfe4cb006
92688868169,31118417309,Pixi CI,Install and lint (ubuntu-24.04-arm),completed,success,2026-08-06T16:11:20Z,2026-08-06T16:19:36Z,496,1d4fd0e29adfcdcb58dd048c3231beed4c25c921
92666501123,31116215081,Pixi CI,Install and lint (ubuntu-24.04-arm),completed,success,2026-08-06T15:31:54Z,2026-08-06T15:36:45Z,291,3ca35d099f38c763841f01f2ea2fce405ae0c805
92665483543,31115973871,Pixi CI,Install and lint (ubuntu-24.04-arm),completed,success,2026-08-06T15:28:12Z,2026-08-06T15:30:48Z,156,7d372fe895c93e9cc47f8bca096bd757f7733604
92665402573,31115950292,Pixi CI,Install and lint (ubuntu-24.04-arm),completed,cancelled,2026-08-06T15:27:53Z,2026-08-06T15:31:15Z,202,21befbee47e85fc2050591279cbdc8f45ca2f4e5
92659489629,31114213334,Pixi CI,Install and lint (ubuntu-24.04-arm),completed,success,2026-08-06T15:06:12Z,2026-08-06T15:09:23Z,191,cbaeb4022c7609b54cb26b80b17fe0010e487037
92655041643,31112913389,Pixi CI,Install and lint (ubuntu-24.04-arm),completed,success,2026-08-06T14:51:13Z,2026-08-06T14:53:47Z,154,be20b36667798f0cd02f78ae4e17da476899403a
92639024000,31108230628,Pixi CI,Install and lint (ubuntu-24.04-arm),completed,success,2026-08-06T13:55:50Z,2026-08-06T13:59:02Z,192,d45d28c351f9999f125b48146ebf97e61b0a76ff
92638719814,31108186101,Pixi CI,Install and lint (ubuntu-24.04-arm),completed,cancelled,2026-08-06T13:54:45Z,2026-08-06T13:55:34Z,49,61d62ef04dc07dbc67a386ec12402c3c142b7c58
92631248659,31106011903,Pixi CI,Install and lint (ubuntu-24.04-arm),completed,success,2026-08-06T13:27:39Z,2026-08-06T13:30:05Z,146,4298311e2876ba09bf759d8f5a63c671a2ab653d
92621670214,31103202758,Pixi CI,Install and lint (ubuntu-24.04-arm),completed,success,2026-08-06T12:51:14Z,2026-08-06T12:54:21Z,187,e1c9da31df1dddd9a9ed1fcfdd03fc7c83f2d15e
92590725551,31093771926,Pixi CI,Install and lint (ubuntu-24.04-arm),completed,success,2026-08-06T10:34:16Z,2026-08-06T10:36:51Z,155,8824ae64f6891eb74ea01f418ded0561bce25470
92586818080,31092561828,Pixi CI,Install and lint (ubuntu-24.04-arm),completed,success,2026-08-06T10:16:21Z,2026-08-06T10:18:50Z,149,603df5abaa7882577ab316e26695118814961f70
92585997601,31092306491,Pixi CI,Install and lint (ubuntu-24.04-arm),completed,success,2026-08-06T10:12:40Z,2026-08-06T10:15:07Z,147,fe295d77dbf7ef6234997c1de8fc588d6b6de0a3
92584686648,31091905060,Pixi CI,Install and lint (ubuntu-24.04-arm),completed,success,2026-08-06T10:06:44Z,2026-08-06T10:09:26Z,162,d73f042f256898db1cbcfd12b1363772361b9b98
92583412406,31091523510,Pixi CI,Install and lint (ubuntu-24.04-arm),completed,success,2026-08-06T10:01:14Z,2026-08-06T10:03:54Z,160,ae5865a400c205bc0287fd5b6d761b5c5488e16f
92582662038,31091266841,Pixi CI,Install and lint (ubuntu-24.04-arm),completed,success,2026-08-06T09:57:59Z,2026-08-06T10:00:29Z,150,ae5865a400c205bc0287fd5b6d761b5c5488e16f
92582351453,31091199120,Pixi CI,Install and lint (ubuntu-24.04-arm),completed,cancelled,2026-08-06T09:56:34Z,2026-08-06T09:57:47Z,73,ea9bfccad319c1d58c0700ac35046f780445905f
92570814098,31087647739,Pixi CI,Install and lint (ubuntu-24.04-arm),completed,success,2026-08-06T09:05:56Z,2026-08-06T09:08:34Z,158,56271d56179c5728c953d9a0bf509cd5c0485c06
92563392021,31085350768,Pixi CI,Install and lint (ubuntu-24.04-arm),completed,success,2026-08-06T08:33:05Z,2026-08-06T08:35:39Z,154,54fdfa86b6f924718cff0635e22af9ffc2d0db5f
92555751028,31082949909,Pixi CI,Install and lint (ubuntu-24.04-arm),completed,success,2026-08-06T07:57:55Z,2026-08-06T08:00:31Z,156,44188a528959383df73471ec224b6289fa623513
92553365761,31082209386,Pixi CI,Install and lint (ubuntu-24.04-arm),completed,success,2026-08-06T07:51:26Z,2026-08-06T07:54:23Z,177,1fe3441a370320035abaf8e455e1523961f23bc0
92543429141,31079052648,Pixi CI,Install and lint (ubuntu-24.04-arm),completed,success,2026-08-06T06:56:57Z,2026-08-06T06:59:30Z,153,a999c011daaa6e629ef9c726cf4a800a43acb0ac
92514184100,31069474172,Pixi CI,Install and lint (ubuntu-24.04-arm),completed,success,2026-08-06T03:48:54Z,2026-08-06T03:51:26Z,152,9a29eb4f02bac5a6cbe8c4df5d59bd6572551fff
92432501778,31043261288,Pixi CI,Install and lint (ubuntu-24.04-arm),completed,success,2026-08-05T20:16:01Z,2026-08-05T20:19:57Z,236,59ba803db8898f0a2b89aaf1741bdefe62c94533
92401921805,31034153394,Pixi CI,Install and lint (ubuntu-24.04-arm),completed,success,2026-08-05T18:19:08Z,2026-08-05T18:21:45Z,157,3e85ef5b5297973a7e3608d0bfc182673f6d4ace
92394192661,31031831873,Pixi CI,Install and lint (ubuntu-24.04-arm),completed,success,2026-08-05T17:49:52Z,2026-08-05T17:52:16Z,144,7c6e9b2943f7bb5732023258f9d765ccd133af86
92387028878,31029717370,Pixi CI,Install and lint (ubuntu-24.04-arm),completed,success,2026-08-05T17:22:32Z,2026-08-05T17:25:17Z,165,09f555aeed5673d20eda440c895911a8acf12fad
92380185606,31027677511,Pixi CI,Install and lint (ubuntu-24.04-arm),completed,success,2026-08-05T16:56:48Z,2026-08-05T16:59:20Z,152,7cc81c9a0084796df9a6fb6a0fc0944152b67626
92373052956,31025583774,Pixi CI,Install and lint (ubuntu-24.04-arm),completed,success,2026-08-05T16:30:21Z,2026-08-05T16:34:44Z,263,91fad37a520a863d2c0a8f47c29ec9824ee5a619
92372510881,31025427592,Pixi CI,Install and lint (ubuntu-24.04-arm),completed,success,2026-08-05T16:28:24Z,2026-08-05T16:32:10Z,226,74ff8571fca98ea37697e6364990f4b4a2107af2
92357351991,31020996565,Pixi CI,Install and lint (ubuntu-24.04-arm),completed,success,2026-08-05T15:34:40Z,2026-08-05T15:38:05Z,205,aacdf231b84a00f11552e2fd08d717c1da93ab6c
92356554748,31020763770,Pixi CI,Install and lint (ubuntu-24.04-arm),completed,success,2026-08-05T15:31:59Z,2026-08-05T15:34:33Z,154,aa42afa48b6690222d44099fc7e187ab605a38d6
92351839874,31019390814,Pixi CI,Install and lint (ubuntu-24.04-arm),completed,success,2026-08-05T15:15:46Z,2026-08-05T15:18:23Z,157,7af563910d6a6cfc1fe83c9d4b97f795bfbec348
92351503966,31019289676,Pixi CI,Install and lint (ubuntu-24.04-arm),completed,success,2026-08-05T15:14:38Z,2026-08-05T15:17:22Z,164,665de4200aa97486aa0d843d561a30d8814303e8
92349179765,31018612095,Pixi CI,Install and lint (ubuntu-24.04-arm),completed,success,2026-08-05T15:06:41Z,2026-08-05T15:09:27Z,166,d1226b3baa4cc8fb767d3c7e4b0d1061d8259ec8
92220033392,30979281552,Pixi CI,Install and lint (ubuntu-24.04-arm),completed,success,2026-08-05T05:49:07Z,2026-08-05T05:51:40Z,153,93a76893e1f89c073b099172b8d92b63559024bf
92207995291,30975317621,Pixi CI,Install and lint (ubuntu-24.04-arm),completed,success,2026-08-05T04:30:17Z,2026-08-05T04:32:42Z,145,9d750adb52167c7488a4f1ca9ae9fec7cc38d721
92199865012,30972564581,Pixi CI,Install and lint (ubuntu-24.04-arm),completed,success,2026-08-05T03:32:43Z,2026-08-05T03:35:12Z,149,121e8ac896837f5e31f122d086eb3ab7f7f2a0d7
92199713187,30972512870,Pixi CI,Install and lint (ubuntu-24.04-arm),completed,success,2026-08-05T03:31:40Z,2026-08-05T03:34:17Z,157,13ae08f1fc13bdea7dd42ce293daaa5fc6c958ec
92185085846,30967680670,Pixi CI,Install and lint (ubuntu-24.04-arm),completed,success,2026-08-05T01:52:30Z,2026-08-05T01:54:52Z,142,643dd20bdddd58fac6098408d1f83861ae29f4ba
92183539082,30967171419,Pixi CI,Install and lint (ubuntu-24.04-arm),completed,success,2026-08-05T01:42:11Z,2026-08-05T01:44:38Z,147,36de2eac257a3181fd914917a170146149824ec3
92162364339,30960241347,Pixi CI,Install and lint (ubuntu-24.04-arm),completed,success,2026-08-04T23:30:55Z,2026-08-04T23:33:23Z,148,3d00943864513982c3de4a3b3e824cd550bc3f26
92162212774,30960189898,Pixi CI,Install and lint (ubuntu-24.04-arm),completed,success,2026-08-04T23:30:07Z,2026-08-04T23:32:53Z,166,1da65ecfb76c23b65b57c9ffcf6a4913d780129e
92152829321,30957168127,Pixi CI,Install and lint (ubuntu-24.04-arm),completed,success,2026-08-04T22:38:52Z,2026-08-04T22:41:31Z,159,abd1bc24514133aa60c630ed2cc0d36eca707a57
92152663709,30957115803,Pixi CI,Install and lint (ubuntu-24.04-arm),completed,success,2026-08-04T22:37:57Z,2026-08-04T22:40:39Z,162,fba2ac76ec921a17a9379f3e3dc6230cb40f01c0
92151002349,30956592623,Pixi CI,Install and lint (ubuntu-24.04-arm),completed,success,2026-08-04T22:29:40Z,2026-08-04T22:32:51Z,191,119ff8ff33d5a36fe0f92ee73a067e572230d747
92145802156,30954986442,Pixi CI,Install and lint (ubuntu-24.04-arm),completed,success,2026-08-04T22:04:50Z,2026-08-04T22:07:26Z,156,884af81fc169a306e04e621c53f618a3cb0cf948
92145380513,30954855427,Pixi CI,Install and lint (ubuntu-24.04-arm),completed,success,2026-08-04T22:02:54Z,2026-08-04T22:05:33Z,159,509c3c3622c680dbc839951a0f4d86aa8d67f7a0
92144799316,30954671919,Pixi CI,Install and lint (ubuntu-24.04-arm),completed,success,2026-08-04T22:00:18Z,2026-08-04T22:03:01Z,163,950e59beb5aa693985699634a7687173cc2473df
92144886355,30954668138,Pixi CI,Install and lint (ubuntu-24.04-arm),completed,success,2026-08-04T22:00:40Z,2026-08-04T22:03:08Z,148,77811a54568f1be364d941326b49200d17ed7a98
92144781241,30954665907,Pixi CI,Install and lint (ubuntu-24.04-arm),completed,success,2026-08-04T22:00:13Z,2026-08-04T22:03:26Z,193,1215647dd6f62b2c5c9ca69ef232de78a375c709
92144535143,30954589419,Pixi CI,Install and lint (ubuntu-24.04-arm),completed,success,2026-08-04T21:59:05Z,2026-08-04T22:03:05Z,240,a8f77b5b90fd8490071c57466b1ebc2706e05fcf
92144271393,30954509147,Pixi CI,Install and lint (ubuntu-24.04-arm),completed,cancelled,2026-08-04T21:57:52Z,2026-08-04T22:00:29Z,157,dbac8e8bdceadaa20cbdb57b959be783508a1716
92117788341,30946531214,Pixi CI,Install and lint (ubuntu-24.04-arm),completed,success,2026-08-04T20:09:07Z,2026-08-04T20:12:46Z,219,e1b146ce26734a66bcad8205d55955721c91f8f0
92117903205,30946412661,Pixi CI,Install and lint (ubuntu-24.04-arm),completed,success,2026-08-04T20:09:32Z,2026-08-04T20:12:23Z,171,384af197bde6aa79d3d554c19ac10048b7906c30
92103942533,30942433529,Pixi CI,Install and lint (ubuntu-24.04-arm),completed,success,2026-08-04T19:15:25Z,2026-08-04T19:17:53Z,148,03267b1f335bf0c7a9b45b7b87310d893da81240
92103687921,30942355570,Pixi CI,Install and lint (ubuntu-24.04-arm),completed,success,2026-08-04T19:14:26Z,2026-08-04T19:17:53Z,207,6d6ba327c6bc9bf653ec430bf3ae272e85bc462a
92097814756,30940640215,Pixi CI,Install and lint (ubuntu-24.04-arm),completed,success,2026-08-04T18:52:24Z,2026-08-04T18:54:59Z,155,6be0677fc22e74563e6eb472f931513aefe5648d
92075821107,30934122177,Pixi CI,Install and lint (ubuntu-24.04-arm),completed,success,2026-08-04T17:29:17Z,2026-08-04T17:31:52Z,155,95c3f3fc0b2b00decb70b69d49ea73b1684c665d
92069563598,30932257627,Pixi CI,Install and lint (ubuntu-24.04-arm),completed,success,2026-08-04T17:05:21Z,2026-08-04T17:07:59Z,158,49edaa917b863e4552f5f7e138225b993c406f34
92056847100,30928483587,Pixi CI,Install and lint (ubuntu-24.04-arm),completed,success,2026-08-04T16:18:25Z,2026-08-04T16:20:50Z,145,fb636b2d9f357a91b495395cc655cbacc2332db5
91965682234,30901209310,Pixi CI,Install and lint (ubuntu-24.04-arm),completed,success,2026-08-04T10:34:30Z,2026-08-04T10:37:18Z,168,d72c9bb37d05fdcfb32a522bf1a734770ef4ad9f
92115056049,30892273605,Pixi CI,Install and lint (ubuntu-24.04-arm),completed,success,2026-08-04T19:58:32Z,2026-08-04T20:02:15Z,223,f816ae134c95f4fe177bc2e31b905705da4984dc
91919362024,30886688508,Pixi CI,Install and lint (ubuntu-24.04-arm),completed,success,2026-08-04T07:09:29Z,2026-08-04T07:12:12Z,163,9b94db4ff93b901f2242884b90e5a5d5c83a9009
91885737756,30875399433,Pixi CI,Install and lint (ubuntu-24.04-arm),completed,success,2026-08-04T03:40:00Z,2026-08-04T03:42:30Z,150,528cbdb577ac20a734d808be72451a107ad7fd89
91875965317,30872078923,Pixi CI,Install and lint (ubuntu-24.04-arm),completed,success,2026-08-04T02:32:18Z,2026-08-04T02:34:47Z,149,b1089e4f71b18da89883ffeb4a41686c3b036a3e
91855675938,30865287181,Pixi CI,Install and lint (ubuntu-24.04-arm),completed,success,2026-08-04T00:20:59Z,2026-08-04T00:23:49Z,170,18a44ebe7dce191db2ed3bf8daa9c0c33e8687cb
92702034187,30844436598,Pixi CI,Install and lint (ubuntu-24.04-arm),completed,success,2026-08-06T19:41:05Z,2026-08-06T19:43:40Z,155,532fe63689ab7e1cfd0c8ac6534cd5f2f07364d1
91772078586,30839255044,Pixi CI,Install and lint (ubuntu-24.04-arm),completed,success,2026-08-03T18:00:14Z,2026-08-03T18:03:11Z,177,e87025f8043f1a42ff78304a2981eaa663a2eda7
91771932420,30839231920,Pixi CI,Install and lint (ubuntu-24.04-arm),completed,cancelled,2026-08-03T17:59:37Z,2026-08-03T17:59:58Z,21,9ae72779ba54e7e4374ebd178bd338085d83a032
91770183605,30838705227,Pixi CI,Install and lint (ubuntu-24.04-arm),completed,success,2026-08-03T17:52:39Z,2026-08-03T17:55:18Z,159,63af0dc6928ef1334d201508a853e5ba47f582e9
91757216673,30834792520,Pixi CI,Install and lint (ubuntu-24.04-arm),completed,success,2026-08-03T17:00:52Z,2026-08-03T17:03:29Z,157,5a1600c5612e65913512d751674d9be817d78c2e
91760226935,30834439180,Pixi CI,Install and lint (ubuntu-24.04-arm),completed,success,2026-08-03T17:12:43Z,2026-08-03T17:15:33Z,170,777e8da3afaaf37a05ccd707c3e7b9819e50fc9b
91755948195,30834394766,Pixi CI,Install and lint (ubuntu-24.04-arm),completed,success,2026-08-03T16:55:54Z,2026-08-03T16:59:28Z,214,129e00fe67627992f335fc9c8818b5091bb3537f
91754383143,30833935723,Pixi CI,Install and lint (ubuntu-24.04-arm),completed,success,2026-08-03T16:49:47Z,2026-08-03T16:52:30Z,163,9fc5491ee2310e1ca9c5a37150ec317713c62b8f
91754273154,30833903823,Pixi CI,Install and lint (ubuntu-24.04-arm),completed,success,2026-08-03T16:49:21Z,2026-08-03T16:52:29Z,188,787b6b19f31e3932ab9b8fc93362df762418f040
91754079565,30833848108,Pixi CI,Install and lint (ubuntu-24.04-arm),completed,success,2026-08-03T16:48:38Z,2026-08-03T16:51:15Z,157,8a233665bdf1dffd612d4726a140d4fffc2acc35
91753639125,30833716788,Pixi CI,Install and lint (ubuntu-24.04-arm),completed,success,2026-08-03T16:46:52Z,2026-08-03T16:49:32Z,160,fb4da4bb0fc95620f35d24e641d45408c0903423
91746420287,30831535859,Pixi CI,Install and lint (ubuntu-24.04-arm),completed,success,2026-08-03T16:18:17Z,2026-08-03T16:21:10Z,173,1d50f8497e1c9646e795a2909a1e9495787ca990
91745181110,30831143064,Pixi CI,Install and lint (ubuntu-24.04-arm),completed,success,2026-08-03T16:13:28Z,2026-08-03T16:16:04Z,156,f48b0cfbe63d0bc8b22f5889eb7dfbf7492bb1b2
91744954229,30831102159,Pixi CI,Install and lint (ubuntu-24.04-arm),completed,cancelled,2026-08-03T16:12:34Z,2026-08-03T16:13:22Z,48,67f0abc94e8a0e3d43666cb4166550e0e246faf2
91743876743,30830783306,Pixi CI,Install and lint (ubuntu-24.04-arm),completed,success,2026-08-03T16:08:30Z,2026-08-03T16:11:02Z,152,97895421fe3520dd1de8468e6ace271fd710000c
91740979693,30829911149,Pixi CI,Install and lint (ubuntu-24.04-arm),completed,success,2026-08-03T15:57:28Z,2026-08-03T16:00:13Z,165,0458aefc5e0ca12fa53ece44baf10810d0b84e3a
91736634629,30828630508,Pixi CI,Install and lint (ubuntu-24.04-arm),completed,success,2026-08-03T15:40:57Z,2026-08-03T15:43:38Z,161,2a1e4d5d6ef4329778e955d2313bf1345cf59015
91735498821,30828298795,Pixi CI,Install and lint (ubuntu-24.04-arm),completed,success,2026-08-03T15:36:36Z,2026-08-03T15:39:02Z,146,82e4fd514a7ffe20f58348563dc5b295ecee0488
91733744448,30827780270,Pixi CI,Install and lint (ubuntu-24.04-arm),completed,success,2026-08-03T15:30:09Z,2026-08-03T15:32:55Z,166,4495ea12db9378c3ec7414c29ec8ab11cfb38552
91728666456,30826267615,Pixi CI,Install and lint (ubuntu-24.04-arm),completed,success,2026-08-03T15:11:13Z,2026-08-03T15:13:48Z,155,95fceefc0635a76407a682ec3e82f62c11a0c802
91728433173,30826223540,Pixi CI,Install and lint (ubuntu-24.04-arm),completed,cancelled,2026-08-03T15:10:24Z,2026-08-03T15:11:09Z,45,d356a8f89f91f6e56d8c0cc9b2de0b0eeeff88c8
91726327251,30825598312,Pixi CI,Install and lint (ubuntu-24.04-arm),completed,success,2026-08-03T15:02:53Z,2026-08-03T15:05:58Z,185,32056e0d8593d1dfdd14810b8cbd99d6872718ff
91726113865,30825545977,Pixi CI,Install and lint (ubuntu-24.04-arm),completed,success,2026-08-03T15:02:07Z,2026-08-03T15:05:25Z,198,42038efc7c3c3d1d34df237b00bd2831d666923b
91724790049,30825157605,Pixi CI,Install and lint (ubuntu-24.04-arm),completed,success,2026-08-03T14:57:21Z,2026-08-03T15:00:18Z,177,5c86230f7ab9dd7ddf81b79a7118c209202ac67d
91716036704,30822607283,Pixi CI,Install and lint (ubuntu-24.04-arm),completed,success,2026-08-03T14:25:19Z,2026-08-03T14:28:00Z,161,b55794db29df33466532cd4658dfce08acbc4503
91715048444,30822315640,Pixi CI,Install and lint (ubuntu-24.04-arm),completed,success,2026-08-03T14:21:42Z,2026-08-03T14:24:19Z,157,319a08f97351695467ea7079ccc397c8e6283c6e
91714653724,30822202128,Pixi CI,Install and lint (ubuntu-24.04-arm),completed,failure,2026-08-03T14:20:16Z,2026-08-03T14:23:04Z,168,977c8c95dbad4a4a7b5b32930a95b3bd75be5b72
91712806401,30821659474,Pixi CI,Install and lint (ubuntu-24.04-arm),completed,success,2026-08-03T14:13:23Z,2026-08-03T14:16:08Z,165,9b77becc02ea78db2eddbc9c3147b2c4662155f6
91708088808,30820255297,Pixi CI,Install and lint (ubuntu-24.04-arm),completed,success,2026-08-03T13:55:59Z,2026-08-03T13:58:50Z,171,04f2ec465d31fdce5851c7b7a004def46764310e
91687323987,30814042598,Pixi CI,Install and lint (ubuntu-24.04-arm),completed,success,2026-08-03T12:33:13Z,2026-08-03T12:36:02Z,169,2801ac7cb75570c2d0fc13b29f200382ccc5f7ab
91685135800,30813373972,Pixi CI,Install and lint (ubuntu-24.04-arm),completed,success,2026-08-03T12:23:25Z,2026-08-03T12:25:57Z,152,e27e5b37423b37b0634dc916bc61e37be2b7a1c0
91683351668,30812834093,Pixi CI,Install and lint (ubuntu-24.04-arm),completed,success,2026-08-03T12:15:23Z,2026-08-03T12:17:55Z,152,7e1874ba6ebaa3c0ffbc7b3bbd51e212358c4309
91678851589,30811431982,Pixi CI,Install and lint (ubuntu-24.04-arm),completed,success,2026-08-03T11:55:19Z,2026-08-03T11:58:02Z,163,cf61f3543bfa4bb65a51ab9a5f570aad2540b32b
91677756473,30811094028,Pixi CI,Install and lint (ubuntu-24.04-arm),completed,success,2026-08-03T11:50:16Z,2026-08-03T11:52:46Z,150,485cd0922ce0bc6a225115e0095f1d0ef747240b
91677660689,30811064994,Pixi CI,Install and lint (ubuntu-24.04-arm),completed,success,2026-08-03T11:49:49Z,2026-08-03T11:52:39Z,170,087f04d627e3fe3ae739e2ddd3fde7d8919ca0a4
91672349874,30809420462,Pixi CI,Install and lint (ubuntu-24.04-arm),completed,success,2026-08-03T11:24:41Z,2026-08-03T11:27:11Z,150,2f74b34686fff43e7476c88352bbb169389ba36c
91670494875,30808853155,Pixi CI,Install and lint (ubuntu-24.04-arm),completed,success,2026-08-03T11:16:08Z,2026-08-03T11:18:55Z,167,e0f95676c9dffd36c50df9e9f6c55ac0835a4444
91677845274,30808755427,Pixi CI,Install and lint (ubuntu-24.04-arm),completed,success,2026-08-03T11:50:39Z,2026-08-03T11:53:10Z,151,96fcd9600d75398f60680a198ae24a7da02e0e0d
91662646666,30806386434,Pixi CI,Install and lint (ubuntu-24.04-arm),completed,success,2026-08-03T10:38:55Z,2026-08-03T10:41:37Z,162,c79afe9e4a13c32ef09e6c129b9f7ffa9c10319b
91661838595,30806117456,Pixi CI,Install and lint (ubuntu-24.04-arm),completed,success,2026-08-03T10:34:58Z,2026-08-03T10:37:29Z,151,2cd248e8282c436a6c93ff5ed302df3701bfb577
91661502917,30806010776,Pixi CI,Install and lint (ubuntu-24.04-arm),completed,cancelled,2026-08-03T10:33:21Z,2026-08-03T10:34:52Z,91,c982975b72950ffb1ec947c51db87c1a467891a9
91661174341,30805928730,Pixi CI,Install and lint (ubuntu-24.04-arm),completed,cancelled,2026-08-03T10:31:46Z,2026-08-03T10:33:15Z,89,2109eff3b85d25984894751e4f1ad16063c8ccc3
91655299250,30804091746,Pixi CI,Install and lint (ubuntu-24.04-arm),completed,success,2026-08-03T10:04:55Z,2026-08-03T10:07:35Z,160,8f053c3fd8f8a1935ee38f9298b55b0134fe941b
91917077249,30802965518,Pixi CI,Install and lint (ubuntu-24.04-arm),completed,failure,2026-08-04T06:58:31Z,2026-08-04T07:01:17Z,166,8ac720a8b4be7395563d40a350868960b8f87ad5
93217268925,31298197735,Pixi CI,Install and lint (ubuntu-24.04-arm),completed,success,2026-08-09T07:59:31Z,2026-08-09T08:02:19Z,168,ae3a29b04b1a21a84b1e99b7dc67232ee9e75ab2
93193619384,31293100571,Pixi CI,Install and lint (ubuntu-24.04-arm),completed,success,2026-08-09T03:45:46Z,2026-08-09T03:48:27Z,161,20c3be4fd6b57275f40d80a6629c17c8d9a109a3
93193446245,31293035559,Pixi CI,Install and lint (ubuntu-24.04-arm),completed,success,2026-08-09T03:43:52Z,2026-08-09T03:46:28Z,156,ec4e255ed6e9a2b0008d839a17190db6c3a8e86e
93193380089,31293010669,Pixi CI,Install and lint (ubuntu-24.04-arm),completed,success,2026-08-09T03:43:12Z,2026-08-09T03:46:02Z,170,f391b0f65a198ef9eac270ca2c6b55d31bb9e45d
93191719321,31292404598,Pixi CI,Install and lint (ubuntu-24.04-arm),completed,success,2026-08-09T03:25:49Z,2026-08-09T03:29:31Z,222,1d320a10146cd5ad132139e0955dded3b596ae03
93190931971,31292108630,Pixi CI,Install and lint (ubuntu-24.04-arm),completed,success,2026-08-09T03:17:02Z,2026-08-09T03:19:25Z,143,35464cdab73c76659d298d643a52379d31b923d0
93103117277,31257530925,Pixi CI,Install and lint (ubuntu-24.04-arm),completed,success,2026-08-08T12:33:59Z,2026-08-08T12:36:35Z,156,e6fa12024e37d329353fc2560c8e36427ad9f9f1
93101672958,31256954018,Pixi CI,Install and lint (ubuntu-24.04-arm),completed,success,2026-08-08T12:18:59Z,2026-08-08T12:21:26Z,147,8c2aa9b326ae291eb05a61654211183b93e9ac4c
93098960243,31255833110,Pixi CI,Install and lint (ubuntu-24.04-arm),completed,success,2026-08-08T11:49:33Z,2026-08-08T11:52:00Z,147,856b349cc49999190a356ae390e0a4eac7743979
93098790466,31255774205,Pixi CI,Install and lint (ubuntu-24.04-arm),completed,cancelled,2026-08-08T11:47:37Z,2026-08-08T11:49:22Z,105,c253052ff380f0e40fe15c29303dbdc73240881a
93093843380,31253709384,Pixi CI,Install and lint (ubuntu-24.04-arm),completed,success,2026-08-08T10:51:55Z,2026-08-08T10:54:23Z,148,a53bbc07b9d8eea454c9b6de6233f7e81ed9cc4d
93093798684,31253689968,Pixi CI,Install and lint (ubuntu-24.04-arm),completed,success,2026-08-08T10:51:23Z,2026-08-08T10:53:47Z,144,0dd7987d73780e1801691e7465b63288a8bcab2b
93090875194,31252489270,Pixi CI,Install and lint (ubuntu-24.04-arm),completed,success,2026-08-08T10:18:17Z,2026-08-08T10:20:47Z,150,16dc9403c4d99c3db8441bdfff1a9b47997e3d42
93090468672,31252308164,Pixi CI,Install and lint (ubuntu-24.04-arm),completed,success,2026-08-08T10:13:45Z,2026-08-08T10:16:18Z,153,274257f4895a900332cdfc95da3b1f7774ff4f90
93090276353,31252245413,Pixi CI,Install and lint (ubuntu-24.04-arm),completed,cancelled,2026-08-08T10:11:43Z,2026-08-08T10:13:38Z,115,969e80e02663e27829218a0b4ee7e3b9d32a1e96
93089181501,31251802221,Pixi CI,Install and lint (ubuntu-24.04-arm),completed,success,2026-08-08T09:59:52Z,2026-08-08T10:02:37Z,165,2703e5c61793ba103e4c9dec9592be1edf674c4d
93087260546,31251005427,Pixi CI,Install and lint (ubuntu-24.04-arm),completed,success,2026-08-08T09:38:10Z,2026-08-08T09:40:45Z,155,bb46953189993a5a0d11f4a6b6802f419a05d031
93071215814,31244687887,Pixi CI,Install and lint (ubuntu-24.04-arm),completed,success,2026-08-08T06:46:48Z,2026-08-08T06:49:19Z,151,31782da3b7a1d186370fabb10c4f534ac0933f72
93071175333,31244672725,Pixi CI,Install and lint (ubuntu-24.04-arm),completed,failure,2026-08-08T06:46:24Z,2026-08-08T06:48:47Z,143,4698c6ae6e2551b7981046d45f2f21de16d5210f
93071143532,31244661218,Pixi CI,Install and lint (ubuntu-24.04-arm),completed,success,2026-08-08T06:46:03Z,2026-08-08T06:48:31Z,148,926c9fe96614ab87e1ae80ec2aef62e4780bfe14
93070194773,31244283225,Pixi CI,Install and lint (ubuntu-24.04-arm),completed,success,2026-08-08T06:36:00Z,2026-08-08T06:38:37Z,157,b062c05c8b4f716cd867cda46b63f68310122590
93064966251,31242213267,Pixi CI,Install and lint (ubuntu-24.04-arm),completed,success,2026-08-08T05:40:33Z,2026-08-08T05:43:02Z,149,a657500914f20b42e7ad830e08a3dca342fc9c28
93061530227,31240889166,Pixi CI,Install and lint (ubuntu-24.04-arm),completed,success,2026-08-08T05:05:01Z,2026-08-08T05:07:37Z,156,5b0630e849889deeadb903afe61ecba0221115ab
93060845004,31240619540,Pixi CI,Install and lint (ubuntu-24.04-arm),completed,success,2026-08-08T04:57:43Z,2026-08-08T05:00:05Z,142,90a8187d60d9c29a2e3553502610c18dc7a5c6c6
93057600946,31239369198,Pixi CI,Install and lint (ubuntu-24.04-arm),completed,success,2026-08-08T04:24:29Z,2026-08-08T04:27:09Z,160,de8115605675287f02a402f23a026eb076a1cda7
93031114058,31229762041,Pixi CI,Install and lint (ubuntu-24.04-arm),completed,failure,2026-08-08T00:19:21Z,2026-08-08T00:21:54Z,153,94baa442285c2e0b064a55a77c40b2fb14871e29
93008221942,31221949393,Pixi CI,Install and lint (ubuntu-24.04-arm),completed,success,2026-08-07T21:56:05Z,2026-08-07T21:58:53Z,168,3d327127f0f0a3bd50b69a77f6d5c6b7fb6e5acf
93005989012,31221210931,Pixi CI,Install and lint (ubuntu-24.04-arm),completed,success,2026-08-07T21:44:37Z,2026-08-07T21:47:19Z,162,ec5edfcabb8414adbb0e45344424bb983ce8a7bd
92987413830,31215327978,Pixi CI,Install and lint (ubuntu-24.04-arm),completed,success,2026-08-07T20:19:09Z,2026-08-07T20:21:39Z,150,aeca076e722f6b1fa7c5ee4ac8c44f6dfe2faac9
92984109597,31214294075,Pixi CI,Install and lint (ubuntu-24.04-arm),completed,success,2026-08-07T20:05:04Z,2026-08-07T20:07:30Z,146,4152ebf8fbc53f372c4067295d21b53aae3056d2
92982312364,31213733423,Pixi CI,Install and lint (ubuntu-24.04-arm),completed,success,2026-08-07T19:57:22Z,2026-08-07T19:59:55Z,153,9b030e1df301f0d2894758b9145caa14c3bee3c5
92967148637,31209026794,Pixi CI,Install and lint (ubuntu-24.04-arm),completed,success,2026-08-07T18:53:55Z,2026-08-07T18:57:36Z,221,3ccf4a946bff09c596376a984bcdc91ee90484f9
92965670370,31208595340,Pixi CI,Install and lint (ubuntu-24.04-arm),completed,success,2026-08-07T18:47:54Z,2026-08-07T18:50:26Z,152,fa41fcb62a0abd5acfca27dbd079e48155149248
92945387418,31202436022,Pixi CI,Install and lint (ubuntu-24.04-arm),completed,failure,2026-08-07T17:28:16Z,2026-08-07T17:29:29Z,73,17b5c357b6ef70500950074e88eeaafddc58131d
92934055392,31198966462,Pixi CI,Install and lint (ubuntu-24.04-arm),completed,success,2026-08-07T16:43:57Z,2026-08-07T16:46:44Z,167,e5a5156a8218181715f68a0f59cf00ec312c4a44
92931458371,31198182079,Pixi CI,Install and lint (ubuntu-24.04-arm),completed,failure,2026-08-07T16:33:58Z,2026-08-07T16:35:22Z,84,67877dd38da3d5d90bc3327150cb8778387b451a
92922533718,31195483717,Pixi CI,Install and lint (ubuntu-24.04-arm),completed,success,2026-08-07T16:00:54Z,2026-08-07T16:03:32Z,158,48ca9e17e87c8ef09a830f1d2865c81c1e7afad2
92913641973,31192821602,Pixi CI,Install and lint (ubuntu-24.04-arm),completed,success,2026-08-07T15:29:02Z,2026-08-07T15:32:22Z,200,10a559e633ff636c54caf94943f1f2e453fb0737
92912540336,31192498869,Pixi CI,Install and lint (ubuntu-24.04-arm),completed,success,2026-08-07T15:25:09Z,2026-08-07T15:27:52Z,163,2899af66d474fcd367fd4c264b6ed91b15c2f97d
92913776387,31178661121,Pixi CI,Install and lint (ubuntu-24.04-arm),completed,failure,2026-08-07T15:29:31Z,2026-08-07T15:32:01Z,150,48896f7c70a8a23203d3961f34d3140f0cb2a9fa
92836292599,31168998514,Pixi CI,Install and lint (ubuntu-24.04-arm),completed,success,2026-08-07T10:10:37Z,2026-08-07T10:13:14Z,157,d4da52832bec1379aa7989656d9f16cbca7b193b
92827878129,31166328194,Pixi CI,Install and lint (ubuntu-24.04-arm),completed,failure,2026-08-07T09:32:39Z,2026-08-07T09:35:17Z,158,92c53b11a4f35b83a9d768b116c05fd4037541ce
92797981494,31156809726,Pixi CI,Install and lint (ubuntu-24.04-arm),completed,success,2026-08-07T07:13:24Z,2026-08-07T07:15:52Z,148,0b1680b0debc511a13d808e4111865333353a5ff
92793774033,31154516975,Pixi CI,Install and lint (ubuntu-24.04-arm),completed,failure,2026-08-07T06:51:25Z,2026-08-07T06:53:54Z,149,289692430ea996fc4b98a1f714173b72b98abdcf
93345615356,31352429799,Pixi CI,Install and lint (ubuntu-24.04-arm),completed,success,2026-08-10T03:22:47Z,2026-08-10T03:25:31Z,164,50d26fb6cf776c539aac5b4b129c3d8a119cbfec
93324596809,31344780758,Pixi CI,Install and lint (ubuntu-24.04-arm),completed,success,2026-08-10T00:33:42Z,2026-08-10T00:36:17Z,155,1e58fd5ec22827961da788acc9ee3a6fb0c8467b
93299071365,31334911542,Pixi CI,Install and lint (ubuntu-24.04-arm),completed,success,2026-08-09T20:42:00Z,2026-08-09T20:44:35Z,155,bef566358296a8eff5ddcfd2eb34b1bd09a7901b
93599734008,31432728951,Pixi CI,Install and lint (ubuntu-24.04-arm),completed,success,2026-08-10T21:12:12Z,2026-08-10T21:14:42Z,150,ba1e26b1aec31a4fcda8c58f34914f0a1f3a932f
93599591186,31432684412,Pixi CI,Install and lint (ubuntu-24.04-arm),completed,success,2026-08-10T21:11:38Z,2026-08-10T21:14:24Z,166,995642fced88c5ba19aa07670a6f3dc182a603f4
93596409377,31431701415,Pixi CI,Install and lint (ubuntu-24.04-arm),completed,success,2026-08-10T20:59:24Z,2026-08-10T21:02:02Z,158,6c7af12aaef8d6fee0d6aefca42b25dbf16486c0
93582362933,31427436771,Pixi CI,Install and lint (ubuntu-24.04-arm),completed,success,2026-08-10T20:07:01Z,2026-08-10T20:09:56Z,175,98ad67cba33786e60a4874c76923fd2affe87c92
93572138251,31424269667,Pixi CI,Install and lint (ubuntu-24.04-arm),completed,success,2026-08-10T19:28:36Z,2026-08-10T19:31:11Z,155,f7b15e9d8d1a83a653864eb529241526d9d22e85
93503622458,31403371123,Pixi CI,Install and lint (ubuntu-24.04-arm),completed,success,2026-08-10T15:24:07Z,2026-08-10T15:26:41Z,154,9969eea1ee016348668499172cf30790e6223ed0
93466982525,31392389136,Pixi CI,Install and lint (ubuntu-24.04-arm),completed,success,2026-08-10T13:20:24Z,2026-08-10T13:23:06Z,162,3f11fc7bd3924140175fb268954cbd5feaff4ef0
93452126830,31387785043,Pixi CI,Install and lint (ubuntu-24.04-arm),completed,success,2026-08-10T12:23:40Z,2026-08-10T12:26:02Z,142,df82ebc6fae4d5172b7a3e4fd210130a0d90ef33
93451992576,31387756609,Pixi CI,Install and lint (ubuntu-24.04-arm),completed,success,2026-08-10T12:23:08Z,2026-08-10T12:25:49Z,161,b9b4931fa1c212439d849f11c3c724ee48bc610c
93445820773,31385805238,Pixi CI,Install and lint (ubuntu-24.04-arm),completed,success,2026-08-10T11:57:35Z,2026-08-10T12:00:04Z,149,ccdcf6d1ff8dd18654e6360aa1a24beab8d52914
93444338098,31385321997,Pixi CI,Install and lint (ubuntu-24.04-arm),completed,success,2026-08-10T11:51:11Z,2026-08-10T11:53:39Z,148,2ebb895d5456dcf94f72eb9433b5810a9d19f12f
93443562607,31385072303,Pixi CI,Install and lint (ubuntu-24.04-arm),completed,success,2026-08-10T11:47:43Z,2026-08-10T11:50:08Z,145,42caf762af7f7a237db52b56ec1a6619a50fcb68
93442198828,31384631594,Pixi CI,Install and lint (ubuntu-24.04-arm),completed,success,2026-08-10T11:41:46Z,2026-08-10T11:44:12Z,146,129b9d4148d194ebabe129e720fcb47037de221e
93441065584,31384266947,Pixi CI,Install and lint (ubuntu-24.04-arm),completed,success,2026-08-10T11:36:47Z,2026-08-10T11:39:16Z,149,39501e282d0741f766a77fe9d2a4eccc5f048008
94594435104,31714915402,Pixi CI,Install and lint (ubuntu-24.04-arm),completed,success,2026-08-13T21:06:45Z,2026-08-13T21:09:46Z,181,a14f20fd47c7bd4915023a443c832c9584f93b89
94360174587,31672564607,Pixi CI,Install and lint (ubuntu-24.04-arm),completed,success,2026-08-13T06:05:39Z,2026-08-13T06:08:08Z,149,cf26e7ee2b6bb3f9cc207af15f479c53822a58c5
94360057946,31672543275,Pixi CI,Install and lint (ubuntu-24.04-arm),completed,cancelled,2026-08-13T06:05:00Z,2026-08-13T06:05:21Z,21,9a669654f5d483328de1034310669699cb593939
94594498215,31649786971,Pixi CI,Install and lint (ubuntu-24.04-arm),completed,success,2026-08-13T21:06:59Z,2026-08-13T21:09:35Z,156,a4609a44152a1e020e3fdb73c69381e3c9b5f119
94258977037,31639750269,Pixi CI,Install and lint (ubuntu-24.04-arm),completed,success,2026-08-12T20:51:50Z,2026-08-12T20:54:21Z,151,62128efef885298099d96078f705c7f97a7c861d
94132325327,31602249485,Pixi CI,Install and lint (ubuntu-24.04-arm),completed,success,2026-08-12T13:36:08Z,2026-08-12T13:38:43Z,155,8bd4ddc60e07d7582d84a53cc74170a3f1365853
94094044966,31590484916,Pixi CI,Install and lint (ubuntu-24.04-arm),completed,success,2026-08-12T11:07:59Z,2026-08-12T11:10:45Z,166,8f2423fca361a5cb9252b0df3414ed1484e13a3e
94087572460,31588434483,Pixi CI,Install and lint (ubuntu-24.04-arm),completed,success,2026-08-12T10:40:12Z,2026-08-12T10:42:36Z,144,f22328760af167a44e9b86ec27c076426b6682b4
94067524072,31582166807,Pixi CI,Install and lint (ubuntu-24.04-arm),completed,success,2026-08-12T09:16:36Z,2026-08-12T09:19:19Z,163,1820cba3a767d865f270686540bd85d842e59f35
94054742730,31578111465,Pixi CI,Install and lint (ubuntu-24.04-arm),completed,success,2026-08-12T08:23:29Z,2026-08-12T08:25:57Z,148,682ed40376ff06b117d1c21a132e2c662004878c
94049899327,31576562821,Pixi CI,Install and lint (ubuntu-24.04-arm),completed,success,2026-08-12T08:02:50Z,2026-08-12T08:05:18Z,148,7ae6a54b7439df0bb9f6cc01df71c401d44c4c05
93770754380,31488976750,Pixi CI,Install and lint (ubuntu-24.04-arm),completed,success,2026-08-11T11:57:43Z,2026-08-11T12:00:25Z,162,ce5688389e939a1798dbae02f0870de3f979de94
93768683508,31488310422,Pixi CI,Install and lint (ubuntu-24.04-arm),completed,success,2026-08-11T11:48:57Z,2026-08-11T11:51:23Z,146,2b1af2be50ae7bd76aa469323a4aa9c3caee7793
93759828086,31485500593,Pixi CI,Install and lint (ubuntu-24.04-arm),completed,success,2026-08-11T11:11:10Z,2026-08-11T11:13:36Z,146,4d04a9b88c8484604874cb9fd5587b39155410b8
93665796790,31454634883,Pixi CI,Install and lint (ubuntu-24.04-arm),completed,success,2026-08-11T03:11:02Z,2026-08-11T03:13:33Z,151,e5057122d5d503ea640ecdad495a600ce0848dd4
93634069079,31443925387,Pixi CI,Install and lint (ubuntu-24.04-arm),completed,success,2026-08-10T23:51:28Z,2026-08-10T23:53:55Z,147,6a1de3b746e42a0ce194ec27176699c4c160acbd
93629646687,31442400461,Pixi CI,Install and lint (ubuntu-24.04-arm),completed,success,2026-08-10T23:27:15Z,2026-08-10T23:29:42Z,147,5261bf581e4b92c15fbf53c8e01cc15725043125
93623551492,31440351027,Pixi CI,Install and lint (ubuntu-24.04-arm),completed,success,2026-08-10T22:56:20Z,2026-08-10T22:58:58Z,158,3c3ebc02c56c438d512f2d50ae29bfb6c9285e9e
93618728596,31438749920,Pixi CI,Install and lint (ubuntu-24.04-arm),completed,success,2026-08-10T22:32:56Z,2026-08-10T22:35:23Z,147,1eddf0558edba80ae1aac79c8a71277cfdc5959d
93615716172,31437779889,Pixi CI,Install and lint (ubuntu-24.04-arm),completed,success,2026-08-10T22:19:06Z,2026-08-10T22:21:42Z,156,0aa6e1a193cdb5760d61001089a416b865f95757
93610632990,31436159394,Pixi CI,Install and lint (ubuntu-24.04-arm),completed,success,2026-08-10T21:56:54Z,2026-08-10T21:59:17Z,143,24cd7ba792568817e15b48314ccc479bede8e0d2
93609245229,31435705106,Pixi CI,Install and lint (ubuntu-24.04-arm),completed,success,2026-08-10T21:50:51Z,2026-08-10T21:53:22Z,151,1d356c8d81fa36647206fe213a3225700d9fb13e
93604542354,31434209634,Pixi CI,Install and lint (ubuntu-24.04-arm),completed,success,2026-08-10T21:31:06Z,2026-08-10T21:33:33Z,147,bb8cfab3d7346da8390a652b938318aea3a225e4
94902029208,31842450809,Pixi CI,Install and lint (ubuntu-24.04-arm),completed,success,2026-08-14T21:26:47Z,2026-08-14T21:29:16Z,149,939e2b128165dbacde8fb83ca6cdf33388359bdc
94888807507,31838093027,Pixi CI,Install and lint (ubuntu-24.04-arm),completed,success,2026-08-14T20:28:59Z,2026-08-14T20:31:23Z,144,2020d8ba7d22ba037c5e8f533e12821c17cde821
94864728269,31830485106,Pixi CI,Install and lint (ubuntu-24.04-arm),completed,success,2026-08-14T18:49:54Z,2026-08-14T18:52:20Z,146,dc835a814855caf223c08fd1f722d16a4dfda0ff
94841584514,31823348730,Pixi CI,Install and lint (ubuntu-24.04-arm),completed,success,2026-08-14T17:18:10Z,2026-08-14T17:20:45Z,155,41bae5710e98d74c10f6bcc01bba5eb9e91c88c4
94841089635,31823198151,Pixi CI,Install and lint (ubuntu-24.04-arm),completed,success,2026-08-14T17:16:11Z,2026-08-14T17:18:34Z,143,15ff173305cfdf46057615ef31ba660207b0aceb
94840432108,31822991135,Pixi CI,Install and lint (ubuntu-24.04-arm),completed,success,2026-08-14T17:13:31Z,2026-08-14T17:15:53Z,142,fe3178e4b8f21515839d7e3fd2976e17ba98496e
94834382214,31821147796,Pixi CI,Install and lint (ubuntu-24.04-arm),completed,success,2026-08-14T16:49:53Z,2026-08-14T16:52:37Z,164,fa2fe73a5eee7cc3147b7a5d0c891a20900967e2
94830375388,31819901989,Pixi CI,Install and lint (ubuntu-24.04-arm),completed,success,2026-08-14T16:33:38Z,2026-08-14T16:36:17Z,159,69177b02ddf4c632c1f9780ec4d4f101b584dcd6
94817586664,31815962772,Pixi CI,Install and lint (ubuntu-24.04-arm),completed,success,2026-08-14T15:44:25Z,2026-08-14T15:46:57Z,152,b54644fe69ec968528636fa1fb5c2188a4ae18d2
94812567059,31814428240,Pixi CI,Install and lint (ubuntu-24.04-arm),completed,success,2026-08-14T15:25:45Z,2026-08-14T15:28:18Z,153,1fd8a5eff4fff0d4021d5073ae2176e27b175557
94810533819,31813752154,Pixi CI,Install and lint (ubuntu-24.04-arm),completed,success,2026-08-14T15:18:43Z,2026-08-14T15:21:24Z,161,8e0bc8e7d6c2fd4a276d4f36a9096b3f0263a452
94810184799,31813709544,Pixi CI,Install and lint (ubuntu-24.04-arm),completed,cancelled,2026-08-14T15:17:06Z,2026-08-14T15:17:52Z,46,57a52d912eb7781fb2df7e0c4384ac889343959e
94784967060,31806004415,Pixi CI,Install and lint (ubuntu-24.04-arm),completed,success,2026-08-14T13:43:00Z,2026-08-14T13:45:42Z,162,e556758aafa3ea98329e90a94dbd054a441528f5
94737048449,31790803786,Pixi CI,Install and lint (ubuntu-24.04-arm),completed,success,2026-08-14T10:05:44Z,2026-08-14T10:08:21Z,157,2f0609b664cce9492d58fba7a67425c410eb273c
94736251006,31790552011,Pixi CI,Install and lint (ubuntu-24.04-arm),completed,success,2026-08-14T10:02:03Z,2026-08-14T10:04:33Z,150,c36f1810e8ce88bad041a61ed41cede6f537075f
94742868008,31786175257,Pixi CI,Install and lint (ubuntu-24.04-arm),completed,success,2026-08-14T10:33:19Z,2026-08-14T10:36:05Z,166,9783a854bb28a9662efa9d01c45a448f447879ee
94701934757,31779489152,Pixi CI,Install and lint (ubuntu-24.04-arm),completed,success,2026-08-14T07:19:39Z,2026-08-14T07:22:20Z,161,39f600f4caf6196dd831bfb496901acc4ba00124
94693704152,31776759199,Pixi CI,Install and lint (ubuntu-24.04-arm),completed,success,2026-08-14T06:34:32Z,2026-08-14T06:37:06Z,154,98b89f85bd4c4256e6285891d27822e6aa826b15
94677912209,31771395959,Pixi CI,Install and lint (ubuntu-24.04-arm),completed,success,2026-08-14T04:55:56Z,2026-08-14T04:58:36Z,160,fdfe28a1649a66439bc8cd71d6364c06dae9646a
94809844266,31753193451,Pixi CI,Install and lint (ubuntu-24.04-arm),completed,success,2026-08-14T15:15:52Z,2026-08-14T15:18:27Z,155,9c45e76f4d995de54621968f867db6e259951307
95115964638,31926975968,Pixi CI,Install and lint (ubuntu-24.04-arm),completed,success,2026-08-16T04:35:08Z,2026-08-16T04:37:53Z,165,562c2bac51c0822c2e30a0019e558a09228e4556
95115593101,31926821880,Pixi CI,Install and lint (ubuntu-24.04-arm),completed,success,2026-08-16T04:31:08Z,2026-08-16T04:33:39Z,151,bde53407c29e45bbea61871be9575a4b57c3fd93
95105940131,31923019787,Pixi CI,Install and lint (ubuntu-24.04-arm),completed,success,2026-08-16T02:55:42Z,2026-08-16T02:58:15Z,153,217c8a4d91f1f84148a5c4c31bb8fb380b47ac9a
95096851214,31919470858,Pixi CI,Install and lint (ubuntu-24.04-arm),completed,success,2026-08-16T01:23:54Z,2026-08-16T01:26:28Z,154,70fa276e30a1fa88a07ba100a659a94c6bba4980
95078734318,31912134423,Pixi CI,Install and lint (ubuntu-24.04-arm),completed,success,2026-08-15T22:26:32Z,2026-08-15T22:29:13Z,161,9c7b353974923c64380e4fad1d5d407b12b9f140
95062989302,31905692880,Pixi CI,Install and lint (ubuntu-24.04-arm),completed,success,2026-08-15T20:04:34Z,2026-08-15T20:07:06Z,152,7061d0d4c3fc740d259aa6e0831ef798ee8d7edf
95062013540,31905294040,Pixi CI,Install and lint (ubuntu-24.04-arm),completed,success,2026-08-15T19:55:55Z,2026-08-15T19:58:23Z,148,400318f87ed0dee6c1a04a17c617c547aef46aae
95054216841,31902055714,Pixi CI,Install and lint (ubuntu-24.04-arm),completed,success,2026-08-15T18:46:37Z,2026-08-15T18:49:10Z,153,a136252681cda8d09426f44a281630152ed94fc5
95038042858,31895481956,Pixi CI,Install and lint (ubuntu-24.04-arm),completed,success,2026-08-15T16:25:53Z,2026-08-15T16:28:29Z,156,dcd9eca1eebebe5180f7b97e07ec62684d783b91
95037858715,31895406301,Pixi CI,Install and lint (ubuntu-24.04-arm),completed,success,2026-08-15T16:24:14Z,2026-08-15T16:26:42Z,148,18d91259c6c96d8e94bffa2cd00ea55a6ab37b38
95037720923,31895350758,Pixi CI,Install and lint (ubuntu-24.04-arm),completed,success,2026-08-15T16:23:00Z,2026-08-15T16:25:35Z,155,1ff042476bf4cff8d66a6e03695c200e1ae9e4a2
95026546180,31890753176,Pixi CI,Install and lint (ubuntu-24.04-arm),completed,success,2026-08-15T14:44:38Z,2026-08-15T14:47:01Z,143,764a4280eee17cbb87e7abaebb4a46430857bce2
95025387181,31890267519,Pixi CI,Install and lint (ubuntu-24.04-arm),completed,success,2026-08-15T14:34:16Z,2026-08-15T14:36:57Z,161,4b37d8d2927b50e125ca2d1e4072acfd193884f2
94967035970,31865993680,Pixi CI,Install and lint (ubuntu-24.04-arm),completed,success,2026-08-15T05:03:35Z,2026-08-15T05:06:13Z,158,3e2cf56f5892a53f51ab603d70a5e46577807e9c
94965881633,31865523723,Pixi CI,Install and lint (ubuntu-24.04-arm),completed,success,2026-08-15T04:52:56Z,2026-08-15T04:55:28Z,152,83e26cb44c1f5c2be5578f97e01c8754dc64c316
94965491965,31865385037,Pixi CI,Install and lint (ubuntu-24.04-arm),completed,success,2026-08-15T04:49:27Z,2026-08-15T04:52:09Z,162,3774c2222961bb32582d6c211223a6757685e4f6
94965009782,31865192109,Pixi CI,Install and lint (ubuntu-24.04-arm),completed,success,2026-08-15T04:44:54Z,2026-08-15T04:47:19Z,145,07e5d9552b07aeea9f1977217d27b2c00435e3a0
94963922056,31864755845,Pixi CI,Install and lint (ubuntu-24.04-arm),completed,success,2026-08-15T04:34:28Z,2026-08-15T04:37:04Z,156,45cdb723b6a9123fefeea4ba2e9d5e5c869cdc18
94957250570,31862135406,Pixi CI,Install and lint (ubuntu-24.04-arm),completed,success,2026-08-15T03:33:31Z,2026-08-15T03:35:54Z,143,4d291de3a73c17a547327012cc79aa720aa6349b
94954315417,31861011997,Pixi CI,Install and lint (ubuntu-24.04-arm),completed,success,2026-08-15T03:08:05Z,2026-08-15T03:10:45Z,160,559993b92f9fdbf8d1cf3da0d06eca621f6d7256
94953827996,31860838941,Pixi CI,Install and lint (ubuntu-24.04-arm),completed,success,2026-08-15T03:04:10Z,2026-08-15T03:06:45Z,155,a7dce11c2184abdb36241345b05f6b22bb07ba93
94917960449,31847906521,Pixi CI,Install and lint (ubuntu-24.04-arm),completed,success,2026-08-14T22:46:25Z,2026-08-14T22:48:55Z,150,a68254cfdfcb2e2d35b899e6ad83eb8d856dcb40
94916754561,31847481160,Pixi CI,Install and lint (ubuntu-24.04-arm),completed,success,2026-08-14T22:39:56Z,2026-08-14T22:42:32Z,156,826d0f50545cb679adb83519bfad1b437a49f38d
95277743999,31992249825,Pixi CI,Install and lint (ubuntu-24.04-arm),completed,success,2026-08-17T03:46:53Z,2026-08-17T03:49:28Z,155,b4cafa74e5ae7f012f53ef5c7b68ce5469278039
95265593108,31987756820,Pixi CI,Install and lint (ubuntu-24.04-arm),completed,success,2026-08-17T02:21:59Z,2026-08-17T02:24:31Z,152,948fef9bb7f098acf35eb8d99c3d3c1f0f58686b
95239101326,31977512129,Pixi CI,Install and lint (ubuntu-24.04-arm),completed,success,2026-08-16T22:51:58Z,2026-08-16T22:54:29Z,151,2114de27352549e2c4d72dd2886e162db3806f05
95178927505,31952839690,Pixi CI,Install and lint (ubuntu-24.04-arm),completed,success,2026-08-16T14:29:41Z,2026-08-16T14:32:15Z,154,0e4e6bfe77b99fa50f3985b85cec684f36a614d6
95178798567,31952806185,Pixi CI,Install and lint (ubuntu-24.04-arm),completed,cancelled,2026-08-16T14:28:35Z,2026-08-16T14:29:29Z,54,52b0e783d7936a7b83e52663e7a0686959ad0747
95162943532,31946387855,Pixi CI,Install and lint (ubuntu-24.04-arm),completed,success,2026-08-16T12:11:37Z,2026-08-16T12:14:11Z,154,fb8f31f01fde0a1c68ac1ed95f03b4acc011b7e4
95162961705,31946377734,Pixi CI,Install and lint (ubuntu-24.04-arm),completed,success,2026-08-16T12:11:47Z,2026-08-16T12:14:26Z,159,4be9b1189be9892793abc2f1f9c99a2962a80f19
95162775794,31946321463,Pixi CI,Install and lint (ubuntu-24.04-arm),completed,cancelled,2026-08-16T12:10:13Z,2026-08-16T12:11:36Z,83,df1aca5b12215ed24273f074ba9f211169bdc069
95159822621,31945123509,Pixi CI,Install and lint (ubuntu-24.04-arm),completed,success,2026-08-16T11:43:57Z,2026-08-16T11:46:26Z,149,688dcb0be049bc3ee2a558b95564ecc1b37f7b21
95159790597,31945110700,Pixi CI,Install and lint (ubuntu-24.04-arm),completed,success,2026-08-16T11:43:38Z,2026-08-16T11:46:03Z,145,216ba95cdf4c31bb353d7e39318a48837f9bfbdd
95301986022,32001288628,Pixi CI,Install and lint (ubuntu-24.04-arm),completed,success,2026-08-17T06:21:04Z,2026-08-17T06:23:41Z,157,e34a9006d79316929c47a65a10967db7612d75ee
95725747604,32141729239,Pixi CI,Install and lint (ubuntu-24.04-arm),completed,success,2026-08-18T13:19:54Z,2026-08-18T13:22:30Z,156,bb59bbd2e14344fa876073ef4cac4d614b42759c
95712681268,32137670949,Pixi CI,Install and lint (ubuntu-24.04-arm),completed,success,2026-08-18T12:35:53Z,2026-08-18T12:38:22Z,149,4effc057f721569a98264bf82c512ce718e6eb6b
95702775408,32134557126,Pixi CI,Install and lint (ubuntu-24.04-arm),completed,success,2026-08-18T12:00:22Z,2026-08-18T12:02:59Z,157,6d237afa9d824f04b407bae09121ab934b7b6bbf
95698051784,32133004828,Pixi CI,Install and lint (ubuntu-24.04-arm),completed,success,2026-08-18T11:41:55Z,2026-08-18T11:44:26Z,151,f2f445c520314cce5ce733a74a3e4d9d7997e021
95693878430,32131645047,Pixi CI,Install and lint (ubuntu-24.04-arm),completed,success,2026-08-18T11:25:29Z,2026-08-18T11:28:05Z,156,53ca9323829240d3e5cf498cec202ea773f31a27
95687902125,32129702282,Pixi CI,Install and lint (ubuntu-24.04-arm),completed,success,2026-08-18T11:02:03Z,2026-08-18T11:04:31Z,148,8e69341294df072405bd241c7d8e1eda416fa0ce
95682903037,32128054805,Pixi CI,Install and lint (ubuntu-24.04-arm),completed,failure,2026-08-18T10:42:14Z,2026-08-18T10:44:47Z,153,6185310d586b19f8851578c355bff38d0e5be034
95674690252,32125352271,Pixi CI,Install and lint (ubuntu-24.04-arm),completed,success,2026-08-18T10:10:06Z,2026-08-18T10:12:40Z,154,4b141f1a3783884647c1536b7a6606ae06680f86
95674372137,32125287332,Pixi CI,Install and lint (ubuntu-24.04-arm),completed,cancelled,2026-08-18T10:08:55Z,2026-08-18T10:10:01Z,66,92366a96e58fb77a56e9dfc0b46c8ccbc6fa9371
95669776014,32123785324,Pixi CI,Install and lint (ubuntu-24.04-arm),completed,success,2026-08-18T09:51:34Z,2026-08-18T09:54:16Z,162,6a5a9ee0f90055b16b45e16ede8676174934bc08
95657985840,32119948854,Pixi CI,Install and lint (ubuntu-24.04-arm),completed,success,2026-08-18T09:08:15Z,2026-08-18T09:10:52Z,157,7a3c463379357b10eaf8717b72572eda1aefa567
95657657078,32119880621,Pixi CI,Install and lint (ubuntu-24.04-arm),completed,cancelled,2026-08-18T09:07:03Z,2026-08-18T09:08:04Z,61,430cc97e3579021bc7976f639d4a89392ddeb0a3
95527790248,32075535194,Pixi CI,Install and lint (ubuntu-24.04-arm),completed,success,2026-08-17T22:20:13Z,2026-08-17T22:22:49Z,156,d38828265a49816ffaf90fadace96eb2696613b1
95527793215,32075536083,Pixi CI,Install and lint (ubuntu-24.04-arm),completed,success,2026-08-17T22:20:14Z,2026-08-17T22:22:50Z,156,352bd2120eb75f4a37f4b7b1b57687aa42b0a09b
95521015573,32073300884,Pixi CI,Install and lint (ubuntu-24.04-arm),completed,success,2026-08-17T21:52:29Z,2026-08-17T21:55:00Z,151,55ca0f4210a9a6ebf411e87373cf731bac254b99
95464819434,32055545852,Pixi CI,Install and lint (ubuntu-24.04-arm),completed,success,2026-08-17T18:34:44Z,2026-08-17T18:37:17Z,153,2e870ab6bd9bcb6f8d97db56ea2b36417ae85abe
95464462141,32055461163,Pixi CI,Install and lint (ubuntu-24.04-arm),completed,cancelled,2026-08-17T18:33:23Z,2026-08-17T18:34:34Z,71,7d95a878603915fe71a76cf203104697933b34ae
95459808898,32053989361,Pixi CI,Install and lint (ubuntu-24.04-arm),completed,success,2026-08-17T18:14:57Z,2026-08-17T18:17:37Z,160,8cb4aec3a0a14342e974cd5b10b9903237482098
95456331097,32052900174,Pixi CI,Install and lint (ubuntu-24.04-arm),completed,success,2026-08-17T18:01:00Z,2026-08-17T18:03:34Z,154,b6c1ef044c6d5b4713b6c6be4a5d2453f9b53186
95443077431,32048859925,Pixi CI,Install and lint (ubuntu-24.04-arm),completed,success,2026-08-17T17:06:36Z,2026-08-17T17:09:01Z,145,5aaf09bc06f00c143e02776e4857568d2a5f7013
95433240652,32045779337,Pixi CI,Install and lint (ubuntu-24.04-arm),completed,success,2026-08-17T16:28:44Z,2026-08-17T16:31:18Z,154,5871d0f9c1dd34935a9de20a3b37f8fef9122da6
95425498746,32042991031,Pixi CI,Install and lint (ubuntu-24.04-arm),completed,success,2026-08-17T15:39:49Z,2026-08-17T15:42:21Z,152,6e05100f77a3018fa179ddcae2ae84dd1f9c4d99
95413682202,32038567535,Pixi CI,Install and lint (ubuntu-24.04-arm),completed,success,2026-08-17T14:18:16Z,2026-08-17T14:20:53Z,157,17c437ead41024a961d6075533a5363490e7fd5c
95371201264,32024587863,Pixi CI,Install and lint (ubuntu-24.04-arm),completed,success,2026-08-17T11:22:08Z,2026-08-17T11:24:31Z,143,e882571858870096daa682e5594db8e44e3783e5
95369294608,32023960621,Pixi CI,Install and lint (ubuntu-24.04-arm),completed,success,2026-08-17T11:14:13Z,2026-08-17T11:16:40Z,147,fc8b0027f92b8c426ca81ddd04556afe8a75fd15
95366098577,32022866409,Pixi CI,Install and lint (ubuntu-24.04-arm),completed,success,2026-08-17T11:01:11Z,2026-08-17T11:03:50Z,159,a77bb712bf8dd41dbe1d70d3ef7c918f6addda40
95365844070,32022807191,Pixi CI,Install and lint (ubuntu-24.04-arm),completed,cancelled,2026-08-17T11:00:10Z,2026-08-17T11:01:02Z,52,68d680e7a51d7aa9ecc9fb2db6c29d7795f3ed52
95362032415,32021523399,Pixi CI,Install and lint (ubuntu-24.04-arm),completed,success,2026-08-17T10:43:48Z,2026-08-17T10:46:21Z,153,64f0315ad4cf353d684b19dd01a04550b9863701
95356383714,32019630894,Pixi CI,Install and lint (ubuntu-24.04-arm),completed,success,2026-08-17T10:19:41Z,2026-08-17T10:22:23Z,162,fc44844dc801223bb150311f101b809206fe1b65
