job_id,run_id,workflow,job_name,status,conclusion,started_at,completed_at,duration_seconds,head_sha
78378215466,26592198588,clang-format,clang_format,completed,success,2026-05-28T20:06:25Z,2026-05-28T20:06:35Z,10,548e36b096a71b74663551f0a4c360f4e3301c9a
78336439776,26587240625,clang-format,clang_format,completed,success,2026-05-28T16:18:26Z,2026-05-28T16:18:36Z,10,c77b5ad3e43f9595d8c9ec92eb00be452fe0611b
78333693530,26586477250,clang-format,clang_format,completed,success,2026-05-28T16:04:08Z,2026-05-28T16:04:20Z,12,2a107f69ff6d9f11f2874bc81d381e1b5cd94c36
78331380142,26585775368,clang-format,clang_format,completed,success,2026-05-28T15:52:38Z,2026-05-28T15:52:53Z,15,9cdec9c13ed35dd623c6265b8af568aef13376d3
78329439676,26585292447,clang-format,clang_format,completed,success,2026-05-28T15:43:04Z,2026-05-28T15:43:16Z,12,c7b1a0b1cec8d00fb7839f16e80fc727afe0f208
78329089725,26585194576,clang-format,clang_format,completed,success,2026-05-28T15:41:22Z,2026-05-28T15:41:34Z,12,5cb9ee1c2fe039b8a0985c2c47c89c4b7c4ab692
78325437370,26584190316,clang-format,clang_format,completed,success,2026-05-28T15:23:44Z,2026-05-28T15:23:55Z,11,7740581eead1b536d159227707bbf68f08ef628e
78325727745,26582691546,clang-format,clang_format,completed,success,2026-05-28T15:25:09Z,2026-05-28T15:25:22Z,13,736d09d11b1baae56edffed0decd21231ac2b3a3
78325641679,26582433932,clang-format,clang_format,completed,success,2026-05-28T15:24:44Z,2026-05-28T15:24:52Z,8,8e059ae356c0d5bf5a3dd1c31df0fc40a6f8bd2d
78319337188,26582380006,clang-format,clang_format,completed,success,2026-05-28T14:54:57Z,2026-05-28T14:55:07Z,10,a08e8dbbfeda4b0da4cbce6fcf468ce2bca570ab
78311749899,26580486687,clang-format,clang_format,completed,success,2026-05-28T14:19:11Z,2026-05-28T14:19:22Z,11,0e0d9d29c5c7233e46b8615e4de8a48933a3321a
78307065856,26578699409,clang-format,clang_format,completed,success,2026-05-28T13:56:53Z,2026-05-28T13:57:04Z,11,687a8b2f51c66424a8ce6b99964117bb2bc91c54
78299502934,26577147165,clang-format,clang_format,completed,success,2026-05-28T13:18:51Z,2026-05-28T13:18:59Z,8,ec4c1e99ab50bb44e056a6f92f24a21f0bb8ea5d
78299451488,26576330777,clang-format,clang_format,completed,success,2026-05-28T13:18:35Z,2026-05-28T13:18:43Z,8,5ec4cd129d1e6994d5bb2ae18250f362ef9ade6d
78296142135,26576223711,clang-format,clang_format,completed,success,2026-05-28T13:00:18Z,2026-05-28T13:00:28Z,10,c1da9a4171148efa41b897e53afc2f2896b98959
78295865679,26576145193,clang-format,clang_format,completed,success,2026-05-28T12:58:46Z,2026-05-28T12:58:54Z,8,d26f3695fad7bc65126f4d3aa7abb339017104e7
78295815806,26576131952,clang-format,clang_format,completed,success,2026-05-28T12:58:30Z,2026-05-28T12:58:41Z,11,a0a8c2c19a6e3675841efebcbcae8ef7e606b9de
78295728885,26576107269,clang-format,clang_format,completed,success,2026-05-28T12:58:02Z,2026-05-28T12:58:16Z,14,8b9815b8aa9b88b8cbb020e2bc169d7d7eae8f42
78295535654,26576051262,clang-format,clang_format,completed,success,2026-05-28T12:56:56Z,2026-05-28T12:57:06Z,10,1a612446cf94963cecef832b98d43dd345068172
78294279648,26575697261,clang-format,clang_format,completed,success,2026-05-28T12:49:53Z,2026-05-28T12:50:11Z,18,cf172cd541ae1675532194fd90ed5db74fdaf56a
78292934066,26575319665,clang-format,clang_format,completed,success,2026-05-28T12:42:13Z,2026-05-28T12:42:22Z,9,5229536218048c04cdf4efeb8dc80688003d4420
78292998072,26574978353,clang-format,clang_format,completed,success,2026-05-28T12:43:57Z,2026-05-28T12:44:10Z,13,964a036b823b7ae22c5680f4495c94bc9dafa6a3
78290126961,26574530571,clang-format,clang_format,completed,success,2026-05-28T12:25:54Z,2026-05-28T12:26:02Z,8,02d80cd030ee8de22adcb43552432819f230ff15
78290247210,26574357376,clang-format,clang_format,completed,success,2026-05-28T12:30:37Z,2026-05-28T12:30:48Z,11,210bb49bb2533afe6dd439a8ef6b7abd4bfbb30a
78290487052,26574277121,clang-format,clang_format,completed,success,2026-05-28T12:31:00Z,2026-05-28T12:31:11Z,11,aaa93ec860ffbf7aa060335c7a7833ea838d3f2f
78290148160,26573867875,clang-format,clang_format,completed,success,2026-05-28T12:26:03Z,2026-05-28T12:26:14Z,11,6c3631b85b02229a32b5e4b9d7484c2ac4e6098d
78287277458,26573424381,clang-format,clang_format,completed,success,2026-05-28T12:08:37Z,2026-05-28T12:08:53Z,16,f72500d8a8c95a6f90dfefe8c2bd5a9c119a436c
78285290655,26573156168,clang-format,clang_format,completed,success,2026-05-28T11:56:14Z,2026-05-28T11:56:22Z,8,29e48a728bbbf995c47d03b89238c4ee41993be3
78284700492,26572993424,clang-format,clang_format,completed,success,2026-05-28T11:52:44Z,2026-05-28T11:52:53Z,9,4c086d462088befdba0d623ff5ec56f74c223b67
78284975812,26572834763,clang-format,clang_format,completed,success,2026-05-28T11:54:23Z,2026-05-28T11:54:32Z,9,f221f8f02de908a8af3f301df442bb5a42c536fd
78282380065,26572320405,clang-format,clang_format,completed,success,2026-05-28T11:37:48Z,2026-05-28T11:37:57Z,9,2d17f4fa8461b6f5e32db397a96a9a2846fd93f1
78278858964,26571305822,clang-format,clang_format,completed,success,2026-05-28T11:14:53Z,2026-05-28T11:15:01Z,8,8f48a8101e3f97df7af4282b54eb1edb34440267
78278835862,26571298915,clang-format,clang_format,completed,success,2026-05-28T11:14:44Z,2026-05-28T11:14:52Z,8,59b9c4382f16bd1d77f351379a011b4ed2a3fb56
78275900884,26570443869,clang-format,clang_format,completed,success,2026-05-28T10:55:25Z,2026-05-28T10:55:37Z,12,7bb3741239e780f0a28b1161bd637f1dec2306fd
78270049393,26568726793,clang-format,clang_format,completed,success,2026-05-28T10:16:39Z,2026-05-28T10:16:51Z,12,f2af18b21897c3575d3145771a121420f99a1792
78275942308,26568682839,clang-format,clang_format,completed,success,2026-05-28T10:55:42Z,2026-05-28T10:55:54Z,12,fda90dfc7ff854f5f6e080c9964c977f22d61a9d
78269317400,26568516992,clang-format,clang_format,completed,success,2026-05-28T10:12:00Z,2026-05-28T10:12:11Z,11,9819dc80a0e552226855880e8bd8d58ccd150f7d
78269398326,26568515729,clang-format,clang_format,completed,success,2026-05-28T10:12:31Z,2026-05-28T10:12:41Z,10,efd94c7e1522d5673df6a5e265ec25449c589c23
78267479929,26567986040,clang-format,clang_format,completed,success,2026-05-28T10:00:13Z,2026-05-28T10:00:24Z,11,1ecb7545c4a185b7c99b7697f3dfef78b58efe8b
78267384486,26567956864,clang-format,clang_format,completed,success,2026-05-28T09:59:37Z,2026-05-28T09:59:47Z,10,7dae3b9a2fb780174fa1e523587f24514fc30148
78265408426,26567374068,clang-format,clang_format,completed,success,2026-05-28T09:47:10Z,2026-05-28T09:47:20Z,10,8d102e278837065096e93dd7905215d0f9c14c7a
78265338028,26567354232,clang-format,clang_format,completed,success,2026-05-28T09:46:44Z,2026-05-28T09:46:52Z,8,62efac34eca69e692cf369e7f02f788cf2cfe8db
78264229122,26567029287,clang-format,clang_format,completed,failure,2026-05-28T09:39:51Z,2026-05-28T09:40:04Z,13,bdde4b407a0674ab7f1b9e95f012dd44dcb2cd03
78263975925,26566955446,clang-format,clang_format,completed,success,2026-05-28T09:38:14Z,2026-05-28T09:38:25Z,11,156447bf3f9f1036026b58afb23eee0161a48a37
78263858418,26566922456,clang-format,clang_format,completed,failure,2026-05-28T09:37:29Z,2026-05-28T09:37:39Z,10,835a100edf799b69fbe341921b63c8d34dfabc95
78262307055,26566465395,clang-format,clang_format,completed,failure,2026-05-28T09:28:18Z,2026-05-28T09:28:28Z,10,0e047e17aa4978b05f57295f1e8b8a70a42c11ed
78262147339,26566419113,clang-format,clang_format,completed,failure,2026-05-28T09:27:04Z,2026-05-28T09:27:13Z,9,7a8360930f8ae67088e4b56f1e83f01e35e54a27
78261699253,26566249280,clang-format,clang_format,completed,failure,2026-05-28T09:24:26Z,2026-05-28T09:24:38Z,12,969f74334c324b9168d99f9bf57b0c3dc070eb48
78261088780,26566111630,clang-format,clang_format,completed,failure,2026-05-28T09:20:32Z,2026-05-28T09:20:40Z,8,db367c80fef34cb56310a5767f12e0472ec41a91
78259681278,26565703554,clang-format,clang_format,completed,success,2026-05-28T09:14:25Z,2026-05-28T09:14:34Z,9,2aadc308ab16dc30254e2d622b94e7e34cc07e77
78259271322,26565584619,clang-format,clang_format,completed,failure,2026-05-28T09:09:11Z,2026-05-28T09:09:19Z,8,a0d7050de68563480eacc77947cf19a4c3256009
78259152702,26565550919,clang-format,clang_format,completed,failure,2026-05-28T09:08:28Z,2026-05-28T09:08:37Z,9,41708cea6b3e216fd29905120bdec908d740cfcd
78259498289,26565489093,clang-format,clang_format,completed,failure,2026-05-28T09:13:15Z,2026-05-28T09:13:26Z,11,3326d890d30f853509b4451f7941c3f0649fdeb5
78259208687,26565361191,clang-format,clang_format,completed,failure,2026-05-28T09:08:47Z,2026-05-28T09:08:58Z,11,c9d559fd2b3ed3ddfb3311715827fdc64954e648
78259338912,26565354430,clang-format,clang_format,completed,failure,2026-05-28T09:09:37Z,2026-05-28T09:09:48Z,11,6778f8c29850a75e932adc4ec93ae90278da9608
78257759768,26565143382,clang-format,clang_format,completed,failure,2026-05-28T08:59:36Z,2026-05-28T08:59:44Z,8,e76d999cce3535c63f4d7c6083635c14a69eb3f5
78257252380,26564994808,clang-format,clang_format,completed,cancelled,2026-05-28T08:59:25Z,2026-05-28T08:59:33Z,8,30785efe4a2adc8bb4a03e38094a0ebffd519718
78257126659,26564957333,clang-format,clang_format,completed,cancelled,2026-05-28T08:55:25Z,2026-05-28T08:56:15Z,50,4dabc21a1f5fde84312e49640166ab9a6baee346
78256701232,26564706360,clang-format,clang_format,completed,success,2026-05-28T08:52:42Z,2026-05-28T08:52:50Z,8,07d1ff954e2acceb25e79166bf45207763d9d5e3
78257029943,26564609581,clang-format,clang_format,completed,success,2026-05-28T08:57:27Z,2026-05-28T08:57:37Z,10,b79c448541c392d501346a32e0dfe81c69965e2d
78256958651,26564429361,clang-format,clang_format,completed,success,2026-05-28T08:54:29Z,2026-05-28T08:54:38Z,9,d4a958843523af9ad0a35b9de692a63bd0db7cf7
78254433309,26563002504,clang-format,clang_format,completed,success,2026-05-28T08:38:16Z,2026-05-28T08:38:26Z,10,13d402189bfbecf4678209210e3d3be38ab77735
78254241522,26562822259,clang-format,clang_format,completed,success,2026-05-28T08:37:04Z,2026-05-28T08:37:15Z,11,11055424b16d9b0b2374ebc30c204afdcd26a8ba
78248911899,26562125474,clang-format,clang_format,completed,success,2026-05-28T08:02:47Z,2026-05-28T08:02:55Z,8,581f589c59f4e3654032ec313adccbdfa35a45f2
78248946122,26562082231,clang-format,clang_format,completed,failure,2026-05-28T08:03:11Z,2026-05-28T08:03:21Z,10,64cd7733710e914488a04c17df6470b127a46242
78246861462,26561944323,clang-format,clang_format,completed,success,2026-05-28T07:49:09Z,2026-05-28T07:49:17Z,8,f06c9c59ed7df998757046ca8d6a8841b83b9c5b
78246812100,26561929918,clang-format,clang_format,completed,success,2026-05-28T07:48:49Z,2026-05-28T07:48:59Z,10,c695ec091d2562d0f8820d631441ae6862d79d4f
78246759740,26561914518,clang-format,clang_format,completed,success,2026-05-28T07:48:28Z,2026-05-28T07:48:37Z,9,7f5a50c64e4a6527913ad1bbc3789d995e2eaa62
78247192979,26561056156,clang-format,clang_format,completed,success,2026-05-28T07:53:24Z,2026-05-28T07:53:32Z,8,414b3e2a888b4ba19c1899591de82f8d0cbfae00
78246917065,26560115949,clang-format,clang_format,completed,success,2026-05-28T07:49:32Z,2026-05-28T07:49:40Z,8,f6babe8d0752bd03adfaf48998bc65a7300217f6
78239745818,26559765537,clang-format,clang_format,completed,success,2026-05-28T07:00:09Z,2026-05-28T07:00:18Z,9,fd1caf1163babb013fa50df45e1126df6733fa24
78238834178,26559512509,clang-format,clang_format,completed,success,2026-05-28T06:50:55Z,2026-05-28T06:51:02Z,7,f17fbac01e1c7245507fd94b82f7f104cfce632b
78238797358,26559501598,clang-format,clang_format,completed,success,2026-05-28T06:50:38Z,2026-05-28T06:50:48Z,10,f0d1080ee5308cc2a41518ae27d252265ffb12e9
78239309479,26546674575,clang-format,clang_format,completed,success,2026-05-28T06:55:37Z,2026-05-28T06:55:50Z,13,9553a99eab3b01a5d141647b4b4826d31c2f892b
78239368188,26546634545,clang-format,clang_format,completed,success,2026-05-28T06:55:59Z,2026-05-28T06:56:07Z,8,b5411c32075ead936f77440fbaa17a062a517382
78239131993,26546628891,clang-format,clang_format,completed,success,2026-05-28T06:53:19Z,2026-05-28T06:53:27Z,8,919d1bc1099a0162b21fd3aa90ebd98d71dbb0cd
78239161294,26546501114,clang-format,clang_format,completed,success,2026-05-28T06:53:41Z,2026-05-28T06:53:51Z,10,5c91f97ce134f6f3caf3606fb57a4e6ea579cdfc
78198626767,26546155252,clang-format,clang_format,completed,success,2026-05-28T00:07:27Z,2026-05-28T00:07:38Z,11,5a0180e8b063542b06880d2db4876b93bbd02751
78198685310,26546120399,clang-format,clang_format,completed,success,2026-05-28T00:08:14Z,2026-05-28T00:08:24Z,10,15463c202961ed5c479dfd90db448a225abe8f9b
78198162804,26546042474,clang-format,clang_format,completed,success,2026-05-28T00:03:05Z,2026-05-28T00:03:15Z,10,9f76fd598d76c4b0ce2cf3d3f43b3ddd229bd1e0
78198137694,26545804541,clang-format,clang_format,completed,success,2026-05-28T00:02:49Z,2026-05-28T00:02:58Z,9,3b3e385b0662fb6c96e59a1368174cd57cab1664
78196488731,26545528900,clang-format,clang_format,completed,success,2026-05-27T23:47:34Z,2026-05-27T23:47:41Z,7,6ea3268672aa57c014374c524fe8b8929dbe7509
78196449326,26545515685,clang-format,clang_format,completed,success,2026-05-27T23:47:12Z,2026-05-27T23:47:23Z,11,a88bd8659ca97a8c7fd87a1cf5d8eb6e995dc09d
78196519775,26545379647,clang-format,clang_format,completed,success,2026-05-27T23:47:52Z,2026-05-27T23:48:03Z,11,c6d504355e31579e2490716b3aa62c4dff374ac3
78194934317,26544914354,clang-format,clang_format,completed,success,2026-05-27T23:33:39Z,2026-05-27T23:33:52Z,13,8dc2237d30ee88e16107607671a0589c557430ca
78194143917,26544732039,clang-format,clang_format,completed,success,2026-05-27T23:27:03Z,2026-05-27T23:27:13Z,10,40a4987ca7390ec7c514551541d3afd420c7f96e
78194046865,26544570211,clang-format,clang_format,completed,success,2026-05-27T23:26:13Z,2026-05-27T23:26:21Z,8,41915846199a089ae407932d5c9c82dc1b532ab9
78193184063,26544268528,clang-format,clang_format,completed,success,2026-05-27T23:18:35Z,2026-05-27T23:18:45Z,10,d4cd39aa767c64d45b1c83efb39eb6f43468b626
78191398553,26543883998,clang-format,clang_format,completed,success,2026-05-27T23:03:13Z,2026-05-27T23:03:23Z,10,1f817e2b94d66a425f06c4866c8484c5a915369b
78189407264,26543250096,clang-format,clang_format,completed,success,2026-05-27T22:53:49Z,2026-05-27T22:53:59Z,10,6bd7418bda507b8fc8dd7cefc047d51cb899023c
78189368122,26543238629,clang-format,clang_format,completed,cancelled,2026-05-27T22:46:50Z,2026-05-27T22:47:08Z,18,47ee13acc2cdb995669512f0141dc0075bfcde0a
78189532363,26543061625,clang-format,clang_format,completed,success,2026-05-27T22:54:10Z,2026-05-27T22:54:17Z,7,c511202bcb629c81317ba52c678418ff57525c31
78186211133,26542251775,clang-format,clang_format,completed,success,2026-05-27T22:22:49Z,2026-05-27T22:22:56Z,7,fc2b9348e1880f38a18561e898cc2d8bd7c6e0e7
78185648629,26541467648,clang-format,clang_format,completed,success,2026-05-27T22:18:41Z,2026-05-27T22:18:52Z,11,150fea9a0ae5aa2bb04399eca55fda9b16344698
78183642068,26541460442,clang-format,clang_format,completed,success,2026-05-27T22:06:25Z,2026-05-27T22:06:36Z,11,753a3926958ccd8c0982ab7d346cb186cbd18de5
78183686224,26541231662,clang-format,clang_format,completed,success,2026-05-27T22:09:24Z,2026-05-27T22:09:35Z,11,df76cd39121ea288e72020589ef6169418b3df5f
78182449512,26541092650,clang-format,clang_format,completed,success,2026-05-27T21:56:11Z,2026-05-27T21:56:22Z,11,8910786bd3ce6f921373114ab6db7c02d9985b60
78182322478,26541053422,clang-format,clang_format,completed,success,2026-05-27T21:55:18Z,2026-05-27T21:55:27Z,9,5a66588e32bcb0ba68a21fb3c0a101b5d0aae08c
78182400023,26540936437,clang-format,clang_format,completed,success,2026-05-27T21:55:50Z,2026-05-27T21:56:00Z,10,1aabb9a31aead163c4160732fa091ce66940bd4e
78179697404,26540247403,clang-format,clang_format,completed,success,2026-05-27T21:41:41Z,2026-05-27T21:41:49Z,8,3b4a43547dc7799061c64ed3a74e0aef419d699d
78179570232,26540223181,clang-format,clang_format,completed,success,2026-05-27T21:37:19Z,2026-05-27T21:37:30Z,11,f2f0746fa5a753224f340df05ead75f068eece6b
78179616854,26539475860,clang-format,clang_format,completed,success,2026-05-27T21:38:00Z,2026-05-27T21:38:11Z,11,1c597459bfd7056e2cd63b1c77e27ef3e1c6bdb4
78179416884,26539389807,clang-format,clang_format,completed,success,2026-05-27T21:36:23Z,2026-05-27T21:36:30Z,7,6eb746d0cb6949ce7cb072e950f6bd9d4c217e69
78176017828,26539165165,clang-format,clang_format,completed,success,2026-05-27T21:15:12Z,2026-05-27T21:15:22Z,10,a8c80bc0704ee9e4ae1ad13ceae0f086f29734e7
78179222393,26539094332,clang-format,clang_format,completed,success,2026-05-27T21:35:13Z,2026-05-27T21:35:23Z,10,957aa9c882a1686cd42af45bb0574e4ba300373e
78175954523,26538780479,clang-format,clang_format,completed,success,2026-05-27T21:14:50Z,2026-05-27T21:14:59Z,9,781542f089a26d412dd0756bf77a9c532b626d9d
78175419955,26538675367,clang-format,clang_format,completed,success,2026-05-27T21:11:29Z,2026-05-27T21:11:37Z,8,d3cf85e6197e1d21895fdd3d1b5192f3cf9dcd07
78172433041,26537895521,clang-format,clang_format,completed,success,2026-05-27T20:54:23Z,2026-05-27T20:54:30Z,7,99ac5ff1268869c5165bb570b784de6366435067
78171092741,26537768842,clang-format,clang_format,completed,success,2026-05-27T20:46:37Z,2026-05-27T20:46:45Z,8,46238788a2ebdb809d45c11b2e46ab7d676afb1f
78171655190,26536319440,clang-format,clang_format,completed,success,2026-05-27T20:49:51Z,2026-05-27T20:50:03Z,12,bffefb28147f004ffc9a1b85c60507aac6bee28c
78171927872,26535855966,clang-format,clang_format,completed,success,2026-05-27T20:51:22Z,2026-05-27T20:51:31Z,9,2ba0f698f57b06bd516440284eff78c676f0888a
78171805065,26535750541,clang-format,clang_format,completed,success,2026-05-27T20:50:41Z,2026-05-27T20:50:52Z,11,edb52d249359f4ec71cb49b752e191843cf0a997
78161778260,26535107572,clang-format,clang_format,completed,success,2026-05-27T19:54:10Z,2026-05-27T19:54:19Z,9,f02f158f3a4f23c8dddd777a0dee9bf7c36c9def
78161724846,26535093103,clang-format,clang_format,completed,success,2026-05-27T19:53:52Z,2026-05-27T19:54:02Z,10,c7b3807f25d03283e7ffd8c8631aeb948fd03ffa
78161830167,26534714002,clang-format,clang_format,completed,success,2026-05-27T19:54:28Z,2026-05-27T19:54:36Z,8,68e5827b289c9b895b2414ba7e10129c41770d76
78162157197,26534561779,clang-format,clang_format,completed,success,2026-05-27T19:56:27Z,2026-05-27T19:56:35Z,8,378f2fc0650364eaf915f5adc42d2ebf78d774b0
78162078764,26534285750,clang-format,clang_format,completed,success,2026-05-27T19:55:51Z,2026-05-27T19:55:59Z,8,5a54c77d04f1c26c9b32a3467bef9f4c6d5d30d7
78157779024,26533980781,clang-format,clang_format,completed,success,2026-05-27T19:32:26Z,2026-05-27T19:32:37Z,11,e6ca13ae6893d0f14f470116ec92bd5a6fe03158
78157811628,26532076820,clang-format,clang_format,completed,success,2026-05-27T19:32:37Z,2026-05-27T19:32:47Z,10,dea2ae0691d0fbe9f0b1ef535aa7041612829b79
78157942926,26532024483,clang-format,clang_format,completed,success,2026-05-27T19:33:24Z,2026-05-27T19:33:37Z,13,c72a897db854bcb2e6017e35a7e4bbf112f83a0c
78149524523,26531635086,clang-format,clang_format,completed,success,2026-05-27T18:47:09Z,2026-05-27T18:47:18Z,9,aedd981532d752663b5537df70d30d74212f30fc
78149417682,26531605593,clang-format,clang_format,completed,success,2026-05-27T18:46:36Z,2026-05-27T18:46:46Z,10,178dfd422ccc90355e14ef37a7652945caf6f8b1
78149365458,26530898520,clang-format,clang_format,completed,success,2026-05-27T18:46:18Z,2026-05-27T18:46:26Z,8,6742a8e4250eb7ed08fbc3c5be9eab8714c52f08
78145925383,26528791728,clang-format,clang_format,completed,success,2026-05-27T18:27:31Z,2026-05-27T18:27:40Z,9,9728332278c287e81a71fdbe8a1cbb77a870b66f
78146382635,26528571729,clang-format,clang_format,completed,success,2026-05-27T18:31:45Z,2026-05-27T18:31:53Z,8,15d261eb1ba533021bf783a66f5dae8590d1bbea
78145564646,26528568503,clang-format,clang_format,completed,success,2026-05-27T18:25:34Z,2026-05-27T18:25:43Z,9,dc56da1eace6eda4d1f35056a3d77f6ac59aea5a
78146180323,26528524942,clang-format,clang_format,completed,failure,2026-05-27T18:28:54Z,2026-05-27T18:29:04Z,10,86a56965dbe1ec738a740da76cc135eb45aac5ab
78138161575,26528403077,clang-format,clang_format,completed,success,2026-05-27T17:45:16Z,2026-05-27T17:45:25Z,9,d8d392c402623d387023db0d5ff370ea531fb15f
78135486225,26527208227,clang-format,clang_format,completed,failure,2026-05-27T17:30:35Z,2026-05-27T17:30:44Z,9,93e7af7fe2e502ec9e6f0677b4b6049e007796db
78134010496,26526787367,clang-format,clang_format,completed,success,2026-05-27T17:22:35Z,2026-05-27T17:22:44Z,9,9e4d410efe60dec411d783ebe3fddef99e7d1bbb
78128323030,26525613763,clang-format,clang_format,completed,success,2026-05-27T16:52:14Z,2026-05-27T16:52:24Z,10,822a09415d08bf7446d183097afa452b686cf37e
78120941968,26523542102,clang-format,clang_format,completed,success,2026-05-27T16:13:42Z,2026-05-27T16:13:53Z,11,56eb9e270b643a29add43e7c8ddda55f9cbad2be
78118855004,26522539114,clang-format,clang_format,completed,success,2026-05-27T16:02:58Z,2026-05-27T16:03:08Z,10,4e06f37f0257af27d3c89d774e44eb6a347c20f8
78115433622,26522021745,clang-format,clang_format,completed,success,2026-05-27T15:46:11Z,2026-05-27T15:46:22Z,11,1da01e31840e4a13da2bc9381664861f1fc3e643
78115376331,26522006346,clang-format,clang_format,completed,success,2026-05-27T15:45:55Z,2026-05-27T15:46:03Z,8,99ab9f646db53e4cb31f2684633350736a8da58b
78111292826,26520557610,clang-format,clang_format,completed,success,2026-05-27T15:26:18Z,2026-05-27T15:26:30Z,12,ba8a31f8f5898f52f69a894f879a79cf66577e8b
78110010166,26520549130,clang-format,clang_format,completed,success,2026-05-27T15:20:10Z,2026-05-27T15:20:19Z,9,f95f52afe86b87d8d8ddc837f75eb959cb157e2f
78110871616,26520549636,clang-format,clang_format,completed,success,2026-05-27T15:24:16Z,2026-05-27T15:24:24Z,8,c4b0e6bfcb47c335e7b94774f7a6181392243f1c
78109948275,26520239679,clang-format,clang_format,completed,success,2026-05-27T15:19:51Z,2026-05-27T15:20:05Z,14,d426b002ae6eb99976e3930dacee26a38ddad7b3
78107095641,26519002486,clang-format,clang_format,completed,success,2026-05-27T15:06:17Z,2026-05-27T15:06:27Z,10,28760aade2ef5a578ae15617215a9376fd908f17
78099770325,26517773404,clang-format,clang_format,completed,success,2026-05-27T14:32:05Z,2026-05-27T14:32:12Z,7,c2efe53d08ae22b81390467d282b0e4b835633bc
78099638990,26517736440,clang-format,clang_format,completed,success,2026-05-27T14:31:30Z,2026-05-27T14:31:41Z,11,6ada0659f182432609651283ae4b58c4e6d8ceba
78087028857,26513898290,clang-format,clang_format,completed,success,2026-05-27T13:32:05Z,2026-05-27T13:32:14Z,9,79fbd28308b3094ee136dad392da2193b780aa1b
78088472822,26513731911,clang-format,clang_format,completed,success,2026-05-27T13:39:04Z,2026-05-27T13:39:12Z,8,114bfbe5d08c8d66e91c1e748ca414625eb80019
78084065358,26513520001,clang-format,clang_format,completed,success,2026-05-27T13:24:24Z,2026-05-27T13:24:33Z,9,ca3776e396bc26579ce9596d634e372a125b0c27
78087009237,26512727570,clang-format,clang_format,completed,success,2026-05-27T13:31:55Z,2026-05-27T13:32:03Z,8,485eeae87b48d8ccd294bfd2cad9749d5a8cc8fb
78082848792,26512567342,clang-format,clang_format,completed,success,2026-05-27T13:11:34Z,2026-05-27T13:11:42Z,8,0f7d61b35bb06c62a6706187544150fc5fabe2ca
78079635839,26512316781,clang-format,clang_format,completed,success,2026-05-27T12:54:58Z,2026-05-27T12:55:50Z,52,db22f9813e0a4f0663bfaff3cb57b8d1a3f479e4
78079586620,26512301493,clang-format,clang_format,completed,cancelled,2026-05-27T12:54:39Z,2026-05-27T12:54:55Z,16,a6dc594468350d6a909cac01b40075dbed53412b
78079696794,26511910812,clang-format,clang_format,completed,success,2026-05-27T12:55:50Z,2026-05-27T12:56:23Z,33,521e77e232e0fd68abf11623e32144b8c59d4863
78074669641,26510534626,clang-format,clang_format,completed,success,2026-05-27T12:23:13Z,2026-05-27T12:23:28Z,15,7c3faf9f565e903333dcd3034f1cd811a01b9f16
78074630299,26510492630,clang-format,clang_format,completed,success,2026-05-27T12:22:56Z,2026-05-27T12:23:10Z,14,2e4a764aef974042ae66dcf47dab251d2bd82226
78071498602,26509878574,clang-format,clang_format,completed,success,2026-05-27T12:02:32Z,2026-05-27T12:03:22Z,50,8ad59f37c2ffc3fd3bc566289a423e11795b922d
78063378875,26507438362,clang-format,clang_format,completed,success,2026-05-27T11:13:48Z,2026-05-27T11:13:56Z,8,31361ad3f5422b97b96418073c7efb7e8b632eef
78063231624,26507396434,clang-format,clang_format,completed,success,2026-05-27T11:10:17Z,2026-05-27T11:10:25Z,8,073d3138355e1a57fd9580757b3f0d222d8bd2e5
78063599659,26505816783,clang-format,clang_format,completed,success,2026-05-27T11:14:51Z,2026-05-27T11:15:01Z,10,810abfcf029f1d7d953879a29683e7c8917e383b
78063476167,26505718458,clang-format,clang_format,completed,success,2026-05-27T11:08:03Z,2026-05-27T11:08:13Z,10,3db512a5cfa4eec21846b6ed9205ca8568778282
78052463107,26504277715,clang-format,clang_format,completed,success,2026-05-27T09:57:23Z,2026-05-27T09:57:33Z,10,f3f220a00c697a234c12787ec99b345490442ed3
78052833988,26504127684,clang-format,clang_format,completed,success,2026-05-27T09:59:39Z,2026-05-27T09:59:47Z,8,a1f595f27fb790f67d123e5840921f9fc0b1105b
78050436617,26503563026,clang-format,clang_format,completed,success,2026-05-27T09:44:53Z,2026-05-27T09:45:00Z,7,a615cff827d0a05bd747e192b772f87f05a525a1
78046135024,26502453586,clang-format,clang_format,completed,success,2026-05-27T09:22:52Z,2026-05-27T09:23:00Z,8,816ed80f1dd23e0ea880ecb97f0210d738df04d1
78044364679,26501546489,clang-format,clang_format,completed,success,2026-05-27T09:15:19Z,2026-05-27T09:15:27Z,8,e5aed49a2cf0a695ecf34c7ba4b0ae69c0c72f13
78043918991,26501534850,clang-format,clang_format,completed,success,2026-05-27T09:12:32Z,2026-05-27T09:12:43Z,11,782b7acf0dfc5634b50139a12823426bba4fba18
78042054073,26500858209,clang-format,clang_format,completed,success,2026-05-27T09:04:17Z,2026-05-27T09:04:25Z,8,6386a75ef7c8859942a44946c8a617e51bef8c2d
78036504573,26499659637,clang-format,clang_format,completed,success,2026-05-27T08:20:56Z,2026-05-27T08:21:05Z,9,885c24f4e07a944630e05a0cb47fc38f562a9d62
78032769304,26498559880,clang-format,clang_format,completed,success,2026-05-27T08:02:25Z,2026-05-27T08:02:32Z,7,f3c50918ab1884deb3c01af670c3e01082482a7f
78032816571,26497047701,clang-format,clang_format,completed,success,2026-05-27T08:00:49Z,2026-05-27T08:00:56Z,7,3633cb1de539d19664195274a2c4fc595e756461
78027666464,26497032439,clang-format,clang_format,completed,success,2026-05-27T07:47:45Z,2026-05-27T07:47:56Z,11,f1bae3020b221c87b2cc5d65d8105019aa18971b
78026155072,26496583090,clang-format,clang_format,completed,success,2026-05-27T07:12:43Z,2026-05-27T07:12:55Z,12,3376c6d074af564343e761e9343e5a829894028a
78026493068,26496207029,clang-format,clang_format,completed,success,2026-05-27T07:16:38Z,2026-05-27T07:16:46Z,8,31f4f92130712b07a9e52b280372bf98aed939ee
78026305934,26496153111,clang-format,clang_format,completed,success,2026-05-27T07:13:50Z,2026-05-27T07:14:00Z,10,0a420591c859ce8e413b6217c44247db4a77bea6
78026276851,26495805232,clang-format,clang_format,completed,failure,2026-05-27T07:13:38Z,2026-05-27T07:13:49Z,11,4d966544d211df9183f262d4f90bae9d621eb313
78021892511,26495207998,clang-format,clang_format,completed,success,2026-05-27T06:43:07Z,2026-05-27T06:43:14Z,7,c65e24dd384fe824bf0d37bc334d142aa37a064e
78021324842,26495099775,clang-format,clang_format,completed,success,2026-05-27T06:39:13Z,2026-05-27T06:39:20Z,7,3d06a8d8bebb63540c8794b6a8a7b3d6f25e70a8
78019444145,26494522134,clang-format,clang_format,completed,success,2026-05-27T06:21:47Z,2026-05-27T06:21:55Z,8,3a33a7f7fe6c754a1c0d969e32ddbf10dc3e3d7e
78019400964,26494509765,clang-format,clang_format,completed,cancelled,2026-05-27T06:21:04Z,2026-05-27T06:21:23Z,19,8f86a6bacd210e84213eb0c6395bf674abef1f78
78017914167,26477780935,clang-format,clang_format,completed,success,2026-05-27T06:09:15Z,2026-05-27T06:09:23Z,8,fc4070720576451f88249781d91e8d6bed59a04c
78017815461,26477627087,clang-format,clang_format,completed,success,2026-05-27T06:09:21Z,2026-05-27T06:09:31Z,10,15e6b944eb46db944695f186ab1ece999ce5721f
78017618199,26477454241,clang-format,clang_format,completed,success,2026-05-27T06:08:43Z,2026-05-27T06:08:50Z,7,a10d7e507dbd2e5e7bdd7087af213936dcb471ad
77965787056,26477225326,clang-format,clang_format,completed,success,2026-05-26T21:51:10Z,2026-05-26T21:51:17Z,7,0518c60a36d3c8b8d92ceeb4fccb53e14f9dbbd9
77964063377,26476691040,clang-format,clang_format,completed,success,2026-05-26T21:39:39Z,2026-05-26T21:39:47Z,8,d39d8ce4ca3f373b0dea19ad3d97caf9ac0d73d9
77963357944,26476515585,clang-format,clang_format,completed,success,2026-05-26T21:35:11Z,2026-05-26T21:35:18Z,7,5d5715a81e0df27a47116fa2e62639efbc53f6fd
77960796829,26475738204,clang-format,clang_format,completed,success,2026-05-26T21:20:55Z,2026-05-26T21:21:05Z,10,b7be80a366b5ed244c1c24157888c9c030fbd497
77959641998,26475432704,clang-format,clang_format,completed,success,2026-05-26T21:11:57Z,2026-05-26T21:12:06Z,9,feab5388051a51b953283659d9d6824abfb426a7
77957271078,26474636757,clang-format,clang_format,completed,success,2026-05-26T20:57:58Z,2026-05-26T20:58:06Z,8,d3c0a0e04d5565f6317b74ce65178f4faf576042
77957147292,26474385527,clang-format,clang_format,completed,success,2026-05-26T20:57:16Z,2026-05-26T20:57:23Z,7,f4600bd3e9f1148cbb8e4e68df7259bfba8d548f
77955456369,26474231889,clang-format,clang_format,completed,success,2026-05-26T20:47:27Z,2026-05-26T20:47:35Z,8,9c0e7dff560dd1327df9a4c28caa5b16ef4faae5
77955394194,26474213254,clang-format,clang_format,completed,success,2026-05-26T20:47:05Z,2026-05-26T20:47:17Z,12,bca6df9295dbc8b555e87eadbc0830d42e498245
77953714321,26473670739,clang-format,clang_format,completed,success,2026-05-26T20:37:31Z,2026-05-26T20:37:38Z,7,adb2f9ae6fb0476ae3affba5c097e91c63eeba8a
77953746921,26473537800,clang-format,clang_format,completed,success,2026-05-26T20:37:48Z,2026-05-26T20:37:56Z,8,a1afb6d27c6b3b3f00c98afbbc60248743aeb3b5
77952115053,26473272515,clang-format,clang_format,completed,success,2026-05-26T20:29:51Z,2026-05-26T20:30:01Z,10,115b18182b6cc288bf5b312087a57cc68e1a0c8b
77936739453,26468813178,clang-format,clang_format,completed,success,2026-05-26T19:03:23Z,2026-05-26T19:03:34Z,11,395367cddc23eb976b9c05e3f05204cea0e4164d
77936958263,26468704944,clang-format,clang_format,completed,success,2026-05-26T19:10:00Z,2026-05-26T19:10:09Z,9,fd212b10288dbf937e5ff6c8c8ab75a766dd7386
77936325527,26468651966,clang-format,clang_format,completed,success,2026-05-26T19:01:42Z,2026-05-26T19:01:50Z,8,1871b5eeecaa77254c0d1a7566c3bffaaff664e0
77935316386,26468271411,clang-format,clang_format,completed,success,2026-05-26T18:53:32Z,2026-05-26T18:53:40Z,8,623103afca015bbc4fac32e99db689fdec410c15
77931013889,26467324281,clang-format,clang_format,completed,success,2026-05-26T18:29:33Z,2026-05-26T18:29:40Z,7,5ca207bfd34beef2e36adf2b5c9e744e2cd78a81
77878639598,26452943714,clang-format,clang_format,completed,success,2026-05-26T14:02:28Z,2026-05-26T14:02:39Z,11,1d57a04cc403e16eeae1de2b28e369f4ce67d387
77878263524,26452842996,clang-format,clang_format,completed,success,2026-05-26T14:00:47Z,2026-05-26T14:00:55Z,8,c06142dc6501972351e9f0119a58f35401e8b263
77855874057,26447016594,clang-format,clang_format,completed,success,2026-05-26T10:31:22Z,2026-05-26T10:31:31Z,9,07b3e578d76ac3398caf5cad37e572f9c0f7543c
77855570658,26446927981,clang-format,clang_format,completed,success,2026-05-26T10:29:28Z,2026-05-26T10:29:44Z,16,93b0b7d61c489ded2574f10001fc910f63ab39f5
77851594052,26445773448,clang-format,clang_format,completed,success,2026-05-26T10:03:56Z,2026-05-26T10:04:07Z,11,45ec0318dea83dcfcd35fe7bb2c1fd8cc5f084f9
77851863573,26445756551,clang-format,clang_format,completed,success,2026-05-26T10:05:41Z,2026-05-26T10:05:51Z,10,56012aa8a993f601bf1fa1a886881ef5e6a2467d
77851474551,26445629252,clang-format,clang_format,completed,success,2026-05-26T10:03:11Z,2026-05-26T10:03:18Z,7,0fe481581c9e0af30b4331185debef5cddae632e
77850191050,26445370491,clang-format,clang_format,completed,success,2026-05-26T09:55:26Z,2026-05-26T09:55:36Z,10,b055a57335506991629c5e83557e0ecd52155040
77847918060,26444633565,clang-format,clang_format,completed,success,2026-05-26T09:41:34Z,2026-05-26T09:41:43Z,9,d81a773bcae624693abfbc3950f6d1c90e061be6
77846125207,26444194318,clang-format,clang_format,completed,success,2026-05-26T09:30:35Z,2026-05-26T09:30:46Z,11,c09b4a12f9dc293564716b53eee1e6deca80ff9b
77846549374,26443833477,clang-format,clang_format,completed,success,2026-05-26T09:33:08Z,2026-05-26T09:33:17Z,9,de16d4f3b13833b6cc039abac8df28a98828b627
77842318337,26443099814,clang-format,clang_format,completed,success,2026-05-26T09:07:40Z,2026-05-26T09:07:49Z,9,c3929280e72bc75538a602a581816d53351c5b1a
77842276092,26442615889,clang-format,clang_format,completed,success,2026-05-26T09:07:24Z,2026-05-26T09:07:33Z,9,632a108aa0ab8b4d96766e13ed205767ec9d7773
77840467759,26442566165,clang-format,clang_format,completed,success,2026-05-26T08:56:34Z,2026-05-26T08:56:46Z,12,27baadac30d7c3518a4d97b1b5dbd7fefd8b2128
77840198340,26442484643,clang-format,clang_format,completed,success,2026-05-26T08:54:45Z,2026-05-26T08:54:55Z,10,34bc91d4e12cbfa39963e2807be22476f292ae09
77839215536,26442094707,clang-format,clang_format,completed,success,2026-05-26T08:48:23Z,2026-05-26T08:48:32Z,9,5104df06f95e5aff1a17e1a69dd4baeb1c180d9c
77840416745,26442077034,clang-format,clang_format,completed,success,2026-05-26T08:56:05Z,2026-05-26T08:56:15Z,10,67d6826a3bd1617ca1d70844ed5e120ee6b88f03
77837878829,26441450940,clang-format,clang_format,completed,success,2026-05-26T08:40:16Z,2026-05-26T08:40:24Z,8,01d217a8526c27727278f39e8be4ea3760e88dca
77837708337,26441223260,clang-format,clang_format,completed,success,2026-05-26T08:39:11Z,2026-05-26T08:39:20Z,9,71c3f9b5bd98db7d4a6d642f4d4a03e66f787243
77833924282,26440300615,clang-format,clang_format,completed,success,2026-05-26T08:14:43Z,2026-05-26T08:14:53Z,10,b171df67a2d59b6711e43e5b95b7401f263c986c
77831736497,26439982101,clang-format,clang_format,completed,success,2026-05-26T07:59:51Z,2026-05-26T07:59:57Z,6,34ccaba43bbcb21e3bc388eaded5590200f5e3b6
77831704776,26439972790,clang-format,clang_format,completed,success,2026-05-26T07:59:40Z,2026-05-26T07:59:48Z,8,b4e59b266c83b4afd5ca18272dcb12209783716b
77831606519,26439943159,clang-format,clang_format,completed,success,2026-05-26T07:59:00Z,2026-05-26T07:59:10Z,10,14f9bc898acabb32b3bb5200051787e624af10ea
77831564116,26439930580,clang-format,clang_format,completed,success,2026-05-26T07:58:43Z,2026-05-26T07:58:52Z,9,a424b25a3ffd7c741873e5cef49174091cd43d52
77829659044,26439263384,clang-format,clang_format,completed,success,2026-05-26T07:45:34Z,2026-05-26T07:45:43Z,9,95492406da579d5e1e1de393f87b7d317014361b
77829558537,26439086046,clang-format,clang_format,completed,success,2026-05-26T07:44:52Z,2026-05-26T07:45:00Z,8,117dde1154c4c0d93b5c47f05c78046673cbd17f
77828677405,26439050548,clang-format,clang_format,completed,success,2026-05-26T07:38:40Z,2026-05-26T07:38:46Z,6,ce64806628f83dd7730a47d66e97e5780d3f55cc
77827705045,26438758220,clang-format,clang_format,completed,success,2026-05-26T07:31:45Z,2026-05-26T07:31:53Z,8,bce817d8cccfb2ed5e2869735b1ddbbcd3dd9183
77828055251,26436661344,clang-format,clang_format,completed,success,2026-05-26T07:34:16Z,2026-05-26T07:34:29Z,13,f6b3c41bd6437a88e820249b35b447595491a7db
77827837046,26436377011,clang-format,clang_format,completed,success,2026-05-26T07:32:42Z,2026-05-26T07:32:48Z,6,9b046d016bcd577d36d1982bd8e543499f95ccee
77820043987,26436373394,clang-format,clang_format,completed,success,2026-05-26T06:33:24Z,2026-05-26T06:33:33Z,9,4eb88e2feac109766fe16507b515bddc2b3465d3
77819895966,26436324999,clang-format,clang_format,completed,success,2026-05-26T06:32:09Z,2026-05-26T06:32:18Z,9,327ef51034bf895ce2c2a9e8698b5a4884ed9865
77817813656,26435406251,clang-format,clang_format,completed,success,2026-05-26T06:13:50Z,2026-05-26T06:13:59Z,9,41c2db99758ed6ce7cda174ce70da1149f4d6321
77816326630,26435201622,clang-format,clang_format,completed,success,2026-05-26T06:00:27Z,2026-05-26T06:00:36Z,9,aa877f052dcbf3bbb754b143f55346d5365f98f0
77816277242,26435185958,clang-format,clang_format,completed,success,2026-05-26T06:00:02Z,2026-05-26T06:00:13Z,11,2c45d1444000f391dd915ead1e62a2c7c8110590
77816538079,26435051569,clang-format,clang_format,completed,success,2026-05-26T06:02:15Z,2026-05-26T06:02:24Z,9,7dfcd307401cb578c390db028cd3c9cf643fe637
77815732276,26435014707,clang-format,clang_format,completed,success,2026-05-26T05:54:59Z,2026-05-26T05:55:07Z,8,c9477219e186879d249639abf60e83f9bde3a061
77815097352,26434764979,clang-format,clang_format,completed,success,2026-05-26T05:48:38Z,2026-05-26T05:48:47Z,9,7ec0944fd03d20fff91b78bf6135762a54625cb8
77815032235,26434660507,clang-format,clang_format,completed,success,2026-05-26T05:47:58Z,2026-05-26T05:48:07Z,9,78842aa84aae01279501cf63238d511f63009a88
77814410502,26434151168,clang-format,clang_format,completed,success,2026-05-26T05:41:39Z,2026-05-26T05:41:48Z,9,88a93c49894391989cc084d40a6caa1bd74e9071
77813970477,26434022999,clang-format,clang_format,completed,success,2026-05-26T05:37:01Z,2026-05-26T05:37:08Z,7,a0740236c4a30598395fc3c8d423767b01fec9b0
77812635285,26433768432,clang-format,clang_format,completed,success,2026-05-26T05:23:18Z,2026-05-26T05:23:26Z,8,61fb7dcd693f562bfa35e847efd0786ff0549dc2
77772550778,26419983038,clang-format,clang_format,completed,success,2026-05-25T21:12:42Z,2026-05-25T21:12:51Z,9,3d22325e793dc2778d3744c866b147c2885f3c9f
77771774174,26419727013,clang-format,clang_format,completed,success,2026-05-25T21:04:18Z,2026-05-25T21:04:27Z,9,4b159b21bf6687c31a79c46e174ecd1cf8f85278
77769326704,26418925938,clang-format,clang_format,completed,success,2026-05-25T20:40:12Z,2026-05-25T20:40:18Z,6,4488caab89cd11f7154f86f2cd57ea885d67e493
77768013902,26418502559,clang-format,clang_format,completed,success,2026-05-25T20:27:40Z,2026-05-25T20:27:48Z,8,e14805136f7cd9c3860af9350962ec8305340408
77767957224,26418483886,clang-format,clang_format,completed,success,2026-05-25T20:27:09Z,2026-05-25T20:27:19Z,10,67b0932295f8f409d203519646056bea82c59bdd
77767146051,26418209106,clang-format,clang_format,completed,success,2026-05-25T20:19:09Z,2026-05-25T20:19:17Z,8,365f644547ff5444d8ceb3fb55ba8fbc4687ecbe
77767193129,26418174243,clang-format,clang_format,completed,success,2026-05-25T20:20:33Z,2026-05-25T20:20:40Z,7,cfaaaa46a4258c1af5308ae5ab3461fee7e6f203
77766894195,26418126316,clang-format,clang_format,completed,success,2026-05-25T20:16:19Z,2026-05-25T20:16:26Z,7,69ea8e047c9bb2fead48096ae5a059e667a9a2eb
77766790113,26418091827,clang-format,clang_format,completed,success,2026-05-25T20:15:16Z,2026-05-25T20:15:25Z,9,f9cff7ea862320ae7871dff9595b197edac56bc8
77766949896,26417658105,clang-format,clang_format,completed,success,2026-05-25T20:16:55Z,2026-05-25T20:17:06Z,11,21459f3387f63e602daaced30940e37c58cebc21
77766811721,26417640044,clang-format,clang_format,completed,success,2026-05-25T20:15:28Z,2026-05-25T20:15:38Z,10,dae1dba5aa7615ac691e2d74925fee48d1830b5a
77764868068,26417447673,clang-format,clang_format,completed,success,2026-05-25T19:59:52Z,2026-05-25T20:00:00Z,8,36a9ece8466bbe5be6a2b86c7b0b6a21d05ee364
77765011365,26417400189,clang-format,clang_format,completed,success,2026-05-25T20:00:44Z,2026-05-25T20:00:52Z,8,c15fb6482819fd0c3932062a373a83c44bf5044e
77764788313,26417230672,clang-format,clang_format,completed,success,2026-05-25T19:54:55Z,2026-05-25T19:55:03Z,8,c120fb10d3ae4b070b1800310d079fd24c7b34db
77764746284,26417113080,clang-format,clang_format,completed,success,2026-05-25T19:54:30Z,2026-05-25T19:54:38Z,8,31651b000722ec4a5ffe9eb21b5e9888354901b3
77765065658,26417071943,clang-format,clang_format,completed,success,2026-05-25T19:58:05Z,2026-05-25T19:58:14Z,9,9ec1dc9c7f6218868779f5736200d85aa69be670
77763563838,26417010414,clang-format,clang_format,completed,success,2026-05-25T19:43:08Z,2026-05-25T19:43:16Z,8,ad4cdbb9bbf758df8215b7dc234528e3f99077b8
77764834859,26416989111,clang-format,clang_format,completed,success,2026-05-25T19:59:09Z,2026-05-25T19:59:17Z,8,d217a48dc8a91548debf7ad1e676b7459586641f
77763484582,26416986011,clang-format,clang_format,completed,success,2026-05-25T19:42:15Z,2026-05-25T19:42:24Z,9,0309726babc1fb2a5c47bcc837f844db7d46c8f5
77763262781,26416916182,clang-format,clang_format,completed,success,2026-05-25T19:39:58Z,2026-05-25T19:40:08Z,10,7dfcab8e88bfa5029747f662c8f7429e8bf11e64
77763234994,26416907205,clang-format,clang_format,completed,cancelled,2026-05-25T19:39:40Z,2026-05-25T19:39:56Z,16,b121a994ec46cabe98f2a13da001fb7443f41955
77763404295,26416902123,clang-format,clang_format,completed,success,2026-05-25T19:42:16Z,2026-05-25T19:42:23Z,7,81b8d41379670eaf5ac8c4dc1666f17c80013069
77762522643,26416677488,clang-format,clang_format,completed,success,2026-05-25T19:37:19Z,2026-05-25T19:37:25Z,6,c21e83c2347dca311d457761070387b39f050111
77762488717,26416666700,clang-format,clang_format,completed,cancelled,2026-05-25T19:32:33Z,2026-05-25T19:32:52Z,19,51a068402fe481ee46acedb2e7320a816b61701a
77762411697,26416463396,clang-format,clang_format,completed,success,2026-05-25T19:33:59Z,2026-05-25T19:34:06Z,7,1f07a797f8b37bec70450f9668637b0bac547a47
77762456297,26416447243,clang-format,clang_format,completed,success,2026-05-25T19:33:08Z,2026-05-25T19:33:16Z,8,868b3150f897b2a71fae78ec51488b87640c0398
77762332939,26416395500,clang-format,clang_format,completed,success,2026-05-25T19:31:04Z,2026-05-25T19:31:12Z,8,d04d241678f6eb0b273916e9cbc949f3cf21d244
77762256166,26416324891,clang-format,clang_format,completed,success,2026-05-25T19:30:21Z,2026-05-25T19:30:29Z,8,05ceb45a00ae9eed05bfb3d6a3fa2839d5aa19db
77760640626,26410815829,clang-format,clang_format,completed,success,2026-05-25T19:14:42Z,2026-05-25T19:14:50Z,8,4e3e1d61aa562a947e29ac583b51568281c50967
77760556187,26410541011,clang-format,clang_format,completed,success,2026-05-25T19:13:53Z,2026-05-25T19:14:01Z,8,8f9ed0c795d543621d86ed4fe1bda17991cc2cc7
77743405915,26410422425,clang-format,clang_format,completed,success,2026-05-25T16:33:24Z,2026-05-25T16:33:33Z,9,0e126f6df06877853c92c41ad98e9f195f883400
77743383335,26410414357,clang-format,clang_format,completed,success,2026-05-25T16:33:12Z,2026-05-25T16:33:19Z,7,52d2f66f6e3d50387f1e8e56d947723e5806d0d4
77740020606,26409159665,clang-format,clang_format,completed,success,2026-05-25T16:03:14Z,2026-05-25T16:03:22Z,8,c970d5613632ab0abdfdcec3f0736eb68b6bc6a7
77739887717,26409056011,clang-format,clang_format,completed,success,2026-05-25T16:02:06Z,2026-05-25T16:02:14Z,8,6efc67b7bffaaa4307ba36f36d28bcaf2bea5497
77738099007,26408705585,clang-format,clang_format,completed,success,2026-05-25T15:47:26Z,2026-05-25T15:47:34Z,8,aa01bddf647d18e48db6cd94778e0986aa0ebb7d
77736404908,26408104671,clang-format,clang_format,completed,success,2026-05-25T15:33:44Z,2026-05-25T15:33:52Z,8,e282474d3f63edd49c653b52c027ea697a0ce9f1
77734618229,26407615169,clang-format,clang_format,completed,success,2026-05-25T15:19:38Z,2026-05-25T15:19:46Z,8,b4a797a94f5449de6310271894dfa0688a92aa42
77732195632,26406880859,clang-format,clang_format,completed,success,2026-05-25T15:01:06Z,2026-05-25T15:01:16Z,10,1d28c33e218070279b0abe3b82dbe1ad83ca938b
77730231162,26406271264,clang-format,clang_format,completed,success,2026-05-25T14:46:34Z,2026-05-25T14:46:42Z,8,83ab951b4c3076d24a341d578e64e05c5390bb27
77730313615,26406264486,clang-format,clang_format,completed,success,2026-05-25T14:47:10Z,2026-05-25T14:47:17Z,7,fd1bf9c95acee80de95899834936db91f717395d
77732310836,26406224262,clang-format,clang_format,completed,success,2026-05-25T15:01:55Z,2026-05-25T15:02:06Z,11,e69ad1c623579c031a0c34f00b5e9b1d3475b386
77729511461,26406046828,clang-format,clang_format,completed,success,2026-05-25T14:41:04Z,2026-05-25T14:41:14Z,10,4c2e361928dc8d067a74901c62960f9fe26eec63
77728571816,26405753705,clang-format,clang_format,completed,success,2026-05-25T14:34:00Z,2026-05-25T14:34:07Z,7,dac8f1d8e59d07e6b16b66dd4143a55d25c45d0a
77724293535,26403064568,clang-format,clang_format,completed,success,2026-05-25T14:03:06Z,2026-05-25T14:03:17Z,11,2e110a408168033cc8bbc30a53bdd541988c5753
77719075274,26402837973,clang-format,clang_format,completed,success,2026-05-25T13:25:52Z,2026-05-25T13:26:01Z,9,4321052bdf0c7879a8ec42ea538c1f6176d0a8df
77718713544,26402101132,clang-format,clang_format,completed,success,2026-05-25T13:23:16Z,2026-05-25T13:23:25Z,9,5d737ee1fb8ae5a3f6a541c903c5a11be5de83b2
77716504960,26402062382,clang-format,clang_format,completed,success,2026-05-25T13:06:56Z,2026-05-25T13:07:05Z,9,76d8a07e8a2c8df7606cca115fe4101eacce7713
78460180192,26625207854,clang-format,clang_format,completed,success,2026-05-29T07:55:18Z,2026-05-29T07:55:29Z,11,a8dc7ffece98561f388b2ee34e715d9a97746920
78459501381,26624999417,clang-format,clang_format,completed,success,2026-05-29T07:45:24Z,2026-05-29T07:45:32Z,8,d2d29cf6ec7a335bee888efe4749c8b1b2fcaebe
78459654080,26624871519,clang-format,clang_format,completed,success,2026-05-29T07:50:02Z,2026-05-29T07:50:10Z,8,5e7f59d09684319ac31e964f7d9be1739027db8e
78459617502,26624856535,clang-format,clang_format,completed,success,2026-05-29T07:46:21Z,2026-05-29T07:46:30Z,9,893d83d58c42c1616b7982b1b4c058288f6f2f4f
78457753441,26624459912,clang-format,clang_format,completed,success,2026-05-29T07:32:32Z,2026-05-29T07:32:43Z,11,b62b5d4466e70331baedd064467d0c9d45bbb863
78457609419,26624414853,clang-format,clang_format,completed,success,2026-05-29T07:31:30Z,2026-05-29T07:31:38Z,8,5e22cfe90623b877b58297b938f7545aceb0a9da
78455441087,26623750004,clang-format,clang_format,completed,success,2026-05-29T07:15:29Z,2026-05-29T07:15:39Z,10,ae0aafa8a3216648f3dc92e3662cce51e321d578
78455348254,26623719984,clang-format,clang_format,completed,success,2026-05-29T07:14:47Z,2026-05-29T07:14:57Z,10,ec56e31e6fce01c4f15988d9de6a334d22042c10
78457790281,26608328946,clang-format,clang_format,completed,success,2026-05-29T07:32:49Z,2026-05-29T07:32:59Z,10,58c343067d0a34efa46a1a46e945dd5fada4a8e8
78458880488,26608250551,clang-format,clang_format,completed,success,2026-05-29T07:40:41Z,2026-05-29T07:40:48Z,7,1204f00a8199b0b2e8100f8e2a8aaabd55a263f4
78458051662,26608203875,clang-format,clang_format,completed,success,2026-05-29T07:37:22Z,2026-05-29T07:37:32Z,10,f99cd5c9854b5c1d9ae62d8dfd9abacf2b15b536
78457853195,26608007122,clang-format,clang_format,completed,success,2026-05-29T07:33:16Z,2026-05-29T07:33:26Z,10,01e712b050566520b5e98d10b437be7800aa1e14
78456002872,26607754421,clang-format,clang_format,completed,success,2026-05-29T07:19:54Z,2026-05-29T07:20:01Z,7,8f10db9a144c059be171f540bf37730929f1a8c8
78455530655,26607633781,clang-format,clang_format,completed,success,2026-05-29T07:16:10Z,2026-05-29T07:16:19Z,9,5fc05b1d3f0f361a6398800dbb5187ffef37c81e
78456090465,26607416317,clang-format,clang_format,completed,success,2026-05-29T07:20:33Z,2026-05-29T07:20:43Z,10,97190a5759e5d1f3c27c1ba8900ceaa7f0d7b627
78405280330,26607269786,clang-format,clang_format,completed,success,2026-05-28T23:00:29Z,2026-05-28T23:00:38Z,9,c21830e98e6dc42f660f5764b72424c7e559436f
78405090888,26606920393,clang-format,clang_format,completed,success,2026-05-28T22:59:00Z,2026-05-28T22:59:10Z,10,7f7359cbaf5e6254c8e0e47bde55033a340c1af4
78390111126,26602703171,clang-format,clang_format,completed,success,2026-05-28T21:14:58Z,2026-05-28T21:15:06Z,8,1a5898dd9a4daf1f3d2e153023117ec60a8610bf
78515842396,26641594311,clang-format,clang_format,completed,success,2026-05-29T13:59:24Z,2026-05-29T13:59:32Z,8,496bdd5f99872681c3f4e0a05aa000effb99bf79
78515787690,26641500243,clang-format,clang_format,completed,success,2026-05-29T13:59:07Z,2026-05-29T13:59:16Z,9,a53068ddfccdd7d607518e62b3fda84a2b7ea510
78513306849,26640878686,clang-format,clang_format,completed,success,2026-05-29T13:45:16Z,2026-05-29T13:45:27Z,11,5e3c232b61ecad87426b8dd5457160c1fb4e9e8e
78513246066,26640860560,clang-format,clang_format,completed,success,2026-05-29T13:44:55Z,2026-05-29T13:45:03Z,8,d77789c7a5a49064c37e7f4ed247892c03f88db9
78512161274,26640559507,clang-format,clang_format,completed,success,2026-05-29T13:38:53Z,2026-05-29T13:39:02Z,9,7975d598649ccb9b1cc76c242381b72bdb059506
78512235991,26640439752,clang-format,clang_format,completed,success,2026-05-29T13:43:18Z,2026-05-29T13:43:30Z,12,e61ee35f4e4e5bff11f6ff6db868554fc8e8c0a9
78512121291,26640439578,clang-format,clang_format,completed,success,2026-05-29T13:38:40Z,2026-05-29T13:38:50Z,10,3cf79fa2f93aff09670e786abf75a50d9e39d98a
78511293192,26640011399,clang-format,clang_format,completed,success,2026-05-29T13:34:02Z,2026-05-29T13:34:10Z,8,a29cea852b112ed4bd9064e9254ea7348adb3620
78509447924,26639739742,clang-format,clang_format,completed,success,2026-05-29T13:23:31Z,2026-05-29T13:23:42Z,11,b08e6d3a5d7a9e013cc86de45eff23109c639702
78508210315,26639445424,clang-format,clang_format,completed,success,2026-05-29T13:16:20Z,2026-05-29T13:16:31Z,11,6a952987a2d47216fea8b497d1eab956fb90b21c
78508151148,26639428455,clang-format,clang_format,completed,success,2026-05-29T13:16:00Z,2026-05-29T13:16:10Z,10,60383436780fc1e6021e91c99c9ce341e97d98aa
78504729934,26638474892,clang-format,clang_format,completed,success,2026-05-29T12:55:35Z,2026-05-29T12:55:56Z,21,b1bb48d98c229dac8bf9fa7038ec671b569af65c
78508462241,26630218500,clang-format,clang_format,completed,success,2026-05-29T13:17:47Z,2026-05-29T13:17:57Z,10,e7f1633416d74f977f34d30f4a308e08618d8d14
78504857580,26629259552,clang-format,clang_format,completed,success,2026-05-29T12:56:28Z,2026-05-29T12:56:36Z,8,203852291a5ebaef83639d1e4d5df43d0ab8fc4e
78504631496,26629190800,clang-format,clang_format,completed,success,2026-05-29T12:54:56Z,2026-05-29T12:55:05Z,9,f4281ed468c9881bdc034d047e3d37e2346d8413
78469918746,26628157661,clang-format,clang_format,completed,success,2026-05-29T08:58:05Z,2026-05-29T08:58:13Z,8,0014445c83944e9e304777ef34fd0c50dc6f0e2f
78469860163,26628140413,clang-format,clang_format,completed,success,2026-05-29T08:57:41Z,2026-05-29T08:57:50Z,9,2790c5a03694c1d42ba293b1e3df0eee0967fc1f
78469804910,26628123410,clang-format,clang_format,completed,success,2026-05-29T08:57:19Z,2026-05-29T08:57:29Z,10,f1920b0c03ecab0f637988685638d9ec481f3948
78470022839,26626968659,clang-format,clang_format,completed,success,2026-05-29T08:58:48Z,2026-05-29T08:58:57Z,9,e9cb21970872993a5c53541a6a113a0bd9564b22
78464144911,26626413248,clang-format,clang_format,completed,success,2026-05-29T08:18:46Z,2026-05-29T08:18:57Z,11,f1c24737acb11289d641ab455732fb9891d048ba
78464250792,26626140005,clang-format,clang_format,completed,success,2026-05-29T08:19:31Z,2026-05-29T08:19:40Z,9,bcb61104a50775e6bd49783c5da84946849927b3
78462461246,26625897199,clang-format,clang_format,completed,success,2026-05-29T08:06:42Z,2026-05-29T08:06:51Z,9,3fe3dff83bba047977b03613cf6a8418ed7f9cca
78462108951,26625732700,clang-format,clang_format,completed,success,2026-05-29T08:05:02Z,2026-05-29T08:05:11Z,9,22c82b479e891c799cc9b5e9ef963816737dcb0a
78461514972,26625619133,clang-format,clang_format,completed,success,2026-05-29T07:59:55Z,2026-05-29T08:00:05Z,10,9fb486c3f9c14d7d8a72d70c896f3dce77197b38
78461643348,26625524320,clang-format,clang_format,completed,success,2026-05-29T08:00:55Z,2026-05-29T08:01:03Z,8,18a79884262961e974d647b3b34257005dab3a3c
78590755766,26663260763,clang-format,clang_format,completed,success,2026-05-29T21:32:08Z,2026-05-29T21:32:20Z,12,8a1dbd0724e27b91a4004febd1d5151bf69ad0d1
78582149447,26658548176,clang-format,clang_format,completed,success,2026-05-29T20:31:54Z,2026-05-29T20:32:07Z,13,f9e6fec892d1308255ab305890be7acd7c6f4fd6
78574215327,26658350987,clang-format,clang_format,completed,success,2026-05-29T19:40:47Z,2026-05-29T19:40:58Z,11,9a48dd1326408984037ee710bb5b364ff76dd284
78568261077,26656387998,clang-format,clang_format,completed,success,2026-05-29T19:03:36Z,2026-05-29T19:03:45Z,9,b2c45758d8b1f8109ffb194e35be8f5d3b77c234
78568347535,26656147627,clang-format,clang_format,completed,success,2026-05-29T19:04:07Z,2026-05-29T19:04:16Z,9,2732a858ca9215157823e302d8efb726a321593b
78563719851,26655281931,clang-format,clang_format,completed,success,2026-05-29T18:35:56Z,2026-05-29T18:36:09Z,13,13d71c909633eedc680623b6548985851c6a6d7a
78563628029,26655255319,clang-format,clang_format,completed,success,2026-05-29T18:35:21Z,2026-05-29T18:35:31Z,10,222b9a2054fc78f6421181336ddc67abfda461a2
78561077560,26642741105,clang-format,clang_format,completed,success,2026-05-29T18:19:51Z,2026-05-29T18:19:59Z,8,373aff69a803bb5c9abbe85761849aee3331fc31
78560846786,26642316173,clang-format,clang_format,completed,success,2026-05-29T18:18:24Z,2026-05-29T18:18:33Z,9,db663929d1b2ace0cbbada9c6ece73b0ea4f8ca8
78517822060,26642146348,clang-format,clang_format,completed,success,2026-05-29T14:10:10Z,2026-05-29T14:10:18Z,8,24ac1055101b0e15abe5cb26d725b8b6488ad1fb
78664296620,26685984673,clang-format,clang_format,completed,success,2026-05-30T17:13:50Z,2026-05-30T17:14:00Z,10,1c0ddd622d24c96844ae592eced890e01936e22f
78664230722,26685974738,clang-format,clang_format,completed,success,2026-05-30T17:07:42Z,2026-05-30T17:07:52Z,10,a7751c3b71db0028c1d056dde64f3dec10c12587
78664273550,26685537311,clang-format,clang_format,completed,success,2026-05-30T17:08:28Z,2026-05-30T17:08:37Z,9,2d54994f2c395727b730dcace4d5a36875886f2b
78664261644,26685524492,clang-format,clang_format,completed,success,2026-05-30T17:08:16Z,2026-05-30T17:08:29Z,13,d380e40004fbf5a769455477c77dac51e6b6ae32
78652730983,26685431682,clang-format,clang_format,completed,success,2026-05-30T13:48:00Z,2026-05-30T13:48:12Z,12,8ca4ec977d0d6a3ed626e93d8fe2a547e32b84ca
78652715464,26685425868,clang-format,clang_format,completed,success,2026-05-30T13:47:41Z,2026-05-30T13:47:53Z,12,c702171d3e2db5eba47fe620c9f1cfaa750f7cdc
78651426901,26684930979,clang-format,clang_format,completed,success,2026-05-30T13:24:19Z,2026-05-30T13:24:27Z,8,ab8f793a4e94ebbb583dd1f7c7ec447dae68a843
78651452602,26684749711,clang-format,clang_format,completed,success,2026-05-30T13:24:52Z,2026-05-30T13:25:04Z,12,209bd26e8b10263fb0340d993f2899ea455b5dbd
78651477887,26684505103,clang-format,clang_format,completed,success,2026-05-30T13:30:23Z,2026-05-30T13:30:33Z,10,4119b84ae0f8960199aa5bf799fde6648d1a4473
78651441494,26684390484,clang-format,clang_format,completed,success,2026-05-30T13:24:37Z,2026-05-30T13:24:46Z,9,71d301d0705a2bc53c02bfe91a3098658ef7a9a4
78651463972,26684367466,clang-format,clang_format,completed,success,2026-05-30T13:25:20Z,2026-05-30T13:25:30Z,10,d650db3a7f8963143cd7614f8841afb09b510ce5
78649244667,26684078733,clang-format,clang_format,completed,success,2026-05-30T12:41:49Z,2026-05-30T12:42:01Z,12,8801ca672e938090a55263b26bb8341b7d3f9e39
78649224828,26684071662,clang-format,clang_format,completed,success,2026-05-30T12:41:25Z,2026-05-30T12:41:33Z,8,862d61351e39adf0ab94b95adcb1277be2602400
78649201841,26684062895,clang-format,clang_format,completed,success,2026-05-30T12:41:01Z,2026-05-30T12:41:12Z,11,6f1e47198ac258feb2ca97c75b023b6d2c0e9209
78649279648,26683970901,clang-format,clang_format,completed,success,2026-05-30T12:42:26Z,2026-05-30T12:42:35Z,9,2e857991dd4ffe48a4c15a670c4dd16978be370b
78647820441,26683542554,clang-format,clang_format,completed,success,2026-05-30T12:14:30Z,2026-05-30T12:14:40Z,10,88b86aaced357586377ffa1cab9409725dd160b3
78647799965,26683534783,clang-format,clang_format,completed,success,2026-05-30T12:14:03Z,2026-05-30T12:14:14Z,11,a80c0fd12b2d3a5c67db54cb249f78cf7a3c2f24
78647785673,26683528660,clang-format,clang_format,completed,success,2026-05-30T12:13:46Z,2026-05-30T12:13:55Z,9,b4bc8d6fea7aa1af286a3f92caf03f1343528838
78647911734,26683121206,clang-format,clang_format,completed,success,2026-05-30T12:16:22Z,2026-05-30T12:16:31Z,9,0e00cca91388b944ed06028acf86e296ae16c219
78647927214,26683041324,clang-format,clang_format,completed,success,2026-05-30T12:20:29Z,2026-05-30T12:20:41Z,12,36c7e0c2d3d2c3dc2fedd60597642cff5a309dbf
78647940397,26682934470,clang-format,clang_format,completed,success,2026-05-30T12:21:25Z,2026-05-30T12:21:36Z,11,869d4095b0197441aa9e218ff8a4bb5133029783
78647894810,26682820982,clang-format,clang_format,completed,success,2026-05-30T12:16:01Z,2026-05-30T12:16:12Z,11,783df139d02d56da6eee7c372601d647eec7bf76
78645200405,26682504419,clang-format,clang_format,completed,success,2026-05-30T11:20:29Z,2026-05-30T11:20:39Z,10,afd7c8aef057a35d29c8ec786237150a6896fbd5
78645176239,26682494287,clang-format,clang_format,completed,success,2026-05-30T11:20:03Z,2026-05-30T11:20:14Z,11,1b5acd071f3a8f3d944eef2b5d87550f901c1e51
78645314031,26682493246,clang-format,clang_format,completed,success,2026-05-30T11:27:21Z,2026-05-30T11:27:32Z,11,d06967b68e79ac5247d9b5e38b358473bedfe9d2
78645158807,26682487037,clang-format,clang_format,completed,success,2026-05-30T11:19:39Z,2026-05-30T11:19:48Z,9,544a04b5d422f9162993e0909483948837d677ac
78645274307,26682365839,clang-format,clang_format,completed,success,2026-05-30T11:22:00Z,2026-05-30T11:22:12Z,12,cbefd16af9281739d265602328dfb59607df7092
78645292373,26682339338,clang-format,clang_format,completed,success,2026-05-30T11:22:23Z,2026-05-30T11:22:33Z,10,f2a13ba8312bc085084aac4e56fea58bf9763f4a
78643799670,26680694198,clang-format,clang_format,completed,success,2026-05-30T10:51:38Z,2026-05-30T10:51:51Z,13,53a5e366af8cda091aac7d6f9fed773416cdc6a4
78643783223,26680646108,clang-format,clang_format,completed,success,2026-05-30T10:51:18Z,2026-05-30T10:51:28Z,10,f88b88a88f32dece25c077b5ee3829b6fdb2205f
78643729360,26680469846,clang-format,clang_format,completed,success,2026-05-30T10:50:13Z,2026-05-30T10:50:26Z,13,08ddea7d205548658eadd1f1718b43f20e13c1f8
78639533604,26680349419,clang-format,clang_format,completed,success,2026-05-30T09:26:06Z,2026-05-30T09:26:15Z,9,44923e6c7369b81ddd64a5e581acdf21be67095b
78638844331,26679894654,clang-format,clang_format,completed,success,2026-05-30T09:12:13Z,2026-05-30T09:12:24Z,11,266ed3e7e1e34de4ce54bc0b086ebc54861080cd
78637800578,26679692537,clang-format,clang_format,completed,success,2026-05-30T08:51:54Z,2026-05-30T08:52:04Z,10,68e02ca2168f2939d961299c37d1544f2c860a52
78637788742,26679686755,clang-format,clang_format,completed,cancelled,2026-05-30T08:51:40Z,2026-05-30T08:51:52Z,12,b7c4cb7a1df41da8bcf5e03686b2cdf3bad7cc8f
78637777192,26679683312,clang-format,clang_format,completed,cancelled,2026-05-30T08:51:28Z,2026-05-30T08:51:38Z,10,9ecdeab85a7f8e1a1bc7e7b74e6634b0e66943b3
78637764840,26679680677,clang-format,clang_format,completed,cancelled,2026-05-30T08:51:13Z,2026-05-30T08:51:25Z,12,e8721d949a2300f4d54af4dbe8c7cb21f2172f82
78636629279,26679238733,clang-format,clang_format,completed,success,2026-05-30T08:29:26Z,2026-05-30T08:29:36Z,10,faaa3cb8b2812a32ce0a637fd6172de81ecf1303
78636618639,26679121837,clang-format,clang_format,completed,success,2026-05-30T08:29:14Z,2026-05-30T08:29:23Z,9,5173f1313dab03ccbcdf863da6ddee8212c597e1
78635798080,26678454527,clang-format,clang_format,completed,success,2026-05-30T08:13:00Z,2026-05-30T08:13:12Z,12,7c94eb114900da2cca3b9251abe1c188ce34af7f
78633945241,26677277121,clang-format,clang_format,completed,success,2026-05-30T07:36:14Z,2026-05-30T07:36:21Z,7,343c09a72760bceea11b312a11b1aef808f43fa0
78635826771,26677199290,clang-format,clang_format,completed,success,2026-05-30T08:13:33Z,2026-05-30T08:13:45Z,12,727dd0f5e0b262366f35fd1dbba687c6a4af9353
78635830538,26677153279,clang-format,clang_format,completed,success,2026-05-30T08:13:47Z,2026-05-30T08:13:59Z,12,b27f2f4cf771eef34040d5a1589febc2c204ec83
78630872626,26677058584,clang-format,clang_format,completed,success,2026-05-30T06:39:11Z,2026-05-30T06:39:23Z,12,c1560416dcd419ffc84963867dcf72a4334f379e
78717517091,26709707797,clang-format,clang_format,completed,success,2026-05-31T10:07:51Z,2026-05-31T10:08:02Z,11,2d30e751fbdbc42be8dd27660d7a98f55b0150ac
78717658283,26708874423,clang-format,clang_format,completed,success,2026-05-31T10:10:32Z,2026-05-31T10:10:43Z,11,1df1a2f977dc87cabbd64d6b8c94ee20f69b7771
78714322340,26708370134,clang-format,clang_format,completed,success,2026-05-31T09:09:12Z,2026-05-31T09:09:29Z,17,adea407fb20c283527a8275f391953ca4b1f198a
78713306236,26708164883,clang-format,clang_format,completed,success,2026-05-31T08:51:08Z,2026-05-31T08:51:17Z,9,13ac754df3153524336ebeb48da19432ecdbba7c
78712712242,26707903601,clang-format,clang_format,completed,success,2026-05-31T08:40:49Z,2026-05-31T08:40:59Z,10,b72237e7c58833c43122d1f80f9854d547b770ba
78711828928,26707631828,clang-format,clang_format,completed,success,2026-05-31T08:24:25Z,2026-05-31T08:24:35Z,10,2563efcc092ac619d4f877bb01a5a6de42bbb3bc
78711811763,26707625641,clang-format,clang_format,completed,success,2026-05-31T08:24:04Z,2026-05-31T08:24:15Z,11,099b39a02b85d30e63dc6a1795912791abb1b5b4
78711798428,26707620665,clang-format,clang_format,completed,success,2026-05-31T08:23:48Z,2026-05-31T08:23:58Z,10,549112232834374f3e1003f0439eb45a5f3c5a6d
78711781431,26707614111,clang-format,clang_format,completed,success,2026-05-31T08:23:30Z,2026-05-31T08:23:38Z,8,207005b5fd2bacdebf029a398d928ff95be58e0a
78711761330,26707606157,clang-format,clang_format,completed,success,2026-05-31T08:23:07Z,2026-05-31T08:23:18Z,11,d961ee1e79bd2c8feb4dcf3824fb8b561d4ed1c6
78710531592,26705683381,clang-format,clang_format,completed,success,2026-05-31T08:00:53Z,2026-05-31T08:01:03Z,10,82c36ef598e0c86f71712971ebe87771b86eed35
78710352810,26705531797,clang-format,clang_format,completed,success,2026-05-31T07:57:59Z,2026-05-31T07:58:07Z,8,f3f28f426a2cc3539ad157278a37088752141c28
78710644058,26705434571,clang-format,clang_format,completed,success,2026-05-31T08:03:14Z,2026-05-31T08:03:25Z,11,3d70ab4703693088a1516c35e669f9192fa28c85
78710331760,26705352326,clang-format,clang_format,completed,success,2026-05-31T07:57:33Z,2026-05-31T07:57:46Z,13,e92df729286029e90a24d31844d9c5b903f151a5
78710272989,26705339923,clang-format,clang_format,completed,success,2026-05-31T07:56:29Z,2026-05-31T07:56:39Z,10,50b1a7d11840cbade7b2636b8803a68ae1dca51d
78704797241,26705125245,clang-format,clang_format,completed,success,2026-05-31T06:14:52Z,2026-05-31T06:15:01Z,9,e4c6cad6ee4a2147c3863a9f9b5a9678e711af53
78667302253,26691015424,clang-format,clang_format,completed,success,2026-05-30T18:01:45Z,2026-05-30T18:01:54Z,9,d819123803d87199ab6737196212ecae42973eda
78667230427,26690988611,clang-format,clang_format,completed,success,2026-05-30T18:00:34Z,2026-05-30T18:00:44Z,10,53ce15eae857181e9c73d01f006ee3c197c63bbc
78667334112,26690212098,clang-format,clang_format,completed,success,2026-05-30T18:02:18Z,2026-05-30T18:02:28Z,10,5c9158edbe4d9ba4fe0f2787f7add711cd9d53fa
78799608693,26739411145,clang-format,clang_format,completed,success,2026-06-01T06:41:26Z,2026-06-01T06:41:35Z,9,30ce988cac033e6bb555cacf9f509831e662b8fb
78799581827,26739405084,clang-format,clang_format,completed,cancelled,2026-06-01T06:41:13Z,2026-06-01T06:41:23Z,10,f5a7a6d2f21f3ab2a21cf90f05608c0f6c7dde16
78799623433,26738284740,clang-format,clang_format,completed,success,2026-06-01T06:41:33Z,2026-06-01T06:41:44Z,11,c518b78c0009b33d6aca153333b8b6588d3d6f9d
78799613599,26737730213,clang-format,clang_format,completed,success,2026-06-01T06:41:28Z,2026-06-01T06:41:38Z,10,80d3daf4cd7ca806bd7295efc1c054bdab2c657d
78799634392,26737728133,clang-format,clang_format,completed,success,2026-06-01T06:41:43Z,2026-06-01T06:41:59Z,16,407a93a2d17d9b60aa64d564b90994c70fb87367
78794079693,26737635938,clang-format,clang_format,completed,success,2026-06-01T05:49:30Z,2026-06-01T05:49:39Z,9,f79e627fd0acf6e8d88ae76dc5e5c2be8290c6fc
78794043278,26737623111,clang-format,clang_format,completed,success,2026-06-01T05:49:07Z,2026-06-01T05:49:18Z,11,33d9551eafa4a60df54e433196b8b946fe31bde4
78794218857,26721731548,clang-format,clang_format,completed,success,2026-06-01T05:51:16Z,2026-06-01T05:51:26Z,10,b68fa53d771ff5dfd64946b05bc4d6ffcf4eaaf4
78794187904,26721367073,clang-format,clang_format,completed,success,2026-06-01T05:50:35Z,2026-06-01T05:50:43Z,8,d6176aea93e7dfccf11a1df6474193f27743cd59
78748140905,26721079788,clang-format,clang_format,completed,success,2026-05-31T18:38:32Z,2026-05-31T18:38:42Z,10,f91ef67f828eb9471152b98e8a4984c789e37dde
78748193875,26719998110,clang-format,clang_format,completed,success,2026-05-31T18:39:25Z,2026-05-31T18:39:35Z,10,734a4d45495dfcac117c95983ee4ed14ff846505
78745055041,26719934027,clang-format,clang_format,completed,success,2026-05-31T17:49:09Z,2026-05-31T17:49:18Z,9,8b72eb9d17bd351c7644f99aa35c3bda91a2e5f7
78745105686,26719930752,clang-format,clang_format,completed,success,2026-05-31T17:49:57Z,2026-05-31T17:50:06Z,9,3526ad7b442183e26af4e66747af0620f373b518
78745154121,26719861514,clang-format,clang_format,completed,success,2026-05-31T17:56:11Z,2026-05-31T17:56:20Z,9,9aa86eb74faae0aa1aa69d05afade5b11d1ce5e4
78745131072,26719790997,clang-format,clang_format,completed,success,2026-05-31T17:50:27Z,2026-05-31T17:50:36Z,9,4fcee4128024c3076d2f861d8de853bd670ed328
78743300913,26719270737,clang-format,clang_format,completed,success,2026-05-31T17:20:27Z,2026-05-31T17:20:37Z,10,4be0ad2d71e117506c84696332e62cac00b91aff
78740720327,26718308087,clang-format,clang_format,completed,success,2026-05-31T16:38:20Z,2026-05-31T16:38:29Z,9,98ee2c341245b3820eb6b6694c15e5a4cc4b4c61
78740670224,26718290006,clang-format,clang_format,completed,success,2026-05-31T16:37:33Z,2026-05-31T16:37:43Z,10,12cba20e350b67f8d666a425e598f31a2ebdad0f
78740626601,26718273572,clang-format,clang_format,completed,success,2026-05-31T16:36:48Z,2026-05-31T16:36:58Z,10,608c6093f1c9bfb8b2aaca37ece003b58018a75e
78740530064,26718236631,clang-format,clang_format,completed,success,2026-05-31T16:35:15Z,2026-05-31T16:35:26Z,11,77f18a10cfbaa1c33252d07f8baba39286083dd4
78743209841,26717949599,clang-format,clang_format,completed,success,2026-05-31T17:18:55Z,2026-05-31T17:19:04Z,9,d0e479763d6b27aa8df5399a9b65c9932d2c2d95
78737763990,26715571409,clang-format,clang_format,completed,success,2026-05-31T15:50:34Z,2026-05-31T15:50:45Z,11,0d4348ea46233bb107e0607219ab24fb86e10be3
78737816886,26715297190,clang-format,clang_format,completed,success,2026-05-31T15:51:26Z,2026-05-31T15:51:36Z,10,b6f9535135d5ddbe1afe1fcbddc99bff0f2fb6bf
78737840944,26715207728,clang-format,clang_format,completed,success,2026-05-31T16:00:06Z,2026-05-31T16:00:14Z,8,cfc45de5eaa780762c74bdfcd9b093dc0786228c
78737855861,26715182275,clang-format,clang_format,completed,success,2026-05-31T15:59:32Z,2026-05-31T15:59:43Z,11,0cfd0eac8be9fe82c41e50f138b6f6b9dcebc75d
78737873777,26715069768,clang-format,clang_format,completed,success,2026-05-31T15:57:03Z,2026-05-31T15:57:15Z,12,d771b174d93cd1c958e04df463b1615f03e77652
78737783376,26714618130,clang-format,clang_format,completed,success,2026-05-31T15:50:54Z,2026-05-31T15:51:04Z,10,ef4da5900b5c2ad56a4d1e74b196357e4eecc733
78737800040,26714613303,clang-format,clang_format,completed,success,2026-05-31T15:51:10Z,2026-05-31T15:51:21Z,11,69c290c638ecc2480c639bab4454affc2a9b1a0e
78730755802,26714571474,clang-format,clang_format,completed,success,2026-05-31T13:56:37Z,2026-05-31T13:56:46Z,9,8968b9d3768d6728e887e36019cf1846553010a9
78730730075,26714562157,clang-format,clang_format,completed,success,2026-05-31T13:56:11Z,2026-05-31T13:56:22Z,11,6b3b8c38fe9b54008edb25e88ed02117f493c500
78730708780,26714553706,clang-format,clang_format,completed,success,2026-05-31T13:55:50Z,2026-05-31T13:56:00Z,10,202c7007ce7319527a29fdf57d25fc6e1c000f3c
78730679297,26714542465,clang-format,clang_format,completed,success,2026-05-31T13:55:20Z,2026-05-31T13:55:31Z,11,e64faada6e70a53627810134176994031b4cc913
78730775598,26712408871,clang-format,clang_format,completed,success,2026-05-31T13:56:59Z,2026-05-31T13:57:11Z,12,01afda590c396eb8022c48e649f3ad6f54b9bf8b
78724683889,26712246763,clang-format,clang_format,completed,success,2026-05-31T12:15:36Z,2026-05-31T12:15:46Z,10,6a7b391c2d226534bf719938362149c958fc6106
78724400634,26712210267,clang-format,clang_format,completed,success,2026-05-31T12:10:23Z,2026-05-31T12:10:33Z,10,21f15d795f5d710c7fec785d908f9fe2c2d50cc4
78724079484,26712083351,clang-format,clang_format,completed,success,2026-05-31T12:04:47Z,2026-05-31T12:04:59Z,12,dd8591fbb33ad0c07bab17956735e7a5ab84dfdf
78723726707,26711984468,clang-format,clang_format,completed,success,2026-05-31T11:58:55Z,2026-05-31T11:59:04Z,9,8970de0f11b9d9603bc6a3de491dcd0bb63d344d
78723315848,26711827628,clang-format,clang_format,completed,success,2026-05-31T11:51:26Z,2026-05-31T11:51:36Z,10,18703cd9607f8031a79d541a72e36f580918d7ef
78723655047,26711800062,clang-format,clang_format,completed,success,2026-05-31T11:57:36Z,2026-05-31T11:57:45Z,9,9071425b94e3cf46ee26fe20a050708b5b2b333f
78722920776,26711676744,clang-format,clang_format,completed,success,2026-05-31T11:44:10Z,2026-05-31T11:44:21Z,11,d559e805303fca61b2b9ba2f3debeae0144b32c3
78722560505,26711542526,clang-format,clang_format,completed,success,2026-05-31T11:39:15Z,2026-05-31T11:39:25Z,10,1d18184d8640478c4d360f53b65dda8f3cd04aa6
78722388041,26711398172,clang-format,clang_format,completed,success,2026-05-31T11:34:53Z,2026-05-31T11:35:06Z,13,853d66e44dbbd979a22c0c03e5c6db1c633ef393
78721862052,26711279654,clang-format,clang_format,completed,success,2026-05-31T11:25:20Z,2026-05-31T11:25:30Z,10,a39b25ce1ef0102fb3e51585777d90d80d861aad
78721897763,26711263695,clang-format,clang_format,completed,success,2026-05-31T11:26:01Z,2026-05-31T11:26:10Z,9,2a9c6d73f739fec7b26fc9f7fd78dabf9566e10c
78721750679,26711236254,clang-format,clang_format,completed,success,2026-05-31T11:23:14Z,2026-05-31T11:23:24Z,10,e946f6bf73c3c9dea6d407fbb928e30f9a4aae5c
78721995211,26711207975,clang-format,clang_format,completed,success,2026-05-31T11:31:41Z,2026-05-31T11:31:53Z,12,528225eeebc032cffda3bca4eb79d6afe674d386
78721141307,26711004587,clang-format,clang_format,completed,success,2026-05-31T11:12:06Z,2026-05-31T11:12:16Z,10,e654aaa3a55fc084de08530f534f8b25d43baa41
78721630826,26710892836,clang-format,clang_format,completed,success,2026-05-31T11:21:00Z,2026-05-31T11:21:13Z,13,7079cc4317e64bbec70e908e1672851fc77a3ff2
78720600503,26710720930,clang-format,clang_format,completed,success,2026-05-31T11:03:22Z,2026-05-31T11:03:31Z,9,07c6df606f4a4139396639c4a63aa5ac74f601b2
78720227782,26710668255,clang-format,clang_format,completed,success,2026-05-31T10:55:55Z,2026-05-31T10:56:03Z,8,8c044a84e1e83644f8387af5e4719f7d3c2d8776
78720351034,26710625129,clang-format,clang_format,completed,success,2026-05-31T10:59:01Z,2026-05-31T10:59:10Z,9,0373c77efeed3215bd8933e38547febc91b0b28f
78720313406,26710299585,clang-format,clang_format,completed,success,2026-05-31T10:57:19Z,2026-05-31T10:57:30Z,11,6627cda23579be6a23b78a57c6291fef37c1f75e
78719814780,26710285029,clang-format,clang_format,completed,success,2026-05-31T10:48:53Z,2026-05-31T10:49:05Z,12,d964bbbc50f3368529376809333f55c79d2cd1b8
78719544753,26710284607,clang-format,clang_format,completed,success,2026-05-31T10:44:06Z,2026-05-31T10:44:15Z,9,52df4dbf059fe7f136eae984c122321fa877ea0b
78718937872,26710215794,clang-format,clang_format,completed,success,2026-05-31T10:33:23Z,2026-05-31T10:33:31Z,8,cf782bd70c6e35f66221035f615b7655eec82feb
78718929217,26710213125,clang-format,clang_format,completed,cancelled,2026-05-31T10:33:13Z,2026-05-31T10:33:21Z,8,387e805a3b5ba351544e3a75697898b0e85a12c1
78823159833,26746170032,clang-format,clang_format,completed,success,2026-06-01T09:25:11Z,2026-06-01T09:25:21Z,10,e22e5faeeabdd4a11a6f583fe4c877be73c05bc0
78820134033,26745586263,clang-format,clang_format,completed,success,2026-06-01T09:06:02Z,2026-06-01T09:06:13Z,11,a4f22536d9d32204becda6efd1a03641fbb221c3
78820086986,26745576742,clang-format,clang_format,completed,cancelled,2026-06-01T09:05:45Z,2026-06-01T09:05:59Z,14,2f534605976dd90e606e4fdd5a935dd4936eea55
78820065495,26745568848,clang-format,clang_format,completed,cancelled,2026-06-01T09:05:38Z,2026-06-01T09:05:41Z,3,20c319c8a48320e22b8bfc3cc2c88207aa0d6d99
78820026762,26745561372,clang-format,clang_format,completed,cancelled,2026-06-01T09:05:22Z,2026-06-01T09:05:33Z,11,0eeee3dcd770cca45b780f2c34148d09db27408c
78820201071,26744959967,clang-format,clang_format,completed,success,2026-06-01T09:06:35Z,2026-06-01T09:06:46Z,11,584c7ad7a275377307ad3b2e4fd386df1d321591
78820163239,26744493514,clang-format,clang_format,completed,success,2026-06-01T09:06:13Z,2026-06-01T09:06:23Z,10,c0d2d3f85ec46bb24b8e76e8006d40a2a92abadb
78813982250,26743775172,clang-format,clang_format,completed,success,2026-06-01T08:33:00Z,2026-06-01T08:33:10Z,10,d52ad4994465a9b5f32a4ce92ea863f5af596409
78813600393,26743615638,clang-format,clang_format,completed,success,2026-06-01T08:32:01Z,2026-06-01T08:32:11Z,10,0105129dba6ebc135758cbb0dd8b330b9cda88a0
78813568677,26743610555,clang-format,clang_format,completed,success,2026-06-01T08:24:24Z,2026-06-01T08:24:33Z,9,27945d2ff15c7d70581e0d7d6da8f00aa7c01a4a
78813334343,26743381874,clang-format,clang_format,completed,success,2026-06-01T08:22:46Z,2026-06-01T08:22:54Z,8,a4ca8b6b53fc367f7b23bb3aeed3438c5ac25019
78813493397,26743039504,clang-format,clang_format,completed,success,2026-06-01T08:23:53Z,2026-06-01T08:24:07Z,14,e269d19427291732603e070e1b50f879485ffeb1
78809711784,26742509506,clang-format,clang_format,completed,success,2026-06-01T07:58:05Z,2026-06-01T07:58:16Z,11,7371bf250cc22eaacbc5c6d3ac1e9608c4f44365
78809596990,26742475964,clang-format,clang_format,completed,success,2026-06-01T07:57:18Z,2026-06-01T07:57:29Z,11,2e96938841dfbe10a2c316077c7b6cc18c61a65d
78809569129,26742467910,clang-format,clang_format,completed,success,2026-06-01T07:57:06Z,2026-06-01T07:57:15Z,9,53a0a25ad2045fc16d1cab5c18d1a5858f698c4b
78809529030,26742456221,clang-format,clang_format,completed,success,2026-06-01T07:56:49Z,2026-06-01T07:56:59Z,10,d413732eded6fdfaf5f487e27722224ebde5bfd6
78809853092,26742242115,clang-format,clang_format,completed,success,2026-06-01T08:05:39Z,2026-06-01T08:05:50Z,11,87c3411c71b49d780b7ccc36cca19b54479262a2
78809801771,26742187589,clang-format,clang_format,completed,success,2026-06-01T07:58:39Z,2026-06-01T07:58:48Z,9,cd72ede4aced1982257418d38f7b64c92674b839
78804789289,26741010652,clang-format,clang_format,completed,success,2026-06-01T07:22:37Z,2026-06-01T07:22:48Z,11,4b05629bfe35da94896bff4469de0ad7fbbb6d84
78804742841,26740997480,clang-format,clang_format,completed,success,2026-06-01T07:22:17Z,2026-06-01T07:22:28Z,11,26f82a156b528d2e116fe294496401ebc9875ddf
78804727551,26740992818,clang-format,clang_format,completed,success,2026-06-01T07:22:10Z,2026-06-01T07:22:19Z,9,8dc7e7a9c2fc13d092185d0ce7693d937a376320
78804828620,26740869172,clang-format,clang_format,completed,success,2026-06-01T07:22:55Z,2026-06-01T07:23:07Z,12,e3e0ffb2b8c29c46786013cd919040755e2a9aa3
78804912144,26740577903,clang-format,clang_format,completed,success,2026-06-01T07:30:28Z,2026-06-01T07:30:38Z,10,29383fd0d4e13f2b4111f63915873b4bdc8fbc76
78804900832,26740432854,clang-format,clang_format,completed,success,2026-06-01T07:29:47Z,2026-06-01T07:29:58Z,11,1d82405d7be6416dc6c2d42e9e296115ef43af3a
78805167936,26740361988,clang-format,clang_format,completed,success,2026-06-01T07:37:00Z,2026-06-01T07:37:12Z,12,68c95a1c674599cf164fdf1bfbf5434f6238c77e
79031883620,26808449091,clang-format,clang_format,completed,cancelled,2026-06-02T08:38:04Z,2026-06-02T08:38:19Z,15,f9e92d33201b6a9c0c298113cc0cf7b1b96d108c
79030386935,26808013213,clang-format,clang_format,completed,cancelled,2026-06-02T08:29:16Z,2026-06-02T08:38:03Z,527,a58567a9c53575401073690f5feecdf93fd0b793
79030644933,26807946169,clang-format,clang_format,completed,success,2026-06-02T08:31:48Z,2026-06-02T08:31:59Z,11,c1508ceeb0cfb3ffd9054214fe99d244d4015a19
79030678486,26807764359,clang-format,clang_format,completed,success,2026-06-02T08:31:20Z,2026-06-02T08:31:33Z,13,0b1b55765b8686ab4f1e1c3f3a5965bcdecaab9f
79028571361,26807322467,clang-format,clang_format,completed,success,2026-06-02T08:36:01Z,2026-06-02T08:36:11Z,10,4f429730e70477694d214989cd58a8dc16d3325e
79026309463,26806821956,clang-format,clang_format,completed,success,2026-06-02T08:04:17Z,2026-06-02T08:04:28Z,11,3144bd76b49317ca1ec1d93c69fb40e4986e3945
79026852200,26806393613,clang-format,clang_format,completed,success,2026-06-02T08:15:12Z,2026-06-02T08:15:28Z,16,da6cb62e6e33690c04be91c78c02c6d0db7592be
79026368316,26806388349,clang-format,clang_format,completed,success,2026-06-02T08:04:59Z,2026-06-02T08:05:12Z,13,ef3c506607428a1e98f337292cc56fbafc3f9bcb
79026731157,26806222670,clang-format,clang_format,completed,success,2026-06-02T08:13:09Z,2026-06-02T08:13:21Z,12,9464bcd458d357247d847ce581f1aa89d0d2acfa
79024941925,26806181442,clang-format,clang_format,completed,success,2026-06-02T07:55:50Z,2026-06-02T07:56:06Z,16,59fe6d0365330d60297cd598ed3352e1fa080efb
79023926552,26805524272,clang-format,clang_format,completed,success,2026-06-02T07:49:27Z,2026-06-02T07:49:36Z,9,ce1566ef5ad391b6547fc076829967655d19b4a7
79021304494,26805168436,clang-format,clang_format,completed,success,2026-06-02T07:34:03Z,2026-06-02T07:34:13Z,10,1819d9e004dc19b73985efd540cfbe8af3629ed7
79020762281,26805063033,clang-format,clang_format,completed,success,2026-06-02T07:35:28Z,2026-06-02T07:35:38Z,10,b5c8264f20c3a6df96ee23f4a37b5007bdc285a3
79020413690,26805061588,clang-format,clang_format,completed,success,2026-06-02T07:26:32Z,2026-06-02T07:26:44Z,12,bdbde1ea78bf038ce036e62299795e42fce546fe
79020151469,26804980934,clang-format,clang_format,completed,success,2026-06-02T07:24:59Z,2026-06-02T07:25:12Z,13,c28f9c7854a9b45024a5a1222e1d3eee1b0325ba
79020066362,26804954582,clang-format,clang_format,completed,success,2026-06-02T07:24:23Z,2026-06-02T07:24:36Z,13,2d8198307b45571e7333f019af6ee7e0b6af885c
79018949249,26804612069,clang-format,clang_format,completed,success,2026-06-02T07:16:24Z,2026-06-02T07:16:35Z,11,cc40fc6abf0c7685e64edaae58efa3b1999a4e21
79018964387,26804594773,clang-format,clang_format,completed,success,2026-06-02T07:16:29Z,2026-06-02T07:16:39Z,10,80b15cc2b054946a923a9030df8b7005dd3d6ec3
79019812184,26804472827,clang-format,clang_format,completed,success,2026-06-02T07:22:47Z,2026-06-02T07:23:00Z,13,cd8e264c45fa71dd000e2bf711bf1fff3d02de72
79015653863,26782746059,clang-format,clang_format,completed,success,2026-06-02T06:52:28Z,2026-06-02T06:52:40Z,12,48ca56c1540fa24cd7afead2a74014b7a0451eaf
79015643268,26782588975,clang-format,clang_format,completed,success,2026-06-02T06:52:16Z,2026-06-02T06:52:28Z,12,58b818185b8a8197fe10adff582b015cf8d54f19
79015660602,26782515279,clang-format,clang_format,completed,success,2026-06-02T06:52:42Z,2026-06-02T06:52:54Z,12,3047bf5db489b8bc6994c1ce2aaee3486c7e59df
79015630237,26781840909,clang-format,clang_format,completed,success,2026-06-02T06:52:10Z,2026-06-02T06:52:23Z,13,022bdc83046a18dd605488483a30264bd11d14c6
78945955605,26781276045,clang-format,clang_format,completed,success,2026-06-01T20:51:03Z,2026-06-01T20:51:12Z,9,6f7b4f8652c8f8d9b8b7c1ab7e27d1b3f33dc46d
78945898772,26781259128,clang-format,clang_format,completed,success,2026-06-01T20:50:44Z,2026-06-01T20:50:54Z,10,f0a1c1218729d479eef6ce1c70e3dcfcf0c41f98
78945796412,26781229278,clang-format,clang_format,completed,success,2026-06-01T20:50:12Z,2026-06-01T20:50:24Z,12,03027d2b5a8da0faa3c4f1e0fcac34ce207a66c6
78945701128,26781199823,clang-format,clang_format,completed,success,2026-06-01T20:49:41Z,2026-06-01T20:49:50Z,9,938230acd2c9e94d313ba5529e4f02eb079bc4c9
78941513181,26779576175,clang-format,clang_format,completed,success,2026-06-01T20:26:40Z,2026-06-01T20:26:51Z,11,0e5bf416924406adaecf0e51f11ba43f8299009e
78939844061,26779175539,clang-format,clang_format,completed,success,2026-06-01T20:17:13Z,2026-06-01T20:17:26Z,13,b71113304f75ebe2b6485e278abafa6b0ed8e18f
78938405970,26777421754,clang-format,clang_format,completed,success,2026-06-01T20:09:04Z,2026-06-01T20:09:19Z,15,c471a9516e32ad6dd41eb7b2ad1f50781fc8a043
78938463287,26777369866,clang-format,clang_format,completed,success,2026-06-01T20:09:24Z,2026-06-01T20:09:36Z,12,8a1d1bbbf28d638f808403674d43a7229b2494a7
78938560159,26777266373,clang-format,clang_format,completed,success,2026-06-01T20:09:58Z,2026-06-01T20:10:12Z,14,bd495195781fe31c28a7b05e3663d6613b6bea65
78928546195,26772639203,clang-format,clang_format,completed,success,2026-06-01T19:20:47Z,2026-06-01T19:20:57Z,10,923399a281c10e6491f651e941aa738264967cc1
78928496389,26772214753,clang-format,clang_format,completed,success,2026-06-01T19:21:24Z,2026-06-01T19:21:37Z,13,32d37c4b279f46193b86e8d08cdc18511bdfd2b8
78928432396,26772002940,clang-format,clang_format,completed,success,2026-06-01T19:13:11Z,2026-06-01T19:13:23Z,12,6e3b174f9869c1a41a666f9895d0a31fef29ba9b
78928353620,26771997818,clang-format,clang_format,completed,success,2026-06-01T19:12:44Z,2026-06-01T19:12:55Z,11,857555c6dc2efcf59908488a7d05440b0284d809
78927965114,26771426908,clang-format,clang_format,completed,success,2026-06-01T19:10:37Z,2026-06-01T19:10:49Z,12,9396e97b0f1d91bf6947aae7ab87aacf1e244493
78909134731,26770713859,clang-format,clang_format,completed,success,2026-06-01T17:25:37Z,2026-06-01T17:25:52Z,15,bc2c0947b70ed933c6cea811eb9fd10420d45fb2
78904538105,26769418636,clang-format,clang_format,completed,success,2026-06-01T16:59:46Z,2026-06-01T17:00:08Z,22,fe053c590a21d637fffa7ee81b3ff427664c70bb
78904489436,26769405324,clang-format,clang_format,completed,success,2026-06-01T16:59:29Z,2026-06-01T16:59:41Z,12,b381ec187e3fd759ad90ac4e97db7f29218567e2
78904450039,26768643757,clang-format,clang_format,completed,success,2026-06-01T16:59:16Z,2026-06-01T16:59:30Z,14,4c24de5fcef878ff7036b10df3facf4cb73fde23
78900824402,26768354732,clang-format,clang_format,completed,success,2026-06-01T16:38:57Z,2026-06-01T16:39:08Z,11,1be7f37a93e286b171eab2255736f21581431296
78900783177,26768348101,clang-format,clang_format,completed,cancelled,2026-06-01T16:38:44Z,2026-06-01T16:38:54Z,10,1b85f122f63441a03700ce6d976b28f590c798ca
78900867776,26768020866,clang-format,clang_format,completed,success,2026-06-01T16:41:56Z,2026-06-01T16:42:21Z,25,a73d3bb2fcbda0c9ecacf3f21c7fd333db72832f
78900854451,26767824144,clang-format,clang_format,completed,success,2026-06-01T16:39:07Z,2026-06-01T16:39:20Z,13,aae315397304187d0b06886dac08b3a7fdc3bb5e
78896445157,26766765901,clang-format,clang_format,completed,success,2026-06-01T16:14:46Z,2026-06-01T16:14:59Z,13,976912bd8d1051e45ecf7ee602072e526fee777f
78894592256,26766605589,clang-format,clang_format,completed,success,2026-06-01T16:04:58Z,2026-06-01T16:05:12Z,14,322c7f0b7d59cbbb4392449aea05e351f44d04e4
78896538274,26766440182,clang-format,clang_format,completed,success,2026-06-01T16:15:19Z,2026-06-01T16:15:31Z,12,4d386f60e9a59177c070f221016eedb6ff538804
78892136557,26765921852,clang-format,clang_format,completed,success,2026-06-01T15:52:19Z,2026-06-01T15:52:31Z,12,16474d48c484c3dcac48723368ca0851b1b01c55
78891977435,26765875624,clang-format,clang_format,completed,success,2026-06-01T15:51:28Z,2026-06-01T15:51:39Z,11,0d086d273eb19b90b5dfc805743446ce8df7d25c
78889766080,26764896933,clang-format,clang_format,completed,success,2026-06-01T15:40:03Z,2026-06-01T15:40:13Z,10,ed809b23d83e4b117d92028c97add62cc9c6cefe
78887998414,26764121452,clang-format,clang_format,completed,success,2026-06-01T15:31:06Z,2026-06-01T15:31:16Z,10,66a1f5b637ba321391c51cd476701a4bc106b7cf
78888012140,26763625690,clang-format,clang_format,completed,success,2026-06-01T15:31:11Z,2026-06-01T15:31:32Z,21,9f47018e84ccbefd66add475d62e3602fb6fcf8e
78888029605,26763027125,clang-format,clang_format,completed,success,2026-06-01T15:31:19Z,2026-06-01T15:31:30Z,11,579c4282a5e557272b1357b5f39a35f68d79ec0c
78880114062,26762620297,clang-format,clang_format,completed,success,2026-06-01T14:52:32Z,2026-06-01T14:52:42Z,10,c4f436196c799af6868ac9d02a57ec18c569256f
78880513671,26762449065,clang-format,clang_format,completed,success,2026-06-01T14:54:31Z,2026-06-01T14:54:45Z,14,ca9deb1a8724cbf9ca2e38193fdebad794c5e5a7
78879224942,26762374214,clang-format,clang_format,completed,success,2026-06-01T14:48:15Z,2026-06-01T14:48:26Z,11,f37ec1bb3a927fcdbe7f7c55812817d83227049d
78878110044,26761588220,clang-format,clang_format,completed,success,2026-06-01T14:42:52Z,2026-06-01T14:43:05Z,13,1439551ac537dbb579b5c7e44adc5e17a284ca75
78874656175,26761133527,clang-format,clang_format,completed,success,2026-06-01T14:26:53Z,2026-06-01T14:27:05Z,12,a8d945dc150265f6afa77a89d130da64708a8baa
78874059767,26760968515,clang-format,clang_format,completed,success,2026-06-01T14:23:47Z,2026-06-01T14:23:58Z,11,0ec3e0e56374f006e8bfacbdc848363cc7de151c
78874349476,26760497551,clang-format,clang_format,completed,success,2026-06-01T14:25:10Z,2026-06-01T14:25:21Z,11,86367d761239e53e4a2fb7996533f891b7026779
78874262936,26759935092,clang-format,clang_format,completed,success,2026-06-01T14:24:45Z,2026-06-01T14:24:55Z,10,96fb1a3207e5b65dca687d02022c958ba05c32a4
78866888348,26759021072,clang-format,clang_format,completed,success,2026-06-01T13:49:05Z,2026-06-01T13:49:15Z,10,ec5290ca6f5b24af985d5bf26e64c89a496d253d
78866837885,26759004673,clang-format,clang_format,completed,cancelled,2026-06-01T13:48:50Z,2026-06-01T13:49:01Z,11,bd01317c24d32b968c7c215bda57180777034d79
78866784576,26758994665,clang-format,clang_format,completed,cancelled,2026-06-01T13:48:34Z,2026-06-01T13:48:46Z,12,ca5caff40a2ab41d3ee6eda952e3878455ca976f
78867221020,26755606511,clang-format,clang_format,completed,success,2026-06-01T13:50:45Z,2026-06-01T13:50:56Z,11,788a32faecda3a0b6e70bcef0ec5c731ea156d22
78867243945,26755586635,clang-format,clang_format,completed,success,2026-06-01T13:54:32Z,2026-06-01T13:54:42Z,10,97799c5991207d7cba0b30f540cd1057bb05d951
78853055600,26754960888,clang-format,clang_format,completed,success,2026-06-01T12:35:19Z,2026-06-01T12:35:29Z,10,3951215eee821e4d4c9886f4af828ae429c47c02
78866974266,26754914549,clang-format,clang_format,completed,success,2026-06-01T13:49:29Z,2026-06-01T13:49:41Z,12,b8cb53adf9623f9a884b238f4ef79858c85e54e7
78852694324,26754742704,clang-format,clang_format,completed,success,2026-06-01T12:37:08Z,2026-06-01T12:37:20Z,12,dfbe1531281d9de939e0e1d7d4387c15d2c1923b
78848346786,26753820601,clang-format,clang_format,completed,success,2026-06-01T12:05:34Z,2026-06-01T12:05:44Z,10,93b9630f3f78134bb81da639f888d8c498340b9d
78848401481,26753450936,clang-format,clang_format,completed,success,2026-06-01T12:12:11Z,2026-06-01T12:12:20Z,9,52e442a5a3fc0578a3b4298df3326317cfef8195
78848382163,26753074094,clang-format,clang_format,completed,success,2026-06-01T12:05:49Z,2026-06-01T12:05:59Z,10,b933cd4240457cc1c74e2d85106c0fb3d1491a78
78848365269,26752957568,clang-format,clang_format,completed,success,2026-06-01T12:05:42Z,2026-06-01T12:05:54Z,12,743c0f9d8f42e7d94393f7c3585054de50e7befa
78845032947,26752853129,clang-format,clang_format,completed,success,2026-06-01T11:44:59Z,2026-06-01T11:45:09Z,10,b5223638dbb5596337ce6d1db8b19df0c977819f
78845016103,26752845368,clang-format,clang_format,completed,cancelled,2026-06-01T11:44:53Z,2026-06-01T11:44:57Z,4,e4c949b7bdaf088f834c87e3b2d35d1e1147552d
78844979063,26752839283,clang-format,clang_format,completed,cancelled,2026-06-01T11:44:39Z,2026-06-01T11:44:50Z,11,dd14283f95e8924e893875f734383e2840f18d6b
78845069983,26751955303,clang-format,clang_format,completed,success,2026-06-01T11:45:13Z,2026-06-01T11:45:24Z,11,28d230f16c0b16580244bb13e57b80c384f24654
78841037836,26751618383,clang-format,clang_format,completed,success,2026-06-01T11:19:24Z,2026-06-01T11:19:36Z,12,8ccdc58914f548b5fda68f4a44cc4e7b21ad1172
78838855703,26750605365,clang-format,clang_format,completed,success,2026-06-01T11:05:58Z,2026-06-01T11:06:08Z,10,c877c4d3a5ac08b3db73099b420ab164c654a153
78837742523,26750584256,clang-format,clang_format,completed,success,2026-06-01T10:58:09Z,2026-06-01T10:58:18Z,9,16a400b520abcc76d72139bcb9cda7e0a8d38eca
78837791163,26750562694,clang-format,clang_format,completed,success,2026-06-01T11:01:12Z,2026-06-01T11:01:23Z,11,d96989aa13d91dd3ccb201195d403385693adcaa
78837773952,26750554047,clang-format,clang_format,completed,success,2026-06-01T11:01:07Z,2026-06-01T11:01:17Z,10,517e6764e8fc9c710077176ecf7583b976ac223f
78836671711,26750417959,clang-format,clang_format,completed,success,2026-06-01T10:51:20Z,2026-06-01T10:51:30Z,10,bd75df8188670fcf3fb80d4171576595575091e1
78837037974,26750286757,clang-format,clang_format,completed,success,2026-06-01T10:53:41Z,2026-06-01T10:53:53Z,12,66f23e8b8f77cf7cd3aa44c84dc3f8f04c7ae2c9
78835126131,26749921398,clang-format,clang_format,completed,success,2026-06-01T10:41:22Z,2026-06-01T10:41:33Z,11,0c540eb2f93f2ad43ddb51a46b7ff6c682e0dca0
78834795508,26749054971,clang-format,clang_format,completed,success,2026-06-01T10:39:11Z,2026-06-01T10:39:21Z,10,3d257bd64d813420cbbd1e4bc9a2161d548b1218
78831679180,26748941151,clang-format,clang_format,completed,success,2026-06-01T10:18:20Z,2026-06-01T10:18:29Z,9,6b133f79ae5a4a6c90bc1166bf4b925c7a192a6e
78831638735,26748932137,clang-format,clang_format,completed,cancelled,2026-06-01T10:18:04Z,2026-06-01T10:18:17Z,13,38430750ec79dd69aa2f40ae74cbba8d24b974bb
78831598071,26748924104,clang-format,clang_format,completed,cancelled,2026-06-01T10:17:48Z,2026-06-01T10:18:01Z,13,013a43d4e904847aea40fbc00a24988c62d35ef6
79070872169,26819746334,clang-format,clang_format,completed,success,2026-06-02T12:30:12Z,2026-06-02T12:30:24Z,12,7260da76cdf999a893843752d1e4fcfa817eda7e
79070805678,26819703676,clang-format,clang_format,completed,success,2026-06-02T12:29:52Z,2026-06-02T12:30:03Z,11,9392701402ada897db48335e7d25d6573134c5af
79070676849,26819693192,clang-format,clang_format,completed,success,2026-06-02T12:28:43Z,2026-06-02T12:28:54Z,11,a01383b2b6217bfe503e86a7a629af74b6ab5d15
79070618118,26819176717,clang-format,clang_format,completed,success,2026-06-02T12:28:16Z,2026-06-02T12:28:29Z,13,f0ce03a206eef62f49c679e4f551a4f7e331e65a
79067917708,26818929905,clang-format,clang_format,completed,success,2026-06-02T12:13:43Z,2026-06-02T12:13:54Z,11,6535a4dfa1c1fad6a251a53b3d99b6f510288954
79070734597,26818897064,clang-format,clang_format,completed,success,2026-06-02T12:29:45Z,2026-06-02T12:29:55Z,10,e0e8ac76e3d3af0898c7bda8631b02b39206327a
79067936899,26818488513,clang-format,clang_format,completed,success,2026-06-02T12:14:41Z,2026-06-02T12:14:53Z,12,6ac361e91e20da0f1dc408b53c2ff0f895c8cb10
79066085468,26818344992,clang-format,clang_format,completed,success,2026-06-02T12:05:15Z,2026-06-02T12:05:30Z,15,f5b94954f1207d20c9d843a5284cadcad86f389c
79066043613,26817756110,clang-format,clang_format,completed,success,2026-06-02T12:02:23Z,2026-06-02T12:02:34Z,11,c93ed77333440f605111d3f98469539ce57cec2c
79065328975,26817722532,clang-format,clang_format,completed,success,2026-06-02T11:58:17Z,2026-06-02T11:58:26Z,9,bc45669ff55949caafe72eb14ab9cf2daa2a32ea
79062282685,26817276490,clang-format,clang_format,completed,success,2026-06-02T11:44:20Z,2026-06-02T11:44:31Z,11,626f97bdc743c0d59b6bd5025e8ed0076ac8941d
79061807051,26817162714,clang-format,clang_format,completed,success,2026-06-02T11:37:25Z,2026-06-02T11:37:35Z,10,746d2d8e70e2847d55e73a7a6d749bc9b04d75ae
79060348410,26816746504,clang-format,clang_format,completed,success,2026-06-02T11:28:38Z,2026-06-02T11:28:47Z,9,e07a20828008bed77ff63093616a33f525d5f4ed
79061444120,26816229607,clang-format,clang_format,completed,success,2026-06-02T11:35:04Z,2026-06-02T11:35:15Z,11,47bd14501352ac2ae34adfe89c1c437cc8fe704a
79062225068,26815946328,clang-format,clang_format,completed,success,2026-06-02T11:39:47Z,2026-06-02T11:39:57Z,10,23838e213ab30db8632b9545a9faefa6a045c051
79058197416,26815942120,clang-format,clang_format,completed,success,2026-06-02T11:15:26Z,2026-06-02T11:15:38Z,12,b038ac9af1156bbf6aafa74a92b549c040cd349a
79057299716,26815849124,clang-format,clang_format,completed,success,2026-06-02T11:09:36Z,2026-06-02T11:09:47Z,11,ef30783c9fcbc826d2fd455ba20733e58bce6a41
79056502963,26815543488,clang-format,clang_format,completed,success,2026-06-02T11:04:38Z,2026-06-02T11:04:51Z,13,4bc247308ece22d06d40ed57467cbcddbd35bae6
79056647804,26814628609,clang-format,clang_format,completed,success,2026-06-02T11:05:34Z,2026-06-02T11:05:47Z,13,46dcaa999b0a8726a846925ce4ca0568fddb1d04
79051136854,26814040942,clang-format,clang_format,completed,success,2026-06-02T10:40:12Z,2026-06-02T10:40:24Z,12,28eace18ad2b2d7f0195b9be0cbf4cccb538256f
79051105799,26814032473,clang-format,clang_format,completed,cancelled,2026-06-02T10:31:06Z,2026-06-02T10:31:16Z,10,cadb7497fcb2537b7052a958e3e34a0e0b56718a
79051005011,26814003063,clang-format,clang_format,completed,success,2026-06-02T10:30:33Z,2026-06-02T10:30:44Z,11,f9b7ebac73e7f8b2ec544335a44e8a53b93e5550
79051043744,26813873352,clang-format,clang_format,completed,success,2026-06-02T10:30:56Z,2026-06-02T10:31:07Z,11,c1754230a87daf7d7b779134bddf4ffff5c56ae0
79051060430,26813715209,clang-format,clang_format,completed,success,2026-06-02T10:31:52Z,2026-06-02T10:32:05Z,13,d4b14d5d8ed7e84d9760407ab0c71fd5632c1dbf
79047734151,26812964778,clang-format,clang_format,completed,success,2026-06-02T10:18:50Z,2026-06-02T10:19:02Z,12,6dec8be49bd935eebd7437966f3a7e32db187713
79047445633,26812810639,clang-format,clang_format,completed,success,2026-06-02T10:10:58Z,2026-06-02T10:11:09Z,11,26d0e4db716b30457dd0a43197e2c160c6b2333a
79047435242,26812765099,clang-format,clang_format,completed,success,2026-06-02T10:16:54Z,2026-06-02T10:17:05Z,11,cefbb134c065f9908837c835c6bda9e25382a6fe
79046273723,26812631234,clang-format,clang_format,completed,success,2026-06-02T10:03:57Z,2026-06-02T10:04:08Z,11,a002f0786e80694b3dee43f842ef87887921393b
79046041079,26812559608,clang-format,clang_format,completed,cancelled,2026-06-02T10:00:10Z,2026-06-02T10:01:30Z,80,ed2ec7916a52e8a044ca1226b80e86d25cab0355
79045956478,26812534122,clang-format,clang_format,completed,cancelled,2026-06-02T09:59:39Z,2026-06-02T10:00:09Z,30,b6ffd622fdddb6fdfff188e6cd2e00028ed9b593
79045048830,26812267849,clang-format,clang_format,completed,cancelled,2026-06-02T09:54:12Z,2026-06-02T09:59:39Z,327,79edb38939c21380e823c44600e3680fd0f6d1e4
79044855107,26812206031,clang-format,clang_format,completed,success,2026-06-02T09:54:04Z,2026-06-02T09:54:17Z,13,e7bc8b038962e31c26fe17f3f650de5c48a16f20
79043327212,26811712523,clang-format,clang_format,completed,success,2026-06-02T09:48:58Z,2026-06-02T09:49:09Z,11,619f3d7e61cdba30f8fc6b7c2b971cc303b4ff85
79043464554,26811342894,clang-format,clang_format,completed,success,2026-06-02T09:50:13Z,2026-06-02T09:50:25Z,12,36542bd79ce9069eb81f8e60c2038365d2d8d701
79042147258,26811091790,clang-format,clang_format,completed,success,2026-06-02T09:40:20Z,2026-06-02T09:40:31Z,11,7c0c383f19adb8f1d819b491b85840557f54b5b0
79042067891,26811058565,clang-format,clang_format,completed,success,2026-06-02T09:37:14Z,2026-06-02T09:37:25Z,11,d0cffa7b64c0ba0b5a47f0cd2513bdf3fb6559c0
79041372936,26811031498,clang-format,clang_format,completed,success,2026-06-02T09:36:00Z,2026-06-02T09:36:10Z,10,3ebdfd771b1f99b3abe85096bf8c02976fc4df71
79041541150,26810941390,clang-format,clang_format,completed,success,2026-06-02T09:39:33Z,2026-06-02T09:39:45Z,12,904231bfd0ec599ac8222fd91a16ca5890a7d89b
79040517454,26810742917,clang-format,clang_format,completed,success,2026-06-02T09:29:38Z,2026-06-02T09:29:50Z,12,ad3c11965b148738427fbd5293a557763405ec53
79038040405,26810251213,clang-format,clang_format,completed,success,2026-06-02T09:13:58Z,2026-06-02T09:14:10Z,12,bed3dc4533f9f97c8df95701685860d1a1245f17
79038109115,26810002216,clang-format,clang_format,completed,success,2026-06-02T09:14:22Z,2026-06-02T09:14:32Z,10,c389add8ba36c17eb80af23bafaff7addb08a543
79035247061,26809444940,clang-format,clang_format,completed,success,2026-06-02T09:06:18Z,2026-06-02T09:06:32Z,14,69efd18b5be20ae11dab43c4c8447ce7f32cf918
79229144851,26865507315,clang-format,clang_format,completed,success,2026-06-03T05:34:36Z,2026-06-03T05:34:48Z,12,47141474a06fa1e34204cfe569d67ca89146ee02
79227989356,26865440567,clang-format,clang_format,completed,success,2026-06-03T05:22:51Z,2026-06-03T05:23:01Z,10,f333e2621627cbc54deb2f33970852ad3818c939
79227946344,26865426483,clang-format,clang_format,completed,success,2026-06-03T05:22:23Z,2026-06-03T05:22:36Z,13,e3abd3bf3b608fa78912bc927f64212ef1fd1972
79163551381,26844684215,clang-format,clang_format,completed,success,2026-06-02T20:15:27Z,2026-06-02T20:15:38Z,11,23a5ab52fff577c3c9182bfc9fea86579449c2ba
79160391949,26844279997,clang-format,clang_format,completed,success,2026-06-02T19:58:07Z,2026-06-02T19:58:17Z,10,4dcc00f160c41d4bd6ba4f8843815435902d5cfa
79155658192,26843203452,clang-format,clang_format,completed,success,2026-06-02T19:32:16Z,2026-06-02T19:32:28Z,12,f3f89a9bc751f3dbb2eacf188247ffba6f55ce2a
79150928151,26841894278,clang-format,clang_format,completed,success,2026-06-02T19:08:44Z,2026-06-02T19:08:54Z,10,9fa7d6c7d22e73fc997eafb71186552fe9dd43ae
79151016763,26839918267,clang-format,clang_format,completed,success,2026-06-02T19:12:28Z,2026-06-02T19:12:40Z,12,f599a67506a93a648a71931d0ceba17c02f4c236
79143473642,26837205939,clang-format,clang_format,completed,success,2026-06-02T18:27:07Z,2026-06-02T18:27:19Z,12,37a1a2be6261dfada894cc4400b06d41b6ee0610
79133774625,26837080100,clang-format,clang_format,completed,success,2026-06-02T17:36:01Z,2026-06-02T17:36:10Z,9,b642ab006fcd2df8349b348848fc3a6b635ebf46
79133850199,26835705375,clang-format,clang_format,completed,success,2026-06-02T17:36:26Z,2026-06-02T17:36:39Z,13,351c1e33e93974d1a6e769ec5e4a3efaca2752e0
79127047935,26835032581,clang-format,clang_format,completed,success,2026-06-02T17:00:14Z,2026-06-02T17:00:26Z,12,874b93265065de7cd33ae41ce0551800d6b54927
79126025534,26834872978,clang-format,clang_format,completed,success,2026-06-02T16:54:49Z,2026-06-02T16:55:01Z,12,7812fd91f652dd5d821b599c9869ed6a1e7718e3
79125915163,26834871532,clang-format,clang_format,completed,success,2026-06-02T16:54:13Z,2026-06-02T16:54:24Z,11,acb0c9f34b684d77481f05ce5acb4fd1e334301f
79120137708,26832897191,clang-format,clang_format,completed,success,2026-06-02T16:24:25Z,2026-06-02T16:24:34Z,9,6b62e4725a6ffeba07a22ed0398a1c0c84a93cdd
79120420001,26832642128,clang-format,clang_format,completed,success,2026-06-02T16:25:52Z,2026-06-02T16:26:04Z,12,1d9ae22408694f2a6141f933c041df5ef33c44b4
79117242738,26832454188,clang-format,clang_format,completed,success,2026-06-02T16:09:33Z,2026-06-02T16:09:45Z,12,98e1e0a83b8fd30f102427db5cd7c50ed442eaad
79115636580,26831687907,clang-format,clang_format,completed,success,2026-06-02T16:01:40Z,2026-06-02T16:01:53Z,13,9f7406cc8a91d4208663a422f440bd9370fd60b6
79110877482,26830098839,clang-format,clang_format,completed,success,2026-06-02T15:39:10Z,2026-06-02T15:39:21Z,11,a712e2a7ebdb4db42dc641d7ddcd4b2cf9e38c86
79110882440,26829998057,clang-format,clang_format,completed,success,2026-06-02T15:39:12Z,2026-06-02T15:39:22Z,10,d9f76309656625a11832db7581e6d779a565aaba
79110900995,26829922013,clang-format,clang_format,completed,success,2026-06-02T15:39:23Z,2026-06-02T15:39:35Z,12,ece606c18be225e9b1594e01cb1988b4503ab386
79104145538,26828654678,clang-format,clang_format,completed,success,2026-06-02T15:08:17Z,2026-06-02T15:08:29Z,12,a52622b0eb70ab6c82ee5c584f8fe8e644b1fab1
79102936875,26828405938,clang-format,clang_format,completed,success,2026-06-02T15:02:51Z,2026-06-02T15:03:02Z,11,abcc0e0b3395434a94ceeb1e3ca4e6644a7018cf
79102097772,26828323338,clang-format,clang_format,completed,success,2026-06-02T14:59:13Z,2026-06-02T14:59:25Z,12,6c9839263a7fdfaa6768b36dbf4e2379efd3edd0
79097117658,26826968630,clang-format,clang_format,completed,success,2026-06-02T14:37:06Z,2026-06-02T14:37:19Z,13,7aec0587c7c15af184aa28aa24d101aab1c7111e
79097062077,26826952738,clang-format,clang_format,completed,success,2026-06-02T14:36:51Z,2026-06-02T14:37:03Z,12,429138713960d4ccee9004353fd28bf2cc28bab8
79096944075,26826921411,clang-format,clang_format,completed,success,2026-06-02T14:36:20Z,2026-06-02T14:36:30Z,10,b894ccb83559c3ab50de149c4ec39e05b8bc711f
79096971176,26824260932,clang-format,clang_format,completed,success,2026-06-02T14:36:27Z,2026-06-02T14:36:36Z,9,468d2a9d329187a820937173960c6c4f00df0986
79084721091,26823612063,clang-format,clang_format,completed,success,2026-06-02T13:40:34Z,2026-06-02T13:40:47Z,13,d8f3fa16f62cc04ed33bad1fcdaf4ffcbf982e08
79084646073,26823592143,clang-format,clang_format,completed,success,2026-06-02T13:40:14Z,2026-06-02T13:40:26Z,12,d8f0b81bf03efe0951a8523eb5739eafbc9b500c
79084857961,26821269843,clang-format,clang_format,completed,success,2026-06-02T13:41:13Z,2026-06-02T13:41:24Z,11,20c80e1c99e754fd9210bd2f1d2e4ac5314ccee5
79084905548,26821240253,clang-format,clang_format,completed,success,2026-06-02T13:49:58Z,2026-06-02T13:50:09Z,11,75e76971eced4203d27e130ec984c8f8a519538d
79084850023,26820895035,clang-format,clang_format,completed,success,2026-06-02T13:41:12Z,2026-06-02T13:41:23Z,11,6285b747eb752ef5722b85b04eac2f86122d6d3d
79252271998,26872731605,clang-format,clang_format,completed,success,2026-06-03T08:29:27Z,2026-06-03T08:29:39Z,12,20b157c622f6dd810c9ae562346ffd61088f25fb
79251789573,26872441352,clang-format,clang_format,completed,success,2026-06-03T08:24:32Z,2026-06-03T08:24:46Z,14,0861b758f35e361c87a9a5ddf69875a0221574b8
79250274002,26872175817,clang-format,clang_format,completed,success,2026-06-03T08:13:33Z,2026-06-03T08:13:44Z,11,a7f98450d3bbcb3d58dfc68c55398c06ab5755c4
79249661862,26872080421,clang-format,clang_format,completed,success,2026-06-03T08:08:43Z,2026-06-03T08:08:55Z,12,a0d5555431ab36105e727025e3c3da46afc960f0
79249515233,26872038466,clang-format,clang_format,completed,cancelled,2026-06-03T08:07:31Z,2026-06-03T08:08:26Z,55,0917b0ba6a220c12ab8f09de43d909e6c46ef56f
79246211019,26871038758,clang-format,clang_format,completed,success,2026-06-03T07:53:46Z,2026-06-03T07:53:56Z,10,d815d699fc819972f13ad9ba024851cc3eeda123
79246128451,26871030267,clang-format,clang_format,completed,success,2026-06-03T07:47:03Z,2026-06-03T07:47:16Z,13,35bfb44db48bb4d6dd17d31059885fdc08d258d1
79245864202,26870950998,clang-format,clang_format,completed,success,2026-06-03T07:44:34Z,2026-06-03T07:44:46Z,12,dc9b798790c3edc7e9fe36d5a19f857756a5a5ad
79243899849,26870368208,clang-format,clang_format,completed,success,2026-06-03T07:31:50Z,2026-06-03T07:32:04Z,14,41e5db1c358e27e81443e4116a61bc46ed4ec24c
79244214923,26870019478,clang-format,clang_format,completed,success,2026-06-03T07:36:16Z,2026-06-03T07:36:26Z,10,4655f582ac675911c55db9560fb98f08620f0b99
79241560393,26869663044,clang-format,clang_format,completed,success,2026-06-03T07:23:51Z,2026-06-03T07:24:02Z,11,c5a07c84f8d6cdd58289a2d440f05f4671612027
79240886714,26869434103,clang-format,clang_format,completed,success,2026-06-03T07:11:43Z,2026-06-03T07:11:58Z,15,8c9ac58518c09281535aa864b3ad18a3945529a4
79240912464,26869315127,clang-format,clang_format,completed,success,2026-06-03T07:11:23Z,2026-06-03T07:11:34Z,11,5a2f665d1e04515217dceb6237d8e6f1f8d1c5b0
79240936736,26869304137,clang-format,clang_format,completed,success,2026-06-03T07:18:52Z,2026-06-03T07:19:05Z,13,17af5a68afdaa7748c17d351d2d98253de40d20c
79238789673,26868835035,clang-format,clang_format,completed,success,2026-06-03T07:07:46Z,2026-06-03T07:08:00Z,14,9c916d80b99f2aae37b14d71d5e0ccfa77462d78
79238711645,26868812156,clang-format,clang_format,completed,cancelled,2026-06-03T06:55:31Z,2026-06-03T06:56:04Z,33,cd8a14ff7a6ba23008ce148b09a15046cc02952a
79238685238,26868805144,clang-format,clang_format,completed,cancelled,2026-06-03T06:55:21Z,2026-06-03T06:55:31Z,10,469e045da5b335b182992f604bd7c052678f2c94
79238633150,26868789357,clang-format,clang_format,completed,cancelled,2026-06-03T06:54:59Z,2026-06-03T06:55:21Z,22,42fc3b906743919d48209f555dd6bc5aecda4063
79237143473,26868343937,clang-format,clang_format,completed,success,2026-06-03T06:44:40Z,2026-06-03T06:44:52Z,12,1a1a4f5518136ab1f2f4963e7716ef5742e3ef45
79237236362,26868190392,clang-format,clang_format,completed,success,2026-06-03T06:56:20Z,2026-06-03T06:56:31Z,11,0c60ab275e0dc6cbadeda4a661a9c191580ffc6c
79237170300,26868073419,clang-format,clang_format,completed,success,2026-06-03T06:48:18Z,2026-06-03T06:48:30Z,12,752dea6a416654be8bbe69b38de2ec0f66e33295
79235303524,26867781645,clang-format,clang_format,completed,success,2026-06-03T06:38:03Z,2026-06-03T06:38:16Z,13,624bc98a83d5e08d400d902f57d0883b1bd89d75
79234764442,26867452020,clang-format,clang_format,completed,success,2026-06-03T06:46:00Z,2026-06-03T06:46:12Z,12,d4397e4347be4d59e55225eb89036745fba4a58b
79234214022,26867435568,clang-format,clang_format,completed,success,2026-06-03T06:25:13Z,2026-06-03T06:25:27Z,14,568b461012a0bb313f2d9c879c17ac50fc535a5f
79232597557,26866930146,clang-format,clang_format,completed,success,2026-06-03T06:06:25Z,2026-06-03T06:06:36Z,11,78faa91241d487394a4e7e904ff64d2820f744ef
79232531730,26866909324,clang-format,clang_format,completed,success,2026-06-03T06:05:51Z,2026-06-03T06:06:05Z,14,cace00319e588312e14234f6dc938f924604112c
79234273198,26866895157,clang-format,clang_format,completed,success,2026-06-03T06:24:06Z,2026-06-03T06:24:17Z,11,b1e6b4acd09e9e0062ed6e41bbbe22ea94ad93fb
79234325447,26866804820,clang-format,clang_format,completed,success,2026-06-03T06:42:35Z,2026-06-03T06:42:46Z,11,dcb34be48cb64f161050fc2ae9007484ad5239e6
79234261106,26866765025,clang-format,clang_format,completed,success,2026-06-03T06:24:51Z,2026-06-03T06:25:01Z,10,0e08994ffc400835ca3b1c637dae4be6952ba557
79232615942,26866734602,clang-format,clang_format,completed,success,2026-06-03T06:16:56Z,2026-06-03T06:17:09Z,13,c1a453e62fa993867c15e0fb41e12c0967c2604a
79232638292,26866622217,clang-format,clang_format,completed,success,2026-06-03T06:25:07Z,2026-06-03T06:25:21Z,14,95f95accecf1f8a85904c690a4231bcf149c1776
79232630922,26866306883,clang-format,clang_format,completed,success,2026-06-03T06:42:17Z,2026-06-03T06:42:29Z,12,5b54b5a9eafa454c86420b11d3340f46d9b35c45
79232623479,26866145114,clang-format,clang_format,completed,success,2026-06-03T06:16:44Z,2026-06-03T06:16:54Z,10,06d56369acee8944db9f4bb54a238377a35f8446
79300051777,26886475871,clang-format,clang_format,completed,success,2026-06-03T13:01:31Z,2026-06-03T13:01:43Z,12,a6cc02d91fca3251dc88f725d27d1b6308824f5e
79299987466,26886458007,clang-format,clang_format,completed,success,2026-06-03T13:01:13Z,2026-06-03T13:01:25Z,12,55faa202ede6ee952bd7cd314ba6299807b0021a
79299896976,26886433851,clang-format,clang_format,completed,success,2026-06-03T13:00:48Z,2026-06-03T13:00:59Z,11,f41a047a953d87eb0b49a573bb02caa000860c64
79293588498,26884543546,clang-format,clang_format,completed,success,2026-06-03T12:30:35Z,2026-06-03T12:30:48Z,13,2d900c6c5c82c7eadf98062a38e99841d548d0be
79293691040,26884406977,clang-format,clang_format,completed,success,2026-06-03T12:36:50Z,2026-06-03T12:37:04Z,14,4e49b4acb44c06d29edf2bda503c286a95c5b973
79293482500,26884404999,clang-format,clang_format,completed,success,2026-06-03T12:37:06Z,2026-06-03T12:37:18Z,12,a4d316757ac39c6ec7a7ef9a9d8494b46db5c078
79292121636,26884278682,clang-format,clang_format,completed,success,2026-06-03T12:19:37Z,2026-06-03T12:19:48Z,11,47d6699d6c58a1d22d26b68debca10bb06f24003
79289551561,26883554317,clang-format,clang_format,completed,success,2026-06-03T12:04:54Z,2026-06-03T12:05:05Z,11,9c77745908a0cfd7184ffc58ee972e895889b1b4
79289837660,26881790491,clang-format,clang_format,completed,success,2026-06-03T12:06:36Z,2026-06-03T12:06:49Z,13,79ebce4ecb25c129531ceddf33fd79367d0907d7
79282460732,26881505075,clang-format,clang_format,completed,success,2026-06-03T11:22:55Z,2026-06-03T11:23:09Z,14,5d5209da6e163b1ef50dcf0d80ecc4e423fbcc1f
79280902544,26881008316,clang-format,clang_format,completed,success,2026-06-03T11:17:48Z,2026-06-03T11:18:02Z,14,2d53f34416f101d8b82e4516d2a9a6a049b91424
79280530088,26880621033,clang-format,clang_format,completed,success,2026-06-03T11:10:58Z,2026-06-03T11:11:11Z,13,993007f819fdbad10bba780b9f33a8832fe9dd03
79276925640,26879714310,clang-format,clang_format,completed,success,2026-06-03T10:48:55Z,2026-06-03T10:49:06Z,11,497ef4c4a5d253147f8c72f22a643e746298fd7c
79276883001,26879466830,clang-format,clang_format,completed,success,2026-06-03T10:48:39Z,2026-06-03T10:48:50Z,11,cebb79a4fcd1d4173b1babc796cf71a0cb574d41
79273011470,26878761966,clang-format,clang_format,completed,success,2026-06-03T10:25:16Z,2026-06-03T10:25:29Z,13,30a89d6faaf0392f85abe4fbebbb50e04d8e4ecd
79272606087,26878645113,clang-format,clang_format,completed,success,2026-06-03T10:24:20Z,2026-06-03T10:24:30Z,10,fc912d9f542255ea21266827fea8cabdbc72a0c3
79272567149,26878634670,clang-format,clang_format,completed,cancelled,2026-06-03T10:22:18Z,2026-06-03T10:22:32Z,14,06aeb4a8e2ca6d9c6d8e19f1c9667b0967246dff
79267249560,26876151375,clang-format,clang_format,completed,success,2026-06-03T09:51:05Z,2026-06-03T09:51:17Z,12,de3068c383e2d705a320b06c67bf86c2965061a7
79263517167,26876065569,clang-format,clang_format,completed,success,2026-06-03T09:41:54Z,2026-06-03T09:42:04Z,10,f81fd7688024bcb11e6ad583cb2b9d8758925cd8
79267210540,26876047835,clang-format,clang_format,completed,success,2026-06-03T09:50:52Z,2026-06-03T09:51:04Z,12,42423fff4eaf2f29c0ad9ed7b6f3a4ab46fc9bf4
79263384829,26876028114,clang-format,clang_format,completed,cancelled,2026-06-03T09:29:26Z,2026-06-03T09:30:10Z,44,a389728c815fa3f8b8751c95bbe78599b773f178
79263590181,26875780678,clang-format,clang_format,completed,success,2026-06-03T09:30:36Z,2026-06-03T09:30:48Z,12,747ac31ab849eba52755a9223ca9f2df3f629395
79263561366,26875523299,clang-format,clang_format,completed,success,2026-06-03T09:34:25Z,2026-06-03T09:34:37Z,12,693c7b0a9f7dad691d33f2d8256c94b9c01203e9
79260041089,26875074537,clang-format,clang_format,completed,success,2026-06-03T09:11:19Z,2026-06-03T09:11:36Z,17,3857250affa32d16757d03db1c7ac0dd0e80e47f
79258141111,26874534980,clang-format,clang_format,completed,cancelled,2026-06-03T08:59:13Z,2026-06-03T09:10:13Z,660,b51a40b96e2a25b28150616a08ae870509e0925e
79258039866,26874506632,clang-format,clang_format,completed,cancelled,2026-06-03T08:58:38Z,2026-06-03T08:59:13Z,35,95619ed51330d1c7fefdfe0adab6b3954cb00e8c
79263446862,26874323591,clang-format,clang_format,completed,success,2026-06-03T09:34:39Z,2026-06-03T09:34:53Z,14,a8091b82995f204a025e5a728d9b939b9d5cde7c
79258527500,26873855790,clang-format,clang_format,completed,success,2026-06-03T09:02:47Z,2026-06-03T09:02:59Z,12,ffa6fddee21845adab8fe94ac0eee84f7855aa16
79255145703,26873660571,clang-format,clang_format,completed,success,2026-06-03T08:45:12Z,2026-06-03T08:45:22Z,10,b1429117435f2e0a3e31680baee528ffa2014acd
79255320573,26873586512,clang-format,clang_format,completed,success,2026-06-03T08:50:54Z,2026-06-03T08:51:06Z,12,1733ce1d2e63965dbef357ccd575aa1e34195875
