job_id,run_id,workflow,job_name,status,conclusion,started_at,completed_at,duration_seconds,head_sha
78338420873,26587240668,ci-1-core,"core (windows-latest, py3.13)",completed,success,2026-05-28T16:28:52Z,2026-05-28T16:39:02Z,610,c77b5ad3e43f9595d8c9ec92eb00be452fe0611b
78335585078,26586477243,ci-1-core,"core (windows-latest, py3.13)",completed,cancelled,2026-05-28T16:13:57Z,2026-05-28T16:18:39Z,282,2a107f69ff6d9f11f2874bc81d381e1b5cd94c36
78333386884,26585775435,ci-1-core,"core (windows-latest, py3.13)",completed,success,2026-05-28T16:02:39Z,2026-05-28T16:09:01Z,382,9cdec9c13ed35dd623c6265b8af568aef13376d3
78331153112,26585194677,ci-1-core,"core (windows-latest, py3.13)",completed,success,2026-05-28T15:51:30Z,2026-05-28T16:00:39Z,549,5cb9ee1c2fe039b8a0985c2c47c89c4b7c4ab692
78327867270,26582691646,ci-1-core,"core (windows-latest, py3.13)",completed,cancelled,2026-05-28T15:35:24Z,2026-05-28T15:41:33Z,369,736d09d11b1baae56edffed0decd21231ac2b3a3
78309201668,26578699235,ci-1-core,"core (windows-latest, py3.13)",completed,success,2026-05-28T14:07:12Z,2026-05-28T14:18:37Z,685,687a8b2f51c66424a8ce6b99964117bb2bc91c54
78301534205,26577147226,ci-1-core,"core (windows-latest, py3.13)",completed,success,2026-05-28T13:29:35Z,2026-05-28T13:39:50Z,615,ec4c1e99ab50bb44e056a6f92f24a21f0bb8ea5d
78301488592,26576330560,ci-1-core,"core (windows-latest, py3.13)",completed,failure,2026-05-28T13:29:21Z,2026-05-28T13:39:08Z,587,5ec4cd129d1e6994d5bb2ae18250f362ef9ade6d
78298060664,26576223695,ci-1-core,"core (windows-latest, py3.13)",completed,cancelled,2026-05-28T13:10:55Z,2026-05-28T13:18:56Z,481,c1da9a4171148efa41b897e53afc2f2896b98959
78297498806,26576107183,ci-1-core,"core (windows-latest, py3.13)",completed,failure,2026-05-28T13:07:46Z,2026-05-28T13:18:52Z,666,8b9815b8aa9b88b8cbb020e2bc169d7d7eae8f42
78294742861,26574978278,ci-1-core,"core (windows-latest, py3.13)",completed,success,2026-05-28T12:52:30Z,2026-05-28T13:01:31Z,541,964a036b823b7ae22c5680f4495c94bc9dafa6a3
78292071954,26574357290,ci-1-core,"core (windows-latest, py3.13)",completed,failure,2026-05-28T12:37:13Z,2026-05-28T12:47:13Z,600,210bb49bb2533afe6dd439a8ef6b7abd4bfbb30a
78292688303,26574277124,ci-1-core,"core (windows-latest, py3.13)",completed,failure,2026-05-28T12:40:48Z,2026-05-28T12:51:37Z,649,aaa93ec860ffbf7aa060335c7a7833ea838d3f2f
78291932198,26573867926,ci-1-core,"core (windows-latest, py3.13)",completed,failure,2026-05-28T12:36:25Z,2026-05-28T12:48:24Z,719,6c3631b85b02229a32b5e4b9d7484c2ac4e6098d
78288924645,26573424567,ci-1-core,"core (windows-latest, py3.13)",completed,failure,2026-05-28T12:18:40Z,2026-05-28T12:27:41Z,541,f72500d8a8c95a6f90dfefe8c2bd5a9c119a436c
78280417820,26571305823,ci-1-core,"core (windows-latest, py3.13)",completed,failure,2026-05-28T11:25:12Z,2026-05-28T11:35:34Z,622,8f48a8101e3f97df7af4282b54eb1edb34440267
78277453613,26568682886,ci-1-core,"core (windows-latest, py3.13)",completed,failure,2026-05-28T11:05:34Z,2026-05-28T11:15:28Z,594,fda90dfc7ff854f5f6e080c9964c977f22d61a9d
78270896833,26568515815,ci-1-core,"core (windows-latest, py3.13)",completed,failure,2026-05-28T10:22:19Z,2026-05-28T10:32:53Z,634,efd94c7e1522d5673df6a5e265ec25449c589c23
78269002147,26567956925,ci-1-core,"core (windows-latest, py3.13)",completed,failure,2026-05-28T10:09:58Z,2026-05-28T10:19:17Z,559,7dae3b9a2fb780174fa1e523587f24514fc30148
78267045146,26567374198,ci-1-core,"core (windows-latest, py3.13)",completed,failure,2026-05-28T09:57:26Z,2026-05-28T10:05:19Z,473,8d102e278837065096e93dd7905215d0f9c14c7a
78266986848,26567354170,ci-1-core,"core (windows-latest, py3.13)",completed,cancelled,2026-05-28T09:57:04Z,2026-05-28T09:59:59Z,175,62efac34eca69e692cf369e7f02f788cf2cfe8db
78265309742,26566955443,ci-1-core,"core (windows-latest, py3.13)",completed,failure,2026-05-28T09:46:35Z,2026-05-28T09:57:57Z,682,156447bf3f9f1036026b58afb23eee0161a48a37
78263315307,26566249235,ci-1-core,"core (windows-latest, py3.13)",completed,failure,2026-05-28T09:34:08Z,2026-05-28T09:44:44Z,636,969f74334c324b9168d99f9bf57b0c3dc070eb48
78261988991,26565703608,ci-1-core,"core (windows-latest, py3.13)",completed,success,2026-05-28T09:26:06Z,2026-05-28T09:36:23Z,617,2aadc308ab16dc30254e2d622b94e7e34cc07e77
78260893434,26565584621,ci-1-core,"core (windows-latest, py3.13)",completed,cancelled,2026-05-28T09:19:19Z,2026-05-28T09:21:10Z,111,a0d7050de68563480eacc77947cf19a4c3256009
78261787591,26565489215,ci-1-core,"core (windows-latest, py3.13)",completed,success,2026-05-28T09:24:49Z,2026-05-28T09:34:41Z,592,3326d890d30f853509b4451f7941c3f0649fdeb5
78260791350,26565361141,ci-1-core,"core (windows-latest, py3.13)",completed,success,2026-05-28T09:18:41Z,2026-05-28T09:28:36Z,595,c9d559fd2b3ed3ddfb3311715827fdc64954e648
78260928443,26565354404,ci-1-core,"core (windows-latest, py3.13)",completed,success,2026-05-28T09:19:33Z,2026-05-28T09:29:40Z,607,6778f8c29850a75e932adc4ec93ae90278da9608
78258256436,26564706363,ci-1-core,"core (windows-latest, py3.13)",completed,success,2026-05-28T09:02:43Z,2026-05-28T09:11:23Z,520,07d1ff954e2acceb25e79166bf45207763d9d5e3
78256022390,26563002599,ci-1-core,"core (windows-latest, py3.13)",completed,success,2026-05-28T08:48:17Z,2026-05-28T08:58:32Z,615,13d402189bfbecf4678209210e3d3be38ab77735
78255824018,26562822198,ci-1-core,"core (windows-latest, py3.13)",completed,success,2026-05-28T08:47:04Z,2026-05-28T08:57:28Z,624,11055424b16d9b0b2374ebc30c204afdcd26a8ba
78250475427,26562125447,ci-1-core,"core (windows-latest, py3.13)",completed,success,2026-05-28T08:13:11Z,2026-05-28T08:24:14Z,663,581f589c59f4e3654032ec313adccbdfa35a45f2
78250488785,26562082233,ci-1-core,"core (windows-latest, py3.13)",completed,success,2026-05-28T08:13:16Z,2026-05-28T08:22:34Z,558,64cd7733710e914488a04c17df6470b127a46242
78248144862,26561944283,ci-1-core,"core (windows-latest, py3.13)",completed,success,2026-05-28T07:57:44Z,2026-05-28T08:07:50Z,606,f06c9c59ed7df998757046ca8d6a8841b83b9c5b
78248649131,26561056097,ci-1-core,"core (windows-latest, py3.13)",completed,success,2026-05-28T08:01:05Z,2026-05-28T08:11:05Z,600,414b3e2a888b4ba19c1899591de82f8d0cbfae00
78241248319,26559765521,ci-1-core,"core (windows-latest, py3.13)",completed,success,2026-05-28T07:09:43Z,2026-05-28T07:22:34Z,771,fd1caf1163babb013fa50df45e1126df6733fa24
78240099652,26559512482,ci-1-core,"core (windows-latest, py3.13)",completed,success,2026-05-28T07:01:00Z,2026-05-28T07:11:19Z,619,f17fbac01e1c7245507fd94b82f7f104cfce632b
78240966006,26546674578,ci-1-core,"core (windows-latest, py3.13)",completed,success,2026-05-28T07:07:26Z,2026-05-28T07:20:05Z,759,9553a99eab3b01a5d141647b4b4826d31c2f892b
78241019246,26546634506,ci-1-core,"core (windows-latest, py3.13)",completed,success,2026-05-28T07:07:52Z,2026-05-28T07:18:28Z,636,b5411c32075ead936f77440fbaa17a062a517382
78240425458,26546501113,ci-1-core,"core (windows-latest, py3.13)",completed,success,2026-05-28T07:03:23Z,2026-05-28T07:15:01Z,698,5c91f97ce134f6f3caf3606fb57a4e6ea579cdfc
78199624658,26546155228,ci-1-core,"core (windows-latest, py3.13)",completed,success,2026-05-28T00:17:13Z,2026-05-28T00:29:11Z,718,5a0180e8b063542b06880d2db4876b93bbd02751
78199666917,26546120416,ci-1-core,"core (windows-latest, py3.13)",completed,success,2026-05-28T00:17:38Z,2026-05-28T00:26:14Z,516,15463c202961ed5c479dfd90db448a225abe8f9b
78198996206,26546042507,ci-1-core,"core (windows-latest, py3.13)",completed,success,2026-05-28T00:11:13Z,2026-05-28T00:20:30Z,557,9f76fd598d76c4b0ce2cf3d3f43b3ddd229bd1e0
78197547290,26545528927,ci-1-core,"core (windows-latest, py3.13)",completed,success,2026-05-27T23:57:34Z,2026-05-28T00:07:34Z,600,6ea3268672aa57c014374c524fe8b8929dbe7509
78196317444,26544732042,ci-1-core,"core (windows-latest, py3.13)",completed,success,2026-05-27T23:46:02Z,2026-05-27T23:55:29Z,567,40a4987ca7390ec7c514551541d3afd420c7f96e
78195197892,26544570253,ci-1-core,"core (windows-latest, py3.13)",completed,success,2026-05-27T23:35:54Z,2026-05-27T23:45:07Z,553,41915846199a089ae407932d5c9c82dc1b532ab9
78187131306,26542251771,ci-1-core,"core (windows-latest, py3.13)",completed,success,2026-05-27T22:30:38Z,2026-05-27T22:40:38Z,600,fc2b9348e1880f38a18561e898cc2d8bd7c6e0e7
78185458575,26541460341,ci-1-core,"core (windows-latest, py3.13)",completed,cancelled,2026-05-27T22:17:14Z,2026-05-27T22:22:54Z,340,753a3926958ccd8c0982ab7d346cb186cbd18de5
78185612520,26541231665,ci-1-core,"core (windows-latest, py3.13)",completed,success,2026-05-27T22:18:25Z,2026-05-27T22:27:33Z,548,df76cd39121ea288e72020589ef6169418b3df5f
78187418172,26540936235,ci-1-core,"core (windows-latest, py3.13)",completed,success,2026-05-27T22:33:28Z,2026-05-27T22:42:46Z,558,1aabb9a31aead163c4160732fa091ce66940bd4e
78181030510,26540223305,ci-1-core,"core (windows-latest, py3.13)",completed,cancelled,2026-05-27T21:46:49Z,2026-05-27T21:55:22Z,513,f2f0746fa5a753224f340df05ead75f068eece6b
78181685540,26539476316,ci-1-core,"core (windows-latest, py3.13)",completed,success,2026-05-27T21:51:03Z,2026-05-27T22:00:06Z,543,1c597459bfd7056e2cd63b1c77e27ef3e1c6bdb4
78180827501,26539389813,ci-1-core,"core (windows-latest, py3.13)",completed,success,2026-05-27T21:45:30Z,2026-05-27T21:55:40Z,610,6eb746d0cb6949ce7cb072e950f6bd9d4c217e69
78180636812,26539094419,ci-1-core,"core (windows-latest, py3.13)",completed,success,2026-05-27T21:44:15Z,2026-05-27T21:53:17Z,542,957aa9c882a1686cd42af45bb0574e4ba300373e
78177463435,26538780624,ci-1-core,"core (windows-latest, py3.13)",completed,success,2026-05-27T21:24:08Z,2026-05-27T21:33:55Z,587,781542f089a26d412dd0756bf77a9c532b626d9d
78163568451,26534713123,ci-1-core,"core (windows-latest, py3.13)",completed,success,2026-05-27T20:04:10Z,2026-05-27T20:13:53Z,583,68e5827b289c9b895b2414ba7e10129c41770d76
78163690782,26534284930,ci-1-core,"core (windows-latest, py3.13)",completed,success,2026-05-27T20:04:52Z,2026-05-27T20:15:07Z,615,5a54c77d04f1c26c9b32a3467bef9f4c6d5d30d7
78159522277,26533982429,ci-1-core,"core (windows-latest, py3.13)",completed,success,2026-05-27T19:41:47Z,2026-05-27T19:52:12Z,625,e6ca13ae6893d0f14f470116ec92bd5a6fe03158
78159582965,26532076937,ci-1-core,"core (windows-latest, py3.13)",completed,success,2026-05-27T19:42:05Z,2026-05-27T19:51:26Z,561,dea2ae0691d0fbe9f0b1ef535aa7041612829b79
78159629289,26532024399,ci-1-core,"core (windows-latest, py3.13)",completed,success,2026-05-27T19:42:20Z,2026-05-27T19:52:17Z,597,c72a897db854bcb2e6017e35a7e4bbf112f83a0c
78151260953,26531634896,ci-1-core,"core (windows-latest, py3.13)",completed,success,2026-05-27T18:56:32Z,2026-05-27T19:05:57Z,565,aedd981532d752663b5537df70d30d74212f30fc
78151130610,26530896803,ci-1-core,"core (windows-latest, py3.13)",completed,success,2026-05-27T18:55:49Z,2026-05-27T19:05:13Z,564,6742a8e4250eb7ed08fbc3c5be9eab8714c52f08
78147696720,26528791727,ci-1-core,"core (windows-latest, py3.13)",completed,success,2026-05-27T18:37:13Z,2026-05-27T18:46:32Z,559,9728332278c287e81a71fdbe8a1cbb77a870b66f
78148394735,26528571731,ci-1-core,"core (windows-latest, py3.13)",completed,success,2026-05-27T18:41:01Z,2026-05-27T18:51:09Z,608,15d261eb1ba533021bf783a66f5dae8590d1bbea
78147207843,26528570269,ci-1-core,"core (windows-latest, py3.13)",completed,success,2026-05-27T18:34:33Z,2026-05-27T18:47:15Z,762,dc56da1eace6eda4d1f35056a3d77f6ac59aea5a
78147935296,26528524784,ci-1-core,"core (windows-latest, py3.13)",completed,cancelled,2026-05-27T18:38:34Z,2026-05-27T18:46:33Z,479,86a56965dbe1ec738a740da76cc135eb45aac5ab
78139872036,26528402419,ci-1-core,"core (windows-latest, py3.13)",completed,success,2026-05-27T17:54:34Z,2026-05-27T18:04:35Z,601,d8d392c402623d387023db0d5ff370ea531fb15f
78135718498,26526787438,ci-1-core,"core (windows-latest, py3.13)",completed,success,2026-05-27T17:31:50Z,2026-05-27T17:41:24Z,574,9e4d410efe60dec411d783ebe3fddef99e7d1bbb
78122728317,26523542197,ci-1-core,"core (windows-latest, py3.13)",completed,success,2026-05-27T16:23:39Z,2026-05-27T16:37:21Z,822,56eb9e270b643a29add43e7c8ddda55f9cbad2be
78120645372,26522539697,ci-1-core,"core (windows-latest, py3.13)",completed,success,2026-05-27T16:12:12Z,2026-05-27T16:22:10Z,598,4e06f37f0257af27d3c89d774e44eb6a347c20f8
78117352445,26522021564,ci-1-core,"core (windows-latest, py3.13)",completed,success,2026-05-27T15:55:36Z,2026-05-27T16:04:31Z,535,1da01e31840e4a13da2bc9381664861f1fc3e643
78113243575,26520557504,ci-1-core,"core (windows-latest, py3.13)",completed,success,2026-05-27T15:35:38Z,2026-05-27T15:44:48Z,550,ba8a31f8f5898f52f69a894f879a79cf66577e8b
78111896644,26520549125,ci-1-core,"core (windows-latest, py3.13)",completed,success,2026-05-27T15:29:11Z,2026-05-27T15:39:11Z,600,f95f52afe86b87d8d8ddc837f75eb959cb157e2f
78112767858,26520549541,ci-1-core,"core (windows-latest, py3.13)",completed,success,2026-05-27T15:33:18Z,2026-05-27T15:42:44Z,566,c4b0e6bfcb47c335e7b94774f7a6181392243f1c
78111814569,26520239597,ci-1-core,"core (windows-latest, py3.13)",completed,success,2026-05-27T15:28:48Z,2026-05-27T15:38:09Z,561,d426b002ae6eb99976e3930dacee26a38ddad7b3
78109030810,26519002983,ci-1-core,"core (windows-latest, py3.13)",completed,success,2026-05-27T15:15:29Z,2026-05-27T15:25:47Z,618,28760aade2ef5a578ae15617215a9376fd908f17
78101798062,26517772652,ci-1-core,"core (windows-latest, py3.13)",completed,success,2026-05-27T14:41:36Z,2026-05-27T14:52:19Z,643,c2efe53d08ae22b81390467d282b0e4b835633bc
78090417841,26513731777,ci-1-core,"core (windows-latest, py3.13)",completed,success,2026-05-27T13:48:27Z,2026-05-27T13:58:29Z,602,114bfbe5d08c8d66e91c1e748ca414625eb80019
78087147904,26513519935,ci-1-core,"core (windows-latest, py3.13)",completed,success,2026-05-27T13:32:36Z,2026-05-27T13:41:23Z,527,ca3776e396bc26579ce9596d634e372a125b0c27
78088859405,26512727575,ci-1-core,"core (windows-latest, py3.13)",completed,success,2026-05-27T13:41:00Z,2026-05-27T13:50:01Z,541,485eeae87b48d8ccd294bfd2cad9749d5a8cc8fb
78081585645,26512316685,ci-1-core,"core (windows-latest, py3.13)",completed,success,2026-05-27T13:04:52Z,2026-05-27T13:13:54Z,542,db22f9813e0a4f0663bfaff3cb57b8d1a3f479e4
78081752442,26511910820,ci-1-core,"core (windows-latest, py3.13)",completed,success,2026-05-27T13:05:41Z,2026-05-27T13:15:15Z,574,521e77e232e0fd68abf11623e32144b8c59d4863
78076342598,26510534628,ci-1-core,"core (windows-latest, py3.13)",completed,success,2026-05-27T12:32:20Z,2026-05-27T12:42:29Z,609,7c3faf9f565e903333dcd3034f1cd811a01b9f16
78076383820,26510492743,ci-1-core,"core (windows-latest, py3.13)",completed,success,2026-05-27T12:32:34Z,2026-05-27T12:41:50Z,556,2e4a764aef974042ae66dcf47dab251d2bd82226
78065453883,26507438363,ci-1-core,"core (windows-latest, py3.13)",completed,success,2026-05-27T11:20:17Z,2026-05-27T11:30:48Z,631,31361ad3f5422b97b96418073c7efb7e8b632eef
78065449575,26507396437,ci-1-core,"core (windows-latest, py3.13)",completed,success,2026-05-27T11:20:14Z,2026-05-27T11:29:14Z,540,073d3138355e1a57fd9580757b3f0d222d8bd2e5
78065619270,26505718460,ci-1-core,"core (windows-latest, py3.13)",completed,success,2026-05-27T11:21:17Z,2026-05-27T11:29:55Z,518,3db512a5cfa4eec21846b6ed9205ca8568778282
78053869346,26504277763,ci-1-core,"core (windows-latest, py3.13)",completed,success,2026-05-27T10:05:59Z,2026-05-27T10:15:57Z,598,f3f220a00c697a234c12787ec99b345490442ed3
78054259301,26504127348,ci-1-core,"core (windows-latest, py3.13)",completed,success,2026-05-27T10:08:29Z,2026-05-27T10:17:59Z,570,a1f595f27fb790f67d123e5840921f9fc0b1105b
78051862717,26503562946,ci-1-core,"core (windows-latest, py3.13)",completed,success,2026-05-27T09:53:39Z,2026-05-27T10:03:54Z,615,a615cff827d0a05bd747e192b772f87f05a525a1
78048938512,26502453554,ci-1-core,"core (windows-latest, py3.13)",completed,success,2026-05-27T09:38:08Z,2026-05-27T09:47:34Z,566,816ed80f1dd23e0ea880ecb97f0210d738df04d1
78046925538,26501546648,ci-1-core,"core (windows-latest, py3.13)",completed,success,2026-05-27T09:23:37Z,2026-05-27T09:35:04Z,687,e5aed49a2cf0a695ecf34c7ba4b0ae69c0c72f13
78045979376,26501534866,ci-1-core,"core (windows-latest, py3.13)",completed,success,2026-05-27T09:22:40Z,2026-05-27T09:32:02Z,562,782b7acf0dfc5634b50139a12823426bba4fba18
78045803851,26500858211,ci-1-core,"core (windows-latest, py3.13)",completed,success,2026-05-27T09:17:13Z,2026-05-27T09:27:17Z,604,6386a75ef7c8859942a44946c8a617e51bef8c2d
78038971086,26499659638,ci-1-core,"core (windows-latest, py3.13)",completed,success,2026-05-27T08:36:37Z,2026-05-27T08:44:02Z,445,885c24f4e07a944630e05a0cb47fc38f562a9d62
78035167249,26497047610,ci-1-core,"core (windows-latest, py3.13)",completed,success,2026-05-27T08:15:20Z,2026-05-27T08:24:14Z,534,3633cb1de539d19664195274a2c4fc595e756461
78027380611,26496583092,ci-1-core,"core (windows-latest, py3.13)",completed,cancelled,2026-05-27T07:21:13Z,2026-05-27T07:23:12Z,119,3376c6d074af564343e761e9343e5a829894028a
78028454835,26496207030,ci-1-core,"core (windows-latest, py3.13)",completed,success,2026-05-27T07:32:37Z,2026-05-27T07:41:26Z,529,31f4f92130712b07a9e52b280372bf98aed939ee
78027584834,26496153108,ci-1-core,"core (windows-latest, py3.13)",completed,success,2026-05-27T07:23:52Z,2026-05-27T07:32:34Z,522,0a420591c859ce8e413b6217c44247db4a77bea6
78027464398,26495805222,ci-1-core,"core (windows-latest, py3.13)",completed,success,2026-05-27T07:23:31Z,2026-05-27T07:33:28Z,597,4d966544d211df9183f262d4f90bae9d621eb313
78023315793,26495207999,ci-1-core,"core (windows-latest, py3.13)",completed,success,2026-05-27T06:55:29Z,2026-05-27T07:05:44Z,615,c65e24dd384fe824bf0d37bc334d142aa37a064e
78022516188,26495099772,ci-1-core,"core (windows-latest, py3.13)",completed,success,2026-05-27T06:47:23Z,2026-05-27T06:55:27Z,484,3d06a8d8bebb63540c8794b6a8a7b3d6f25e70a8
78020890889,26494522133,ci-1-core,"core (windows-latest, py3.13)",completed,cancelled,2026-05-27T06:32:58Z,2026-05-27T06:36:28Z,210,3a33a7f7fe6c754a1c0d969e32ddbf10dc3e3d7e
78020086146,26477780938,ci-1-core,"core (windows-latest, py3.13)",completed,success,2026-05-27T06:27:24Z,2026-05-27T06:36:40Z,556,fc4070720576451f88249781d91e8d6bed59a04c
78019306605,26477627125,ci-1-core,"core (windows-latest, py3.13)",completed,success,2026-05-27T06:20:21Z,2026-05-27T06:28:33Z,492,15e6b944eb46db944695f186ab1ece999ce5721f
77967012513,26477225329,ci-1-core,"core (windows-latest, py3.13)",completed,success,2026-05-26T21:59:44Z,2026-05-26T22:09:15Z,571,0518c60a36d3c8b8d92ceeb4fccb53e14f9dbbd9
77965345433,26476691004,ci-1-core,"core (windows-latest, py3.13)",completed,success,2026-05-26T21:48:08Z,2026-05-26T21:56:52Z,524,d39d8ce4ca3f373b0dea19ad3d97caf9ac0d73d9
77964612263,26476515573,ci-1-core,"core (windows-latest, py3.13)",completed,cancelled,2026-05-26T21:44:51Z,2026-05-26T21:51:14Z,383,5d5715a81e0df27a47116fa2e62639efbc53f6fd
77962548961,26475738250,ci-1-core,"core (windows-latest, py3.13)",completed,success,2026-05-26T21:30:11Z,2026-05-26T21:38:29Z,498,b7be80a366b5ed244c1c24157888c9c030fbd497
77961020329,26475432696,ci-1-core,"core (windows-latest, py3.13)",completed,success,2026-05-26T21:23:55Z,2026-05-26T21:32:18Z,503,feab5388051a51b953283659d9d6824abfb426a7
77958695159,26474636793,ci-1-core,"core (windows-latest, py3.13)",completed,success,2026-05-26T21:06:19Z,2026-05-26T21:15:30Z,551,d3c0a0e04d5565f6317b74ce65178f4faf576042
77958554289,26474386064,ci-1-core,"core (windows-latest, py3.13)",completed,success,2026-05-26T21:05:30Z,2026-05-26T21:15:07Z,577,f4600bd3e9f1148cbb8e4e68df7259bfba8d548f
77956845048,26474231732,ci-1-core,"core (windows-latest, py3.13)",completed,success,2026-05-26T20:55:33Z,2026-05-26T21:04:03Z,510,9c0e7dff560dd1327df9a4c28caa5b16ef4faae5
77955141014,26473670706,ci-1-core,"core (windows-latest, py3.13)",completed,success,2026-05-26T20:45:41Z,2026-05-26T20:52:38Z,417,adb2f9ae6fb0476ae3affba5c097e91c63eeba8a
77955094573,26473537775,ci-1-core,"core (windows-latest, py3.13)",completed,success,2026-05-26T20:45:25Z,2026-05-26T20:54:32Z,547,a1afb6d27c6b3b3f00c98afbbc60248743aeb3b5
77953599302,26473272520,ci-1-core,"core (windows-latest, py3.13)",completed,success,2026-05-26T20:36:53Z,2026-05-26T20:45:05Z,492,115b18182b6cc288bf5b312087a57cc68e1a0c8b
77939145555,26468813523,ci-1-core,"core (windows-latest, py3.13)",completed,success,2026-05-26T19:14:33Z,2026-05-26T19:23:38Z,545,395367cddc23eb976b9c05e3f05204cea0e4164d
77939036563,26468704488,ci-1-core,"core (windows-latest, py3.13)",completed,success,2026-05-26T19:14:28Z,2026-05-26T19:22:43Z,495,fd212b10288dbf937e5ff6c8c8ab75a766dd7386
77939701010,26468653197,ci-1-core,"core (windows-latest, py3.13)",completed,success,2026-05-26T19:17:41Z,2026-05-26T19:25:24Z,463,1871b5eeecaa77254c0d1a7566c3bffaaff664e0
77936809049,26468271342,ci-1-core,"core (windows-latest, py3.13)",completed,success,2026-05-26T19:03:11Z,2026-05-26T19:12:10Z,539,623103afca015bbc4fac32e99db689fdec410c15
77932424527,26467325844,ci-1-core,"core (windows-latest, py3.13)",completed,success,2026-05-26T18:37:48Z,2026-05-26T18:45:38Z,470,5ca207bfd34beef2e36adf2b5c9e744e2cd78a81
77880432575,26452943711,ci-1-core,"core (windows-latest, py3.13)",completed,success,2026-05-26T14:10:43Z,2026-05-26T14:19:20Z,517,1d57a04cc403e16eeae1de2b28e369f4ce67d387
77880002209,26452842799,ci-1-core,"core (windows-latest, py3.13)",completed,success,2026-05-26T14:08:42Z,2026-05-26T14:17:51Z,549,c06142dc6501972351e9f0119a58f35401e8b263
77857097748,26447016539,ci-1-core,"core (windows-latest, py3.13)",completed,success,2026-05-26T10:39:20Z,2026-05-26T10:47:33Z,493,07b3e578d76ac3398caf5cad37e572f9c0f7543c
77853177895,26445756442,ci-1-core,"core (windows-latest, py3.13)",completed,success,2026-05-26T10:13:59Z,2026-05-26T10:22:51Z,532,56012aa8a993f601bf1fa1a886881ef5e6a2467d
77852726974,26445629253,ci-1-core,"core (windows-latest, py3.13)",completed,success,2026-05-26T10:11:08Z,2026-05-26T10:20:07Z,539,0fe481581c9e0af30b4331185debef5cddae632e
77851495794,26445370361,ci-1-core,"core (windows-latest, py3.13)",completed,success,2026-05-26T10:03:19Z,2026-05-26T10:12:04Z,525,b055a57335506991629c5e83557e0ecd52155040
77849198124,26444633438,ci-1-core,"core (windows-latest, py3.13)",completed,success,2026-05-26T09:49:19Z,2026-05-26T09:59:05Z,586,d81a773bcae624693abfbc3950f6d1c90e061be6
77847366997,26444194328,ci-1-core,"core (windows-latest, py3.13)",completed,success,2026-05-26T09:38:12Z,2026-05-26T09:46:09Z,477,c09b4a12f9dc293564716b53eee1e6deca80ff9b
77843583891,26443099810,ci-1-core,"core (windows-latest, py3.13)",completed,success,2026-05-26T09:15:28Z,2026-05-26T09:28:04Z,756,c3929280e72bc75538a602a581816d53351c5b1a
77843505766,26442615945,ci-1-core,"core (windows-latest, py3.13)",completed,success,2026-05-26T09:14:57Z,2026-05-26T09:24:36Z,579,632a108aa0ab8b4d96766e13ed205767ec9d7773
77841761452,26442566105,ci-1-core,"core (windows-latest, py3.13)",completed,cancelled,2026-05-26T09:04:14Z,2026-05-26T09:07:48Z,214,27baadac30d7c3518a4d97b1b5dbd7fefd8b2128
77840357095,26442094702,ci-1-core,"core (windows-latest, py3.13)",completed,success,2026-05-26T08:55:41Z,2026-05-26T09:07:36Z,715,5104df06f95e5aff1a17e1a69dd4baeb1c180d9c
77841555788,26442077079,ci-1-core,"core (windows-latest, py3.13)",completed,success,2026-05-26T09:02:59Z,2026-05-26T09:14:33Z,694,67d6826a3bd1617ca1d70844ed5e120ee6b88f03
77839067453,26441450977,ci-1-core,"core (windows-latest, py3.13)",completed,success,2026-05-26T08:47:26Z,2026-05-26T08:58:29Z,663,01d217a8526c27727278f39e8be4ea3760e88dca
77835112457,26440300640,ci-1-core,"core (windows-latest, py3.13)",completed,success,2026-05-26T08:22:31Z,2026-05-26T08:33:02Z,631,b171df67a2d59b6711e43e5b95b7401f263c986c
77832880145,26439981939,ci-1-core,"core (windows-latest, py3.13)",completed,success,2026-05-26T08:07:32Z,2026-05-26T08:19:00Z,688,34ccaba43bbcb21e3bc388eaded5590200f5e3b6
77830749892,26439263372,ci-1-core,"core (windows-latest, py3.13)",completed,success,2026-05-26T07:53:08Z,2026-05-26T07:59:57Z,409,95492406da579d5e1e1de393f87b7d317014361b
77830627033,26439086134,ci-1-core,"core (windows-latest, py3.13)",completed,success,2026-05-26T07:52:17Z,2026-05-26T08:05:04Z,767,117dde1154c4c0d93b5c47f05c78046673cbd17f
77829781043,26439050579,ci-1-core,"core (windows-latest, py3.13)",completed,success,2026-05-26T07:46:34Z,2026-05-26T07:55:40Z,546,ce64806628f83dd7730a47d66e97e5780d3f55cc
77828704715,26438758304,ci-1-core,"core (windows-latest, py3.13)",completed,success,2026-05-26T07:38:51Z,2026-05-26T07:50:13Z,682,bce817d8cccfb2ed5e2869735b1ddbbcd3dd9183
77820957281,26436373396,ci-1-core,"core (windows-latest, py3.13)",completed,success,2026-05-26T06:41:08Z,2026-05-26T06:52:12Z,664,4eb88e2feac109766fe16507b515bddc2b3465d3
77820759893,26436325030,ci-1-core,"core (windows-latest, py3.13)",completed,success,2026-05-26T06:39:29Z,2026-05-26T06:50:32Z,663,327ef51034bf895ce2c2a9e8698b5a4884ed9865
77818635718,26435406231,ci-1-core,"core (windows-latest, py3.13)",completed,success,2026-05-26T06:21:14Z,2026-05-26T06:32:35Z,681,41c2db99758ed6ce7cda174ce70da1149f4d6321
77817174235,26435201508,ci-1-core,"core (windows-latest, py3.13)",completed,success,2026-05-26T06:08:08Z,2026-05-26T06:17:27Z,559,aa877f052dcbf3bbb754b143f55346d5365f98f0
77817309963,26435051548,ci-1-core,"core (windows-latest, py3.13)",completed,success,2026-05-26T06:09:21Z,2026-05-26T06:20:14Z,653,7dfcd307401cb578c390db028cd3c9cf643fe637
77815811518,26434764997,ci-1-core,"core (windows-latest, py3.13)",completed,success,2026-05-26T05:55:44Z,2026-05-26T06:05:07Z,563,7ec0944fd03d20fff91b78bf6135762a54625cb8
77815763407,26434660509,ci-1-core,"core (windows-latest, py3.13)",completed,success,2026-05-26T05:55:17Z,2026-05-26T06:06:25Z,668,78842aa84aae01279501cf63238d511f63009a88
77815130078,26434151175,ci-1-core,"core (windows-latest, py3.13)",completed,success,2026-05-26T05:48:59Z,2026-05-26T05:59:16Z,617,88a93c49894391989cc084d40a6caa1bd74e9071
77770017458,26418925979,ci-1-core,"core (windows-latest, py3.13)",completed,success,2026-05-25T20:47:03Z,2026-05-25T20:56:41Z,578,4488caab89cd11f7154f86f2cd57ea885d67e493
77767863766,26418209086,ci-1-core,"core (windows-latest, py3.13)",completed,cancelled,2026-05-25T20:26:14Z,2026-05-25T20:27:13Z,59,365f644547ff5444d8ceb3fb55ba8fbc4687ecbe
77767972255,26418174209,ci-1-core,"core (windows-latest, py3.13)",completed,success,2026-05-25T20:27:16Z,2026-05-25T20:38:21Z,665,cfaaaa46a4258c1af5308ae5ab3461fee7e6f203
77767629554,26417658114,ci-1-core,"core (windows-latest, py3.13)",completed,success,2026-05-25T20:23:51Z,2026-05-25T20:34:08Z,617,21459f3387f63e602daaced30940e37c58cebc21
77767487198,26417640084,ci-1-core,"core (windows-latest, py3.13)",completed,success,2026-05-25T20:22:30Z,2026-05-25T20:33:37Z,667,dae1dba5aa7615ac691e2d74925fee48d1830b5a
77765904323,26417447557,ci-1-core,"core (windows-latest, py3.13)",completed,cancelled,2026-05-25T20:06:13Z,2026-05-25T20:15:21Z,548,36a9ece8466bbe5be6a2b86c7b0b6a21d05ee364
77765809290,26417400190,ci-1-core,"core (windows-latest, py3.13)",completed,success,2026-05-25T20:05:13Z,2026-05-25T20:16:51Z,698,c15fb6482819fd0c3932062a373a83c44bf5044e
77765477927,26417230655,ci-1-core,"core (windows-latest, py3.13)",completed,success,2026-05-25T20:02:19Z,2026-05-25T20:13:49Z,690,c120fb10d3ae4b070b1800310d079fd24c7b34db
77765449199,26417113078,ci-1-core,"core (windows-latest, py3.13)",completed,success,2026-05-25T20:01:42Z,2026-05-25T20:12:27Z,645,31651b000722ec4a5ffe9eb21b5e9888354901b3
77766166217,26417071938,ci-1-core,"core (windows-latest, py3.13)",completed,success,2026-05-25T20:08:56Z,2026-05-25T20:20:06Z,670,9ec1dc9c7f6218868779f5736200d85aa69be670
77764586064,26417010418,ci-1-core,"core (windows-latest, py3.13)",completed,cancelled,2026-05-25T19:52:51Z,2026-05-25T19:55:48Z,177,ad4cdbb9bbf758df8215b7dc234528e3f99077b8
77765921957,26416989113,ci-1-core,"core (windows-latest, py3.13)",completed,success,2026-05-25T20:06:23Z,2026-05-25T20:17:19Z,656,d217a48dc8a91548debf7ad1e676b7459586641f
77764215609,26416902183,ci-1-core,"core (windows-latest, py3.13)",completed,success,2026-05-25T19:49:11Z,2026-05-25T19:59:16Z,605,81b8d41379670eaf5ac8c4dc1666f17c80013069
77763375676,26416463372,ci-1-core,"core (windows-latest, py3.13)",completed,cancelled,2026-05-25T19:41:00Z,2026-05-25T19:51:08Z,608,1f07a797f8b37bec70450f9668637b0bac547a47
77763514252,26416447222,ci-1-core,"core (windows-latest, py3.13)",completed,cancelled,2026-05-25T19:42:32Z,2026-05-25T19:52:40Z,608,868b3150f897b2a71fae78ec51488b87640c0398
77763058083,26416395498,ci-1-core,"core (windows-latest, py3.13)",completed,cancelled,2026-05-25T19:39:33Z,2026-05-25T19:49:39Z,606,d04d241678f6eb0b273916e9cbc949f3cf21d244
77763000086,26416324860,ci-1-core,"core (windows-latest, py3.13)",completed,cancelled,2026-05-25T19:37:44Z,2026-05-25T19:47:50Z,606,05ceb45a00ae9eed05bfb3d6a3fa2839d5aa19db
77761390400,26410815799,ci-1-core,"core (windows-latest, py3.13)",completed,cancelled,2026-05-25T19:21:56Z,2026-05-25T19:32:03Z,607,4e3e1d61aa562a947e29ac583b51568281c50967
77761265673,26410541061,ci-1-core,"core (windows-latest, py3.13)",completed,success,2026-05-25T19:20:42Z,2026-05-25T19:31:11Z,629,8f9ed0c795d543621d86ed4fe1bda17991cc2cc7
77744167252,26410422424,ci-1-core,"core (windows-latest, py3.13)",completed,cancelled,2026-05-25T16:40:32Z,2026-05-25T16:50:38Z,606,0e126f6df06877853c92c41ad98e9f195f883400
77740871066,26409159669,ci-1-core,"core (windows-latest, py3.13)",completed,cancelled,2026-05-25T16:10:32Z,2026-05-25T16:20:38Z,606,c970d5613632ab0abdfdcec3f0736eb68b6bc6a7
77740687037,26409056014,ci-1-core,"core (windows-latest, py3.13)",completed,cancelled,2026-05-25T16:09:00Z,2026-05-25T16:19:07Z,607,6efc67b7bffaaa4307ba36f36d28bcaf2bea5497
77738934142,26408705589,ci-1-core,"core (windows-latest, py3.13)",completed,cancelled,2026-05-25T15:54:21Z,2026-05-25T16:04:31Z,610,aa01bddf647d18e48db6cd94778e0986aa0ebb7d
77737281869,26408104681,ci-1-core,"core (windows-latest, py3.13)",completed,cancelled,2026-05-25T15:40:54Z,2026-05-25T15:51:00Z,606,e282474d3f63edd49c653b52c027ea697a0ce9f1
77735493432,26407615150,ci-1-core,"core (windows-latest, py3.13)",completed,cancelled,2026-05-25T15:26:32Z,2026-05-25T15:36:40Z,608,b4a797a94f5449de6310271894dfa0688a92aa42
77733161643,26406880863,ci-1-core,"core (windows-latest, py3.13)",completed,cancelled,2026-05-25T15:08:22Z,2026-05-25T15:18:28Z,606,1d28c33e218070279b0abe3b82dbe1ad83ca938b
77731200829,26406271260,ci-1-core,"core (windows-latest, py3.13)",completed,cancelled,2026-05-25T14:53:46Z,2026-05-25T15:03:54Z,608,83ab951b4c3076d24a341d578e64e05c5390bb27
77731252111,26406264451,ci-1-core,"core (windows-latest, py3.13)",completed,cancelled,2026-05-25T14:54:12Z,2026-05-25T15:04:19Z,607,fd1bf9c95acee80de95899834936db91f717395d
77733288180,26406224260,ci-1-core,"core (windows-latest, py3.13)",completed,cancelled,2026-05-25T15:09:20Z,2026-05-25T15:19:31Z,611,e69ad1c623579c031a0c34f00b5e9b1d3475b386
77729504838,26405753766,ci-1-core,"core (windows-latest, py3.13)",completed,cancelled,2026-05-25T14:41:09Z,2026-05-25T14:51:16Z,607,dac8f1d8e59d07e6b16b66dd4143a55d25c45d0a
77725268479,26403064494,ci-1-core,"core (windows-latest, py3.13)",completed,cancelled,2026-05-25T14:10:03Z,2026-05-25T14:20:11Z,608,2e110a408168033cc8bbc30a53bdd541988c5753
77720008134,26402837915,ci-1-core,"core (windows-latest, py3.13)",completed,cancelled,2026-05-25T13:32:36Z,2026-05-25T13:42:45Z,609,4321052bdf0c7879a8ec42ea538c1f6176d0a8df
77719700757,26402101087,ci-1-core,"core (windows-latest, py3.13)",completed,cancelled,2026-05-25T13:30:23Z,2026-05-25T13:40:33Z,610,5d737ee1fb8ae5a3f6a541c903c5a11be5de83b2
77717438092,26402062384,ci-1-core,"core (windows-latest, py3.13)",completed,success,2026-05-25T13:13:49Z,2026-05-25T13:20:09Z,380,76d8a07e8a2c8df7606cca115fe4101eacce7713
78459188585,26624459889,ci-1-core,"core (windows-latest, py3.13)",completed,cancelled,2026-05-29T07:43:00Z,2026-05-29T07:46:14Z,194,b62b5d4466e70331baedd064467d0c9d45bbb863
78456834996,26623749944,ci-1-core,"core (windows-latest, py3.13)",completed,cancelled,2026-05-29T07:25:53Z,2026-05-29T07:31:35Z,342,ae0aafa8a3216648f3dc92e3662cce51e321d578
78459407354,26608007138,ci-1-core,"core (windows-latest, py3.13)",completed,success,2026-05-29T07:44:43Z,2026-05-29T07:54:50Z,607,01e712b050566520b5e98d10b437be7800aa1e14
78456862940,26607633809,ci-1-core,"core (windows-latest, py3.13)",completed,success,2026-05-29T07:26:05Z,2026-05-29T07:35:31Z,566,5fc05b1d3f0f361a6398800dbb5187ffef37c81e
78457546940,26607416283,ci-1-core,"core (windows-latest, py3.13)",completed,success,2026-05-29T07:31:04Z,2026-05-29T07:41:00Z,596,97190a5759e5d1f3c27c1ba8900ceaa7f0d7b627
78406489099,26607269783,ci-1-core,"core (windows-latest, py3.13)",completed,success,2026-05-28T23:10:31Z,2026-05-28T23:20:11Z,580,c21830e98e6dc42f660f5764b72424c7e559436f
78391725454,26602703121,ci-1-core,"core (windows-latest, py3.13)",completed,success,2026-05-28T21:25:08Z,2026-05-28T21:35:19Z,611,1a5898dd9a4daf1f3d2e153023117ec60a8610bf
78515275908,26640878628,ci-1-core,"core (windows-latest, py3.13)",completed,cancelled,2026-05-29T13:56:18Z,2026-05-29T13:59:29Z,191,5e3c232b61ecad87426b8dd5457160c1fb4e9e8e
78514062947,26640439611,ci-1-core,"core (windows-latest, py3.13)",completed,success,2026-05-29T13:49:31Z,2026-05-29T14:00:30Z,659,3cf79fa2f93aff09670e786abf75a50d9e39d98a
78513222110,26640011423,ci-1-core,"core (windows-latest, py3.13)",completed,success,2026-05-29T13:44:49Z,2026-05-29T13:55:12Z,623,a29cea852b112ed4bd9064e9254ea7348adb3620
78511319582,26639739771,ci-1-core,"core (windows-latest, py3.13)",completed,success,2026-05-29T13:34:13Z,2026-05-29T13:43:13Z,540,b08e6d3a5d7a9e013cc86de45eff23109c639702
78510104003,26639445574,ci-1-core,"core (windows-latest, py3.13)",completed,cancelled,2026-05-29T13:27:22Z,2026-05-29T13:39:00Z,698,6a952987a2d47216fea8b497d1eab956fb90b21c
78506480543,26638474947,ci-1-core,"core (windows-latest, py3.13)",completed,cancelled,2026-05-29T13:06:09Z,2026-05-29T13:16:07Z,598,b1bb48d98c229dac8bf9fa7038ec671b569af65c
78509944162,26630218463,ci-1-core,"core (windows-latest, py3.13)",completed,success,2026-05-29T13:26:24Z,2026-05-29T13:36:55Z,631,e7f1633416d74f977f34d30f4a308e08618d8d14
78506601621,26629259491,ci-1-core,"core (windows-latest, py3.13)",completed,success,2026-05-29T13:06:54Z,2026-05-29T13:17:10Z,616,203852291a5ebaef83639d1e4d5df43d0ab8fc4e
78506380661,26629190837,ci-1-core,"core (windows-latest, py3.13)",completed,success,2026-05-29T13:05:34Z,2026-05-29T13:16:47Z,673,f4281ed468c9881bdc034d047e3d37e2346d8413
78471502375,26628157672,ci-1-core,"core (windows-latest, py3.13)",completed,success,2026-05-29T09:08:39Z,2026-05-29T09:18:50Z,611,0014445c83944e9e304777ef34fd0c50dc6f0e2f
78471604638,26626968673,ci-1-core,"core (windows-latest, py3.13)",completed,success,2026-05-29T09:09:20Z,2026-05-29T09:20:16Z,656,e9cb21970872993a5c53541a6a113a0bd9564b22
78465705267,26626413290,ci-1-core,"core (windows-latest, py3.13)",completed,success,2026-05-29T08:29:38Z,2026-05-29T08:40:41Z,663,f1c24737acb11289d641ab455732fb9891d048ba
78465746870,26626140082,ci-1-core,"core (windows-latest, py3.13)",completed,success,2026-05-29T08:29:54Z,2026-05-29T08:40:40Z,646,bcb61104a50775e6bd49783c5da84946849927b3
78463937222,26625897318,ci-1-core,"core (windows-latest, py3.13)",completed,success,2026-05-29T08:17:18Z,2026-05-29T08:27:32Z,614,3fe3dff83bba047977b03613cf6a8418ed7f9cca
78463742480,26625732754,ci-1-core,"core (windows-latest, py3.13)",completed,success,2026-05-29T08:15:54Z,2026-05-29T08:27:00Z,666,22c82b479e891c799cc9b5e9ef963816737dcb0a
78462754644,26625619135,ci-1-core,"core (windows-latest, py3.13)",completed,cancelled,2026-05-29T08:08:51Z,2026-05-29T08:18:52Z,601,9fb486c3f9c14d7d8a72d70c896f3dce77197b38
78583272223,26658548177,ci-1-core,"core (windows-latest, py3.13)",completed,success,2026-05-29T20:39:31Z,2026-05-29T20:52:27Z,776,f9e6fec892d1308255ab305890be7acd7c6f4fd6
78575383667,26658351025,ci-1-core,"core (windows-latest, py3.13)",completed,success,2026-05-29T19:48:10Z,2026-05-29T20:00:03Z,713,9a48dd1326408984037ee710bb5b364ff76dd284
78569463235,26656387990,ci-1-core,"core (windows-latest, py3.13)",completed,success,2026-05-29T19:10:56Z,2026-05-29T19:20:37Z,581,b2c45758d8b1f8109ffb194e35be8f5d3b77c234
78569554470,26656147783,ci-1-core,"core (windows-latest, py3.13)",completed,success,2026-05-29T19:11:30Z,2026-05-29T19:22:46Z,676,2732a858ca9215157823e302d8efb726a321593b
78565030659,26655281959,ci-1-core,"core (windows-latest, py3.13)",completed,success,2026-05-29T18:44:01Z,2026-05-29T18:55:41Z,700,13d71c909633eedc680623b6548985851c6a6d7a
78562915909,26642741151,ci-1-core,"core (windows-latest, py3.13)",completed,success,2026-05-29T18:31:01Z,2026-05-29T18:42:04Z,663,373aff69a803bb5c9abbe85761849aee3331fc31
78562091840,26642316198,ci-1-core,"core (windows-latest, py3.13)",completed,success,2026-05-29T18:25:58Z,2026-05-29T18:36:23Z,625,db663929d1b2ace0cbbada9c6ece73b0ea4f8ca8
78653197863,26685431684,ci-1-core,"core (windows-latest, py3.13)",completed,success,2026-05-30T13:56:55Z,2026-05-30T14:10:13Z,798,8ca4ec977d0d6a3ed626e93d8fe2a547e32b84ca
78651867815,26684930978,ci-1-core,"core (windows-latest, py3.13)",completed,success,2026-05-30T13:32:20Z,2026-05-30T13:44:19Z,719,ab8f793a4e94ebbb583dd1f7c7ec447dae68a843
78651947428,26684749721,ci-1-core,"core (windows-latest, py3.13)",completed,success,2026-05-30T13:34:46Z,2026-05-30T13:46:32Z,706,209bd26e8b10263fb0340d993f2899ea455b5dbd
78651885819,26684390505,ci-1-core,"core (windows-latest, py3.13)",completed,success,2026-05-30T13:32:37Z,2026-05-30T13:43:37Z,660,71d301d0705a2bc53c02bfe91a3098658ef7a9a4
78649681904,26684078734,ci-1-core,"core (windows-latest, py3.13)",completed,success,2026-05-30T12:50:15Z,2026-05-30T13:00:51Z,636,8801ca672e938090a55263b26bb8341b7d3f9e39
78649712865,26683970895,ci-1-core,"core (windows-latest, py3.13)",completed,success,2026-05-30T12:50:53Z,2026-05-30T13:04:52Z,839,2e857991dd4ffe48a4c15a670c4dd16978be370b
78648248884,26683542541,ci-1-core,"core (windows-latest, py3.13)",completed,success,2026-05-30T12:23:01Z,2026-05-30T12:34:05Z,664,88b86aaced357586377ffa1cab9409725dd160b3
78648504694,26683041327,ci-1-core,"core (windows-latest, py3.13)",completed,success,2026-05-30T12:28:04Z,2026-05-30T12:39:10Z,666,36c7e0c2d3d2c3dc2fedd60597642cff5a309dbf
78648551793,26682934480,ci-1-core,"core (windows-latest, py3.13)",completed,success,2026-05-30T12:29:01Z,2026-05-30T12:39:48Z,647,869d4095b0197441aa9e218ff8a4bb5133029783
78648321908,26682820980,ci-1-core,"core (windows-latest, py3.13)",completed,success,2026-05-30T12:24:26Z,2026-05-30T12:35:28Z,662,783df139d02d56da6eee7c372601d647eec7bf76
78645584572,26682504395,ci-1-core,"core (windows-latest, py3.13)",completed,success,2026-05-30T11:28:40Z,2026-05-30T11:39:49Z,669,afd7c8aef057a35d29c8ec786237150a6896fbd5
78645926704,26682493233,ci-1-core,"core (windows-latest, py3.13)",completed,success,2026-05-30T11:35:12Z,2026-05-30T11:45:43Z,631,d06967b68e79ac5247d9b5e38b358473bedfe9d2
78645646483,26682365835,ci-1-core,"core (windows-latest, py3.13)",completed,success,2026-05-30T11:29:55Z,2026-05-30T11:41:47Z,712,cbefd16af9281739d265602328dfb59607df7092
78645688909,26682339355,ci-1-core,"core (windows-latest, py3.13)",completed,success,2026-05-30T11:30:39Z,2026-05-30T11:41:14Z,635,f2a13ba8312bc085084aac4e56fea58bf9763f4a
78644176896,26680694216,ci-1-core,"core (windows-latest, py3.13)",completed,success,2026-05-30T10:59:11Z,2026-05-30T11:09:43Z,632,53a5e366af8cda091aac7d6f9fed773416cdc6a4
78644183972,26680646105,ci-1-core,"core (windows-latest, py3.13)",completed,success,2026-05-30T10:59:20Z,2026-05-30T11:10:28Z,668,f88b88a88f32dece25c077b5ee3829b6fdb2205f
78644133337,26680469785,ci-1-core,"core (windows-latest, py3.13)",completed,success,2026-05-30T10:58:16Z,2026-05-30T11:09:56Z,700,08ddea7d205548658eadd1f1718b43f20e13c1f8
78639910213,26680349417,ci-1-core,"core (windows-latest, py3.13)",completed,success,2026-05-30T09:33:43Z,2026-05-30T09:44:42Z,659,44923e6c7369b81ddd64a5e581acdf21be67095b
78639220650,26679894636,ci-1-core,"core (windows-latest, py3.13)",completed,success,2026-05-30T09:19:46Z,2026-05-30T09:29:07Z,561,266ed3e7e1e34de4ce54bc0b086ebc54861080cd
78638201043,26679692530,ci-1-core,"core (windows-latest, py3.13)",completed,success,2026-05-30T08:59:47Z,2026-05-30T09:11:00Z,673,68e02ca2168f2939d961299c37d1544f2c860a52
78637025984,26679238727,ci-1-core,"core (windows-latest, py3.13)",completed,success,2026-05-30T08:37:25Z,2026-05-30T08:49:14Z,709,faaa3cb8b2812a32ce0a637fd6172de81ecf1303
78636994761,26679121852,ci-1-core,"core (windows-latest, py3.13)",completed,success,2026-05-30T08:36:46Z,2026-05-30T08:48:11Z,685,5173f1313dab03ccbcdf863da6ddee8212c597e1
78636205841,26678454519,ci-1-core,"core (windows-latest, py3.13)",completed,success,2026-05-30T08:21:03Z,2026-05-30T08:30:26Z,563,7c94eb114900da2cca3b9251abe1c188ce34af7f
78636212080,26677199300,ci-1-core,"core (windows-latest, py3.13)",completed,success,2026-05-30T08:21:10Z,2026-05-30T08:31:32Z,622,727dd0f5e0b262366f35fd1dbba687c6a4af9353
78714825906,26708370097,ci-1-core,"core (windows-latest, py3.13)",completed,success,2026-05-31T09:18:31Z,2026-05-31T09:32:18Z,827,adea407fb20c283527a8275f391953ca4b1f198a
78713757974,26708164872,ci-1-core,"core (windows-latest, py3.13)",completed,success,2026-05-31T08:59:33Z,2026-05-31T09:13:59Z,866,13ac754df3153524336ebeb48da19432ecdbba7c
78713196107,26707903590,ci-1-core,"core (windows-latest, py3.13)",completed,success,2026-05-31T08:49:19Z,2026-05-31T09:01:15Z,716,b72237e7c58833c43122d1f80f9854d547b770ba
78712193786,26707631798,ci-1-core,"core (windows-latest, py3.13)",completed,success,2026-05-31T08:31:16Z,2026-05-31T08:43:45Z,749,2563efcc092ac619d4f877bb01a5a6de42bbb3bc
78711032048,26705683380,ci-1-core,"core (windows-latest, py3.13)",completed,success,2026-05-31T08:09:38Z,2026-05-31T08:22:41Z,783,82c36ef598e0c86f71712971ebe87771b86eed35
78710829619,26705531798,ci-1-core,"core (windows-latest, py3.13)",completed,success,2026-05-31T08:06:04Z,2026-05-31T08:14:56Z,532,f3f28f426a2cc3539ad157278a37088752141c28
78711216761,26705434557,ci-1-core,"core (windows-latest, py3.13)",completed,success,2026-05-31T08:13:01Z,2026-05-31T08:22:08Z,547,3d70ab4703693088a1516c35e669f9192fa28c85
78710822798,26705352309,ci-1-core,"core (windows-latest, py3.13)",completed,success,2026-05-31T08:05:59Z,2026-05-31T08:18:43Z,764,e92df729286029e90a24d31844d9c5b903f151a5
78710587016,26705339930,ci-1-core,"core (windows-latest, py3.13)",completed,success,2026-05-31T08:04:15Z,2026-05-31T08:17:20Z,785,50b1a7d11840cbade7b2636b8803a68ae1dca51d
78705257097,26705125249,ci-1-core,"core (windows-latest, py3.13)",completed,success,2026-05-31T06:23:17Z,2026-05-31T06:35:03Z,706,e4c6cad6ee4a2147c3863a9f9b5a9678e711af53
78667777030,26691015455,ci-1-core,"core (windows-latest, py3.13)",completed,success,2026-05-30T18:10:22Z,2026-05-30T18:22:55Z,753,d819123803d87199ab6737196212ecae42973eda
78795163399,26721731523,ci-1-core,"core (windows-latest, py3.13)",completed,success,2026-06-01T06:00:24Z,2026-06-01T06:15:05Z,881,b68fa53d771ff5dfd64946b05bc4d6ffcf4eaaf4
78795147211,26721367080,ci-1-core,"core (windows-latest, py3.13)",completed,success,2026-06-01T06:00:18Z,2026-06-01T06:13:35Z,797,d6176aea93e7dfccf11a1df6474193f27743cd59
78748807930,26721079802,ci-1-core,"core (windows-latest, py3.13)",completed,success,2026-05-31T18:48:41Z,2026-05-31T19:02:02Z,801,f91ef67f828eb9471152b98e8a4984c789e37dde
78748804062,26719998105,ci-1-core,"core (windows-latest, py3.13)",completed,success,2026-05-31T18:48:38Z,2026-05-31T19:02:52Z,854,734a4d45495dfcac117c95983ee4ed14ff846505
78745646758,26719933998,ci-1-core,"core (windows-latest, py3.13)",completed,success,2026-05-31T17:58:42Z,2026-05-31T18:09:06Z,624,8b72eb9d17bd351c7644f99aa35c3bda91a2e5f7
78746070488,26719861508,ci-1-core,"core (windows-latest, py3.13)",completed,success,2026-05-31T18:05:22Z,2026-05-31T18:20:40Z,918,9aa86eb74faae0aa1aa69d05afade5b11d1ce5e4
78745772908,26719790996,ci-1-core,"core (windows-latest, py3.13)",completed,success,2026-05-31T18:00:38Z,2026-05-31T18:16:07Z,929,4fcee4128024c3076d2f861d8de853bd670ed328
78743867213,26719270755,ci-1-core,"core (windows-latest, py3.13)",completed,success,2026-05-31T17:29:34Z,2026-05-31T17:43:19Z,825,4be0ad2d71e117506c84696332e62cac00b91aff
78741299750,26718308092,ci-1-core,"core (windows-latest, py3.13)",completed,success,2026-05-31T16:47:36Z,2026-05-31T17:03:01Z,925,98ee2c341245b3820eb6b6694c15e5a4cc4b4c61
78743773527,26717949591,ci-1-core,"core (windows-latest, py3.13)",completed,success,2026-05-31T17:28:02Z,2026-05-31T17:40:59Z,777,d0e479763d6b27aa8df5399a9b65c9932d2c2d95
78738352770,26715571403,ci-1-core,"core (windows-latest, py3.13)",completed,success,2026-05-31T16:00:18Z,2026-05-31T16:07:29Z,431,0d4348ea46233bb107e0607219ab24fb86e10be3
78738947421,26715297208,ci-1-core,"core (windows-latest, py3.13)",completed,success,2026-05-31T16:09:46Z,2026-05-31T16:22:20Z,754,b6f9535135d5ddbe1afe1fcbddc99bff0f2fb6bf
78739167110,26715182267,ci-1-core,"core (windows-latest, py3.13)",completed,success,2026-05-31T16:13:19Z,2026-05-31T16:27:09Z,830,0cfd0eac8be9fe82c41e50f138b6f6b9dcebc75d
78739131640,26715069769,ci-1-core,"core (windows-latest, py3.13)",completed,success,2026-05-31T16:12:42Z,2026-05-31T16:24:52Z,730,d771b174d93cd1c958e04df463b1615f03e77652
78731317563,26714571472,ci-1-core,"core (windows-latest, py3.13)",completed,success,2026-05-31T14:05:50Z,2026-05-31T14:13:27Z,457,8968b9d3768d6728e887e36019cf1846553010a9
78725203862,26712246786,ci-1-core,"core (windows-latest, py3.13)",completed,success,2026-05-31T12:24:40Z,2026-05-31T12:38:55Z,855,6a7b391c2d226534bf719938362149c958fc6106
78724893371,26712210268,ci-1-core,"core (windows-latest, py3.13)",completed,success,2026-05-31T12:19:15Z,2026-05-31T12:31:59Z,764,21f15d795f5d710c7fec785d908f9fe2c2d50cc4
78724616968,26712083306,ci-1-core,"core (windows-latest, py3.13)",completed,success,2026-05-31T12:14:15Z,2026-05-31T12:24:59Z,644,dd8591fbb33ad0c07bab17956735e7a5ab84dfdf
78724271649,26711984472,ci-1-core,"core (windows-latest, py3.13)",completed,success,2026-05-31T12:08:08Z,2026-05-31T12:22:05Z,837,8970de0f11b9d9603bc6a3de491dcd0bb63d344d
78724207771,26711800067,ci-1-core,"core (windows-latest, py3.13)",completed,success,2026-05-31T12:06:57Z,2026-05-31T12:18:05Z,668,9071425b94e3cf46ee26fe20a050708b5b2b333f
78722887734,26711398162,ci-1-core,"core (windows-latest, py3.13)",completed,success,2026-05-31T11:43:36Z,2026-05-31T11:57:48Z,852,853d66e44dbbd979a22c0c03e5c6db1c633ef393
78722357804,26711279672,ci-1-core,"core (windows-latest, py3.13)",completed,cancelled,2026-05-31T11:34:14Z,2026-05-31T11:38:49Z,275,a39b25ce1ef0102fb3e51585777d90d80d861aad
78722310148,26711263707,ci-1-core,"core (windows-latest, py3.13)",completed,success,2026-05-31T11:33:26Z,2026-05-31T11:46:40Z,794,2a9c6d73f739fec7b26fc9f7fd78dabf9566e10c
78722513208,26711207967,ci-1-core,"core (windows-latest, py3.13)",completed,success,2026-05-31T11:36:58Z,2026-05-31T11:46:58Z,600,528225eeebc032cffda3bca4eb79d6afe674d386
78721617779,26711004559,ci-1-core,"core (windows-latest, py3.13)",completed,cancelled,2026-05-31T11:20:45Z,2026-05-31T11:23:54Z,189,e654aaa3a55fc084de08530f534f8b25d43baa41
78722089106,26710892705,ci-1-core,"core (windows-latest, py3.13)",completed,success,2026-05-31T11:30:02Z,2026-05-31T11:43:37Z,815,7079cc4317e64bbec70e908e1672851fc77a3ff2
78721151157,26710720923,ci-1-core,"core (windows-latest, py3.13)",completed,success,2026-05-31T11:12:17Z,2026-05-31T11:24:38Z,741,07c6df606f4a4139396639c4a63aa5ac74f601b2
78720770040,26710668261,ci-1-core,"core (windows-latest, py3.13)",completed,success,2026-05-31T11:05:17Z,2026-05-31T11:17:41Z,744,8c044a84e1e83644f8387af5e4719f7d3c2d8776
78720800266,26710299602,ci-1-core,"core (windows-latest, py3.13)",completed,success,2026-05-31T11:07:14Z,2026-05-31T11:18:40Z,686,6627cda23579be6a23b78a57c6291fef37c1f75e
78720352744,26710284992,ci-1-core,"core (windows-latest, py3.13)",completed,success,2026-05-31T10:58:04Z,2026-05-31T11:10:01Z,717,d964bbbc50f3368529376809333f55c79d2cd1b8
78720045136,26710284587,ci-1-core,"core (windows-latest, py3.13)",completed,cancelled,2026-05-31T10:52:49Z,2026-05-31T10:56:15Z,206,52df4dbf059fe7f136eae984c122321fa877ea0b
78719481345,26710215790,ci-1-core,"core (windows-latest, py3.13)",completed,success,2026-05-31T10:43:01Z,2026-05-31T10:56:10Z,789,cf782bd70c6e35f66221035f615b7655eec82feb
78821792472,26745586152,ci-1-core,"core (windows-latest, py3.13)",completed,success,2026-06-01T09:16:31Z,2026-06-01T09:31:21Z,890,a4f22536d9d32204becda6efd1a03641fbb221c3
78821858522,26744959963,ci-1-core,"core (windows-latest, py3.13)",completed,success,2026-06-01T09:16:56Z,2026-06-01T09:25:54Z,538,584c7ad7a275377307ad3b2e4fd386df1d321591
78821718969,26744493554,ci-1-core,"core (windows-latest, py3.13)",completed,success,2026-06-01T09:16:04Z,2026-06-01T09:29:41Z,817,c0d2d3f85ec46bb24b8e76e8006d40a2a92abadb
78816134990,26743775159,ci-1-core,"core (windows-latest, py3.13)",completed,success,2026-06-01T08:41:24Z,2026-06-01T08:55:14Z,830,d52ad4994465a9b5f32a4ce92ea863f5af596409
78816289352,26743615443,ci-1-core,"core (windows-latest, py3.13)",completed,success,2026-06-01T08:42:15Z,2026-06-01T08:57:06Z,891,0105129dba6ebc135758cbb0dd8b330b9cda88a0
78815112017,26743610534,ci-1-core,"core (windows-latest, py3.13)",completed,success,2026-06-01T08:38:18Z,2026-06-01T08:52:28Z,850,27945d2ff15c7d70581e0d7d6da8f00aa7c01a4a
78815033728,26743381836,ci-1-core,"core (windows-latest, py3.13)",completed,success,2026-06-01T08:36:40Z,2026-06-01T08:49:57Z,797,a4ca8b6b53fc367f7b23bb3aeed3438c5ac25019
78815091640,26743039435,ci-1-core,"core (windows-latest, py3.13)",completed,success,2026-06-01T08:38:11Z,2026-06-01T08:53:27Z,916,e269d19427291732603e070e1b50f879485ffeb1
78811335802,26742509488,ci-1-core,"core (windows-latest, py3.13)",completed,success,2026-06-01T08:09:09Z,2026-06-01T08:25:26Z,977,7371bf250cc22eaacbc5c6d3ac1e9608c4f44365
78811277641,26742187582,ci-1-core,"core (windows-latest, py3.13)",completed,success,2026-06-01T08:08:45Z,2026-06-01T08:23:02Z,857,cd72ede4aced1982257418d38f7b64c92674b839
78806049857,26740992797,ci-1-core,"core (windows-latest, py3.13)",completed,success,2026-06-01T07:37:39Z,2026-06-01T07:47:05Z,566,8dc7e7a9c2fc13d092185d0ce7693d937a376320
78806178095,26740869155,ci-1-core,"core (windows-latest, py3.13)",completed,success,2026-06-01T07:37:55Z,2026-06-01T07:53:00Z,905,e3e0ffb2b8c29c46786013cd919040755e2a9aa3
78807594686,26740577964,ci-1-core,"core (windows-latest, py3.13)",completed,success,2026-06-01T07:43:05Z,2026-06-01T07:56:31Z,806,29383fd0d4e13f2b4111f63915873b4bdc8fbc76
78807128771,26740432784,ci-1-core,"core (windows-latest, py3.13)",completed,success,2026-06-01T07:39:44Z,2026-06-01T07:53:36Z,832,1d82405d7be6416dc6c2d42e9e296115ef43af3a
78807567288,26740361998,ci-1-core,"core (windows-latest, py3.13)",completed,success,2026-06-01T07:42:52Z,2026-06-01T07:56:04Z,792,68c95a1c674599cf164fdf1bfbf5434f6238c77e
79028109892,26806821935,ci-1-core,"core (windows-latest, py3.13)",completed,cancelled,2026-06-02T08:22:34Z,2026-06-02T08:31:04Z,510,3144bd76b49317ca1ec1d93c69fb40e4986e3945
79028318639,26806388279,ci-1-core,"core (windows-latest, py3.13)",completed,success,2026-06-02T08:20:43Z,2026-06-02T08:37:43Z,1020,ef3c506607428a1e98f337292cc56fbafc3f9bcb
79028802883,26806222666,ci-1-core,"core (windows-latest, py3.13)",completed,success,2026-06-02T08:22:28Z,2026-06-02T08:35:43Z,795,9464bcd458d357247d847ce581f1aa89d0d2acfa
79026780032,26806181385,ci-1-core,"core (windows-latest, py3.13)",completed,success,2026-06-02T08:07:27Z,2026-06-02T08:24:13Z,1006,59fe6d0365330d60297cd598ed3352e1fa080efb
79023125831,26805168443,ci-1-core,"core (windows-latest, py3.13)",completed,success,2026-06-02T07:44:16Z,2026-06-02T08:00:57Z,1001,1819d9e004dc19b73985efd540cfbe8af3629ed7
79021932415,26804980922,ci-1-core,"core (windows-latest, py3.13)",completed,success,2026-06-02T07:37:53Z,2026-06-02T07:55:47Z,1074,c28f9c7854a9b45024a5a1222e1d3eee1b0325ba
79020676278,26804594757,ci-1-core,"core (windows-latest, py3.13)",completed,success,2026-06-02T07:28:18Z,2026-06-02T07:44:37Z,979,80b15cc2b054946a923a9030df8b7005dd3d6ec3
79017258261,26782589038,ci-1-core,"core (windows-latest, py3.13)",completed,success,2026-06-02T07:04:01Z,2026-06-02T07:20:34Z,993,58b818185b8a8197fe10adff582b015cf8d54f19
79017175639,26781840917,ci-1-core,"core (windows-latest, py3.13)",completed,success,2026-06-02T07:03:23Z,2026-06-02T07:19:35Z,972,022bdc83046a18dd605488483a30264bd11d14c6
78947872771,26781276104,ci-1-core,"core (windows-latest, py3.13)",completed,success,2026-06-01T21:01:56Z,2026-06-01T21:17:49Z,953,6f7b4f8652c8f8d9b8b7c1ab7e27d1b3f33dc46d
78943476024,26779576109,ci-1-core,"core (windows-latest, py3.13)",completed,success,2026-06-01T20:37:37Z,2026-06-01T20:48:12Z,635,0e5bf416924406adaecf0e51f11ba43f8299009e
78942013206,26779175645,ci-1-core,"core (windows-latest, py3.13)",completed,success,2026-06-01T20:29:33Z,2026-06-01T20:45:17Z,944,b71113304f75ebe2b6485e278abafa6b0ed8e18f
78940396685,26777421785,ci-1-core,"core (windows-latest, py3.13)",completed,success,2026-06-01T20:20:22Z,2026-06-01T20:36:36Z,974,c471a9516e32ad6dd41eb7b2ad1f50781fc8a043
78940366990,26777369791,ci-1-core,"core (windows-latest, py3.13)",completed,success,2026-06-01T20:20:12Z,2026-06-01T20:36:07Z,955,8a1d1bbbf28d638f808403674d43a7229b2494a7
78940605348,26777266350,ci-1-core,"core (windows-latest, py3.13)",completed,success,2026-06-01T20:21:32Z,2026-06-01T20:38:23Z,1011,bd495195781fe31c28a7b05e3663d6613b6bea65
78906566487,26768643690,ci-1-core,"core (windows-latest, py3.13)",completed,success,2026-06-01T17:11:02Z,2026-06-01T17:27:47Z,1005,4c24de5fcef878ff7036b10df3facf4cb73fde23
78902688444,26768354956,ci-1-core,"core (windows-latest, py3.13)",completed,cancelled,2026-06-01T16:49:30Z,2026-06-01T16:59:49Z,619,1be7f37a93e286b171eab2255736f21581431296
78902940691,26768020762,ci-1-core,"core (windows-latest, py3.13)",completed,success,2026-06-01T16:50:53Z,2026-06-01T17:05:57Z,904,a73d3bb2fcbda0c9ecacf3f21c7fd333db72832f
78902805730,26767823677,ci-1-core,"core (windows-latest, py3.13)",completed,success,2026-06-01T16:50:08Z,2026-06-01T17:06:14Z,966,aae315397304187d0b06886dac08b3a7fdc3bb5e
78898406016,26766767077,ci-1-core,"core (windows-latest, py3.13)",completed,success,2026-06-01T16:25:37Z,2026-06-01T16:41:45Z,968,976912bd8d1051e45ecf7ee602072e526fee777f
78898568937,26766440425,ci-1-core,"core (windows-latest, py3.13)",completed,success,2026-06-01T16:26:31Z,2026-06-01T16:42:19Z,948,4d386f60e9a59177c070f221016eedb6ff538804
78894144204,26765875487,ci-1-core,"core (windows-latest, py3.13)",completed,success,2026-06-01T16:02:40Z,2026-06-01T16:18:37Z,957,0d086d273eb19b90b5dfc805743446ce8df7d25c
78891883222,26764896971,ci-1-core,"core (windows-latest, py3.13)",completed,success,2026-06-01T15:50:58Z,2026-06-01T16:09:14Z,1096,ed809b23d83e4b117d92028c97add62cc9c6cefe
78882462706,26762620827,ci-1-core,"core (windows-latest, py3.13)",completed,success,2026-06-01T15:03:45Z,2026-06-01T15:18:55Z,910,c4f436196c799af6868ac9d02a57ec18c569256f
78880363258,26761588249,ci-1-core,"core (windows-latest, py3.13)",completed,success,2026-06-01T14:53:44Z,2026-06-01T15:10:46Z,1022,1439551ac537dbb579b5c7e44adc5e17a284ca75
78876892282,26761133532,ci-1-core,"core (windows-latest, py3.13)",completed,cancelled,2026-06-01T14:37:10Z,2026-06-01T14:48:19Z,669,a8d945dc150265f6afa77a89d130da64708a8baa
78876764073,26760497620,ci-1-core,"core (windows-latest, py3.13)",completed,success,2026-06-01T14:36:35Z,2026-06-01T14:49:05Z,750,86367d761239e53e4a2fb7996533f891b7026779
78876482445,26759934405,ci-1-core,"core (windows-latest, py3.13)",completed,success,2026-06-01T14:35:16Z,2026-06-01T14:50:19Z,903,96fb1a3207e5b65dca687d02022c958ba05c32a4
78869234318,26759021331,ci-1-core,"core (windows-latest, py3.13)",completed,success,2026-06-01T14:00:29Z,2026-06-01T14:16:32Z,963,ec5290ca6f5b24af985d5bf26e64c89a496d253d
78870473314,26755606656,ci-1-core,"core (windows-latest, py3.13)",completed,success,2026-06-01T14:06:27Z,2026-06-01T14:21:47Z,920,788a32faecda3a0b6e70bcef0ec5c731ea156d22
78869135281,26754914514,ci-1-core,"core (windows-latest, py3.13)",completed,success,2026-06-01T14:00:01Z,2026-06-01T14:14:37Z,876,b8cb53adf9623f9a884b238f4ef79858c85e54e7
78856115048,26754742773,ci-1-core,"core (windows-latest, py3.13)",completed,success,2026-06-01T12:52:19Z,2026-06-01T13:08:11Z,952,dfbe1531281d9de939e0e1d7d4387c15d2c1923b
78850084519,26753820574,ci-1-core,"core (windows-latest, py3.13)",completed,success,2026-06-01T12:16:19Z,2026-06-01T12:31:17Z,898,93b9630f3f78134bb81da639f888d8c498340b9d
78850163798,26753450949,ci-1-core,"core (windows-latest, py3.13)",completed,success,2026-06-01T12:16:48Z,2026-06-01T12:29:37Z,769,52e442a5a3fc0578a3b4298df3326317cfef8195
78851371621,26752957581,ci-1-core,"core (windows-latest, py3.13)",completed,success,2026-06-01T12:28:31Z,2026-06-01T12:43:58Z,927,743c0f9d8f42e7d94393f7c3585054de50e7befa
78846767616,26752853141,ci-1-core,"core (windows-latest, py3.13)",completed,cancelled,2026-06-01T11:56:03Z,2026-06-01T12:05:38Z,575,b5223638dbb5596337ce6d1db8b19df0c977819f
78846785650,26751955073,ci-1-core,"core (windows-latest, py3.13)",completed,cancelled,2026-06-01T11:56:09Z,2026-06-01T12:05:59Z,590,28d230f16c0b16580244bb13e57b80c384f24654
78842741580,26751618356,ci-1-core,"core (windows-latest, py3.13)",completed,success,2026-06-01T11:30:29Z,2026-06-01T11:45:44Z,915,8ccdc58914f548b5fda68f4a44cc4e7b21ad1172
78839353697,26750584250,ci-1-core,"core (windows-latest, py3.13)",completed,success,2026-06-01T11:09:36Z,2026-06-01T11:25:45Z,969,16a400b520abcc76d72139bcb9cda7e0a8d38eca
78839987488,26750554082,ci-1-core,"core (windows-latest, py3.13)",completed,success,2026-06-01T11:12:32Z,2026-06-01T11:27:54Z,922,517e6764e8fc9c710077176ecf7583b976ac223f
78838302144,26750417967,ci-1-core,"core (windows-latest, py3.13)",completed,success,2026-06-01T11:04:01Z,2026-06-01T11:18:37Z,876,bd75df8188670fcf3fb80d4171576595575091e1
78838676324,26750286725,ci-1-core,"core (windows-latest, py3.13)",completed,success,2026-06-01T11:06:47Z,2026-06-01T11:23:36Z,1009,66f23e8b8f77cf7cd3aa44c84dc3f8f04c7ae2c9
78833168507,26748941144,ci-1-core,"core (windows-latest, py3.13)",completed,success,2026-06-01T10:28:23Z,2026-06-01T10:42:32Z,849,6b133f79ae5a4a6c90bc1166bf4b925c7a192a6e
79068896683,26818344976,ci-1-core,"core (windows-latest, py3.13)",completed,success,2026-06-02T12:18:51Z,2026-06-02T12:35:31Z,1000,f5b94954f1207d20c9d843a5284cadcad86f389c
79065285582,26817276465,ci-1-core,"core (windows-latest, py3.13)",completed,success,2026-06-02T11:58:02Z,2026-06-02T12:16:04Z,1082,626f97bdc743c0d59b6bd5025e8ed0076ac8941d
79064815501,26815946606,ci-1-core,"core (windows-latest, py3.13)",completed,success,2026-06-02T11:55:17Z,2026-06-02T12:12:47Z,1050,23838e213ab30db8632b9545a9faefa6a045c051
79058370332,26815543513,ci-1-core,"core (windows-latest, py3.13)",completed,success,2026-06-02T11:16:34Z,2026-06-02T11:33:52Z,1038,4bc247308ece22d06d40ed57467cbcddbd35bae6
79054355056,26814041132,ci-1-core,"core (windows-latest, py3.13)",completed,success,2026-06-02T10:51:17Z,2026-06-02T11:09:27Z,1090,28eace18ad2b2d7f0195b9be0cbf4cccb538256f
79052964868,26814003496,ci-1-core,"core (windows-latest, py3.13)",completed,success,2026-06-02T10:42:34Z,2026-06-02T10:58:24Z,950,f9b7ebac73e7f8b2ec544335a44e8a53b93e5550
79050453314,26812964714,ci-1-core,"core (windows-latest, py3.13)",completed,success,2026-06-02T10:27:08Z,2026-06-02T10:41:14Z,846,6dec8be49bd935eebd7437966f3a7e32db187713
79049486436,26812765428,ci-1-core,"core (windows-latest, py3.13)",completed,success,2026-06-02T10:21:01Z,2026-06-02T10:38:44Z,1063,cefbb134c065f9908837c835c6bda9e25382a6fe
79048724941,26812631307,ci-1-core,"core (windows-latest, py3.13)",completed,cancelled,2026-06-02T10:17:47Z,2026-06-02T10:31:25Z,818,a002f0786e80694b3dee43f842ef87887921393b
79047420099,26812206042,ci-1-core,"core (windows-latest, py3.13)",completed,cancelled,2026-06-02T10:08:16Z,2026-06-02T10:08:23Z,7,e7bc8b038962e31c26fe17f3f650de5c48a16f20
79046143008,26811342555,ci-1-core,"core (windows-latest, py3.13)",completed,success,2026-06-02T10:01:49Z,2026-06-02T10:19:08Z,1039,36542bd79ce9069eb81f8e60c2038365d2d8d701
79045832979,26811091726,ci-1-core,"core (windows-latest, py3.13)",completed,success,2026-06-02T10:00:17Z,2026-06-02T10:17:44Z,1047,7c0c383f19adb8f1d819b491b85840557f54b5b0
79045202416,26811058532,ci-1-core,"core (windows-latest, py3.13)",completed,success,2026-06-02T09:59:07Z,2026-06-02T10:16:51Z,1064,d0cffa7b64c0ba0b5a47f0cd2513bdf3fb6559c0
79044363598,26811031652,ci-1-core,"core (windows-latest, py3.13)",completed,success,2026-06-02T09:54:41Z,2026-06-02T10:10:18Z,937,3ebdfd771b1f99b3abe85096bf8c02976fc4df71
79165955681,26844684947,ci-1-core,"core (windows-latest, py3.13)",completed,success,2026-06-02T20:28:32Z,2026-06-02T20:46:21Z,1069,23a5ab52fff577c3c9182bfc9fea86579449c2ba
79162807270,26844280252,ci-1-core,"core (windows-latest, py3.13)",completed,success,2026-06-02T20:11:16Z,2026-06-02T20:29:32Z,1096,4dcc00f160c41d4bd6ba4f8843815435902d5cfa
79157866190,26843205126,ci-1-core,"core (windows-latest, py3.13)",completed,success,2026-06-02T19:44:31Z,2026-06-02T20:01:27Z,1016,f3f89a9bc751f3dbb2eacf188247ffba6f55ce2a
79153260510,26841892921,ci-1-core,"core (windows-latest, py3.13)",completed,cancelled,2026-06-02T19:19:19Z,2026-06-02T19:32:26Z,787,9fa7d6c7d22e73fc997eafb71186552fe9dd43ae
79153599746,26839917699,ci-1-core,"core (windows-latest, py3.13)",completed,success,2026-06-02T19:21:09Z,2026-06-02T19:37:58Z,1009,f599a67506a93a648a71931d0ceba17c02f4c236
79145987550,26837205929,ci-1-core,"core (windows-latest, py3.13)",completed,success,2026-06-02T18:40:16Z,2026-06-02T18:58:26Z,1090,37a1a2be6261dfada894cc4400b06d41b6ee0610
79136002397,26837080987,ci-1-core,"core (windows-latest, py3.13)",completed,success,2026-06-02T17:47:50Z,2026-06-02T18:05:02Z,1032,b642ab006fcd2df8349b348848fc3a6b635ebf46
79136132881,26835707173,ci-1-core,"core (windows-latest, py3.13)",completed,success,2026-06-02T17:48:31Z,2026-06-02T18:06:15Z,1064,351c1e33e93974d1a6e769ec5e4a3efaca2752e0
79129511520,26835033602,ci-1-core,"core (windows-latest, py3.13)",completed,success,2026-06-02T17:13:19Z,2026-06-02T17:29:32Z,973,874b93265065de7cd33ae41ce0551800d6b54927
79128319845,26834872998,ci-1-core,"core (windows-latest, py3.13)",completed,success,2026-06-02T17:06:56Z,2026-06-02T17:23:36Z,1000,7812fd91f652dd5d821b599c9869ed6a1e7718e3
79128347983,26834871564,ci-1-core,"core (windows-latest, py3.13)",completed,success,2026-06-02T17:07:04Z,2026-06-02T17:26:50Z,1186,acb0c9f34b684d77481f05ce5acb4fd1e334301f
79122559640,26832896969,ci-1-core,"core (windows-latest, py3.13)",completed,success,2026-06-02T16:36:45Z,2026-06-02T16:53:16Z,991,6b62e4725a6ffeba07a22ed0398a1c0c84a93cdd
79119663248,26832454290,ci-1-core,"core (windows-latest, py3.13)",completed,success,2026-06-02T16:21:58Z,2026-06-02T16:39:13Z,1035,98e1e0a83b8fd30f102427db5cd7c50ed442eaad
79113620990,26829922467,ci-1-core,"core (windows-latest, py3.13)",completed,success,2026-06-02T15:52:13Z,2026-06-02T16:06:18Z,845,ece606c18be225e9b1594e01cb1988b4503ab386
79099851605,26826970897,ci-1-core,"core (windows-latest, py3.13)",completed,cancelled,2026-06-02T14:49:19Z,2026-06-02T14:59:29Z,610,7aec0587c7c15af184aa28aa24d101aab1c7111e
79099840187,26824260880,ci-1-core,"core (windows-latest, py3.13)",completed,success,2026-06-02T14:49:16Z,2026-06-02T15:06:24Z,1028,468d2a9d329187a820937173960c6c4f00df0986
79087525259,26823612400,ci-1-core,"core (windows-latest, py3.13)",completed,success,2026-06-02T13:53:46Z,2026-06-02T14:10:47Z,1021,d8f3fa16f62cc04ed33bad1fcdaf4ffcbf982e08
79087404776,26821269673,ci-1-core,"core (windows-latest, py3.13)",completed,success,2026-06-02T13:53:13Z,2026-06-02T14:09:10Z,957,20c80e1c99e754fd9210bd2f1d2e4ac5314ccee5
79089444498,26821240221,ci-1-core,"core (windows-latest, py3.13)",completed,success,2026-06-02T14:02:28Z,2026-06-02T14:20:18Z,1070,75e76971eced4203d27e130ec984c8f8a519538d
79087581864,26820895119,ci-1-core,"core (windows-latest, py3.13)",completed,success,2026-06-02T13:54:01Z,2026-06-02T14:12:27Z,1106,6285b747eb752ef5722b85b04eac2f86122d6d3d
79249340971,26871030219,ci-1-core,"core (windows-latest, py3.13)",completed,cancelled,2026-06-03T08:08:35Z,2026-06-03T08:28:49Z,1214,35bfb44db48bb4d6dd17d31059885fdc08d258d1
79247457671,26870951027,ci-1-core,"core (windows-latest, py3.13)",completed,cancelled,2026-06-03T07:56:47Z,2026-06-03T08:07:48Z,661,dc9b798790c3edc7e9fe36d5a19f857756a5a5ad
79246603234,26870019414,ci-1-core,"core (windows-latest, py3.13)",completed,success,2026-06-03T07:51:06Z,2026-06-03T08:08:41Z,1055,4655f582ac675911c55db9560fb98f08620f0b99
79244098775,26869663040,ci-1-core,"core (windows-latest, py3.13)",completed,cancelled,2026-06-03T07:33:09Z,2026-06-03T07:33:59Z,50,c5a07c84f8d6cdd58289a2d440f05f4671612027
79242728600,26869434014,ci-1-core,"core (windows-latest, py3.13)",completed,success,2026-06-03T07:24:56Z,2026-06-03T07:44:13Z,1157,8c9ac58518c09281535aa864b3ad18a3945529a4
79242703559,26869315172,ci-1-core,"core (windows-latest, py3.13)",completed,success,2026-06-03T07:23:49Z,2026-06-03T07:41:09Z,1040,5a2f665d1e04515217dceb6237d8e6f1f8d1c5b0
79244126371,26869304172,ci-1-core,"core (windows-latest, py3.13)",completed,success,2026-06-03T07:33:20Z,2026-06-03T07:51:03Z,1063,17af5a68afdaa7748c17d351d2d98253de40d20c
79233990718,26866930132,ci-1-core,"core (windows-latest, py3.13)",completed,cancelled,2026-06-03T06:18:34Z,2026-06-03T06:20:31Z,117,78faa91241d487394a4e7e904ff64d2820f744ef
79233942141,26866909379,ci-1-core,"core (windows-latest, py3.13)",completed,success,2026-06-03T06:20:51Z,2026-06-03T06:36:53Z,962,cace00319e588312e14234f6dc938f924604112c
79237741709,26866895115,ci-1-core,"core (windows-latest, py3.13)",completed,success,2026-06-03T06:50:01Z,2026-06-03T07:06:38Z,997,b1e6b4acd09e9e0062ed6e41bbbe22ea94ad93fb
79237496883,26866804781,ci-1-core,"core (windows-latest, py3.13)",completed,success,2026-06-03T06:55:37Z,2026-06-03T07:10:53Z,916,dcb34be48cb64f161050fc2ae9007484ad5239e6
79235481146,26866734520,ci-1-core,"core (windows-latest, py3.13)",completed,success,2026-06-03T06:35:29Z,2026-06-03T06:52:43Z,1034,c1a453e62fa993867c15e0fb41e12c0967c2604a
79235221647,26866306857,ci-1-core,"core (windows-latest, py3.13)",completed,success,2026-06-03T06:32:55Z,2026-06-03T06:49:47Z,1012,5b54b5a9eafa454c86420b11d3340f46d9b35c45
79238601279,26866145083,ci-1-core,"core (windows-latest, py3.13)",completed,success,2026-06-03T07:07:35Z,2026-06-03T07:25:20Z,1065,06d56369acee8944db9f4bb54a238377a35f8446
79297574083,26884543527,ci-1-core,"core (windows-latest, py3.13)",completed,success,2026-06-03T12:49:09Z,2026-06-03T13:06:47Z,1058,2d900c6c5c82c7eadf98062a38e99841d548d0be
79296923507,26884407080,ci-1-core,"core (windows-latest, py3.13)",completed,success,2026-06-03T12:45:46Z,2026-06-03T13:05:21Z,1175,4e49b4acb44c06d29edf2bda503c286a95c5b973
79296519008,26884404906,ci-1-core,"core (windows-latest, py3.13)",completed,success,2026-06-03T12:43:39Z,2026-06-03T13:02:41Z,1142,a4d316757ac39c6ec7a7ef9a9d8494b46db5c078
79294654130,26884278712,ci-1-core,"core (windows-latest, py3.13)",completed,success,2026-06-03T12:37:38Z,2026-06-03T12:55:55Z,1097,47d6699d6c58a1d22d26b68debca10bb06f24003
79291736005,26883554265,ci-1-core,"core (windows-latest, py3.13)",completed,cancelled,2026-06-03T12:17:27Z,2026-06-03T12:20:34Z,187,9c77745908a0cfd7184ffc58ee972e895889b1b4
79284742392,26881505109,ci-1-core,"core (windows-latest, py3.13)",completed,success,2026-06-03T11:36:45Z,2026-06-03T11:55:04Z,1099,5d5209da6e163b1ef50dcf0d80ecc4e423fbcc1f
79284134382,26881008597,ci-1-core,"core (windows-latest, py3.13)",completed,success,2026-06-03T11:33:07Z,2026-06-03T11:49:45Z,998,2d53f34416f101d8b82e4516d2a9a6a049b91424
79278974486,26879714261,ci-1-core,"core (windows-latest, py3.13)",completed,cancelled,2026-06-03T11:04:22Z,2026-06-03T11:24:29Z,1207,497ef4c4a5d253147f8c72f22a643e746298fd7c
79279124455,26879466817,ci-1-core,"core (windows-latest, py3.13)",completed,success,2026-06-03T11:05:58Z,2026-06-03T11:24:05Z,1087,cebb79a4fcd1d4173b1babc796cf71a0cb574d41
79275196604,26878761991,ci-1-core,"core (windows-latest, py3.13)",completed,success,2026-06-03T10:38:20Z,2026-06-03T10:57:17Z,1137,30a89d6faaf0392f85abe4fbebbb50e04d8e4ecd
79269727102,26876151368,ci-1-core,"core (windows-latest, py3.13)",completed,success,2026-06-03T10:05:13Z,2026-06-03T10:23:35Z,1102,de3068c383e2d705a320b06c67bf86c2965061a7
79268557786,26876065782,ci-1-core,"core (windows-latest, py3.13)",completed,success,2026-06-03T09:58:30Z,2026-06-03T10:17:18Z,1128,f81fd7688024bcb11e6ad583cb2b9d8758925cd8
79269458995,26876047807,ci-1-core,"core (windows-latest, py3.13)",completed,success,2026-06-03T10:03:41Z,2026-06-03T10:21:33Z,1072,42423fff4eaf2f29c0ad9ed7b6f3a4ab46fc9bf4
79268414950,26875780733,ci-1-core,"core (windows-latest, py3.13)",completed,success,2026-06-03T09:57:41Z,2026-06-03T10:14:17Z,996,747ac31ab849eba52755a9223ca9f2df3f629395
79262658456,26875074697,ci-1-core,"core (windows-latest, py3.13)",completed,cancelled,2026-06-03T09:25:17Z,2026-06-03T09:30:46Z,329,3857250affa32d16757d03db1c7ac0dd0e80e47f
79262679411,26873855706,ci-1-core,"core (windows-latest, py3.13)",completed,success,2026-06-03T09:25:26Z,2026-06-03T09:44:24Z,1138,ffa6fddee21845adab8fe94ac0eee84f7855aa16
79387549162,26909442578,ci-1-core,"core (windows-latest, py3.13)",completed,success,2026-06-03T20:21:12Z,2026-06-03T20:39:44Z,1112,46c2ac39918d3a9f0d6fc6e8031cfd1fe9bdffab
79387163631,26908980547,ci-1-core,"core (windows-latest, py3.13)",completed,success,2026-06-03T20:18:55Z,2026-06-03T20:36:52Z,1077,532d2a8af90a7c4bd3405d6b0b92a6df9ef8863a
79385213853,26908850499,ci-1-core,"core (windows-latest, py3.13)",completed,success,2026-06-03T20:08:31Z,2026-06-03T20:30:00Z,1289,fc553085ae9d5e28cc71148631c10ebf5452341a
79383254212,26908190331,ci-1-core,"core (windows-latest, py3.13)",completed,success,2026-06-03T19:57:28Z,2026-06-03T20:16:28Z,1140,19ba471a3f55a79a00e1cc10e02c1d379b10ddeb
79383265536,26907285257,ci-1-core,"core (windows-latest, py3.13)",completed,cancelled,2026-06-03T19:57:32Z,2026-06-03T20:08:17Z,645,7ed881f1abb05f27ddd86762a2358e76b8d7a31f
79378544540,26906648071,ci-1-core,"core (windows-latest, py3.13)",completed,success,2026-06-03T19:31:45Z,2026-06-03T19:50:20Z,1115,76ce1c98562ad8d7f4c16cbec67951df5248e52b
79374774835,26906354475,ci-1-core,"core (windows-latest, py3.13)",completed,success,2026-06-03T19:15:25Z,2026-06-03T19:34:08Z,1123,51e66ca32867074fefde31d497967e7970b495fe
79375534227,26905796576,ci-1-core,"core (windows-latest, py3.13)",completed,success,2026-06-03T19:20:19Z,2026-06-03T19:40:53Z,1234,05d4f0ad8b2a0cd133ef45471899eb45e95acff5
79374382563,26905678200,ci-1-core,"core (windows-latest, py3.13)",completed,success,2026-06-03T19:15:25Z,2026-06-03T19:34:54Z,1169,7fdf8ee30c47a97b1d29d50330e9588099d114a5
79371856850,26904974679,ci-1-core,"core (windows-latest, py3.13)",completed,cancelled,2026-06-03T18:55:30Z,2026-06-03T19:03:39Z,489,214ac67ea4a5afacb20c2c692325a3d90c4527ef
79370923683,26904624208,ci-1-core,"core (windows-latest, py3.13)",completed,cancelled,2026-06-03T18:50:33Z,2026-06-03T19:01:06Z,633,49c8a5e4ddcf686e0dbf533375fc2379cbec8f01
79368891550,26904189565,ci-1-core,"core (windows-latest, py3.13)",completed,success,2026-06-03T18:40:17Z,2026-06-03T18:59:47Z,1170,0b820158f9c2157c2e3ef1168e0f1cea8023e77e
79364047304,26903275363,ci-1-core,"core (windows-latest, py3.13)",completed,success,2026-06-03T18:14:40Z,2026-06-03T18:34:23Z,1183,51fe9a833ddee5d00b5adbb13cc2b6256d1c1d7e
79362280409,26902824535,ci-1-core,"core (windows-latest, py3.13)",completed,success,2026-06-03T18:05:22Z,2026-06-03T18:20:02Z,880,4679011e8475384a7e72b9f71378fb2d0cdb4d6c
79358243638,26901735018,ci-1-core,"core (windows-latest, py3.13)",completed,cancelled,2026-06-03T17:44:16Z,2026-06-03T18:04:26Z,1210,3109f4f493293acec70ffd7d35e2d7b83e0b91b7
79351049981,26899735691,ci-1-core,"core (windows-latest, py3.13)",completed,cancelled,2026-06-03T17:05:43Z,2026-06-03T17:20:18Z,875,b1b817cb6228a6ad0930eafc82916f3a2ff67ffc
79345838586,26898032918,ci-1-core,"core (windows-latest, py3.13)",completed,cancelled,2026-06-03T16:38:27Z,2026-06-03T16:52:47Z,860,9ed478af13c7be5c723894043e300bd2b108355d
79345681176,26898022401,ci-1-core,"core (windows-latest, py3.13)",completed,success,2026-06-03T16:37:39Z,2026-06-03T16:54:04Z,985,60b257c12895177e538ae90bdabe26d42c5a0e24
79344622399,26897048919,ci-1-core,"core (windows-latest, py3.13)",completed,success,2026-06-03T16:32:40Z,2026-06-03T16:49:35Z,1015,c760063ce4266745431673bf8799ab56180cedb1
79334497117,26895061444,ci-1-core,"core (windows-latest, py3.13)",completed,cancelled,2026-06-03T15:42:18Z,2026-06-03T16:02:27Z,1209,c26b5e44c5e1102f8dd1c241f618f4126eaf1ea7
79340889802,26895060547,ci-1-core,"core (windows-latest, py3.13)",completed,success,2026-06-03T16:13:58Z,2026-06-03T16:33:29Z,1171,03744da71a63fe5d28509723c1d2bcf93197140e
79329900041,26890830520,ci-1-core,"core (windows-latest, py3.13)",completed,success,2026-06-03T15:21:00Z,2026-06-03T15:40:42Z,1182,fbb25da076db8ac72ae2a0658dfcddc6db9e5f9c
79328112320,26890492246,ci-1-core,"core (windows-latest, py3.13)",completed,success,2026-06-03T15:12:39Z,2026-06-03T15:29:38Z,1019,6c11f83b0803061a17cffab87062b6a37c296a0a
79330103929,26890480316,ci-1-core,"core (windows-latest, py3.13)",completed,success,2026-06-03T15:21:53Z,2026-06-03T15:40:54Z,1141,cc87f2a4393b1a61461c997d6f42d64e712f5dc8
79311845921,26888581478,ci-1-core,"core (windows-latest, py3.13)",completed,success,2026-06-03T14:01:14Z,2026-06-03T14:20:38Z,1164,21dfee0897b0e324d191199230731f922a47cfb3
79569305474,26964968656,ci-1-core,"core (windows-latest, py3.13)",completed,success,2026-06-04T16:48:50Z,2026-06-04T17:09:48Z,1258,22aab5a1a6206ad2adf7fb79727bc631bcc8cd6a
79562876861,26963509142,ci-1-core,"core (windows-latest, py3.13)",completed,success,2026-06-04T16:14:10Z,2026-06-04T16:34:34Z,1224,55f7c7c38519b54eb67572dc5a516949657697d4
79558502561,26962066906,ci-1-core,"core (windows-latest, py3.13)",completed,success,2026-06-04T15:52:19Z,2026-06-04T16:12:32Z,1213,f3a611c5fcdf9625fb3be43fd36911d09a116eb2
79558635951,26961954751,ci-1-core,"core (windows-latest, py3.13)",completed,success,2026-06-04T15:53:01Z,2026-06-04T16:14:48Z,1307,c5bc53f335de1804aa0f6530cd51141581044917
79553752701,26960865979,ci-1-core,"core (windows-latest, py3.13)",completed,success,2026-06-04T15:28:53Z,2026-06-04T15:50:42Z,1309,524f5f27c3c40b1dfbcbf0efb699c04cc60ce237
79553736356,26960595823,ci-1-core,"core (windows-latest, py3.13)",completed,success,2026-06-04T15:28:48Z,2026-06-04T15:48:39Z,1191,2564130729888db10d4f7a078f59d338893220e4
79548281996,26959379246,ci-1-core,"core (windows-latest, py3.13)",completed,cancelled,2026-06-04T15:03:01Z,2026-06-04T15:13:32Z,631,53d00ba20a0e52f60c3e2204e03d9bf0b9fbe532
79549305560,26958573406,ci-1-core,"core (windows-latest, py3.13)",completed,failure,2026-06-04T15:07:43Z,2026-06-04T15:26:13Z,1110,3900708fa2241d35ef6c0a6961aa4090c32a375d
79545116122,26957776017,ci-1-core,"core (windows-latest, py3.13)",completed,success,2026-06-04T14:48:00Z,2026-06-04T15:08:42Z,1242,11c5b8f49a4fb56fb7163174dd809d5282d6d648
79541404961,26957421835,ci-1-core,"core (windows-latest, py3.13)",completed,cancelled,2026-06-04T14:29:59Z,2026-06-04T14:41:50Z,711,92cbf56d2315be116949edfc5a71baf6938a3fd8
79543741700,26956614866,ci-1-core,"core (windows-latest, py3.13)",completed,success,2026-06-04T14:41:30Z,2026-06-04T15:01:33Z,1203,6d67552ed43b66da64bace030e10aab858abfa14
79541641130,26956500119,ci-1-core,"core (windows-latest, py3.13)",completed,success,2026-06-04T14:31:17Z,2026-06-04T14:50:59Z,1182,8773707c6b269b97095e83fa49438d0391df08d1
79533605875,26954996916,ci-1-core,"core (windows-latest, py3.13)",completed,success,2026-06-04T13:52:10Z,2026-06-04T14:11:26Z,1156,05433be6eae7b2120fd27a0538c0b3dbaf565788
79532430584,26954687817,ci-1-core,"core (windows-latest, py3.13)",completed,success,2026-06-04T13:46:20Z,2026-06-04T14:07:21Z,1261,51e5083648bfb7dc9f016951cee18a385edae308
79530669317,26954067529,ci-1-core,"core (windows-latest, py3.13)",completed,success,2026-06-04T13:38:16Z,2026-06-04T13:57:18Z,1142,d4e9169fac68208d9beba73237423944816a01cb
79531396486,26953862862,ci-1-core,"core (windows-latest, py3.13)",completed,failure,2026-06-04T13:42:05Z,2026-06-04T13:59:11Z,1026,dcd34fb6510d3d69d54322814339f9f8720256b9
79525488864,26952902348,ci-1-core,"core (windows-latest, py3.13)",completed,success,2026-06-04T13:09:56Z,2026-06-04T13:26:23Z,987,c5c71173fb69500a6cb4b2fef3002d3da6cf77f7
79524715692,26952778580,ci-1-core,"core (windows-latest, py3.13)",completed,cancelled,2026-06-04T13:05:36Z,2026-06-04T13:22:50Z,1034,a91bd852e05339c0c4d56e3913223919784fff0c
79524532820,26952029127,ci-1-core,"core (windows-latest, py3.13)",completed,success,2026-06-04T13:04:37Z,2026-06-04T13:25:30Z,1253,dd0f472f8d867b55b81c446de125ef04c93ef087
79521055747,26951789180,ci-1-core,"core (windows-latest, py3.13)",completed,cancelled,2026-06-04T12:44:50Z,2026-06-04T12:51:19Z,389,0c661099c1ea12873b7866cdb3427199ac7c24a6
79518421571,26950496834,ci-1-core,"core (windows-latest, py3.13)",completed,success,2026-06-04T12:29:11Z,2026-06-04T12:48:56Z,1185,8b925234a366f3b7b33e6b9ce7072e41579e5697
79515603101,26949918515,ci-1-core,"core (windows-latest, py3.13)",completed,success,2026-06-04T12:11:47Z,2026-06-04T12:32:21Z,1234,14c5b4eaf05705b774d654815229e9853de3958e
79512299212,26949301916,ci-1-core,"core (windows-latest, py3.13)",completed,success,2026-06-04T11:50:48Z,2026-06-04T12:09:51Z,1143,ad4d706667ef4113f4aa31d7448817df69ec208c
79511904973,26948371532,ci-1-core,"core (windows-latest, py3.13)",completed,cancelled,2026-06-04T11:48:31Z,2026-06-04T11:58:24Z,593,cb8f1964f53d5c25aedfb2e00e7d625e477602c5
79507896086,26947917008,ci-1-core,"core (windows-latest, py3.13)",completed,cancelled,2026-06-04T11:22:20Z,2026-06-04T11:36:58Z,878,f569aa52e32e152ff10b9e287265dc52181921ec
79507698156,26947727845,ci-1-core,"core (windows-latest, py3.13)",completed,success,2026-06-04T11:21:03Z,2026-06-04T11:41:37Z,1234,56e7bec77cbddb71b12dd310a11f0d7b5ebf5c97
79504247692,26946696509,ci-1-core,"core (windows-latest, py3.13)",completed,success,2026-06-04T10:59:06Z,2026-06-04T11:19:11Z,1205,e99a2b15207219df43578ea1a6c086fb9b0d85a4
79503531115,26946590954,ci-1-core,"core (windows-latest, py3.13)",completed,success,2026-06-04T10:54:24Z,2026-06-04T11:11:31Z,1027,37bdb9feb8eef2d5b39bc6619642b7466db238bd
79502505230,26946389851,ci-1-core,"core (windows-latest, py3.13)",completed,cancelled,2026-06-04T10:48:49Z,2026-06-04T10:55:36Z,407,22bdb61130b1ca5b152d2cd36ed22ce29c92f86a
79502340520,26945830410,ci-1-core,"core (windows-latest, py3.13)",completed,cancelled,2026-06-04T10:47:21Z,2026-06-04T11:06:31Z,1150,5d0182041b9c4bc56e465a417924d3b33f37c9cf
79499883172,26945289598,ci-1-core,"core (windows-latest, py3.13)",completed,success,2026-06-04T10:30:28Z,2026-06-04T10:49:49Z,1161,c14acc98bc4cb92198a56098942b5bc77583f68b
79498623360,26944899321,ci-1-core,"core (windows-latest, py3.13)",completed,cancelled,2026-06-04T10:22:29Z,2026-06-04T10:32:46Z,617,b8807239ebde4d73f59b2f0cd9dd3c5b341a6e1c
79496958497,26943918973,ci-1-core,"core (windows-latest, py3.13)",completed,success,2026-06-04T10:12:00Z,2026-06-04T10:30:03Z,1083,5ed91b4030017a980035b0b70d7d89a46cf48527
79495265001,26943274698,ci-1-core,"core (windows-latest, py3.13)",completed,cancelled,2026-06-04T10:05:10Z,2026-06-04T10:12:48Z,458,91b6183653525da93448e1acd7e08b69935a4037
79494938900,26942883126,ci-1-core,"core (windows-latest, py3.13)",completed,success,2026-06-04T10:06:42Z,2026-06-04T10:28:39Z,1317,359eca627e29caf0f52cf74315f7555a35606d15
79492988710,26942793813,ci-1-core,"core (windows-latest, py3.13)",completed,success,2026-06-04T09:49:48Z,2026-06-04T10:00:57Z,669,75c4c84961502fd181e5b87233f847f60f3cf698
79493028855,26942508994,ci-1-core,"core (windows-latest, py3.13)",completed,success,2026-06-04T09:51:23Z,2026-06-04T10:11:40Z,1217,57bd1506a933e29e98f60c53940e9af8519ccdba
79489477516,26942477657,ci-1-core,"core (windows-latest, py3.13)",completed,success,2026-06-04T09:27:17Z,2026-06-04T09:49:07Z,1310,118482b89800e17bf15a5a2f9ceb1338f37d57df
79486952764,26941485789,ci-1-core,"core (windows-latest, py3.13)",completed,success,2026-06-04T09:12:09Z,2026-06-04T09:31:56Z,1187,13a000609ac40683e3e214139e62fab1343b2bd7
79485744894,26941341275,ci-1-core,"core (windows-latest, py3.13)",completed,cancelled,2026-06-04T09:04:42Z,2026-06-04T09:13:02Z,500,5dc519228dfa90a889aa2c0e22fd918ceebf88db
79485495742,26940586987,ci-1-core,"core (windows-latest, py3.13)",completed,success,2026-06-04T09:03:10Z,2026-06-04T09:22:36Z,1166,cad539c0379aa5677bceabffea23c264e08b9319
79480790070,26938987628,ci-1-core,"core (windows-latest, py3.13)",completed,success,2026-06-04T08:36:35Z,2026-06-04T08:57:34Z,1259,c9fd7f657ea04bafa025cb7d39a4377c60548ba1
79480613423,26938886226,ci-1-core,"core (windows-latest, py3.13)",completed,success,2026-06-04T08:34:57Z,2026-06-04T08:55:16Z,1219,60785485a628c90528e7363234f89cd777496bf6
79478040914,26938780166,ci-1-core,"core (windows-latest, py3.13)",completed,success,2026-06-04T08:23:27Z,2026-06-04T08:41:27Z,1080,3b9836ca91a1c13a107c78405cff3907cb32f5e8
79477351356,26938759551,ci-1-core,"core (windows-latest, py3.13)",completed,success,2026-06-04T08:30:10Z,2026-06-04T08:50:53Z,1243,67effbc7f93f301ed11f13128bf25a825b6639dc
79478913471,26938748503,ci-1-core,"core (windows-latest, py3.13)",completed,success,2026-06-04T08:24:04Z,2026-06-04T08:44:39Z,1235,1b18a3a716190c3b0146bae7b8829d8fb6663982
79476753665,26938718774,ci-1-core,"core (windows-latest, py3.13)",completed,cancelled,2026-06-04T08:14:06Z,2026-06-04T08:29:59Z,953,85a8333918bf43463df548274e6c0521ccf59039
79474597056,26937552433,ci-1-core,"core (windows-latest, py3.13)",completed,cancelled,2026-06-04T07:55:55Z,2026-06-04T08:03:30Z,455,2411cd19f52c9fefb969f8ea322021f6cc86cb27
79472602010,26936906462,ci-1-core,"core (windows-latest, py3.13)",completed,success,2026-06-04T07:43:40Z,2026-06-04T08:03:01Z,1161,9df7ec1975955a03d9dd32cf536a51113e9974ce
79472666081,26936887299,ci-1-core,"core (windows-latest, py3.13)",completed,success,2026-06-04T07:46:36Z,2026-06-04T08:06:10Z,1174,58f48a81e4edfd6691abb9bcec1856ac2a304a2a
79471448149,26936816196,ci-1-core,"core (windows-latest, py3.13)",completed,cancelled,2026-06-04T07:36:54Z,2026-06-04T07:42:46Z,352,a7ea653cdc30ef6c3b85716617f0c6f07529a699
79469789017,26936401775,ci-1-core,"core (windows-latest, py3.13)",completed,success,2026-06-04T07:23:49Z,2026-06-04T07:43:44Z,1195,d44c96aa8a78e625b62398e0e39a6f7c24a8ea20
79467863936,26935850184,ci-1-core,"core (windows-latest, py3.13)",completed,success,2026-06-04T07:09:39Z,2026-06-04T07:29:51Z,1212,8aafe532c9b6a72ce9d79ef4d57cc432883d5484
79470364177,26935771956,ci-1-core,"core (windows-latest, py3.13)",completed,success,2026-06-04T07:27:44Z,2026-06-04T07:46:34Z,1130,a89115d790da3ec8a7b63eaaa26b780870123582
79466486531,26935160933,ci-1-core,"core (windows-latest, py3.13)",completed,success,2026-06-04T07:04:29Z,2026-06-04T07:24:16Z,1187,7e7ff06dfdd74be84dbd382dff7823a52475a5fa
79465076005,26934876189,ci-1-core,"core (windows-latest, py3.13)",completed,success,2026-06-04T06:51:36Z,2026-06-04T07:10:04Z,1108,1f825a87f2919d0ea77c7fca0eeb2134c367def5
79682534122,27000825558,ci-1-core,"core (windows-latest, py3.13)",completed,cancelled,2026-06-05T07:28:52Z,2026-06-05T07:44:06Z,914,aa8f9cf8a2172fcb78390c95662d9012df7652f2
79684020088,26998088572,ci-1-core,"core (windows-latest, py3.13)",completed,cancelled,2026-06-05T07:32:36Z,2026-06-05T07:44:34Z,718,dba57b9cc32eec03064924ae6c8cd4e66174023f
79671510276,26996873886,ci-1-core,"core (windows-latest, py3.13)",completed,failure,2026-06-05T05:47:28Z,2026-06-05T06:05:24Z,1076,37924e007ce2cea4dd673acbc94e28bd1b9a8a3e
79671302431,26996686289,ci-1-core,"core (windows-latest, py3.13)",completed,success,2026-06-05T05:45:23Z,2026-06-05T06:05:24Z,1201,0085ab3642a51d48f6b8aa6e46ce575f3ab58ef9
79671452684,26996676043,ci-1-core,"core (windows-latest, py3.13)",completed,success,2026-06-05T05:46:52Z,2026-06-05T06:09:13Z,1341,0139f6893d1568d7a3ab572d8407243a5cc1156c
79669221287,26996401095,ci-1-core,"core (windows-latest, py3.13)",completed,success,2026-06-05T05:24:53Z,2026-06-05T05:45:48Z,1255,8136645fd3f7de0d3ae3f93176a0471fa2149353
79666739564,26995850882,ci-1-core,"core (windows-latest, py3.13)",completed,success,2026-06-05T04:58:39Z,2026-06-05T05:21:20Z,1361,b24885925c214807e764ccf45143429637f84c78
79614357386,26977825016,ci-1-core,"core (windows-latest, py3.13)",completed,success,2026-06-04T21:01:26Z,2026-06-04T21:23:35Z,1329,d15267c6b672c66fc89c5eef0cf97110ec8ba801
79614203788,26974934471,ci-1-core,"core (windows-latest, py3.13)",completed,success,2026-06-04T21:00:36Z,2026-06-04T21:17:32Z,1016,6a60698afc4bc940235918b7f8d2b3a21d745ff5
79608758296,26973828425,ci-1-core,"core (windows-latest, py3.13)",completed,success,2026-06-04T20:29:20Z,2026-06-04T20:50:22Z,1262,1a6174d7f1e4a581c25712f7262345e4d06a6e18
79597871182,26973737691,ci-1-core,"core (windows-latest, py3.13)",completed,success,2026-06-04T19:27:20Z,2026-06-04T19:48:04Z,1244,13e56bbc6b1e288e4f7c08729a639d9dd5f728b7
79598018752,26973645486,ci-1-core,"core (windows-latest, py3.13)",completed,success,2026-06-04T19:28:11Z,2026-06-04T19:48:22Z,1211,18a5adc885732716c6e8fec085b52199125e9bdc
79597998828,26972598011,ci-1-core,"core (windows-latest, py3.13)",completed,success,2026-06-04T19:28:04Z,2026-06-04T19:44:13Z,969,9a39a0f3664cf2aebdbd61f9ac77880060daa16a
79589453178,26971246791,ci-1-core,"core (windows-latest, py3.13)",completed,success,2026-06-04T18:39:47Z,2026-06-04T18:51:40Z,713,6314fb81918803f294bb1534e5aa9dbcc4cdb6b1
79589375481,26971184428,ci-1-core,"core (windows-latest, py3.13)",completed,cancelled,2026-06-04T18:39:21Z,2026-06-04T19:02:31Z,1390,64f12fe05748ca312741f6a77f06f1392f97d292
79585910379,26970239643,ci-1-core,"core (windows-latest, py3.13)",completed,cancelled,2026-06-04T18:19:48Z,2026-06-04T18:24:22Z,274,154741d28ef874a77f7643d284f0604687754b01
79586154973,26969561038,ci-1-core,"core (windows-latest, py3.13)",completed,success,2026-06-04T18:21:10Z,2026-06-04T18:42:26Z,1276,3de8fbfde89190901268e91aca02f3405934f148
79586057840,26969543498,ci-1-core,"core (windows-latest, py3.13)",completed,cancelled,2026-06-04T18:20:37Z,2026-06-04T18:43:48Z,1391,f6d9e0e99a2797938c55b541391f06ccef7658d2
79580802335,26968612375,ci-1-core,"core (windows-latest, py3.13)",completed,success,2026-06-04T17:51:28Z,2026-06-04T18:13:28Z,1320,c0ac1202a7bf5cac5c84692323209e345d7bf8c4
79854666349,27053729850,ci-1-core,"core (windows-latest, py3.13)",completed,success,2026-06-06T05:39:23Z,2026-06-06T05:55:39Z,976,c1df5c274e33a204921145fe16128cea73b68cad
79813468416,27039387258,ci-1-core,"core (windows-latest, py3.13)",completed,success,2026-06-05T21:03:54Z,2026-06-05T21:19:50Z,956,796bd236c29175d24871c0aafc6797f9f6dd47fb
79801828135,27035909243,ci-1-core,"core (windows-latest, py3.13)",completed,success,2026-06-05T19:48:30Z,2026-06-05T20:05:30Z,1020,7cc58d072c66bb888488229de66b24b8c710bca2
79805913011,27032660526,ci-1-core,"core (windows-latest, py3.13)",completed,success,2026-06-05T20:13:51Z,2026-06-05T20:31:07Z,1036,fa85cf1294f0a05a1bc279c2698a30c23a9d250c
79806634610,27032318884,ci-1-core,"core (windows-latest, py3.13)",completed,success,2026-06-05T20:18:39Z,2026-06-05T20:35:53Z,1034,71baae3ca48ca7ab62bac604e2e73bb2b04f76b9
79806176090,27032197407,ci-1-core,"core (windows-latest, py3.13)",completed,success,2026-06-05T20:15:34Z,2026-06-05T20:32:18Z,1004,247bbc81500ecfa77d472f3e7dbd7af91f885299
79804450284,27032108883,ci-1-core,"core (windows-latest, py3.13)",completed,success,2026-06-05T20:08:36Z,2026-06-05T20:26:08Z,1052,28a9992adea90f50a60bce1295612c0e5efbee7a
79801180880,27031603890,ci-1-core,"core (windows-latest, py3.13)",completed,success,2026-06-05T19:43:18Z,2026-06-05T20:00:07Z,1009,a9a5b3ae0d090b7460f9f9479b8b7cb88d6001b4
79803583895,27031369140,ci-1-core,"core (windows-latest, py3.13)",completed,success,2026-06-05T20:04:04Z,2026-06-05T20:19:48Z,944,69b9507677e876105dc91d611b34ad7268ad001a
79803620358,27031356644,ci-1-core,"core (windows-latest, py3.13)",completed,success,2026-06-05T20:08:26Z,2026-06-05T20:25:51Z,1045,0016a954b7703920c69bdc0daa4626afb899bfe3
79784833504,27030888696,ci-1-core,"core (windows-latest, py3.13)",completed,success,2026-06-05T18:01:56Z,2026-06-05T18:18:25Z,989,3cca7a5b18e9aaa665c78858927e08074bed6478
79785888657,27030861069,ci-1-core,"core (windows-latest, py3.13)",completed,success,2026-06-05T18:08:20Z,2026-06-05T18:25:16Z,1016,48d4a34f092e184c7abb6c21dff45511f3c3df79
79813599225,27030411378,ci-1-core,"core (windows-latest, py3.13)",completed,success,2026-06-05T21:04:48Z,2026-06-05T21:22:08Z,1040,74ef7c31454f05b99a61b6aeeb67d2003d76c055
79783507461,27029750340,ci-1-core,"core (windows-latest, py3.13)",completed,success,2026-06-05T17:55:18Z,2026-06-05T18:12:48Z,1050,57efb6d229833dd108c15ec2f6bcf12ee65e3ca1
79779235153,27029162807,ci-1-core,"core (windows-latest, py3.13)",completed,success,2026-06-05T17:27:34Z,2026-06-05T17:44:25Z,1011,31fb9ff8ecaa464c7be835ff2b2fe2067bf17fd8
79778718823,27029044877,ci-1-core,"core (windows-latest, py3.13)",completed,success,2026-06-05T17:24:24Z,2026-06-05T17:40:40Z,976,3bfac4c6bd72023a6789e76b2f21efb43076986f
79779228632,27028065566,ci-1-core,"core (windows-latest, py3.13)",completed,success,2026-06-05T17:27:31Z,2026-06-05T17:43:38Z,967,3d82a39f8b0143ef81be6e9f20981afe4cafc5fe
79776037170,27027977603,ci-1-core,"core (windows-latest, py3.13)",completed,success,2026-06-05T17:07:59Z,2026-06-05T17:23:35Z,936,16bc38eca1f8dd9cfdf9d3a54cb0bb78e0096035
79774264540,27027735432,ci-1-core,"core (windows-latest, py3.13)",completed,cancelled,2026-06-05T16:57:49Z,2026-06-05T17:10:32Z,763,47fb21ff970a7233bcc5528710f33f41dd7bd9fe
79769303443,27026230712,ci-1-core,"core (windows-latest, py3.13)",completed,cancelled,2026-06-05T16:28:00Z,2026-06-05T16:43:46Z,946,e0bb8efdb87969c7d632fc77d6786328c15456c4
79767275313,27025457359,ci-1-core,"core (windows-latest, py3.13)",completed,success,2026-06-05T16:22:14Z,2026-06-05T16:41:21Z,1147,122700fb63e8ba22d0aca2db41aa6ff0324ac5b7
79765472742,27025136450,ci-1-core,"core (windows-latest, py3.13)",completed,cancelled,2026-06-05T16:06:21Z,2026-06-05T16:14:12Z,471,1504d707ba111a20702578eb8a6239e0f026168d
79767941833,27023352157,ci-1-core,"core (windows-latest, py3.13)",completed,success,2026-06-05T16:24:09Z,2026-06-05T16:40:47Z,998,38c9a5e619ea979d3b4df4fd2d756a7d79b05d70
79767302121,27023318509,ci-1-core,"core (windows-latest, py3.13)",completed,success,2026-06-05T16:16:06Z,2026-06-05T16:25:58Z,592,711e4d03c2880c05d3135816470fdde1dbef0083
79767846771,27022868474,ci-1-core,"core (windows-latest, py3.13)",completed,success,2026-06-05T16:20:34Z,2026-06-05T16:37:04Z,990,d766097e1995b701926c1ff83ca3e77cb7cc66ac
79765694658,27022610019,ci-1-core,"core (windows-latest, py3.13)",completed,success,2026-06-05T16:10:35Z,2026-06-05T16:27:03Z,988,4939dea5d40908290eb467f0dbed69a857cbe8f1
79752120314,27020950028,ci-1-core,"core (windows-latest, py3.13)",completed,success,2026-06-05T14:51:04Z,2026-06-05T15:07:14Z,970,4a0d982cebd0620abee392b10b33d8821ea3e9fa
79742476289,27018304804,ci-1-core,"core (windows-latest, py3.13)",completed,success,2026-06-05T13:59:14Z,2026-06-05T14:10:12Z,658,6f562e1ca1dffbd54ee4995a29891a5ff2a2da4c
79742733910,27018171668,ci-1-core,"core (windows-latest, py3.13)",completed,success,2026-06-05T14:00:35Z,2026-06-05T14:18:47Z,1092,b03401dc139e9f63f46edfa4b266a09ca1d46ce3
79743881832,27016981079,ci-1-core,"core (windows-latest, py3.13)",completed,success,2026-06-05T14:06:43Z,2026-06-05T14:24:24Z,1061,72b747ee9dd0c76898fe3dbaff5cbb719056a0b0
79733942790,27016174802,ci-1-core,"core (windows-latest, py3.13)",completed,success,2026-06-05T13:13:25Z,2026-06-05T13:29:38Z,973,8fbb23ff83b2d951ea0955d38e7ea62a762b5caa
79735812638,27015626314,ci-1-core,"core (windows-latest, py3.13)",completed,success,2026-06-05T13:27:35Z,2026-06-05T13:44:25Z,1010,8a07f8e3048a40b430e984babe08ad140a67cd66
79737431332,27015247801,ci-1-core,"core (windows-latest, py3.13)",completed,success,2026-06-05T13:31:14Z,2026-06-05T13:47:29Z,975,e99329f6a684bea24ca0691459830c4f983084c4
79738085069,27014747080,ci-1-core,"core (windows-latest, py3.13)",completed,success,2026-06-05T13:34:50Z,2026-06-05T13:50:47Z,957,4169c65a0208f7f0ae74cff1a5543c33bb22d638
79734354263,27014683946,ci-1-core,"core (windows-latest, py3.13)",completed,success,2026-06-05T13:25:56Z,2026-06-05T13:40:51Z,895,c31bfd6b9b9b33bc2e48500de32151e1d53712a5
79728150816,27014534780,ci-1-core,"core (windows-latest, py3.13)",completed,success,2026-06-05T12:35:01Z,2026-06-05T12:52:09Z,1028,b4037be4583c52406cc5388cd0a27bcc973ebf22
79727783793,27014304330,ci-1-core,"core (windows-latest, py3.13)",completed,success,2026-06-05T12:32:40Z,2026-06-05T12:49:09Z,989,bd544bf609c2e11ed8f6e44feacc94522425007f
79724094946,27013300052,ci-1-core,"core (windows-latest, py3.13)",completed,cancelled,2026-06-05T12:08:11Z,2026-06-05T12:12:05Z,234,95becf1e1506f692ffe2c4df79ec8fb2bb63a7c4
79723355507,27012700483,ci-1-core,"core (windows-latest, py3.13)",completed,success,2026-06-05T12:03:21Z,2026-06-05T12:20:28Z,1027,b3e707430459e3d746392c4c7305d769eb3aaa56
79721884897,27012641885,ci-1-core,"core (windows-latest, py3.13)",completed,success,2026-06-05T11:54:12Z,2026-06-05T12:11:04Z,1012,102fe14c6c5d21c4a66f6b91fb88fd3caf8cd7b7
79722221396,27012523714,ci-1-core,"core (windows-latest, py3.13)",completed,success,2026-06-05T11:58:48Z,2026-06-05T12:13:50Z,902,d40ee1bbd6fdbc5cca58bb30f4fa1547ee0c943d
79720289652,27012202281,ci-1-core,"core (windows-latest, py3.13)",completed,cancelled,2026-06-05T11:45:16Z,2026-06-05T11:53:23Z,487,5197ea68764df3b38d671b818793d3b3f811020b
79717033957,27010571634,ci-1-core,"core (windows-latest, py3.13)",completed,success,2026-06-05T11:19:13Z,2026-06-05T11:36:15Z,1022,592d01bf96e1a00914f223454832920cb682717b
79718483433,27010490967,ci-1-core,"core (windows-latest, py3.13)",completed,success,2026-06-05T11:30:58Z,2026-06-05T11:47:54Z,1016,f83b9f14af509bbbff36ffb787ff7be385c6bff9
79714150127,27010408484,ci-1-core,"core (windows-latest, py3.13)",completed,success,2026-06-05T10:58:54Z,2026-06-05T11:15:20Z,986,8fe6e28aba5bdf53b20aa8eb49a592eaa95858cc
79705545616,27007869955,ci-1-core,"core (windows-latest, py3.13)",completed,success,2026-06-05T09:58:44Z,2026-06-05T10:14:21Z,937,ece3f24f4abbfbfea632f1a83d41185aaf0d8b74
79707348423,27007449824,ci-1-core,"core (windows-latest, py3.13)",completed,success,2026-06-05T10:10:43Z,2026-06-05T10:22:12Z,689,f0fad26f00a943891fc169d69b188650817874d5
79707065824,27007320992,ci-1-core,"core (windows-latest, py3.13)",completed,success,2026-06-05T10:08:45Z,2026-06-05T10:23:39Z,894,856f1091dd30eef48fbc71435b9fb612e228efc1
79717074294,27006450940,ci-1-core,"core (windows-latest, py3.13)",completed,success,2026-06-05T11:19:31Z,2026-06-05T11:35:21Z,950,6e30b7cf6ca338b6ecb822748b567766775a4351
79697386351,27004984418,ci-1-core,"core (windows-latest, py3.13)",completed,success,2026-06-05T09:05:36Z,2026-06-05T09:21:04Z,928,199e6c9f7afcccc9970c0aad5a1055c24f9426f5
79696485556,27004918151,ci-1-core,"core (windows-latest, py3.13)",completed,success,2026-06-05T09:02:13Z,2026-06-05T09:18:04Z,951,351c43a099402500753cc42849a961e022335c5a
79697996131,27004891416,ci-1-core,"core (windows-latest, py3.13)",completed,success,2026-06-05T09:08:50Z,2026-06-05T09:25:22Z,992,65e607402574f6a02ef2cf4aa4fb483b09232b12
79938840363,27085154673,ci-1-core,"core (windows-latest, py3.13)",completed,success,2026-06-07T06:53:08Z,2026-06-07T07:08:50Z,942,f82fe6c6521bf1a477472dded37a752d7e3c4164
79934282716,27083541912,ci-1-core,"core (windows-latest, py3.13)",completed,success,2026-06-07T05:29:02Z,2026-06-07T05:44:36Z,934,e6e5ebf9160ec3ed4c74d54a5d3bb8c76e2a06f2
79934402243,27074869245,ci-1-core,"core (windows-latest, py3.13)",completed,success,2026-06-07T05:31:19Z,2026-06-07T05:47:25Z,966,fb78f4c6185bd4285e3372bb9119c01e7fca7d7f
79907344217,27073214163,ci-1-core,"core (windows-latest, py3.13)",completed,success,2026-06-06T20:58:31Z,2026-06-06T21:16:32Z,1081,793954b848fc2145bc414aaab7be61eea77b2674
79906286776,27070631996,ci-1-core,"core (windows-latest, py3.13)",completed,success,2026-06-06T20:40:40Z,2026-06-06T20:57:49Z,1029,0df47d5490eebd37fbd72605b1308543ac5a6d61
79905799137,27070420700,ci-1-core,"core (windows-latest, py3.13)",completed,success,2026-06-06T20:34:41Z,2026-06-06T20:48:26Z,825,2fd305110bfff76d56c61127838765d777f668b0
79905169117,27070374304,ci-1-core,"core (windows-latest, py3.13)",completed,success,2026-06-06T20:24:38Z,2026-06-06T20:40:45Z,967,e0c65c7d5d2ba1a3ad220748e48a01876fcdead4
79905808007,27070288729,ci-1-core,"core (windows-latest, py3.13)",completed,success,2026-06-06T20:39:41Z,2026-06-06T20:56:31Z,1010,41bee65e03eb946905d08f29ea24b7c2c2277780
79905246789,27069929536,ci-1-core,"core (windows-latest, py3.13)",completed,success,2026-06-06T20:29:03Z,2026-06-06T20:45:22Z,979,c99e92f466b7b93960680912d59bb7988e5d4c6d
79897523082,27069807388,ci-1-core,"core (windows-latest, py3.13)",completed,success,2026-06-06T18:12:51Z,2026-06-06T18:28:07Z,916,487922e6b425892d2efd265b0b6b67a51aac3905
79896872952,27069446644,ci-1-core,"core (windows-latest, py3.13)",completed,success,2026-06-06T18:01:49Z,2026-06-06T18:19:26Z,1057,76088889377491ee71603ebe4a4288f8f8c02c08
79887595718,27065955768,ci-1-core,"core (windows-latest, py3.13)",completed,success,2026-06-06T15:28:55Z,2026-06-06T15:45:36Z,1001,d02012bc2c0070a44c9fb48c828567995f37de9b
79886504307,27065423544,ci-1-core,"core (windows-latest, py3.13)",completed,success,2026-06-06T15:10:28Z,2026-06-06T15:28:07Z,1059,e570b289f6b5eb463252e3adfa98f7213be8b22a
79885904670,27065302148,ci-1-core,"core (windows-latest, py3.13)",completed,success,2026-06-06T15:00:44Z,2026-06-06T15:18:19Z,1055,4162074ee058459c14c9d1d064ab8700ea9d368e
79885030929,27064981636,ci-1-core,"core (windows-latest, py3.13)",completed,success,2026-06-06T14:46:16Z,2026-06-06T15:01:37Z,921,ee64b3e92df4995b4f86c91a7e2fe9cb79f82789
79883986434,27064510981,ci-1-core,"core (windows-latest, py3.13)",completed,success,2026-06-06T14:29:25Z,2026-06-06T14:44:44Z,919,d7399ac81a59958d91b0b0807f21387e84167db7
79883743051,27064358418,ci-1-core,"core (windows-latest, py3.13)",completed,success,2026-06-06T14:25:07Z,2026-06-06T14:41:40Z,993,c24fe9be32e0d743cf92b8e1dc03ba05c0b75603
79883995074,27064350444,ci-1-core,"core (windows-latest, py3.13)",completed,success,2026-06-06T14:29:35Z,2026-06-06T14:47:03Z,1048,ccde7205ef08e4d0cfe3d4f99e167fd40ac2c1bf
79883313080,27064266178,ci-1-core,"core (windows-latest, py3.13)",completed,success,2026-06-06T14:19:45Z,2026-06-06T14:38:08Z,1103,4aaee90c15fb26845f85b9c30c2e6fe287e9fd9c
79882147536,27063759018,ci-1-core,"core (windows-latest, py3.13)",completed,success,2026-06-06T13:58:06Z,2026-06-06T14:15:42Z,1056,1ab76efcc0dc2640ad24301c0646a2e4f2021e70
79881629617,27063718247,ci-1-core,"core (windows-latest, py3.13)",completed,success,2026-06-06T13:53:12Z,2026-06-06T14:10:05Z,1013,0a1a77dab5868da85d983307db81a099b2414178
79882235765,27063545116,ci-1-core,"core (windows-latest, py3.13)",completed,success,2026-06-06T13:59:37Z,2026-06-06T14:15:59Z,982,060a4c1b055ed0bcaa34d2e93c09e9adb63fba53
79879256900,27062827794,ci-1-core,"core (windows-latest, py3.13)",completed,success,2026-06-06T13:07:09Z,2026-06-06T13:22:36Z,927,e226e36e2ead7af4d4dc31be201a180dccede4f8
79879547377,27062584495,ci-1-core,"core (windows-latest, py3.13)",completed,success,2026-06-06T13:20:11Z,2026-06-06T13:37:01Z,1010,44fd8290d17e881e1d7f1af77c1bd49049f094eb
79879584801,27062360191,ci-1-core,"core (windows-latest, py3.13)",completed,success,2026-06-06T13:23:23Z,2026-06-06T13:37:17Z,834,1c00be7475baaafbdecfcc24ea8e298330e57eb8
79880089615,27061618410,ci-1-core,"core (windows-latest, py3.13)",completed,success,2026-06-06T13:28:37Z,2026-06-06T13:44:36Z,959,bc7763a4994944eae819bc75a8169b16b3f75a4a
79879642517,27061546548,ci-1-core,"core (windows-latest, py3.13)",completed,success,2026-06-06T13:23:19Z,2026-06-06T13:40:27Z,1028,b1170b1d30c53fb3a0b5fa72706750d4e909ac37
79880116315,27061455393,ci-1-core,"core (windows-latest, py3.13)",completed,success,2026-06-06T13:25:54Z,2026-06-06T13:42:01Z,967,7290dc77c9ade2ee8a3fb42bba2bba27b39b8dea
79874109464,27060864259,ci-1-core,"core (windows-latest, py3.13)",completed,success,2026-06-06T11:33:37Z,2026-06-06T11:48:32Z,895,ae6d1178dbbafdbe99d528b1559849b2138718c5
79874174039,27059188095,ci-1-core,"core (windows-latest, py3.13)",completed,success,2026-06-06T11:43:18Z,2026-06-06T12:00:34Z,1036,2f4b26607058d0c8639309471dc8f43a9b44db56
79874845195,27058911121,ci-1-core,"core (windows-latest, py3.13)",completed,success,2026-06-06T11:47:03Z,2026-06-06T12:04:03Z,1020,983263d34a1d7f742f89daa9d388bd3110b33123
79874113124,27058896850,ci-1-core,"core (windows-latest, py3.13)",completed,success,2026-06-06T11:43:07Z,2026-06-06T11:57:23Z,856,84fca26186ebd48b7e94104201934f7a8991ad71
79874207346,27058722744,ci-1-core,"core (windows-latest, py3.13)",completed,success,2026-06-06T11:43:21Z,2026-06-06T12:00:44Z,1043,4260446966b0800260859e9a4e99e0fc60685551
79868602602,27058660621,ci-1-core,"core (windows-latest, py3.13)",completed,success,2026-06-06T09:48:41Z,2026-06-06T10:06:16Z,1055,a7956eff380d9428d3f2c8de8db7b9e9ea000d54
79868710888,27058621479,ci-1-core,"core (windows-latest, py3.13)",completed,success,2026-06-06T09:50:47Z,2026-06-06T10:08:24Z,1057,fe0ecf6f21b4c3b047eded0ea80f6561d8a2d60d
79874958183,27058599222,ci-1-core,"core (windows-latest, py3.13)",completed,success,2026-06-06T11:49:23Z,2026-06-06T12:06:50Z,1047,22fb20d939e73712ad16ab20f98e253914e18d22
79868135875,27058542369,ci-1-core,"core (windows-latest, py3.13)",completed,success,2026-06-06T09:40:01Z,2026-06-06T09:55:23Z,922,c3bbff4ca152076c11641241b4f501948103579c
79868604951,27058295622,ci-1-core,"core (windows-latest, py3.13)",completed,success,2026-06-06T09:48:44Z,2026-06-06T10:00:43Z,719,26b029ecceaeec077fdbba2a1acd06c10038eb1d
79866819362,27058099650,ci-1-core,"core (windows-latest, py3.13)",completed,cancelled,2026-06-06T09:14:26Z,2026-06-06T09:27:59Z,813,98f24844df3cb5c869db1bbaec59c755822d3a15
79867177648,27057865030,ci-1-core,"core (windows-latest, py3.13)",completed,success,2026-06-06T09:20:54Z,2026-06-06T09:36:59Z,965,a1338cf3a8bad82c14273185ec6209cdbaad88ef
79974009289,27097724898,ci-1-core,"core (windows-latest, py3.13)",completed,success,2026-06-07T16:26:13Z,2026-06-07T16:43:02Z,1009,8824e9e9b5b12510295a54d83ce8565c25928834
79973806204,27097678060,ci-1-core,"core (windows-latest, py3.13)",completed,success,2026-06-07T16:23:04Z,2026-06-07T16:36:37Z,813,b7d77a9f2ae2513e93b133f7fd9fa569f2a770e3
79971477967,27096881084,ci-1-core,"core (windows-latest, py3.13)",completed,cancelled,2026-06-07T15:46:33Z,2026-06-07T16:00:20Z,827,f61f04be4c06337d4f5696433f76fd94c2f4f0e2
79971391890,27096787344,ci-1-core,"core (windows-latest, py3.13)",completed,success,2026-06-07T15:45:17Z,2026-06-07T16:01:01Z,944,b74f52c5366616ecda081d94fefe3a0ea59ce858
79971400689,27096763226,ci-1-core,"core (windows-latest, py3.13)",completed,success,2026-06-07T15:45:24Z,2026-06-07T15:59:41Z,857,02ec04720d2659ae49b0b6fe7a33d05cf450a3cf
79958600725,27092012006,ci-1-core,"core (windows-latest, py3.13)",completed,success,2026-06-07T12:26:27Z,2026-06-07T12:42:49Z,982,fc93b1508113d7445aba72b49cf788fa81188773
79969271674,27091804885,ci-1-core,"core (windows-latest, py3.13)",completed,success,2026-06-07T15:13:28Z,2026-06-07T15:28:29Z,901,6125f44f52296e6e1876107c53705267e2e5d74e
79956581360,27091466940,ci-1-core,"core (windows-latest, py3.13)",completed,success,2026-06-07T11:53:42Z,2026-06-07T12:05:40Z,718,66b048043404c140e7a6c6d7ebfaa799b2807d24
79958763625,27089863922,ci-1-core,"core (windows-latest, py3.13)",completed,success,2026-06-07T12:29:10Z,2026-06-07T12:45:52Z,1002,db24b159f76c22d4e99a6e9decae5272cdd7414b
79956639546,27089364402,ci-1-core,"core (windows-latest, py3.13)",completed,success,2026-06-07T11:54:41Z,2026-06-07T12:07:00Z,739,b4c4d469844b10e341b9f2b5a28dd6c4657352eb
79949625920,27088773300,ci-1-core,"core (windows-latest, py3.13)",completed,success,2026-06-07T09:57:49Z,2026-06-07T10:14:58Z,1029,dd276905f82fa32a3377694dbf184da359add940
79949145908,27088752795,ci-1-core,"core (windows-latest, py3.13)",completed,failure,2026-06-07T09:49:26Z,2026-06-07T09:57:46Z,500,cb49c487644380089275e63f85d9627a838c1e15
79949475064,27088560222,ci-1-core,"core (windows-latest, py3.13)",completed,success,2026-06-07T09:55:10Z,2026-06-07T10:11:34Z,984,fdc4844c1267874d09e82254803e000dab098d6d
79948276870,27088393473,ci-1-core,"core (windows-latest, py3.13)",completed,success,2026-06-07T09:34:18Z,2026-06-07T09:50:06Z,948,d1d3478a8f93d0e0f63991e9e29f2bc7e194ed32
79947780535,27088310112,ci-1-core,"core (windows-latest, py3.13)",completed,success,2026-06-07T09:25:47Z,2026-06-07T09:41:32Z,945,dbdd9c70ae91bb7b7b6114f4bbf00af217d251ab
79946165503,27087576402,ci-1-core,"core (windows-latest, py3.13)",completed,success,2026-06-07T08:59:14Z,2026-06-07T09:15:28Z,974,e36f1c40e876fda7a4cfe2451b71b0f148e821d1
79945162648,27086942474,ci-1-core,"core (windows-latest, py3.13)",completed,success,2026-06-07T08:42:17Z,2026-06-07T08:59:23Z,1026,346cf71c781bfff3d7c03b7a833fe0bf58647048
80037511493,27120372955,ci-1-core,"core (windows-latest, py3.13)",completed,success,2026-06-08T06:57:10Z,2026-06-08T07:12:36Z,926,40dc6a71a5f0c3c167d6294a31469e69b062f5be
80037620630,27120350379,ci-1-core,"core (windows-latest, py3.13)",completed,cancelled,2026-06-08T07:01:50Z,2026-06-08T07:11:26Z,576,764e6811913d82d0900e407a9285e62210a8678f
80035774379,27119135612,ci-1-core,"core (windows-latest, py3.13)",completed,success,2026-06-08T06:36:14Z,2026-06-08T06:55:20Z,1146,379f70dcd95a6ecd04b605bd9430477d07340669
79989158168,27103274589,ci-1-core,"core (windows-latest, py3.13)",completed,success,2026-06-07T20:23:56Z,2026-06-07T20:39:21Z,925,17232119c5ee1d0bfd8796332575d760655bd1fd
79988571947,27102761611,ci-1-core,"core (windows-latest, py3.13)",completed,success,2026-06-07T20:14:40Z,2026-06-07T20:30:23Z,943,5a068f949b0ff1845893120cde8ff2e501b5f0e3
79988545230,27102739444,ci-1-core,"core (windows-latest, py3.13)",completed,success,2026-06-07T20:14:14Z,2026-06-07T20:30:46Z,992,cceaf0a2c2dd7372042117e71a2dfc9af610000f
79987111855,27102697444,ci-1-core,"core (windows-latest, py3.13)",completed,success,2026-06-07T19:52:05Z,2026-06-07T20:09:38Z,1053,b7574e971d6d640fa332781fd656f69860a9424c
79983998927,27100959451,ci-1-core,"core (windows-latest, py3.13)",completed,success,2026-06-07T19:03:23Z,2026-06-07T19:19:06Z,943,c43b56d032587110f3dbcbdfe0bf16525bf27883
79981665192,27100723516,ci-1-core,"core (windows-latest, py3.13)",completed,success,2026-06-07T18:27:49Z,2026-06-07T18:45:26Z,1057,80a08629bc03a1223ff9121075207b238de31be3
79982354443,27100554660,ci-1-core,"core (windows-latest, py3.13)",completed,success,2026-06-07T18:38:29Z,2026-06-07T18:55:21Z,1012,c0f56d5a560e13841b803efd4ef24c96d77512aa
79981031158,27100492965,ci-1-core,"core (windows-latest, py3.13)",completed,success,2026-06-07T18:25:16Z,2026-06-07T18:39:49Z,873,20feef8eee8c045b48105263e7b6463aaad562e9
79980844291,27100215743,ci-1-core,"core (windows-latest, py3.13)",completed,success,2026-06-07T18:14:25Z,2026-06-07T18:30:12Z,947,3629e8da310ce58287900de37e5683227aadcf61
79980121118,27100147909,ci-1-core,"core (windows-latest, py3.13)",completed,cancelled,2026-06-07T18:02:54Z,2026-06-07T18:03:57Z,63,67c33197ee0c5dbb337c684b584fc6db1c40c7f4
79980246859,27100128708,ci-1-core,"core (windows-latest, py3.13)",completed,success,2026-06-07T18:06:44Z,2026-06-07T18:23:07Z,983,e4c914de0c0d516fde769b278dd05612352ab6de
79980850900,27099681542,ci-1-core,"core (windows-latest, py3.13)",completed,success,2026-06-07T18:14:33Z,2026-06-07T18:33:02Z,1109,885e759af09f950375d266ff722a1e88f9e5d895
79978772738,27099617383,ci-1-core,"core (windows-latest, py3.13)",completed,success,2026-06-07T17:41:28Z,2026-06-07T17:58:21Z,1013,001a4365847e84b678b6fc92d9d5e1155bab7cfd
79978207598,27099426593,ci-1-core,"core (windows-latest, py3.13)",completed,success,2026-06-07T17:32:21Z,2026-06-07T17:47:47Z,926,68e55cd6f7d775ecdbe9da0c2214775ca5b46e2c
79978272287,27099200198,ci-1-core,"core (windows-latest, py3.13)",completed,success,2026-06-07T17:33:20Z,2026-06-07T17:48:40Z,920,115e43db7ac0f16a27a120ba22e9d7d4c101e608
80051428824,27124331841,ci-1-core,"core (windows-latest, py3.13)",completed,success,2026-06-08T08:23:03Z,2026-06-08T08:39:07Z,964,3da2dd6f982d9d71b19179a99c97a327d3cd7695
80051509399,27124122714,ci-1-core,"core (windows-latest, py3.13)",completed,success,2026-06-08T08:23:31Z,2026-06-08T08:40:34Z,1023,6d2b43babf9782c43c5a00825eff5ebc64058dd5
80049630462,27123899777,ci-1-core,"core (windows-latest, py3.13)",completed,success,2026-06-08T08:14:47Z,2026-06-08T08:32:05Z,1038,ae49d5f7ec4d19c4bdf78583f672c201eff7751d
80048393550,27123428886,ci-1-core,"core (windows-latest, py3.13)",completed,success,2026-06-08T08:04:57Z,2026-06-08T08:20:48Z,951,0b175681f69ecd6cff0f26f94064452054851b5a
80046560214,27122847698,ci-1-core,"core (windows-latest, py3.13)",completed,success,2026-06-08T07:53:36Z,2026-06-08T08:09:32Z,956,bc03178b9ccf0a2e621e8cbadc7c40c4d5cfab87
80045174144,27122490809,ci-1-core,"core (windows-latest, py3.13)",completed,cancelled,2026-06-08T07:44:36Z,2026-06-08T07:58:31Z,835,4847de5cb0dd9a01e867228ee57748b184ddb43a
80112552449,27142004772,ci-1-core,"core (windows-latest, py3.13)",completed,success,2026-06-08T13:59:42Z,2026-06-08T14:17:40Z,1078,8ae798d495b8b655b889718cc7a0ecaf8593abe2
80104883145,27139879297,ci-1-core,"core (windows-latest, py3.13)",completed,success,2026-06-08T13:24:16Z,2026-06-08T13:41:39Z,1043,a4b63baf07e7e52f54beaf1c95c031c93e727409
80097929635,27135428682,ci-1-core,"core (windows-latest, py3.13)",completed,success,2026-06-08T12:49:23Z,2026-06-08T13:05:39Z,976,0f6eb3adef4912442f3d362e35bf2019482f3bf8
80070638481,27129912361,ci-1-core,"core (windows-latest, py3.13)",completed,success,2026-06-08T10:17:05Z,2026-06-08T10:34:36Z,1051,ce335b7debef3e3d9b9beb4015d0562e4fb2e376
80073764807,27128148171,ci-1-core,"core (windows-latest, py3.13)",completed,success,2026-06-08T10:29:59Z,2026-06-08T10:45:34Z,935,7acc2b74878ed81a2f8e6e6c5a49fbe924e96cd9
80074114966,27128026351,ci-1-core,"core (windows-latest, py3.13)",completed,success,2026-06-08T10:31:59Z,2026-06-08T10:49:52Z,1073,d9da79220080291c840c62ad2174500e09440130
80070130389,27127893367,ci-1-core,"core (windows-latest, py3.13)",completed,success,2026-06-08T10:14:01Z,2026-06-08T10:32:13Z,1092,f535ba322189b06f4face4cc1e3a6fb936a9c0ba
80180172006,27160683983,ci-1-core,"core (windows-latest, py3.13)",completed,success,2026-06-08T19:37:19Z,2026-06-08T19:54:51Z,1052,1693bc34f2e17b8d60bed1721cba5d5abd88c0dd
80179003906,27160534537,ci-1-core,"core (windows-latest, py3.13)",completed,success,2026-06-08T19:30:46Z,2026-06-08T19:46:57Z,971,07414998f0b7169017ac6ce33a955636e20b6322
80178636137,27159316288,ci-1-core,"core (windows-latest, py3.13)",completed,success,2026-06-08T19:28:45Z,2026-06-08T19:46:25Z,1060,80db943bec7544781195fc340f636c355aacf47b
80179120131,27159097068,ci-1-core,"core (windows-latest, py3.13)",completed,success,2026-06-08T19:31:25Z,2026-06-08T19:49:38Z,1093,3be74cda45deac4d56b953a88e46d33b44f2dc98
80179002208,27158698635,ci-1-core,"core (windows-latest, py3.13)",completed,success,2026-06-08T19:30:45Z,2026-06-08T19:48:34Z,1069,a33b05b3ab570a74ac4a476a099a62b0c9c4c5db
80172066733,27158491646,ci-1-core,"core (windows-latest, py3.13)",completed,cancelled,2026-06-08T18:53:35Z,2026-06-08T19:07:04Z,809,db9fc10b00ceddd1bd9b2316f5415315fb20dda7
80165931205,27156525103,ci-1-core,"core (windows-latest, py3.13)",completed,success,2026-06-08T18:20:44Z,2026-06-08T18:37:43Z,1019,a54841865dff5cf8634414249244b3879144ba76
80164927850,27155615728,ci-1-core,"core (windows-latest, py3.13)",completed,success,2026-06-08T18:15:18Z,2026-06-08T18:30:41Z,923,fd7546b0a87e325d5427d770dfc8163c2303eace
80156106475,27153820797,ci-1-core,"core (windows-latest, py3.13)",completed,success,2026-06-08T17:28:14Z,2026-06-08T17:44:53Z,999,1c2b0bd4cd5a215c97061000ed1597afda6b9c87
80148847231,27151884559,ci-1-core,"core (windows-latest, py3.13)",completed,cancelled,2026-06-08T16:49:59Z,2026-06-08T17:03:19Z,800,cb0dde4733b5a6ae59c1606b16cc4afbf9bc8a33
80150672377,27150495679,ci-1-core,"core (windows-latest, py3.13)",completed,success,2026-06-08T16:59:32Z,2026-06-08T17:16:42Z,1030,2c54d5482a902df10444b75a95f6103b27c282d9
80157480765,27149735431,ci-1-core,"core (windows-latest, py3.13)",completed,success,2026-06-08T17:35:35Z,2026-06-08T17:52:37Z,1022,9234eeb60d5b1c0a6c1dc5c0f1efcb47dc9de82b
80142200434,27149677927,ci-1-core,"core (windows-latest, py3.13)",completed,cancelled,2026-06-08T16:15:48Z,2026-06-08T16:28:39Z,771,1da816e908517ba1715c2a0fe059ad7d8ff53036
80140579574,27149249011,ci-1-core,"core (windows-latest, py3.13)",completed,success,2026-06-08T16:07:43Z,2026-06-08T16:24:06Z,983,59309ec7999cf7c04e08ce3481c5fd1bdc07895a
80138902819,27148404592,ci-1-core,"core (windows-latest, py3.13)",completed,success,2026-06-08T15:59:37Z,2026-06-08T16:16:07Z,990,e2d33e5e3f1470e1bdcbaf191a27541269a97870
80133423198,27147044120,ci-1-core,"core (windows-latest, py3.13)",completed,success,2026-06-08T15:33:46Z,2026-06-08T15:51:22Z,1056,a84a3e36d29d799b069199d24bc4683c005276d4
80130794120,27146444913,ci-1-core,"core (windows-latest, py3.13)",completed,success,2026-06-08T15:21:33Z,2026-06-08T15:32:03Z,630,ffd3d15e9b037da70d0e010de74505f73d94e463
80130675011,27146387709,ci-1-core,"core (windows-latest, py3.13)",completed,cancelled,2026-06-08T15:21:00Z,2026-06-08T15:28:55Z,475,f304ff9375f60b8989eae8503fd48a4cad1996f3
80123863384,27144329995,ci-1-core,"core (windows-latest, py3.13)",completed,success,2026-06-08T14:50:38Z,2026-06-08T15:06:54Z,976,0acec91fa31f9635be86fe6043263e5f0576a88b
80269411455,27189356590,ci-1-core,"core (windows-latest, py3.13)",completed,cancelled,2026-06-09T07:22:15Z,2026-06-09T07:27:15Z,300,4d8d42eb97dd46218f410ca77d989d15de126485
80263796215,27187664392,ci-1-core,"core (windows-latest, py3.13)",completed,cancelled,2026-06-09T06:43:48Z,2026-06-09T06:54:03Z,615,8b567ffa2678f29ceb2cc3bc9b1e8c83cbd6963c
80261902631,27187207865,ci-1-core,"core (windows-latest, py3.13)",completed,success,2026-06-09T06:29:35Z,2026-06-09T06:46:40Z,1025,2e44a4cb7b8bbdbeda73aeabe91231a2e78cfb66
80261012865,27186838183,ci-1-core,"core (windows-latest, py3.13)",completed,success,2026-06-09T06:22:50Z,2026-06-09T06:40:18Z,1048,5384caca1147e53e4064634ad5dc94ffec1cff1e
80259887908,27186731555,ci-1-core,"core (windows-latest, py3.13)",completed,success,2026-06-09T06:14:16Z,2026-06-09T06:32:08Z,1072,92f59fa27c9d2da94e97ab5da4c168139fcef308
80259760443,27186322438,ci-1-core,"core (windows-latest, py3.13)",completed,success,2026-06-09T06:13:17Z,2026-06-09T06:30:57Z,1060,2954daf88f79ee44f3e180ba90e135e9745be38d
80258410777,27186000466,ci-1-core,"core (windows-latest, py3.13)",completed,success,2026-06-09T06:02:38Z,2026-06-09T06:20:58Z,1100,d23cda4815890721c91dedd5e86e1763c073acc3
80256352073,27185596022,ci-1-core,"core (windows-latest, py3.13)",completed,success,2026-06-09T05:44:38Z,2026-06-09T06:00:32Z,954,bf5381e9d7778386af5da5fd60429b4e3c7257d7
80256878563,27185578346,ci-1-core,"core (windows-latest, py3.13)",completed,success,2026-06-09T05:49:29Z,2026-06-09T06:01:33Z,724,30e0880d64d8c773e18649e1b205bae07999e2f3
80254094321,27184884024,ci-1-core,"core (windows-latest, py3.13)",completed,success,2026-06-09T05:23:57Z,2026-06-09T05:40:06Z,969,0c08b53d36ac546f0fe88a146a482fcb8cd97068
80250123277,27168190077,ci-1-core,"core (windows-latest, py3.13)",completed,success,2026-06-09T04:44:43Z,2026-06-09T05:01:10Z,987,1d2c7dab366b043bda6cca47636802e1e1d95b07
80249993372,27168041329,ci-1-core,"core (windows-latest, py3.13)",completed,success,2026-06-09T04:43:21Z,2026-06-09T05:00:30Z,1029,7d17e7320022eeb90d8e9cb1f90b97e88a89846a
80250022028,27167999278,ci-1-core,"core (windows-latest, py3.13)",completed,success,2026-06-09T04:43:39Z,2026-06-09T05:00:53Z,1034,02a28748fd0759c58cda1cd60e3c14cd610a64ca
80249779752,27165677503,ci-1-core,"core (windows-latest, py3.13)",completed,success,2026-06-09T04:41:12Z,2026-06-09T04:58:43Z,1051,bef95d818227cd58a64a57fdbd9c8e3065870439
80322667791,27204805016,ci-1-core,"core (windows-latest, py3.13)",completed,cancelled,2026-06-09T12:30:45Z,2026-06-09T12:40:40Z,595,4523ca4f1e638782aa81cd19e5494e9724c467d8
80322491779,27204056121,ci-1-core,"core (windows-latest, py3.13)",completed,failure,2026-06-09T12:29:51Z,2026-06-09T12:46:40Z,1009,2fde7e7c42f6e56e61cf1d23f19093cbc15e4d26
80322280255,27203602816,ci-1-core,"core (windows-latest, py3.13)",completed,failure,2026-06-09T12:28:41Z,2026-06-09T12:44:17Z,936,bc3159f950bed54091fae651323caaa20bb12279
80317366684,27203474109,ci-1-core,"core (windows-latest, py3.13)",completed,failure,2026-06-09T12:01:43Z,2026-06-09T12:19:07Z,1044,7cb9860833f08a14a784fcd65ca71e2c1e7c75c1
80315509242,27203018810,ci-1-core,"core (windows-latest, py3.13)",completed,cancelled,2026-06-09T11:51:08Z,2026-06-09T12:02:52Z,704,737db0196f962c87f671534ffce948daf98afbf1
80315584248,27202361198,ci-1-core,"core (windows-latest, py3.13)",completed,failure,2026-06-09T11:51:33Z,2026-06-09T12:08:09Z,996,4a6b35d458c4eea0b43e49b8f4d34e64257f0981
80316428237,27202333740,ci-1-core,"core (windows-latest, py3.13)",completed,failure,2026-06-09T11:56:28Z,2026-06-09T12:15:15Z,1127,ff1dbca2dec71cf70afb682b7cfea9fb540c7cc4
80315746416,27202279986,ci-1-core,"core (windows-latest, py3.13)",completed,failure,2026-06-09T11:52:29Z,2026-06-09T12:09:17Z,1008,88b8d5d28e5814672a02c2e728486ee38f64b850
80311076777,27201522408,ci-1-core,"core (windows-latest, py3.13)",completed,failure,2026-06-09T11:25:15Z,2026-06-09T11:38:39Z,804,7fcd276408056201baec0897053c3698b07216f3
80310567191,27201089659,ci-1-core,"core (windows-latest, py3.13)",completed,failure,2026-06-09T11:22:15Z,2026-06-09T11:39:13Z,1018,147e6417e5f42e56dbee01be145bf8262ee068e2
80309299316,27200347009,ci-1-core,"core (windows-latest, py3.13)",completed,failure,2026-06-09T11:14:58Z,2026-06-09T11:33:22Z,1104,d636014e89dcf9689cf34a6883aac26eaeffebd5
80303696695,27198918977,ci-1-core,"core (windows-latest, py3.13)",completed,success,2026-06-09T10:42:12Z,2026-06-09T11:00:17Z,1085,30636da7715226dd4b437f23f987d2945a273b0c
80303089738,27198539163,ci-1-core,"core (windows-latest, py3.13)",completed,success,2026-06-09T10:38:29Z,2026-06-09T10:54:55Z,986,9fefb5ed140b42c0a4d106d3c066898db6c04097
80304107399,27198264506,ci-1-core,"core (windows-latest, py3.13)",completed,success,2026-06-09T10:44:40Z,2026-06-09T11:01:11Z,991,3d76cb6c8e047af5f5eedb09de059bfdfc8d5959
80299527791,27197543983,ci-1-core,"core (windows-latest, py3.13)",completed,success,2026-06-09T10:17:28Z,2026-06-09T10:30:19Z,771,488a454e0ec89b6a2b6800ecb125e7f1c9522cbf
80299383197,27197404924,ci-1-core,"core (windows-latest, py3.13)",completed,success,2026-06-09T10:16:35Z,2026-06-09T10:33:40Z,1025,40d616488a4895507903082ec5a5edbf8d30af81
80299396632,27197204060,ci-1-core,"core (windows-latest, py3.13)",completed,failure,2026-06-09T10:16:40Z,2026-06-09T10:34:06Z,1046,e999763e36ab40eedc6de284602a501a52719bd7
80294049977,27196538760,ci-1-core,"core (windows-latest, py3.13)",completed,success,2026-06-09T09:46:37Z,2026-06-09T10:04:09Z,1052,b2b081246addccf018f552cae8c7e8da9fd28e2a
80294153005,27195735428,ci-1-core,"core (windows-latest, py3.13)",completed,success,2026-06-09T09:47:36Z,2026-06-09T10:08:43Z,1267,4378bba158ebe47eec9aa15aff05ddd0fdda2047
80287072471,27194068817,ci-1-core,"core (windows-latest, py3.13)",completed,success,2026-06-09T09:08:06Z,2026-06-09T09:25:36Z,1050,92847cd1b726d47e4cb5ee7f2c2a8136cc90cc36
80285321714,27193551462,ci-1-core,"core (windows-latest, py3.13)",completed,success,2026-06-09T08:58:24Z,2026-06-09T09:17:35Z,1151,aed6f27666d11396d4f9d44b95e387a98d1070d9
80285031061,27193539083,ci-1-core,"core (windows-latest, py3.13)",completed,success,2026-06-09T08:56:46Z,2026-06-09T09:14:08Z,1042,d996998f0a04131b347fad9f48693fd5a155df17
80282797128,27193164774,ci-1-core,"core (windows-latest, py3.13)",completed,success,2026-06-09T08:43:51Z,2026-06-09T08:57:39Z,828,345b550e646b3ed9eb671f0d880c6c7199a31147
80281661074,27192736527,ci-1-core,"core (windows-latest, py3.13)",completed,failure,2026-06-09T08:40:43Z,2026-06-09T08:57:47Z,1024,e236def0131e474a9b7039087cbb383d36a1582e
80280416661,27192535409,ci-1-core,"core (windows-latest, py3.13)",completed,success,2026-06-09T08:30:08Z,2026-06-09T08:47:00Z,1012,7c8296dae4fae54c8b982489be8c93ab3ae9ff3f
80278074436,27191819399,ci-1-core,"core (windows-latest, py3.13)",completed,success,2026-06-09T08:16:43Z,2026-06-09T08:36:38Z,1195,975d51df50f1f7e6ec922f564a0a9a2d689a8c6f
80485782827,27253561586,ci-1-core,"core (windows-latest, py3.13)",completed,success,2026-06-10T05:04:54Z,2026-06-10T05:21:11Z,977,ece1db1d88c2cd5f5a1a0c5a167dce8422707620
80484232900,27231831085,ci-1-core,"core (windows-latest, py3.13)",completed,success,2026-06-10T04:50:34Z,2026-06-10T05:07:42Z,1028,e219250e225f298d41225adb77f145bf89405a71
80483885396,27230653109,ci-1-core,"core (windows-latest, py3.13)",completed,success,2026-06-10T04:47:18Z,2026-06-10T05:03:52Z,994,26f61dbde4b1e9810cbf9588ceeb118c8ce58b68
80484416698,27230292330,ci-1-core,"core (windows-latest, py3.13)",completed,success,2026-06-10T04:52:21Z,2026-06-10T05:09:20Z,1019,345f2ce6f29a28b3cc4290f625245d822c4453d4
80410837503,27229627666,ci-1-core,"core (windows-latest, py3.13)",completed,success,2026-06-09T19:38:01Z,2026-06-09T19:54:52Z,1011,808348dd300bd17053d341ab2ae209e0113f84bb
80407055645,27227434898,ci-1-core,"core (windows-latest, py3.13)",completed,success,2026-06-09T19:18:11Z,2026-06-09T19:36:39Z,1108,0095ce94861822297b3aa4a694cab7e95fec76c2
80402566245,27227101222,ci-1-core,"core (windows-latest, py3.13)",completed,success,2026-06-09T18:54:51Z,2026-06-09T19:11:25Z,994,abdbca82a64dfc79286f9b3404c0498aa109f5ac
80400590477,27226384417,ci-1-core,"core (windows-latest, py3.13)",completed,success,2026-06-09T18:45:04Z,2026-06-09T19:02:58Z,1074,16aa16845a450dddc42e6491ef213e001503e9b1
80398622603,27226147651,ci-1-core,"core (windows-latest, py3.13)",completed,cancelled,2026-06-09T18:35:02Z,2026-06-09T18:51:18Z,976,7f38a369454b8e035b00d2f92aa67c0429889dfd
80399088655,27225763610,ci-1-core,"core (windows-latest, py3.13)",completed,success,2026-06-09T18:37:26Z,2026-06-09T18:54:35Z,1029,9e7389054e41c14064a0060a7dd6cc02b2ce4569
80393422306,27224597662,ci-1-core,"core (windows-latest, py3.13)",completed,success,2026-06-09T18:07:59Z,2026-06-09T18:23:45Z,946,2be2797eb7fdad5ad425baa1db2d28223ad5a471
80393585607,27224534365,ci-1-core,"core (windows-latest, py3.13)",completed,cancelled,2026-06-09T18:08:52Z,2026-06-09T18:19:03Z,611,e771459cf5b162abd1ebc12453f9ea586ec02afa
80393399032,27224518403,ci-1-core,"core (windows-latest, py3.13)",completed,success,2026-06-09T18:07:53Z,2026-06-09T18:24:56Z,1023,92faeb6429e9120bc72458972451311d56452566
80391469656,27224213850,ci-1-core,"core (windows-latest, py3.13)",completed,success,2026-06-09T17:57:57Z,2026-06-09T18:15:37Z,1060,bfd3d654faf94ce18c690a8f49c3848fb23633ac
80389251370,27222978194,ci-1-core,"core (windows-latest, py3.13)",completed,success,2026-06-09T17:46:55Z,2026-06-09T18:03:08Z,973,b08c8ca892185bbad91c8a603ca990430a7b1b52
80384408056,27221966395,ci-1-core,"core (windows-latest, py3.13)",completed,success,2026-06-09T17:21:44Z,2026-06-09T17:38:20Z,996,fe9b9015d4ba011598aab2948e28c90236b4c0fb
80378120773,27219931984,ci-1-core,"core (windows-latest, py3.13)",completed,success,2026-06-09T16:49:41Z,2026-06-09T17:07:36Z,1075,e0f6b57ea8bcf1d6d2354ecb2dc131960c6b23ab
80377757432,27219924031,ci-1-core,"core (windows-latest, py3.13)",completed,success,2026-06-09T16:47:47Z,2026-06-09T17:04:01Z,974,36d73f44701521ef914327908454428c374f32f3
80372567736,27218741142,ci-1-core,"core (windows-latest, py3.13)",completed,cancelled,2026-06-09T16:21:23Z,2026-06-09T16:27:06Z,343,e6c87a1dd4c84ea033a7cba7267cc13147922477
80361802524,27215313792,ci-1-core,"core (windows-latest, py3.13)",completed,success,2026-06-09T15:31:04Z,2026-06-09T15:49:12Z,1088,95b68f8541c166040eae4092c716ef481e7fb604
80373233694,27215270070,ci-1-core,"core (windows-latest, py3.13)",completed,success,2026-06-09T16:24:42Z,2026-06-09T16:42:51Z,1089,54cfcb80e7659421f98493a851a651eb0bc0e142
80361701961,27215248126,ci-1-core,"core (windows-latest, py3.13)",completed,success,2026-06-09T15:30:33Z,2026-06-09T15:41:22Z,649,c09cb12602b84272c71c315c6ec8b3f713a711c1
80373083833,27215233193,ci-1-core,"core (windows-latest, py3.13)",completed,success,2026-06-09T16:23:57Z,2026-06-09T16:41:35Z,1058,b10a39bc44ce2347ce9fefa319a54530f6c2294d
80364536180,27215225286,ci-1-core,"core (windows-latest, py3.13)",completed,success,2026-06-09T15:43:12Z,2026-06-09T15:59:52Z,1000,0a1c0f1be028ddb5b8522127c91b213e06415007
80373048341,27215223012,ci-1-core,"core (windows-latest, py3.13)",completed,success,2026-06-09T16:23:46Z,2026-06-09T16:41:21Z,1055,e6c15fbd0d6582624f3ad69b98860ca1e872b44b
80360514834,27215080654,ci-1-core,"core (windows-latest, py3.13)",completed,success,2026-06-09T15:25:20Z,2026-06-09T15:42:40Z,1040,83146e87866f5595471fc4a2e6f9f59762d236a7
80352448025,27213067092,ci-1-core,"core (windows-latest, py3.13)",completed,success,2026-06-09T14:49:13Z,2026-06-09T15:05:49Z,996,45639e57acc07acae3b3ea80907dc25fd26fbd7a
80349970600,27211364659,ci-1-core,"core (windows-latest, py3.13)",completed,success,2026-06-09T14:38:20Z,2026-06-09T14:55:26Z,1026,1e6be3f349f24ae7d3ddabe5605f2a31137d5c72
80350935521,27211347231,ci-1-core,"core (windows-latest, py3.13)",completed,failure,2026-06-09T14:42:36Z,2026-06-09T15:01:38Z,1142,414341414124ebdeae5b26f7c59774c5c4bc1cb0
80345912835,27210884442,ci-1-core,"core (windows-latest, py3.13)",completed,failure,2026-06-09T14:20:30Z,2026-06-09T14:37:49Z,1039,e8c2d062eced296c330e6f693e6a9219104a8b7f
80346051613,27210722058,ci-1-core,"core (windows-latest, py3.13)",completed,failure,2026-06-09T14:21:07Z,2026-06-09T14:35:08Z,841,831e31a4ce6e2706f73d82a16f86f8fc8f3ffc61
80729107051,27325567958,ci-1-core,"core (windows-latest, py3.13)",completed,cancelled,2026-06-11T05:46:32Z,2026-06-11T05:47:20Z,48,8c2983d9a8f299077219f24e151ea3aaa918e539
80725823555,27324530784,ci-1-core,"core (windows-latest, py3.13)",completed,success,2026-06-11T05:17:51Z,2026-06-11T05:40:56Z,1385,3909b0afe7c05ff4e53a4927e63704bcbd4076d4
80677566359,27308222214,ci-1-core,"core (windows-latest, py3.13)",completed,failure,2026-06-10T22:18:38Z,2026-06-10T22:41:45Z,1387,77676755850d332c39450e4251b71656aac07967
80670113143,27304289961,ci-1-core,"core (windows-latest, py3.13)",completed,failure,2026-06-10T21:33:34Z,2026-06-10T21:56:57Z,1403,8be9f540cd07554ad3d36b22f92d3490c8e10e1d
80659853895,27303151206,ci-1-core,"core (windows-latest, py3.13)",completed,success,2026-06-10T20:39:22Z,2026-06-10T20:58:57Z,1175,411a55b0b7db1b4cf66802aa7be3ca48b8727cdc
80654426493,27300568623,ci-1-core,"core (windows-latest, py3.13)",completed,success,2026-06-10T20:11:47Z,2026-06-10T20:29:09Z,1042,8bf94544b59ce843fda8740db37a664761607051
80655153650,27300471180,ci-1-core,"core (windows-latest, py3.13)",completed,success,2026-06-10T20:15:21Z,2026-06-10T20:29:21Z,840,e42ff476208cd1b2855004ffd78ed0a42b400f0c
80655169076,27300455882,ci-1-core,"core (windows-latest, py3.13)",completed,success,2026-06-10T20:15:26Z,2026-06-10T20:34:08Z,1122,79b97b9ccdd3013be01047b1267527c0b1c082a0
80655137218,27300258239,ci-1-core,"core (windows-latest, py3.13)",completed,failure,2026-06-10T20:15:17Z,2026-06-10T20:38:29Z,1392,82953cb1e2ccb1b541da501a7655cb6ba54cdca7
80655017330,27299732906,ci-1-core,"core (windows-latest, py3.13)",completed,success,2026-06-10T20:14:42Z,2026-06-10T20:33:13Z,1111,27d5fd2c2d0aef4c2788853972b867e189803c1f
80646474217,27299553376,ci-1-core,"core (windows-latest, py3.13)",completed,success,2026-06-10T19:32:41Z,2026-06-10T19:50:36Z,1075,95c0420f1742e83e8c5c38016bf9516fe65a3217
80631002411,27295092448,ci-1-core,"core (windows-latest, py3.13)",completed,success,2026-06-10T18:15:57Z,2026-06-10T18:30:29Z,872,6e117573bda1587033d5a84b7a623136efd15ed1
80631412049,27294999910,ci-1-core,"core (windows-latest, py3.13)",completed,success,2026-06-10T18:17:54Z,2026-06-10T18:36:22Z,1108,357529609c3936fbf05ec2f18e4fb63c74a98d24
80631760490,27294726308,ci-1-core,"core (windows-latest, py3.13)",completed,success,2026-06-10T18:19:35Z,2026-06-10T18:37:09Z,1054,f452edd59940205bd9b119e82b17461bdf723b80
80631487073,27294633844,ci-1-core,"core (windows-latest, py3.13)",completed,success,2026-06-10T18:18:17Z,2026-06-10T18:35:48Z,1051,18c9b7519980b031b49bc752c804209b1d8c9a09
80624083526,27293304285,ci-1-core,"core (windows-latest, py3.13)",completed,success,2026-06-10T17:42:33Z,2026-06-10T17:59:11Z,998,56923969d829bf379da508f324f5298e89cdc8cf
80614825888,27289288210,ci-1-core,"core (windows-latest, py3.13)",completed,success,2026-06-10T16:57:25Z,2026-06-10T17:15:02Z,1057,9442958fd6b6718318a601d8c8599e23fe1a7490
80614718012,27288669220,ci-1-core,"core (windows-latest, py3.13)",completed,success,2026-06-10T16:56:53Z,2026-06-10T17:13:42Z,1009,88b6e0166569db32b74c45c88266905c880d2bc5
80614825994,27288650147,ci-1-core,"core (windows-latest, py3.13)",completed,success,2026-06-10T16:57:24Z,2026-06-10T17:14:46Z,1042,a19761d9e60f737c3ac5a743a7c8d2b6e042f603
80604461938,27287652214,ci-1-core,"core (windows-latest, py3.13)",completed,success,2026-06-10T16:05:58Z,2026-06-10T16:23:58Z,1080,a6db7ac985ccb5e0255be72c02a9ccb51e565535
80594873961,27284897985,ci-1-core,"core (windows-latest, py3.13)",completed,success,2026-06-10T15:17:51Z,2026-06-10T15:35:29Z,1058,e58839e7865652125bf1525993837467bb454407
80593174216,27283188657,ci-1-core,"core (windows-latest, py3.13)",completed,success,2026-06-10T15:09:36Z,2026-06-10T15:27:58Z,1102,ea9c913047d580f1621cd6ead1c9a0278561ee78
80590338889,27282631623,ci-1-core,"core (windows-latest, py3.13)",completed,success,2026-06-10T14:56:59Z,2026-06-10T15:13:48Z,1009,517d4bcdf4d8f88140f59df1db7c90388a70516d
80591198656,27282375967,ci-1-core,"core (windows-latest, py3.13)",completed,success,2026-06-10T15:00:39Z,2026-06-10T15:19:25Z,1126,c45d16b80dca2e2eacef0797a12455a52aadbaf7
80584471343,27281861146,ci-1-core,"core (windows-latest, py3.13)",completed,success,2026-06-10T14:31:15Z,2026-06-10T14:47:33Z,978,e5e01c2ae61e7d0d6b81738cebf50c9e5738d8d3
80585868974,27281269954,ci-1-core,"core (windows-latest, py3.13)",completed,success,2026-06-10T14:41:56Z,2026-06-10T14:59:36Z,1060,fa6dd97411e52366d445ec556fe0c6c7ff724864
80579937897,27280712538,ci-1-core,"core (windows-latest, py3.13)",completed,success,2026-06-10T14:11:00Z,2026-06-10T14:27:53Z,1013,d6348c2ced84ae299c1f3289c294939f9f444476
80579842679,27280494209,ci-1-core,"core (windows-latest, py3.13)",completed,success,2026-06-10T14:10:36Z,2026-06-10T14:28:53Z,1097,7f560e29d049cefdeca655a771d71097ee3be11d
80571719393,27278479574,ci-1-core,"core (windows-latest, py3.13)",completed,cancelled,2026-06-10T13:34:14Z,2026-06-10T13:44:17Z,603,facb127e7472fc663850430a7bf442165491f146
80571785565,27278223711,ci-1-core,"core (windows-latest, py3.13)",completed,success,2026-06-10T13:34:36Z,2026-06-10T13:51:54Z,1038,34ed7d4cca11dfed6bf3452c106f221cffb19f81
80571600243,27277992479,ci-1-core,"core (windows-latest, py3.13)",completed,success,2026-06-10T13:33:42Z,2026-06-10T13:51:11Z,1049,61d7ab70a573fa4690f2f9a3cb15b413e4e31add
80571663136,27277863012,ci-1-core,"core (windows-latest, py3.13)",completed,success,2026-06-10T13:33:59Z,2026-06-10T13:50:55Z,1016,70ad82111661bdc7cc088c50eb4979129a5fbfc6
80571213754,27277794778,ci-1-core,"core (windows-latest, py3.13)",completed,success,2026-06-10T13:32:00Z,2026-06-10T13:50:12Z,1092,5969af3d245233b6f2c91c217c21878f5efc5f9f
80565320242,27276832616,ci-1-core,"core (windows-latest, py3.13)",completed,cancelled,2026-06-10T13:04:43Z,2026-06-10T13:08:19Z,216,4b3b0e87d615b785965d5f11bd1026d63c07d363
80561293655,27275076213,ci-1-core,"core (windows-latest, py3.13)",completed,success,2026-06-10T12:45:13Z,2026-06-10T13:04:06Z,1133,f2fce6030af3f99103d8bb46ceb0d7730caea152
80558804796,27274944095,ci-1-core,"core (windows-latest, py3.13)",completed,cancelled,2026-06-10T12:31:57Z,2026-06-10T12:39:00Z,423,57008b953b014f1a740fe5c70f9174bdfa86715d
80558692186,27274066489,ci-1-core,"core (windows-latest, py3.13)",completed,success,2026-06-10T12:31:21Z,2026-06-10T12:48:14Z,1013,f8ca46de151f1c9260d75191eba4c09cc43bef78
80558430955,27274062658,ci-1-core,"core (windows-latest, py3.13)",completed,success,2026-06-10T12:29:59Z,2026-06-10T12:48:14Z,1095,2cd5c1bd843b131e90cb7c05f1c46d22dfe9615a
80558169021,27274048026,ci-1-core,"core (windows-latest, py3.13)",completed,success,2026-06-10T12:28:39Z,2026-06-10T12:46:33Z,1074,b774f192851f74475d9e01afb7a36fa2149417d1
80558116402,27274034608,ci-1-core,"core (windows-latest, py3.13)",completed,success,2026-06-10T12:28:47Z,2026-06-10T12:47:28Z,1121,241d90ef1f7850f7d690b39a8365c4ac4ba16632
80553174570,27273172347,ci-1-core,"core (windows-latest, py3.13)",completed,cancelled,2026-06-10T12:02:08Z,2026-06-10T12:05:07Z,179,54c79dcb3e900ff430e35a9077d1a2d34591c44f
80545106390,27270518424,ci-1-core,"core (windows-latest, py3.13)",completed,success,2026-06-10T11:16:53Z,2026-06-10T11:34:36Z,1063,7201a6f8f639bf9aa8a471837ff3e28486b3e4e4
80542222979,27270341824,ci-1-core,"core (windows-latest, py3.13)",completed,cancelled,2026-06-10T11:00:24Z,2026-06-10T11:05:37Z,313,80154afcfe1fdba1d63702a6dff491b5e3d75cf5
80542530873,27268543754,ci-1-core,"core (windows-latest, py3.13)",completed,success,2026-06-10T11:02:07Z,2026-06-10T11:18:09Z,962,f4364d39de5b82be274963f577500946ce06510d
80542460133,27268484367,ci-1-core,"core (windows-latest, py3.13)",completed,success,2026-06-10T11:01:43Z,2026-06-10T11:18:27Z,1004,23d8a20f6aa80cf0cbe2f77f5d68372a8dbf9eed
80542419881,27268479133,ci-1-core,"core (windows-latest, py3.13)",completed,success,2026-06-10T11:01:29Z,2026-06-10T11:15:06Z,817,f5b3da647777c32f7e9415c95f15e238b2a76fc5
80532710401,27267420614,ci-1-core,"core (windows-latest, py3.13)",completed,success,2026-06-10T10:05:22Z,2026-06-10T10:21:30Z,968,d552bbbfe19079c7159fcf9f71482f00f743e3ad
80532561633,27266499779,ci-1-core,"core (windows-latest, py3.13)",completed,success,2026-06-10T10:04:34Z,2026-06-10T10:17:43Z,789,521790f550469e4257ad59ca249a67c6d9f6421d
80532637986,27265784883,ci-1-core,"core (windows-latest, py3.13)",completed,success,2026-06-10T10:04:59Z,2026-06-10T10:21:42Z,1003,c7517a2c9d720c7cf570c26a98b42017950974bd
80526833571,27265681695,ci-1-core,"core (windows-latest, py3.13)",completed,cancelled,2026-06-10T09:33:25Z,2026-06-10T09:39:07Z,342,a6b9ca3f19d27dfed03ae58730fddf9206a6c30e
80526168733,27265322315,ci-1-core,"core (windows-latest, py3.13)",completed,success,2026-06-10T09:29:52Z,2026-06-10T09:47:03Z,1031,c10a169963fd86cd4428e6cc7d5c223070b64638
80526565196,27264882773,ci-1-core,"core (windows-latest, py3.13)",completed,cancelled,2026-06-10T09:31:58Z,2026-06-10T09:40:03Z,485,464883efe1969fd96608a5e5bfee25f3515a0ef9
80520618430,27263819717,ci-1-core,"core (windows-latest, py3.13)",completed,cancelled,2026-06-10T08:59:50Z,2026-06-10T09:07:34Z,464,1c625e6b79410ab98b628a39acd5727a711fea5e
80519215261,27263422320,ci-1-core,"core (windows-latest, py3.13)",completed,success,2026-06-10T08:52:12Z,2026-06-10T09:06:17Z,845,341b20dea0eada3e45960b05fc3ab80fd60c561a
80514135045,27261612334,ci-1-core,"core (windows-latest, py3.13)",completed,success,2026-06-10T08:24:51Z,2026-06-10T08:39:34Z,883,d87a82538d9c85bb4da425ced1158a3231a66e6d
80512893610,27261525395,ci-1-core,"core (windows-latest, py3.13)",completed,success,2026-06-10T08:17:48Z,2026-06-10T08:36:28Z,1120,c97c50ab94db87efd4b0c52c576cb8ccb6f3fe28
80512356682,27261479769,ci-1-core,"core (windows-latest, py3.13)",completed,cancelled,2026-06-10T08:14:45Z,2026-06-10T08:16:35Z,110,c999774d8d3fc021d51eaf3384faa829e0d40767
80508026930,27260196021,ci-1-core,"core (windows-latest, py3.13)",completed,success,2026-06-10T07:49:34Z,2026-06-10T08:07:08Z,1054,3464a39a9e2c4822c5758763865dc4ddc1f1924a
80506527321,27259678698,ci-1-core,"core (windows-latest, py3.13)",completed,success,2026-06-10T07:40:35Z,2026-06-10T07:57:31Z,1016,555095da88777f823c10b67bdb8f04d63096ffe5
80506828633,27259468513,ci-1-core,"core (windows-latest, py3.13)",completed,success,2026-06-10T07:42:28Z,2026-06-10T07:59:28Z,1020,ee320dfe8b94884dd52ac15d7d6ad47acc0a356b
80502569819,27257712331,ci-1-core,"core (windows-latest, py3.13)",completed,success,2026-06-10T07:15:49Z,2026-06-10T07:33:08Z,1039,ed37f135d7e902c6e358faf65ddd24812f276556
80502346312,27257632048,ci-1-core,"core (windows-latest, py3.13)",completed,success,2026-06-10T07:14:19Z,2026-06-10T07:32:04Z,1065,74d4dad82aa23491235f40499781c388b2f9238b
80497209533,27257102386,ci-1-core,"core (windows-latest, py3.13)",completed,cancelled,2026-06-10T06:39:02Z,2026-06-10T06:49:57Z,655,9ed3bce6a007111a2ce1d27bea6c2fdd36ab1c05
80497229681,27257044105,ci-1-core,"core (windows-latest, py3.13)",completed,success,2026-06-10T06:39:10Z,2026-06-10T06:56:41Z,1051,c5fc24e5bdea8da006b4af9e62b7a3f9b1571d45
80494239355,27256193048,ci-1-core,"core (windows-latest, py3.13)",completed,success,2026-06-10T06:17:26Z,2026-06-10T06:34:49Z,1043,c7886bc29db2193d47d38c3b5f9a59542a6801d3
80761090994,27334721670,ci-1-core,"core (windows-latest, py3.13)",completed,failure,2026-06-11T09:08:13Z,2026-06-11T09:22:51Z,878,21a68b8ea554e46366e18654100b56e25b1727a3
80761750372,27334619620,ci-1-core,"core (windows-latest, py3.13)",completed,failure,2026-06-11T09:11:41Z,2026-06-11T09:25:25Z,824,f9e5845b8729b9f9eb2e2e327094ac10cd8a231a
80761370039,27334536631,ci-1-core,"core (windows-latest, py3.13)",completed,failure,2026-06-11T09:09:39Z,2026-06-11T09:23:48Z,849,24ba313ca222d943438eb69c4318356f34e296af
80759072561,27334408100,ci-1-core,"core (windows-latest, py3.13)",completed,failure,2026-06-11T08:57:37Z,2026-06-11T09:11:59Z,862,fb36ecd02b550211d71b91763fad1a72815f8712
80759647540,27334305286,ci-1-core,"core (windows-latest, py3.13)",completed,failure,2026-06-11T09:00:37Z,2026-06-11T09:14:04Z,807,a0cb24ba214491ee889d1b686d948f77e83554c5
80761303697,27333819701,ci-1-core,"core (windows-latest, py3.13)",completed,failure,2026-06-11T09:09:19Z,2026-06-11T09:24:40Z,921,b7169cfe2bed76719ca207466530115db9f5d7ea
80761294437,27333179631,ci-1-core,"core (windows-latest, py3.13)",completed,failure,2026-06-11T09:09:16Z,2026-06-11T09:24:46Z,930,11e6e8d28e3536ec4b6685784ccd53fcdd4d28cb
80754145398,27332895723,ci-1-core,"core (windows-latest, py3.13)",completed,failure,2026-06-11T08:30:41Z,2026-06-11T08:44:10Z,809,2884bf34c4454f007f55ce0d7474ec0d0c1a1184
80755219993,27331156996,ci-1-core,"core (windows-latest, py3.13)",completed,failure,2026-06-11T08:36:56Z,2026-06-11T08:51:26Z,870,93777387d59b8bceae35f9dcc71d3547a73664b5
80755591484,27330523198,ci-1-core,"core (windows-latest, py3.13)",completed,failure,2026-06-11T08:38:47Z,2026-06-11T08:53:01Z,854,cff9e6d55c6071ba8c72e427bdbf357bee89c113
80743534695,27329918276,ci-1-core,"core (windows-latest, py3.13)",completed,failure,2026-06-11T07:29:40Z,2026-06-11T07:44:29Z,889,d9864402b4337e5914b012747742f3214b28c23f
80741085482,27329203964,ci-1-core,"core (windows-latest, py3.13)",completed,failure,2026-06-11T07:13:57Z,2026-06-11T07:28:11Z,854,360a87b5c6acf4e36691d3d2dd18e328b4668a6d
80739388429,27328328732,ci-1-core,"core (windows-latest, py3.13)",completed,success,2026-06-11T07:02:56Z,2026-06-11T07:27:12Z,1456,48461d94e8d9129b0f6554c9b7ca593447ce9584
80739428753,27327925630,ci-1-core,"core (windows-latest, py3.13)",completed,success,2026-06-11T07:03:13Z,2026-06-11T07:25:46Z,1353,f47e111d6f207482c06c98a5e2d9ef7ffa40eac1
80735939801,27327345488,ci-1-core,"core (windows-latest, py3.13)",completed,success,2026-06-11T06:39:35Z,2026-06-11T07:01:37Z,1322,b46621ffccbfe0f44bb9b4f9c1325bfcd2924069
80734893368,27327297139,ci-1-core,"core (windows-latest, py3.13)",completed,failure,2026-06-11T06:32:07Z,2026-06-11T06:47:45Z,938,768f7199a438851fdeda8ed1d46fd53f61c4b339
80813915737,27349687405,ci-1-core,"core (windows-latest, py3.13)",completed,success,2026-06-11T13:47:08Z,2026-06-11T14:04:55Z,1067,7dc8adec08bdd7591832f615b8028168a9f616e4
80813490682,27349201427,ci-1-core,"core (windows-latest, py3.13)",completed,success,2026-06-11T13:45:20Z,2026-06-11T14:05:05Z,1185,15157333865cc90c29c01c43c369b8fcf2139750
80813975172,27348631925,ci-1-core,"core (windows-latest, py3.13)",completed,success,2026-06-11T13:47:20Z,2026-06-11T14:06:09Z,1129,d1f3097ae53cf72ed251154c236eec486fd3c088
80807609370,27347703676,ci-1-core,"core (windows-latest, py3.13)",completed,cancelled,2026-06-11T13:18:25Z,2026-06-11T13:19:54Z,89,9272f6987c4f517e138fb466beabc0c5656301a9
80806309076,27346826687,ci-1-core,"core (windows-latest, py3.13)",completed,success,2026-06-11T13:12:21Z,2026-06-11T13:30:16Z,1075,b0f0f035f3eead4a49bc11c6f68bfbf1d9c94771
80803576576,27346440733,ci-1-core,"core (windows-latest, py3.13)",completed,success,2026-06-11T12:59:27Z,2026-06-11T13:13:44Z,857,0df3031fdc61564adeed72822eebe5f74040b169
80803696939,27346077395,ci-1-core,"core (windows-latest, py3.13)",completed,success,2026-06-11T13:00:02Z,2026-06-11T13:18:41Z,1119,0067ae3e5d6c871b56c037e234678e1c9a7469ba
80804393043,27345951027,ci-1-core,"core (windows-latest, py3.13)",completed,success,2026-06-11T13:03:20Z,2026-06-11T13:21:06Z,1066,8908ed419ae716f0e140d7657bfc7e5b9c010e25
80798706725,27345466964,ci-1-core,"core (windows-latest, py3.13)",completed,success,2026-06-11T12:41:19Z,2026-06-11T13:00:17Z,1138,a463bbc0863af81426cd88310b6485b72d5eeeb5
80798397408,27345443676,ci-1-core,"core (windows-latest, py3.13)",completed,success,2026-06-11T12:38:06Z,2026-06-11T12:55:41Z,1055,acba66535c1b1e53535162c58de636699fa9d9af
80797695104,27345366112,ci-1-core,"core (windows-latest, py3.13)",completed,success,2026-06-11T12:31:32Z,2026-06-11T12:49:21Z,1069,b08df96102edb152ade210b27000e5cc246dd7fe
80795436392,27344705941,ci-1-core,"core (windows-latest, py3.13)",completed,cancelled,2026-06-11T12:18:38Z,2026-06-11T12:27:17Z,519,db71679359b11924cfc5c4667ea2465b86d2bd02
80795490941,27344605534,ci-1-core,"core (windows-latest, py3.13)",completed,cancelled,2026-06-11T12:18:57Z,2026-06-11T12:33:26Z,869,8eee3bedb20c1b2fd57ca8e589ba4472d587406f
80786318036,27341972010,ci-1-core,"core (windows-latest, py3.13)",completed,success,2026-06-11T11:28:30Z,2026-06-11T11:46:38Z,1088,1aec24895a87f147f20dd619739e55889cb40427
80785331816,27341817806,ci-1-core,"core (windows-latest, py3.13)",completed,success,2026-06-11T11:22:46Z,2026-06-11T11:41:12Z,1106,04f8f3e092fb02aa2e236e2860c8c22b1eb739d8
80796644873,27341689252,ci-1-core,"core (windows-latest, py3.13)",completed,success,2026-06-11T12:24:52Z,2026-06-11T12:44:42Z,1190,955df521a82de72d61bc1e857bbf03fa3c23719d
80784891252,27341675292,ci-1-core,"core (windows-latest, py3.13)",completed,success,2026-06-11T11:20:14Z,2026-06-11T11:38:06Z,1072,4d2801ac2d3ec479db23aa17efe75b9d51e94b6c
80784618674,27340863433,ci-1-core,"core (windows-latest, py3.13)",completed,success,2026-06-11T11:18:40Z,2026-06-11T11:37:21Z,1121,a9c0d6da4210a6d96665174a22e2e8c1a0b19d24
80794798855,27340690464,ci-1-core,"core (windows-latest, py3.13)",completed,success,2026-06-11T12:15:17Z,2026-06-11T12:33:20Z,1083,f9b7240c5c29adbcc136b6b4d13e1fdf1e40df58
80780072375,27340434537,ci-1-core,"core (windows-latest, py3.13)",completed,failure,2026-06-11T10:58:22Z,2026-06-11T11:11:59Z,817,bde5fd260498f07512e45bacb122733f27e1be76
80780517361,27340326063,ci-1-core,"core (windows-latest, py3.13)",completed,failure,2026-06-11T10:58:28Z,2026-06-11T11:13:35Z,907,7f2bc97249047d1820f1ad9edcd482e69b9cf3bd
80779344886,27340205210,ci-1-core,"core (windows-latest, py3.13)",completed,failure,2026-06-11T10:48:01Z,2026-06-11T11:04:28Z,987,fd86e2dd925281a27a94d8f6d1de54381769f8ec
80779594932,27340137421,ci-1-core,"core (windows-latest, py3.13)",completed,failure,2026-06-11T10:49:56Z,2026-06-11T11:05:07Z,911,4846d397c7cf83303f84739ed02ca5448a587922
80779099944,27339421429,ci-1-core,"core (windows-latest, py3.13)",completed,failure,2026-06-11T10:46:35Z,2026-06-11T11:00:58Z,863,0770eaf35610387fff8c908d73242dc18e70d9fa
80779556507,27339351438,ci-1-core,"core (windows-latest, py3.13)",completed,failure,2026-06-11T10:49:14Z,2026-06-11T11:03:12Z,838,8438470aafbd3b9c5c42fb29f5fb823421ae6c2f
80776861781,27339265478,ci-1-core,"core (windows-latest, py3.13)",completed,failure,2026-06-11T10:33:53Z,2026-06-11T10:48:00Z,847,bab104586fa24fb9e00168cc24b5164ab8dda8fd
80776924441,27339207046,ci-1-core,"core (windows-latest, py3.13)",completed,failure,2026-06-11T10:37:36Z,2026-06-11T10:51:48Z,852,220030287f79f1cd83bb0b05d002fb9ff6bef920
80838661265,27356526251,ci-1-core,"core (windows-latest, py3.13)",completed,success,2026-06-11T15:32:55Z,2026-06-11T15:50:18Z,1043,cba28fa3efe6f18a7b50129244e50e5ff546d772
80833113827,27354776922,ci-1-core,"core (windows-latest, py3.13)",completed,success,2026-06-11T15:09:01Z,2026-06-11T15:27:19Z,1098,4a814b9c7668d2ed1228b31824f8786c746a1841
80834948431,27353819983,ci-1-core,"core (windows-latest, py3.13)",completed,success,2026-06-11T15:16:53Z,2026-06-11T15:35:21Z,1108,ae9b6c25a912a61c33f7295461153e54d84e9ab0
80829110863,27353410828,ci-1-core,"core (windows-latest, py3.13)",completed,success,2026-06-11T14:52:18Z,2026-06-11T15:11:50Z,1172,ffcde2b7b77c6535d2dd4a82a77e05495105cc2f
80972147125,27397686609,ci-1-core,"core (windows-latest, py3.13)",completed,cancelled,2026-06-12T06:30:25Z,2026-06-12T06:39:05Z,520,119ea232d8ce27eda7689d2b5f8c2fd568264fdb
80971578872,27397414263,ci-1-core,"core (windows-latest, py3.13)",completed,success,2026-06-12T06:25:47Z,2026-06-12T06:42:53Z,1026,10483ef04b5219a32d590091024f85999b4e5942
80971433677,27397362939,ci-1-core,"core (windows-latest, py3.13)",completed,success,2026-06-12T06:24:34Z,2026-06-12T06:43:46Z,1152,6e6b2934220bdd7fc558138c26ad6a536411ac6b
80970088970,27397283709,ci-1-core,"core (windows-latest, py3.13)",completed,success,2026-06-12T06:13:43Z,2026-06-12T06:31:14Z,1051,f3b23a26dd96867880998f5b8b6270af8e227ac3
80969346408,27397012126,ci-1-core,"core (windows-latest, py3.13)",completed,success,2026-06-12T06:06:52Z,2026-06-12T06:21:42Z,890,2cefa2f137506ee3ca9ef56306755d53890bcb31
80969173008,27396914451,ci-1-core,"core (windows-latest, py3.13)",completed,success,2026-06-12T06:05:24Z,2026-06-12T06:23:39Z,1095,75de432fcdd5bd2a807a257f8cf57cd354522dde
80965590525,27374874153,ci-1-core,"core (windows-latest, py3.13)",completed,success,2026-06-12T05:33:45Z,2026-06-12T05:51:44Z,1079,8925688ca122d3c70920e01062c523dfed5c6fbd
80967121520,27373328166,ci-1-core,"core (windows-latest, py3.13)",completed,success,2026-06-12T05:47:27Z,2026-06-12T06:06:33Z,1146,f8ca887d8fd76091cb0ab79e3ee0e654fbaabada
80892553018,27372383268,ci-1-core,"core (windows-latest, py3.13)",completed,success,2026-06-11T19:59:23Z,2026-06-11T20:18:12Z,1129,3ae83a49bcfbd08b6b76eb9f9d5c4aae3856bb2f
80892896370,27371714428,ci-1-core,"core (windows-latest, py3.13)",completed,success,2026-06-11T20:01:07Z,2026-06-11T20:21:54Z,1247,acfa7499cad7ddaf55cc6cc7da6f80da7aa8de5f
80892595003,27370256046,ci-1-core,"core (windows-latest, py3.13)",completed,success,2026-06-11T19:59:36Z,2026-06-11T20:19:04Z,1168,c9ef5d77a140ccfef0836a6fc7a987673b4b4239
80884596247,27370078528,ci-1-core,"core (windows-latest, py3.13)",completed,cancelled,2026-06-11T19:17:28Z,2026-06-11T19:32:50Z,922,605379c3db8464f10426e9ac5b90b610da87bb66
80883640641,27369520369,ci-1-core,"core (windows-latest, py3.13)",completed,success,2026-06-11T19:12:30Z,2026-06-11T19:31:07Z,1117,a10062c86909e894792bd3a7872cc76c08d9259e
80884010721,27368828711,ci-1-core,"core (windows-latest, py3.13)",completed,success,2026-06-11T19:14:22Z,2026-06-11T19:30:57Z,995,a8d3554c9c9d67f96586f935479bc8a334264efe
80883824919,27368454705,ci-1-core,"core (windows-latest, py3.13)",completed,success,2026-06-11T19:13:26Z,2026-06-11T19:28:48Z,922,2be838e59c70802babb9fd7779b14d6b03025c60
80879377330,27368311473,ci-1-core,"core (windows-latest, py3.13)",completed,success,2026-06-11T18:51:12Z,2026-06-11T19:10:46Z,1174,f29870b66b68b3e28ef841b228da0c4a9446748d
80879336547,27367987730,ci-1-core,"core (windows-latest, py3.13)",completed,success,2026-06-11T18:51:00Z,2026-06-11T19:09:50Z,1130,93c3f79fc87ae3bd797f82a5a92bda169f52c0ab
80874318981,27367002959,ci-1-core,"core (windows-latest, py3.13)",completed,success,2026-06-11T18:25:16Z,2026-06-11T18:43:54Z,1118,c10274da5e98050441bd2efe5210fb2fb247c8e3
80862614552,27363642084,ci-1-core,"core (windows-latest, py3.13)",completed,success,2026-06-11T17:26:44Z,2026-06-11T17:44:41Z,1077,7e59f4eeec698705db9c40085b8eb9fdf132342a
80875244280,27363495882,ci-1-core,"core (windows-latest, py3.13)",completed,success,2026-06-11T18:30:10Z,2026-06-11T18:49:01Z,1131,85e38db0707371148efdc6da2baf867b82837f58
80858586313,27362426650,ci-1-core,"core (windows-latest, py3.13)",completed,success,2026-06-11T17:06:53Z,2026-06-11T17:32:21Z,1528,3933f008308aa5bebd3b6afcff6cb1e15c26d5bf
80858901869,27362371450,ci-1-core,"core (windows-latest, py3.13)",completed,success,2026-06-11T17:08:33Z,2026-06-11T17:28:31Z,1198,a757603ad32eea8d625c96a21e53496740be4ce5
80859799380,27361494921,ci-1-core,"core (windows-latest, py3.13)",completed,success,2026-06-11T17:12:56Z,2026-06-11T17:31:13Z,1097,b7254adf690282ffe4ba17a1420b05dfbd14cffe
80858809913,27361470810,ci-1-core,"core (windows-latest, py3.13)",completed,success,2026-06-11T17:07:59Z,2026-06-11T17:26:30Z,1111,9c8f468a111e5b0c3621d2a69b5afc25c25dca31
80854836908,27361366539,ci-1-core,"core (windows-latest, py3.13)",completed,cancelled,2026-06-11T16:47:49Z,2026-06-11T17:00:36Z,767,c12e60e6839f86c72a12b52c005857295fea04b1
80852429590,27360579364,ci-1-core,"core (windows-latest, py3.13)",completed,success,2026-06-11T16:36:02Z,2026-06-11T16:56:21Z,1219,c4b5eeffa3ecc781243121658a34b3a2850e16cd
81038810225,27417432476,ci-1-core,"core (windows-latest, py3.13)",completed,failure,2026-06-12T13:31:16Z,2026-06-12T13:37:54Z,398,3cf2a0d425dc83794bd4871391099ed971e9f058
81038099686,27417269883,ci-1-core,"core (windows-latest, py3.13)",completed,cancelled,2026-06-12T13:27:32Z,2026-06-12T13:32:44Z,312,a6c0f1ded5bb1085792d45842293a3fd2f01b25e
81037312267,27416936081,ci-1-core,"core (windows-latest, py3.13)",completed,success,2026-06-12T13:23:23Z,2026-06-12T13:38:37Z,914,fe0f7d99e9b61dfffd16048e814fe6f76b2d8432
81031022138,27415241396,ci-1-core,"core (windows-latest, py3.13)",completed,failure,2026-06-12T12:48:27Z,2026-06-12T12:55:55Z,448,e1c76e90e40f748f13a3ceecb1e5511837fe2297
81027809248,27413879877,ci-1-core,"core (windows-latest, py3.13)",completed,success,2026-06-12T12:29:20Z,2026-06-12T12:46:25Z,1025,ab3f16d397fd680a4b27c5cc7259e158830b3bdc
81025153271,27413660480,ci-1-core,"core (windows-latest, py3.13)",completed,cancelled,2026-06-12T12:13:16Z,2026-06-12T12:14:55Z,99,43f9a1fd8796418a31157bd9a26447f6ed4a268f
81024810440,27413240086,ci-1-core,"core (windows-latest, py3.13)",completed,success,2026-06-12T12:11:03Z,2026-06-12T12:30:02Z,1139,7171f2b9bf79e6adff82198e1df12e6ad46b30fc
81023298144,27412861432,ci-1-core,"core (windows-latest, py3.13)",completed,success,2026-06-12T12:01:51Z,2026-06-12T12:20:11Z,1100,e9b28b2ac7de1113ddb84cd79641e44a7ea19c08
81018355004,27411685153,ci-1-core,"core (windows-latest, py3.13)",completed,success,2026-06-12T11:30:26Z,2026-06-12T11:45:28Z,902,2eb9627867a69852fc9a2bc6ec7eaa67ae48868e
81017851138,27411581728,ci-1-core,"core (windows-latest, py3.13)",completed,cancelled,2026-06-12T11:27:10Z,2026-06-12T11:30:06Z,176,4cc66d19c0018e4b3eb0a569e21a9559932a8958
81015657573,27410468898,ci-1-core,"core (windows-latest, py3.13)",completed,cancelled,2026-06-12T11:13:07Z,2026-06-12T11:30:42Z,1055,7865fd582845a95856a5f6a7580419ea9bddc301
81013849777,27410311103,ci-1-core,"core (windows-latest, py3.13)",completed,success,2026-06-12T11:01:22Z,2026-06-12T11:20:52Z,1170,a4c2a8a0daa0f2ceb70be8af3cfb0e17a93fc629
81012955821,27409973153,ci-1-core,"core (windows-latest, py3.13)",completed,success,2026-06-12T10:55:21Z,2026-06-12T11:13:44Z,1103,832e346c051507fff8a4b04d3eb41611487cee29
81012942353,27409814881,ci-1-core,"core (windows-latest, py3.13)",completed,success,2026-06-12T10:55:20Z,2026-06-12T11:14:59Z,1179,60e332df0058fda2f6a8f454d84f49277e788eac
81011630870,27409694930,ci-1-core,"core (windows-latest, py3.13)",completed,success,2026-06-12T10:46:36Z,2026-06-12T11:03:03Z,987,b22de8208198c81b1f7920477580ed16698a7434
81011518788,27409672126,ci-1-core,"core (windows-latest, py3.13)",completed,cancelled,2026-06-12T10:45:53Z,2026-06-12T10:55:58Z,605,9fc56cc390f64c8e21d4758c8ad59f17ed6d6b45
81010077719,27409011504,ci-1-core,"core (windows-latest, py3.13)",completed,success,2026-06-12T10:37:59Z,2026-06-12T10:54:50Z,1011,27ecfa5c7305d8c8d9f6789be1b837a63784df5e
81008962716,27408247770,ci-1-core,"core (windows-latest, py3.13)",completed,success,2026-06-12T10:29:24Z,2026-06-12T10:48:33Z,1149,99cdd5b3f305ee8fcbf4a7778af90cd1e4384d14
81004199845,27407453246,ci-1-core,"core (windows-latest, py3.13)",completed,success,2026-06-12T09:59:37Z,2026-06-12T10:16:43Z,1026,b370477c1343d5027f4d466621331dcb559272c6
81003361842,27406800760,ci-1-core,"core (windows-latest, py3.13)",completed,success,2026-06-12T09:54:30Z,2026-06-12T10:12:40Z,1090,aa362c80daee9e4c8d50c53bd5aed0c6dd2081f0
80999536330,27405550170,ci-1-core,"core (windows-latest, py3.13)",completed,success,2026-06-12T09:31:28Z,2026-06-12T09:48:45Z,1037,b52dbba2e49afe5f7da31cf171630b9593795687
80994569811,27404571423,ci-1-core,"core (windows-latest, py3.13)",completed,success,2026-06-12T09:01:01Z,2026-06-12T09:20:05Z,1144,a844962f693c08114a46a1352437689887098253
80994532183,27404408632,ci-1-core,"core (windows-latest, py3.13)",completed,cancelled,2026-06-12T09:00:49Z,2026-06-12T09:03:34Z,165,4cac8ca3a9aac4d7fe25bde394785f48ef1a64da
80994439068,27403305601,ci-1-core,"core (windows-latest, py3.13)",completed,success,2026-06-12T09:00:17Z,2026-06-12T09:14:16Z,839,aba9be05232bd37a12067afbbfb09b27ccac30fd
80989008827,27402855925,ci-1-core,"core (windows-latest, py3.13)",completed,success,2026-06-12T08:27:18Z,2026-06-12T08:45:04Z,1066,a400b64585a77bbb002ea5d38cd8d3d033d3c833
80988648171,27402705340,ci-1-core,"core (windows-latest, py3.13)",completed,success,2026-06-12T08:25:02Z,2026-06-12T08:42:07Z,1025,1aaff4d490a07bb637b2861941799f689edf36a4
80988790356,27402569351,ci-1-core,"core (windows-latest, py3.13)",completed,success,2026-06-12T08:25:53Z,2026-06-12T08:44:41Z,1128,d2c1a8ebfac396dc7c193bda5e8d0ee9c3441771
80988249119,27402365325,ci-1-core,"core (windows-latest, py3.13)",completed,success,2026-06-12T08:22:23Z,2026-06-12T08:40:40Z,1097,c97faeac75355c38f2dfa2532def6f2a282e6b63
80985579800,27401926895,ci-1-core,"core (windows-latest, py3.13)",completed,success,2026-06-12T08:07:43Z,2026-06-12T08:25:36Z,1073,fb89ae289f82a8d1bc7357d4346c21c2bf5dff30
80986303770,27401896254,ci-1-core,"core (windows-latest, py3.13)",completed,success,2026-06-12T08:11:01Z,2026-06-12T08:22:02Z,661,d63243a048e84d8c776b465a24a8b3cfd2a22f30
80986144201,27401801254,ci-1-core,"core (windows-latest, py3.13)",completed,success,2026-06-12T08:10:53Z,2026-06-12T08:27:30Z,997,d1e52aaa7f24cdbed0cf5ca4bd2bef7422ee65cb
80984619086,27401651198,ci-1-core,"core (windows-latest, py3.13)",completed,success,2026-06-12T07:59:02Z,2026-06-12T08:16:38Z,1056,8687023d649ee13302d21ec572f72d46ed7d19d2
80980489547,27400408271,ci-1-core,"core (windows-latest, py3.13)",completed,success,2026-06-12T07:31:19Z,2026-06-12T07:45:46Z,867,7843ceb23110c366908552f1b251c4ed20695f53
81124798894,27442824953,ci-1-core,"core (windows-latest, py3.13)",completed,success,2026-06-12T21:27:38Z,2026-06-12T21:45:03Z,1045,e43cd1fe6b7ebd781724596cf959b14df9c528ed
81124676768,27439747093,ci-1-core,"core (windows-latest, py3.13)",completed,success,2026-06-12T21:26:52Z,2026-06-12T21:44:55Z,1083,85823c378e31f308503cea72b82e211ee732acd4
81114609243,27439626758,ci-1-core,"core (windows-latest, py3.13)",completed,success,2026-06-12T20:23:53Z,2026-06-12T20:41:55Z,1082,07386477cf67420eb542c5b11c47bd7f8b5d116c
81114742322,27437708627,ci-1-core,"core (windows-latest, py3.13)",completed,success,2026-06-12T20:24:38Z,2026-06-12T20:43:08Z,1110,1adad7b061e75ba0b9d487b3ca1659abeaf9d5f4
81114921102,27437545740,ci-1-core,"core (windows-latest, py3.13)",completed,success,2026-06-12T20:25:41Z,2026-06-12T20:45:24Z,1183,c133e5ce1c415c895e11fafd01e9e8457b35230c
81108399477,27437507134,ci-1-core,"core (windows-latest, py3.13)",completed,cancelled,2026-06-12T19:47:01Z,2026-06-12T19:56:46Z,585,004c0e61faae7376e33912644a0b290af0373012
81105915965,27436934263,ci-1-core,"core (windows-latest, py3.13)",completed,success,2026-06-12T19:32:10Z,2026-06-12T19:50:04Z,1074,f490f2525d37dc5cff89927beec6979044099371
81106441943,27436353512,ci-1-core,"core (windows-latest, py3.13)",completed,success,2026-06-12T19:35:21Z,2026-06-12T19:48:55Z,814,9e4241f16c5a79e23ebc529e868a838364f2dd2c
81102927742,27435999629,ci-1-core,"core (windows-latest, py3.13)",completed,success,2026-06-12T19:15:45Z,2026-06-12T19:33:36Z,1071,e5e246bd7b3d636c80d31e02665fa196070df796
81102677435,27435872822,ci-1-core,"core (windows-latest, py3.13)",completed,success,2026-06-12T19:13:14Z,2026-06-12T19:31:40Z,1106,721437b35a45f580145a3f37acab4796751bb6b5
81102340601,27435674047,ci-1-core,"core (windows-latest, py3.13)",completed,success,2026-06-12T19:11:19Z,2026-06-12T19:29:47Z,1108,ee38e6fef5cbbcf11f8066afd5bf6ae68044bf83
81102785645,27435362686,ci-1-core,"core (windows-latest, py3.13)",completed,success,2026-06-12T19:13:54Z,2026-06-12T19:33:30Z,1176,e62f144fbc7055fde2b9fe3e0b01793696cc8167
81097204961,27434498546,ci-1-core,"core (windows-latest, py3.13)",completed,success,2026-06-12T18:42:15Z,2026-06-12T19:01:45Z,1170,7b3e11f38ba1169ebb491afabd8238b12feb50de
81098366308,27434378249,ci-1-core,"core (windows-latest, py3.13)",completed,success,2026-06-12T18:53:57Z,2026-06-12T19:12:41Z,1124,4d73141030ede73e3eedfa61934af202898f138d
81094339667,27433615108,ci-1-core,"core (windows-latest, py3.13)",completed,success,2026-06-12T18:25:56Z,2026-06-12T18:44:26Z,1110,4e2c2771633bb90936fb473495e363d5223829b3
81094795177,27433603233,ci-1-core,"core (windows-latest, py3.13)",completed,failure,2026-06-12T18:28:35Z,2026-06-12T18:48:14Z,1179,ed9bfc1afe0540a7eaf541bc157835f8ea90d36f
81088191079,27431847138,ci-1-core,"core (windows-latest, py3.13)",completed,success,2026-06-12T17:50:52Z,2026-06-12T18:06:25Z,933,12fa1376c29d8b9bf60000d23ede0e7e315b7b69
81085949162,27431142798,ci-1-core,"core (windows-latest, py3.13)",completed,cancelled,2026-06-12T17:38:11Z,2026-06-12T17:42:13Z,242,cc401f7789d2f8c9ad244d1ba61e8f0e950f8c93
81086085113,27431049851,ci-1-core,"core (windows-latest, py3.13)",completed,success,2026-06-12T17:38:57Z,2026-06-12T17:57:46Z,1129,a071e073e367c4adc478649f808dc0efacb7bdea
81085199552,27430381427,ci-1-core,"core (windows-latest, py3.13)",completed,success,2026-06-12T17:33:54Z,2026-06-12T17:52:41Z,1127,cb97d0ced97c73df3eda6d88ca8df8958e5c2fbc
81083542001,27430260638,ci-1-core,"core (windows-latest, py3.13)",completed,success,2026-06-12T17:24:34Z,2026-06-12T17:42:17Z,1063,bbda7748ded3aad33136ee603bf847a44d03cee1
81082614622,27430216011,ci-1-core,"core (windows-latest, py3.13)",completed,success,2026-06-12T17:23:12Z,2026-06-12T17:41:34Z,1102,abb433c4e6b0d3848503c92f8938f6994ef14fac
81080762945,27429566674,ci-1-core,"core (windows-latest, py3.13)",completed,cancelled,2026-06-12T17:08:56Z,2026-06-12T17:13:20Z,264,3caa6901a7233d374e1ecadd2866fe99f1bc5b34
81083396256,27429529519,ci-1-core,"core (windows-latest, py3.13)",completed,success,2026-06-12T17:23:45Z,2026-06-12T17:42:51Z,1146,bfd7b7dbbd8d3260f94585c950ce0e71a973e7d9
81081749962,27429346180,ci-1-core,"core (windows-latest, py3.13)",completed,failure,2026-06-12T17:14:50Z,2026-06-12T17:36:52Z,1322,4347a61003b61e2dce80711583fd1d8c83877396
81078147608,27428806951,ci-1-core,"core (windows-latest, py3.13)",completed,success,2026-06-12T16:54:31Z,2026-06-12T17:12:46Z,1095,f1159cc3a2e45ce32e69cda0c8a62fe6fa9b4ef8
81071631030,27426880181,ci-1-core,"core (windows-latest, py3.13)",completed,cancelled,2026-06-12T16:18:11Z,2026-06-12T16:23:24Z,313,a524822b27a148b1c0ebb6e61c2a8f40e126ba5b
81072137245,27426739809,ci-1-core,"core (windows-latest, py3.13)",completed,success,2026-06-12T16:20:58Z,2026-06-12T16:38:03Z,1025,e71d3d3927076155179bbfe0c764a7994df05462
81066992885,27425451833,ci-1-core,"core (windows-latest, py3.13)",completed,success,2026-06-12T15:53:31Z,2026-06-12T16:11:11Z,1060,19fa1384ab60aa23fce354af5b74725b25a75d49
81066363494,27424997169,ci-1-core,"core (windows-latest, py3.13)",completed,success,2026-06-12T15:50:13Z,2026-06-12T16:09:00Z,1127,db101f50b0de06126703f058892645d21b58a25c
81062265422,27423897997,ci-1-core,"core (windows-latest, py3.13)",completed,success,2026-06-12T15:29:11Z,2026-06-12T15:48:16Z,1145,72bccd0e4e27fb7a43ec9af4a0cc431895c24a59
81057920991,27422818878,ci-1-core,"core (windows-latest, py3.13)",completed,success,2026-06-12T15:07:26Z,2026-06-12T15:27:20Z,1194,12b5621731460f2b53895dd70602db4fc73b0862
81207344726,27472425833,ci-1-core,"core (windows-latest, py3.13)",completed,success,2026-06-13T16:54:50Z,2026-06-13T17:09:46Z,896,0e2173a4177179e5ef00d2cd1b997e209275463f
81207772720,27471137454,ci-1-core,"core (windows-latest, py3.13)",completed,success,2026-06-13T17:01:27Z,2026-06-13T17:24:41Z,1394,fbb11cedd82eaedfaab72a21b404b51dd5e9a75f
81207531023,27470772851,ci-1-core,"core (windows-latest, py3.13)",completed,success,2026-06-13T16:57:49Z,2026-06-13T17:16:02Z,1093,eb81076a2f67e63a39c0e312b89dfe8abaf87efa
81207464766,27470411526,ci-1-core,"core (windows-latest, py3.13)",completed,cancelled,2026-06-13T16:56:48Z,2026-06-13T17:29:48Z,1980,cc9560d5716ee49d2007eae846df5643afa5d9e2
81207107274,27470259594,ci-1-core,"core (windows-latest, py3.13)",completed,success,2026-06-13T16:51:08Z,2026-06-13T17:08:42Z,1054,36b287db226ce0eb00532f1a0c0d070c22633665
81201278525,27470201318,ci-1-core,"core (windows-latest, py3.13)",completed,success,2026-06-13T15:23:19Z,2026-06-13T15:41:55Z,1116,ebaee571546ee64a85330ab674dc68618c75c5fa
81201375503,27468901559,ci-1-core,"core (windows-latest, py3.13)",completed,success,2026-06-13T15:24:45Z,2026-06-13T15:43:30Z,1125,a97a2b8f3ee48d2f811a7ca203e422364f36c721
81195841278,27468201000,ci-1-core,"core (windows-latest, py3.13)",completed,success,2026-06-13T13:59:02Z,2026-06-13T14:16:28Z,1046,8155dc490bdddd1665bcc17a96c00d393b33ab93
81195747231,27467704869,ci-1-core,"core (windows-latest, py3.13)",completed,success,2026-06-13T13:57:27Z,2026-06-13T14:15:51Z,1104,8b96ca8934beb7b010e0b5b555b08ab176987bdf
81195704295,27467442852,ci-1-core,"core (windows-latest, py3.13)",completed,success,2026-06-13T13:56:49Z,2026-06-13T14:16:55Z,1206,e8ebbdb816f31cfe992a11546c9dce3dc0f24586
81193121681,27467231229,ci-1-core,"core (windows-latest, py3.13)",completed,cancelled,2026-06-13T13:14:22Z,2026-06-13T13:32:27Z,1085,d4ba19631e097b9f4af96bd23847b1bad46473d7
81193134704,27466376675,ci-1-core,"core (windows-latest, py3.13)",completed,failure,2026-06-13T13:14:34Z,2026-06-13T13:21:37Z,423,91d35ba13a93445c3c3833295c8c7d6b2b165aa5
81190305147,27465886130,ci-1-core,"core (windows-latest, py3.13)",completed,success,2026-06-13T12:27:31Z,2026-06-13T12:46:07Z,1116,c4d2771ea2f2e1af146f779daaeed03cdaa93c63
81190491486,27465858262,ci-1-core,"core (windows-latest, py3.13)",completed,success,2026-06-13T12:30:38Z,2026-06-13T12:49:36Z,1138,ea8816700b71394d6916159614b7d97efc12c57c
81188278183,27464703182,ci-1-core,"core (windows-latest, py3.13)",completed,success,2026-06-13T11:51:51Z,2026-06-13T12:09:03Z,1032,0af87ac1444874ec387c8f2f15a7f35142b19549
81185583109,27462792502,ci-1-core,"core (windows-latest, py3.13)",completed,success,2026-06-13T11:05:05Z,2026-06-13T11:19:04Z,839,f06b49a1818cf80047f5ae6438e3407462fa4fbb
81185765680,27462549910,ci-1-core,"core (windows-latest, py3.13)",completed,success,2026-06-13T11:08:11Z,2026-06-13T11:23:37Z,926,c31df3c0d26222f528b9cc6e3b46b8683765c4fc
81185676237,27462473580,ci-1-core,"core (windows-latest, py3.13)",completed,success,2026-06-13T11:06:37Z,2026-06-13T11:25:35Z,1138,8d42cda0037ad70632209835a03325a73a6190f2
81180307001,27462334161,ci-1-core,"core (windows-latest, py3.13)",completed,success,2026-06-13T09:34:41Z,2026-06-13T09:54:12Z,1171,cff34561d9c29a3a1d5ab4bb96fb0ce446ec0bb7
81180316363,27462218695,ci-1-core,"core (windows-latest, py3.13)",completed,success,2026-06-13T09:34:54Z,2026-06-13T09:53:17Z,1103,21a8abedc196cecdd294dc58ce05731df553cdb4
81179787409,27461647114,ci-1-core,"core (windows-latest, py3.13)",completed,failure,2026-06-13T09:25:22Z,2026-06-13T09:38:58Z,816,ab2237603d68762b16ccbc469fd8195239ae28f2
81178111692,27461525633,ci-1-core,"core (windows-latest, py3.13)",completed,success,2026-06-13T09:01:06Z,2026-06-13T09:20:06Z,1140,e01c9895cfe1182133bddd0830c4a113354abf74
81177183378,27461022203,ci-1-core,"core (windows-latest, py3.13)",completed,cancelled,2026-06-13T08:48:22Z,2026-06-13T09:00:58Z,756,a8dae602119a8f073cdde439d1d215f6d430d45d
81177798935,27460979425,ci-1-core,"core (windows-latest, py3.13)",completed,cancelled,2026-06-13T08:58:32Z,2026-06-13T09:00:53Z,141,a59e5cd228c490aa9e219aa61d7f260505b8f3f1
81176762770,27460792880,ci-1-core,"core (windows-latest, py3.13)",completed,success,2026-06-13T08:38:42Z,2026-06-13T08:59:13Z,1231,5ffa38f76e07fa80c8434520b5632194c76552b6
81176230330,27460580749,ci-1-core,"core (windows-latest, py3.13)",completed,success,2026-06-13T08:25:08Z,2026-06-13T08:44:02Z,1134,574ba4e9f1de8ff958f0618608cfc1a644024b4d
81175623516,27460245506,ci-1-core,"core (windows-latest, py3.13)",completed,success,2026-06-13T08:13:23Z,2026-06-13T08:31:38Z,1095,a9b1e28ef36be7fd52cd1dbf77e8343f526473b9
81176490730,27460153969,ci-1-core,"core (windows-latest, py3.13)",completed,success,2026-06-13T08:33:35Z,2026-06-13T08:53:45Z,1210,72d3e13f747c619308be58da67bb3e92165c7b77
81173438181,27459789972,ci-1-core,"core (windows-latest, py3.13)",completed,cancelled,2026-06-13T07:37:51Z,2026-06-13T07:46:14Z,503,194613926f16e1259848363fcee9ca3edf3c8b5b
81175814284,27459582468,ci-1-core,"core (windows-latest, py3.13)",completed,success,2026-06-13T08:18:15Z,2026-06-13T08:32:40Z,865,7e8408b47d47084712b1b7974261128a8edd97f3
81172765864,27459360713,ci-1-core,"core (windows-latest, py3.13)",completed,success,2026-06-13T07:27:08Z,2026-06-13T07:45:28Z,1100,cca2d9f33290b83a8dc37a76ddfb31c313fc6a9b
81171160038,27459167509,ci-1-core,"core (windows-latest, py3.13)",completed,success,2026-06-13T07:01:00Z,2026-06-13T07:23:22Z,1342,77e67a55711ee5a1f262208a6f63bec12627a3f9
81169336468,27458305603,ci-1-core,"core (windows-latest, py3.13)",completed,success,2026-06-13T06:32:36Z,2026-06-13T06:49:58Z,1042,779a617cf31a964e7024c8f2be753b60c4d0f995
81169198162,27458134107,ci-1-core,"core (windows-latest, py3.13)",completed,success,2026-06-13T06:30:11Z,2026-06-13T06:50:16Z,1205,79b58c39f75969727a4f2c1bcf3804b4ff8fe08c
81168444572,27458078584,ci-1-core,"core (windows-latest, py3.13)",completed,cancelled,2026-06-13T06:20:39Z,2026-06-13T06:26:26Z,347,47d3b744aceef1d4a777912055a24fe6ce927804
81166062857,27457466159,ci-1-core,"core (windows-latest, py3.13)",completed,success,2026-06-13T05:37:29Z,2026-06-13T05:54:28Z,1019,01b40679ce5a438f36f5c298950aa52e6162793d
81166275169,27457438912,ci-1-core,"core (windows-latest, py3.13)",completed,success,2026-06-13T05:41:19Z,2026-06-13T05:59:57Z,1118,117a48bf5011963e7b16ff03734e8066e1e45884
81166298392,27457408240,ci-1-core,"core (windows-latest, py3.13)",completed,success,2026-06-13T05:48:04Z,2026-06-13T06:05:30Z,1046,21ed80b4fa514ea0845a015e63413a8ad9d825d2
81166157540,27457232669,ci-1-core,"core (windows-latest, py3.13)",completed,success,2026-06-13T05:39:23Z,2026-06-13T05:57:56Z,1113,aabe0f1f65268e028c687632fa04ef7f7f9e7a83
81286688257,27500714102,ci-1-core,"core (windows-latest, py3.13)",completed,success,2026-06-14T14:36:56Z,2026-06-14T14:55:57Z,1141,334838555f3ffeb4d0bd3cab530d35aace605424
81286642925,27500301030,ci-1-core,"core (windows-latest, py3.13)",completed,success,2026-06-14T14:36:21Z,2026-06-14T14:55:32Z,1151,9c4dcf8cf9b9f2e6b2c10152e85cb2af400c2232
81286607613,27500297060,ci-1-core,"core (windows-latest, py3.13)",completed,success,2026-06-14T14:35:47Z,2026-06-14T14:54:36Z,1129,e7f8ad17378874646a31c54b22ae04e08a493bed
81281335086,27499888169,ci-1-core,"core (windows-latest, py3.13)",completed,success,2026-06-14T13:18:50Z,2026-06-14T13:36:07Z,1037,3bffe31d3b84e7890e05da6ae31a31d987833d25
81277338724,27498354546,ci-1-core,"core (windows-latest, py3.13)",completed,success,2026-06-14T12:26:36Z,2026-06-14T12:44:37Z,1081,8ca3a027d5d339241ff2472ddcd986cd41d8b5e1
81276925396,27498238502,ci-1-core,"core (windows-latest, py3.13)",completed,success,2026-06-14T12:14:38Z,2026-06-14T12:32:08Z,1050,65c82bdb2059a196f7974ee2c96f880fdd2ec8a5
81276945139,27497976315,ci-1-core,"core (windows-latest, py3.13)",completed,success,2026-06-14T12:14:57Z,2026-06-14T12:32:23Z,1046,66fe5264b990e46da6f9e829d7869eb7953f31a3
81277076276,27497954023,ci-1-core,"core (windows-latest, py3.13)",completed,success,2026-06-14T12:16:48Z,2026-06-14T12:31:25Z,877,a712f85ce5f114c4e649679d4e67b457e6e59db8
81277218653,27497922357,ci-1-core,"core (windows-latest, py3.13)",completed,success,2026-06-14T12:18:55Z,2026-06-14T12:36:58Z,1083,4b5a6ba868fed29eed4fc915c9a4de56598df9ce
81274323110,27497275747,ci-1-core,"core (windows-latest, py3.13)",completed,success,2026-06-14T11:34:34Z,2026-06-14T11:53:16Z,1122,50edfcb4d859b8ab0db1bd386e0bbed3890416aa
81274447883,27495862419,ci-1-core,"core (windows-latest, py3.13)",completed,success,2026-06-14T11:36:29Z,2026-06-14T11:50:07Z,818,edc68fa517230563da327562b1713c4abf2da77c
81274489326,27495818988,ci-1-core,"core (windows-latest, py3.13)",completed,success,2026-06-14T11:37:11Z,2026-06-14T11:55:22Z,1091,0f6d028d39927a4aaed0cd479c9115a4f1ca38ce
81269518932,27495406084,ci-1-core,"core (windows-latest, py3.13)",completed,success,2026-06-14T10:20:07Z,2026-06-14T10:38:05Z,1078,a7fd3399784121854d1bf855a1ebe14a10d53346
81268911427,27495322962,ci-1-core,"core (windows-latest, py3.13)",completed,success,2026-06-14T10:10:09Z,2026-06-14T10:28:09Z,1080,0b600c1d4041e3876038781a54fafd3bae6c86ea
81268921685,27494302934,ci-1-core,"core (windows-latest, py3.13)",completed,success,2026-06-14T10:10:19Z,2026-06-14T10:28:27Z,1088,d5595ebc91f1bf9b00abd1063130c86a7784e513
81265621905,27494216937,ci-1-core,"core (windows-latest, py3.13)",completed,success,2026-06-14T09:17:28Z,2026-06-14T09:34:23Z,1015,43799f8ff5d36aa4dc6d0bbeac477e956353c163
81265948795,27494104140,ci-1-core,"core (windows-latest, py3.13)",completed,success,2026-06-14T09:22:29Z,2026-06-14T09:40:56Z,1107,f2867981deef19cb426c0d5deac76d21be28c5fd
81265265035,27493707867,ci-1-core,"core (windows-latest, py3.13)",completed,success,2026-06-14T09:13:03Z,2026-06-14T09:24:50Z,707,b2fc71f6af2a3a3619e00156377e2998042990bf
81265918603,27493690234,ci-1-core,"core (windows-latest, py3.13)",completed,failure,2026-06-14T09:21:59Z,2026-06-14T09:40:49Z,1130,8f9683dcac5cf303975b5156a3d82eceac450f17
81264070131,27493566740,ci-1-core,"core (windows-latest, py3.13)",completed,cancelled,2026-06-14T08:54:03Z,2026-06-14T09:10:33Z,990,7c5f696e681fc07e6710ea425bd378cf2b3af112
81264180248,27493441653,ci-1-core,"core (windows-latest, py3.13)",completed,success,2026-06-14T08:55:52Z,2026-06-14T09:14:15Z,1103,b0519f003f3429d84f6f02a42196da3eba02c00b
81263828539,27493036687,ci-1-core,"core (windows-latest, py3.13)",completed,success,2026-06-14T08:50:47Z,2026-06-14T09:09:46Z,1139,611f6eb2636ffd2162dcca3a095b651158eaa319
81262105523,27492883687,ci-1-core,"core (windows-latest, py3.13)",completed,cancelled,2026-06-14T08:28:15Z,2026-06-14T08:36:33Z,498,729decbf5cc4ef7baade7c0398f32cebc50c9ef5
81261429112,27492428828,ci-1-core,"core (windows-latest, py3.13)",completed,success,2026-06-14T08:15:10Z,2026-06-14T08:33:13Z,1083,964af8d5c2985acdff543b10ccaac3d9aba69722
81261326805,27492320110,ci-1-core,"core (windows-latest, py3.13)",completed,success,2026-06-14T08:14:13Z,2026-06-14T08:33:10Z,1137,44c7e095ea5788b34dfea40499ee6095adaee005
81259990558,27492088504,ci-1-core,"core (windows-latest, py3.13)",completed,success,2026-06-14T07:51:45Z,2026-06-14T08:09:17Z,1052,49bddedbe6c13765902dff7f54fce0995c759d67
81259657556,27492063744,ci-1-core,"core (windows-latest, py3.13)",completed,success,2026-06-14T07:49:33Z,2026-06-14T08:04:35Z,902,c93c75011665d257d91f7b85c5937af231d62808
81257991619,27491474423,ci-1-core,"core (windows-latest, py3.13)",completed,success,2026-06-14T07:18:05Z,2026-06-14T07:35:12Z,1027,30390859a2b9ee22b86438f00e6dbaba88acc3ab
81257266522,27491252145,ci-1-core,"core (windows-latest, py3.13)",completed,cancelled,2026-06-14T07:05:42Z,2026-06-14T07:06:54Z,72,e4e872434a83ee37d8f5e96deef8a67502ca90b7
81255934630,27490734411,ci-1-core,"core (windows-latest, py3.13)",completed,cancelled,2026-06-14T06:43:42Z,2026-06-14T06:56:54Z,792,00b5f1141468a8283ca8a78189ff55bc35ca212f
81256000784,27490690616,ci-1-core,"core (windows-latest, py3.13)",completed,success,2026-06-14T06:44:47Z,2026-06-14T07:05:13Z,1226,007c60b7fe7678ae2e2b08dad867fac973f2f010
81255807837,27490325383,ci-1-core,"core (windows-latest, py3.13)",completed,success,2026-06-14T06:41:39Z,2026-06-14T06:51:48Z,609,78f671dff76006f912bf275605fd78ed31c8c34f
81255905747,27490245445,ci-1-core,"core (windows-latest, py3.13)",completed,success,2026-06-14T06:43:14Z,2026-06-14T06:57:00Z,826,030816eb07c0d13bade7bf823386a5e08f2d0187
81253668157,27489957932,ci-1-core,"core (windows-latest, py3.13)",completed,success,2026-06-14T06:04:27Z,2026-06-14T06:18:03Z,816,62937ce32c0893a9134976be073b73fe02c49753
81253605477,27489472292,ci-1-core,"core (windows-latest, py3.13)",completed,success,2026-06-14T06:08:09Z,2026-06-14T06:27:22Z,1153,7410e592f53d2e28f7c4e7190638d313f824ee4a
81252356142,27489092360,ci-1-core,"core (windows-latest, py3.13)",completed,success,2026-06-14T05:40:12Z,2026-06-14T05:58:00Z,1068,2850dc4cea793ea9fe3b837f740763e15be3a08c
81251455906,27475144658,ci-1-core,"core (windows-latest, py3.13)",completed,success,2026-06-14T05:23:43Z,2026-06-14T05:36:46Z,783,5598b68d2d7bbb3b2ad0de45395cf541b7c48b90
81251669418,27474925888,ci-1-core,"core (windows-latest, py3.13)",completed,success,2026-06-14T05:28:03Z,2026-06-14T05:46:54Z,1131,29bb50df3bf8730542e213f9a5672433622c01c1
81251243223,27474707246,ci-1-core,"core (windows-latest, py3.13)",completed,success,2026-06-14T05:19:38Z,2026-06-14T05:39:17Z,1179,4a2642f84b335c2cac761d289ee80c1de8bd4ce5
81396707284,27537297834,ci-1-core,"core (windows-latest, py3.13)",completed,success,2026-06-15T10:13:23Z,2026-06-15T10:33:07Z,1184,656f5ec53d9e2b8b12ff564e4dd08f76e2893229
81391350159,27536429919,ci-1-core,"core (windows-latest, py3.13)",completed,success,2026-06-15T09:43:47Z,2026-06-15T10:02:33Z,1126,3ba288712b63c7bbff1238492664fc8ff3c2c972
81388900619,27536389403,ci-1-core,"core (windows-latest, py3.13)",completed,success,2026-06-15T09:30:31Z,2026-06-15T09:49:26Z,1135,fca637ff72471001a4f903201288b05580f943a9
81388195560,27535975263,ci-1-core,"core (windows-latest, py3.13)",completed,success,2026-06-15T09:26:58Z,2026-06-15T09:48:36Z,1298,fa4b60b465f5b2c0233d2a03fd2bc400fdebdaee
81386737651,27535762482,ci-1-core,"core (windows-latest, py3.13)",completed,cancelled,2026-06-15T09:18:39Z,2026-06-15T09:19:06Z,27,a9a053bf2e9e428fbcd22beccf83aaa5da694058
81383607988,27533932249,ci-1-core,"core (windows-latest, py3.13)",completed,success,2026-06-15T09:01:16Z,2026-06-15T09:20:59Z,1183,b3355b20d5b50fd191d492e19538f5b77ab330ef
81379454072,27533731809,ci-1-core,"core (windows-latest, py3.13)",completed,success,2026-06-15T08:37:45Z,2026-06-15T08:56:41Z,1136,698b9ddb967d071ee9160cdbaeca9d0b0b2ec019
81379660864,27533564452,ci-1-core,"core (windows-latest, py3.13)",completed,failure,2026-06-15T08:38:09Z,2026-06-15T08:57:03Z,1134,efe081727cc22c55ae98e2eccafe802432d1a6b6
81380551671,27533504424,ci-1-core,"core (windows-latest, py3.13)",completed,success,2026-06-15T08:43:23Z,2026-06-15T09:02:51Z,1168,dc6f03e4352ed5d3bf6f9512982629d6d65a4e45
81379117947,27533273719,ci-1-core,"core (windows-latest, py3.13)",completed,success,2026-06-15T08:35:00Z,2026-06-15T08:55:08Z,1208,fc4f12445d4efed1cb326f6c6cc5bc39cd580848
81373478853,27531959371,ci-1-core,"core (windows-latest, py3.13)",completed,success,2026-06-15T08:02:04Z,2026-06-15T08:21:51Z,1187,0fa6e43ac70c65a0a4d49cdedcc82d945851da16
81369521855,27530635152,ci-1-core,"core (windows-latest, py3.13)",completed,cancelled,2026-06-15T07:36:42Z,2026-06-15T07:52:44Z,962,5ee3408f6940d8ec2f1759e9850d92f401e59374
81366158062,27529661948,ci-1-core,"core (windows-latest, py3.13)",completed,cancelled,2026-06-15T07:14:40Z,2026-06-15T07:24:20Z,580,a3592e4f6c720007db6f34dcbf2c9dbc26c13644
81362781597,27528675318,ci-1-core,"core (windows-latest, py3.13)",completed,cancelled,2026-06-15T06:50:26Z,2026-06-15T07:06:03Z,937,daecbd2c6e0c00d4ab6a04bb436b1bc9efaa08c0
81358490767,27527220842,ci-1-core,"core (windows-latest, py3.13)",completed,success,2026-06-15T06:15:56Z,2026-06-15T06:35:16Z,1160,b7d9c3b373361cc8a26b22e966c346766bb9bc9e
81356180629,27526393187,ci-1-core,"core (windows-latest, py3.13)",completed,success,2026-06-15T05:56:31Z,2026-06-15T06:16:33Z,1202,6c84639a4b30a61fe6ab252b6ce98618d2be6c17
81355051718,27526213163,ci-1-core,"core (windows-latest, py3.13)",completed,cancelled,2026-06-15T05:46:25Z,2026-06-15T06:03:34Z,1029,cf3b50a72f3db9760c89c13ce736f9768c8da585
81354276919,27525907097,ci-1-core,"core (windows-latest, py3.13)",completed,success,2026-06-15T05:38:42Z,2026-06-15T05:57:42Z,1140,95355ed131ba14dccb5c868b49eabd8264deaf68
81352938109,27525452407,ci-1-core,"core (windows-latest, py3.13)",completed,cancelled,2026-06-15T05:24:10Z,2026-06-15T05:25:46Z,96,fcec4de437131854dab1dc484ec551d98684edc3
81351723699,27524927195,ci-1-core,"core (windows-latest, py3.13)",completed,success,2026-06-15T05:11:58Z,2026-06-15T05:34:25Z,1347,a09f05d6f1dad7cf1b2be1e8253b1972b636159d
81351301558,27524880209,ci-1-core,"core (windows-latest, py3.13)",completed,cancelled,2026-06-15T05:07:45Z,2026-06-15T05:12:10Z,265,233170fd479e8f4105792dc8f9f7c51269d0a938
81350934519,27524821737,ci-1-core,"core (windows-latest, py3.13)",completed,success,2026-06-15T05:03:53Z,2026-06-15T05:23:10Z,1157,855faaded3fa8a8d64d1fa7f1ff173a3f3e7cd21
81349647272,27524395030,ci-1-core,"core (windows-latest, py3.13)",completed,cancelled,2026-06-15T04:49:58Z,2026-06-15T04:54:33Z,275,9bc2306df99e5080cb7baaaf8fd5a32bc688a429
81347842256,27523631587,ci-1-core,"core (windows-latest, py3.13)",completed,success,2026-06-15T04:31:00Z,2026-06-15T04:52:07Z,1267,53489e47e06d51ae55f5e6ad50d5a373a348b9f2
81346511386,27523295829,ci-1-core,"core (windows-latest, py3.13)",completed,success,2026-06-15T04:17:03Z,2026-06-15T04:36:19Z,1156,cf9f5b735fa4b28a4400d4f1accb26ee74b176ce
81309111474,27510047831,ci-1-core,"core (windows-latest, py3.13)",completed,success,2026-06-14T19:58:56Z,2026-06-14T20:19:10Z,1214,daad23190ae2ca48672cf0f73e95dc625cb46675
81309081949,27507320565,ci-1-core,"core (windows-latest, py3.13)",completed,success,2026-06-14T19:58:28Z,2026-06-14T20:15:52Z,1044,4e7856e75299a26cf1ef6fd1326b12e960d14565
81308999162,27506212822,ci-1-core,"core (windows-latest, py3.13)",completed,success,2026-06-14T19:57:11Z,2026-06-14T20:17:22Z,1211,d49dcee11ed84c8f1d7e7c79d574c6b0f025966b
81298406911,27506165608,ci-1-core,"core (windows-latest, py3.13)",completed,success,2026-06-14T17:23:33Z,2026-06-14T17:43:20Z,1187,2a4dc0801d8f072f7976e1ba1504b6a74864f1bb
81298335748,27505763483,ci-1-core,"core (windows-latest, py3.13)",completed,success,2026-06-14T17:22:29Z,2026-06-14T17:41:50Z,1161,6d405373712842e716cae8a507b0608ec6be4a6e
81295154068,27504615351,ci-1-core,"core (windows-latest, py3.13)",completed,failure,2026-06-14T16:35:41Z,2026-06-14T16:52:06Z,985,79689151296973e58e8f9d6d703b733a3fdba3c4
81294018160,27504515333,ci-1-core,"core (windows-latest, py3.13)",completed,success,2026-06-14T16:19:19Z,2026-06-14T16:38:47Z,1168,d06476f0f5e17f53e30fc4755d645f09cd861207
81866653420,27679099827,ci-1-core,"core (windows-latest, py3.13)",completed,failure,2026-06-17T09:51:31Z,2026-06-17T10:07:14Z,943,45ff0ff7a119aa76b109810d0e49af96412e0c03
81864439903,27678873832,ci-1-core,"core (windows-latest, py3.13)",completed,success,2026-06-17T09:39:39Z,2026-06-17T09:59:41Z,1202,1420596aaef00e5ba556bdc481479813c39429d4
81864589985,27678197995,ci-1-core,"core (windows-latest, py3.13)",completed,success,2026-06-17T09:42:52Z,2026-06-17T10:04:40Z,1308,37af42a0178e863ebabd9ffc36384fbc253002ee
81864614464,27678170174,ci-1-core,"core (windows-latest, py3.13)",completed,success,2026-06-17T09:44:08Z,2026-06-17T10:05:26Z,1278,7a44375f9f4738125cf77d025be030b7eb924bb3
81862142550,27677556459,ci-1-core,"core (windows-latest, py3.13)",completed,success,2026-06-17T09:31:32Z,2026-06-17T09:52:59Z,1287,6eb9d31c32dfd1e96dc39f89ce8f4b49ab782564
81856564648,27676435915,ci-1-core,"core (windows-latest, py3.13)",completed,cancelled,2026-06-17T09:03:30Z,2026-06-17T09:19:43Z,973,de1f47d674cf53752929f4101ab3789a9c88e1d8
81855797271,27674259527,ci-1-core,"core (windows-latest, py3.13)",completed,success,2026-06-17T08:52:39Z,2026-06-17T09:13:29Z,1250,cc9cb20a15781d34b504c020ffff95fbb47a4b6e
81855442171,27674053712,ci-1-core,"core (windows-latest, py3.13)",completed,success,2026-06-17T08:50:34Z,2026-06-17T09:10:14Z,1180,e43b6e6b7e935a1679fa094cf3c07eeaad0c52a0
81846701461,27672391047,ci-1-core,"core (windows-latest, py3.13)",completed,success,2026-06-17T08:00:55Z,2026-06-17T08:20:53Z,1198,0a959aebc5581b90d3df9d367cebfb713ff2725a
81847212323,27672356239,ci-1-core,"core (windows-latest, py3.13)",completed,success,2026-06-17T08:04:25Z,2026-06-17T08:23:59Z,1174,f451cf875dae4ffcb06052031ba6e80f457e33b5
81840304404,27671667860,ci-1-core,"core (windows-latest, py3.13)",completed,success,2026-06-17T07:21:18Z,2026-06-17T07:41:10Z,1192,928b58c585d75b5b2392b3ffc3f98fe396cf1928
81839760685,27671594388,ci-1-core,"core (windows-latest, py3.13)",completed,success,2026-06-17T07:17:47Z,2026-06-17T07:36:37Z,1130,0387d34537decb65ee4b089c7355d97c2ca7d8f0
81834072835,27669489309,ci-1-core,"core (windows-latest, py3.13)",completed,success,2026-06-17T06:38:38Z,2026-06-17T07:00:12Z,1294,1cc7270fecccf38c6f6bfd6a189917401a2cd600
81830414923,27668763870,ci-1-core,"core (windows-latest, py3.13)",completed,success,2026-06-17T06:09:42Z,2026-06-17T06:29:53Z,1211,38869488ff0c32dbf963ffccb641610349b9e9d8
81824710173,27666995662,ci-1-core,"core (windows-latest, py3.13)",completed,success,2026-06-17T05:20:09Z,2026-06-17T05:38:46Z,1117,4448e89ff54b9198893d9a6eca4a9d8000977b52
81824863628,27649514194,ci-1-core,"core (windows-latest, py3.13)",completed,success,2026-06-17T05:21:36Z,2026-06-17T05:42:13Z,1237,68a67362546a6be3d28809fd516c64ccdc89e972
81770795683,27647487911,ci-1-core,"core (windows-latest, py3.13)",completed,success,2026-06-16T21:37:23Z,2026-06-16T21:57:11Z,1188,de17e51bb5c12815ecae4101bd8e8396879fc5d0
81763744514,27646556342,ci-1-core,"core (windows-latest, py3.13)",completed,success,2026-06-16T20:58:39Z,2026-06-16T21:19:59Z,1280,2bc268f257cac8a50a561ea274cb940d07f6f6da
81752848091,27643896232,ci-1-core,"core (windows-latest, py3.13)",completed,success,2026-06-16T20:02:35Z,2026-06-16T20:22:46Z,1211,e82edff57ae1013de94be4ad55914820c9138ac4
81749966215,27642291065,ci-1-core,"core (windows-latest, py3.13)",completed,success,2026-06-16T19:47:28Z,2026-06-16T20:07:06Z,1178,242a38541571eeac5e1612d736244db67efb03d7
81743220808,27639592653,ci-1-core,"core (windows-latest, py3.13)",completed,success,2026-06-16T19:12:50Z,2026-06-16T19:32:35Z,1185,1e23b961705a2a59bda9f08022f22e41015d8a81
81734141410,27638494971,ci-1-core,"core (windows-latest, py3.13)",completed,success,2026-06-16T18:29:04Z,2026-06-16T18:49:38Z,1234,015bfd517d40629eacc4273d3473d012da008275
81734977719,27637918254,ci-1-core,"core (windows-latest, py3.13)",completed,success,2026-06-16T18:31:36Z,2026-06-16T18:53:35Z,1319,71aaf6570bc5cdecd872a19e63253afa09f3cc34
81735052587,27637613379,ci-1-core,"core (windows-latest, py3.13)",completed,success,2026-06-16T18:31:57Z,2026-06-16T18:52:10Z,1213,45c997e078967582140cb7f44e4d9ae153b21dcf
81731211692,27636937531,ci-1-core,"core (windows-latest, py3.13)",completed,failure,2026-06-16T18:12:25Z,2026-06-16T18:32:15Z,1190,3933bd93faf3f405f9ce1cefa17030c64fd7d73b
81728146397,27636761305,ci-1-core,"core (windows-latest, py3.13)",completed,success,2026-06-16T17:56:51Z,2026-06-16T18:14:38Z,1067,eaad743e1abd48e34ab7c617ba1d05598482765d
81727314925,27634515661,ci-1-core,"core (windows-latest, py3.13)",completed,success,2026-06-16T17:52:29Z,2026-06-16T18:11:21Z,1132,f888f6afbb11c2aa4898ec875594d77f43273682
81717119368,27633582897,ci-1-core,"core (windows-latest, py3.13)",completed,success,2026-06-16T16:58:54Z,2026-06-16T17:18:13Z,1159,02a7b7d8330246ceba11c8fb3dbae48474c16657
81716959703,27631693737,ci-1-core,"core (windows-latest, py3.13)",completed,success,2026-06-16T16:58:09Z,2026-06-16T17:17:30Z,1161,b899f0e4d2a29bd9378f752144fb790cc419c11a
81703910266,27627984354,ci-1-core,"core (windows-latest, py3.13)",completed,success,2026-06-16T15:56:31Z,2026-06-16T16:17:52Z,1281,512d1d0fabc846e2f370f06de5c201c0546f5d22
81704287319,27627710597,ci-1-core,"core (windows-latest, py3.13)",completed,success,2026-06-16T15:58:13Z,2026-06-16T16:18:46Z,1233,f80530f35be268260003e94ae0d678f8fc54747e
81704341958,27626602865,ci-1-core,"core (windows-latest, py3.13)",completed,success,2026-06-16T15:58:30Z,2026-06-16T16:19:31Z,1261,71965bd232f1c55e8477c9924aaf25491837d622
81690527057,27626018572,ci-1-core,"core (windows-latest, py3.13)",completed,success,2026-06-16T14:58:12Z,2026-06-16T15:18:38Z,1226,c8cc4160f594439b10950428c611908a0aa4793e
81671677312,27620846556,ci-1-core,"core (windows-latest, py3.13)",completed,success,2026-06-16T13:37:24Z,2026-06-16T13:59:08Z,1304,a982d767df6647d067feb02ce6665476673062ba
81669378891,27619712640,ci-1-core,"core (windows-latest, py3.13)",completed,success,2026-06-16T13:27:28Z,2026-06-16T13:46:13Z,1125,273a9a8d360074a36efbaa004a700e64f40de1fa
81669205206,27619579929,ci-1-core,"core (windows-latest, py3.13)",completed,success,2026-06-16T13:26:36Z,2026-06-16T13:46:06Z,1170,31b78f574695d5a60fb4106f430daa5db43e5b49
81669795514,27619398731,ci-1-core,"core (windows-latest, py3.13)",completed,success,2026-06-16T13:29:05Z,2026-06-16T13:49:01Z,1196,1022604a4185449f51018d865acfe5de95986405
81665917889,27618837212,ci-1-core,"core (windows-latest, py3.13)",completed,success,2026-06-16T13:11:28Z,2026-06-16T13:31:08Z,1180,df997923bb25ecb26b85ac8b71bb94d3104138dd
81662806127,27617737521,ci-1-core,"core (windows-latest, py3.13)",completed,success,2026-06-16T12:57:17Z,2026-06-16T13:18:58Z,1301,2d2a4f4219f32b62590fafde971bf57a64614a63
81656031165,27615714131,ci-1-core,"core (windows-latest, py3.13)",completed,failure,2026-06-16T12:22:56Z,2026-06-16T12:38:46Z,950,b249a609f34c48cc796755adc0e23a450d192638
81656364753,27614463263,ci-1-core,"core (windows-latest, py3.13)",completed,failure,2026-06-16T12:24:41Z,2026-06-16T12:40:12Z,931,ec37f3530e118cbd87a0022ddc63966506ee8acd
81645734441,27613666580,ci-1-core,"core (windows-latest, py3.13)",completed,success,2026-06-16T11:26:00Z,2026-06-16T11:48:07Z,1327,393757a4087c4c08c351bbe5ade5ea9ca226b8c0
81639548890,27611152470,ci-1-core,"core (windows-latest, py3.13)",completed,success,2026-06-16T10:50:19Z,2026-06-16T11:03:42Z,803,7f1ace6bde3ca63fa1db710c52998ccc5cb5b4b6
81636440422,27610632651,ci-1-core,"core (windows-latest, py3.13)",completed,success,2026-06-16T10:32:34Z,2026-06-16T10:53:18Z,1244,f0b6fd7831baaf15c55e8a5f1df5a55da88e1d4b
81632920595,27609775700,ci-1-core,"core (windows-latest, py3.13)",completed,success,2026-06-16T10:12:41Z,2026-06-16T10:33:06Z,1225,c6fd8e5f0e67ce3e2850ab1111ff1a4aa5d1ff3d
81625909822,27605813946,ci-1-core,"core (windows-latest, py3.13)",completed,success,2026-06-16T09:35:12Z,2026-06-16T09:55:00Z,1188,7ea4d82a01d1f2cd9b03f4634969a464b5c1c809
81615153582,27604485162,ci-1-core,"core (windows-latest, py3.13)",completed,success,2026-06-16T08:37:52Z,2026-06-16T08:57:29Z,1177,f7edb49b2e3fb5e099bc968f90715939f2fa628d
81609717533,27602825650,ci-1-core,"core (windows-latest, py3.13)",completed,cancelled,2026-06-16T08:07:15Z,2026-06-16T08:25:51Z,1116,1176d64799a8153cc19d970eb5c65732fa0cc833
81609721488,27600520087,ci-1-core,"core (windows-latest, py3.13)",completed,success,2026-06-16T08:07:18Z,2026-06-16T08:27:07Z,1189,181f64f7e82df145803ad62f3b24822fe7008b65
81601184266,27599762765,ci-1-core,"core (windows-latest, py3.13)",completed,success,2026-06-16T07:15:37Z,2026-06-16T07:34:57Z,1160,63740f843fbb884fcc08960ebdacfbe3fcd07cb4
81596493396,27598845118,ci-1-core,"core (windows-latest, py3.13)",completed,success,2026-06-16T06:43:46Z,2026-06-16T07:02:44Z,1138,925e843ad829bcb60bfe5c5efd35600310a8f721
81595045462,27598342945,ci-1-core,"core (windows-latest, py3.13)",completed,failure,2026-06-16T06:32:56Z,2026-06-16T06:52:33Z,1177,174d0b7ce8dfb8e3a7cb4a3a11467882f3abc75c
81591638512,27596499795,ci-1-core,"core (windows-latest, py3.13)",completed,success,2026-06-16T06:06:59Z,2026-06-16T06:27:29Z,1230,bed51b76586ac59beea350e7cf410200c90e0c07
81588693053,27596374691,ci-1-core,"core (windows-latest, py3.13)",completed,success,2026-06-16T05:42:41Z,2026-06-16T06:01:21Z,1120,e918fb306b44e8c23473cc5041d85da93ec0874b
81526653232,27573369090,ci-1-core,"core (windows-latest, py3.13)",completed,failure,2026-06-15T21:10:37Z,2026-06-15T21:31:01Z,1224,4f4e438652a5dd7d3b59513d4e43b2c489b188f7
81525763476,27572972463,ci-1-core,"core (windows-latest, py3.13)",completed,success,2026-06-15T21:05:56Z,2026-06-15T21:25:57Z,1201,474fa99ae799e8ac7ecbe0fd9c9a190d693a8b7e
81513738076,27572288724,ci-1-core,"core (windows-latest, py3.13)",completed,success,2026-06-15T20:03:54Z,2026-06-15T20:24:05Z,1211,3561f221e84e6a57ef069b6133868dc4fb11380b
81498760327,27567866096,ci-1-core,"core (windows-latest, py3.13)",completed,success,2026-06-15T18:46:13Z,2026-06-15T19:05:11Z,1138,b77b51a7fd64f894f3211002aaa869c85d4a454b
81488898674,27565091308,ci-1-core,"core (windows-latest, py3.13)",completed,success,2026-06-15T17:56:22Z,2026-06-15T18:17:07Z,1245,7008f8ed4f32348ed59724ee64ca2b2f42538be8
81498751488,27564696521,ci-1-core,"core (windows-latest, py3.13)",completed,success,2026-06-15T18:46:17Z,2026-06-15T19:06:24Z,1207,6badf6e71e473817058638eb1745de476fb9c389
81488632870,27564423105,ci-1-core,"core (windows-latest, py3.13)",completed,success,2026-06-15T17:54:53Z,2026-06-15T18:13:55Z,1142,46628a60f258ddd05eadb764da5eb7158064012b
81481321657,27562021953,ci-1-core,"core (windows-latest, py3.13)",completed,success,2026-06-15T17:16:26Z,2026-06-15T17:36:38Z,1212,014185fee633b3892c861bebfb1b55125e9a3be5
81477143854,27561784441,ci-1-core,"core (windows-latest, py3.13)",completed,failure,2026-06-15T16:55:03Z,2026-06-15T17:17:46Z,1363,37320c1bba898cbde8fc9feb0d9249cec70133c2
81477526651,27561732936,ci-1-core,"core (windows-latest, py3.13)",completed,success,2026-06-15T16:57:01Z,2026-06-15T17:15:44Z,1123,3072593a72b197bf27c83348d1e891f6d09e9abc
81459673972,27555988052,ci-1-core,"core (windows-latest, py3.13)",completed,success,2026-06-15T15:30:42Z,2026-06-15T15:49:51Z,1149,569565507f651a428e85ab3571bdd67a6b638551
81454520826,27554142052,ci-1-core,"core (windows-latest, py3.13)",completed,failure,2026-06-15T15:07:17Z,2026-06-15T15:27:49Z,1232,5c40415aa78fe9e12bc08038b26f7bc0fcc08747
81453826894,27553946381,ci-1-core,"core (windows-latest, py3.13)",completed,failure,2026-06-15T15:04:16Z,2026-06-15T15:24:55Z,1239,d5f40e675321d1aff7d3b1d53c8394f01dd6b10a
81449539426,27553729168,ci-1-core,"core (windows-latest, py3.13)",completed,success,2026-06-15T14:45:39Z,2026-06-15T15:04:32Z,1133,0990ae1698a0e2b6529c1688702cd1e55084bea2
81450128015,27553061886,ci-1-core,"core (windows-latest, py3.13)",completed,success,2026-06-15T14:48:11Z,2026-06-15T15:07:59Z,1188,f8e5f5682a5a84f254d8e0d323c4e37d9c050889
81449466241,27552558440,ci-1-core,"core (windows-latest, py3.13)",completed,success,2026-06-15T14:45:19Z,2026-06-15T15:04:57Z,1178,3f73ad63812f7682c39f097ce1de735e8658e656
81443916664,27551422427,ci-1-core,"core (windows-latest, py3.13)",completed,failure,2026-06-15T14:21:28Z,2026-06-15T14:40:36Z,1148,fb82050c4d41ed2d6d77d32905efe9c8cdf2d437
81442239324,27551136246,ci-1-core,"core (windows-latest, py3.13)",completed,cancelled,2026-06-15T14:14:17Z,2026-06-15T14:33:42Z,1165,d0e002e97d2bfce23867a950c6e6b810fd50fe66
81441643029,27551015593,ci-1-core,"core (windows-latest, py3.13)",completed,success,2026-06-15T14:11:39Z,2026-06-15T14:32:04Z,1225,102129b03eb2c4a978db9a9644c5fd50472902b7
81436927971,27549258525,ci-1-core,"core (windows-latest, py3.13)",completed,cancelled,2026-06-15T13:50:48Z,2026-06-15T13:53:09Z,141,f2e9932310275782f77168dac04effae5a54ced1
81435647900,27548939042,ci-1-core,"core (windows-latest, py3.13)",completed,success,2026-06-15T13:46:24Z,2026-06-15T14:05:14Z,1130,2cba84d05b95a9d47d85ea9ce50bfa16dbf43fd1
81434028411,27548760474,ci-1-core,"core (windows-latest, py3.13)",completed,failure,2026-06-15T13:37:51Z,2026-06-15T13:57:04Z,1153,64452fbb7a53da3e2b477cd75cdbf5f8a779b760
81431291991,27548465751,ci-1-core,"core (windows-latest, py3.13)",completed,failure,2026-06-15T13:28:21Z,2026-06-15T13:48:00Z,1179,79a4f8fd23055107241d50075fc14859a3c78f28
81436601189,27548342339,ci-1-core,"core (windows-latest, py3.13)",completed,success,2026-06-15T13:49:49Z,2026-06-15T14:10:34Z,1245,95ae3971311ac3c0a4ba88a983fe603d508c5d3c
81431252218,27548330422,ci-1-core,"core (windows-latest, py3.13)",completed,success,2026-06-15T13:25:12Z,2026-06-15T13:45:28Z,1216,5e414b8cd8c27d217874d0b94727cd91864ffe1b
81428851464,27548158122,ci-1-core,"core (windows-latest, py3.13)",completed,cancelled,2026-06-15T13:13:17Z,2026-06-15T13:22:25Z,548,d8c03e1c79ee59f427e86d94b853fc18f34e8454
81426203618,27547296983,ci-1-core,"core (windows-latest, py3.13)",completed,success,2026-06-15T13:00:00Z,2026-06-15T13:12:50Z,770,ef29b527d79f327f36fcfa2d7b25ce387f997bc6
81427679466,27547251191,ci-1-core,"core (windows-latest, py3.13)",completed,cancelled,2026-06-15T13:08:07Z,2026-06-15T13:11:01Z,174,4278793fca9747685c33c3a18235191b59c41067
81420835235,27545751592,ci-1-core,"core (windows-latest, py3.13)",completed,failure,2026-06-15T12:32:54Z,2026-06-15T12:51:36Z,1122,df55d12484320bf12b825a7f65e6fe60cc2a1cee
81420483493,27545450959,ci-1-core,"core (windows-latest, py3.13)",completed,failure,2026-06-15T12:31:11Z,2026-06-15T12:51:20Z,1209,a4a7cf2efac62a49fe52f07f9c110afa0a16ffe1
81418957298,27545226675,ci-1-core,"core (windows-latest, py3.13)",completed,success,2026-06-15T12:24:35Z,2026-06-15T12:43:58Z,1163,6a8faccb75b8735f705c4e8d4facf5e17165c79f
81422744961,27545015016,ci-1-core,"core (windows-latest, py3.13)",completed,success,2026-06-15T12:42:04Z,2026-06-15T13:01:34Z,1170,dabfb77f95f297b21777973e6a9af287bead77be
81417205703,27544625877,ci-1-core,"core (windows-latest, py3.13)",completed,failure,2026-06-15T12:12:41Z,2026-06-15T12:32:01Z,1160,3c9f8e23f1d812142f9c152298b8a6497eaf6754
81415829205,27544278811,ci-1-core,"core (windows-latest, py3.13)",completed,failure,2026-06-15T12:07:45Z,2026-06-15T12:23:26Z,941,94a415a055907da27a37d9c75b7200df0dd5e5f1
81415472087,27544095770,ci-1-core,"core (windows-latest, py3.13)",completed,cancelled,2026-06-15T12:04:41Z,2026-06-15T12:09:46Z,305,cc0a7184346066d6af8112e1615a7e2208ef15e3
81412727608,27543184238,ci-1-core,"core (windows-latest, py3.13)",completed,success,2026-06-15T11:49:05Z,2026-06-15T12:09:01Z,1196,e754bffdfb37dd16f95c44ea8df64159c1939488
81409327986,27542245150,ci-1-core,"core (windows-latest, py3.13)",completed,cancelled,2026-06-15T11:32:21Z,2026-06-15T11:51:54Z,1173,74482dc34c338490b469cbe2dcc3825af2e42bff
81407656063,27541836552,ci-1-core,"core (windows-latest, py3.13)",completed,success,2026-06-15T11:17:26Z,2026-06-15T11:36:41Z,1155,c21a9f190563ab9b28c534d7f81643030af1c226
81407714913,27541597320,ci-1-core,"core (windows-latest, py3.13)",completed,success,2026-06-15T11:18:47Z,2026-06-15T11:37:02Z,1095,19c0f081332678bc71e45282258db513aa64b960
81407722818,27541465807,ci-1-core,"core (windows-latest, py3.13)",completed,success,2026-06-15T11:20:45Z,2026-06-15T11:40:20Z,1175,e7cf860ef36bda2f8003be3eea8218373f36b7f0
81405928324,27541384118,ci-1-core,"core (windows-latest, py3.13)",completed,cancelled,2026-06-15T11:16:01Z,2026-06-15T11:30:22Z,861,d0242f4d642e68b7e098128d8352e448c8bab20d
81405568877,27541372534,ci-1-core,"core (windows-latest, py3.13)",completed,success,2026-06-15T11:05:11Z,2026-06-15T11:24:33Z,1162,870b4c25e693b7cd5b381331569f23318353a7bd
81407959887,27541137198,ci-1-core,"core (windows-latest, py3.13)",completed,success,2026-06-15T11:25:32Z,2026-06-15T11:45:51Z,1219,ef2f06964fbadda5457a459725171bb127efd40d
81916067025,27693589573,ci-1-core,"core (windows-latest, py3.13)",completed,cancelled,2026-06-17T14:09:10Z,2026-06-17T14:22:59Z,829,59f156d46dd932e3008b67188775218064336571
81909714620,27691814620,ci-1-core,"core (windows-latest, py3.13)",completed,success,2026-06-17T13:43:33Z,2026-06-17T14:04:15Z,1242,89beb702edab7ad280b09e71de154aff66c99d0c
81909621509,27691730648,ci-1-core,"core (windows-latest, py3.13)",completed,success,2026-06-17T13:40:46Z,2026-06-17T14:00:01Z,1155,82591862c03c3747f513dd8965f4a348e8ec62d3
81908869060,27691534909,ci-1-core,"core (windows-latest, py3.13)",completed,cancelled,2026-06-17T13:37:43Z,2026-06-17T13:46:38Z,535,e67c5e9318ae3e927a7c558e780778ed98d1d0df
81904974126,27690325808,ci-1-core,"core (windows-latest, py3.13)",completed,success,2026-06-17T13:23:34Z,2026-06-17T13:43:49Z,1215,68fc6dac15d7eb73b85b40c07ad37a35602ba6ec
81901266028,27689877456,ci-1-core,"core (windows-latest, py3.13)",completed,cancelled,2026-06-17T13:03:24Z,2026-06-17T13:13:19Z,595,fbfbe2f8bdd53187610fd8b5d2650763995f5fdc
81899880775,27689392112,ci-1-core,"core (windows-latest, py3.13)",completed,success,2026-06-17T12:55:19Z,2026-06-17T13:13:54Z,1115,1584221fd97db893fe50c0f4e7d5b867a085d0bc
81899177891,27688316581,ci-1-core,"core (windows-latest, py3.13)",completed,success,2026-06-17T12:51:50Z,2026-06-17T13:10:10Z,1100,7a97eb5aed746f31c935aedbb774535106fe5024
81898978376,27687682020,ci-1-core,"core (windows-latest, py3.13)",completed,success,2026-06-17T12:50:53Z,2026-06-17T13:10:57Z,1204,60f4765fb3d5872082d7b028ae3b248468d511f2
81893585091,27687666076,ci-1-core,"core (windows-latest, py3.13)",completed,success,2026-06-17T12:23:31Z,2026-06-17T12:42:42Z,1151,f90c5bf9ac3a6df3e4e898a877bc23327b23b311
81893532175,27686764686,ci-1-core,"core (windows-latest, py3.13)",completed,success,2026-06-17T12:23:18Z,2026-06-17T12:43:39Z,1221,d5e1d1eae7f761d448178892e9cdb3f4a73d0169
81886114653,27685480521,ci-1-core,"core (windows-latest, py3.13)",completed,success,2026-06-17T11:42:59Z,2026-06-17T12:03:26Z,1227,1a05061de49a0a362d701496956a049231a19518
81886394048,27684226143,ci-1-core,"core (windows-latest, py3.13)",completed,failure,2026-06-17T11:44:16Z,2026-06-17T12:05:02Z,1246,da6f97586315d56eb6f531bee911fb08891e22ca
81880741053,27683972460,ci-1-core,"core (windows-latest, py3.13)",completed,success,2026-06-17T11:11:51Z,2026-06-17T11:27:50Z,959,07f22908c25f85778ff2829e910181f397a06a42
82112896232,27751459302,ci-1-core,"core (windows-latest, py3.13)",completed,success,2026-06-18T10:55:48Z,2026-06-18T11:15:19Z,1171,1fec0ae430893809e65e368eac1041d036571232
82109507754,27751300972,ci-1-core,"core (windows-latest, py3.13)",completed,success,2026-06-18T10:39:59Z,2026-06-18T10:59:50Z,1191,698f2149a0d36446b3dde2b86cc0f9ee178ca668
82107263351,27751206894,ci-1-core,"core (windows-latest, py3.13)",completed,success,2026-06-18T10:20:40Z,2026-06-18T10:40:52Z,1212,197c9591e42ca72cd7dd64b8c0ab3c7bbac18df1
82107171246,27751073452,ci-1-core,"core (windows-latest, py3.13)",completed,failure,2026-06-18T10:30:59Z,2026-06-18T10:42:16Z,677,323eb5177bf8afee46d13aa3749683ff3ebda377
82109213409,27751023437,ci-1-core,"core (windows-latest, py3.13)",completed,failure,2026-06-18T10:32:35Z,2026-06-18T10:50:46Z,1091,f6da7facbbd48239a94b9fd9353db35d1201026a
82108493505,27750984444,ci-1-core,"core (windows-latest, py3.13)",completed,failure,2026-06-18T10:31:02Z,2026-06-18T10:50:52Z,1190,f402b9f98b0e35356ba2cd2fc33d107f72057233
82103834094,27750751174,ci-1-core,"core (windows-latest, py3.13)",completed,success,2026-06-18T10:12:29Z,2026-06-18T10:32:27Z,1198,ef8a4aec79f98353daf3e6119c0a349fffd5e74b
82103535423,27748985605,ci-1-core,"core (windows-latest, py3.13)",completed,success,2026-06-18T10:00:31Z,2026-06-18T10:19:43Z,1152,0b155029eec68fe2c3a9fbe446d93e6e0cf0b12d
82106119987,27748945244,ci-1-core,"core (windows-latest, py3.13)",completed,success,2026-06-18T10:25:39Z,2026-06-18T10:46:46Z,1267,e2c906dfd1d33a7779fe606228129f2b312a741d
82096733903,27748652461,ci-1-core,"core (windows-latest, py3.13)",completed,cancelled,2026-06-18T09:21:37Z,2026-06-18T09:40:50Z,1153,deeb61315fb852798833d2121c93cf3b7b7442f3
82093158694,27747148182,ci-1-core,"core (windows-latest, py3.13)",completed,cancelled,2026-06-18T09:01:49Z,2026-06-18T09:02:19Z,30,5fe503cc3d873d2f6283ea672a2830f4f33d583f
82092703289,27747126706,ci-1-core,"core (windows-latest, py3.13)",completed,success,2026-06-18T08:59:27Z,2026-06-18T09:20:33Z,1266,b78df951acc888fcfa6fe9472e18970060f597bb
82090911312,27745929793,ci-1-core,"core (windows-latest, py3.13)",completed,success,2026-06-18T08:50:20Z,2026-06-18T09:11:18Z,1258,6081703d83d3a852043eb9506fd84e9d28d3e0ff
82091556205,27745838908,ci-1-core,"core (windows-latest, py3.13)",completed,success,2026-06-18T08:53:06Z,2026-06-18T09:12:36Z,1170,0ddc159e4f09385aef77488a96885206cd0f57fe
82086633173,27745310117,ci-1-core,"core (windows-latest, py3.13)",completed,success,2026-06-18T08:28:25Z,2026-06-18T08:47:19Z,1134,7fb99a8400db9a4a2f0604ec666f67a9b34fd137
82085886701,27744982740,ci-1-core,"core (windows-latest, py3.13)",completed,failure,2026-06-18T08:21:09Z,2026-06-18T08:41:52Z,1243,c13302205bf691ae7e65c968df7d566328147774
82084288006,27744923462,ci-1-core,"core (windows-latest, py3.13)",completed,success,2026-06-18T08:12:50Z,2026-06-18T08:32:47Z,1197,f26c3ce8a48dfff4469a27dee6a8429ceb7a838a
82083673337,27744864286,ci-1-core,"core (windows-latest, py3.13)",completed,failure,2026-06-18T08:10:28Z,2026-06-18T08:29:57Z,1169,b011d24174b606128faceaba38f9a1e1dbc8def1
82083231099,27744222316,ci-1-core,"core (windows-latest, py3.13)",completed,success,2026-06-18T08:07:29Z,2026-06-18T08:27:14Z,1185,cc8874f363116ac7ec888cba1f7ad521f0aed65d
82081237739,27744213406,ci-1-core,"core (windows-latest, py3.13)",completed,success,2026-06-18T07:59:24Z,2026-06-18T08:18:12Z,1128,412d30eec66592284af9b5bf1d28b675216e0695
82081008736,27744140038,ci-1-core,"core (windows-latest, py3.13)",completed,success,2026-06-18T07:53:15Z,2026-06-18T08:12:49Z,1174,d46aaa6f769d3764a6eaea6cecc9a6dd62c3ad2e
82076577637,27742783305,ci-1-core,"core (windows-latest, py3.13)",completed,cancelled,2026-06-18T07:25:19Z,2026-06-18T07:33:34Z,495,4b1ec086289d21435dca9897cb3ce0efdd38c6d0
82076402365,27741525902,ci-1-core,"core (windows-latest, py3.13)",completed,success,2026-06-18T07:24:09Z,2026-06-18T07:42:23Z,1094,833633fd23426a3ac7e25d0e391e19ff12b11732
82071823708,27741339260,ci-1-core,"core (windows-latest, py3.13)",completed,cancelled,2026-06-18T06:53:26Z,2026-06-18T07:05:14Z,708,879cefe1d829faad93242e64f7131efc898c7b22
82071876932,27741141723,ci-1-core,"core (windows-latest, py3.13)",completed,success,2026-06-18T06:53:45Z,2026-06-18T07:15:03Z,1278,8f55df28a22ea2710c05a8a1f7b2080d9d839bcb
82071311095,27741028781,ci-1-core,"core (windows-latest, py3.13)",completed,success,2026-06-18T06:49:50Z,2026-06-18T07:09:42Z,1192,e43e5206b1ea4cb7aa1daf4a6c9349d0621ada57
82071461913,27740688480,ci-1-core,"core (windows-latest, py3.13)",completed,success,2026-06-18T06:50:56Z,2026-06-18T07:09:53Z,1137,e024b65fe806ccd34f4fd4d293685ec7a3bc5d1a
82072131271,27740435056,ci-1-core,"core (windows-latest, py3.13)",completed,success,2026-06-18T07:04:39Z,2026-06-18T07:22:46Z,1087,290af774ee530cf6b003cd0b375de39c87a240a2
82071928691,27739947821,ci-1-core,"core (windows-latest, py3.13)",completed,success,2026-06-18T07:01:46Z,2026-06-18T07:22:43Z,1257,7e4c51fcee7581d91e22973028bc5a298edf7aef
82066385877,27739883906,ci-1-core,"core (windows-latest, py3.13)",completed,success,2026-06-18T06:12:16Z,2026-06-18T06:28:24Z,968,b458c213c711d4dba9f76171de416d1a7641bccc
82066145543,27739681557,ci-1-core,"core (windows-latest, py3.13)",completed,success,2026-06-18T06:10:21Z,2026-06-18T06:30:34Z,1213,6ce9355816d00c08fb3a91c8c53f0c4332b27e89
82019854800,27723314392,ci-1-core,"core (windows-latest, py3.13)",completed,success,2026-06-17T23:09:29Z,2026-06-17T23:28:42Z,1153,99f425cb038cd899cabdf7d9ec67959f5d8b4bde
82020532121,27723302064,ci-1-core,"core (windows-latest, py3.13)",completed,success,2026-06-17T23:11:49Z,2026-06-17T23:31:58Z,1209,64f9909e1aea20a1c1fb87a35b39c9578c7b94ab
82019460513,27722919571,ci-1-core,"core (windows-latest, py3.13)",completed,success,2026-06-17T23:06:04Z,2026-06-17T23:25:35Z,1171,00292ac6b81f952257c1b61264bd40144634bd72
82018263164,27722813310,ci-1-core,"core (windows-latest, py3.13)",completed,success,2026-06-17T22:58:00Z,2026-06-17T23:17:29Z,1169,97bf76f1e1391a95cc592af2f1100ff1bc96df33
82017680688,27722729824,ci-1-core,"core (windows-latest, py3.13)",completed,success,2026-06-17T22:57:37Z,2026-06-17T23:18:53Z,1276,6a95348824978d23ab67effabdd08bb445099e39
82017378408,27722532408,ci-1-core,"core (windows-latest, py3.13)",completed,success,2026-06-17T22:51:33Z,2026-06-17T23:12:21Z,1248,a17c8b1517b3600bf8b12768e572327b680402ab
82019058758,27722053084,ci-1-core,"core (windows-latest, py3.13)",completed,failure,2026-06-17T23:04:52Z,2026-06-17T23:21:10Z,978,eadc36777480801808efdd2922119c18b7e1662a
82013265788,27722042811,ci-1-core,"core (windows-latest, py3.13)",completed,success,2026-06-17T22:14:32Z,2026-06-17T22:33:53Z,1161,90194c70c598b06cfee3e04bead72314bf742fc9
82010546531,27721463639,ci-1-core,"core (windows-latest, py3.13)",completed,success,2026-06-17T21:57:50Z,2026-06-17T22:17:02Z,1152,8890329c5c63dcdbd043ea68f09951aff78f76f4
82009459386,27721101542,ci-1-core,"core (windows-latest, py3.13)",completed,success,2026-06-17T21:49:45Z,2026-06-17T22:10:13Z,1228,acb276c5052fb4d3ae4dd2370fd2f93c391e9d5b
82008582563,27720726354,ci-1-core,"core (windows-latest, py3.13)",completed,success,2026-06-17T21:44:25Z,2026-06-17T22:03:00Z,1115,07bd4fd6d34da88fb56a3dd76c8bada6eecc014d
82006301734,27720180113,ci-1-core,"core (windows-latest, py3.13)",completed,success,2026-06-17T21:30:57Z,2026-06-17T21:47:38Z,1001,f91fbb1d260fede0c2044bc33c6152897adcbe1e
81993613451,27716611358,ci-1-core,"core (windows-latest, py3.13)",completed,failure,2026-06-17T20:22:49Z,2026-06-17T20:42:59Z,1210,0e1b346ece0a9597306e1eae30a28bcf42f18e9b
81992952882,27716153707,ci-1-core,"core (windows-latest, py3.13)",completed,failure,2026-06-17T20:19:27Z,2026-06-17T20:39:52Z,1225,eb7fa7101646ce94e1d5bf90994edb292925b2d9
81992674734,27716039706,ci-1-core,"core (windows-latest, py3.13)",completed,failure,2026-06-17T20:17:57Z,2026-06-17T20:37:25Z,1168,79738ba00691cd25f58f457e7acf96eb646aa261
81991881762,27715829456,ci-1-core,"core (windows-latest, py3.13)",completed,success,2026-06-17T20:13:54Z,2026-06-17T20:32:48Z,1134,7aae3b474bd748319764499b28de6891501d9809
81983737623,27713535744,ci-1-core,"core (windows-latest, py3.13)",completed,success,2026-06-17T19:32:13Z,2026-06-17T19:51:37Z,1164,1d083abd89846d90f147cc3d17c5f772c1da679e
81947080005,27701820240,ci-1-core,"core (windows-latest, py3.13)",completed,failure,2026-06-17T16:25:37Z,2026-06-17T16:42:50Z,1033,bbf7a0786a4a1f9564b66d10c8a52f3fab793d24
81947852674,27700819852,ci-1-core,"core (windows-latest, py3.13)",completed,success,2026-06-17T16:29:26Z,2026-06-17T16:49:14Z,1188,2aaf1639d1b1a1b93472978c99a17403500317a1
81939940452,27700653202,ci-1-core,"core (windows-latest, py3.13)",completed,success,2026-06-17T15:51:58Z,2026-06-17T16:12:48Z,1250,99dd0f905a0a8843e12c1a54ef5ea3d00165ef25
81931329387,27698208961,ci-1-core,"core (windows-latest, py3.13)",completed,cancelled,2026-06-17T15:13:53Z,2026-06-17T15:20:02Z,369,d703017fc6a64d25da5676191211707d1d2fa1f5
81930879864,27698089250,ci-1-core,"core (windows-latest, py3.13)",completed,success,2026-06-17T15:11:58Z,2026-06-17T15:31:45Z,1187,5476a6239998429d430930775a6eb9a0e8a1cbe3
82414265263,27844998409,ci-1-core,"core (windows-latest, py3.13)",completed,success,2026-06-19T19:54:28Z,2026-06-19T20:14:23Z,1195,278c922a36e4d10581e2bfba478df9cc68c45785
82412028610,27842880333,ci-1-core,"core (windows-latest, py3.13)",completed,success,2026-06-19T19:35:12Z,2026-06-19T19:55:06Z,1194,547aadb98191c02771ee33524da5c7860e2c3071
82405264702,27841895220,ci-1-core,"core (windows-latest, py3.13)",completed,success,2026-06-19T18:40:09Z,2026-06-19T18:58:56Z,1127,61ef28ab067e9b88405a6ac39993141b13fadfd0
82402396401,27841125459,ci-1-core,"core (windows-latest, py3.13)",completed,cancelled,2026-06-19T18:17:06Z,2026-06-19T18:17:44Z,38,8ccb324463b5a55e7278d105b48b7952da2e5893
82402386434,27839422571,ci-1-core,"core (windows-latest, py3.13)",completed,success,2026-06-19T18:17:01Z,2026-06-19T18:38:13Z,1272,efa6f5083b5054847c9e083b05ac3c4dc9bdcddf
82402412112,27839363015,ci-1-core,"core (windows-latest, py3.13)",completed,success,2026-06-19T18:17:14Z,2026-06-19T18:36:14Z,1140,7e09c3c13c34d7127143b610c1e35689442232d5
82402362939,27839350471,ci-1-core,"core (windows-latest, py3.13)",completed,success,2026-06-19T18:16:49Z,2026-06-19T18:35:34Z,1125,d107b40c75e22d5363b878409a9c5440d046ca7c
82395256205,27838321924,ci-1-core,"core (windows-latest, py3.13)",completed,success,2026-06-19T17:20:39Z,2026-06-19T17:39:02Z,1103,76c8be134e2135a4e8438be721d21d672d904a2f
82391527698,27837588518,ci-1-core,"core (windows-latest, py3.13)",completed,success,2026-06-19T16:52:38Z,2026-06-19T17:13:22Z,1244,fd86ce2ea7b973cae59ac867953f86263e356972
82387812789,27835572503,ci-1-core,"core (windows-latest, py3.13)",completed,success,2026-06-19T16:25:13Z,2026-06-19T16:45:16Z,1203,1487b4d34dcc28d793dbdc57961ca585864b3e29
82383773337,27835052396,ci-1-core,"core (windows-latest, py3.13)",completed,failure,2026-06-19T15:57:36Z,2026-06-19T16:20:15Z,1359,58568a033066e6d6b23acfeaffb0711f18e7e201
82381110843,27834291367,ci-1-core,"core (windows-latest, py3.13)",completed,success,2026-06-19T15:40:11Z,2026-06-19T15:59:45Z,1174,4a3b3264835c3a8059ba5a963500f3a8e99ab0e1
82376784781,27832772735,ci-1-core,"core (windows-latest, py3.13)",completed,success,2026-06-19T15:12:49Z,2026-06-19T15:32:36Z,1187,94f2646deb3d62a34dd08427d13c0270a4cf8e48
82363249487,27828235357,ci-1-core,"core (windows-latest, py3.13)",completed,success,2026-06-19T13:52:10Z,2026-06-19T14:13:51Z,1301,d46131c94e0ea32d4170961d2ee23c40c65bacfd
82358527001,27827644241,ci-1-core,"core (windows-latest, py3.13)",completed,cancelled,2026-06-19T13:26:53Z,2026-06-19T13:32:48Z,355,9ff896d8c2bcbfca3aadde136b8ef86429bdd7f2
82358295222,27826933066,ci-1-core,"core (windows-latest, py3.13)",completed,failure,2026-06-19T13:31:53Z,2026-06-19T13:52:30Z,1237,14ec4a5b82cd306b5592f0294c24e60fa0a92494
82356234070,27826191952,ci-1-core,"core (windows-latest, py3.13)",completed,success,2026-06-19T13:11:14Z,2026-06-19T13:31:51Z,1237,b9bb62f0214569d7f8f51078cd2aa1dcc7cb2347
82357501511,27825948865,ci-1-core,"core (windows-latest, py3.13)",completed,success,2026-06-19T13:22:51Z,2026-06-19T13:42:55Z,1204,7d9a79a6b6883776f09c355165df2e2f5b3df0bb
82352523237,27825704603,ci-1-core,"core (windows-latest, py3.13)",completed,cancelled,2026-06-19T12:47:46Z,2026-06-19T12:53:43Z,357,364707ee588c8706c576b033b53b35cfd6d731e4
82350725171,27825239753,ci-1-core,"core (windows-latest, py3.13)",completed,success,2026-06-19T12:39:12Z,2026-06-19T12:59:28Z,1216,0ebe62f7141e8afc357d20873fe489b1c132e503
82350632854,27817871909,ci-1-core,"core (windows-latest, py3.13)",completed,cancelled,2026-06-19T12:35:48Z,2026-06-19T12:51:45Z,957,840efdaaaa407f535e67a1a55cc5d2b1828bc416
82325861614,27817354783,ci-1-core,"core (windows-latest, py3.13)",completed,success,2026-06-19T09:52:45Z,2026-06-19T10:12:24Z,1179,649c0d7d0b9cccd13ba69faf778d9b2f552929e1
82324091254,27817128258,ci-1-core,"core (windows-latest, py3.13)",completed,success,2026-06-19T09:40:21Z,2026-06-19T09:59:01Z,1120,de2a08e5b653d38604d92e2bfb2004cfdcea3677
82324054714,27816949230,ci-1-core,"core (windows-latest, py3.13)",completed,failure,2026-06-19T09:40:07Z,2026-06-19T10:00:47Z,1240,e75717712b53f3a9710ca8ff997bc9db0c9390c9
82325180633,27816347639,ci-1-core,"core (windows-latest, py3.13)",completed,success,2026-06-19T09:47:11Z,2026-06-19T10:07:58Z,1247,c21f53d74691b6408c01b5919425c3c848292340
82319536618,27815702415,ci-1-core,"core (windows-latest, py3.13)",completed,cancelled,2026-06-19T09:14:55Z,2026-06-19T09:25:52Z,657,ada141bcc26caee2897850564c18a1419d01b339
82315885299,27814016652,ci-1-core,"core (windows-latest, py3.13)",completed,success,2026-06-19T08:48:47Z,2026-06-19T09:07:33Z,1126,5ad47315c085a666c41d18e456d581b954d11a03
82320021885,27813863837,ci-1-core,"core (windows-latest, py3.13)",completed,success,2026-06-19T09:18:23Z,2026-06-19T09:37:39Z,1156,fca2ae02ada3501ce1691bf52abcb52833a5e2ec
82312074190,27813267209,ci-1-core,"core (windows-latest, py3.13)",completed,success,2026-06-19T08:27:41Z,2026-06-19T08:47:39Z,1198,3e1fe7054c12b3b79c37311306e9604bce3824e5
82310483082,27813121218,ci-1-core,"core (windows-latest, py3.13)",completed,success,2026-06-19T08:13:10Z,2026-06-19T08:28:34Z,924,856eef91747afe41a621de7882b9b1160abc573d
82310779183,27813046005,ci-1-core,"core (windows-latest, py3.13)",completed,failure,2026-06-19T08:18:19Z,2026-06-19T08:37:51Z,1172,bfdf43a3859c495f30ffef8dead092c3c276589f
82315686969,27812684973,ci-1-core,"core (windows-latest, py3.13)",completed,success,2026-06-19T08:47:27Z,2026-06-19T09:06:43Z,1156,7ff716fb066a3dadf71c0505359674d7fbff0d67
82325091797,27807680023,ci-1-core,"core (windows-latest, py3.13)",completed,success,2026-06-19T09:46:37Z,2026-06-19T10:01:10Z,873,6e05ee668b84844e11c69a1bbeed30131f6843ba
82248776018,27792957364,ci-1-core,"core (windows-latest, py3.13)",completed,success,2026-06-18T22:41:20Z,2026-06-18T23:01:17Z,1197,8b5ca1b3fb79386cc79afc1141b29b524265ecd9
82291509866,27792131564,ci-1-core,"core (windows-latest, py3.13)",completed,failure,2026-06-19T05:43:44Z,2026-06-19T06:02:02Z,1098,a0ffbcebe2919778b3a955b4a1adfc39aa3244c7
82245845403,27792019794,ci-1-core,"core (windows-latest, py3.13)",completed,cancelled,2026-06-18T22:20:09Z,2026-06-18T22:23:31Z,202,e217169dccd0c25e7408676c62df2e244330a9d9
82240889507,27789991579,ci-1-core,"core (windows-latest, py3.13)",completed,success,2026-06-18T21:47:40Z,2026-06-18T22:04:22Z,1002,9f52da78fc2110091bdab0846123f44d39a786f4
82240288393,27789414254,ci-1-core,"core (windows-latest, py3.13)",completed,success,2026-06-18T21:43:53Z,2026-06-18T21:58:08Z,855,f923784c48881f047b5c064842d02d78110def02
82236218630,27788461751,ci-1-core,"core (windows-latest, py3.13)",completed,failure,2026-06-18T21:19:01Z,2026-06-18T21:37:09Z,1088,ba2f42cccb0fa2337000caa8798f63b00372df52
82233635312,27788234521,ci-1-core,"core (windows-latest, py3.13)",completed,success,2026-06-18T21:04:03Z,2026-06-18T21:22:31Z,1108,ba251f8d239b9c649018e9aec8bafe5a176a93f1
82226911585,27784613574,ci-1-core,"core (windows-latest, py3.13)",completed,failure,2026-06-18T20:26:33Z,2026-06-18T20:45:14Z,1121,aed9b73aa7c21868767feab453a29b6ce64faceb
82220035904,27784270131,ci-1-core,"core (windows-latest, py3.13)",completed,success,2026-06-18T19:49:00Z,2026-06-18T20:11:09Z,1329,06c2c95955d73ae58410da28bdbbf0833d169416
82221232324,27782442182,ci-1-core,"core (windows-latest, py3.13)",completed,success,2026-06-18T19:55:37Z,2026-06-18T20:15:12Z,1175,c9904c83feebd434b5b464399b7bb5655cb74695
82209284875,27781126581,ci-1-core,"core (windows-latest, py3.13)",completed,success,2026-06-18T18:51:41Z,2026-06-18T19:12:32Z,1251,35ddcb519687a5aa780c21b6223abf4393ce2dae
82209311356,27779189694,ci-1-core,"core (windows-latest, py3.13)",completed,failure,2026-06-18T18:51:50Z,2026-06-18T19:12:31Z,1241,f98c6124756aeb082017c903692ef241a0e0471e
82201758215,27777933472,ci-1-core,"core (windows-latest, py3.13)",completed,success,2026-06-18T18:12:35Z,2026-06-18T18:33:53Z,1278,ffa6002da5413f7464522c1114b18b9b9f1d208b
82201995340,27777876419,ci-1-core,"core (windows-latest, py3.13)",completed,cancelled,2026-06-18T18:13:46Z,2026-06-18T18:34:31Z,1245,441c2b1cfe4a93656b200362ea4fae3a7782ad86
82196865206,27777430819,ci-1-core,"core (windows-latest, py3.13)",completed,success,2026-06-18T17:47:20Z,2026-06-18T18:07:38Z,1218,026f0b4c90435a120f6bcd3e7c09877ded5d299c
82197262559,27775836100,ci-1-core,"core (windows-latest, py3.13)",completed,success,2026-06-18T17:49:25Z,2026-06-18T18:10:58Z,1293,267667f7d36b73ac212cd3a4719c5a54e035ad83
82190055130,27775159518,ci-1-core,"core (windows-latest, py3.13)",completed,failure,2026-06-18T17:12:23Z,2026-06-18T17:35:20Z,1377,35634c49993f37125528ab15c46da3a57a34f42d
82188141235,27774530340,ci-1-core,"core (windows-latest, py3.13)",completed,success,2026-06-18T17:02:41Z,2026-06-18T17:24:15Z,1294,474169f0dd8713ccf59e610168c84ed2b98ce900
82169600080,27769584331,ci-1-core,"core (windows-latest, py3.13)",completed,success,2026-06-18T15:32:48Z,2026-06-18T15:54:27Z,1299,03913b2af10246385c2997cd52a6907057b708ee
82162808470,27767623816,ci-1-core,"core (windows-latest, py3.13)",completed,cancelled,2026-06-18T15:03:09Z,2026-06-18T15:15:07Z,718,8ad31747ff18655a5431e49a44dcb1abf39c218b
82159780030,27766035118,ci-1-core,"core (windows-latest, py3.13)",completed,success,2026-06-18T14:50:07Z,2026-06-18T15:09:14Z,1147,dfc23b57f7f497e1c0ea6fb36af55498d0438749
82153852016,27765217307,ci-1-core,"core (windows-latest, py3.13)",completed,success,2026-06-18T14:23:51Z,2026-06-18T14:42:45Z,1134,ff677db457ac995994fb1b5bbcf031fd8bc5215f
82153910253,27765192946,ci-1-core,"core (windows-latest, py3.13)",completed,failure,2026-06-18T14:24:06Z,2026-06-18T14:44:10Z,1204,8b11592535ede0003f8be2fc91ced311d0e0cd51
82153866882,27765154588,ci-1-core,"core (windows-latest, py3.13)",completed,cancelled,2026-06-18T14:23:54Z,2026-06-18T14:40:12Z,978,be8c7bf7a30646462ead94f37a0e233c6930d303
82152701540,27763895661,ci-1-core,"core (windows-latest, py3.13)",completed,success,2026-06-18T14:18:41Z,2026-06-18T14:37:35Z,1134,bc4f9aed6c82aa77d3d1a652ab17ff5867a71391
82145657262,27763047922,ci-1-core,"core (windows-latest, py3.13)",completed,cancelled,2026-06-18T13:47:18Z,2026-06-18T14:05:37Z,1099,8832855f2ea72fb65e8a5d112fa4633f55009999
82146033558,27761960601,ci-1-core,"core (windows-latest, py3.13)",completed,success,2026-06-18T13:49:07Z,2026-06-18T14:09:58Z,1251,957e24a4bc094b31eedb910d87cda775a73dd56c
82140250267,27761406927,ci-1-core,"core (windows-latest, py3.13)",completed,cancelled,2026-06-18T13:22:01Z,2026-06-18T13:31:25Z,564,9de5405e74b624b5fbc040374c0b99a37e4afc73
82138276180,27760898727,ci-1-core,"core (windows-latest, py3.13)",completed,success,2026-06-18T13:12:33Z,2026-06-18T13:30:45Z,1092,46aed34430f1d98361ab2b636808d825299cd61e
82132182408,27758343823,ci-1-core,"core (windows-latest, py3.13)",completed,success,2026-06-18T12:42:06Z,2026-06-18T13:01:45Z,1179,7a3a9419800879155cf12333ba6652f48ae87b14
82131462809,27758192405,ci-1-core,"core (windows-latest, py3.13)",completed,success,2026-06-18T12:38:18Z,2026-06-18T13:00:36Z,1338,a8de84d346355fda60cb22db9e0682a59f8d574a
82126726187,27757101498,ci-1-core,"core (windows-latest, py3.13)",completed,success,2026-06-18T12:13:36Z,2026-06-18T12:32:14Z,1118,ca0041d34ba28a7ce93c43c189f608b3c7ecf6e8
82506324693,27879582549,ci-1-core,"core (windows-latest, py3.13)",completed,success,2026-06-20T18:35:22Z,2026-06-20T18:55:02Z,1180,6c73ab873f8c180fbb8f858d177b3ccc0fb6434e
82505411906,27876042117,ci-1-core,"core (windows-latest, py3.13)",completed,success,2026-06-20T18:21:03Z,2026-06-20T18:33:33Z,750,d0c77237be8de87a4ba935c423c7882f363c2c1c
82486008420,27871880267,ci-1-core,"core (windows-latest, py3.13)",completed,success,2026-06-20T13:15:38Z,2026-06-20T13:35:23Z,1185,088983fe9f31758a661da169d60067cea54de56b
82476029319,27867945153,ci-1-core,"core (windows-latest, py3.13)",completed,success,2026-06-20T10:25:57Z,2026-06-20T10:45:14Z,1157,3bb49d64f40ff20b41cf0760b5c1e352b9c81a9e
82475506626,27867612234,ci-1-core,"core (windows-latest, py3.13)",completed,success,2026-06-20T10:18:34Z,2026-06-20T10:35:50Z,1036,2f7006638bedbc85d89558604de8d7b4e84652ad
82476398801,27867511557,ci-1-core,"core (windows-latest, py3.13)",completed,success,2026-06-20T10:32:16Z,2026-06-20T10:51:32Z,1156,ba962df7add4031eb5563561644fba310c39b554
82475162572,27867282105,ci-1-core,"core (windows-latest, py3.13)",completed,success,2026-06-20T10:12:49Z,2026-06-20T10:33:05Z,1216,b50b01b703b92df09a325c1e7a9d974d74f5f251
82473678499,27866986431,ci-1-core,"core (windows-latest, py3.13)",completed,success,2026-06-20T09:45:26Z,2026-06-20T10:05:54Z,1228,fb684ae7a4e05e35b98866af9de99ff57c42d6e8
82473890724,27866968630,ci-1-core,"core (windows-latest, py3.13)",completed,success,2026-06-20T09:56:03Z,2026-06-20T10:17:29Z,1286,90c2808e5157c95d48b2260cec1e380cc0fcc4b6
82474049968,27866949666,ci-1-core,"core (windows-latest, py3.13)",completed,success,2026-06-20T10:02:19Z,2026-06-20T10:21:28Z,1149,dd865b3d8a1db144ab81716b9f21f7e7a39df2f1
82473932635,27865191326,ci-1-core,"core (windows-latest, py3.13)",completed,success,2026-06-20T09:57:47Z,2026-06-20T10:18:14Z,1227,2f5dba12cbc239225c227e49761c30bb9a2e35aa
82473309770,27864769772,ci-1-core,"core (windows-latest, py3.13)",completed,success,2026-06-20T09:38:59Z,2026-06-20T09:57:45Z,1126,1ddf7f084fccb99152c1e430573dbf8c5d574709
82467855255,27864520874,ci-1-core,"core (windows-latest, py3.13)",completed,success,2026-06-20T08:06:21Z,2026-06-20T08:25:12Z,1131,74b0ab7444a6cacc7820773699e73d2f9d96eec1
82468017483,27864507103,ci-1-core,"core (windows-latest, py3.13)",completed,success,2026-06-20T08:09:13Z,2026-06-20T08:29:05Z,1192,d2a261cd49ca2d3902cb607ffc524161c7e80eac
82467089980,27864380773,ci-1-core,"core (windows-latest, py3.13)",completed,success,2026-06-20T07:55:56Z,2026-06-20T08:15:22Z,1166,e009afb693a364437433a593deb4b0f029d07d31
82467468231,27864335315,ci-1-core,"core (windows-latest, py3.13)",completed,success,2026-06-20T08:00:30Z,2026-06-20T08:20:29Z,1199,ace5b14ba9c3eb8a2fd4a16dd763210d70dc4133
82466127291,27863967142,ci-1-core,"core (windows-latest, py3.13)",completed,success,2026-06-20T07:38:33Z,2026-06-20T07:58:19Z,1186,1209075258b83d241126e1a447117c84df3db8a8
82466062146,27863943996,ci-1-core,"core (windows-latest, py3.13)",completed,success,2026-06-20T07:36:33Z,2026-06-20T07:54:26Z,1073,4317c59c32725c9362b4cfb476358868aff9fa84
82466090178,27863942771,ci-1-core,"core (windows-latest, py3.13)",completed,failure,2026-06-20T07:37:00Z,2026-06-20T07:55:18Z,1098,7b3378b6ed7e43a9ebec425c44cb93a8d2cc6118
82463963419,27863276438,ci-1-core,"core (windows-latest, py3.13)",completed,success,2026-06-20T07:02:52Z,2026-06-20T07:18:45Z,953,71ba421573641686e26e7a57041a2e2dd9b5e4e3
82438366939,27853639200,ci-1-core,"core (windows-latest, py3.13)",completed,success,2026-06-20T00:08:34Z,2026-06-20T00:28:22Z,1188,28ce9726d5df44a4d5c93d03bc57231101a6bd7d
82430565418,27849994373,ci-1-core,"core (windows-latest, py3.13)",completed,failure,2026-06-19T22:28:16Z,2026-06-19T22:48:22Z,1206,8887807fa400c1c44383a5f3c25122e5a9494001
82684304502,27943041427,ci-1-core,"core (windows-latest, py3.13)",completed,cancelled,2026-06-22T09:48:26Z,2026-06-22T09:56:09Z,463,5fdc680fdf4d417c8ac56fbbabd42200bc8abbaa
82684062734,27942395413,ci-1-core,"core (windows-latest, py3.13)",completed,failure,2026-06-22T09:47:02Z,2026-06-22T10:06:06Z,1144,720212c0caf172273c48e82a80c21f61be04be09
82681196688,27942094087,ci-1-core,"core (windows-latest, py3.13)",completed,failure,2026-06-22T09:31:08Z,2026-06-22T09:50:44Z,1176,efd686e73ee3dfbb0045512bd78bf9ca84df9e68
82676303380,27940642786,ci-1-core,"core (windows-latest, py3.13)",completed,failure,2026-06-22T09:05:32Z,2026-06-22T09:25:46Z,1214,01dae5fef07958157518f6e4fb7ba7021b12a8f9
82675630092,27940375945,ci-1-core,"core (windows-latest, py3.13)",completed,failure,2026-06-22T09:01:50Z,2026-06-22T09:20:41Z,1131,048b4c1112d1f0513fe137152b288f59b4572b53
82674401366,27940157178,ci-1-core,"core (windows-latest, py3.13)",completed,cancelled,2026-06-22T08:54:57Z,2026-06-22T09:12:56Z,1079,f468650608fd349ab378f776796e1138cc1d981a
82669039936,27937881926,ci-1-core,"core (windows-latest, py3.13)",completed,failure,2026-06-22T08:24:23Z,2026-06-22T08:44:09Z,1186,b604430875045d9efd0e8b562eda364f8b2252c3
82666252052,27937708355,ci-1-core,"core (windows-latest, py3.13)",completed,failure,2026-06-22T08:08:43Z,2026-06-22T08:28:00Z,1157,e25fdca168ae5706f07c34d4be08311bbc1d08a9
82657646816,27934514339,ci-1-core,"core (windows-latest, py3.13)",completed,failure,2026-06-22T07:14:06Z,2026-06-22T07:32:28Z,1102,a549713d6a1fdfac62f2e38c768470dd3fd621d8
82606850376,27917638624,ci-1-core,"core (windows-latest, py3.13)",completed,success,2026-06-21T21:30:25Z,2026-06-21T21:50:36Z,1211,37dfb0a53b4ee365c840f57641e9101b3ab6f4fa
82603967209,27916533826,ci-1-core,"core (windows-latest, py3.13)",completed,success,2026-06-21T20:47:08Z,2026-06-21T21:06:50Z,1182,d748ea18acfa82dc31da00aaaed0e2545b12a022
82601368431,27915597964,ci-1-core,"core (windows-latest, py3.13)",completed,success,2026-06-21T20:07:49Z,2026-06-21T20:28:08Z,1219,5a6321d383a454b67bc6cf4708f7c8261c1c37a6
82596007180,27911530261,ci-1-core,"core (windows-latest, py3.13)",completed,success,2026-06-21T18:48:03Z,2026-06-21T19:07:56Z,1193,11b67af3b7e2bf80ad984c5b0a5573f3241a7d9b
82595822698,27910800537,ci-1-core,"core (windows-latest, py3.13)",completed,success,2026-06-21T18:45:14Z,2026-06-21T19:04:44Z,1170,2765d44511254a9efac030102644e31e42d5a10c
82582968926,27908655983,ci-1-core,"core (windows-latest, py3.13)",completed,success,2026-06-21T15:34:25Z,2026-06-21T15:54:15Z,1190,d33ec961a70c387589387a403dc20de205be9de9
82570706684,27904107614,ci-1-core,"core (windows-latest, py3.13)",completed,success,2026-06-21T12:37:13Z,2026-06-21T12:55:40Z,1107,b3407a95a2eeb9a8da40ad33e21dbdb328b1c3b0
82570718400,27903824865,ci-1-core,"core (windows-latest, py3.13)",completed,success,2026-06-21T12:37:23Z,2026-06-21T12:57:06Z,1183,631830f947f2668253c79d6df6a79245be1d3fbf
82568648704,27903325372,ci-1-core,"core (windows-latest, py3.13)",completed,success,2026-06-21T12:05:43Z,2026-06-21T12:21:11Z,928,d27c54dff2d3afb5262b557697b56a8051d98088
82567947848,27903077533,ci-1-core,"core (windows-latest, py3.13)",completed,success,2026-06-21T11:55:17Z,2026-06-21T12:15:02Z,1185,e207ca8301ad5f07970ddc31fc475b0b62d201fb
82566859623,27901720721,ci-1-core,"core (windows-latest, py3.13)",completed,success,2026-06-21T11:38:13Z,2026-06-21T11:58:46Z,1233,f064268a597286a430ca3b3d1b89ed7561deac26
82563902429,27901582233,ci-1-core,"core (windows-latest, py3.13)",completed,success,2026-06-21T10:53:02Z,2026-06-21T11:10:45Z,1063,fe7f3747ac91466da43fda36aee6b8320a96531b
82563871245,27900478626,ci-1-core,"core (windows-latest, py3.13)",completed,success,2026-06-21T10:52:32Z,2026-06-21T11:09:50Z,1038,735c12f316309ce218fa915c00a3c36dbca00ee3
82560627871,27896556603,ci-1-core,"core (windows-latest, py3.13)",completed,success,2026-06-21T09:59:44Z,2026-06-21T10:18:06Z,1102,05d77d592d465b37a66a5ff162223223c01d8776
82700696972,27947966850,ci-1-core,"core (windows-latest, py3.13)",completed,success,2026-06-22T11:20:09Z,2026-06-22T11:38:59Z,1130,6236b62c66cb6d3c589c710dab91a95eabf4215d
82700561846,27947933332,ci-1-core,"core (windows-latest, py3.13)",completed,failure,2026-06-22T11:19:21Z,2026-06-22T11:39:05Z,1184,d659666cb48370d685c9ed98897d04de5d70ac91
83299297830,28127049876,ci-1-core,"core (windows-latest, py3.13)",completed,success,2026-06-24T20:50:42Z,2026-06-24T21:10:18Z,1176,7040b2338fea273792d326a45e25d0c5aff2b9e5
83272592484,28119916369,ci-1-core,"core (windows-latest, py3.13)",completed,success,2026-06-24T18:33:55Z,2026-06-24T18:52:14Z,1099,160d7454b5ec607f45ce29f7aa66794df17dc706
83293413058,28119761885,ci-1-core,"core (windows-latest, py3.13)",completed,success,2026-06-24T20:19:47Z,2026-06-24T20:39:07Z,1160,51dc089d5d1cb147f59eb99c33e3eacad1c51d01
83271384646,28119357970,ci-1-core,"core (windows-latest, py3.13)",completed,failure,2026-06-24T18:28:00Z,2026-06-24T18:49:06Z,1266,f8b60d8552a2b4f9544cb94bd6c409e778b801e3
83268633380,28117979799,ci-1-core,"core (windows-latest, py3.13)",completed,success,2026-06-24T18:14:10Z,2026-06-24T18:35:11Z,1261,1cdc8dcf5d081da36834369cd403da0eefdd184f
83263687190,28117295511,ci-1-core,"core (windows-latest, py3.13)",completed,success,2026-06-24T17:49:45Z,2026-06-24T18:08:38Z,1133,e803cca6d00cfe87b88c4de304c12ad017126730
83263788075,28115390936,ci-1-core,"core (windows-latest, py3.13)",completed,success,2026-06-24T17:50:10Z,2026-06-24T18:10:05Z,1195,220144a0a1f5a6c81ebd4e11b870d81c80d95533
83263591964,28113524619,ci-1-core,"core (windows-latest, py3.13)",completed,failure,2026-06-24T17:49:09Z,2026-06-24T18:09:37Z,1228,be8660f6a71243fc272dc12629f92f2e16ac45ed
83263578354,28112559551,ci-1-core,"core (windows-latest, py3.13)",completed,success,2026-06-24T17:49:05Z,2026-06-24T18:08:06Z,1141,d21696aa1f2990de367b29846d370ed3e194c061
83246106640,28112183132,ci-1-core,"core (windows-latest, py3.13)",completed,success,2026-06-24T16:23:28Z,2026-06-24T16:43:22Z,1194,ba5c52459155411abaf02d2af9a94c5ddd78e4d2
83249425580,28111933342,ci-1-core,"core (windows-latest, py3.13)",completed,success,2026-06-24T16:39:37Z,2026-06-24T16:59:42Z,1205,92ecf4b897fed0f3146516230d68398c01bf6368
83235149673,28108211362,ci-1-core,"core (windows-latest, py3.13)",completed,success,2026-06-24T15:41:22Z,2026-06-24T16:02:00Z,1238,d545bd8269b57932d715646c0f89c3a1ee0cf5e2
83227942869,28106564686,ci-1-core,"core (windows-latest, py3.13)",completed,success,2026-06-24T15:04:26Z,2026-06-24T15:24:00Z,1174,b374a7d4e2ef71d7b10d9c0eceb506af7d94eb97
83217920426,28103867054,ci-1-core,"core (windows-latest, py3.13)",completed,cancelled,2026-06-24T14:21:47Z,2026-06-24T14:38:20Z,993,acb8d4ec3fa381ab57ba30994846ef42e5829d20
83215050472,28102596846,ci-1-core,"core (windows-latest, py3.13)",completed,success,2026-06-24T14:09:17Z,2026-06-24T14:28:01Z,1124,66a9593de8d962dd7dad2e7c782173545bbb7d99
83213530374,28101985069,ci-1-core,"core (windows-latest, py3.13)",completed,success,2026-06-24T14:02:25Z,2026-06-24T14:21:09Z,1124,da8b142df354e4f6fa732fc08a918ef9d25df9c3
83213768875,28101294949,ci-1-core,"core (windows-latest, py3.13)",completed,success,2026-06-24T14:04:44Z,2026-06-24T14:15:58Z,674,6056af494810f1b88356539f9a3bec116f279af4
83207004226,28100409919,ci-1-core,"core (windows-latest, py3.13)",completed,success,2026-06-24T13:31:49Z,2026-06-24T13:52:41Z,1252,0fcc1a80bb574a6519df3fe1577c877bffe6a3b9
83202172019,28099020560,ci-1-core,"core (windows-latest, py3.13)",completed,failure,2026-06-24T13:10:47Z,2026-06-24T13:29:19Z,1112,ad774f2c1585f2a3d468f81da3970aac17d0fa42
83187727980,28095632387,ci-1-core,"core (windows-latest, py3.13)",completed,failure,2026-06-24T11:56:13Z,2026-06-24T12:12:01Z,948,1ea16a141d2ee9654eec706ae61186df7c697455
83194158164,28094521098,ci-1-core,"core (windows-latest, py3.13)",completed,failure,2026-06-24T12:30:16Z,2026-06-24T12:39:29Z,553,9334e42b37671be418108c3d83712a115dfeacb1
83177674377,28092756039,ci-1-core,"core (windows-latest, py3.13)",completed,success,2026-06-24T10:58:53Z,2026-06-24T11:17:46Z,1133,87eae93b9c3b40867508f543720aa2b231c9ed24
83168454534,28089932121,ci-1-core,"core (windows-latest, py3.13)",completed,success,2026-06-24T10:05:43Z,2026-06-24T10:28:26Z,1363,96f999b6184f442d3bc9d95e144d134d733e8066
83164064423,28088349064,ci-1-core,"core (windows-latest, py3.13)",completed,success,2026-06-24T09:41:57Z,2026-06-24T10:01:19Z,1162,3cd578ce23d424a42642571317d05c6ef71179e8
83160271756,28086298154,ci-1-core,"core (windows-latest, py3.13)",completed,success,2026-06-24T09:21:28Z,2026-06-24T09:40:55Z,1167,b42ca6647d25df65079562092902298dce210a24
83155317422,28086022248,ci-1-core,"core (windows-latest, py3.13)",completed,success,2026-06-24T08:54:43Z,2026-06-24T09:15:31Z,1248,e0907c55ed8f2813a0c311577bd4bb3623719d0f
83143422608,28078593578,ci-1-core,"core (windows-latest, py3.13)",completed,success,2026-06-24T07:46:09Z,2026-06-24T08:06:07Z,1198,347ec750f8e634843eb173c915a081412232dd32
83030016263,28046635949,ci-1-core,"core (windows-latest, py3.13)",completed,success,2026-06-23T18:24:52Z,2026-06-23T18:43:54Z,1142,ee387f0b573c5a76c42bf95a38579927b1926a1e
83019005072,28042739754,ci-1-core,"core (windows-latest, py3.13)",completed,success,2026-06-23T17:30:12Z,2026-06-23T17:50:24Z,1212,a03a0229bc624c91217d5f2cbd0273876aa07df4
83019354811,28041585712,ci-1-core,"core (windows-latest, py3.13)",completed,success,2026-06-23T17:31:52Z,2026-06-23T17:51:59Z,1207,9ccb9b1973bb5bdc1f911257ff07a82cf9f37d4f
83011177044,28040868986,ci-1-core,"core (windows-latest, py3.13)",completed,success,2026-06-23T16:52:19Z,2026-06-23T17:13:35Z,1276,2d7ce33b706e998ec1c258712de69d5740954a3d
83010667121,28033654337,ci-1-core,"core (windows-latest, py3.13)",completed,success,2026-06-23T16:49:55Z,2026-06-23T17:10:31Z,1236,a3a7e5c560521791a78d7dbeab78fe1251fb0b32
82982235892,28032248425,ci-1-core,"core (windows-latest, py3.13)",completed,success,2026-06-23T14:38:00Z,2026-06-23T14:56:40Z,1120,e2093555a16bea0086f2476b2314ab39cd232a25
82982690524,28032162682,ci-1-core,"core (windows-latest, py3.13)",completed,success,2026-06-23T14:39:17Z,2026-06-23T14:59:41Z,1224,217429a9e705912f04534728f6b99a923c38ce85
82975713700,28030264230,ci-1-core,"core (windows-latest, py3.13)",completed,success,2026-06-23T14:06:49Z,2026-06-23T14:28:03Z,1274,14bb1df7c19bff19a589a278766d883e2a3409de
82965390121,28026390314,ci-1-core,"core (windows-latest, py3.13)",completed,success,2026-06-23T13:21:11Z,2026-06-23T13:39:35Z,1104,82ea7a3acfdb84625e2047b8f868f9eee4636ea7
82963731397,28025789942,ci-1-core,"core (windows-latest, py3.13)",completed,success,2026-06-23T13:13:38Z,2026-06-23T13:34:23Z,1245,1b2e43081d9d43d8264a02dd0ffa64d61f2a17d4
82922792745,28015506038,ci-1-core,"core (windows-latest, py3.13)",completed,success,2026-06-23T09:34:47Z,2026-06-23T09:56:10Z,1283,9272e73d4442985ca62529bc9454b27c1a23cbee
82903529660,28009984707,ci-1-core,"core (windows-latest, py3.13)",completed,success,2026-06-23T07:55:29Z,2026-06-23T08:16:20Z,1251,32bfd6ffef0e8c9e4b71b7cba719740d02865763
82904431764,28008585057,ci-1-core,"core (windows-latest, py3.13)",completed,success,2026-06-23T07:56:52Z,2026-06-23T08:17:11Z,1219,1cce01be7d7500164020604aed9e922f9aef3a9a
82893679002,28006881699,ci-1-core,"core (windows-latest, py3.13)",completed,success,2026-06-23T06:48:23Z,2026-06-23T07:08:47Z,1224,8cf204f80bd6d3b3ffdd72a49b3164e77423db1e
82826938043,27985025671,ci-1-core,"core (windows-latest, py3.13)",completed,success,2026-06-22T21:39:24Z,2026-06-22T21:59:40Z,1216,c97d0f423664ddaf0494d2972bcc7f3d489bcd14
82819250361,27982387687,ci-1-core,"core (windows-latest, py3.13)",completed,success,2026-06-22T20:57:38Z,2026-06-22T21:19:36Z,1318,106bb9450063c117b838bf8f93dccfad8caa5ae7
82817843868,27982083290,ci-1-core,"core (windows-latest, py3.13)",completed,success,2026-06-22T20:50:18Z,2026-06-22T21:08:10Z,1072,c7b2efa61bcd51ce2f780027565d7469a368b788
82783183665,27971280372,ci-1-core,"core (windows-latest, py3.13)",completed,success,2026-06-22T17:52:53Z,2026-06-22T18:12:32Z,1179,c24e607fc9eb4aea4075045b700e2034808f4fd7
82778225201,27966580232,ci-1-core,"core (windows-latest, py3.13)",completed,success,2026-06-22T17:27:48Z,2026-06-22T17:48:10Z,1222,cf7d1fc90ac41272e04ccba5b80fe617094d50dc
82778506408,27965798879,ci-1-core,"core (windows-latest, py3.13)",completed,success,2026-06-22T17:29:15Z,2026-06-22T17:47:26Z,1091,4514e752f938a733823cccc0c9be115b52597aca
82724835875,27954980244,ci-1-core,"core (windows-latest, py3.13)",completed,success,2026-06-22T13:25:53Z,2026-06-22T13:46:15Z,1222,a6d92aa55db3fd0c464c814a5efcfdd7c47c0787
82714501211,27952149198,ci-1-core,"core (windows-latest, py3.13)",completed,success,2026-06-22T12:35:56Z,2026-06-22T12:55:49Z,1193,09a68959216230361a18013cadec1fc3cd0f73da
83638435419,28231352204,ci-1-core,"core (windows-latest, py3.13)",completed,cancelled,2026-06-26T10:24:16Z,2026-06-26T10:39:49Z,933,e30b9dc233a9c2d0a3385fe9effbcb248b14e403
83638460444,28230199564,ci-1-core,"core (windows-latest, py3.13)",completed,success,2026-06-26T10:24:24Z,2026-06-26T10:43:28Z,1144,1bc40851b8d3e1b00ea6d94d94bf283b91a89e25
83633193410,28229513975,ci-1-core,"core (windows-latest, py3.13)",completed,success,2026-06-26T09:51:02Z,2026-06-26T10:11:29Z,1227,430e6c9703092c53e82d45ae9d06c85d469789ed
83631954292,28229058972,ci-1-core,"core (windows-latest, py3.13)",completed,success,2026-06-26T09:43:14Z,2026-06-26T10:01:28Z,1094,f9003059b2561917067280175fc881be6285b431
83628353932,28228313790,ci-1-core,"core (windows-latest, py3.13)",completed,success,2026-06-26T09:20:50Z,2026-06-26T09:39:30Z,1120,1b1646e42af6d6697fc63ec3abf8fc5de2803a61
83628652054,28227510246,ci-1-core,"core (windows-latest, py3.13)",completed,success,2026-06-26T09:22:43Z,2026-06-26T09:41:20Z,1117,7038b25272baa8d70538d586a5ebdded3ddae2b9
83628478397,28227328176,ci-1-core,"core (windows-latest, py3.13)",completed,success,2026-06-26T09:21:36Z,2026-06-26T09:40:25Z,1129,ea01d36b1674e85ed6820c5e265ddf09a0198485
83621989336,28225728225,ci-1-core,"core (windows-latest, py3.13)",completed,success,2026-06-26T08:41:04Z,2026-06-26T09:00:12Z,1148,b9b0e8a9a5ad9ebaf0edf2f731bc1bb4fcf1d18a
83619860960,28224817685,ci-1-core,"core (windows-latest, py3.13)",completed,success,2026-06-26T08:27:22Z,2026-06-26T08:46:28Z,1146,6fcfb6158a2e39465df894f27353c69a51961c3b
83615563842,28224512859,ci-1-core,"core (windows-latest, py3.13)",completed,success,2026-06-26T07:59:52Z,2026-06-26T08:18:08Z,1096,0d561d42db41e98fa9f51f6ae1be92b979c7ebf8
83603739309,28204625726,ci-1-core,"core (windows-latest, py3.13)",completed,success,2026-06-26T06:33:10Z,2026-06-26T06:54:18Z,1268,cbf5d2040a5d031f6145829b8fda05293636f2d1
83603390434,28204394679,ci-1-core,"core (windows-latest, py3.13)",completed,success,2026-06-26T06:30:23Z,2026-06-26T06:49:59Z,1176,6ec93a0474d356ceeb7c07379e3e67f6e45a5d31
83603680637,28203880442,ci-1-core,"core (windows-latest, py3.13)",completed,success,2026-06-26T06:32:44Z,2026-06-26T06:53:12Z,1228,d33ab6fd9394c5cd9cf9c7a747d4d974430c4770
83603486915,28203876755,ci-1-core,"core (windows-latest, py3.13)",completed,success,2026-06-26T06:31:06Z,2026-06-26T06:50:48Z,1182,f92839943d9c377b07d63a7163178a121a8bca06
83551880458,28203645522,ci-1-core,"core (windows-latest, py3.13)",completed,success,2026-06-25T22:28:15Z,2026-06-25T22:48:55Z,1240,11ca24e5e16b7a5e1a265dd25ddc56821689b6b2
83541244234,28194151385,ci-1-core,"core (windows-latest, py3.13)",completed,success,2026-06-25T21:21:44Z,2026-06-25T21:41:45Z,1201,1a379f796aaea4687e591f24c76426b7e1c6763e
83524177222,28193559347,ci-1-core,"core (windows-latest, py3.13)",completed,success,2026-06-25T19:50:31Z,2026-06-25T20:09:55Z,1164,5b2775038f5f58aa29a39702d0a9a47822d5dfdd
83517243748,28193391575,ci-1-core,"core (windows-latest, py3.13)",completed,success,2026-06-25T19:14:31Z,2026-06-25T19:33:21Z,1130,8d20676717c03ebdc64e5b46a3f02d26465c55ee
83498775918,28188069014,ci-1-core,"core (windows-latest, py3.13)",completed,success,2026-06-25T17:44:55Z,2026-06-25T17:59:24Z,869,5e869ad740464cbfaa571cf41dd4f7bdce406feb
83498193314,28187974420,ci-1-core,"core (windows-latest, py3.13)",completed,success,2026-06-25T17:38:43Z,2026-06-25T17:57:46Z,1143,0cd5891b575f005485c2e2eb96bca678498a423a
83497132707,28187057511,ci-1-core,"core (windows-latest, py3.13)",completed,success,2026-06-25T17:31:28Z,2026-06-25T17:50:56Z,1168,1acdb497d1b904c5b33db7a1be9d234e0861c0ca
83494505493,28186407410,ci-1-core,"core (windows-latest, py3.13)",completed,success,2026-06-25T17:17:56Z,2026-06-25T17:33:55Z,959,c9a1c4720fde56e82721a45de81538b4a194fd07
83494789525,28186056079,ci-1-core,"core (windows-latest, py3.13)",completed,failure,2026-06-25T17:19:21Z,2026-06-25T17:29:49Z,628,f0d417345316be7a51186f1de634dfb8d6f6c202
83494712245,28185502621,ci-1-core,"core (windows-latest, py3.13)",completed,success,2026-06-25T17:18:58Z,2026-06-25T17:39:46Z,1248,f9136bb89b7600dbfba2b7ccf5d4ff57a99246fa
83487827114,28184752096,ci-1-core,"core (windows-latest, py3.13)",completed,success,2026-06-25T16:44:56Z,2026-06-25T17:04:15Z,1159,ac262d442b8b980e0588d912c716517ca5c5ec13
83487895311,28184362810,ci-1-core,"core (windows-latest, py3.13)",completed,cancelled,2026-06-25T16:45:23Z,2026-06-25T16:59:50Z,867,e10f202f43f058133a37b335d1703b9828372a6f
83482967788,28183485979,ci-1-core,"core (windows-latest, py3.13)",completed,success,2026-06-25T16:21:55Z,2026-06-25T16:41:03Z,1148,011449c8505d806eecdb6f7469ce7cefa4deee61
83489716044,28183113974,ci-1-core,"core (windows-latest, py3.13)",completed,success,2026-06-25T16:54:09Z,2026-06-25T17:13:39Z,1170,9958e68c41e098b9e2a8dfe0ea8f51f26d4ee5a2
83480894527,28182147625,ci-1-core,"core (windows-latest, py3.13)",completed,success,2026-06-25T16:11:24Z,2026-06-25T16:32:07Z,1243,d48b688e3b13301ef04bb91a78e71877c4b6925e
83477345422,28181652239,ci-1-core,"core (windows-latest, py3.13)",completed,cancelled,2026-06-25T15:55:19Z,2026-06-25T15:55:57Z,38,3b44f5984178c7db21dea9e63c5d1412324e5317
83477343926,28180946848,ci-1-core,"core (windows-latest, py3.13)",completed,success,2026-06-25T15:55:28Z,2026-06-25T16:16:59Z,1291,acaf22e28522d12f598c410dce4ff82d9d9c7ec5
83478856411,28180874886,ci-1-core,"core (windows-latest, py3.13)",completed,success,2026-06-25T16:01:49Z,2026-06-25T16:23:14Z,1285,457e7bb0f53ab6802bc322efd653168c6b88001a
83473881323,28180475427,ci-1-core,"core (windows-latest, py3.13)",completed,success,2026-06-25T15:40:20Z,2026-06-25T16:00:36Z,1216,164d7275b2e17962379fa16d9226a253bc57d021
83471019573,28180072208,ci-1-core,"core (windows-latest, py3.13)",completed,success,2026-06-25T15:26:45Z,2026-06-25T15:45:41Z,1136,3925bdd10439ca8d4d195e464f929b45cf4f0f06
83471194673,28175208802,ci-1-core,"core (windows-latest, py3.13)",completed,success,2026-06-25T15:27:31Z,2026-06-25T15:46:32Z,1141,73eb1f8d80ddb3fc3bae355a9b7af6fca206caea
83450340140,28174216018,ci-1-core,"core (windows-latest, py3.13)",completed,success,2026-06-25T13:57:04Z,2026-06-25T14:15:11Z,1087,d3a9c12fdfda80f42a28cc346e14f3d6a8eced6e
83450686601,28173977954,ci-1-core,"core (windows-latest, py3.13)",completed,success,2026-06-25T13:58:36Z,2026-06-25T14:17:16Z,1120,19839b2707715e541e8763dc76e5b7f306c05557
83449731577,28173657279,ci-1-core,"core (windows-latest, py3.13)",completed,success,2026-06-25T13:54:21Z,2026-06-25T14:13:29Z,1148,60fab62bc219c03abb1f61603def690d9ab4c5ff
83445952743,28173034801,ci-1-core,"core (windows-latest, py3.13)",completed,success,2026-06-25T13:37:26Z,2026-06-25T13:55:28Z,1082,fe93037d58c88554a08ec265c03d03c6b855ab06
83444560684,28172224153,ci-1-core,"core (windows-latest, py3.13)",completed,failure,2026-06-25T13:31:02Z,2026-06-25T13:48:18Z,1036,506520e98c123906dda3d5c40f197d2f203b0fb5
83440650118,28171011672,ci-1-core,"core (windows-latest, py3.13)",completed,failure,2026-06-25T13:12:54Z,2026-06-25T13:32:26Z,1172,8272ef310aa4175425ac10a7536b1b30485691de
83437426676,28170648190,ci-1-core,"core (windows-latest, py3.13)",completed,success,2026-06-25T12:57:35Z,2026-06-25T13:17:56Z,1221,4e1d874d581542c70f88169474cfadb7f151b8f7
83436930590,28169586557,ci-1-core,"core (windows-latest, py3.13)",completed,success,2026-06-25T12:55:12Z,2026-06-25T13:17:32Z,1340,04abd5ae2e6330cff536eb84bcd472fca13c81e6
83428793034,28167149421,ci-1-core,"core (windows-latest, py3.13)",completed,success,2026-06-25T12:12:49Z,2026-06-25T12:33:54Z,1265,cda9c0f9465a5f06e934778ac13b90332294e145
83424552004,28167031868,ci-1-core,"core (windows-latest, py3.13)",completed,cancelled,2026-06-25T11:49:19Z,2026-06-25T11:56:46Z,447,9873cc16edf685a3f53c517fcbf555306ab30e10
83415189693,28164244780,ci-1-core,"core (windows-latest, py3.13)",completed,success,2026-06-25T10:55:29Z,2026-06-25T11:14:57Z,1168,abbd3c3ccdd8983ba60690c461098671e0d495b2
83415234063,28163272450,ci-1-core,"core (windows-latest, py3.13)",completed,success,2026-06-25T10:55:46Z,2026-06-25T11:16:12Z,1226,fc4d17f7043f99a6e9579a938882ef0d16ba16b9
83415179456,28162776825,ci-1-core,"core (windows-latest, py3.13)",completed,success,2026-06-25T10:55:25Z,2026-06-25T11:15:08Z,1183,2c1771ef25e318884bf0fbc52643e33b89104384
83407105358,28161438258,ci-1-core,"core (windows-latest, py3.13)",completed,success,2026-06-25T10:08:51Z,2026-06-25T10:28:31Z,1180,7830582320ab8e263c4486553ae051039473774c
83403380180,28160679435,ci-1-core,"core (windows-latest, py3.13)",completed,success,2026-06-25T09:48:33Z,2026-06-25T10:08:39Z,1206,11525fadd61d207f7eb1fbc043c6e2d404be2df2
83400543018,28158982571,ci-1-core,"core (windows-latest, py3.13)",completed,success,2026-06-25T09:33:03Z,2026-06-25T09:51:46Z,1123,04fe877881bc715e0fa884b265a26458bf988959
83396268275,28158485439,ci-1-core,"core (windows-latest, py3.13)",completed,cancelled,2026-06-25T09:10:15Z,2026-06-25T09:30:48Z,1233,92b750db2214308247dee8c1c35fa1660f9ab6c1
83396182621,28157171011,ci-1-core,"core (windows-latest, py3.13)",completed,success,2026-06-25T09:09:48Z,2026-06-25T09:27:33Z,1065,35a15dc365e233ff04fcebadfbceb42cddb4cde7
83392090127,28155926262,ci-1-core,"core (windows-latest, py3.13)",completed,success,2026-06-25T08:47:40Z,2026-06-25T09:07:08Z,1168,cfe51ba8617d579d579112feef14bc28b102ca59
83386939907,28154916915,ci-1-core,"core (windows-latest, py3.13)",completed,success,2026-06-25T08:18:57Z,2026-06-25T08:37:21Z,1104,3871f27c855018a075aad4988fd45dd40a4b334f
83386917239,28153701500,ci-1-core,"core (windows-latest, py3.13)",completed,success,2026-06-25T08:18:50Z,2026-06-25T08:38:59Z,1209,4818c3512fcc218ceb1846c2e35ee87088553624
83382773955,28153672374,ci-1-core,"core (windows-latest, py3.13)",completed,success,2026-06-25T07:55:00Z,2026-06-25T08:15:02Z,1202,9c3737403d2290a3965c91e6ecb5dcfc9cdc86bd
83378312261,28153211538,ci-1-core,"core (windows-latest, py3.13)",completed,success,2026-06-25T07:27:12Z,2026-06-25T07:46:34Z,1162,f074db9ded62a521c5929088e8744696501538a8
83362682048,28134320690,ci-1-core,"core (windows-latest, py3.13)",completed,failure,2026-06-25T05:32:31Z,2026-06-25T05:47:26Z,895,30d589ff6881e55f0a6ff59db70dd5de7a6afeb9
83362394651,28132509402,ci-1-core,"core (windows-latest, py3.13)",completed,success,2026-06-25T05:30:09Z,2026-06-25T05:51:35Z,1286,550ddb33036bb7c8e085460f55222cb4e6470b13
83362225538,28132445835,ci-1-core,"core (windows-latest, py3.13)",completed,success,2026-06-25T05:28:43Z,2026-06-25T05:49:43Z,1260,241809740140e0544ab011b04aaf64ae07c166ff
