job_id,run_id,workflow,job_name,status,conclusion,started_at,completed_at,duration_seconds,head_sha
78338420828,26587240668,ci-1-core,"core (macos-latest, py3.13)",completed,success,2026-05-28T16:28:52Z,2026-05-28T16:34:03Z,311,c77b5ad3e43f9595d8c9ec92eb00be452fe0611b
78335584957,26586477243,ci-1-core,"core (macos-latest, py3.13)",completed,cancelled,2026-05-28T16:13:58Z,2026-05-28T16:18:49Z,291,2a107f69ff6d9f11f2874bc81d381e1b5cd94c36
78333386723,26585775435,ci-1-core,"core (macos-latest, py3.13)",completed,success,2026-05-28T16:02:39Z,2026-05-28T16:08:40Z,361,9cdec9c13ed35dd623c6265b8af568aef13376d3
78331153075,26585194677,ci-1-core,"core (macos-latest, py3.13)",completed,success,2026-05-28T15:51:31Z,2026-05-28T15:57:10Z,339,5cb9ee1c2fe039b8a0985c2c47c89c4b7c4ab692
78327867342,26582691646,ci-1-core,"core (macos-latest, py3.13)",completed,success,2026-05-28T15:35:24Z,2026-05-28T15:40:25Z,301,736d09d11b1baae56edffed0decd21231ac2b3a3
78309201657,26578699235,ci-1-core,"core (macos-latest, py3.13)",completed,success,2026-05-28T14:07:12Z,2026-05-28T14:12:09Z,297,687a8b2f51c66424a8ce6b99964117bb2bc91c54
78301534211,26577147226,ci-1-core,"core (macos-latest, py3.13)",completed,success,2026-05-28T13:29:35Z,2026-05-28T13:35:54Z,379,ec4c1e99ab50bb44e056a6f92f24a21f0bb8ea5d
78301488666,26576330560,ci-1-core,"core (macos-latest, py3.13)",completed,success,2026-05-28T13:29:22Z,2026-05-28T13:36:27Z,425,5ec4cd129d1e6994d5bb2ae18250f362ef9ade6d
78298060565,26576223695,ci-1-core,"core (macos-latest, py3.13)",completed,success,2026-05-28T13:10:55Z,2026-05-28T13:16:50Z,355,c1da9a4171148efa41b897e53afc2f2896b98959
78297498743,26576107183,ci-1-core,"core (macos-latest, py3.13)",completed,success,2026-05-28T13:07:46Z,2026-05-28T13:12:54Z,308,8b9815b8aa9b88b8cbb020e2bc169d7d7eae8f42
78294742730,26574978278,ci-1-core,"core (macos-latest, py3.13)",completed,success,2026-05-28T12:52:30Z,2026-05-28T12:59:47Z,437,964a036b823b7ae22c5680f4495c94bc9dafa6a3
78292071826,26574357290,ci-1-core,"core (macos-latest, py3.13)",completed,success,2026-05-28T12:37:15Z,2026-05-28T12:43:50Z,395,210bb49bb2533afe6dd439a8ef6b7abd4bfbb30a
78292688317,26574277124,ci-1-core,"core (macos-latest, py3.13)",completed,success,2026-05-28T12:40:48Z,2026-05-28T12:45:28Z,280,aaa93ec860ffbf7aa060335c7a7833ea838d3f2f
78291932248,26573867926,ci-1-core,"core (macos-latest, py3.13)",completed,success,2026-05-28T12:36:24Z,2026-05-28T12:41:47Z,323,6c3631b85b02229a32b5e4b9d7484c2ac4e6098d
78288924782,26573424567,ci-1-core,"core (macos-latest, py3.13)",completed,success,2026-05-28T12:18:40Z,2026-05-28T12:24:11Z,331,f72500d8a8c95a6f90dfefe8c2bd5a9c119a436c
78280417749,26571305823,ci-1-core,"core (macos-latest, py3.13)",completed,success,2026-05-28T11:25:09Z,2026-05-28T11:30:38Z,329,8f48a8101e3f97df7af4282b54eb1edb34440267
78277453626,26568682886,ci-1-core,"core (macos-latest, py3.13)",completed,success,2026-05-28T11:05:34Z,2026-05-28T11:11:16Z,342,fda90dfc7ff854f5f6e080c9964c977f22d61a9d
78270896866,26568515815,ci-1-core,"core (macos-latest, py3.13)",completed,success,2026-05-28T10:22:20Z,2026-05-28T10:29:34Z,434,efd94c7e1522d5673df6a5e265ec25449c589c23
78269002039,26567956925,ci-1-core,"core (macos-latest, py3.13)",completed,success,2026-05-28T10:09:59Z,2026-05-28T10:16:39Z,400,7dae3b9a2fb780174fa1e523587f24514fc30148
78267045189,26567374198,ci-1-core,"core (macos-latest, py3.13)",completed,success,2026-05-28T09:57:26Z,2026-05-28T10:03:36Z,370,8d102e278837065096e93dd7905215d0f9c14c7a
78266986813,26567354170,ci-1-core,"core (macos-latest, py3.13)",completed,cancelled,2026-05-28T09:57:04Z,2026-05-28T09:59:57Z,173,62efac34eca69e692cf369e7f02f788cf2cfe8db
78265309809,26566955443,ci-1-core,"core (macos-latest, py3.13)",completed,success,2026-05-28T09:46:34Z,2026-05-28T09:52:26Z,352,156447bf3f9f1036026b58afb23eee0161a48a37
78263315351,26566249235,ci-1-core,"core (macos-latest, py3.13)",completed,success,2026-05-28T09:34:07Z,2026-05-28T09:40:07Z,360,969f74334c324b9168d99f9bf57b0c3dc070eb48
78261989035,26565703608,ci-1-core,"core (macos-latest, py3.13)",completed,success,2026-05-28T09:26:05Z,2026-05-28T09:30:53Z,288,2aadc308ab16dc30254e2d622b94e7e34cc07e77
78260893379,26565584621,ci-1-core,"core (macos-latest, py3.13)",completed,cancelled,2026-05-28T09:19:20Z,2026-05-28T09:20:47Z,87,a0d7050de68563480eacc77947cf19a4c3256009
78261787570,26565489215,ci-1-core,"core (macos-latest, py3.13)",completed,success,2026-05-28T09:24:59Z,2026-05-28T09:31:15Z,376,3326d890d30f853509b4451f7941c3f0649fdeb5
78260791283,26565361141,ci-1-core,"core (macos-latest, py3.13)",completed,success,2026-05-28T09:18:41Z,2026-05-28T09:24:08Z,327,c9d559fd2b3ed3ddfb3311715827fdc64954e648
78260928358,26565354404,ci-1-core,"core (macos-latest, py3.13)",completed,success,2026-05-28T09:19:33Z,2026-05-28T09:25:38Z,365,6778f8c29850a75e932adc4ec93ae90278da9608
78258256494,26564706363,ci-1-core,"core (macos-latest, py3.13)",completed,success,2026-05-28T09:02:43Z,2026-05-28T09:08:09Z,326,07d1ff954e2acceb25e79166bf45207763d9d5e3
78256022450,26563002599,ci-1-core,"core (macos-latest, py3.13)",completed,success,2026-05-28T08:48:18Z,2026-05-28T08:54:14Z,356,13d402189bfbecf4678209210e3d3be38ab77735
78255824079,26562822198,ci-1-core,"core (macos-latest, py3.13)",completed,success,2026-05-28T08:47:04Z,2026-05-28T08:54:51Z,467,11055424b16d9b0b2374ebc30c204afdcd26a8ba
78250475292,26562125447,ci-1-core,"core (macos-latest, py3.13)",completed,success,2026-05-28T08:13:11Z,2026-05-28T08:19:59Z,408,581f589c59f4e3654032ec313adccbdfa35a45f2
78250488579,26562082233,ci-1-core,"core (macos-latest, py3.13)",completed,success,2026-05-28T08:13:16Z,2026-05-28T08:20:00Z,404,64cd7733710e914488a04c17df6470b127a46242
78248144839,26561944283,ci-1-core,"core (macos-latest, py3.13)",completed,success,2026-05-28T07:57:44Z,2026-05-28T08:02:46Z,302,f06c9c59ed7df998757046ca8d6a8841b83b9c5b
78248649253,26561056097,ci-1-core,"core (macos-latest, py3.13)",completed,success,2026-05-28T08:01:05Z,2026-05-28T08:07:00Z,355,414b3e2a888b4ba19c1899591de82f8d0cbfae00
78241248195,26559765521,ci-1-core,"core (macos-latest, py3.13)",completed,success,2026-05-28T07:09:43Z,2026-05-28T07:16:29Z,406,fd1caf1163babb013fa50df45e1126df6733fa24
78240099645,26559512482,ci-1-core,"core (macos-latest, py3.13)",completed,success,2026-05-28T07:00:48Z,2026-05-28T07:06:27Z,339,f17fbac01e1c7245507fd94b82f7f104cfce632b
78240966007,26546674578,ci-1-core,"core (macos-latest, py3.13)",completed,success,2026-05-28T07:07:26Z,2026-05-28T07:12:20Z,294,9553a99eab3b01a5d141647b4b4826d31c2f892b
78241019282,26546634506,ci-1-core,"core (macos-latest, py3.13)",completed,success,2026-05-28T07:07:52Z,2026-05-28T07:14:45Z,413,b5411c32075ead936f77440fbaa17a062a517382
78240425393,26546501113,ci-1-core,"core (macos-latest, py3.13)",completed,success,2026-05-28T07:03:19Z,2026-05-28T07:09:02Z,343,5c91f97ce134f6f3caf3606fb57a4e6ea579cdfc
78199624634,26546155228,ci-1-core,"core (macos-latest, py3.13)",completed,success,2026-05-28T00:17:11Z,2026-05-28T00:22:15Z,304,5a0180e8b063542b06880d2db4876b93bbd02751
78199666905,26546120416,ci-1-core,"core (macos-latest, py3.13)",completed,success,2026-05-28T00:17:36Z,2026-05-28T00:22:04Z,268,15463c202961ed5c479dfd90db448a225abe8f9b
78198996214,26546042507,ci-1-core,"core (macos-latest, py3.13)",completed,success,2026-05-28T00:11:45Z,2026-05-28T00:16:24Z,279,9f76fd598d76c4b0ce2cf3d3f43b3ddd229bd1e0
78197547282,26545528927,ci-1-core,"core (macos-latest, py3.13)",completed,success,2026-05-27T23:57:33Z,2026-05-28T00:02:54Z,321,6ea3268672aa57c014374c524fe8b8929dbe7509
78196317453,26544732042,ci-1-core,"core (macos-latest, py3.13)",completed,success,2026-05-27T23:46:03Z,2026-05-27T23:51:10Z,307,40a4987ca7390ec7c514551541d3afd420c7f96e
78195197867,26544570253,ci-1-core,"core (macos-latest, py3.13)",completed,success,2026-05-27T23:35:55Z,2026-05-27T23:42:21Z,386,41915846199a089ae407932d5c9c82dc1b532ab9
78187131302,26542251771,ci-1-core,"core (macos-latest, py3.13)",completed,success,2026-05-27T22:31:10Z,2026-05-27T22:35:38Z,268,fc2b9348e1880f38a18561e898cc2d8bd7c6e0e7
78185458570,26541460341,ci-1-core,"core (macos-latest, py3.13)",completed,success,2026-05-27T22:17:14Z,2026-05-27T22:22:47Z,333,753a3926958ccd8c0982ab7d346cb186cbd18de5
78185612512,26541231665,ci-1-core,"core (macos-latest, py3.13)",completed,success,2026-05-27T22:18:26Z,2026-05-27T22:23:59Z,333,df76cd39121ea288e72020589ef6169418b3df5f
78187418183,26540936235,ci-1-core,"core (macos-latest, py3.13)",completed,success,2026-05-27T22:32:04Z,2026-05-27T22:37:46Z,342,1aabb9a31aead163c4160732fa091ce66940bd4e
78181030422,26540223305,ci-1-core,"core (macos-latest, py3.13)",completed,success,2026-05-27T21:46:50Z,2026-05-27T21:52:58Z,368,f2f0746fa5a753224f340df05ead75f068eece6b
78181685500,26539476316,ci-1-core,"core (macos-latest, py3.13)",completed,success,2026-05-27T21:51:03Z,2026-05-27T21:55:39Z,276,1c597459bfd7056e2cd63b1c77e27ef3e1c6bdb4
78180827510,26539389813,ci-1-core,"core (macos-latest, py3.13)",completed,success,2026-05-27T21:45:30Z,2026-05-27T21:50:17Z,287,6eb746d0cb6949ce7cb072e950f6bd9d4c217e69
78180636779,26539094419,ci-1-core,"core (macos-latest, py3.13)",completed,success,2026-05-27T21:44:15Z,2026-05-27T21:48:49Z,274,957aa9c882a1686cd42af45bb0574e4ba300373e
78177463386,26538780624,ci-1-core,"core (macos-latest, py3.13)",completed,success,2026-05-27T21:24:09Z,2026-05-27T21:30:07Z,358,781542f089a26d412dd0756bf77a9c532b626d9d
78163568562,26534713123,ci-1-core,"core (macos-latest, py3.13)",completed,success,2026-05-27T20:04:10Z,2026-05-27T20:08:48Z,278,68e5827b289c9b895b2414ba7e10129c41770d76
78163690794,26534284930,ci-1-core,"core (macos-latest, py3.13)",completed,success,2026-05-27T20:04:52Z,2026-05-27T20:12:23Z,451,5a54c77d04f1c26c9b32a3467bef9f4c6d5d30d7
78159522292,26533982429,ci-1-core,"core (macos-latest, py3.13)",completed,success,2026-05-27T19:41:48Z,2026-05-27T19:47:39Z,351,e6ca13ae6893d0f14f470116ec92bd5a6fe03158
78159582953,26532076937,ci-1-core,"core (macos-latest, py3.13)",completed,success,2026-05-27T19:42:06Z,2026-05-27T19:46:31Z,265,dea2ae0691d0fbe9f0b1ef535aa7041612829b79
78159629288,26532024399,ci-1-core,"core (macos-latest, py3.13)",completed,success,2026-05-27T19:42:20Z,2026-05-27T19:46:47Z,267,c72a897db854bcb2e6017e35a7e4bbf112f83a0c
78151260789,26531634896,ci-1-core,"core (macos-latest, py3.13)",completed,success,2026-05-27T18:56:30Z,2026-05-27T19:01:01Z,271,aedd981532d752663b5537df70d30d74212f30fc
78151130619,26530896803,ci-1-core,"core (macos-latest, py3.13)",completed,success,2026-05-27T18:55:48Z,2026-05-27T19:00:10Z,262,6742a8e4250eb7ed08fbc3c5be9eab8714c52f08
78147696700,26528791727,ci-1-core,"core (macos-latest, py3.13)",completed,success,2026-05-27T18:37:13Z,2026-05-27T18:41:25Z,252,9728332278c287e81a71fdbe8a1cbb77a870b66f
78148394732,26528571731,ci-1-core,"core (macos-latest, py3.13)",completed,failure,2026-05-27T18:41:01Z,2026-05-27T18:46:53Z,352,15d261eb1ba533021bf783a66f5dae8590d1bbea
78147207839,26528570269,ci-1-core,"core (macos-latest, py3.13)",completed,success,2026-05-27T18:34:32Z,2026-05-27T18:39:01Z,269,dc56da1eace6eda4d1f35056a3d77f6ac59aea5a
78147935301,26528524784,ci-1-core,"core (macos-latest, py3.13)",completed,success,2026-05-27T18:38:32Z,2026-05-27T18:44:26Z,354,86a56965dbe1ec738a740da76cc135eb45aac5ab
78139871987,26528402419,ci-1-core,"core (macos-latest, py3.13)",completed,success,2026-05-27T17:54:35Z,2026-05-27T18:00:56Z,381,d8d392c402623d387023db0d5ff370ea531fb15f
78135718450,26526787438,ci-1-core,"core (macos-latest, py3.13)",completed,success,2026-05-27T17:31:50Z,2026-05-27T17:36:32Z,282,9e4d410efe60dec411d783ebe3fddef99e7d1bbb
78122728311,26523542197,ci-1-core,"core (macos-latest, py3.13)",completed,success,2026-05-27T16:25:47Z,2026-05-27T16:30:09Z,262,56eb9e270b643a29add43e7c8ddda55f9cbad2be
78120645296,26522539697,ci-1-core,"core (macos-latest, py3.13)",completed,success,2026-05-27T16:12:10Z,2026-05-27T16:18:20Z,370,4e06f37f0257af27d3c89d774e44eb6a347c20f8
78117352466,26522021564,ci-1-core,"core (macos-latest, py3.13)",completed,success,2026-05-27T15:55:37Z,2026-05-27T16:01:28Z,351,1da01e31840e4a13da2bc9381664861f1fc3e643
78113243622,26520557504,ci-1-core,"core (macos-latest, py3.13)",completed,success,2026-05-27T15:35:38Z,2026-05-27T15:40:09Z,271,ba8a31f8f5898f52f69a894f879a79cf66577e8b
78111896541,26520549125,ci-1-core,"core (macos-latest, py3.13)",completed,success,2026-05-27T15:29:11Z,2026-05-27T15:34:02Z,291,f95f52afe86b87d8d8ddc837f75eb959cb157e2f
78112768023,26520549541,ci-1-core,"core (macos-latest, py3.13)",completed,success,2026-05-27T15:33:18Z,2026-05-27T15:39:55Z,397,c4b0e6bfcb47c335e7b94774f7a6181392243f1c
78111814495,26520239597,ci-1-core,"core (macos-latest, py3.13)",completed,success,2026-05-27T15:28:47Z,2026-05-27T15:34:45Z,358,d426b002ae6eb99976e3930dacee26a38ddad7b3
78109030834,26519002983,ci-1-core,"core (macos-latest, py3.13)",completed,success,2026-05-27T15:15:29Z,2026-05-27T15:21:53Z,384,28760aade2ef5a578ae15617215a9376fd908f17
78101798207,26517772652,ci-1-core,"core (macos-latest, py3.13)",completed,success,2026-05-27T14:41:36Z,2026-05-27T14:45:57Z,261,c2efe53d08ae22b81390467d282b0e4b835633bc
78090417834,26513731777,ci-1-core,"core (macos-latest, py3.13)",completed,success,2026-05-27T13:48:27Z,2026-05-27T13:54:26Z,359,114bfbe5d08c8d66e91c1e748ca414625eb80019
78087147943,26513519935,ci-1-core,"core (macos-latest, py3.13)",completed,success,2026-05-27T13:32:36Z,2026-05-27T13:38:51Z,375,ca3776e396bc26579ce9596d634e372a125b0c27
78088859509,26512727575,ci-1-core,"core (macos-latest, py3.13)",completed,success,2026-05-27T13:41:00Z,2026-05-27T13:46:28Z,328,485eeae87b48d8ccd294bfd2cad9749d5a8cc8fb
78081585620,26512316685,ci-1-core,"core (macos-latest, py3.13)",completed,success,2026-05-27T13:04:52Z,2026-05-27T13:09:30Z,278,db22f9813e0a4f0663bfaff3cb57b8d1a3f479e4
78081752404,26511910820,ci-1-core,"core (macos-latest, py3.13)",completed,success,2026-05-27T13:05:42Z,2026-05-27T13:10:29Z,287,521e77e232e0fd68abf11623e32144b8c59d4863
78076342579,26510534628,ci-1-core,"core (macos-latest, py3.13)",completed,success,2026-05-27T12:32:21Z,2026-05-27T12:37:57Z,336,7c3faf9f565e903333dcd3034f1cd811a01b9f16
78076383759,26510492743,ci-1-core,"core (macos-latest, py3.13)",completed,success,2026-05-27T12:32:34Z,2026-05-27T12:36:29Z,235,2e4a764aef974042ae66dcf47dab251d2bd82226
78065453937,26507438363,ci-1-core,"core (macos-latest, py3.13)",completed,success,2026-05-27T11:20:15Z,2026-05-27T11:24:21Z,246,31361ad3f5422b97b96418073c7efb7e8b632eef
78065449689,26507396437,ci-1-core,"core (macos-latest, py3.13)",completed,success,2026-05-27T11:20:14Z,2026-05-27T11:25:46Z,332,073d3138355e1a57fd9580757b3f0d222d8bd2e5
78065619226,26505718460,ci-1-core,"core (macos-latest, py3.13)",completed,success,2026-05-27T11:21:17Z,2026-05-27T11:25:18Z,241,3db512a5cfa4eec21846b6ed9205ca8568778282
78053869446,26504277763,ci-1-core,"core (macos-latest, py3.13)",completed,success,2026-05-27T10:05:59Z,2026-05-27T10:12:19Z,380,f3f220a00c697a234c12787ec99b345490442ed3
78054259450,26504127348,ci-1-core,"core (macos-latest, py3.13)",completed,success,2026-05-27T10:08:48Z,2026-05-27T10:13:07Z,259,a1f595f27fb790f67d123e5840921f9fc0b1105b
78051862640,26503562946,ci-1-core,"core (macos-latest, py3.13)",completed,success,2026-05-27T09:53:39Z,2026-05-27T09:58:51Z,312,a615cff827d0a05bd747e192b772f87f05a525a1
78048938580,26502453554,ci-1-core,"core (macos-latest, py3.13)",completed,success,2026-05-27T09:38:33Z,2026-05-27T09:44:35Z,362,816ed80f1dd23e0ea880ecb97f0210d738df04d1
78046925491,26501546648,ci-1-core,"core (macos-latest, py3.13)",completed,success,2026-05-27T09:23:38Z,2026-05-27T09:28:17Z,279,e5aed49a2cf0a695ecf34c7ba4b0ae69c0c72f13
78045979131,26501534866,ci-1-core,"core (macos-latest, py3.13)",completed,success,2026-05-27T09:18:08Z,2026-05-27T09:23:27Z,319,782b7acf0dfc5634b50139a12823426bba4fba18
78045803895,26500858211,ci-1-core,"core (macos-latest, py3.13)",completed,success,2026-05-27T09:17:47Z,2026-05-27T09:22:37Z,290,6386a75ef7c8859942a44946c8a617e51bef8c2d
78038971082,26499659638,ci-1-core,"core (macos-latest, py3.13)",completed,success,2026-05-27T08:36:41Z,2026-05-27T08:42:12Z,331,885c24f4e07a944630e05a0cb47fc38f562a9d62
78035167295,26497047610,ci-1-core,"core (macos-latest, py3.13)",completed,success,2026-05-27T08:13:45Z,2026-05-27T08:17:48Z,243,3633cb1de539d19664195274a2c4fc595e756461
78027380626,26496583092,ci-1-core,"core (macos-latest, py3.13)",completed,cancelled,2026-05-27T07:21:13Z,2026-05-27T07:23:12Z,119,3376c6d074af564343e761e9343e5a829894028a
78028454894,26496207030,ci-1-core,"core (macos-latest, py3.13)",completed,success,2026-05-27T07:29:54Z,2026-05-27T07:34:58Z,304,31f4f92130712b07a9e52b280372bf98aed939ee
78027584868,26496153108,ci-1-core,"core (macos-latest, py3.13)",completed,success,2026-05-27T07:24:52Z,2026-05-27T07:30:21Z,329,0a420591c859ce8e413b6217c44247db4a77bea6
78027464358,26495805222,ci-1-core,"core (macos-latest, py3.13)",completed,success,2026-05-27T07:24:17Z,2026-05-27T07:28:21Z,244,4d966544d211df9183f262d4f90bae9d621eb313
78023315787,26495207999,ci-1-core,"core (macos-latest, py3.13)",completed,success,2026-05-27T06:55:29Z,2026-05-27T07:00:32Z,303,c65e24dd384fe824bf0d37bc334d142aa37a064e
78022516201,26495099772,ci-1-core,"core (macos-latest, py3.13)",completed,success,2026-05-27T06:46:38Z,2026-05-27T06:50:42Z,244,3d06a8d8bebb63540c8794b6a8a7b3d6f25e70a8
78020890892,26494522133,ci-1-core,"core (macos-latest, py3.13)",completed,cancelled,2026-05-27T06:32:59Z,2026-05-27T06:36:37Z,218,3a33a7f7fe6c754a1c0d969e32ddbf10dc3e3d7e
78020086128,26477780938,ci-1-core,"core (macos-latest, py3.13)",completed,success,2026-05-27T06:27:23Z,2026-05-27T06:31:43Z,260,fc4070720576451f88249781d91e8d6bed59a04c
78019306609,26477627125,ci-1-core,"core (macos-latest, py3.13)",completed,success,2026-05-27T06:20:22Z,2026-05-27T06:25:47Z,325,15e6b944eb46db944695f186ab1ece999ce5721f
77967012503,26477225329,ci-1-core,"core (macos-latest, py3.13)",completed,success,2026-05-26T21:59:45Z,2026-05-26T22:03:44Z,239,0518c60a36d3c8b8d92ceeb4fccb53e14f9dbbd9
77965345452,26476691004,ci-1-core,"core (macos-latest, py3.13)",completed,success,2026-05-26T21:48:08Z,2026-05-26T21:52:09Z,241,d39d8ce4ca3f373b0dea19ad3d97caf9ac0d73d9
77964612260,26476515573,ci-1-core,"core (macos-latest, py3.13)",completed,success,2026-05-26T21:43:54Z,2026-05-26T21:48:47Z,293,5d5715a81e0df27a47116fa2e62639efbc53f6fd
77962548963,26475738250,ci-1-core,"core (macos-latest, py3.13)",completed,success,2026-05-26T21:30:12Z,2026-05-26T21:34:12Z,240,b7be80a366b5ed244c1c24157888c9c030fbd497
77961020345,26475432696,ci-1-core,"core (macos-latest, py3.13)",completed,success,2026-05-26T21:21:51Z,2026-05-26T21:26:59Z,308,feab5388051a51b953283659d9d6824abfb426a7
77958695138,26474636793,ci-1-core,"core (macos-latest, py3.13)",completed,success,2026-05-26T21:06:19Z,2026-05-26T21:11:39Z,320,d3c0a0e04d5565f6317b74ce65178f4faf576042
77958554287,26474386064,ci-1-core,"core (macos-latest, py3.13)",completed,success,2026-05-26T21:05:30Z,2026-05-26T21:10:17Z,287,f4600bd3e9f1148cbb8e4e68df7259bfba8d548f
77956845050,26474231732,ci-1-core,"core (macos-latest, py3.13)",completed,success,2026-05-26T20:55:31Z,2026-05-26T20:59:13Z,222,9c0e7dff560dd1327df9a4c28caa5b16ef4faae5
77955141073,26473670706,ci-1-core,"core (macos-latest, py3.13)",completed,success,2026-05-26T20:45:41Z,2026-05-26T20:50:47Z,306,adb2f9ae6fb0476ae3affba5c097e91c63eeba8a
77955094546,26473537775,ci-1-core,"core (macos-latest, py3.13)",completed,success,2026-05-26T20:45:25Z,2026-05-26T20:49:11Z,226,a1afb6d27c6b3b3f00c98afbbc60248743aeb3b5
77953599348,26473272520,ci-1-core,"core (macos-latest, py3.13)",completed,success,2026-05-26T20:36:51Z,2026-05-26T20:40:41Z,230,115b18182b6cc288bf5b312087a57cc68e1a0c8b
77939145559,26468813523,ci-1-core,"core (macos-latest, py3.13)",completed,success,2026-05-26T19:14:57Z,2026-05-26T19:19:37Z,280,395367cddc23eb976b9c05e3f05204cea0e4164d
77939036440,26468704488,ci-1-core,"core (macos-latest, py3.13)",completed,success,2026-05-26T19:13:52Z,2026-05-26T19:18:54Z,302,fd212b10288dbf937e5ff6c8c8ab75a766dd7386
77939701011,26468653197,ci-1-core,"core (macos-latest, py3.13)",completed,success,2026-05-26T19:17:40Z,2026-05-26T19:21:28Z,228,1871b5eeecaa77254c0d1a7566c3bffaaff664e0
77936809083,26468271342,ci-1-core,"core (macos-latest, py3.13)",completed,success,2026-05-26T19:02:01Z,2026-05-26T19:05:56Z,235,623103afca015bbc4fac32e99db689fdec410c15
77932424587,26467325844,ci-1-core,"core (macos-latest, py3.13)",completed,success,2026-05-26T18:38:12Z,2026-05-26T18:42:52Z,280,5ca207bfd34beef2e36adf2b5c9e744e2cd78a81
77880432304,26452943711,ci-1-core,"core (macos-latest, py3.13)",completed,success,2026-05-26T14:10:42Z,2026-05-26T14:14:41Z,239,1d57a04cc403e16eeae1de2b28e369f4ce67d387
77880002194,26452842799,ci-1-core,"core (macos-latest, py3.13)",completed,success,2026-05-26T14:08:42Z,2026-05-26T14:14:29Z,347,c06142dc6501972351e9f0119a58f35401e8b263
77857097618,26447016539,ci-1-core,"core (macos-latest, py3.13)",completed,success,2026-05-26T10:39:21Z,2026-05-26T10:43:26Z,245,07b3e578d76ac3398caf5cad37e572f9c0f7543c
77853177869,26445756442,ci-1-core,"core (macos-latest, py3.13)",completed,success,2026-05-26T10:13:59Z,2026-05-26T10:17:50Z,231,56012aa8a993f601bf1fa1a886881ef5e6a2467d
77852726863,26445629253,ci-1-core,"core (macos-latest, py3.13)",completed,success,2026-05-26T10:11:08Z,2026-05-26T10:15:53Z,285,0fe481581c9e0af30b4331185debef5cddae632e
77851495769,26445370361,ci-1-core,"core (macos-latest, py3.13)",completed,success,2026-05-26T10:03:19Z,2026-05-26T10:08:08Z,289,b055a57335506991629c5e83557e0ecd52155040
77849198197,26444633438,ci-1-core,"core (macos-latest, py3.13)",completed,success,2026-05-26T09:49:20Z,2026-05-26T09:55:12Z,352,d81a773bcae624693abfbc3950f6d1c90e061be6
77847367078,26444194328,ci-1-core,"core (macos-latest, py3.13)",completed,success,2026-05-26T09:38:11Z,2026-05-26T09:42:04Z,233,c09b4a12f9dc293564716b53eee1e6deca80ff9b
77843584036,26443099810,ci-1-core,"core (macos-latest, py3.13)",completed,success,2026-05-26T09:15:24Z,2026-05-26T09:19:11Z,227,c3929280e72bc75538a602a581816d53351c5b1a
77843506002,26442615945,ci-1-core,"core (macos-latest, py3.13)",completed,success,2026-05-26T09:14:57Z,2026-05-26T09:19:02Z,245,632a108aa0ab8b4d96766e13ed205767ec9d7773
77841761613,26442566105,ci-1-core,"core (macos-latest, py3.13)",completed,cancelled,2026-05-26T09:04:15Z,2026-05-26T09:07:54Z,219,27baadac30d7c3518a4d97b1b5dbd7fefd8b2128
77840357220,26442094702,ci-1-core,"core (macos-latest, py3.13)",completed,success,2026-05-26T08:55:42Z,2026-05-26T09:00:20Z,278,5104df06f95e5aff1a17e1a69dd4baeb1c180d9c
77841555695,26442077079,ci-1-core,"core (macos-latest, py3.13)",completed,success,2026-05-26T09:02:59Z,2026-05-26T09:06:40Z,221,67d6826a3bd1617ca1d70844ed5e120ee6b88f03
77839067364,26441450977,ci-1-core,"core (macos-latest, py3.13)",completed,success,2026-05-26T08:47:27Z,2026-05-26T08:52:37Z,310,01d217a8526c27727278f39e8be4ea3760e88dca
77835112474,26440300640,ci-1-core,"core (macos-latest, py3.13)",completed,success,2026-05-26T08:22:32Z,2026-05-26T08:27:07Z,275,b171df67a2d59b6711e43e5b95b7401f263c986c
77832880216,26439981939,ci-1-core,"core (macos-latest, py3.13)",completed,success,2026-05-26T08:07:33Z,2026-05-26T08:11:39Z,246,34ccaba43bbcb21e3bc388eaded5590200f5e3b6
77830749783,26439263372,ci-1-core,"core (macos-latest, py3.13)",completed,success,2026-05-26T07:53:09Z,2026-05-26T07:58:43Z,334,95492406da579d5e1e1de393f87b7d317014361b
77830627112,26439086134,ci-1-core,"core (macos-latest, py3.13)",completed,success,2026-05-26T07:52:17Z,2026-05-26T07:55:51Z,214,117dde1154c4c0d93b5c47f05c78046673cbd17f
77829781056,26439050579,ci-1-core,"core (macos-latest, py3.13)",completed,success,2026-05-26T07:46:26Z,2026-05-26T07:52:12Z,346,ce64806628f83dd7730a47d66e97e5780d3f55cc
77828704615,26438758304,ci-1-core,"core (macos-latest, py3.13)",completed,success,2026-05-26T07:38:53Z,2026-05-26T07:44:18Z,325,bce817d8cccfb2ed5e2869735b1ddbbcd3dd9183
77820957287,26436373396,ci-1-core,"core (macos-latest, py3.13)",completed,success,2026-05-26T06:41:06Z,2026-05-26T06:45:23Z,257,4eb88e2feac109766fe16507b515bddc2b3465d3
77820759894,26436325030,ci-1-core,"core (macos-latest, py3.13)",completed,success,2026-05-26T06:39:29Z,2026-05-26T06:44:07Z,278,327ef51034bf895ce2c2a9e8698b5a4884ed9865
77818635701,26435406231,ci-1-core,"core (macos-latest, py3.13)",completed,success,2026-05-26T06:21:14Z,2026-05-26T06:24:55Z,221,41c2db99758ed6ce7cda174ce70da1149f4d6321
77817174260,26435201508,ci-1-core,"core (macos-latest, py3.13)",completed,success,2026-05-26T06:08:07Z,2026-05-26T06:11:37Z,210,aa877f052dcbf3bbb754b143f55346d5365f98f0
77817309908,26435051548,ci-1-core,"core (macos-latest, py3.13)",completed,success,2026-05-26T06:09:21Z,2026-05-26T06:13:57Z,276,7dfcd307401cb578c390db028cd3c9cf643fe637
77815811511,26434764997,ci-1-core,"core (macos-latest, py3.13)",completed,success,2026-05-26T05:55:44Z,2026-05-26T05:59:32Z,228,7ec0944fd03d20fff91b78bf6135762a54625cb8
77815763402,26434660509,ci-1-core,"core (macos-latest, py3.13)",completed,success,2026-05-26T05:55:18Z,2026-05-26T05:59:53Z,275,78842aa84aae01279501cf63238d511f63009a88
77815130071,26434151175,ci-1-core,"core (macos-latest, py3.13)",completed,success,2026-05-26T05:49:00Z,2026-05-26T05:54:51Z,351,88a93c49894391989cc084d40a6caa1bd74e9071
77770017445,26418925979,ci-1-core,"core (macos-latest, py3.13)",completed,success,2026-05-25T20:47:03Z,2026-05-25T20:50:36Z,213,4488caab89cd11f7154f86f2cd57ea885d67e493
77767863762,26418209086,ci-1-core,"core (macos-latest, py3.13)",completed,cancelled,2026-05-25T20:26:14Z,2026-05-25T20:27:23Z,69,365f644547ff5444d8ceb3fb55ba8fbc4687ecbe
77767972252,26418174209,ci-1-core,"core (macos-latest, py3.13)",completed,success,2026-05-25T20:27:17Z,2026-05-25T20:32:06Z,289,cfaaaa46a4258c1af5308ae5ab3461fee7e6f203
77767629552,26417658114,ci-1-core,"core (macos-latest, py3.13)",completed,success,2026-05-25T20:23:52Z,2026-05-25T20:27:29Z,217,21459f3387f63e602daaced30940e37c58cebc21
77767487197,26417640084,ci-1-core,"core (macos-latest, py3.13)",completed,success,2026-05-25T20:22:28Z,2026-05-25T20:26:39Z,251,dae1dba5aa7615ac691e2d74925fee48d1830b5a
77765904274,26417447557,ci-1-core,"core (macos-latest, py3.13)",completed,success,2026-05-25T20:06:13Z,2026-05-25T20:09:40Z,207,36a9ece8466bbe5be6a2b86c7b0b6a21d05ee364
77765809242,26417400190,ci-1-core,"core (macos-latest, py3.13)",completed,success,2026-05-25T20:05:13Z,2026-05-25T20:08:40Z,207,c15fb6482819fd0c3932062a373a83c44bf5044e
77765477957,26417230655,ci-1-core,"core (macos-latest, py3.13)",completed,success,2026-05-25T20:02:18Z,2026-05-25T20:05:54Z,216,c120fb10d3ae4b070b1800310d079fd24c7b34db
77765449213,26417113078,ci-1-core,"core (macos-latest, py3.13)",completed,success,2026-05-25T20:01:37Z,2026-05-25T20:05:44Z,247,31651b000722ec4a5ffe9eb21b5e9888354901b3
77766166236,26417071938,ci-1-core,"core (macos-latest, py3.13)",completed,success,2026-05-25T20:08:55Z,2026-05-25T20:13:19Z,264,9ec1dc9c7f6218868779f5736200d85aa69be670
77764586047,26417010418,ci-1-core,"core (macos-latest, py3.13)",completed,cancelled,2026-05-25T19:52:51Z,2026-05-25T19:55:56Z,185,ad4cdbb9bbf758df8215b7dc234528e3f99077b8
77765921990,26416989113,ci-1-core,"core (macos-latest, py3.13)",completed,success,2026-05-25T20:06:24Z,2026-05-25T20:11:37Z,313,d217a48dc8a91548debf7ad1e676b7459586641f
77764215597,26416902183,ci-1-core,"core (macos-latest, py3.13)",completed,success,2026-05-25T19:49:11Z,2026-05-25T19:53:06Z,235,81b8d41379670eaf5ac8c4dc1666f17c80013069
77763375699,26416463372,ci-1-core,"core (macos-latest, py3.13)",completed,success,2026-05-25T19:42:15Z,2026-05-25T19:45:57Z,222,1f07a797f8b37bec70450f9668637b0bac547a47
77763514265,26416447222,ci-1-core,"core (macos-latest, py3.13)",completed,success,2026-05-25T19:43:02Z,2026-05-25T19:46:43Z,221,868b3150f897b2a71fae78ec51488b87640c0398
77763058088,26416395498,ci-1-core,"core (macos-latest, py3.13)",completed,success,2026-05-25T19:38:28Z,2026-05-25T19:42:00Z,212,d04d241678f6eb0b273916e9cbc949f3cf21d244
77763000083,26416324860,ci-1-core,"core (macos-latest, py3.13)",completed,success,2026-05-25T19:38:58Z,2026-05-25T19:43:12Z,254,05ceb45a00ae9eed05bfb3d6a3fa2839d5aa19db
77761390397,26410815799,ci-1-core,"core (macos-latest, py3.13)",completed,success,2026-05-25T19:21:56Z,2026-05-25T19:25:31Z,215,4e3e1d61aa562a947e29ac583b51568281c50967
77761265651,26410541061,ci-1-core,"core (macos-latest, py3.13)",completed,success,2026-05-25T19:20:43Z,2026-05-25T19:25:33Z,290,8f9ed0c795d543621d86ed4fe1bda17991cc2cc7
77744167253,26410422424,ci-1-core,"core (macos-latest, py3.13)",completed,success,2026-05-25T16:40:32Z,2026-05-25T16:43:55Z,203,0e126f6df06877853c92c41ad98e9f195f883400
77740871082,26409159669,ci-1-core,"core (macos-latest, py3.13)",completed,success,2026-05-25T16:10:32Z,2026-05-25T16:16:06Z,334,c970d5613632ab0abdfdcec3f0736eb68b6bc6a7
77740687044,26409056014,ci-1-core,"core (macos-latest, py3.13)",completed,success,2026-05-25T16:09:01Z,2026-05-25T16:12:44Z,223,6efc67b7bffaaa4307ba36f36d28bcaf2bea5497
77738934131,26408705589,ci-1-core,"core (macos-latest, py3.13)",completed,success,2026-05-25T15:54:21Z,2026-05-25T15:57:51Z,210,aa01bddf647d18e48db6cd94778e0986aa0ebb7d
77737281875,26408104681,ci-1-core,"core (macos-latest, py3.13)",completed,success,2026-05-25T15:40:52Z,2026-05-25T15:46:52Z,360,e282474d3f63edd49c653b52c027ea697a0ce9f1
77735493433,26407615150,ci-1-core,"core (macos-latest, py3.13)",completed,success,2026-05-25T15:26:32Z,2026-05-25T15:30:25Z,233,b4a797a94f5449de6310271894dfa0688a92aa42
77733161601,26406880863,ci-1-core,"core (macos-latest, py3.13)",completed,success,2026-05-25T15:08:20Z,2026-05-25T15:12:31Z,251,1d28c33e218070279b0abe3b82dbe1ad83ca938b
77731200842,26406271260,ci-1-core,"core (macos-latest, py3.13)",completed,success,2026-05-25T14:53:47Z,2026-05-25T14:58:49Z,302,83ab951b4c3076d24a341d578e64e05c5390bb27
77731252092,26406264451,ci-1-core,"core (macos-latest, py3.13)",completed,success,2026-05-25T14:54:11Z,2026-05-25T14:59:27Z,316,fd1bf9c95acee80de95899834936db91f717395d
77733288176,26406224260,ci-1-core,"core (macos-latest, py3.13)",completed,success,2026-05-25T15:09:20Z,2026-05-25T15:13:13Z,233,e69ad1c623579c031a0c34f00b5e9b1d3475b386
77729504865,26405753766,ci-1-core,"core (macos-latest, py3.13)",completed,success,2026-05-25T14:41:02Z,2026-05-25T14:44:54Z,232,dac8f1d8e59d07e6b16b66dd4143a55d25c45d0a
77725268488,26403064494,ci-1-core,"core (macos-latest, py3.13)",completed,success,2026-05-25T14:10:03Z,2026-05-25T14:13:40Z,217,2e110a408168033cc8bbc30a53bdd541988c5753
77720008156,26402837915,ci-1-core,"core (macos-latest, py3.13)",completed,success,2026-05-25T13:32:37Z,2026-05-25T13:36:49Z,252,4321052bdf0c7879a8ec42ea538c1f6176d0a8df
77719700791,26402101087,ci-1-core,"core (macos-latest, py3.13)",completed,success,2026-05-25T13:30:24Z,2026-05-25T13:34:38Z,254,5d737ee1fb8ae5a3f6a541c903c5a11be5de83b2
77717438094,26402062384,ci-1-core,"core (macos-latest, py3.13)",completed,success,2026-05-25T13:13:50Z,2026-05-25T13:17:56Z,246,76d8a07e8a2c8df7606cca115fe4101eacce7713
78459188559,26624459889,ci-1-core,"core (macos-latest, py3.13)",completed,cancelled,2026-05-29T07:42:59Z,2026-05-29T07:45:40Z,161,b62b5d4466e70331baedd064467d0c9d45bbb863
78456835045,26623749944,ci-1-core,"core (macos-latest, py3.13)",completed,cancelled,2026-05-29T07:25:54Z,2026-05-29T07:31:45Z,351,ae0aafa8a3216648f3dc92e3662cce51e321d578
78459407341,26608007138,ci-1-core,"core (macos-latest, py3.13)",completed,success,2026-05-29T07:44:43Z,2026-05-29T07:51:36Z,413,01e712b050566520b5e98d10b437be7800aa1e14
78456862970,26607633809,ci-1-core,"core (macos-latest, py3.13)",completed,success,2026-05-29T07:26:05Z,2026-05-29T07:32:32Z,387,5fc05b1d3f0f361a6398800dbb5187ffef37c81e
78457546917,26607416283,ci-1-core,"core (macos-latest, py3.13)",completed,success,2026-05-29T07:31:04Z,2026-05-29T07:35:41Z,277,97190a5759e5d1f3c27c1ba8900ceaa7f0d7b627
78406489091,26607269783,ci-1-core,"core (macos-latest, py3.13)",completed,success,2026-05-28T23:10:31Z,2026-05-28T23:16:51Z,380,c21830e98e6dc42f660f5764b72424c7e559436f
78391725439,26602703121,ci-1-core,"core (macos-latest, py3.13)",completed,success,2026-05-28T21:25:08Z,2026-05-28T21:29:50Z,282,1a5898dd9a4daf1f3d2e153023117ec60a8610bf
78515275915,26640878628,ci-1-core,"core (macos-latest, py3.13)",completed,cancelled,2026-05-29T13:56:18Z,2026-05-29T13:59:40Z,202,5e3c232b61ecad87426b8dd5457160c1fb4e9e8e
78514062958,26640439611,ci-1-core,"core (macos-latest, py3.13)",completed,success,2026-05-29T13:49:29Z,2026-05-29T13:54:47Z,318,3cf79fa2f93aff09670e786abf75a50d9e39d98a
78513222126,26640011423,ci-1-core,"core (macos-latest, py3.13)",completed,success,2026-05-29T13:44:48Z,2026-05-29T13:50:45Z,357,a29cea852b112ed4bd9064e9254ea7348adb3620
78511319635,26639739771,ci-1-core,"core (macos-latest, py3.13)",completed,success,2026-05-29T13:34:12Z,2026-05-29T13:40:47Z,395,b08e6d3a5d7a9e013cc86de45eff23109c639702
78510104022,26639445574,ci-1-core,"core (macos-latest, py3.13)",completed,success,2026-05-29T13:27:17Z,2026-05-29T13:32:16Z,299,6a952987a2d47216fea8b497d1eab956fb90b21c
78506480457,26638474947,ci-1-core,"core (macos-latest, py3.13)",completed,success,2026-05-29T13:06:10Z,2026-05-29T13:12:33Z,383,b1bb48d98c229dac8bf9fa7038ec671b569af65c
78509944067,26630218463,ci-1-core,"core (macos-latest, py3.13)",completed,success,2026-05-29T13:26:24Z,2026-05-29T13:34:03Z,459,e7f1633416d74f977f34d30f4a308e08618d8d14
78506601620,26629259491,ci-1-core,"core (macos-latest, py3.13)",completed,success,2026-05-29T13:06:54Z,2026-05-29T13:13:18Z,384,203852291a5ebaef83639d1e4d5df43d0ab8fc4e
78506380761,26629190837,ci-1-core,"core (macos-latest, py3.13)",completed,success,2026-05-29T13:05:35Z,2026-05-29T13:13:03Z,448,f4281ed468c9881bdc034d047e3d37e2346d8413
78471502384,26628157672,ci-1-core,"core (macos-latest, py3.13)",completed,success,2026-05-29T09:08:37Z,2026-05-29T09:15:18Z,401,0014445c83944e9e304777ef34fd0c50dc6f0e2f
78471604656,26626968673,ci-1-core,"core (macos-latest, py3.13)",completed,success,2026-05-29T09:09:20Z,2026-05-29T09:15:56Z,396,e9cb21970872993a5c53541a6a113a0bd9564b22
78465705247,26626413290,ci-1-core,"core (macos-latest, py3.13)",completed,success,2026-05-29T08:29:38Z,2026-05-29T08:35:47Z,369,f1c24737acb11289d641ab455732fb9891d048ba
78465746869,26626140082,ci-1-core,"core (macos-latest, py3.13)",completed,success,2026-05-29T08:29:55Z,2026-05-29T08:34:57Z,302,bcb61104a50775e6bd49783c5da84946849927b3
78463937282,26625897318,ci-1-core,"core (macos-latest, py3.13)",completed,success,2026-05-29T08:17:18Z,2026-05-29T08:22:14Z,296,3fe3dff83bba047977b03613cf6a8418ed7f9cca
78463742511,26625732754,ci-1-core,"core (macos-latest, py3.13)",completed,success,2026-05-29T08:15:54Z,2026-05-29T08:21:41Z,347,22c82b479e891c799cc9b5e9ef963816737dcb0a
78462754658,26625619135,ci-1-core,"core (macos-latest, py3.13)",completed,success,2026-05-29T08:08:51Z,2026-05-29T08:14:20Z,329,9fb486c3f9c14d7d8a72d70c896f3dce77197b38
78583272208,26658548177,ci-1-core,"core (macos-latest, py3.13)",completed,success,2026-05-29T20:39:31Z,2026-05-29T20:45:30Z,359,f9e6fec892d1308255ab305890be7acd7c6f4fd6
78575383578,26658351025,ci-1-core,"core (macos-latest, py3.13)",completed,success,2026-05-29T19:48:11Z,2026-05-29T19:54:40Z,389,9a48dd1326408984037ee710bb5b364ff76dd284
78569463203,26656387990,ci-1-core,"core (macos-latest, py3.13)",completed,success,2026-05-29T19:10:57Z,2026-05-29T19:16:34Z,337,b2c45758d8b1f8109ffb194e35be8f5d3b77c234
78569554486,26656147783,ci-1-core,"core (macos-latest, py3.13)",completed,success,2026-05-29T19:11:30Z,2026-05-29T19:19:26Z,476,2732a858ca9215157823e302d8efb726a321593b
78565030600,26655281959,ci-1-core,"core (macos-latest, py3.13)",completed,success,2026-05-29T18:44:01Z,2026-05-29T18:50:20Z,379,13d71c909633eedc680623b6548985851c6a6d7a
78562915902,26642741151,ci-1-core,"core (macos-latest, py3.13)",completed,success,2026-05-29T18:31:01Z,2026-05-29T18:37:00Z,359,373aff69a803bb5c9abbe85761849aee3331fc31
78562091844,26642316198,ci-1-core,"core (macos-latest, py3.13)",completed,success,2026-05-29T18:25:59Z,2026-05-29T18:32:05Z,366,db663929d1b2ace0cbbada9c6ece73b0ea4f8ca8
78653197867,26685431684,ci-1-core,"core (macos-latest, py3.13)",completed,success,2026-05-30T13:56:41Z,2026-05-30T14:02:31Z,350,8ca4ec977d0d6a3ed626e93d8fe2a547e32b84ca
78651867823,26684930978,ci-1-core,"core (macos-latest, py3.13)",completed,success,2026-05-30T13:32:32Z,2026-05-30T13:39:11Z,399,ab8f793a4e94ebbb583dd1f7c7ec447dae68a843
78651947431,26684749721,ci-1-core,"core (macos-latest, py3.13)",completed,success,2026-05-30T13:35:22Z,2026-05-30T13:41:01Z,339,209bd26e8b10263fb0340d993f2899ea455b5dbd
78651885823,26684390505,ci-1-core,"core (macos-latest, py3.13)",completed,success,2026-05-30T13:32:50Z,2026-05-30T13:38:59Z,369,71d301d0705a2bc53c02bfe91a3098658ef7a9a4
78649681939,26684078734,ci-1-core,"core (macos-latest, py3.13)",completed,success,2026-05-30T12:50:16Z,2026-05-30T12:56:35Z,379,8801ca672e938090a55263b26bb8341b7d3f9e39
78649712866,26683970895,ci-1-core,"core (macos-latest, py3.13)",completed,success,2026-05-30T12:50:53Z,2026-05-30T12:58:49Z,476,2e857991dd4ffe48a4c15a670c4dd16978be370b
78648248887,26683542541,ci-1-core,"core (macos-latest, py3.13)",completed,success,2026-05-30T12:23:02Z,2026-05-30T12:30:04Z,422,88b86aaced357586377ffa1cab9409725dd160b3
78648504692,26683041327,ci-1-core,"core (macos-latest, py3.13)",completed,success,2026-05-30T12:28:04Z,2026-05-30T12:33:29Z,325,36c7e0c2d3d2c3dc2fedd60597642cff5a309dbf
78648551794,26682934480,ci-1-core,"core (macos-latest, py3.13)",completed,success,2026-05-30T12:29:02Z,2026-05-30T12:36:16Z,434,869d4095b0197441aa9e218ff8a4bb5133029783
78648321904,26682820980,ci-1-core,"core (macos-latest, py3.13)",completed,success,2026-05-30T12:24:27Z,2026-05-30T12:29:56Z,329,783df139d02d56da6eee7c372601d647eec7bf76
78645584578,26682504395,ci-1-core,"core (macos-latest, py3.13)",completed,success,2026-05-30T11:28:40Z,2026-05-30T11:34:41Z,361,afd7c8aef057a35d29c8ec786237150a6896fbd5
78645926718,26682493233,ci-1-core,"core (macos-latest, py3.13)",completed,success,2026-05-30T11:35:13Z,2026-05-30T11:42:03Z,410,d06967b68e79ac5247d9b5e38b358473bedfe9d2
78645646481,26682365835,ci-1-core,"core (macos-latest, py3.13)",completed,success,2026-05-30T11:29:56Z,2026-05-30T11:38:31Z,515,cbefd16af9281739d265602328dfb59607df7092
78645688912,26682339355,ci-1-core,"core (macos-latest, py3.13)",completed,success,2026-05-30T11:30:40Z,2026-05-30T11:37:50Z,430,f2a13ba8312bc085084aac4e56fea58bf9763f4a
78644176889,26680694216,ci-1-core,"core (macos-latest, py3.13)",completed,success,2026-05-30T10:59:12Z,2026-05-30T11:06:04Z,412,53a5e366af8cda091aac7d6f9fed773416cdc6a4
78644183968,26680646105,ci-1-core,"core (macos-latest, py3.13)",completed,success,2026-05-30T10:59:21Z,2026-05-30T11:05:59Z,398,f88b88a88f32dece25c077b5ee3829b6fdb2205f
78644133343,26680469785,ci-1-core,"core (macos-latest, py3.13)",completed,success,2026-05-30T10:58:16Z,2026-05-30T11:03:43Z,327,08ddea7d205548658eadd1f1718b43f20e13c1f8
78639910212,26680349417,ci-1-core,"core (macos-latest, py3.13)",completed,success,2026-05-30T09:33:43Z,2026-05-30T09:40:51Z,428,44923e6c7369b81ddd64a5e581acdf21be67095b
78639220641,26679894636,ci-1-core,"core (macos-latest, py3.13)",completed,success,2026-05-30T09:19:47Z,2026-05-30T09:26:03Z,376,266ed3e7e1e34de4ce54bc0b086ebc54861080cd
78638201031,26679692530,ci-1-core,"core (macos-latest, py3.13)",completed,success,2026-05-30T08:59:48Z,2026-05-30T09:06:20Z,392,68e02ca2168f2939d961299c37d1544f2c860a52
78637025990,26679238727,ci-1-core,"core (macos-latest, py3.13)",completed,success,2026-05-30T08:37:25Z,2026-05-30T08:44:52Z,447,faaa3cb8b2812a32ce0a637fd6172de81ecf1303
78636994757,26679121852,ci-1-core,"core (macos-latest, py3.13)",completed,success,2026-05-30T08:36:46Z,2026-05-30T08:42:05Z,319,5173f1313dab03ccbcdf863da6ddee8212c597e1
78636205842,26678454519,ci-1-core,"core (macos-latest, py3.13)",completed,success,2026-05-30T08:21:03Z,2026-05-30T08:28:00Z,417,7c94eb114900da2cca3b9251abe1c188ce34af7f
78636212082,26677199300,ci-1-core,"core (macos-latest, py3.13)",completed,success,2026-05-30T08:21:09Z,2026-05-30T08:26:29Z,320,727dd0f5e0b262366f35fd1dbba687c6a4af9353
78714825905,26708370097,ci-1-core,"core (macos-latest, py3.13)",completed,success,2026-05-31T09:18:24Z,2026-05-31T09:27:35Z,551,adea407fb20c283527a8275f391953ca4b1f198a
78713757986,26708164872,ci-1-core,"core (macos-latest, py3.13)",completed,success,2026-05-31T08:59:33Z,2026-05-31T09:05:56Z,383,13ac754df3153524336ebeb48da19432ecdbba7c
78713196109,26707903590,ci-1-core,"core (macos-latest, py3.13)",completed,success,2026-05-31T08:49:19Z,2026-05-31T08:56:25Z,426,b72237e7c58833c43122d1f80f9854d547b770ba
78712193772,26707631798,ci-1-core,"core (macos-latest, py3.13)",completed,success,2026-05-31T08:31:17Z,2026-05-31T08:38:37Z,440,2563efcc092ac619d4f877bb01a5a6de42bbb3bc
78711032039,26705683380,ci-1-core,"core (macos-latest, py3.13)",completed,success,2026-05-31T08:09:38Z,2026-05-31T08:15:33Z,355,82c36ef598e0c86f71712971ebe87771b86eed35
78710829642,26705531798,ci-1-core,"core (macos-latest, py3.13)",completed,success,2026-05-31T08:06:04Z,2026-05-31T08:12:57Z,413,f3f28f426a2cc3539ad157278a37088752141c28
78711216763,26705434557,ci-1-core,"core (macos-latest, py3.13)",completed,success,2026-05-31T08:13:01Z,2026-05-31T08:18:44Z,343,3d70ab4703693088a1516c35e669f9192fa28c85
78710822802,26705352309,ci-1-core,"core (macos-latest, py3.13)",completed,success,2026-05-31T08:05:58Z,2026-05-31T08:13:51Z,473,e92df729286029e90a24d31844d9c5b903f151a5
78710587021,26705339930,ci-1-core,"core (macos-latest, py3.13)",completed,success,2026-05-31T08:01:57Z,2026-05-31T08:10:12Z,495,50b1a7d11840cbade7b2636b8803a68ae1dca51d
78705257090,26705125249,ci-1-core,"core (macos-latest, py3.13)",completed,success,2026-05-31T06:23:17Z,2026-05-31T06:30:53Z,456,e4c6cad6ee4a2147c3863a9f9b5a9678e711af53
78667777018,26691015455,ci-1-core,"core (macos-latest, py3.13)",completed,success,2026-05-30T18:10:21Z,2026-05-30T18:18:46Z,505,d819123803d87199ab6737196212ecae42973eda
78795163417,26721731523,ci-1-core,"core (macos-latest, py3.13)",completed,success,2026-06-01T06:00:25Z,2026-06-01T06:08:51Z,506,b68fa53d771ff5dfd64946b05bc4d6ffcf4eaaf4
78795147267,26721367080,ci-1-core,"core (macos-latest, py3.13)",completed,success,2026-06-01T06:00:18Z,2026-06-01T06:10:04Z,586,d6176aea93e7dfccf11a1df6474193f27743cd59
78748807940,26721079802,ci-1-core,"core (macos-latest, py3.13)",completed,success,2026-05-31T18:48:42Z,2026-05-31T18:56:52Z,490,f91ef67f828eb9471152b98e8a4984c789e37dde
78748804066,26719998105,ci-1-core,"core (macos-latest, py3.13)",completed,success,2026-05-31T18:48:38Z,2026-05-31T18:58:03Z,565,734a4d45495dfcac117c95983ee4ed14ff846505
78745646788,26719933998,ci-1-core,"core (macos-latest, py3.13)",completed,success,2026-05-31T17:58:42Z,2026-05-31T18:05:19Z,397,8b72eb9d17bd351c7644f99aa35c3bda91a2e5f7
78746070506,26719861508,ci-1-core,"core (macos-latest, py3.13)",completed,success,2026-05-31T18:05:22Z,2026-05-31T18:12:18Z,416,9aa86eb74faae0aa1aa69d05afade5b11d1ce5e4
78745772901,26719790996,ci-1-core,"core (macos-latest, py3.13)",completed,success,2026-05-31T18:00:38Z,2026-05-31T18:09:40Z,542,4fcee4128024c3076d2f861d8de853bd670ed328
78743867204,26719270755,ci-1-core,"core (macos-latest, py3.13)",completed,success,2026-05-31T17:29:34Z,2026-05-31T17:37:47Z,493,4be0ad2d71e117506c84696332e62cac00b91aff
78741299751,26718308092,ci-1-core,"core (macos-latest, py3.13)",completed,success,2026-05-31T16:47:37Z,2026-05-31T16:54:10Z,393,98ee2c341245b3820eb6b6694c15e5a4cc4b4c61
78743773523,26717949591,ci-1-core,"core (macos-latest, py3.13)",completed,success,2026-05-31T17:28:02Z,2026-05-31T17:35:20Z,438,d0e479763d6b27aa8df5399a9b65c9932d2c2d95
78738352751,26715571403,ci-1-core,"core (macos-latest, py3.13)",completed,success,2026-05-31T16:00:52Z,2026-05-31T16:07:30Z,398,0d4348ea46233bb107e0607219ab24fb86e10be3
78738947432,26715297208,ci-1-core,"core (macos-latest, py3.13)",completed,success,2026-05-31T16:09:46Z,2026-05-31T16:17:26Z,460,b6f9535135d5ddbe1afe1fcbddc99bff0f2fb6bf
78739167229,26715182267,ci-1-core,"core (macos-latest, py3.13)",completed,success,2026-05-31T16:13:20Z,2026-05-31T16:20:36Z,436,0cfd0eac8be9fe82c41e50f138b6f6b9dcebc75d
78739131662,26715069769,ci-1-core,"core (macos-latest, py3.13)",completed,success,2026-05-31T16:12:43Z,2026-05-31T16:22:49Z,606,d771b174d93cd1c958e04df463b1615f03e77652
78731317576,26714571472,ci-1-core,"core (macos-latest, py3.13)",completed,success,2026-05-31T14:05:51Z,2026-05-31T14:17:14Z,683,8968b9d3768d6728e887e36019cf1846553010a9
78725203859,26712246786,ci-1-core,"core (macos-latest, py3.13)",completed,success,2026-05-31T12:24:40Z,2026-05-31T12:31:59Z,439,6a7b391c2d226534bf719938362149c958fc6106
78724893367,26712210268,ci-1-core,"core (macos-latest, py3.13)",completed,success,2026-05-31T12:19:16Z,2026-05-31T12:25:29Z,373,21f15d795f5d710c7fec785d908f9fe2c2d50cc4
78724616969,26712083306,ci-1-core,"core (macos-latest, py3.13)",completed,success,2026-05-31T12:14:16Z,2026-05-31T12:21:43Z,447,dd8591fbb33ad0c07bab17956735e7a5ab84dfdf
78724271641,26711984472,ci-1-core,"core (macos-latest, py3.13)",completed,success,2026-05-31T12:08:09Z,2026-05-31T12:14:53Z,404,8970de0f11b9d9603bc6a3de491dcd0bb63d344d
78724207764,26711800067,ci-1-core,"core (macos-latest, py3.13)",completed,success,2026-05-31T12:06:58Z,2026-05-31T12:14:44Z,466,9071425b94e3cf46ee26fe20a050708b5b2b333f
78722887731,26711398162,ci-1-core,"core (macos-latest, py3.13)",completed,success,2026-05-31T11:43:33Z,2026-05-31T11:49:53Z,380,853d66e44dbbd979a22c0c03e5c6db1c633ef393
78722357805,26711279672,ci-1-core,"core (macos-latest, py3.13)",completed,cancelled,2026-05-31T11:34:15Z,2026-05-31T11:38:05Z,230,a39b25ce1ef0102fb3e51585777d90d80d861aad
78722310147,26711263707,ci-1-core,"core (macos-latest, py3.13)",completed,success,2026-05-31T11:33:27Z,2026-05-31T11:41:40Z,493,2a9c6d73f739fec7b26fc9f7fd78dabf9566e10c
78722513218,26711207967,ci-1-core,"core (macos-latest, py3.13)",completed,success,2026-05-31T11:37:54Z,2026-05-31T11:45:09Z,435,528225eeebc032cffda3bca4eb79d6afe674d386
78721617774,26711004559,ci-1-core,"core (macos-latest, py3.13)",completed,cancelled,2026-05-31T11:20:46Z,2026-05-31T11:23:31Z,165,e654aaa3a55fc084de08530f534f8b25d43baa41
78722089100,26710892705,ci-1-core,"core (macos-latest, py3.13)",completed,success,2026-05-31T11:31:54Z,2026-05-31T11:40:25Z,511,7079cc4317e64bbec70e908e1672851fc77a3ff2
78721151165,26710720923,ci-1-core,"core (macos-latest, py3.13)",completed,success,2026-05-31T11:12:18Z,2026-05-31T11:20:26Z,488,07c6df606f4a4139396639c4a63aa5ac74f601b2
78720770038,26710668261,ci-1-core,"core (macos-latest, py3.13)",completed,success,2026-05-31T11:05:50Z,2026-05-31T11:12:49Z,419,8c044a84e1e83644f8387af5e4719f7d3c2d8776
78720800261,26710299602,ci-1-core,"core (macos-latest, py3.13)",completed,success,2026-05-31T11:06:52Z,2026-05-31T11:15:50Z,538,6627cda23579be6a23b78a57c6291fef37c1f75e
78720352742,26710284992,ci-1-core,"core (macos-latest, py3.13)",completed,success,2026-05-31T11:00:36Z,2026-05-31T11:08:10Z,454,d964bbbc50f3368529376809333f55c79d2cd1b8
78720045126,26710284587,ci-1-core,"core (macos-latest, py3.13)",completed,cancelled,2026-05-31T10:52:50Z,2026-05-31T10:56:10Z,200,52df4dbf059fe7f136eae984c122321fa877ea0b
78719481346,26710215790,ci-1-core,"core (macos-latest, py3.13)",completed,success,2026-05-31T10:43:01Z,2026-05-31T10:51:08Z,487,cf782bd70c6e35f66221035f615b7655eec82feb
78821792477,26745586152,ci-1-core,"core (macos-latest, py3.13)",completed,success,2026-06-01T09:16:31Z,2026-06-01T09:26:03Z,572,a4f22536d9d32204becda6efd1a03641fbb221c3
78821858483,26744959963,ci-1-core,"core (macos-latest, py3.13)",completed,success,2026-06-01T09:16:55Z,2026-06-01T09:26:24Z,569,584c7ad7a275377307ad3b2e4fd386df1d321591
78821719257,26744493554,ci-1-core,"core (macos-latest, py3.13)",completed,success,2026-06-01T09:16:04Z,2026-06-01T09:25:03Z,539,c0d2d3f85ec46bb24b8e76e8006d40a2a92abadb
78816134959,26743775159,ci-1-core,"core (macos-latest, py3.13)",completed,success,2026-06-01T08:41:16Z,2026-06-01T08:50:34Z,558,d52ad4994465a9b5f32a4ce92ea863f5af596409
78816289317,26743615443,ci-1-core,"core (macos-latest, py3.13)",completed,success,2026-06-01T08:42:16Z,2026-06-01T08:49:48Z,452,0105129dba6ebc135758cbb0dd8b330b9cda88a0
78815112051,26743610534,ci-1-core,"core (macos-latest, py3.13)",completed,success,2026-06-01T08:38:04Z,2026-06-01T08:47:45Z,581,27945d2ff15c7d70581e0d7d6da8f00aa7c01a4a
78815033701,26743381836,ci-1-core,"core (macos-latest, py3.13)",completed,success,2026-06-01T08:34:34Z,2026-06-01T08:44:00Z,566,a4ca8b6b53fc367f7b23bb3aeed3438c5ac25019
78815091696,26743039435,ci-1-core,"core (macos-latest, py3.13)",completed,success,2026-06-01T08:34:44Z,2026-06-01T08:45:29Z,645,e269d19427291732603e070e1b50f879485ffeb1
78811335897,26742509488,ci-1-core,"core (macos-latest, py3.13)",completed,success,2026-06-01T08:09:10Z,2026-06-01T08:20:02Z,652,7371bf250cc22eaacbc5c6d3ac1e9608c4f44365
78811277712,26742187582,ci-1-core,"core (macos-latest, py3.13)",completed,success,2026-06-01T08:08:45Z,2026-06-01T08:17:25Z,520,cd72ede4aced1982257418d38f7b64c92674b839
78806049869,26740992797,ci-1-core,"core (macos-latest, py3.13)",completed,success,2026-06-01T07:36:52Z,2026-06-01T07:44:19Z,447,8dc7e7a9c2fc13d092185d0ce7693d937a376320
78806178056,26740869155,ci-1-core,"core (macos-latest, py3.13)",completed,success,2026-06-01T07:36:32Z,2026-06-01T07:47:23Z,651,e3e0ffb2b8c29c46786013cd919040755e2a9aa3
78807594685,26740577964,ci-1-core,"core (macos-latest, py3.13)",completed,success,2026-06-01T07:44:21Z,2026-06-01T07:53:35Z,554,29383fd0d4e13f2b4111f63915873b4bdc8fbc76
78807128797,26740432784,ci-1-core,"core (macos-latest, py3.13)",completed,success,2026-06-01T07:39:59Z,2026-06-01T07:48:22Z,503,1d82405d7be6416dc6c2d42e9e296115ef43af3a
78807567280,26740361998,ci-1-core,"core (macos-latest, py3.13)",completed,success,2026-06-01T07:42:52Z,2026-06-01T07:52:21Z,569,68c95a1c674599cf164fdf1bfbf5434f6238c77e
79028109763,26806821935,ci-1-core,"core (macos-latest, py3.13)",completed,success,2026-06-02T08:15:38Z,2026-06-02T08:25:39Z,601,3144bd76b49317ca1ec1d93c69fb40e4986e3945
79028318642,26806388279,ci-1-core,"core (macos-latest, py3.13)",completed,success,2026-06-02T08:18:19Z,2026-06-02T08:30:07Z,708,ef3c506607428a1e98f337292cc56fbafc3f9bcb
79028802986,26806222666,ci-1-core,"core (macos-latest, py3.13)",completed,success,2026-06-02T08:20:22Z,2026-06-02T08:31:32Z,670,9464bcd458d357247d847ce581f1aa89d0d2acfa
79026780016,26806181385,ci-1-core,"core (macos-latest, py3.13)",completed,success,2026-06-02T08:07:23Z,2026-06-02T08:18:22Z,659,59fe6d0365330d60297cd598ed3352e1fa080efb
79023125858,26805168443,ci-1-core,"core (macos-latest, py3.13)",completed,success,2026-06-02T07:44:16Z,2026-06-02T07:55:54Z,698,1819d9e004dc19b73985efd540cfbe8af3629ed7
79021932606,26804980922,ci-1-core,"core (macos-latest, py3.13)",completed,success,2026-06-02T07:36:34Z,2026-06-02T07:47:29Z,655,c28f9c7854a9b45024a5a1222e1d3eee1b0325ba
79020676253,26804594757,ci-1-core,"core (macos-latest, py3.13)",completed,success,2026-06-02T07:28:19Z,2026-06-02T07:39:37Z,678,80b15cc2b054946a923a9030df8b7005dd3d6ec3
79017258274,26782589038,ci-1-core,"core (macos-latest, py3.13)",completed,success,2026-06-02T07:04:01Z,2026-06-02T07:12:26Z,505,58b818185b8a8197fe10adff582b015cf8d54f19
79017175716,26781840917,ci-1-core,"core (macos-latest, py3.13)",completed,success,2026-06-02T07:03:23Z,2026-06-02T07:13:53Z,630,022bdc83046a18dd605488483a30264bd11d14c6
78947873052,26781276104,ci-1-core,"core (macos-latest, py3.13)",completed,success,2026-06-01T21:01:57Z,2026-06-01T21:13:01Z,664,6f7b4f8652c8f8d9b8b7c1ab7e27d1b3f33dc46d
78943475995,26779576109,ci-1-core,"core (macos-latest, py3.13)",completed,success,2026-06-01T20:37:37Z,2026-06-01T20:48:42Z,665,0e5bf416924406adaecf0e51f11ba43f8299009e
78942013143,26779175645,ci-1-core,"core (macos-latest, py3.13)",completed,success,2026-06-01T20:29:33Z,2026-06-01T20:40:46Z,673,b71113304f75ebe2b6485e278abafa6b0ed8e18f
78940396559,26777421785,ci-1-core,"core (macos-latest, py3.13)",completed,success,2026-06-01T20:20:22Z,2026-06-01T20:31:33Z,671,c471a9516e32ad6dd41eb7b2ad1f50781fc8a043
78940367119,26777369791,ci-1-core,"core (macos-latest, py3.13)",completed,success,2026-06-01T20:20:13Z,2026-06-01T20:28:40Z,507,8a1d1bbbf28d638f808403674d43a7229b2494a7
78940605333,26777266350,ci-1-core,"core (macos-latest, py3.13)",completed,success,2026-06-01T20:21:32Z,2026-06-01T20:29:50Z,498,bd495195781fe31c28a7b05e3663d6613b6bea65
78906566500,26768643690,ci-1-core,"core (macos-latest, py3.13)",completed,success,2026-06-01T17:11:02Z,2026-06-01T17:21:59Z,657,4c24de5fcef878ff7036b10df3facf4cb73fde23
78902688430,26768354956,ci-1-core,"core (macos-latest, py3.13)",completed,success,2026-06-01T16:49:30Z,2026-06-01T16:57:56Z,506,1be7f37a93e286b171eab2255736f21581431296
78902940747,26768020762,ci-1-core,"core (macos-latest, py3.13)",completed,success,2026-06-01T16:50:52Z,2026-06-01T17:00:25Z,573,a73d3bb2fcbda0c9ecacf3f21c7fd333db72832f
78902805851,26767823677,ci-1-core,"core (macos-latest, py3.13)",completed,success,2026-06-01T16:50:09Z,2026-06-01T16:58:01Z,472,aae315397304187d0b06886dac08b3a7fdc3bb5e
78898406076,26766767077,ci-1-core,"core (macos-latest, py3.13)",completed,success,2026-06-01T16:25:38Z,2026-06-01T16:35:10Z,572,976912bd8d1051e45ecf7ee602072e526fee777f
78898568982,26766440425,ci-1-core,"core (macos-latest, py3.13)",completed,success,2026-06-01T16:26:31Z,2026-06-01T16:34:49Z,498,4d386f60e9a59177c070f221016eedb6ff538804
78894144172,26765875487,ci-1-core,"core (macos-latest, py3.13)",completed,success,2026-06-01T16:02:40Z,2026-06-01T16:10:28Z,468,0d086d273eb19b90b5dfc805743446ce8df7d25c
78891883282,26764896971,ci-1-core,"core (macos-latest, py3.13)",completed,success,2026-06-01T15:50:58Z,2026-06-01T16:00:36Z,578,ed809b23d83e4b117d92028c97add62cc9c6cefe
78882462791,26762620827,ci-1-core,"core (macos-latest, py3.13)",completed,success,2026-06-01T15:03:45Z,2026-06-01T15:11:34Z,469,c4f436196c799af6868ac9d02a57ec18c569256f
78880363364,26761588249,ci-1-core,"core (macos-latest, py3.13)",completed,success,2026-06-01T14:53:45Z,2026-06-01T15:02:37Z,532,1439551ac537dbb579b5c7e44adc5e17a284ca75
78876892283,26761133532,ci-1-core,"core (macos-latest, py3.13)",completed,success,2026-06-01T14:37:11Z,2026-06-01T14:47:48Z,637,a8d945dc150265f6afa77a89d130da64708a8baa
78876764148,26760497620,ci-1-core,"core (macos-latest, py3.13)",completed,success,2026-06-01T14:36:35Z,2026-06-01T14:46:43Z,608,86367d761239e53e4a2fb7996533f891b7026779
78876482336,26759934405,ci-1-core,"core (macos-latest, py3.13)",completed,success,2026-06-01T14:35:16Z,2026-06-01T14:44:01Z,525,96fb1a3207e5b65dca687d02022c958ba05c32a4
78869234292,26759021331,ci-1-core,"core (macos-latest, py3.13)",completed,success,2026-06-01T14:00:30Z,2026-06-01T14:08:20Z,470,ec5290ca6f5b24af985d5bf26e64c89a496d253d
78870473237,26755606656,ci-1-core,"core (macos-latest, py3.13)",completed,success,2026-06-01T14:06:27Z,2026-06-01T14:18:14Z,707,788a32faecda3a0b6e70bcef0ec5c731ea156d22
78869135193,26754914514,ci-1-core,"core (macos-latest, py3.13)",completed,success,2026-06-01T14:00:02Z,2026-06-01T14:09:50Z,588,b8cb53adf9623f9a884b238f4ef79858c85e54e7
78856115031,26754742773,ci-1-core,"core (macos-latest, py3.13)",completed,success,2026-06-01T12:52:20Z,2026-06-01T12:59:34Z,434,dfbe1531281d9de939e0e1d7d4387c15d2c1923b
78850084476,26753820574,ci-1-core,"core (macos-latest, py3.13)",completed,success,2026-06-01T12:16:20Z,2026-06-01T12:28:21Z,721,93b9630f3f78134bb81da639f888d8c498340b9d
78850163787,26753450949,ci-1-core,"core (macos-latest, py3.13)",completed,success,2026-06-01T12:16:48Z,2026-06-01T12:26:19Z,571,52e442a5a3fc0578a3b4298df3326317cfef8195
78851371619,26752957581,ci-1-core,"core (macos-latest, py3.13)",completed,success,2026-06-01T12:28:24Z,2026-06-01T12:39:35Z,671,743c0f9d8f42e7d94393f7c3585054de50e7befa
78846767620,26752853141,ci-1-core,"core (macos-latest, py3.13)",completed,cancelled,2026-06-01T11:56:03Z,2026-06-01T12:05:49Z,586,b5223638dbb5596337ce6d1db8b19df0c977819f
78846785681,26751955073,ci-1-core,"core (macos-latest, py3.13)",completed,cancelled,2026-06-01T11:56:09Z,2026-06-01T12:05:52Z,583,28d230f16c0b16580244bb13e57b80c384f24654
78842741511,26751618356,ci-1-core,"core (macos-latest, py3.13)",completed,success,2026-06-01T11:30:25Z,2026-06-01T11:39:43Z,558,8ccdc58914f548b5fda68f4a44cc4e7b21ad1172
78839353686,26750584250,ci-1-core,"core (macos-latest, py3.13)",completed,success,2026-06-01T11:08:28Z,2026-06-01T11:17:41Z,553,16a400b520abcc76d72139bcb9cda7e0a8d38eca
78839987477,26750554082,ci-1-core,"core (macos-latest, py3.13)",completed,success,2026-06-01T11:13:35Z,2026-06-01T11:24:04Z,629,517e6764e8fc9c710077176ecf7583b976ac223f
78838302138,26750417967,ci-1-core,"core (macos-latest, py3.13)",completed,success,2026-06-01T11:02:11Z,2026-06-01T11:11:09Z,538,bd75df8188670fcf3fb80d4171576595575091e1
78838676177,26750286725,ci-1-core,"core (macos-latest, py3.13)",completed,success,2026-06-01T11:06:41Z,2026-06-01T11:16:49Z,608,66f23e8b8f77cf7cd3aa44c84dc3f8f04c7ae2c9
78833168457,26748941144,ci-1-core,"core (macos-latest, py3.13)",completed,success,2026-06-01T10:28:23Z,2026-06-01T10:36:51Z,508,6b133f79ae5a4a6c90bc1166bf4b925c7a192a6e
79068896666,26818344976,ci-1-core,"core (macos-latest, py3.13)",completed,success,2026-06-02T12:18:50Z,2026-06-02T12:27:23Z,513,f5b94954f1207d20c9d843a5284cadcad86f389c
79065285606,26817276465,ci-1-core,"core (macos-latest, py3.13)",completed,success,2026-06-02T11:58:03Z,2026-06-02T12:10:30Z,747,626f97bdc743c0d59b6bd5025e8ed0076ac8941d
79064815498,26815946606,ci-1-core,"core (macos-latest, py3.13)",completed,success,2026-06-02T11:55:17Z,2026-06-02T12:04:09Z,532,23838e213ab30db8632b9545a9faefa6a045c051
79058370299,26815543513,ci-1-core,"core (macos-latest, py3.13)",completed,success,2026-06-02T11:16:25Z,2026-06-02T11:26:26Z,601,4bc247308ece22d06d40ed57467cbcddbd35bae6
79054354997,26814041132,ci-1-core,"core (macos-latest, py3.13)",completed,success,2026-06-02T10:51:14Z,2026-06-02T11:02:58Z,704,28eace18ad2b2d7f0195b9be0cbf4cccb538256f
79052964818,26814003496,ci-1-core,"core (macos-latest, py3.13)",completed,success,2026-06-02T10:42:34Z,2026-06-02T10:51:02Z,508,f9b7ebac73e7f8b2ec544335a44e8a53b93e5550
79050453340,26812964714,ci-1-core,"core (macos-latest, py3.13)",completed,success,2026-06-02T10:27:08Z,2026-06-02T10:38:29Z,681,6dec8be49bd935eebd7437966f3a7e32db187713
79049486398,26812765428,ci-1-core,"core (macos-latest, py3.13)",completed,success,2026-06-02T10:21:03Z,2026-06-02T10:31:49Z,646,cefbb134c065f9908837c835c6bda9e25382a6fe
79048724810,26812631307,ci-1-core,"core (macos-latest, py3.13)",completed,success,2026-06-02T10:17:08Z,2026-06-02T10:28:51Z,703,a002f0786e80694b3dee43f842ef87887921393b
79047420125,26812206042,ci-1-core,"core (macos-latest, py3.13)",completed,cancelled,2026-06-02T10:08:16Z,2026-06-02T10:08:23Z,7,e7bc8b038962e31c26fe17f3f650de5c48a16f20
79046143066,26811342555,ci-1-core,"core (macos-latest, py3.13)",completed,success,2026-06-02T10:01:47Z,2026-06-02T10:10:28Z,521,36542bd79ce9069eb81f8e60c2038365d2d8d701
79045832976,26811091726,ci-1-core,"core (macos-latest, py3.13)",completed,success,2026-06-02T09:59:05Z,2026-06-02T10:07:15Z,490,7c0c383f19adb8f1d819b491b85840557f54b5b0
79045202330,26811058532,ci-1-core,"core (macos-latest, py3.13)",completed,success,2026-06-02T09:57:58Z,2026-06-02T10:09:18Z,680,d0cffa7b64c0ba0b5a47f0cd2513bdf3fb6559c0
79044363463,26811031652,ci-1-core,"core (macos-latest, py3.13)",completed,success,2026-06-02T09:53:50Z,2026-06-02T10:03:55Z,605,3ebdfd771b1f99b3abe85096bf8c02976fc4df71
79165955680,26844684947,ci-1-core,"core (macos-latest, py3.13)",completed,success,2026-06-02T20:28:32Z,2026-06-02T20:42:51Z,859,23a5ab52fff577c3c9182bfc9fea86579449c2ba
79162807463,26844280252,ci-1-core,"core (macos-latest, py3.13)",completed,success,2026-06-02T20:11:16Z,2026-06-02T20:22:17Z,661,4dcc00f160c41d4bd6ba4f8843815435902d5cfa
79157866235,26843205126,ci-1-core,"core (macos-latest, py3.13)",completed,success,2026-06-02T19:44:30Z,2026-06-02T19:53:58Z,568,f3f89a9bc751f3dbb2eacf188247ffba6f55ce2a
79153260470,26841892921,ci-1-core,"core (macos-latest, py3.13)",completed,success,2026-06-02T19:19:20Z,2026-06-02T19:28:32Z,552,9fa7d6c7d22e73fc997eafb71186552fe9dd43ae
79153599636,26839917699,ci-1-core,"core (macos-latest, py3.13)",completed,success,2026-06-02T19:21:09Z,2026-06-02T19:31:55Z,646,f599a67506a93a648a71931d0ceba17c02f4c236
79145987641,26837205929,ci-1-core,"core (macos-latest, py3.13)",completed,success,2026-06-02T18:40:16Z,2026-06-02T18:53:05Z,769,37a1a2be6261dfada894cc4400b06d41b6ee0610
79136002395,26837080987,ci-1-core,"core (macos-latest, py3.13)",completed,success,2026-06-02T17:47:51Z,2026-06-02T18:01:59Z,848,b642ab006fcd2df8349b348848fc3a6b635ebf46
79136132923,26835707173,ci-1-core,"core (macos-latest, py3.13)",completed,success,2026-06-02T17:48:32Z,2026-06-02T17:59:38Z,666,351c1e33e93974d1a6e769ec5e4a3efaca2752e0
79129511549,26835033602,ci-1-core,"core (macos-latest, py3.13)",completed,success,2026-06-02T17:13:19Z,2026-06-02T17:24:49Z,690,874b93265065de7cd33ae41ce0551800d6b54927
79128320093,26834872998,ci-1-core,"core (macos-latest, py3.13)",completed,success,2026-06-02T17:06:55Z,2026-06-02T17:15:56Z,541,7812fd91f652dd5d821b599c9869ed6a1e7718e3
79128347944,26834871564,ci-1-core,"core (macos-latest, py3.13)",completed,success,2026-06-02T17:07:05Z,2026-06-02T17:16:37Z,572,acb0c9f34b684d77481f05ce5acb4fd1e334301f
79122559561,26832896969,ci-1-core,"core (macos-latest, py3.13)",completed,success,2026-06-02T16:36:46Z,2026-06-02T16:48:26Z,700,6b62e4725a6ffeba07a22ed0398a1c0c84a93cdd
79119663534,26832454290,ci-1-core,"core (macos-latest, py3.13)",completed,success,2026-06-02T16:21:59Z,2026-06-02T16:36:25Z,866,98e1e0a83b8fd30f102427db5cd7c50ed442eaad
79113620947,26829922467,ci-1-core,"core (macos-latest, py3.13)",completed,success,2026-06-02T15:52:09Z,2026-06-02T16:01:01Z,532,ece606c18be225e9b1594e01cb1988b4503ab386
79099851557,26826970897,ci-1-core,"core (macos-latest, py3.13)",completed,cancelled,2026-06-02T14:49:20Z,2026-06-02T14:59:26Z,606,7aec0587c7c15af184aa28aa24d101aab1c7111e
79099840210,26824260880,ci-1-core,"core (macos-latest, py3.13)",completed,success,2026-06-02T14:49:17Z,2026-06-02T15:00:56Z,699,468d2a9d329187a820937173960c6c4f00df0986
79087525343,26823612400,ci-1-core,"core (macos-latest, py3.13)",completed,success,2026-06-02T13:53:47Z,2026-06-02T14:08:22Z,875,d8f3fa16f62cc04ed33bad1fcdaf4ffcbf982e08
79087404888,26821269673,ci-1-core,"core (macos-latest, py3.13)",completed,success,2026-06-02T13:53:14Z,2026-06-02T14:04:14Z,660,20c80e1c99e754fd9210bd2f1d2e4ac5314ccee5
79089444324,26821240221,ci-1-core,"core (macos-latest, py3.13)",completed,success,2026-06-02T14:02:28Z,2026-06-02T14:11:43Z,555,75e76971eced4203d27e130ec984c8f8a519538d
79087581863,26820895119,ci-1-core,"core (macos-latest, py3.13)",completed,success,2026-06-02T13:54:01Z,2026-06-02T14:02:39Z,518,6285b747eb752ef5722b85b04eac2f86122d6d3d
79249340996,26871030219,ci-1-core,"core (macos-latest, py3.13)",completed,success,2026-06-03T08:06:35Z,2026-06-03T08:19:58Z,803,35bfb44db48bb4d6dd17d31059885fdc08d258d1
79247457730,26870951027,ci-1-core,"core (macos-latest, py3.13)",completed,cancelled,2026-06-03T07:56:53Z,2026-06-03T08:07:50Z,657,dc9b798790c3edc7e9fe36d5a19f857756a5a5ad
79246603258,26870019414,ci-1-core,"core (macos-latest, py3.13)",completed,success,2026-06-03T07:51:59Z,2026-06-03T08:06:15Z,856,4655f582ac675911c55db9560fb98f08620f0b99
79244098760,26869663040,ci-1-core,"core (macos-latest, py3.13)",completed,cancelled,2026-06-03T07:33:09Z,2026-06-03T07:34:08Z,59,c5a07c84f8d6cdd58289a2d440f05f4671612027
79242728501,26869434014,ci-1-core,"core (macos-latest, py3.13)",completed,success,2026-06-03T07:24:42Z,2026-06-03T07:39:57Z,915,8c9ac58518c09281535aa864b3ad18a3945529a4
79242703693,26869315172,ci-1-core,"core (macos-latest, py3.13)",completed,success,2026-06-03T07:23:51Z,2026-06-03T07:37:15Z,804,5a2f665d1e04515217dceb6237d8e6f1f8d1c5b0
79244126269,26869304172,ci-1-core,"core (macos-latest, py3.13)",completed,success,2026-06-03T07:33:20Z,2026-06-03T07:45:31Z,731,17af5a68afdaa7748c17d351d2d98253de40d20c
79233990736,26866930132,ci-1-core,"core (macos-latest, py3.13)",completed,cancelled,2026-06-03T06:18:34Z,2026-06-03T06:20:31Z,117,78faa91241d487394a4e7e904ff64d2820f744ef
79233942180,26866909379,ci-1-core,"core (macos-latest, py3.13)",completed,success,2026-06-03T06:24:23Z,2026-06-03T06:36:14Z,711,cace00319e588312e14234f6dc938f924604112c
79237741748,26866895115,ci-1-core,"core (macos-latest, py3.13)",completed,success,2026-06-03T06:52:46Z,2026-06-03T07:03:48Z,662,b1e6b4acd09e9e0062ed6e41bbbe22ea94ad93fb
79237496930,26866804781,ci-1-core,"core (macos-latest, py3.13)",completed,success,2026-06-03T06:48:34Z,2026-06-03T07:00:42Z,728,dcb34be48cb64f161050fc2ae9007484ad5239e6
79235481139,26866734520,ci-1-core,"core (macos-latest, py3.13)",completed,success,2026-06-03T06:34:16Z,2026-06-03T06:43:50Z,574,c1a453e62fa993867c15e0fb41e12c0967c2604a
79235221640,26866306857,ci-1-core,"core (macos-latest, py3.13)",completed,success,2026-06-03T06:31:14Z,2026-06-03T06:42:16Z,662,5b54b5a9eafa454c86420b11d3340f46d9b35c45
79238601260,26866145083,ci-1-core,"core (macos-latest, py3.13)",completed,success,2026-06-03T06:55:16Z,2026-06-03T07:08:36Z,800,06d56369acee8944db9f4bb54a238377a35f8446
79297574138,26884543527,ci-1-core,"core (macos-latest, py3.13)",completed,success,2026-06-03T12:49:10Z,2026-06-03T13:03:38Z,868,2d900c6c5c82c7eadf98062a38e99841d548d0be
79296923446,26884407080,ci-1-core,"core (macos-latest, py3.13)",completed,success,2026-06-03T12:45:45Z,2026-06-03T13:01:08Z,923,4e49b4acb44c06d29edf2bda503c286a95c5b973
79296518849,26884404906,ci-1-core,"core (macos-latest, py3.13)",completed,success,2026-06-03T12:43:38Z,2026-06-03T12:53:01Z,563,a4d316757ac39c6ec7a7ef9a9d8494b46db5c078
79294654189,26884278712,ci-1-core,"core (macos-latest, py3.13)",completed,success,2026-06-03T12:36:44Z,2026-06-03T12:49:41Z,777,47d6699d6c58a1d22d26b68debca10bb06f24003
79291735865,26883554265,ci-1-core,"core (macos-latest, py3.13)",completed,cancelled,2026-06-03T12:17:26Z,2026-06-03T12:19:52Z,146,9c77745908a0cfd7184ffc58ee972e895889b1b4
79284742467,26881505109,ci-1-core,"core (macos-latest, py3.13)",completed,success,2026-06-03T11:36:46Z,2026-06-03T11:47:17Z,631,5d5209da6e163b1ef50dcf0d80ecc4e423fbcc1f
79284134486,26881008597,ci-1-core,"core (macos-latest, py3.13)",completed,success,2026-06-03T11:33:25Z,2026-06-03T11:47:59Z,874,2d53f34416f101d8b82e4516d2a9a6a049b91424
79278974479,26879714261,ci-1-core,"core (macos-latest, py3.13)",completed,success,2026-06-03T11:01:45Z,2026-06-03T11:13:16Z,691,497ef4c4a5d253147f8c72f22a643e746298fd7c
79279124419,26879466817,ci-1-core,"core (macos-latest, py3.13)",completed,success,2026-06-03T11:02:30Z,2026-06-03T11:15:20Z,770,cebb79a4fcd1d4173b1babc796cf71a0cb574d41
79275196662,26878761991,ci-1-core,"core (macos-latest, py3.13)",completed,success,2026-06-03T10:38:19Z,2026-06-03T10:47:51Z,572,30a89d6faaf0392f85abe4fbebbb50e04d8e4ecd
79269726947,26876151368,ci-1-core,"core (macos-latest, py3.13)",completed,success,2026-06-03T10:05:14Z,2026-06-03T10:16:15Z,661,de3068c383e2d705a320b06c67bf86c2965061a7
79268557792,26876065782,ci-1-core,"core (macos-latest, py3.13)",completed,success,2026-06-03T09:58:30Z,2026-06-03T10:09:34Z,664,f81fd7688024bcb11e6ad583cb2b9d8758925cd8
79269459042,26876047807,ci-1-core,"core (macos-latest, py3.13)",completed,success,2026-06-03T10:03:41Z,2026-06-03T10:16:28Z,767,42423fff4eaf2f29c0ad9ed7b6f3a4ab46fc9bf4
79268414971,26875780733,ci-1-core,"core (macos-latest, py3.13)",completed,success,2026-06-03T09:57:41Z,2026-06-03T10:09:00Z,679,747ac31ab849eba52755a9223ca9f2df3f629395
79262658587,26875074697,ci-1-core,"core (macos-latest, py3.13)",completed,cancelled,2026-06-03T09:25:18Z,2026-06-03T09:29:47Z,269,3857250affa32d16757d03db1c7ac0dd0e80e47f
79262679378,26873855706,ci-1-core,"core (macos-latest, py3.13)",completed,success,2026-06-03T09:25:26Z,2026-06-03T09:38:55Z,809,ffa6fddee21845adab8fe94ac0eee84f7855aa16
79387549305,26909442578,ci-1-core,"core (macos-latest, py3.13)",completed,success,2026-06-03T20:21:09Z,2026-06-03T20:35:29Z,860,46c2ac39918d3a9f0d6fc6e8031cfd1fe9bdffab
79387163677,26908980547,ci-1-core,"core (macos-latest, py3.13)",completed,success,2026-06-03T20:18:56Z,2026-06-03T20:31:27Z,751,532d2a8af90a7c4bd3405d6b0b92a6df9ef8863a
79385213741,26908850499,ci-1-core,"core (macos-latest, py3.13)",completed,success,2026-06-03T20:08:11Z,2026-06-03T20:20:49Z,758,fc553085ae9d5e28cc71148631c10ebf5452341a
79383254203,26908190331,ci-1-core,"core (macos-latest, py3.13)",completed,success,2026-06-03T19:57:28Z,2026-06-03T20:09:53Z,745,19ba471a3f55a79a00e1cc10e02c1d379b10ddeb
79383265631,26907285257,ci-1-core,"core (macos-latest, py3.13)",completed,cancelled,2026-06-03T19:57:31Z,2026-06-03T20:08:08Z,637,7ed881f1abb05f27ddd86762a2358e76b8d7a31f
79378544681,26906648071,ci-1-core,"core (macos-latest, py3.13)",completed,success,2026-06-03T19:31:45Z,2026-06-03T19:42:03Z,618,76ce1c98562ad8d7f4c16cbec67951df5248e52b
79374774921,26906354475,ci-1-core,"core (macos-latest, py3.13)",completed,success,2026-06-03T19:18:57Z,2026-06-03T19:29:18Z,621,51e66ca32867074fefde31d497967e7970b495fe
79375534204,26905796576,ci-1-core,"core (macos-latest, py3.13)",completed,success,2026-06-03T19:17:12Z,2026-06-03T19:31:00Z,828,05d4f0ad8b2a0cd133ef45471899eb45e95acff5
79374382550,26905678200,ci-1-core,"core (macos-latest, py3.13)",completed,success,2026-06-03T19:10:47Z,2026-06-03T19:21:17Z,630,7fdf8ee30c47a97b1d29d50330e9588099d114a5
79371856832,26904974679,ci-1-core,"core (macos-latest, py3.13)",completed,cancelled,2026-06-03T18:55:31Z,2026-06-03T19:03:47Z,496,214ac67ea4a5afacb20c2c692325a3d90c4527ef
79370923742,26904624208,ci-1-core,"core (macos-latest, py3.13)",completed,cancelled,2026-06-03T18:50:33Z,2026-06-03T19:01:16Z,643,49c8a5e4ddcf686e0dbf533375fc2379cbec8f01
79368891508,26904189565,ci-1-core,"core (macos-latest, py3.13)",completed,success,2026-06-03T18:40:34Z,2026-06-03T18:54:29Z,835,0b820158f9c2157c2e3ef1168e0f1cea8023e77e
79364047376,26903275363,ci-1-core,"core (macos-latest, py3.13)",completed,success,2026-06-03T18:14:40Z,2026-06-03T18:27:27Z,767,51fe9a833ddee5d00b5adbb13cc2b6256d1c1d7e
79362280506,26902824535,ci-1-core,"core (macos-latest, py3.13)",completed,success,2026-06-03T18:05:22Z,2026-06-03T18:18:12Z,770,4679011e8475384a7e72b9f71378fb2d0cdb4d6c
79358243588,26901735018,ci-1-core,"core (macos-latest, py3.13)",completed,success,2026-06-03T17:44:16Z,2026-06-03T17:54:23Z,607,3109f4f493293acec70ffd7d35e2d7b83e0b91b7
79351049748,26899735691,ci-1-core,"core (macos-latest, py3.13)",completed,success,2026-06-03T17:05:48Z,2026-06-03T17:19:57Z,849,b1b817cb6228a6ad0930eafc82916f3a2ff67ffc
79345838398,26898032918,ci-1-core,"core (macos-latest, py3.13)",completed,success,2026-06-03T16:38:27Z,2026-06-03T16:50:20Z,713,9ed478af13c7be5c723894043e300bd2b108355d
79345681235,26898022401,ci-1-core,"core (macos-latest, py3.13)",completed,success,2026-06-03T16:37:39Z,2026-06-03T16:50:54Z,795,60b257c12895177e538ae90bdabe26d42c5a0e24
79344622294,26897048919,ci-1-core,"core (macos-latest, py3.13)",completed,success,2026-06-03T16:32:15Z,2026-06-03T16:44:15Z,720,c760063ce4266745431673bf8799ab56180cedb1
79334497090,26895061444,ci-1-core,"core (macos-latest, py3.13)",completed,success,2026-06-03T15:42:18Z,2026-06-03T15:52:36Z,618,c26b5e44c5e1102f8dd1c241f618f4126eaf1ea7
79340889742,26895060547,ci-1-core,"core (macos-latest, py3.13)",completed,success,2026-06-03T16:14:15Z,2026-06-03T16:26:30Z,735,03744da71a63fe5d28509723c1d2bcf93197140e
79329899934,26890830520,ci-1-core,"core (macos-latest, py3.13)",completed,success,2026-06-03T15:20:57Z,2026-06-03T15:33:44Z,767,fbb25da076db8ac72ae2a0658dfcddc6db9e5f9c
79328112366,26890492246,ci-1-core,"core (macos-latest, py3.13)",completed,success,2026-06-03T15:12:39Z,2026-06-03T15:22:41Z,602,6c11f83b0803061a17cffab87062b6a37c296a0a
79330103592,26890480316,ci-1-core,"core (macos-latest, py3.13)",completed,success,2026-06-03T15:21:54Z,2026-06-03T15:31:44Z,590,cc87f2a4393b1a61461c997d6f42d64e712f5dc8
79311845720,26888581478,ci-1-core,"core (macos-latest, py3.13)",completed,success,2026-06-03T14:00:42Z,2026-06-03T14:13:01Z,739,21dfee0897b0e324d191199230731f922a47cfb3
79569305476,26964968656,ci-1-core,"core (macos-latest, py3.13)",completed,success,2026-06-04T16:49:43Z,2026-06-04T17:04:45Z,902,22aab5a1a6206ad2adf7fb79727bc631bcc8cd6a
79562876626,26963509142,ci-1-core,"core (macos-latest, py3.13)",completed,success,2026-06-04T16:14:10Z,2026-06-04T16:30:29Z,979,55f7c7c38519b54eb67572dc5a516949657697d4
79558502571,26962066906,ci-1-core,"core (macos-latest, py3.13)",completed,success,2026-06-04T15:52:19Z,2026-06-04T16:06:14Z,835,f3a611c5fcdf9625fb3be43fd36911d09a116eb2
79558635891,26961954751,ci-1-core,"core (macos-latest, py3.13)",completed,success,2026-06-04T15:53:01Z,2026-06-04T16:08:59Z,958,c5bc53f335de1804aa0f6530cd51141581044917
79553752686,26960865979,ci-1-core,"core (macos-latest, py3.13)",completed,success,2026-06-04T15:28:52Z,2026-06-04T15:43:37Z,885,524f5f27c3c40b1dfbcbf0efb699c04cc60ce237
79553736311,26960595823,ci-1-core,"core (macos-latest, py3.13)",completed,success,2026-06-04T15:28:48Z,2026-06-04T15:39:22Z,634,2564130729888db10d4f7a078f59d338893220e4
79548282260,26959379246,ci-1-core,"core (macos-latest, py3.13)",completed,cancelled,2026-06-04T15:03:02Z,2026-06-04T15:13:45Z,643,53d00ba20a0e52f60c3e2204e03d9bf0b9fbe532
79549305385,26958573406,ci-1-core,"core (macos-latest, py3.13)",completed,failure,2026-06-04T15:07:43Z,2026-06-04T15:21:30Z,827,3900708fa2241d35ef6c0a6961aa4090c32a375d
79545115992,26957776017,ci-1-core,"core (macos-latest, py3.13)",completed,success,2026-06-04T14:48:00Z,2026-06-04T14:58:44Z,644,11c5b8f49a4fb56fb7163174dd809d5282d6d648
79541405125,26957421835,ci-1-core,"core (macos-latest, py3.13)",completed,cancelled,2026-06-04T14:30:21Z,2026-06-04T14:41:54Z,693,92cbf56d2315be116949edfc5a71baf6938a3fd8
79543741726,26956614866,ci-1-core,"core (macos-latest, py3.13)",completed,success,2026-06-04T14:41:34Z,2026-06-04T14:57:31Z,957,6d67552ed43b66da64bace030e10aab858abfa14
79541641193,26956500119,ci-1-core,"core (macos-latest, py3.13)",completed,success,2026-06-04T14:31:07Z,2026-06-04T14:44:12Z,785,8773707c6b269b97095e83fa49438d0391df08d1
79533605829,26954996916,ci-1-core,"core (macos-latest, py3.13)",completed,success,2026-06-04T13:52:11Z,2026-06-04T14:06:16Z,845,05433be6eae7b2120fd27a0538c0b3dbaf565788
79532430685,26954687817,ci-1-core,"core (macos-latest, py3.13)",completed,success,2026-06-04T13:46:19Z,2026-06-04T14:02:00Z,941,51e5083648bfb7dc9f016951cee18a385edae308
79530669444,26954067529,ci-1-core,"core (macos-latest, py3.13)",completed,success,2026-06-04T13:41:07Z,2026-06-04T13:53:26Z,739,d4e9169fac68208d9beba73237423944816a01cb
79531396707,26953862862,ci-1-core,"core (macos-latest, py3.13)",completed,failure,2026-06-04T13:43:13Z,2026-06-04T13:52:32Z,559,dcd34fb6510d3d69d54322814339f9f8720256b9
79525489053,26952902348,ci-1-core,"core (macos-latest, py3.13)",completed,success,2026-06-04T13:09:55Z,2026-06-04T13:21:59Z,724,c5c71173fb69500a6cb4b2fef3002d3da6cf77f7
79524715704,26952778580,ci-1-core,"core (macos-latest, py3.13)",completed,success,2026-06-04T13:05:37Z,2026-06-04T13:20:05Z,868,a91bd852e05339c0c4d56e3913223919784fff0c
79524532810,26952029127,ci-1-core,"core (macos-latest, py3.13)",completed,success,2026-06-04T13:04:37Z,2026-06-04T13:17:21Z,764,dd0f472f8d867b55b81c446de125ef04c93ef087
79521055720,26951789180,ci-1-core,"core (macos-latest, py3.13)",completed,cancelled,2026-06-04T12:44:49Z,2026-06-04T12:50:35Z,346,0c661099c1ea12873b7866cdb3427199ac7c24a6
79518421591,26950496834,ci-1-core,"core (macos-latest, py3.13)",completed,success,2026-06-04T12:29:11Z,2026-06-04T12:43:19Z,848,8b925234a366f3b7b33e6b9ce7072e41579e5697
79515603018,26949918515,ci-1-core,"core (macos-latest, py3.13)",completed,success,2026-06-04T12:11:46Z,2026-06-04T12:25:15Z,809,14c5b4eaf05705b774d654815229e9853de3958e
79512299227,26949301916,ci-1-core,"core (macos-latest, py3.13)",completed,success,2026-06-04T11:50:49Z,2026-06-04T12:03:46Z,777,ad4d706667ef4113f4aa31d7448817df69ec208c
79511905007,26948371532,ci-1-core,"core (macos-latest, py3.13)",completed,cancelled,2026-06-04T11:48:14Z,2026-06-04T11:57:24Z,550,cb8f1964f53d5c25aedfb2e00e7d625e477602c5
79507896166,26947917008,ci-1-core,"core (macos-latest, py3.13)",completed,success,2026-06-04T11:22:21Z,2026-06-04T11:36:10Z,829,f569aa52e32e152ff10b9e287265dc52181921ec
79507698214,26947727845,ci-1-core,"core (macos-latest, py3.13)",completed,success,2026-06-04T11:21:03Z,2026-06-04T11:31:20Z,617,56e7bec77cbddb71b12dd310a11f0d7b5ebf5c97
79504247715,26946696509,ci-1-core,"core (macos-latest, py3.13)",completed,success,2026-06-04T10:59:06Z,2026-06-04T11:12:03Z,777,e99a2b15207219df43578ea1a6c086fb9b0d85a4
79503531161,26946590954,ci-1-core,"core (macos-latest, py3.13)",completed,success,2026-06-04T10:54:23Z,2026-06-04T11:08:51Z,868,37bdb9feb8eef2d5b39bc6619642b7466db238bd
79502505096,26946389851,ci-1-core,"core (macos-latest, py3.13)",completed,cancelled,2026-06-04T10:47:37Z,2026-06-04T10:54:55Z,438,22bdb61130b1ca5b152d2cd36ed22ce29c92f86a
79502340541,26945830410,ci-1-core,"core (macos-latest, py3.13)",completed,success,2026-06-04T10:46:37Z,2026-06-04T11:01:02Z,865,5d0182041b9c4bc56e465a417924d3b33f37c9cf
79499883126,26945289598,ci-1-core,"core (macos-latest, py3.13)",completed,success,2026-06-04T10:30:29Z,2026-06-04T10:44:35Z,846,c14acc98bc4cb92198a56098942b5bc77583f68b
79498623366,26944899321,ci-1-core,"core (macos-latest, py3.13)",completed,cancelled,2026-06-04T10:22:29Z,2026-06-04T10:32:44Z,615,b8807239ebde4d73f59b2f0cd9dd3c5b341a6e1c
79496958560,26943918973,ci-1-core,"core (macos-latest, py3.13)",completed,success,2026-06-04T10:12:02Z,2026-06-04T10:24:21Z,739,5ed91b4030017a980035b0b70d7d89a46cf48527
79495265011,26943274698,ci-1-core,"core (macos-latest, py3.13)",completed,cancelled,2026-06-04T10:01:58Z,2026-06-04T10:12:59Z,661,91b6183653525da93448e1acd7e08b69935a4037
79494938825,26942883126,ci-1-core,"core (macos-latest, py3.13)",completed,success,2026-06-04T10:00:05Z,2026-06-04T10:13:21Z,796,359eca627e29caf0f52cf74315f7555a35606d15
79492988694,26942793813,ci-1-core,"core (macos-latest, py3.13)",completed,success,2026-06-04T09:48:39Z,2026-06-04T10:02:00Z,801,75c4c84961502fd181e5b87233f847f60f3cf698
79493028881,26942508994,ci-1-core,"core (macos-latest, py3.13)",completed,success,2026-06-04T09:52:21Z,2026-06-04T10:08:58Z,997,57bd1506a933e29e98f60c53940e9af8519ccdba
79489477547,26942477657,ci-1-core,"core (macos-latest, py3.13)",completed,success,2026-06-04T09:27:17Z,2026-06-04T09:42:08Z,891,118482b89800e17bf15a5a2f9ceb1338f37d57df
79486952848,26941485789,ci-1-core,"core (macos-latest, py3.13)",completed,success,2026-06-04T09:12:09Z,2026-06-04T09:25:47Z,818,13a000609ac40683e3e214139e62fab1343b2bd7
79485744874,26941341275,ci-1-core,"core (macos-latest, py3.13)",completed,cancelled,2026-06-04T09:04:43Z,2026-06-04T09:13:16Z,513,5dc519228dfa90a889aa2c0e22fd918ceebf88db
79485495740,26940586987,ci-1-core,"core (macos-latest, py3.13)",completed,success,2026-06-04T09:03:10Z,2026-06-04T09:17:01Z,831,cad539c0379aa5677bceabffea23c264e08b9319
79480790024,26938987628,ci-1-core,"core (macos-latest, py3.13)",completed,success,2026-06-04T08:34:57Z,2026-06-04T08:47:01Z,724,c9fd7f657ea04bafa025cb7d39a4377c60548ba1
79480613494,26938886226,ci-1-core,"core (macos-latest, py3.13)",completed,success,2026-06-04T08:38:52Z,2026-06-04T08:50:57Z,725,60785485a628c90528e7363234f89cd777496bf6
79478041211,26938780166,ci-1-core,"core (macos-latest, py3.13)",completed,success,2026-06-04T08:18:16Z,2026-06-04T08:34:54Z,998,3b9836ca91a1c13a107c78405cff3907cb32f5e8
79477351341,26938759551,ci-1-core,"core (macos-latest, py3.13)",completed,success,2026-06-04T08:14:33Z,2026-06-04T08:24:48Z,615,67effbc7f93f301ed11f13128bf25a825b6639dc
79478913456,26938748503,ci-1-core,"core (macos-latest, py3.13)",completed,success,2026-06-04T08:25:15Z,2026-06-04T08:38:49Z,814,1b18a3a716190c3b0146bae7b8829d8fb6663982
79476753552,26938718774,ci-1-core,"core (macos-latest, py3.13)",completed,success,2026-06-04T08:10:42Z,2026-06-04T08:21:17Z,635,85a8333918bf43463df548274e6c0521ccf59039
79474597078,26937552433,ci-1-core,"core (macos-latest, py3.13)",completed,cancelled,2026-06-04T07:55:58Z,2026-06-04T08:03:41Z,463,2411cd19f52c9fefb969f8ea322021f6cc86cb27
79472602026,26936906462,ci-1-core,"core (macos-latest, py3.13)",completed,success,2026-06-04T07:43:07Z,2026-06-04T07:56:08Z,781,9df7ec1975955a03d9dd32cf536a51113e9974ce
79472665997,26936887299,ci-1-core,"core (macos-latest, py3.13)",completed,success,2026-06-04T07:43:47Z,2026-06-04T07:59:32Z,945,58f48a81e4edfd6691abb9bcec1856ac2a304a2a
79471448168,26936816196,ci-1-core,"core (macos-latest, py3.13)",completed,cancelled,2026-06-04T07:35:19Z,2026-06-04T07:41:54Z,395,a7ea653cdc30ef6c3b85716617f0c6f07529a699
79469789020,26936401775,ci-1-core,"core (macos-latest, py3.13)",completed,success,2026-06-04T07:24:02Z,2026-06-04T07:37:27Z,805,d44c96aa8a78e625b62398e0e39a6f7c24a8ea20
79467863909,26935850184,ci-1-core,"core (macos-latest, py3.13)",completed,success,2026-06-04T07:09:39Z,2026-06-04T07:24:06Z,867,8aafe532c9b6a72ce9d79ef4d57cc432883d5484
79470364174,26935771956,ci-1-core,"core (macos-latest, py3.13)",completed,success,2026-06-04T07:27:45Z,2026-06-04T07:42:24Z,879,a89115d790da3ec8a7b63eaaa26b780870123582
79466486534,26935160933,ci-1-core,"core (macos-latest, py3.13)",completed,success,2026-06-04T06:59:54Z,2026-06-04T07:13:03Z,789,7e7ff06dfdd74be84dbd382dff7823a52475a5fa
79465076027,26934876189,ci-1-core,"core (macos-latest, py3.13)",completed,success,2026-06-04T06:51:48Z,2026-06-04T07:06:01Z,853,1f825a87f2919d0ea77c7fca0eeb2134c367def5
79682534210,27000825558,ci-1-core,"core (macos-latest, py3.13)",completed,success,2026-06-05T07:21:47Z,2026-06-05T07:36:11Z,864,aa8f9cf8a2172fcb78390c95662d9012df7652f2
79684020100,26998088572,ci-1-core,"core (macos-latest, py3.13)",completed,cancelled,2026-06-05T07:42:55Z,2026-06-05T07:44:49Z,114,dba57b9cc32eec03064924ae6c8cd4e66174023f
79671510278,26996873886,ci-1-core,"core (macos-latest, py3.13)",completed,failure,2026-06-05T05:47:28Z,2026-06-05T05:57:19Z,591,37924e007ce2cea4dd673acbc94e28bd1b9a8a3e
79671302424,26996686289,ci-1-core,"core (macos-latest, py3.13)",completed,success,2026-06-05T05:45:23Z,2026-06-05T06:01:13Z,950,0085ab3642a51d48f6b8aa6e46ce575f3ab58ef9
79671452690,26996676043,ci-1-core,"core (macos-latest, py3.13)",completed,success,2026-06-05T05:46:53Z,2026-06-05T05:58:05Z,672,0139f6893d1568d7a3ab572d8407243a5cc1156c
79669221303,26996401095,ci-1-core,"core (macos-latest, py3.13)",completed,success,2026-06-05T05:24:52Z,2026-06-05T05:36:02Z,670,8136645fd3f7de0d3ae3f93176a0471fa2149353
79666739580,26995850882,ci-1-core,"core (macos-latest, py3.13)",completed,success,2026-06-05T04:58:40Z,2026-06-05T05:11:58Z,798,b24885925c214807e764ccf45143429637f84c78
79614357410,26977825016,ci-1-core,"core (macos-latest, py3.13)",completed,success,2026-06-04T21:01:28Z,2026-06-04T21:17:02Z,934,d15267c6b672c66fc89c5eef0cf97110ec8ba801
79614203769,26974934471,ci-1-core,"core (macos-latest, py3.13)",completed,success,2026-06-04T21:00:35Z,2026-06-04T21:14:11Z,816,6a60698afc4bc940235918b7f8d2b3a21d745ff5
79608758228,26973828425,ci-1-core,"core (macos-latest, py3.13)",completed,success,2026-06-04T20:29:20Z,2026-06-04T20:43:12Z,832,1a6174d7f1e4a581c25712f7262345e4d06a6e18
79597871157,26973737691,ci-1-core,"core (macos-latest, py3.13)",completed,success,2026-06-04T19:27:22Z,2026-06-04T19:43:00Z,938,13e56bbc6b1e288e4f7c08729a639d9dd5f728b7
79598018707,26973645486,ci-1-core,"core (macos-latest, py3.13)",completed,success,2026-06-04T19:28:11Z,2026-06-04T19:42:07Z,836,18a5adc885732716c6e8fec085b52199125e9bdc
79597998830,26972598011,ci-1-core,"core (macos-latest, py3.13)",completed,success,2026-06-04T19:28:05Z,2026-06-04T19:41:45Z,820,9a39a0f3664cf2aebdbd61f9ac77880060daa16a
79589453170,26971246791,ci-1-core,"core (macos-latest, py3.13)",completed,success,2026-06-04T18:39:47Z,2026-06-04T18:51:48Z,721,6314fb81918803f294bb1534e5aa9dbcc4cdb6b1
79589375492,26971184428,ci-1-core,"core (macos-latest, py3.13)",completed,success,2026-06-04T18:39:21Z,2026-06-04T18:54:20Z,899,64f12fe05748ca312741f6a77f06f1392f97d292
79585910365,26970239643,ci-1-core,"core (macos-latest, py3.13)",completed,cancelled,2026-06-04T18:19:48Z,2026-06-04T18:23:36Z,228,154741d28ef874a77f7643d284f0604687754b01
79586155020,26969561038,ci-1-core,"core (macos-latest, py3.13)",completed,success,2026-06-04T18:21:12Z,2026-06-04T18:35:11Z,839,3de8fbfde89190901268e91aca02f3405934f148
79586057881,26969543498,ci-1-core,"core (macos-latest, py3.13)",completed,success,2026-06-04T18:20:38Z,2026-06-04T18:34:14Z,816,f6d9e0e99a2797938c55b541391f06ccef7658d2
79580802354,26968612375,ci-1-core,"core (macos-latest, py3.13)",completed,success,2026-06-04T17:51:28Z,2026-06-04T18:02:21Z,653,c0ac1202a7bf5cac5c84692323209e345d7bf8c4
79854666345,27053729850,ci-1-core,"core (macos-latest, py3.13)",completed,success,2026-06-06T05:39:24Z,2026-06-06T05:51:01Z,697,c1df5c274e33a204921145fe16128cea73b68cad
79813468408,27039387258,ci-1-core,"core (macos-latest, py3.13)",completed,success,2026-06-05T21:03:55Z,2026-06-05T21:18:19Z,864,796bd236c29175d24871c0aafc6797f9f6dd47fb
79801828143,27035909243,ci-1-core,"core (macos-latest, py3.13)",completed,success,2026-06-05T19:48:12Z,2026-06-05T20:01:35Z,803,7cc58d072c66bb888488229de66b24b8c710bca2
79805913014,27032660526,ci-1-core,"core (macos-latest, py3.13)",completed,success,2026-06-05T20:13:51Z,2026-06-05T20:23:45Z,594,fa85cf1294f0a05a1bc279c2698a30c23a9d250c
79806634659,27032318884,ci-1-core,"core (macos-latest, py3.13)",completed,success,2026-06-05T20:18:38Z,2026-06-05T20:36:45Z,1087,71baae3ca48ca7ab62bac604e2e73bb2b04f76b9
79806175996,27032197407,ci-1-core,"core (macos-latest, py3.13)",completed,success,2026-06-05T20:15:35Z,2026-06-05T20:31:30Z,955,247bbc81500ecfa77d472f3e7dbd7af91f885299
79804450266,27032108883,ci-1-core,"core (macos-latest, py3.13)",completed,success,2026-06-05T20:05:30Z,2026-06-05T20:19:04Z,814,28a9992adea90f50a60bce1295612c0e5efbee7a
79801180797,27031603890,ci-1-core,"core (macos-latest, py3.13)",completed,success,2026-06-05T19:43:10Z,2026-06-05T19:57:39Z,869,a9a5b3ae0d090b7460f9f9479b8b7cb88d6001b4
79803583877,27031369140,ci-1-core,"core (macos-latest, py3.13)",completed,success,2026-06-05T20:03:31Z,2026-06-05T20:17:46Z,855,69b9507677e876105dc91d611b34ad7268ad001a
79803620364,27031356644,ci-1-core,"core (macos-latest, py3.13)",completed,success,2026-06-05T20:04:24Z,2026-06-05T20:21:25Z,1021,0016a954b7703920c69bdc0daa4626afb899bfe3
79784833664,27030888696,ci-1-core,"core (macos-latest, py3.13)",completed,success,2026-06-05T18:01:56Z,2026-06-05T18:16:02Z,846,3cca7a5b18e9aaa665c78858927e08074bed6478
79785888684,27030861069,ci-1-core,"core (macos-latest, py3.13)",completed,success,2026-06-05T18:08:21Z,2026-06-05T18:22:22Z,841,48d4a34f092e184c7abb6c21dff45511f3c3df79
79813599390,27030411378,ci-1-core,"core (macos-latest, py3.13)",completed,success,2026-06-05T21:04:48Z,2026-06-05T21:15:47Z,659,74ef7c31454f05b99a61b6aeeb67d2003d76c055
79783507648,27029750340,ci-1-core,"core (macos-latest, py3.13)",completed,success,2026-06-05T17:54:05Z,2026-06-05T18:06:45Z,760,57efb6d229833dd108c15ec2f6bcf12ee65e3ca1
79779235116,27029162807,ci-1-core,"core (macos-latest, py3.13)",completed,success,2026-06-05T17:27:33Z,2026-06-05T17:42:29Z,896,31fb9ff8ecaa464c7be835ff2b2fe2067bf17fd8
79778718850,27029044877,ci-1-core,"core (macos-latest, py3.13)",completed,success,2026-06-05T17:24:25Z,2026-06-05T17:37:47Z,802,3bfac4c6bd72023a6789e76b2f21efb43076986f
79779228616,27028065566,ci-1-core,"core (macos-latest, py3.13)",completed,success,2026-06-05T17:27:32Z,2026-06-05T17:43:08Z,936,3d82a39f8b0143ef81be6e9f20981afe4cafc5fe
79776037200,27027977603,ci-1-core,"core (macos-latest, py3.13)",completed,success,2026-06-05T17:07:59Z,2026-06-05T17:21:02Z,783,16bc38eca1f8dd9cfdf9d3a54cb0bb78e0096035
79774264531,27027735432,ci-1-core,"core (macos-latest, py3.13)",completed,cancelled,2026-06-05T16:57:44Z,2026-06-05T17:10:37Z,773,47fb21ff970a7233bcc5528710f33f41dd7bd9fe
79769303470,27026230712,ci-1-core,"core (macos-latest, py3.13)",completed,success,2026-06-05T16:29:36Z,2026-06-05T16:40:43Z,667,e0bb8efdb87969c7d632fc77d6786328c15456c4
79767275334,27025457359,ci-1-core,"core (macos-latest, py3.13)",completed,success,2026-06-05T16:19:51Z,2026-06-05T16:32:14Z,743,122700fb63e8ba22d0aca2db41aa6ff0324ac5b7
79765472680,27025136450,ci-1-core,"core (macos-latest, py3.13)",completed,cancelled,2026-06-05T16:06:18Z,2026-06-05T16:13:37Z,439,1504d707ba111a20702578eb8a6239e0f026168d
79767941857,27023352157,ci-1-core,"core (macos-latest, py3.13)",completed,success,2026-06-05T16:20:45Z,2026-06-05T16:35:05Z,860,38c9a5e619ea979d3b4df4fd2d756a7d79b05d70
79767302071,27023318509,ci-1-core,"core (macos-latest, py3.13)",completed,success,2026-06-05T16:18:00Z,2026-06-05T16:32:02Z,842,711e4d03c2880c05d3135816470fdde1dbef0083
79767846849,27022868474,ci-1-core,"core (macos-latest, py3.13)",completed,success,2026-06-05T16:22:30Z,2026-06-05T16:33:10Z,640,d766097e1995b701926c1ff83ca3e77cb7cc66ac
79765694650,27022610019,ci-1-core,"core (macos-latest, py3.13)",completed,success,2026-06-05T16:15:32Z,2026-06-05T16:29:34Z,842,4939dea5d40908290eb467f0dbed69a857cbe8f1
79752120240,27020950028,ci-1-core,"core (macos-latest, py3.13)",completed,success,2026-06-05T14:51:04Z,2026-06-05T15:01:40Z,636,4a0d982cebd0620abee392b10b33d8821ea3e9fa
79742476239,27018304804,ci-1-core,"core (macos-latest, py3.13)",completed,success,2026-06-05T13:59:14Z,2026-06-05T14:12:44Z,810,6f562e1ca1dffbd54ee4995a29891a5ff2a2da4c
79742733811,27018171668,ci-1-core,"core (macos-latest, py3.13)",completed,success,2026-06-05T14:00:35Z,2026-06-05T14:12:53Z,738,b03401dc139e9f63f46edfa4b266a09ca1d46ce3
79743881899,27016981079,ci-1-core,"core (macos-latest, py3.13)",completed,success,2026-06-05T14:06:44Z,2026-06-05T14:17:39Z,655,72b747ee9dd0c76898fe3dbaff5cbb719056a0b0
79733942941,27016174802,ci-1-core,"core (macos-latest, py3.13)",completed,success,2026-06-05T13:14:30Z,2026-06-05T13:28:51Z,861,8fbb23ff83b2d951ea0955d38e7ea62a762b5caa
79735812618,27015626314,ci-1-core,"core (macos-latest, py3.13)",completed,success,2026-06-05T13:22:37Z,2026-06-05T13:35:58Z,801,8a07f8e3048a40b430e984babe08ad140a67cd66
79737431372,27015247801,ci-1-core,"core (macos-latest, py3.13)",completed,success,2026-06-05T13:31:49Z,2026-06-05T13:44:58Z,789,e99329f6a684bea24ca0691459830c4f983084c4
79738085061,27014747080,ci-1-core,"core (macos-latest, py3.13)",completed,success,2026-06-05T13:34:52Z,2026-06-05T13:49:51Z,899,4169c65a0208f7f0ae74cff1a5543c33bb22d638
79734354273,27014683946,ci-1-core,"core (macos-latest, py3.13)",completed,success,2026-06-05T13:17:20Z,2026-06-05T13:34:25Z,1025,c31bfd6b9b9b33bc2e48500de32151e1d53712a5
79728150833,27014534780,ci-1-core,"core (macos-latest, py3.13)",completed,success,2026-06-05T12:35:02Z,2026-06-05T12:50:31Z,929,b4037be4583c52406cc5388cd0a27bcc973ebf22
79727783845,27014304330,ci-1-core,"core (macos-latest, py3.13)",completed,success,2026-06-05T12:32:41Z,2026-06-05T12:46:37Z,836,bd544bf609c2e11ed8f6e44feacc94522425007f
79724094921,27013300052,ci-1-core,"core (macos-latest, py3.13)",completed,cancelled,2026-06-05T12:08:11Z,2026-06-05T12:12:16Z,245,95becf1e1506f692ffe2c4df79ec8fb2bb63a7c4
79723355649,27012700483,ci-1-core,"core (macos-latest, py3.13)",completed,success,2026-06-05T12:03:22Z,2026-06-05T12:14:41Z,679,b3e707430459e3d746392c4c7305d769eb3aaa56
79721884898,27012641885,ci-1-core,"core (macos-latest, py3.13)",completed,success,2026-06-05T11:53:25Z,2026-06-05T12:06:09Z,764,102fe14c6c5d21c4a66f6b91fb88fd3caf8cd7b7
79722221437,27012523714,ci-1-core,"core (macos-latest, py3.13)",completed,success,2026-06-05T11:57:21Z,2026-06-05T12:11:02Z,821,d40ee1bbd6fdbc5cca58bb30f4fa1547ee0c943d
79720289643,27012202281,ci-1-core,"core (macos-latest, py3.13)",completed,cancelled,2026-06-05T11:47:56Z,2026-06-05T11:52:54Z,298,5197ea68764df3b38d671b818793d3b3f811020b
79717033977,27010571634,ci-1-core,"core (macos-latest, py3.13)",completed,success,2026-06-05T11:19:13Z,2026-06-05T11:32:29Z,796,592d01bf96e1a00914f223454832920cb682717b
79718483422,27010490967,ci-1-core,"core (macos-latest, py3.13)",completed,success,2026-06-05T11:29:38Z,2026-06-05T11:45:14Z,936,f83b9f14af509bbbff36ffb787ff7be385c6bff9
79714150143,27010408484,ci-1-core,"core (macos-latest, py3.13)",completed,success,2026-06-05T10:58:55Z,2026-06-05T11:11:18Z,743,8fe6e28aba5bdf53b20aa8eb49a592eaa95858cc
79705545642,27007869955,ci-1-core,"core (macos-latest, py3.13)",completed,success,2026-06-05T09:59:08Z,2026-06-05T10:13:01Z,833,ece3f24f4abbfbfea632f1a83d41185aaf0d8b74
79707348338,27007449824,ci-1-core,"core (macos-latest, py3.13)",completed,success,2026-06-05T10:10:42Z,2026-06-05T10:23:11Z,749,f0fad26f00a943891fc169d69b188650817874d5
79707065777,27007320992,ci-1-core,"core (macos-latest, py3.13)",completed,success,2026-06-05T10:08:45Z,2026-06-05T10:18:52Z,607,856f1091dd30eef48fbc71435b9fb612e228efc1
79717074362,27006450940,ci-1-core,"core (macos-latest, py3.13)",completed,success,2026-06-05T11:19:39Z,2026-06-05T11:30:31Z,652,6e30b7cf6ca338b6ecb822748b567766775a4351
79697386332,27004984418,ci-1-core,"core (macos-latest, py3.13)",completed,success,2026-06-05T09:05:07Z,2026-06-05T09:21:38Z,991,199e6c9f7afcccc9970c0aad5a1055c24f9426f5
79696485580,27004918151,ci-1-core,"core (macos-latest, py3.13)",completed,success,2026-06-05T08:59:20Z,2026-06-05T09:11:49Z,749,351c43a099402500753cc42849a961e022335c5a
79697996117,27004891416,ci-1-core,"core (macos-latest, py3.13)",completed,success,2026-06-05T09:08:50Z,2026-06-05T09:21:40Z,770,65e607402574f6a02ef2cf4aa4fb483b09232b12
79938840356,27085154673,ci-1-core,"core (macos-latest, py3.13)",completed,success,2026-06-07T06:53:09Z,2026-06-07T07:06:22Z,793,f82fe6c6521bf1a477472dded37a752d7e3c4164
79934282712,27083541912,ci-1-core,"core (macos-latest, py3.13)",completed,success,2026-06-07T05:29:02Z,2026-06-07T05:40:36Z,694,e6e5ebf9160ec3ed4c74d54a5d3bb8c76e2a06f2
79934402256,27074869245,ci-1-core,"core (macos-latest, py3.13)",completed,success,2026-06-07T05:31:20Z,2026-06-07T05:44:53Z,813,fb78f4c6185bd4285e3372bb9119c01e7fca7d7f
79907344219,27073214163,ci-1-core,"core (macos-latest, py3.13)",completed,success,2026-06-06T20:58:32Z,2026-06-06T21:08:40Z,608,793954b848fc2145bc414aaab7be61eea77b2674
79906286773,27070631996,ci-1-core,"core (macos-latest, py3.13)",completed,success,2026-06-06T20:40:46Z,2026-06-06T20:50:44Z,598,0df47d5490eebd37fbd72605b1308543ac5a6d61
79905799129,27070420700,ci-1-core,"core (macos-latest, py3.13)",completed,success,2026-06-06T20:34:37Z,2026-06-06T20:47:49Z,792,2fd305110bfff76d56c61127838765d777f668b0
79905169126,27070374304,ci-1-core,"core (macos-latest, py3.13)",completed,success,2026-06-06T20:24:46Z,2026-06-06T20:34:29Z,583,e0c65c7d5d2ba1a3ad220748e48a01876fcdead4
79905808008,27070288729,ci-1-core,"core (macos-latest, py3.13)",completed,success,2026-06-06T20:39:41Z,2026-06-06T20:53:29Z,828,41bee65e03eb946905d08f29ea24b7c2c2277780
79905246784,27069929536,ci-1-core,"core (macos-latest, py3.13)",completed,success,2026-06-06T20:29:24Z,2026-06-06T20:40:00Z,636,c99e92f466b7b93960680912d59bb7988e5d4c6d
79897523074,27069807388,ci-1-core,"core (macos-latest, py3.13)",completed,success,2026-06-06T18:12:51Z,2026-06-06T18:27:22Z,871,487922e6b425892d2efd265b0b6b67a51aac3905
79896872963,27069446644,ci-1-core,"core (macos-latest, py3.13)",completed,success,2026-06-06T18:01:49Z,2026-06-06T18:14:02Z,733,76088889377491ee71603ebe4a4288f8f8c02c08
79887595721,27065955768,ci-1-core,"core (macos-latest, py3.13)",completed,success,2026-06-06T15:28:55Z,2026-06-06T15:38:56Z,601,d02012bc2c0070a44c9fb48c828567995f37de9b
79886504290,27065423544,ci-1-core,"core (macos-latest, py3.13)",completed,success,2026-06-06T15:10:28Z,2026-06-06T15:24:19Z,831,e570b289f6b5eb463252e3adfa98f7213be8b22a
79885904667,27065302148,ci-1-core,"core (macos-latest, py3.13)",completed,success,2026-06-06T15:00:42Z,2026-06-06T15:11:15Z,633,4162074ee058459c14c9d1d064ab8700ea9d368e
79885030937,27064981636,ci-1-core,"core (macos-latest, py3.13)",completed,success,2026-06-06T14:46:16Z,2026-06-06T14:58:39Z,743,ee64b3e92df4995b4f86c91a7e2fe9cb79f82789
79883986431,27064510981,ci-1-core,"core (macos-latest, py3.13)",completed,success,2026-06-06T14:29:25Z,2026-06-06T14:40:24Z,659,d7399ac81a59958d91b0b0807f21387e84167db7
79883743037,27064358418,ci-1-core,"core (macos-latest, py3.13)",completed,success,2026-06-06T14:25:07Z,2026-06-06T14:36:31Z,684,c24fe9be32e0d743cf92b8e1dc03ba05c0b75603
79883995059,27064350444,ci-1-core,"core (macos-latest, py3.13)",completed,success,2026-06-06T14:29:34Z,2026-06-06T14:41:24Z,710,ccde7205ef08e4d0cfe3d4f99e167fd40ac2c1bf
79883313083,27064266178,ci-1-core,"core (macos-latest, py3.13)",completed,success,2026-06-06T14:20:17Z,2026-06-06T14:30:40Z,623,4aaee90c15fb26845f85b9c30c2e6fe287e9fd9c
79882147535,27063759018,ci-1-core,"core (macos-latest, py3.13)",completed,success,2026-06-06T13:59:01Z,2026-06-06T14:11:22Z,741,1ab76efcc0dc2640ad24301c0646a2e4f2021e70
79881629615,27063718247,ci-1-core,"core (macos-latest, py3.13)",completed,success,2026-06-06T13:51:46Z,2026-06-06T14:07:50Z,964,0a1a77dab5868da85d983307db81a099b2414178
79882235761,27063545116,ci-1-core,"core (macos-latest, py3.13)",completed,success,2026-06-06T14:00:05Z,2026-06-06T14:09:52Z,587,060a4c1b055ed0bcaa34d2e93c09e9adb63fba53
79879256898,27062827794,ci-1-core,"core (macos-latest, py3.13)",completed,success,2026-06-06T13:07:44Z,2026-06-06T13:20:53Z,789,e226e36e2ead7af4d4dc31be201a180dccede4f8
79879547385,27062584495,ci-1-core,"core (macos-latest, py3.13)",completed,success,2026-06-06T13:18:26Z,2026-06-06T13:29:38Z,672,44fd8290d17e881e1d7f1af77c1bd49049f094eb
79879584803,27062360191,ci-1-core,"core (macos-latest, py3.13)",completed,success,2026-06-06T13:13:08Z,2026-06-06T13:23:18Z,610,1c00be7475baaafbdecfcc24ea8e298330e57eb8
79880089544,27061618410,ci-1-core,"core (macos-latest, py3.13)",completed,success,2026-06-06T13:22:31Z,2026-06-06T13:36:09Z,818,bc7763a4994944eae819bc75a8169b16b3f75a4a
79879642515,27061546548,ci-1-core,"core (macos-latest, py3.13)",completed,success,2026-06-06T13:19:36Z,2026-06-06T13:33:27Z,831,b1170b1d30c53fb3a0b5fa72706750d4e909ac37
79880116308,27061455393,ci-1-core,"core (macos-latest, py3.13)",completed,success,2026-06-06T13:23:23Z,2026-06-06T13:35:25Z,722,7290dc77c9ade2ee8a3fb42bba2bba27b39b8dea
79874109468,27060864259,ci-1-core,"core (macos-latest, py3.13)",completed,success,2026-06-06T11:38:03Z,2026-06-06T11:51:11Z,788,ae6d1178dbbafdbe99d528b1559849b2138718c5
79874174044,27059188095,ci-1-core,"core (macos-latest, py3.13)",completed,success,2026-06-06T11:38:47Z,2026-06-06T11:49:04Z,617,2f4b26607058d0c8639309471dc8f43a9b44db56
79874845197,27058911121,ci-1-core,"core (macos-latest, py3.13)",completed,success,2026-06-06T11:47:03Z,2026-06-06T11:57:06Z,603,983263d34a1d7f742f89daa9d388bd3110b33123
79874113120,27058896850,ci-1-core,"core (macos-latest, py3.13)",completed,success,2026-06-06T11:39:41Z,2026-06-06T11:53:57Z,856,84fca26186ebd48b7e94104201934f7a8991ad71
79874207345,27058722744,ci-1-core,"core (macos-latest, py3.13)",completed,success,2026-06-06T11:35:15Z,2026-06-06T11:45:05Z,590,4260446966b0800260859e9a4e99e0fc60685551
79868602600,27058660621,ci-1-core,"core (macos-latest, py3.13)",completed,success,2026-06-06T09:48:42Z,2026-06-06T09:58:17Z,575,a7956eff380d9428d3f2c8de8db7b9e9ea000d54
79868710890,27058621479,ci-1-core,"core (macos-latest, py3.13)",completed,success,2026-06-06T09:50:47Z,2026-06-06T10:00:54Z,607,fe0ecf6f21b4c3b047eded0ea80f6561d8a2d60d
79874958189,27058599222,ci-1-core,"core (macos-latest, py3.13)",completed,success,2026-06-06T11:49:20Z,2026-06-06T11:59:45Z,625,22fb20d939e73712ad16ab20f98e253914e18d22
79868135871,27058542369,ci-1-core,"core (macos-latest, py3.13)",completed,success,2026-06-06T09:40:01Z,2026-06-06T09:49:47Z,586,c3bbff4ca152076c11641241b4f501948103579c
79868604950,27058295622,ci-1-core,"core (macos-latest, py3.13)",completed,success,2026-06-06T09:48:45Z,2026-06-06T10:03:39Z,894,26b029ecceaeec077fdbba2a1acd06c10038eb1d
79866819370,27058099650,ci-1-core,"core (macos-latest, py3.13)",completed,success,2026-06-06T09:14:26Z,2026-06-06T09:25:02Z,636,98f24844df3cb5c869db1bbaec59c755822d3a15
79867177678,27057865030,ci-1-core,"core (macos-latest, py3.13)",completed,success,2026-06-06T09:20:56Z,2026-06-06T09:34:28Z,812,a1338cf3a8bad82c14273185ec6209cdbaad88ef
79974009292,27097724898,ci-1-core,"core (macos-latest, py3.13)",completed,success,2026-06-07T16:26:13Z,2026-06-07T16:39:10Z,777,8824e9e9b5b12510295a54d83ce8565c25928834
79973806207,27097678060,ci-1-core,"core (macos-latest, py3.13)",completed,success,2026-06-07T16:22:57Z,2026-06-07T16:34:35Z,698,b7d77a9f2ae2513e93b133f7fd9fa569f2a770e3
79971477958,27096881084,ci-1-core,"core (macos-latest, py3.13)",completed,success,2026-06-07T15:46:34Z,2026-06-07T15:58:42Z,728,f61f04be4c06337d4f5696433f76fd94c2f4f0e2
79971391866,27096787344,ci-1-core,"core (macos-latest, py3.13)",completed,success,2026-06-07T15:45:17Z,2026-06-07T15:55:53Z,636,b74f52c5366616ecda081d94fefe3a0ea59ce858
79971400697,27096763226,ci-1-core,"core (macos-latest, py3.13)",completed,success,2026-06-07T15:45:24Z,2026-06-07T15:55:34Z,610,02ec04720d2659ae49b0b6fe7a33d05cf450a3cf
79958600715,27092012006,ci-1-core,"core (macos-latest, py3.13)",completed,success,2026-06-07T12:26:28Z,2026-06-07T12:41:59Z,931,fc93b1508113d7445aba72b49cf788fa81188773
79969271677,27091804885,ci-1-core,"core (macos-latest, py3.13)",completed,success,2026-06-07T15:13:29Z,2026-06-07T15:23:57Z,628,6125f44f52296e6e1876107c53705267e2e5d74e
79956581318,27091466940,ci-1-core,"core (macos-latest, py3.13)",completed,success,2026-06-07T11:53:41Z,2026-06-07T12:08:52Z,911,66b048043404c140e7a6c6d7ebfaa799b2807d24
79958763613,27089863922,ci-1-core,"core (macos-latest, py3.13)",completed,success,2026-06-07T12:29:10Z,2026-06-07T12:40:31Z,681,db24b159f76c22d4e99a6e9decae5272cdd7414b
79956639548,27089364402,ci-1-core,"core (macos-latest, py3.13)",completed,success,2026-06-07T11:54:41Z,2026-06-07T12:07:16Z,755,b4c4d469844b10e341b9f2b5a28dd6c4657352eb
79949625899,27088773300,ci-1-core,"core (macos-latest, py3.13)",completed,success,2026-06-07T09:57:50Z,2026-06-07T10:08:25Z,635,dd276905f82fa32a3377694dbf184da359add940
79949145890,27088752795,ci-1-core,"core (macos-latest, py3.13)",completed,failure,2026-06-07T09:49:27Z,2026-06-07T10:04:47Z,920,cb49c487644380089275e63f85d9627a838c1e15
79949475057,27088560222,ci-1-core,"core (macos-latest, py3.13)",completed,success,2026-06-07T09:55:11Z,2026-06-07T10:08:21Z,790,fdc4844c1267874d09e82254803e000dab098d6d
79948276875,27088393473,ci-1-core,"core (macos-latest, py3.13)",completed,success,2026-06-07T09:34:19Z,2026-06-07T09:44:10Z,591,d1d3478a8f93d0e0f63991e9e29f2bc7e194ed32
79947780530,27088310112,ci-1-core,"core (macos-latest, py3.13)",completed,success,2026-06-07T09:25:48Z,2026-06-07T09:39:03Z,795,dbdd9c70ae91bb7b7b6114f4bbf00af217d251ab
79946165486,27087576402,ci-1-core,"core (macos-latest, py3.13)",completed,success,2026-06-07T08:59:13Z,2026-06-07T09:09:25Z,612,e36f1c40e876fda7a4cfe2451b71b0f148e821d1
79945162639,27086942474,ci-1-core,"core (macos-latest, py3.13)",completed,success,2026-06-07T08:42:17Z,2026-06-07T08:54:04Z,707,346cf71c781bfff3d7c03b7a833fe0bf58647048
80037511467,27120372955,ci-1-core,"core (macos-latest, py3.13)",completed,success,2026-06-08T06:52:19Z,2026-06-08T07:06:08Z,829,40dc6a71a5f0c3c167d6294a31469e69b062f5be
80037620644,27120350379,ci-1-core,"core (macos-latest, py3.13)",completed,success,2026-06-08T06:55:43Z,2026-06-08T07:11:16Z,933,764e6811913d82d0900e407a9285e62210a8678f
80035774370,27119135612,ci-1-core,"core (macos-latest, py3.13)",completed,success,2026-06-08T06:36:15Z,2026-06-08T06:46:43Z,628,379f70dcd95a6ecd04b605bd9430477d07340669
79989158156,27103274589,ci-1-core,"core (macos-latest, py3.13)",completed,success,2026-06-07T20:23:56Z,2026-06-07T20:34:49Z,653,17232119c5ee1d0bfd8796332575d760655bd1fd
79988571957,27102761611,ci-1-core,"core (macos-latest, py3.13)",completed,success,2026-06-07T20:14:41Z,2026-06-07T20:28:30Z,829,5a068f949b0ff1845893120cde8ff2e501b5f0e3
79988545240,27102739444,ci-1-core,"core (macos-latest, py3.13)",completed,success,2026-06-07T20:14:14Z,2026-06-07T20:24:32Z,618,cceaf0a2c2dd7372042117e71a2dfc9af610000f
79987111854,27102697444,ci-1-core,"core (macos-latest, py3.13)",completed,success,2026-06-07T19:52:05Z,2026-06-07T20:04:04Z,719,b7574e971d6d640fa332781fd656f69860a9424c
79983998921,27100959451,ci-1-core,"core (macos-latest, py3.13)",completed,success,2026-06-07T19:03:23Z,2026-06-07T19:17:00Z,817,c43b56d032587110f3dbcbdfe0bf16525bf27883
79981665202,27100723516,ci-1-core,"core (macos-latest, py3.13)",completed,success,2026-06-07T18:27:50Z,2026-06-07T18:40:36Z,766,80a08629bc03a1223ff9121075207b238de31be3
79982354430,27100554660,ci-1-core,"core (macos-latest, py3.13)",completed,success,2026-06-07T18:38:29Z,2026-06-07T18:49:28Z,659,c0f56d5a560e13841b803efd4ef24c96d77512aa
79981031159,27100492965,ci-1-core,"core (macos-latest, py3.13)",completed,success,2026-06-07T18:24:36Z,2026-06-07T18:34:37Z,601,20feef8eee8c045b48105263e7b6463aaad562e9
79980844310,27100215743,ci-1-core,"core (macos-latest, py3.13)",completed,success,2026-06-07T18:14:25Z,2026-06-07T18:25:15Z,650,3629e8da310ce58287900de37e5683227aadcf61
79980121121,27100147909,ci-1-core,"core (macos-latest, py3.13)",completed,cancelled,2026-06-07T18:02:55Z,2026-06-07T18:04:06Z,71,67c33197ee0c5dbb337c684b584fc6db1c40c7f4
79980246855,27100128708,ci-1-core,"core (macos-latest, py3.13)",completed,success,2026-06-07T18:05:24Z,2026-06-07T18:15:52Z,628,e4c914de0c0d516fde769b278dd05612352ab6de
79980850909,27099681542,ci-1-core,"core (macos-latest, py3.13)",completed,success,2026-06-07T18:14:32Z,2026-06-07T18:24:51Z,619,885e759af09f950375d266ff722a1e88f9e5d895
79978772741,27099617383,ci-1-core,"core (macos-latest, py3.13)",completed,success,2026-06-07T17:41:22Z,2026-06-07T17:54:58Z,816,001a4365847e84b678b6fc92d9d5e1155bab7cfd
79978207583,27099426593,ci-1-core,"core (macos-latest, py3.13)",completed,success,2026-06-07T17:32:21Z,2026-06-07T17:46:18Z,837,68e55cd6f7d775ecdbe9da0c2214775ca5b46e2c
79978272284,27099200198,ci-1-core,"core (macos-latest, py3.13)",completed,success,2026-06-07T17:33:20Z,2026-06-07T17:43:21Z,601,115e43db7ac0f16a27a120ba22e9d7d4c101e608
80051428858,27124331841,ci-1-core,"core (macos-latest, py3.13)",completed,success,2026-06-08T08:23:04Z,2026-06-08T08:36:41Z,817,3da2dd6f982d9d71b19179a99c97a327d3cd7695
80051509199,27124122714,ci-1-core,"core (macos-latest, py3.13)",completed,success,2026-06-08T08:23:31Z,2026-06-08T08:34:05Z,634,6d2b43babf9782c43c5a00825eff5ebc64058dd5
80049630413,27123899777,ci-1-core,"core (macos-latest, py3.13)",completed,success,2026-06-08T08:13:59Z,2026-06-08T08:27:20Z,801,ae49d5f7ec4d19c4bdf78583f672c201eff7751d
80048393543,27123428886,ci-1-core,"core (macos-latest, py3.13)",completed,success,2026-06-08T08:04:58Z,2026-06-08T08:17:05Z,727,0b175681f69ecd6cff0f26f94064452054851b5a
80046560233,27122847698,ci-1-core,"core (macos-latest, py3.13)",completed,success,2026-06-08T07:53:35Z,2026-06-08T08:07:39Z,844,bc03178b9ccf0a2e621e8cbadc7c40c4d5cfab87
80045174143,27122490809,ci-1-core,"core (macos-latest, py3.13)",completed,cancelled,2026-06-08T07:44:37Z,2026-06-08T07:58:41Z,844,4847de5cb0dd9a01e867228ee57748b184ddb43a
80112552470,27142004772,ci-1-core,"core (macos-latest, py3.13)",completed,success,2026-06-08T13:59:43Z,2026-06-08T14:12:15Z,752,8ae798d495b8b655b889718cc7a0ecaf8593abe2
80104883233,27139879297,ci-1-core,"core (macos-latest, py3.13)",completed,success,2026-06-08T13:24:16Z,2026-06-08T13:37:55Z,819,a4b63baf07e7e52f54beaf1c95c031c93e727409
80097929595,27135428682,ci-1-core,"core (macos-latest, py3.13)",completed,success,2026-06-08T12:49:23Z,2026-06-08T13:02:59Z,816,0f6eb3adef4912442f3d362e35bf2019482f3bf8
80070638424,27129912361,ci-1-core,"core (macos-latest, py3.13)",completed,success,2026-06-08T10:20:03Z,2026-06-08T10:36:15Z,972,ce335b7debef3e3d9b9beb4015d0562e4fb2e376
80073764815,27128148171,ci-1-core,"core (macos-latest, py3.13)",completed,success,2026-06-08T10:30:00Z,2026-06-08T10:43:51Z,831,7acc2b74878ed81a2f8e6e6c5a49fbe924e96cd9
80074115020,27128026351,ci-1-core,"core (macos-latest, py3.13)",completed,success,2026-06-08T10:32:00Z,2026-06-08T10:44:34Z,754,d9da79220080291c840c62ad2174500e09440130
80070130414,27127893367,ci-1-core,"core (macos-latest, py3.13)",completed,success,2026-06-08T10:10:20Z,2026-06-08T10:24:55Z,875,f535ba322189b06f4face4cc1e3a6fb936a9c0ba
80180172000,27160683983,ci-1-core,"core (macos-latest, py3.13)",completed,success,2026-06-08T19:37:19Z,2026-06-08T19:48:24Z,665,1693bc34f2e17b8d60bed1721cba5d5abd88c0dd
80179003861,27160534537,ci-1-core,"core (macos-latest, py3.13)",completed,success,2026-06-08T19:30:46Z,2026-06-08T19:43:42Z,776,07414998f0b7169017ac6ce33a955636e20b6322
80178636152,27159316288,ci-1-core,"core (macos-latest, py3.13)",completed,success,2026-06-08T19:28:46Z,2026-06-08T19:44:08Z,922,80db943bec7544781195fc340f636c355aacf47b
80179120058,27159097068,ci-1-core,"core (macos-latest, py3.13)",completed,success,2026-06-08T19:31:26Z,2026-06-08T19:45:02Z,816,3be74cda45deac4d56b953a88e46d33b44f2dc98
80179002230,27158698635,ci-1-core,"core (macos-latest, py3.13)",completed,success,2026-06-08T19:30:46Z,2026-06-08T19:45:03Z,857,a33b05b3ab570a74ac4a476a099a62b0c9c4c5db
80172066896,27158491646,ci-1-core,"core (macos-latest, py3.13)",completed,success,2026-06-08T18:53:34Z,2026-06-08T19:03:59Z,625,db9fc10b00ceddd1bd9b2316f5415315fb20dda7
80165931331,27156525103,ci-1-core,"core (macos-latest, py3.13)",completed,success,2026-06-08T18:20:42Z,2026-06-08T18:34:28Z,826,a54841865dff5cf8634414249244b3879144ba76
80164927846,27155615728,ci-1-core,"core (macos-latest, py3.13)",completed,success,2026-06-08T18:15:19Z,2026-06-08T18:29:28Z,849,fd7546b0a87e325d5427d770dfc8163c2303eace
80156106481,27153820797,ci-1-core,"core (macos-latest, py3.13)",completed,success,2026-06-08T17:28:12Z,2026-06-08T17:39:20Z,668,1c2b0bd4cd5a215c97061000ed1597afda6b9c87
80148846990,27151884559,ci-1-core,"core (macos-latest, py3.13)",completed,cancelled,2026-06-08T16:49:59Z,2026-06-08T17:03:29Z,810,cb0dde4733b5a6ae59c1606b16cc4afbf9bc8a33
80150672522,27150495679,ci-1-core,"core (macos-latest, py3.13)",completed,success,2026-06-08T16:59:32Z,2026-06-08T17:14:53Z,921,2c54d5482a902df10444b75a95f6103b27c282d9
80157480886,27149735431,ci-1-core,"core (macos-latest, py3.13)",completed,success,2026-06-08T17:35:35Z,2026-06-08T17:51:07Z,932,9234eeb60d5b1c0a6c1dc5c0f1efcb47dc9de82b
80142200426,27149677927,ci-1-core,"core (macos-latest, py3.13)",completed,success,2026-06-08T16:15:49Z,2026-06-08T16:27:10Z,681,1da816e908517ba1715c2a0fe059ad7d8ff53036
80140579398,27149249011,ci-1-core,"core (macos-latest, py3.13)",completed,success,2026-06-08T16:07:43Z,2026-06-08T16:21:06Z,803,59309ec7999cf7c04e08ce3481c5fd1bdc07895a
80138903065,27148404592,ci-1-core,"core (macos-latest, py3.13)",completed,success,2026-06-08T15:59:37Z,2026-06-08T16:13:36Z,839,e2d33e5e3f1470e1bdcbaf191a27541269a97870
80133423120,27147044120,ci-1-core,"core (macos-latest, py3.13)",completed,success,2026-06-08T15:33:43Z,2026-06-08T15:43:58Z,615,a84a3e36d29d799b069199d24bc4683c005276d4
80130794129,27146444913,ci-1-core,"core (macos-latest, py3.13)",completed,success,2026-06-08T15:21:34Z,2026-06-08T15:34:36Z,782,ffd3d15e9b037da70d0e010de74505f73d94e463
80130675069,27146387709,ci-1-core,"core (macos-latest, py3.13)",completed,cancelled,2026-06-08T15:21:02Z,2026-06-08T15:28:45Z,463,f304ff9375f60b8989eae8503fd48a4cad1996f3
80123863645,27144329995,ci-1-core,"core (macos-latest, py3.13)",completed,success,2026-06-08T14:50:39Z,2026-06-08T15:03:42Z,783,0acec91fa31f9635be86fe6043263e5f0576a88b
80269411482,27189356590,ci-1-core,"core (macos-latest, py3.13)",completed,cancelled,2026-06-09T07:22:13Z,2026-06-09T07:22:15Z,2,4d8d42eb97dd46218f410ca77d989d15de126485
80263796217,27187664392,ci-1-core,"core (macos-latest, py3.13)",completed,cancelled,2026-06-09T06:43:48Z,2026-06-09T06:54:15Z,627,8b567ffa2678f29ceb2cc3bc9b1e8c83cbd6963c
80261902644,27187207865,ci-1-core,"core (macos-latest, py3.13)",completed,success,2026-06-09T06:29:31Z,2026-06-09T06:46:38Z,1027,2e44a4cb7b8bbdbeda73aeabe91231a2e78cfb66
80261012846,27186838183,ci-1-core,"core (macos-latest, py3.13)",completed,success,2026-06-09T06:22:51Z,2026-06-09T06:37:18Z,867,5384caca1147e53e4064634ad5dc94ffec1cff1e
80259887901,27186731555,ci-1-core,"core (macos-latest, py3.13)",completed,success,2026-06-09T06:14:17Z,2026-06-09T06:28:49Z,872,92f59fa27c9d2da94e97ab5da4c168139fcef308
80259760448,27186322438,ci-1-core,"core (macos-latest, py3.13)",completed,success,2026-06-09T06:13:16Z,2026-06-09T06:23:51Z,635,2954daf88f79ee44f3e180ba90e135e9745be38d
80258410789,27186000466,ci-1-core,"core (macos-latest, py3.13)",completed,success,2026-06-09T06:02:34Z,2026-06-09T06:17:14Z,880,d23cda4815890721c91dedd5e86e1763c073acc3
80256352067,27185596022,ci-1-core,"core (macos-latest, py3.13)",completed,success,2026-06-09T05:44:38Z,2026-06-09T05:56:37Z,719,bf5381e9d7778386af5da5fd60429b4e3c7257d7
80256878551,27185578346,ci-1-core,"core (macos-latest, py3.13)",completed,success,2026-06-09T05:49:30Z,2026-06-09T06:03:29Z,839,30e0880d64d8c773e18649e1b205bae07999e2f3
80254094316,27184884024,ci-1-core,"core (macos-latest, py3.13)",completed,success,2026-06-09T05:23:59Z,2026-06-09T05:39:09Z,910,0c08b53d36ac546f0fe88a146a482fcb8cd97068
80250123278,27168190077,ci-1-core,"core (macos-latest, py3.13)",completed,success,2026-06-09T04:44:43Z,2026-06-09T04:59:46Z,903,1d2c7dab366b043bda6cca47636802e1e1d95b07
80249993367,27168041329,ci-1-core,"core (macos-latest, py3.13)",completed,success,2026-06-09T04:43:23Z,2026-06-09T04:56:08Z,765,7d17e7320022eeb90d8e9cb1f90b97e88a89846a
80250022027,27167999278,ci-1-core,"core (macos-latest, py3.13)",completed,success,2026-06-09T04:43:40Z,2026-06-09T04:54:22Z,642,02a28748fd0759c58cda1cd60e3c14cd610a64ca
80249779744,27165677503,ci-1-core,"core (macos-latest, py3.13)",completed,success,2026-06-09T04:41:12Z,2026-06-09T04:54:36Z,804,bef95d818227cd58a64a57fdbd9c8e3065870439
80322667873,27204805016,ci-1-core,"core (macos-latest, py3.13)",completed,cancelled,2026-06-09T12:30:46Z,2026-06-09T12:40:50Z,604,4523ca4f1e638782aa81cd19e5494e9724c467d8
80322491834,27204056121,ci-1-core,"core (macos-latest, py3.13)",completed,success,2026-06-09T12:29:51Z,2026-06-09T12:43:57Z,846,2fde7e7c42f6e56e61cf1d23f19093cbc15e4d26
80322280217,27203602816,ci-1-core,"core (macos-latest, py3.13)",completed,success,2026-06-09T12:28:41Z,2026-06-09T12:42:22Z,821,bc3159f950bed54091fae651323caaa20bb12279
80317366682,27203474109,ci-1-core,"core (macos-latest, py3.13)",completed,success,2026-06-09T12:01:43Z,2026-06-09T12:12:37Z,654,7cb9860833f08a14a784fcd65ca71e2c1e7c75c1
80315509243,27203018810,ci-1-core,"core (macos-latest, py3.13)",completed,cancelled,2026-06-09T11:51:07Z,2026-06-09T12:03:01Z,714,737db0196f962c87f671534ffce948daf98afbf1
80315584251,27202361198,ci-1-core,"core (macos-latest, py3.13)",completed,success,2026-06-09T11:51:33Z,2026-06-09T12:01:57Z,624,4a6b35d458c4eea0b43e49b8f4d34e64257f0981
80316428315,27202333740,ci-1-core,"core (macos-latest, py3.13)",completed,success,2026-06-09T11:56:28Z,2026-06-09T12:12:13Z,945,ff1dbca2dec71cf70afb682b7cfea9fb540c7cc4
80315746380,27202279986,ci-1-core,"core (macos-latest, py3.13)",completed,success,2026-06-09T11:52:30Z,2026-06-09T12:07:10Z,880,88b8d5d28e5814672a02c2e728486ee38f64b850
80311076825,27201522408,ci-1-core,"core (macos-latest, py3.13)",completed,success,2026-06-09T11:25:14Z,2026-06-09T11:38:30Z,796,7fcd276408056201baec0897053c3698b07216f3
80310567119,27201089659,ci-1-core,"core (macos-latest, py3.13)",completed,success,2026-06-09T11:22:15Z,2026-06-09T11:37:13Z,898,147e6417e5f42e56dbee01be145bf8262ee068e2
80309299332,27200347009,ci-1-core,"core (macos-latest, py3.13)",completed,success,2026-06-09T11:14:57Z,2026-06-09T11:28:18Z,801,d636014e89dcf9689cf34a6883aac26eaeffebd5
80303696615,27198918977,ci-1-core,"core (macos-latest, py3.13)",completed,success,2026-06-09T10:42:11Z,2026-06-09T10:56:04Z,833,30636da7715226dd4b437f23f987d2945a273b0c
80303089567,27198539163,ci-1-core,"core (macos-latest, py3.13)",completed,success,2026-06-09T10:38:30Z,2026-06-09T10:53:14Z,884,9fefb5ed140b42c0a4d106d3c066898db6c04097
80304107423,27198264506,ci-1-core,"core (macos-latest, py3.13)",completed,success,2026-06-09T10:44:40Z,2026-06-09T10:55:35Z,655,3d76cb6c8e047af5f5eedb09de059bfdfc8d5959
80299527838,27197543983,ci-1-core,"core (macos-latest, py3.13)",completed,success,2026-06-09T10:17:28Z,2026-06-09T10:32:45Z,917,488a454e0ec89b6a2b6800ecb125e7f1c9522cbf
80299383174,27197404924,ci-1-core,"core (macos-latest, py3.13)",completed,success,2026-06-09T10:16:36Z,2026-06-09T10:30:13Z,817,40d616488a4895507903082ec5a5edbf8d30af81
80299396556,27197204060,ci-1-core,"core (macos-latest, py3.13)",completed,success,2026-06-09T10:16:40Z,2026-06-09T10:27:08Z,628,e999763e36ab40eedc6de284602a501a52719bd7
80294053833,27196538760,ci-1-core,"core (macos-latest, py3.13)",completed,success,2026-06-09T09:46:38Z,2026-06-09T09:59:42Z,784,b2b081246addccf018f552cae8c7e8da9fd28e2a
80294153456,27195735428,ci-1-core,"core (macos-latest, py3.13)",completed,success,2026-06-09T09:47:11Z,2026-06-09T09:57:56Z,645,4378bba158ebe47eec9aa15aff05ddd0fdda2047
80287072496,27194068817,ci-1-core,"core (macos-latest, py3.13)",completed,success,2026-06-09T09:08:06Z,2026-06-09T09:24:20Z,974,92847cd1b726d47e4cb5ee7f2c2a8136cc90cc36
80285321579,27193551462,ci-1-core,"core (macos-latest, py3.13)",completed,success,2026-06-09T08:58:25Z,2026-06-09T09:11:36Z,791,aed6f27666d11396d4f9d44b95e387a98d1070d9
80285031094,27193539083,ci-1-core,"core (macos-latest, py3.13)",completed,success,2026-06-09T08:56:47Z,2026-06-09T09:13:46Z,1019,d996998f0a04131b347fad9f48693fd5a155df17
80282797045,27193164774,ci-1-core,"core (macos-latest, py3.13)",completed,success,2026-06-09T08:43:51Z,2026-06-09T08:57:14Z,803,345b550e646b3ed9eb671f0d880c6c7199a31147
80281661061,27192736527,ci-1-core,"core (macos-latest, py3.13)",completed,failure,2026-06-09T08:42:31Z,2026-06-09T08:55:37Z,786,e236def0131e474a9b7039087cbb383d36a1582e
80280416636,27192535409,ci-1-core,"core (macos-latest, py3.13)",completed,success,2026-06-09T08:30:05Z,2026-06-09T08:40:51Z,646,7c8296dae4fae54c8b982489be8c93ab3ae9ff3f
80278074428,27191819399,ci-1-core,"core (macos-latest, py3.13)",completed,success,2026-06-09T08:16:41Z,2026-06-09T08:34:29Z,1068,975d51df50f1f7e6ec922f564a0a9a2d689a8c6f
80485782834,27253561586,ci-1-core,"core (macos-latest, py3.13)",completed,success,2026-06-10T05:05:20Z,2026-06-10T05:19:03Z,823,ece1db1d88c2cd5f5a1a0c5a167dce8422707620
80484232875,27231831085,ci-1-core,"core (macos-latest, py3.13)",completed,success,2026-06-10T04:50:35Z,2026-06-10T05:05:17Z,882,e219250e225f298d41225adb77f145bf89405a71
80483885414,27230653109,ci-1-core,"core (macos-latest, py3.13)",completed,success,2026-06-10T04:47:19Z,2026-06-10T05:00:36Z,797,26f61dbde4b1e9810cbf9588ceeb118c8ce58b68
80484416694,27230292330,ci-1-core,"core (macos-latest, py3.13)",completed,success,2026-06-10T04:52:21Z,2026-06-10T05:05:22Z,781,345f2ce6f29a28b3cc4290f625245d822c4453d4
80410837428,27229627666,ci-1-core,"core (macos-latest, py3.13)",completed,success,2026-06-09T19:38:01Z,2026-06-09T19:51:58Z,837,808348dd300bd17053d341ab2ae209e0113f84bb
80407055678,27227434898,ci-1-core,"core (macos-latest, py3.13)",completed,success,2026-06-09T19:18:11Z,2026-06-09T19:31:34Z,803,0095ce94861822297b3aa4a694cab7e95fec76c2
80402566170,27227101222,ci-1-core,"core (macos-latest, py3.13)",completed,success,2026-06-09T18:54:51Z,2026-06-09T19:05:23Z,632,abdbca82a64dfc79286f9b3404c0498aa109f5ac
80400590611,27226384417,ci-1-core,"core (macos-latest, py3.13)",completed,success,2026-06-09T18:45:05Z,2026-06-09T19:00:06Z,901,16aa16845a450dddc42e6491ef213e001503e9b1
80398622585,27226147651,ci-1-core,"core (macos-latest, py3.13)",completed,success,2026-06-09T18:35:02Z,2026-06-09T18:49:00Z,838,7f38a369454b8e035b00d2f92aa67c0429889dfd
80399088665,27225763610,ci-1-core,"core (macos-latest, py3.13)",completed,success,2026-06-09T18:37:26Z,2026-06-09T18:48:48Z,682,9e7389054e41c14064a0060a7dd6cc02b2ce4569
80393422143,27224597662,ci-1-core,"core (macos-latest, py3.13)",completed,success,2026-06-09T18:07:59Z,2026-06-09T18:20:56Z,777,2be2797eb7fdad5ad425baa1db2d28223ad5a471
80393585617,27224534365,ci-1-core,"core (macos-latest, py3.13)",completed,cancelled,2026-06-09T18:08:52Z,2026-06-09T18:19:14Z,622,e771459cf5b162abd1ebc12453f9ea586ec02afa
80393398977,27224518403,ci-1-core,"core (macos-latest, py3.13)",completed,success,2026-06-09T18:07:52Z,2026-06-09T18:23:57Z,965,92faeb6429e9120bc72458972451311d56452566
80391469907,27224213850,ci-1-core,"core (macos-latest, py3.13)",completed,success,2026-06-09T17:57:58Z,2026-06-09T18:08:33Z,635,bfd3d654faf94ce18c690a8f49c3848fb23633ac
80389251388,27222978194,ci-1-core,"core (macos-latest, py3.13)",completed,success,2026-06-09T17:46:50Z,2026-06-09T17:57:41Z,651,b08c8ca892185bbad91c8a603ca990430a7b1b52
80384408090,27221966395,ci-1-core,"core (macos-latest, py3.13)",completed,success,2026-06-09T17:21:41Z,2026-06-09T17:37:25Z,944,fe9b9015d4ba011598aab2948e28c90236b4c0fb
80378120741,27219931984,ci-1-core,"core (macos-latest, py3.13)",completed,success,2026-06-09T16:49:41Z,2026-06-09T17:03:50Z,849,e0f6b57ea8bcf1d6d2354ecb2dc131960c6b23ab
80377757386,27219924031,ci-1-core,"core (macos-latest, py3.13)",completed,success,2026-06-09T16:47:47Z,2026-06-09T17:01:39Z,832,36d73f44701521ef914327908454428c374f32f3
80372567769,27218741142,ci-1-core,"core (macos-latest, py3.13)",completed,cancelled,2026-06-09T16:21:22Z,2026-06-09T16:27:16Z,354,e6c87a1dd4c84ea033a7cba7267cc13147922477
80361802361,27215313792,ci-1-core,"core (macos-latest, py3.13)",completed,success,2026-06-09T15:31:01Z,2026-06-09T15:46:44Z,943,95b68f8541c166040eae4092c716ef481e7fb604
80373233644,27215270070,ci-1-core,"core (macos-latest, py3.13)",completed,success,2026-06-09T16:24:42Z,2026-06-09T16:39:32Z,890,54cfcb80e7659421f98493a851a651eb0bc0e142
80361702131,27215248126,ci-1-core,"core (macos-latest, py3.13)",completed,success,2026-06-09T15:30:34Z,2026-06-09T15:44:46Z,852,c09cb12602b84272c71c315c6ec8b3f713a711c1
80373083787,27215233193,ci-1-core,"core (macos-latest, py3.13)",completed,success,2026-06-09T16:23:57Z,2026-06-09T16:38:40Z,883,b10a39bc44ce2347ce9fefa319a54530f6c2294d
80364536148,27215225286,ci-1-core,"core (macos-latest, py3.13)",completed,success,2026-06-09T15:43:13Z,2026-06-09T15:56:58Z,825,0a1c0f1be028ddb5b8522127c91b213e06415007
80373048434,27215223012,ci-1-core,"core (macos-latest, py3.13)",completed,success,2026-06-09T16:23:47Z,2026-06-09T16:38:11Z,864,e6c15fbd0d6582624f3ad69b98860ca1e872b44b
80360514853,27215080654,ci-1-core,"core (macos-latest, py3.13)",completed,success,2026-06-09T15:25:20Z,2026-06-09T15:40:08Z,888,83146e87866f5595471fc4a2e6f9f59762d236a7
80352448187,27213067092,ci-1-core,"core (macos-latest, py3.13)",completed,success,2026-06-09T14:49:13Z,2026-06-09T15:03:38Z,865,45639e57acc07acae3b3ea80907dc25fd26fbd7a
80349970610,27211364659,ci-1-core,"core (macos-latest, py3.13)",completed,success,2026-06-09T14:38:20Z,2026-06-09T14:52:48Z,868,1e6be3f349f24ae7d3ddabe5605f2a31137d5c72
80350935370,27211347231,ci-1-core,"core (macos-latest, py3.13)",completed,success,2026-06-09T14:42:37Z,2026-06-09T14:58:58Z,981,414341414124ebdeae5b26f7c59774c5c4bc1cb0
80345912586,27210884442,ci-1-core,"core (macos-latest, py3.13)",completed,success,2026-06-09T14:20:30Z,2026-06-09T14:31:25Z,655,e8c2d062eced296c330e6f693e6a9219104a8b7f
80346051713,27210722058,ci-1-core,"core (macos-latest, py3.13)",completed,success,2026-06-09T14:21:07Z,2026-06-09T14:34:09Z,782,831e31a4ce6e2706f73d82a16f86f8fc8f3ffc61
80729107052,27325567958,ci-1-core,"core (macos-latest, py3.13)",completed,cancelled,2026-06-11T05:46:31Z,2026-06-11T05:47:31Z,60,8c2983d9a8f299077219f24e151ea3aaa918e539
80725823559,27324530784,ci-1-core,"core (macos-latest, py3.13)",completed,success,2026-06-11T05:17:51Z,2026-06-11T05:38:19Z,1228,3909b0afe7c05ff4e53a4927e63704bcbd4076d4
80677566377,27308222214,ci-1-core,"core (macos-latest, py3.13)",completed,success,2026-06-10T22:18:42Z,2026-06-10T22:39:43Z,1261,77676755850d332c39450e4251b71656aac07967
80670113088,27304289961,ci-1-core,"core (macos-latest, py3.13)",completed,success,2026-06-10T21:33:34Z,2026-06-10T21:57:02Z,1408,8be9f540cd07554ad3d36b22f92d3490c8e10e1d
80659853869,27303151206,ci-1-core,"core (macos-latest, py3.13)",completed,success,2026-06-10T20:39:21Z,2026-06-10T20:51:51Z,750,411a55b0b7db1b4cf66802aa7be3ca48b8727cdc
80654426467,27300568623,ci-1-core,"core (macos-latest, py3.13)",completed,success,2026-06-10T20:11:47Z,2026-06-10T20:26:46Z,899,8bf94544b59ce843fda8740db37a664761607051
80655153693,27300471180,ci-1-core,"core (macos-latest, py3.13)",completed,success,2026-06-10T20:15:23Z,2026-06-10T20:32:55Z,1052,e42ff476208cd1b2855004ffd78ed0a42b400f0c
80655168998,27300455882,ci-1-core,"core (macos-latest, py3.13)",completed,success,2026-06-10T20:15:27Z,2026-06-10T20:29:52Z,865,79b97b9ccdd3013be01047b1267527c0b1c082a0
80655137152,27300258239,ci-1-core,"core (macos-latest, py3.13)",completed,success,2026-06-10T20:15:17Z,2026-06-10T20:37:34Z,1337,82953cb1e2ccb1b541da501a7655cb6ba54cdca7
80655017298,27299732906,ci-1-core,"core (macos-latest, py3.13)",completed,success,2026-06-10T20:14:43Z,2026-06-10T20:28:50Z,847,27d5fd2c2d0aef4c2788853972b867e189803c1f
80646474120,27299553376,ci-1-core,"core (macos-latest, py3.13)",completed,success,2026-06-10T19:32:41Z,2026-06-10T19:46:29Z,828,95c0420f1742e83e8c5c38016bf9516fe65a3217
80631002432,27295092448,ci-1-core,"core (macos-latest, py3.13)",completed,success,2026-06-10T18:15:56Z,2026-06-10T18:31:52Z,956,6e117573bda1587033d5a84b7a623136efd15ed1
80631412086,27294999910,ci-1-core,"core (macos-latest, py3.13)",completed,success,2026-06-10T18:17:55Z,2026-06-10T18:34:46Z,1011,357529609c3936fbf05ec2f18e4fb63c74a98d24
80631760499,27294726308,ci-1-core,"core (macos-latest, py3.13)",completed,success,2026-06-10T18:19:36Z,2026-06-10T18:35:04Z,928,f452edd59940205bd9b119e82b17461bdf723b80
80631487052,27294633844,ci-1-core,"core (macos-latest, py3.13)",completed,success,2026-06-10T18:18:16Z,2026-06-10T18:32:30Z,854,18c9b7519980b031b49bc752c804209b1d8c9a09
80624083564,27293304285,ci-1-core,"core (macos-latest, py3.13)",completed,success,2026-06-10T17:42:34Z,2026-06-10T18:00:46Z,1092,56923969d829bf379da508f324f5298e89cdc8cf
80614825843,27289288210,ci-1-core,"core (macos-latest, py3.13)",completed,success,2026-06-10T16:57:25Z,2026-06-10T17:08:49Z,684,9442958fd6b6718318a601d8c8599e23fe1a7490
80614718068,27288669220,ci-1-core,"core (macos-latest, py3.13)",completed,success,2026-06-10T16:56:53Z,2026-06-10T17:12:05Z,912,88b6e0166569db32b74c45c88266905c880d2bc5
80614825995,27288650147,ci-1-core,"core (macos-latest, py3.13)",completed,success,2026-06-10T16:57:25Z,2026-06-10T17:14:06Z,1001,a19761d9e60f737c3ac5a743a7c8d2b6e042f603
80604461897,27287652214,ci-1-core,"core (macos-latest, py3.13)",completed,success,2026-06-10T16:05:58Z,2026-06-10T16:20:12Z,854,a6db7ac985ccb5e0255be72c02a9ccb51e565535
80594873878,27284897985,ci-1-core,"core (macos-latest, py3.13)",completed,success,2026-06-10T15:17:52Z,2026-06-10T15:32:07Z,855,e58839e7865652125bf1525993837467bb454407
80593174268,27283188657,ci-1-core,"core (macos-latest, py3.13)",completed,success,2026-06-10T15:09:35Z,2026-06-10T15:24:35Z,900,ea9c913047d580f1621cd6ead1c9a0278561ee78
80590338758,27282631623,ci-1-core,"core (macos-latest, py3.13)",completed,success,2026-06-10T14:57:00Z,2026-06-10T15:11:15Z,855,517d4bcdf4d8f88140f59df1db7c90388a70516d
80591198589,27282375967,ci-1-core,"core (macos-latest, py3.13)",completed,success,2026-06-10T15:00:39Z,2026-06-10T15:15:36Z,897,c45d16b80dca2e2eacef0797a12455a52aadbaf7
80584471126,27281861146,ci-1-core,"core (macos-latest, py3.13)",completed,success,2026-06-10T14:31:16Z,2026-06-10T14:48:34Z,1038,e5e01c2ae61e7d0d6b81738cebf50c9e5738d8d3
80585868953,27281269954,ci-1-core,"core (macos-latest, py3.13)",completed,success,2026-06-10T14:43:48Z,2026-06-10T14:57:49Z,841,fa6dd97411e52366d445ec556fe0c6c7ff724864
80579937831,27280712538,ci-1-core,"core (macos-latest, py3.13)",completed,success,2026-06-10T14:11:01Z,2026-06-10T14:26:25Z,924,d6348c2ced84ae299c1f3289c294939f9f444476
80579842869,27280494209,ci-1-core,"core (macos-latest, py3.13)",completed,success,2026-06-10T14:10:36Z,2026-06-10T14:27:04Z,988,7f560e29d049cefdeca655a771d71097ee3be11d
80571719373,27278479574,ci-1-core,"core (macos-latest, py3.13)",completed,cancelled,2026-06-10T13:34:15Z,2026-06-10T13:44:33Z,618,facb127e7472fc663850430a7bf442165491f146
80571785765,27278223711,ci-1-core,"core (macos-latest, py3.13)",completed,success,2026-06-10T13:37:00Z,2026-06-10T13:51:02Z,842,34ed7d4cca11dfed6bf3452c106f221cffb19f81
80571600159,27277992479,ci-1-core,"core (macos-latest, py3.13)",completed,success,2026-06-10T13:33:44Z,2026-06-10T13:49:31Z,947,61d7ab70a573fa4690f2f9a3cb15b413e4e31add
80571663223,27277863012,ci-1-core,"core (macos-latest, py3.13)",completed,success,2026-06-10T13:34:02Z,2026-06-10T13:50:03Z,961,70ad82111661bdc7cc088c50eb4979129a5fbfc6
80571213795,27277794778,ci-1-core,"core (macos-latest, py3.13)",completed,success,2026-06-10T13:32:01Z,2026-06-10T13:46:58Z,897,5969af3d245233b6f2c91c217c21878f5efc5f9f
80565320061,27276832616,ci-1-core,"core (macos-latest, py3.13)",completed,cancelled,2026-06-10T13:04:44Z,2026-06-10T13:08:29Z,225,4b3b0e87d615b785965d5f11bd1026d63c07d363
80561293733,27275076213,ci-1-core,"core (macos-latest, py3.13)",completed,success,2026-06-10T12:45:05Z,2026-06-10T12:56:58Z,713,f2fce6030af3f99103d8bb46ceb0d7730caea152
80558804912,27274944095,ci-1-core,"core (macos-latest, py3.13)",completed,cancelled,2026-06-10T12:31:58Z,2026-06-10T12:39:14Z,436,57008b953b014f1a740fe5c70f9174bdfa86715d
80558691874,27274066489,ci-1-core,"core (macos-latest, py3.13)",completed,success,2026-06-10T12:31:22Z,2026-06-10T12:48:49Z,1047,f8ca46de151f1c9260d75191eba4c09cc43bef78
80558430871,27274062658,ci-1-core,"core (macos-latest, py3.13)",completed,success,2026-06-10T12:30:00Z,2026-06-10T12:45:46Z,946,2cd5c1bd843b131e90cb7c05f1c46d22dfe9615a
80558169016,27274048026,ci-1-core,"core (macos-latest, py3.13)",completed,success,2026-06-10T12:28:51Z,2026-06-10T12:44:34Z,943,b774f192851f74475d9e01afb7a36fa2149417d1
80558116324,27274034608,ci-1-core,"core (macos-latest, py3.13)",completed,success,2026-06-10T12:28:32Z,2026-06-10T12:43:05Z,873,241d90ef1f7850f7d690b39a8365c4ac4ba16632
80553174451,27273172347,ci-1-core,"core (macos-latest, py3.13)",completed,cancelled,2026-06-10T12:02:11Z,2026-06-10T12:05:20Z,189,54c79dcb3e900ff430e35a9077d1a2d34591c44f
80545106405,27270518424,ci-1-core,"core (macos-latest, py3.13)",completed,success,2026-06-10T11:16:55Z,2026-06-10T11:31:15Z,860,7201a6f8f639bf9aa8a471837ff3e28486b3e4e4
80542223012,27270341824,ci-1-core,"core (macos-latest, py3.13)",completed,cancelled,2026-06-10T11:00:25Z,2026-06-10T11:05:48Z,323,80154afcfe1fdba1d63702a6dff491b5e3d75cf5
80542530911,27268543754,ci-1-core,"core (macos-latest, py3.13)",completed,success,2026-06-10T11:02:08Z,2026-06-10T11:17:47Z,939,f4364d39de5b82be274963f577500946ce06510d
80542460000,27268484367,ci-1-core,"core (macos-latest, py3.13)",completed,success,2026-06-10T11:01:44Z,2026-06-10T11:15:51Z,847,23d8a20f6aa80cf0cbe2f77f5d68372a8dbf9eed
80542419947,27268479133,ci-1-core,"core (macos-latest, py3.13)",completed,success,2026-06-10T11:01:29Z,2026-06-10T11:14:06Z,757,f5b3da647777c32f7e9415c95f15e238b2a76fc5
80532710348,27267420614,ci-1-core,"core (macos-latest, py3.13)",completed,success,2026-06-10T10:05:23Z,2026-06-10T10:16:26Z,663,d552bbbfe19079c7159fcf9f71482f00f743e3ad
80532561643,27266499779,ci-1-core,"core (macos-latest, py3.13)",completed,success,2026-06-10T10:04:35Z,2026-06-10T10:20:51Z,976,521790f550469e4257ad59ca249a67c6d9f6421d
80532638022,27265784883,ci-1-core,"core (macos-latest, py3.13)",completed,success,2026-06-10T10:05:00Z,2026-06-10T10:16:59Z,719,c7517a2c9d720c7cf570c26a98b42017950974bd
80526833497,27265681695,ci-1-core,"core (macos-latest, py3.13)",completed,cancelled,2026-06-10T09:33:25Z,2026-06-10T09:39:21Z,356,a6b9ca3f19d27dfed03ae58730fddf9206a6c30e
80526168672,27265322315,ci-1-core,"core (macos-latest, py3.13)",completed,success,2026-06-10T09:29:53Z,2026-06-10T09:42:54Z,781,c10a169963fd86cd4428e6cc7d5c223070b64638
80526565182,27264882773,ci-1-core,"core (macos-latest, py3.13)",completed,cancelled,2026-06-10T09:31:57Z,2026-06-10T09:40:16Z,499,464883efe1969fd96608a5e5bfee25f3515a0ef9
80520618442,27263819717,ci-1-core,"core (macos-latest, py3.13)",completed,cancelled,2026-06-10T08:59:50Z,2026-06-10T09:07:32Z,462,1c625e6b79410ab98b628a39acd5727a711fea5e
80519215274,27263422320,ci-1-core,"core (macos-latest, py3.13)",completed,success,2026-06-10T08:52:12Z,2026-06-10T09:05:19Z,787,341b20dea0eada3e45960b05fc3ab80fd60c561a
80514135249,27261612334,ci-1-core,"core (macos-latest, py3.13)",completed,success,2026-06-10T08:24:52Z,2026-06-10T08:36:47Z,715,d87a82538d9c85bb4da425ced1158a3231a66e6d
80512893613,27261525395,ci-1-core,"core (macos-latest, py3.13)",completed,success,2026-06-10T08:17:49Z,2026-06-10T08:35:16Z,1047,c97c50ab94db87efd4b0c52c576cb8ccb6f3fe28
80512356706,27261479769,ci-1-core,"core (macos-latest, py3.13)",completed,cancelled,2026-06-10T08:14:45Z,2026-06-10T08:16:44Z,119,c999774d8d3fc021d51eaf3384faa829e0d40767
80508026946,27260196021,ci-1-core,"core (macos-latest, py3.13)",completed,success,2026-06-10T07:49:34Z,2026-06-10T08:05:24Z,950,3464a39a9e2c4822c5758763865dc4ddc1f1924a
80506527373,27259678698,ci-1-core,"core (macos-latest, py3.13)",completed,success,2026-06-10T07:40:36Z,2026-06-10T07:57:01Z,985,555095da88777f823c10b67bdb8f04d63096ffe5
80506828516,27259468513,ci-1-core,"core (macos-latest, py3.13)",completed,success,2026-06-10T07:42:25Z,2026-06-10T07:56:55Z,870,ee320dfe8b94884dd52ac15d7d6ad47acc0a356b
80502569831,27257712331,ci-1-core,"core (macos-latest, py3.13)",completed,success,2026-06-10T07:15:50Z,2026-06-10T07:32:28Z,998,ed37f135d7e902c6e358faf65ddd24812f276556
80502346306,27257632048,ci-1-core,"core (macos-latest, py3.13)",completed,success,2026-06-10T07:14:20Z,2026-06-10T07:28:30Z,850,74d4dad82aa23491235f40499781c388b2f9238b
80497209556,27257102386,ci-1-core,"core (macos-latest, py3.13)",completed,cancelled,2026-06-10T06:39:02Z,2026-06-10T06:50:09Z,667,9ed3bce6a007111a2ce1d27bea6c2fdd36ab1c05
80497229680,27257044105,ci-1-core,"core (macos-latest, py3.13)",completed,success,2026-06-10T06:39:10Z,2026-06-10T06:54:26Z,916,c5fc24e5bdea8da006b4af9e62b7a3f9b1571d45
80494239359,27256193048,ci-1-core,"core (macos-latest, py3.13)",completed,success,2026-06-10T06:17:27Z,2026-06-10T06:32:11Z,884,c7886bc29db2193d47d38c3b5f9a59542a6801d3
80761090872,27334721670,ci-1-core,"core (macos-latest, py3.13)",completed,success,2026-06-11T09:08:13Z,2026-06-11T09:22:41Z,868,21a68b8ea554e46366e18654100b56e25b1727a3
80761750416,27334619620,ci-1-core,"core (macos-latest, py3.13)",completed,success,2026-06-11T09:18:02Z,2026-06-11T09:32:57Z,895,f9e5845b8729b9f9eb2e2e327094ac10cd8a231a
80761370115,27334536631,ci-1-core,"core (macos-latest, py3.13)",completed,success,2026-06-11T09:17:32Z,2026-06-11T09:32:04Z,872,24ba313ca222d943438eb69c4318356f34e296af
80759072681,27334408100,ci-1-core,"core (macos-latest, py3.13)",completed,success,2026-06-11T08:57:37Z,2026-06-11T09:17:59Z,1222,fb36ecd02b550211d71b91763fad1a72815f8712
80759647527,27334305286,ci-1-core,"core (macos-latest, py3.13)",completed,success,2026-06-11T09:00:37Z,2026-06-11T09:17:30Z,1013,a0cb24ba214491ee889d1b686d948f77e83554c5
80761303651,27333819701,ci-1-core,"core (macos-latest, py3.13)",completed,success,2026-06-11T09:09:20Z,2026-06-11T09:25:45Z,985,b7169cfe2bed76719ca207466530115db9f5d7ea
80761294477,27333179631,ci-1-core,"core (macos-latest, py3.13)",completed,success,2026-06-11T09:09:16Z,2026-06-11T09:34:21Z,1505,11e6e8d28e3536ec4b6685784ccd53fcdd4d28cb
80754145410,27332895723,ci-1-core,"core (macos-latest, py3.13)",completed,success,2026-06-11T08:30:44Z,2026-06-11T08:57:09Z,1585,2884bf34c4454f007f55ce0d7474ec0d0c1a1184
80755219989,27331156996,ci-1-core,"core (macos-latest, py3.13)",completed,success,2026-06-11T08:38:42Z,2026-06-11T08:56:04Z,1042,93777387d59b8bceae35f9dcc71d3547a73664b5
80755591538,27330523198,ci-1-core,"core (macos-latest, py3.13)",completed,success,2026-06-11T08:42:38Z,2026-06-11T09:03:57Z,1279,cff9e6d55c6071ba8c72e427bdbf357bee89c113
80743534693,27329918276,ci-1-core,"core (macos-latest, py3.13)",completed,success,2026-06-11T07:29:40Z,2026-06-11T07:45:53Z,973,d9864402b4337e5914b012747742f3214b28c23f
80741085561,27329203964,ci-1-core,"core (macos-latest, py3.13)",completed,success,2026-06-11T07:13:57Z,2026-06-11T07:29:09Z,912,360a87b5c6acf4e36691d3d2dd18e328b4668a6d
80739388582,27328328732,ci-1-core,"core (macos-latest, py3.13)",completed,success,2026-06-11T07:02:57Z,2026-06-11T07:25:25Z,1348,48461d94e8d9129b0f6554c9b7ca593447ce9584
80739428774,27327925630,ci-1-core,"core (macos-latest, py3.13)",completed,success,2026-06-11T07:03:14Z,2026-06-11T07:29:25Z,1571,f47e111d6f207482c06c98a5e2d9ef7ffa40eac1
80735939806,27327345488,ci-1-core,"core (macos-latest, py3.13)",completed,success,2026-06-11T06:39:36Z,2026-06-11T07:04:30Z,1494,b46621ffccbfe0f44bb9b4f9c1325bfcd2924069
80734893381,27327297139,ci-1-core,"core (macos-latest, py3.13)",completed,success,2026-06-11T06:32:07Z,2026-06-11T06:45:53Z,826,768f7199a438851fdeda8ed1d46fd53f61c4b339
80813915822,27349687405,ci-1-core,"core (macos-latest, py3.13)",completed,success,2026-06-11T13:47:06Z,2026-06-11T14:01:56Z,890,7dc8adec08bdd7591832f615b8028168a9f616e4
80813490742,27349201427,ci-1-core,"core (macos-latest, py3.13)",completed,success,2026-06-11T13:45:21Z,2026-06-11T14:02:02Z,1001,15157333865cc90c29c01c43c369b8fcf2139750
80813975298,27348631925,ci-1-core,"core (macos-latest, py3.13)",completed,success,2026-06-11T13:47:20Z,2026-06-11T14:02:24Z,904,d1f3097ae53cf72ed251154c236eec486fd3c088
80807609324,27347703676,ci-1-core,"core (macos-latest, py3.13)",completed,cancelled,2026-06-11T13:18:26Z,2026-06-11T13:20:07Z,101,9272f6987c4f517e138fb466beabc0c5656301a9
80806308856,27346826687,ci-1-core,"core (macos-latest, py3.13)",completed,success,2026-06-11T13:12:19Z,2026-06-11T13:26:28Z,849,b0f0f035f3eead4a49bc11c6f68bfbf1d9c94771
80803576552,27346440733,ci-1-core,"core (macos-latest, py3.13)",completed,success,2026-06-11T12:59:27Z,2026-06-11T13:16:11Z,1004,0df3031fdc61564adeed72822eebe5f74040b169
80803696869,27346077395,ci-1-core,"core (macos-latest, py3.13)",completed,success,2026-06-11T13:00:02Z,2026-06-11T13:12:07Z,725,0067ae3e5d6c871b56c037e234678e1c9a7469ba
80804393028,27345951027,ci-1-core,"core (macos-latest, py3.13)",completed,success,2026-06-11T13:03:21Z,2026-06-11T13:15:57Z,756,8908ed419ae716f0e140d7657bfc7e5b9c010e25
80798706661,27345466964,ci-1-core,"core (macos-latest, py3.13)",completed,success,2026-06-11T12:36:25Z,2026-06-11T12:53:47Z,1042,a463bbc0863af81426cd88310b6485b72d5eeeb5
80798397309,27345443676,ci-1-core,"core (macos-latest, py3.13)",completed,success,2026-06-11T12:37:44Z,2026-06-11T12:51:24Z,820,acba66535c1b1e53535162c58de636699fa9d9af
80797695013,27345366112,ci-1-core,"core (macos-latest, py3.13)",completed,success,2026-06-11T12:32:52Z,2026-06-11T12:47:40Z,888,b08df96102edb152ade210b27000e5cc246dd7fe
80795436448,27344705941,ci-1-core,"core (macos-latest, py3.13)",completed,cancelled,2026-06-11T12:18:38Z,2026-06-11T12:27:27Z,529,db71679359b11924cfc5c4667ea2465b86d2bd02
80795490769,27344605534,ci-1-core,"core (macos-latest, py3.13)",completed,cancelled,2026-06-11T12:18:57Z,2026-06-11T12:33:36Z,879,8eee3bedb20c1b2fd57ca8e589ba4472d587406f
80786318090,27341972010,ci-1-core,"core (macos-latest, py3.13)",completed,success,2026-06-11T11:28:31Z,2026-06-11T11:45:04Z,993,1aec24895a87f147f20dd619739e55889cb40427
80785331829,27341817806,ci-1-core,"core (macos-latest, py3.13)",completed,success,2026-06-11T11:22:46Z,2026-06-11T11:36:31Z,825,04f8f3e092fb02aa2e236e2860c8c22b1eb739d8
80796644883,27341689252,ci-1-core,"core (macos-latest, py3.13)",completed,success,2026-06-11T12:25:20Z,2026-06-11T12:41:25Z,965,955df521a82de72d61bc1e857bbf03fa3c23719d
80784891072,27341675292,ci-1-core,"core (macos-latest, py3.13)",completed,success,2026-06-11T11:20:14Z,2026-06-11T11:36:51Z,997,4d2801ac2d3ec479db23aa17efe75b9d51e94b6c
80784618629,27340863433,ci-1-core,"core (macos-latest, py3.13)",completed,success,2026-06-11T11:18:40Z,2026-06-11T11:34:10Z,930,a9c0d6da4210a6d96665174a22e2e8c1a0b19d24
80794798858,27340690464,ci-1-core,"core (macos-latest, py3.13)",completed,success,2026-06-11T12:15:17Z,2026-06-11T12:32:50Z,1053,f9b7240c5c29adbcc136b6b4d13e1fdf1e40df58
80780072356,27340434537,ci-1-core,"core (macos-latest, py3.13)",completed,success,2026-06-11T10:52:44Z,2026-06-11T11:09:50Z,1026,bde5fd260498f07512e45bacb122733f27e1be76
80780517377,27340326063,ci-1-core,"core (macos-latest, py3.13)",completed,success,2026-06-11T11:01:29Z,2026-06-11T11:16:26Z,897,7f2bc97249047d1820f1ad9edcd482e69b9cf3bd
80779344868,27340205210,ci-1-core,"core (macos-latest, py3.13)",completed,success,2026-06-11T10:48:02Z,2026-06-11T11:05:18Z,1036,fd86e2dd925281a27a94d8f6d1de54381769f8ec
80779595027,27340137421,ci-1-core,"core (macos-latest, py3.13)",completed,success,2026-06-11T10:53:10Z,2026-06-11T11:07:56Z,886,4846d397c7cf83303f84739ed02ca5448a587922
80779099936,27339421429,ci-1-core,"core (macos-latest, py3.13)",completed,success,2026-06-11T10:46:33Z,2026-06-11T11:01:15Z,882,0770eaf35610387fff8c908d73242dc18e70d9fa
80779556527,27339351438,ci-1-core,"core (macos-latest, py3.13)",completed,success,2026-06-11T10:49:14Z,2026-06-11T11:01:19Z,725,8438470aafbd3b9c5c42fb29f5fb823421ae6c2f
80776861766,27339265478,ci-1-core,"core (macos-latest, py3.13)",completed,success,2026-06-11T10:35:13Z,2026-06-11T10:52:20Z,1027,bab104586fa24fb9e00168cc24b5164ab8dda8fd
80776924472,27339207046,ci-1-core,"core (macos-latest, py3.13)",completed,success,2026-06-11T10:38:15Z,2026-06-11T10:53:07Z,892,220030287f79f1cd83bb0b05d002fb9ff6bef920
80838661108,27356526251,ci-1-core,"core (macos-latest, py3.13)",completed,success,2026-06-11T15:33:10Z,2026-06-11T15:44:51Z,701,cba28fa3efe6f18a7b50129244e50e5ff546d772
80833113869,27354776922,ci-1-core,"core (macos-latest, py3.13)",completed,success,2026-06-11T15:09:01Z,2026-06-11T15:26:05Z,1024,4a814b9c7668d2ed1228b31824f8786c746a1841
80834948798,27353819983,ci-1-core,"core (macos-latest, py3.13)",completed,success,2026-06-11T15:16:55Z,2026-06-11T15:32:53Z,958,ae9b6c25a912a61c33f7295461153e54d84e9ab0
80829110839,27353410828,ci-1-core,"core (macos-latest, py3.13)",completed,success,2026-06-11T14:52:17Z,2026-06-11T15:07:58Z,941,ffcde2b7b77c6535d2dd4a82a77e05495105cc2f
80972147132,27397686609,ci-1-core,"core (macos-latest, py3.13)",completed,cancelled,2026-06-12T06:30:26Z,2026-06-12T06:39:19Z,533,119ea232d8ce27eda7689d2b5f8c2fd568264fdb
80971578880,27397414263,ci-1-core,"core (macos-latest, py3.13)",completed,success,2026-06-12T06:25:48Z,2026-06-12T06:40:05Z,857,10483ef04b5219a32d590091024f85999b4e5942
80971433695,27397362939,ci-1-core,"core (macos-latest, py3.13)",completed,success,2026-06-12T06:24:35Z,2026-06-12T06:38:20Z,825,6e6b2934220bdd7fc558138c26ad6a536411ac6b
80970088951,27397283709,ci-1-core,"core (macos-latest, py3.13)",completed,success,2026-06-12T06:13:56Z,2026-06-12T06:28:00Z,844,f3b23a26dd96867880998f5b8b6270af8e227ac3
80969346439,27397012126,ci-1-core,"core (macos-latest, py3.13)",completed,success,2026-06-12T06:06:51Z,2026-06-12T06:20:59Z,848,2cefa2f137506ee3ca9ef56306755d53890bcb31
80969173012,27396914451,ci-1-core,"core (macos-latest, py3.13)",completed,success,2026-06-12T06:05:25Z,2026-06-12T06:20:12Z,887,75de432fcdd5bd2a807a257f8cf57cd354522dde
80965590547,27374874153,ci-1-core,"core (macos-latest, py3.13)",completed,success,2026-06-12T05:33:46Z,2026-06-12T05:48:07Z,861,8925688ca122d3c70920e01062c523dfed5c6fbd
80967121441,27373328166,ci-1-core,"core (macos-latest, py3.13)",completed,success,2026-06-12T05:47:27Z,2026-06-12T06:00:27Z,780,f8ca887d8fd76091cb0ab79e3ee0e654fbaabada
80892552984,27372383268,ci-1-core,"core (macos-latest, py3.13)",completed,success,2026-06-11T19:59:24Z,2026-06-11T20:14:37Z,913,3ae83a49bcfbd08b6b76eb9f9d5c4aae3856bb2f
80892896450,27371714428,ci-1-core,"core (macos-latest, py3.13)",completed,success,2026-06-11T20:01:07Z,2026-06-11T20:13:45Z,758,acfa7499cad7ddaf55cc6cc7da6f80da7aa8de5f
80892594952,27370256046,ci-1-core,"core (macos-latest, py3.13)",completed,success,2026-06-11T19:59:37Z,2026-06-11T20:15:23Z,946,c9ef5d77a140ccfef0836a6fc7a987673b4b4239
80884596334,27370078528,ci-1-core,"core (macos-latest, py3.13)",completed,cancelled,2026-06-11T19:17:29Z,2026-06-11T19:33:01Z,932,605379c3db8464f10426e9ac5b90b610da87bb66
80883640810,27369520369,ci-1-core,"core (macos-latest, py3.13)",completed,success,2026-06-11T19:12:30Z,2026-06-11T19:27:26Z,896,a10062c86909e894792bd3a7872cc76c08d9259e
80884010629,27368828711,ci-1-core,"core (macos-latest, py3.13)",completed,success,2026-06-11T19:14:23Z,2026-06-11T19:29:25Z,902,a8d3554c9c9d67f96586f935479bc8a334264efe
80883824947,27368454705,ci-1-core,"core (macos-latest, py3.13)",completed,success,2026-06-11T19:13:27Z,2026-06-11T19:30:34Z,1027,2be838e59c70802babb9fd7779b14d6b03025c60
80879377188,27368311473,ci-1-core,"core (macos-latest, py3.13)",completed,success,2026-06-11T18:51:13Z,2026-06-11T19:07:46Z,993,f29870b66b68b3e28ef841b228da0c4a9446748d
80879336553,27367987730,ci-1-core,"core (macos-latest, py3.13)",completed,success,2026-06-11T18:51:01Z,2026-06-11T19:07:14Z,973,93c3f79fc87ae3bd797f82a5a92bda169f52c0ab
80874319011,27367002959,ci-1-core,"core (macos-latest, py3.13)",completed,success,2026-06-11T18:25:17Z,2026-06-11T18:42:46Z,1049,c10274da5e98050441bd2efe5210fb2fb247c8e3
80862614538,27363642084,ci-1-core,"core (macos-latest, py3.13)",completed,success,2026-06-11T17:26:44Z,2026-06-11T17:41:20Z,876,7e59f4eeec698705db9c40085b8eb9fdf132342a
80875244451,27363495882,ci-1-core,"core (macos-latest, py3.13)",completed,success,2026-06-11T18:30:10Z,2026-06-11T18:45:09Z,899,85e38db0707371148efdc6da2baf867b82837f58
80858586453,27362426650,ci-1-core,"core (macos-latest, py3.13)",completed,success,2026-06-11T17:06:52Z,2026-06-11T17:21:26Z,874,3933f008308aa5bebd3b6afcff6cb1e15c26d5bf
80858901874,27362371450,ci-1-core,"core (macos-latest, py3.13)",completed,success,2026-06-11T17:08:27Z,2026-06-11T17:22:49Z,862,a757603ad32eea8d625c96a21e53496740be4ce5
80859799531,27361494921,ci-1-core,"core (macos-latest, py3.13)",completed,success,2026-06-11T17:12:57Z,2026-06-11T17:28:30Z,933,b7254adf690282ffe4ba17a1420b05dfbd14cffe
80858809713,27361470810,ci-1-core,"core (macos-latest, py3.13)",completed,success,2026-06-11T17:07:59Z,2026-06-11T17:24:03Z,964,9c8f468a111e5b0c3621d2a69b5afc25c25dca31
80854836919,27361366539,ci-1-core,"core (macos-latest, py3.13)",completed,cancelled,2026-06-11T16:47:50Z,2026-06-11T17:00:46Z,776,c12e60e6839f86c72a12b52c005857295fea04b1
80852429603,27360579364,ci-1-core,"core (macos-latest, py3.13)",completed,success,2026-06-11T16:36:04Z,2026-06-11T16:54:28Z,1104,c4b5eeffa3ecc781243121658a34b3a2850e16cd
81038810172,27417432476,ci-1-core,"core (macos-latest, py3.13)",completed,success,2026-06-12T13:31:17Z,2026-06-12T13:46:11Z,894,3cf2a0d425dc83794bd4871391099ed971e9f058
81038099770,27417269883,ci-1-core,"core (macos-latest, py3.13)",completed,cancelled,2026-06-12T13:27:33Z,2026-06-12T13:32:56Z,323,a6c0f1ded5bb1085792d45842293a3fd2f01b25e
81037312006,27416936081,ci-1-core,"core (macos-latest, py3.13)",completed,success,2026-06-12T13:23:22Z,2026-06-12T13:35:12Z,710,fe0f7d99e9b61dfffd16048e814fe6f76b2d8432
81031022122,27415241396,ci-1-core,"core (macos-latest, py3.13)",completed,success,2026-06-12T12:48:27Z,2026-06-12T13:03:30Z,903,e1c76e90e40f748f13a3ceecb1e5511837fe2297
81027809292,27413879877,ci-1-core,"core (macos-latest, py3.13)",completed,success,2026-06-12T12:29:20Z,2026-06-12T12:41:08Z,708,ab3f16d397fd680a4b27c5cc7259e158830b3bdc
81025152965,27413660480,ci-1-core,"core (macos-latest, py3.13)",completed,cancelled,2026-06-12T12:13:09Z,2026-06-12T12:15:03Z,114,43f9a1fd8796418a31157bd9a26447f6ed4a268f
81024810430,27413240086,ci-1-core,"core (macos-latest, py3.13)",completed,success,2026-06-12T12:11:04Z,2026-06-12T12:27:58Z,1014,7171f2b9bf79e6adff82198e1df12e6ad46b30fc
81023298140,27412861432,ci-1-core,"core (macos-latest, py3.13)",completed,success,2026-06-12T12:01:52Z,2026-06-12T12:19:31Z,1059,e9b28b2ac7de1113ddb84cd79641e44a7ea19c08
81018355014,27411685153,ci-1-core,"core (macos-latest, py3.13)",completed,success,2026-06-12T11:30:26Z,2026-06-12T11:46:01Z,935,2eb9627867a69852fc9a2bc6ec7eaa67ae48868e
81017851213,27411581728,ci-1-core,"core (macos-latest, py3.13)",completed,cancelled,2026-06-12T11:27:11Z,2026-06-12T11:29:54Z,163,4cc66d19c0018e4b3eb0a569e21a9559932a8958
81015657606,27410468898,ci-1-core,"core (macos-latest, py3.13)",completed,success,2026-06-12T11:13:07Z,2026-06-12T11:26:11Z,784,7865fd582845a95856a5f6a7580419ea9bddc301
81013849750,27410311103,ci-1-core,"core (macos-latest, py3.13)",completed,success,2026-06-12T11:01:20Z,2026-06-12T11:15:12Z,832,a4c2a8a0daa0f2ceb70be8af3cfb0e17a93fc629
81012955777,27409973153,ci-1-core,"core (macos-latest, py3.13)",completed,success,2026-06-12T10:55:21Z,2026-06-12T11:09:26Z,845,832e346c051507fff8a4b04d3eb41611487cee29
81012942347,27409814881,ci-1-core,"core (macos-latest, py3.13)",completed,success,2026-06-12T10:55:16Z,2026-06-12T11:09:30Z,854,60e332df0058fda2f6a8f454d84f49277e788eac
81011630867,27409694930,ci-1-core,"core (macos-latest, py3.13)",completed,success,2026-06-12T10:46:37Z,2026-06-12T11:01:30Z,893,b22de8208198c81b1f7920477580ed16698a7434
81011518779,27409672126,ci-1-core,"core (macos-latest, py3.13)",completed,cancelled,2026-06-12T10:45:53Z,2026-06-12T10:56:10Z,617,9fc56cc390f64c8e21d4758c8ad59f17ed6d6b45
81010077692,27409011504,ci-1-core,"core (macos-latest, py3.13)",completed,success,2026-06-12T10:37:59Z,2026-06-12T10:55:27Z,1048,27ecfa5c7305d8c8d9f6789be1b837a63784df5e
81008962715,27408247770,ci-1-core,"core (macos-latest, py3.13)",completed,success,2026-06-12T10:29:24Z,2026-06-12T10:46:00Z,996,99cdd5b3f305ee8fcbf4a7778af90cd1e4384d14
81004199832,27407453246,ci-1-core,"core (macos-latest, py3.13)",completed,success,2026-06-12T09:59:38Z,2026-06-12T10:14:48Z,910,b370477c1343d5027f4d466621331dcb559272c6
81003361868,27406800760,ci-1-core,"core (macos-latest, py3.13)",completed,success,2026-06-12T09:54:31Z,2026-06-12T10:09:06Z,875,aa362c80daee9e4c8d50c53bd5aed0c6dd2081f0
80999536346,27405550170,ci-1-core,"core (macos-latest, py3.13)",completed,success,2026-06-12T09:31:29Z,2026-06-12T09:45:23Z,834,b52dbba2e49afe5f7da31cf171630b9593795687
80994569824,27404571423,ci-1-core,"core (macos-latest, py3.13)",completed,success,2026-06-12T09:01:02Z,2026-06-12T09:17:04Z,962,a844962f693c08114a46a1352437689887098253
80994532180,27404408632,ci-1-core,"core (macos-latest, py3.13)",completed,cancelled,2026-06-12T09:00:50Z,2026-06-12T09:03:43Z,173,4cac8ca3a9aac4d7fe25bde394785f48ef1a64da
80994439083,27403305601,ci-1-core,"core (macos-latest, py3.13)",completed,success,2026-06-12T09:00:17Z,2026-06-12T09:15:58Z,941,aba9be05232bd37a12067afbbfb09b27ccac30fd
80989008851,27402855925,ci-1-core,"core (macos-latest, py3.13)",completed,success,2026-06-12T08:27:32Z,2026-06-12T08:45:01Z,1049,a400b64585a77bbb002ea5d38cd8d3d033d3c833
80988648128,27402705340,ci-1-core,"core (macos-latest, py3.13)",completed,success,2026-06-12T08:24:59Z,2026-06-12T08:38:15Z,796,1aaff4d490a07bb637b2861941799f689edf36a4
80988790400,27402569351,ci-1-core,"core (macos-latest, py3.13)",completed,success,2026-06-12T08:25:53Z,2026-06-12T08:39:19Z,806,d2c1a8ebfac396dc7c193bda5e8d0ee9c3441771
80988249125,27402365325,ci-1-core,"core (macos-latest, py3.13)",completed,success,2026-06-12T08:22:23Z,2026-06-12T08:36:53Z,870,c97faeac75355c38f2dfa2532def6f2a282e6b63
80985579812,27401926895,ci-1-core,"core (macos-latest, py3.13)",completed,success,2026-06-12T08:08:15Z,2026-06-12T08:22:20Z,845,fb89ae289f82a8d1bc7357d4346c21c2bf5dff30
80986303714,27401896254,ci-1-core,"core (macos-latest, py3.13)",completed,success,2026-06-12T08:09:47Z,2026-06-12T08:25:02Z,915,d63243a048e84d8c776b465a24a8b3cfd2a22f30
80986144165,27401801254,ci-1-core,"core (macos-latest, py3.13)",completed,success,2026-06-12T08:08:51Z,2026-06-12T08:25:00Z,969,d1e52aaa7f24cdbed0cf5ca4bd2bef7422ee65cb
80984619064,27401651198,ci-1-core,"core (macos-latest, py3.13)",completed,success,2026-06-12T07:59:02Z,2026-06-12T08:10:59Z,717,8687023d649ee13302d21ec572f72d46ed7d19d2
80980489522,27400408271,ci-1-core,"core (macos-latest, py3.13)",completed,success,2026-06-12T07:31:18Z,2026-06-12T07:46:49Z,931,7843ceb23110c366908552f1b251c4ed20695f53
81124798896,27442824953,ci-1-core,"core (macos-latest, py3.13)",completed,success,2026-06-12T21:27:39Z,2026-06-12T21:41:42Z,843,e43cd1fe6b7ebd781724596cf959b14df9c528ed
81124676722,27439747093,ci-1-core,"core (macos-latest, py3.13)",completed,success,2026-06-12T21:26:48Z,2026-06-12T21:38:43Z,715,85823c378e31f308503cea72b82e211ee732acd4
81114609231,27439626758,ci-1-core,"core (macos-latest, py3.13)",completed,success,2026-06-12T20:23:51Z,2026-06-12T20:39:33Z,942,07386477cf67420eb542c5b11c47bd7f8b5d116c
81114742273,27437708627,ci-1-core,"core (macos-latest, py3.13)",completed,success,2026-06-12T20:24:46Z,2026-06-12T20:41:25Z,999,1adad7b061e75ba0b9d487b3ca1659abeaf9d5f4
81114921096,27437545740,ci-1-core,"core (macos-latest, py3.13)",completed,success,2026-06-12T20:25:41Z,2026-06-12T20:41:18Z,937,c133e5ce1c415c895e11fafd01e9e8457b35230c
81108399486,27437507134,ci-1-core,"core (macos-latest, py3.13)",completed,cancelled,2026-06-12T19:47:01Z,2026-06-12T19:56:59Z,598,004c0e61faae7376e33912644a0b290af0373012
81105915976,27436934263,ci-1-core,"core (macos-latest, py3.13)",completed,success,2026-06-12T19:32:11Z,2026-06-12T19:48:58Z,1007,f490f2525d37dc5cff89927beec6979044099371
81106441925,27436353512,ci-1-core,"core (macos-latest, py3.13)",completed,success,2026-06-12T19:35:21Z,2026-06-12T19:47:35Z,734,9e4241f16c5a79e23ebc529e868a838364f2dd2c
81102927718,27435999629,ci-1-core,"core (macos-latest, py3.13)",completed,success,2026-06-12T19:15:46Z,2026-06-12T19:31:21Z,935,e5e246bd7b3d636c80d31e02665fa196070df796
81102677459,27435872822,ci-1-core,"core (macos-latest, py3.13)",completed,success,2026-06-12T19:13:14Z,2026-06-12T19:28:44Z,930,721437b35a45f580145a3f37acab4796751bb6b5
81102340615,27435674047,ci-1-core,"core (macos-latest, py3.13)",completed,success,2026-06-12T19:11:18Z,2026-06-12T19:25:08Z,830,ee38e6fef5cbbcf11f8066afd5bf6ae68044bf83
81102785717,27435362686,ci-1-core,"core (macos-latest, py3.13)",completed,success,2026-06-12T19:13:53Z,2026-06-12T19:29:52Z,959,e62f144fbc7055fde2b9fe3e0b01793696cc8167
81097204971,27434498546,ci-1-core,"core (macos-latest, py3.13)",completed,success,2026-06-12T18:42:16Z,2026-06-12T19:00:03Z,1067,7b3e11f38ba1169ebb491afabd8238b12feb50de
81098366306,27434378249,ci-1-core,"core (macos-latest, py3.13)",completed,success,2026-06-12T18:49:57Z,2026-06-12T19:03:19Z,802,4d73141030ede73e3eedfa61934af202898f138d
81094339662,27433615108,ci-1-core,"core (macos-latest, py3.13)",completed,success,2026-06-12T18:25:56Z,2026-06-12T18:37:39Z,703,4e2c2771633bb90936fb473495e363d5223829b3
81094794561,27433603233,ci-1-core,"core (macos-latest, py3.13)",completed,success,2026-06-12T18:28:35Z,2026-06-12T18:40:35Z,720,ed9bfc1afe0540a7eaf541bc157835f8ea90d36f
81088191016,27431847138,ci-1-core,"core (macos-latest, py3.13)",completed,success,2026-06-12T17:51:15Z,2026-06-12T18:04:48Z,813,12fa1376c29d8b9bf60000d23ede0e7e315b7b69
81085949176,27431142798,ci-1-core,"core (macos-latest, py3.13)",completed,cancelled,2026-06-12T17:38:11Z,2026-06-12T17:42:27Z,256,cc401f7789d2f8c9ad244d1ba61e8f0e950f8c93
81086085059,27431049851,ci-1-core,"core (macos-latest, py3.13)",completed,success,2026-06-12T17:38:57Z,2026-06-12T17:53:45Z,888,a071e073e367c4adc478649f808dc0efacb7bdea
81085199544,27430381427,ci-1-core,"core (macos-latest, py3.13)",completed,success,2026-06-12T17:33:55Z,2026-06-12T17:51:30Z,1055,cb97d0ced97c73df3eda6d88ca8df8958e5c2fbc
81083541996,27430260638,ci-1-core,"core (macos-latest, py3.13)",completed,success,2026-06-12T17:24:34Z,2026-06-12T17:40:51Z,977,bbda7748ded3aad33136ee603bf847a44d03cee1
81082614586,27430216011,ci-1-core,"core (macos-latest, py3.13)",completed,success,2026-06-12T17:21:22Z,2026-06-12T17:35:25Z,843,abb433c4e6b0d3848503c92f8938f6994ef14fac
81080762964,27429566674,ci-1-core,"core (macos-latest, py3.13)",completed,cancelled,2026-06-12T17:08:56Z,2026-06-12T17:13:32Z,276,3caa6901a7233d374e1ecadd2866fe99f1bc5b34
81083396203,27429529519,ci-1-core,"core (macos-latest, py3.13)",completed,success,2026-06-12T17:23:44Z,2026-06-12T17:37:07Z,803,bfd7b7dbbd8d3260f94585c950ce0e71a973e7d9
81081750001,27429346180,ci-1-core,"core (macos-latest, py3.13)",completed,success,2026-06-12T17:16:29Z,2026-06-12T17:31:54Z,925,4347a61003b61e2dce80711583fd1d8c83877396
81078147652,27428806951,ci-1-core,"core (macos-latest, py3.13)",completed,success,2026-06-12T16:54:31Z,2026-06-12T17:06:16Z,705,f1159cc3a2e45ce32e69cda0c8a62fe6fa9b4ef8
81071631011,27426880181,ci-1-core,"core (macos-latest, py3.13)",completed,cancelled,2026-06-12T16:18:11Z,2026-06-12T16:23:29Z,318,a524822b27a148b1c0ebb6e61c2a8f40e126ba5b
81072137216,27426739809,ci-1-core,"core (macos-latest, py3.13)",completed,success,2026-06-12T16:20:59Z,2026-06-12T16:35:10Z,851,e71d3d3927076155179bbfe0c764a7994df05462
81066992756,27425451833,ci-1-core,"core (macos-latest, py3.13)",completed,success,2026-06-12T15:53:32Z,2026-06-12T16:08:14Z,882,19fa1384ab60aa23fce354af5b74725b25a75d49
81066363439,27424997169,ci-1-core,"core (macos-latest, py3.13)",completed,success,2026-06-12T15:50:13Z,2026-06-12T16:02:43Z,750,db101f50b0de06126703f058892645d21b58a25c
81062265427,27423897997,ci-1-core,"core (macos-latest, py3.13)",completed,success,2026-06-12T15:29:11Z,2026-06-12T15:46:20Z,1029,72bccd0e4e27fb7a43ec9af4a0cc431895c24a59
81057921221,27422818878,ci-1-core,"core (macos-latest, py3.13)",completed,success,2026-06-12T15:07:27Z,2026-06-12T15:25:46Z,1099,12b5621731460f2b53895dd70602db4fc73b0862
81207344748,27472425833,ci-1-core,"core (macos-latest, py3.13)",completed,success,2026-06-13T16:54:50Z,2026-06-13T17:07:36Z,766,0e2173a4177179e5ef00d2cd1b997e209275463f
81207772713,27471137454,ci-1-core,"core (macos-latest, py3.13)",completed,success,2026-06-13T17:01:24Z,2026-06-13T17:16:31Z,907,fbb11cedd82eaedfaab72a21b404b51dd5e9a75f
81207531013,27470772851,ci-1-core,"core (macos-latest, py3.13)",completed,success,2026-06-13T16:57:49Z,2026-06-13T17:12:20Z,871,eb81076a2f67e63a39c0e312b89dfe8abaf87efa
81207464759,27470411526,ci-1-core,"core (macos-latest, py3.13)",completed,success,2026-06-13T16:56:44Z,2026-06-13T17:14:26Z,1062,cc9560d5716ee49d2007eae846df5643afa5d9e2
81207107267,27470259594,ci-1-core,"core (macos-latest, py3.13)",completed,success,2026-06-13T16:51:08Z,2026-06-13T17:03:23Z,735,36b287db226ce0eb00532f1a0c0d070c22633665
81201278543,27470201318,ci-1-core,"core (macos-latest, py3.13)",completed,success,2026-06-13T15:23:17Z,2026-06-13T15:37:21Z,844,ebaee571546ee64a85330ab674dc68618c75c5fa
81201375520,27468901559,ci-1-core,"core (macos-latest, py3.13)",completed,success,2026-06-13T15:24:45Z,2026-06-13T15:37:28Z,763,a97a2b8f3ee48d2f811a7ca203e422364f36c721
81195841283,27468201000,ci-1-core,"core (macos-latest, py3.13)",completed,success,2026-06-13T13:59:02Z,2026-06-13T14:11:14Z,732,8155dc490bdddd1665bcc17a96c00d393b33ab93
81195747210,27467704869,ci-1-core,"core (macos-latest, py3.13)",completed,success,2026-06-13T13:57:27Z,2026-06-13T14:14:50Z,1043,8b96ca8934beb7b010e0b5b555b08ab176987bdf
81195704294,27467442852,ci-1-core,"core (macos-latest, py3.13)",completed,success,2026-06-13T13:56:45Z,2026-06-13T14:08:58Z,733,e8ebbdb816f31cfe992a11546c9dce3dc0f24586
81193121675,27467231229,ci-1-core,"core (macos-latest, py3.13)",completed,success,2026-06-13T13:14:22Z,2026-06-13T13:29:08Z,886,d4ba19631e097b9f4af96bd23847b1bad46473d7
81193134698,27466376675,ci-1-core,"core (macos-latest, py3.13)",completed,success,2026-06-13T13:14:34Z,2026-06-13T13:30:23Z,949,91d35ba13a93445c3c3833295c8c7d6b2b165aa5
81190305144,27465886130,ci-1-core,"core (macos-latest, py3.13)",completed,success,2026-06-13T12:27:31Z,2026-06-13T12:40:46Z,795,c4d2771ea2f2e1af146f779daaeed03cdaa93c63
81190491478,27465858262,ci-1-core,"core (macos-latest, py3.13)",completed,success,2026-06-13T12:30:38Z,2026-06-13T12:46:37Z,959,ea8816700b71394d6916159614b7d97efc12c57c
81188278193,27464703182,ci-1-core,"core (macos-latest, py3.13)",completed,success,2026-06-13T11:51:51Z,2026-06-13T12:06:39Z,888,0af87ac1444874ec387c8f2f15a7f35142b19549
81185583095,27462792502,ci-1-core,"core (macos-latest, py3.13)",completed,success,2026-06-13T11:05:04Z,2026-06-13T11:17:04Z,720,f06b49a1818cf80047f5ae6438e3407462fa4fbb
81185765701,27462549910,ci-1-core,"core (macos-latest, py3.13)",completed,success,2026-06-13T11:08:08Z,2026-06-13T11:20:20Z,732,c31df3c0d26222f528b9cc6e3b46b8683765c4fc
81185676240,27462473580,ci-1-core,"core (macos-latest, py3.13)",completed,success,2026-06-13T11:06:37Z,2026-06-13T11:22:54Z,977,8d42cda0037ad70632209835a03325a73a6190f2
81180307005,27462334161,ci-1-core,"core (macos-latest, py3.13)",completed,success,2026-06-13T09:34:41Z,2026-06-13T09:46:39Z,718,cff34561d9c29a3a1d5ab4bb96fb0ce446ec0bb7
81180316357,27462218695,ci-1-core,"core (macos-latest, py3.13)",completed,success,2026-06-13T09:34:51Z,2026-06-13T09:50:21Z,930,21a8abedc196cecdd294dc58ce05731df553cdb4
81179787406,27461647114,ci-1-core,"core (macos-latest, py3.13)",completed,success,2026-06-13T09:25:22Z,2026-06-13T09:39:01Z,819,ab2237603d68762b16ccbc469fd8195239ae28f2
81178111683,27461525633,ci-1-core,"core (macos-latest, py3.13)",completed,success,2026-06-13T08:58:08Z,2026-06-13T09:12:24Z,856,e01c9895cfe1182133bddd0830c4a113354abf74
81177183385,27461022203,ci-1-core,"core (macos-latest, py3.13)",completed,cancelled,2026-06-13T08:46:39Z,2026-06-13T09:01:10Z,871,a8dae602119a8f073cdde439d1d215f6d430d45d
81177798931,27460979425,ci-1-core,"core (macos-latest, py3.13)",completed,cancelled,2026-06-13T08:55:44Z,2026-06-13T09:01:01Z,317,a59e5cd228c490aa9e219aa61d7f260505b8f3f1
81176762759,27460792880,ci-1-core,"core (macos-latest, py3.13)",completed,success,2026-06-13T08:37:42Z,2026-06-13T08:52:24Z,882,5ffa38f76e07fa80c8434520b5632194c76552b6
81176230324,27460580749,ci-1-core,"core (macos-latest, py3.13)",completed,success,2026-06-13T08:23:50Z,2026-06-13T08:36:16Z,746,574ba4e9f1de8ff958f0618608cfc1a644024b4d
81175623539,27460245506,ci-1-core,"core (macos-latest, py3.13)",completed,success,2026-06-13T08:13:23Z,2026-06-13T08:26:17Z,774,a9b1e28ef36be7fd52cd1dbf77e8343f526473b9
81176490733,27460153969,ci-1-core,"core (macos-latest, py3.13)",completed,success,2026-06-13T08:29:04Z,2026-06-13T08:41:22Z,738,72d3e13f747c619308be58da67bb3e92165c7b77
81173438190,27459789972,ci-1-core,"core (macos-latest, py3.13)",completed,cancelled,2026-06-13T07:37:51Z,2026-06-13T07:46:20Z,509,194613926f16e1259848363fcee9ca3edf3c8b5b
81175814273,27459582468,ci-1-core,"core (macos-latest, py3.13)",completed,success,2026-06-13T08:17:19Z,2026-06-13T08:30:10Z,771,7e8408b47d47084712b1b7974261128a8edd97f3
81172765863,27459360713,ci-1-core,"core (macos-latest, py3.13)",completed,success,2026-06-13T07:27:07Z,2026-06-13T07:42:51Z,944,cca2d9f33290b83a8dc37a76ddfb31c313fc6a9b
81171160036,27459167509,ci-1-core,"core (macos-latest, py3.13)",completed,success,2026-06-13T07:01:01Z,2026-06-13T07:16:34Z,933,77e67a55711ee5a1f262208a6f63bec12627a3f9
81169336464,27458305603,ci-1-core,"core (macos-latest, py3.13)",completed,success,2026-06-13T06:33:11Z,2026-06-13T06:53:47Z,1236,779a617cf31a964e7024c8f2be753b60c4d0f995
81169198158,27458134107,ci-1-core,"core (macos-latest, py3.13)",completed,success,2026-06-13T06:32:33Z,2026-06-13T06:46:26Z,833,79b58c39f75969727a4f2c1bcf3804b4ff8fe08c
81168444567,27458078584,ci-1-core,"core (macos-latest, py3.13)",completed,cancelled,2026-06-13T06:17:03Z,2026-06-13T06:26:38Z,575,47d3b744aceef1d4a777912055a24fe6ce927804
81166062859,27457466159,ci-1-core,"core (macos-latest, py3.13)",completed,success,2026-06-13T05:37:30Z,2026-06-13T05:50:13Z,763,01b40679ce5a438f36f5c298950aa52e6162793d
81166275145,27457438912,ci-1-core,"core (macos-latest, py3.13)",completed,success,2026-06-13T05:41:31Z,2026-06-13T05:53:41Z,730,117a48bf5011963e7b16ff03734e8066e1e45884
81166298395,27457408240,ci-1-core,"core (macos-latest, py3.13)",completed,success,2026-06-13T05:48:44Z,2026-06-13T06:02:27Z,823,21ed80b4fa514ea0845a015e63413a8ad9d825d2
81166157532,27457232669,ci-1-core,"core (macos-latest, py3.13)",completed,success,2026-06-13T05:39:17Z,2026-06-13T05:52:38Z,801,aabe0f1f65268e028c687632fa04ef7f7f9e7a83
81286688263,27500714102,ci-1-core,"core (macos-latest, py3.13)",completed,success,2026-06-14T14:36:57Z,2026-06-14T14:53:39Z,1002,334838555f3ffeb4d0bd3cab530d35aace605424
81286642970,27500301030,ci-1-core,"core (macos-latest, py3.13)",completed,success,2026-06-14T14:36:18Z,2026-06-14T14:51:12Z,894,9c4dcf8cf9b9f2e6b2c10152e85cb2af400c2232
81286607610,27500297060,ci-1-core,"core (macos-latest, py3.13)",completed,success,2026-06-14T14:35:47Z,2026-06-14T14:49:21Z,814,e7f8ad17378874646a31c54b22ae04e08a493bed
81281335089,27499888169,ci-1-core,"core (macos-latest, py3.13)",completed,success,2026-06-14T13:18:51Z,2026-06-14T13:33:45Z,894,3bffe31d3b84e7890e05da6ae31a31d987833d25
81277338721,27498354546,ci-1-core,"core (macos-latest, py3.13)",completed,success,2026-06-14T12:25:06Z,2026-06-14T12:40:51Z,945,8ca3a027d5d339241ff2472ddcd986cd41d8b5e1
81276925427,27498238502,ci-1-core,"core (macos-latest, py3.13)",completed,success,2026-06-14T12:14:38Z,2026-06-14T12:27:51Z,793,65c82bdb2059a196f7974ee2c96f880fdd2ec8a5
81276945132,27497976315,ci-1-core,"core (macos-latest, py3.13)",completed,success,2026-06-14T12:14:58Z,2026-06-14T12:30:59Z,961,66fe5264b990e46da6f9e829d7869eb7953f31a3
81277076282,27497954023,ci-1-core,"core (macos-latest, py3.13)",completed,success,2026-06-14T12:18:07Z,2026-06-14T12:30:17Z,730,a712f85ce5f114c4e649679d4e67b457e6e59db8
81277218627,27497922357,ci-1-core,"core (macos-latest, py3.13)",completed,success,2026-06-14T12:19:48Z,2026-06-14T12:32:03Z,735,4b5a6ba868fed29eed4fc915c9a4de56598df9ce
81274323109,27497275747,ci-1-core,"core (macos-latest, py3.13)",completed,success,2026-06-14T11:34:34Z,2026-06-14T11:47:07Z,753,50edfcb4d859b8ab0db1bd386e0bbed3890416aa
81274447884,27495862419,ci-1-core,"core (macos-latest, py3.13)",completed,success,2026-06-14T11:36:29Z,2026-06-14T11:49:44Z,795,edc68fa517230563da327562b1713c4abf2da77c
81274489258,27495818988,ci-1-core,"core (macos-latest, py3.13)",completed,success,2026-06-14T11:37:10Z,2026-06-14T11:52:55Z,945,0f6d028d39927a4aaed0cd479c9115a4f1ca38ce
81269518925,27495406084,ci-1-core,"core (macos-latest, py3.13)",completed,success,2026-06-14T10:20:07Z,2026-06-14T10:33:11Z,784,a7fd3399784121854d1bf855a1ebe14a10d53346
81268911423,27495322962,ci-1-core,"core (macos-latest, py3.13)",completed,success,2026-06-14T10:10:11Z,2026-06-14T10:26:32Z,981,0b600c1d4041e3876038781a54fafd3bae6c86ea
81268921682,27494302934,ci-1-core,"core (macos-latest, py3.13)",completed,success,2026-06-14T10:10:17Z,2026-06-14T10:24:56Z,879,d5595ebc91f1bf9b00abd1063130c86a7784e513
81265621900,27494216937,ci-1-core,"core (macos-latest, py3.13)",completed,success,2026-06-14T09:17:58Z,2026-06-14T09:35:14Z,1036,43799f8ff5d36aa4dc6d0bbeac477e956353c163
81265948791,27494104140,ci-1-core,"core (macos-latest, py3.13)",completed,success,2026-06-14T09:22:28Z,2026-06-14T09:38:03Z,935,f2867981deef19cb426c0d5deac76d21be28c5fd
81265265032,27493707867,ci-1-core,"core (macos-latest, py3.13)",completed,success,2026-06-14T09:12:51Z,2026-06-14T09:25:16Z,745,b2fc71f6af2a3a3619e00156377e2998042990bf
81265918612,27493690234,ci-1-core,"core (macos-latest, py3.13)",completed,failure,2026-06-14T09:21:59Z,2026-06-14T09:39:56Z,1077,8f9683dcac5cf303975b5156a3d82eceac450f17
81264070124,27493566740,ci-1-core,"core (macos-latest, py3.13)",completed,success,2026-06-14T08:54:04Z,2026-06-14T09:10:12Z,968,7c5f696e681fc07e6710ea425bd378cf2b3af112
81264180247,27493441653,ci-1-core,"core (macos-latest, py3.13)",completed,success,2026-06-14T08:55:51Z,2026-06-14T09:08:12Z,741,b0519f003f3429d84f6f02a42196da3eba02c00b
81263828535,27493036687,ci-1-core,"core (macos-latest, py3.13)",completed,success,2026-06-14T08:50:16Z,2026-06-14T09:03:38Z,802,611f6eb2636ffd2162dcca3a095b651158eaa319
81262105509,27492883687,ci-1-core,"core (macos-latest, py3.13)",completed,cancelled,2026-06-14T08:24:07Z,2026-06-14T08:36:45Z,758,729decbf5cc4ef7baade7c0398f32cebc50c9ef5
81261429107,27492428828,ci-1-core,"core (macos-latest, py3.13)",completed,success,2026-06-14T08:15:55Z,2026-06-14T08:32:28Z,993,964af8d5c2985acdff543b10ccaac3d9aba69722
81261326808,27492320110,ci-1-core,"core (macos-latest, py3.13)",completed,success,2026-06-14T08:12:05Z,2026-06-14T08:27:30Z,925,44c7e095ea5788b34dfea40499ee6095adaee005
81259990600,27492088504,ci-1-core,"core (macos-latest, py3.13)",completed,success,2026-06-14T07:51:24Z,2026-06-14T08:04:23Z,779,49bddedbe6c13765902dff7f54fce0995c759d67
81259657549,27492063744,ci-1-core,"core (macos-latest, py3.13)",completed,success,2026-06-14T07:47:12Z,2026-06-14T07:59:25Z,733,c93c75011665d257d91f7b85c5937af231d62808
81257991617,27491474423,ci-1-core,"core (macos-latest, py3.13)",completed,success,2026-06-14T07:18:05Z,2026-06-14T07:32:51Z,886,30390859a2b9ee22b86438f00e6dbaba88acc3ab
81257266516,27491252145,ci-1-core,"core (macos-latest, py3.13)",completed,cancelled,2026-06-14T07:05:42Z,2026-06-14T07:07:05Z,83,e4e872434a83ee37d8f5e96deef8a67502ca90b7
81255934619,27490734411,ci-1-core,"core (macos-latest, py3.13)",completed,cancelled,2026-06-14T06:43:44Z,2026-06-14T06:57:08Z,804,00b5f1141468a8283ca8a78189ff55bc35ca212f
81256000779,27490690616,ci-1-core,"core (macos-latest, py3.13)",completed,success,2026-06-14T06:44:48Z,2026-06-14T06:56:44Z,716,007c60b7fe7678ae2e2b08dad867fac973f2f010
81255807839,27490325383,ci-1-core,"core (macos-latest, py3.13)",completed,success,2026-06-14T06:41:39Z,2026-06-14T06:56:00Z,861,78f671dff76006f912bf275605fd78ed31c8c34f
81255905746,27490245445,ci-1-core,"core (macos-latest, py3.13)",completed,success,2026-06-14T06:43:14Z,2026-06-14T06:55:55Z,761,030816eb07c0d13bade7bf823386a5e08f2d0187
81253668155,27489957932,ci-1-core,"core (macos-latest, py3.13)",completed,success,2026-06-14T06:06:15Z,2026-06-14T06:19:30Z,795,62937ce32c0893a9134976be073b73fe02c49753
81253605476,27489472292,ci-1-core,"core (macos-latest, py3.13)",completed,success,2026-06-14T06:06:02Z,2026-06-14T06:18:27Z,745,7410e592f53d2e28f7c4e7190638d313f824ee4a
81252356145,27489092360,ci-1-core,"core (macos-latest, py3.13)",completed,success,2026-06-14T05:40:12Z,2026-06-14T05:52:54Z,762,2850dc4cea793ea9fe3b837f740763e15be3a08c
81251455907,27475144658,ci-1-core,"core (macos-latest, py3.13)",completed,success,2026-06-14T05:23:43Z,2026-06-14T05:40:21Z,998,5598b68d2d7bbb3b2ad0de45395cf541b7c48b90
81251669431,27474925888,ci-1-core,"core (macos-latest, py3.13)",completed,success,2026-06-14T05:28:00Z,2026-06-14T05:40:48Z,768,29bb50df3bf8730542e213f9a5672433622c01c1
81251243225,27474707246,ci-1-core,"core (macos-latest, py3.13)",completed,success,2026-06-14T05:19:39Z,2026-06-14T05:34:08Z,869,4a2642f84b335c2cac761d289ee80c1de8bd4ce5
81396707269,27537297834,ci-1-core,"core (macos-latest, py3.13)",completed,success,2026-06-15T10:13:17Z,2026-06-15T10:30:44Z,1047,656f5ec53d9e2b8b12ff564e4dd08f76e2893229
81391350160,27536429919,ci-1-core,"core (macos-latest, py3.13)",completed,success,2026-06-15T09:43:47Z,2026-06-15T09:58:48Z,901,3ba288712b63c7bbff1238492664fc8ff3c2c972
81388900637,27536389403,ci-1-core,"core (macos-latest, py3.13)",completed,success,2026-06-15T09:30:32Z,2026-06-15T09:46:21Z,949,fca637ff72471001a4f903201288b05580f943a9
81388195740,27535975263,ci-1-core,"core (macos-latest, py3.13)",completed,success,2026-06-15T09:26:40Z,2026-06-15T09:41:38Z,898,fa4b60b465f5b2c0233d2a03fd2bc400fdebdaee
81386737667,27535762482,ci-1-core,"core (macos-latest, py3.13)",completed,cancelled,2026-06-15T09:18:40Z,2026-06-15T09:19:17Z,37,a9a053bf2e9e428fbcd22beccf83aaa5da694058
81383608051,27533932249,ci-1-core,"core (macos-latest, py3.13)",completed,success,2026-06-15T09:01:17Z,2026-06-15T09:19:06Z,1069,b3355b20d5b50fd191d492e19538f5b77ab330ef
81379454011,27533731809,ci-1-core,"core (macos-latest, py3.13)",completed,success,2026-06-15T08:36:54Z,2026-06-15T08:51:04Z,850,698b9ddb967d071ee9160cdbaeca9d0b0b2ec019
81379660853,27533564452,ci-1-core,"core (macos-latest, py3.13)",completed,failure,2026-06-15T08:39:29Z,2026-06-15T08:57:28Z,1079,efe081727cc22c55ae98e2eccafe802432d1a6b6
81380551654,27533504424,ci-1-core,"core (macos-latest, py3.13)",completed,success,2026-06-15T08:43:22Z,2026-06-15T08:57:02Z,820,dc6f03e4352ed5d3bf6f9512982629d6d65a4e45
81379117901,27533273719,ci-1-core,"core (macos-latest, py3.13)",completed,success,2026-06-15T08:35:45Z,2026-06-15T08:48:09Z,744,fc4f12445d4efed1cb326f6c6cc5bc39cd580848
81373478848,27531959371,ci-1-core,"core (macos-latest, py3.13)",completed,success,2026-06-15T08:02:02Z,2026-06-15T08:18:25Z,983,0fa6e43ac70c65a0a4d49cdedcc82d945851da16
81369521751,27530635152,ci-1-core,"core (macos-latest, py3.13)",completed,cancelled,2026-06-15T07:36:42Z,2026-06-15T07:52:55Z,973,5ee3408f6940d8ec2f1759e9850d92f401e59374
81366158055,27529661948,ci-1-core,"core (macos-latest, py3.13)",completed,cancelled,2026-06-15T07:14:41Z,2026-06-15T07:24:27Z,586,a3592e4f6c720007db6f34dcbf2c9dbc26c13644
81362781570,27528675318,ci-1-core,"core (macos-latest, py3.13)",completed,success,2026-06-15T06:50:23Z,2026-06-15T07:05:40Z,917,daecbd2c6e0c00d4ab6a04bb436b1bc9efaa08c0
81358490731,27527220842,ci-1-core,"core (macos-latest, py3.13)",completed,success,2026-06-15T06:15:56Z,2026-06-15T06:30:34Z,878,b7d9c3b373361cc8a26b22e966c346766bb9bc9e
81356180625,27526393187,ci-1-core,"core (macos-latest, py3.13)",completed,success,2026-06-15T05:56:24Z,2026-06-15T06:11:19Z,895,6c84639a4b30a61fe6ab252b6ce98618d2be6c17
81355051724,27526213163,ci-1-core,"core (macos-latest, py3.13)",completed,success,2026-06-15T05:46:08Z,2026-06-15T05:58:10Z,722,cf3b50a72f3db9760c89c13ce736f9768c8da585
81354276924,27525907097,ci-1-core,"core (macos-latest, py3.13)",completed,success,2026-06-15T05:42:19Z,2026-06-15T05:56:12Z,833,95355ed131ba14dccb5c868b49eabd8264deaf68
81352938113,27525452407,ci-1-core,"core (macos-latest, py3.13)",completed,cancelled,2026-06-15T05:24:08Z,2026-06-15T05:25:18Z,70,fcec4de437131854dab1dc484ec551d98684edc3
81351723685,27524927195,ci-1-core,"core (macos-latest, py3.13)",completed,success,2026-06-15T05:11:58Z,2026-06-15T05:26:50Z,892,a09f05d6f1dad7cf1b2be1e8253b1972b636159d
81351301608,27524880209,ci-1-core,"core (macos-latest, py3.13)",completed,cancelled,2026-06-15T05:07:44Z,2026-06-15T05:12:19Z,275,233170fd479e8f4105792dc8f9f7c51269d0a938
81350934527,27524821737,ci-1-core,"core (macos-latest, py3.13)",completed,success,2026-06-15T05:03:53Z,2026-06-15T05:19:04Z,911,855faaded3fa8a8d64d1fa7f1ff173a3f3e7cd21
81349647265,27524395030,ci-1-core,"core (macos-latest, py3.13)",completed,cancelled,2026-06-15T04:49:57Z,2026-06-15T04:54:45Z,288,9bc2306df99e5080cb7baaaf8fd5a32bc688a429
81347842261,27523631587,ci-1-core,"core (macos-latest, py3.13)",completed,success,2026-06-15T04:30:57Z,2026-06-15T04:44:16Z,799,53489e47e06d51ae55f5e6ad50d5a373a348b9f2
81346511389,27523295829,ci-1-core,"core (macos-latest, py3.13)",completed,success,2026-06-15T04:17:03Z,2026-06-15T04:30:14Z,791,cf9f5b735fa4b28a4400d4f1accb26ee74b176ce
81309111476,27510047831,ci-1-core,"core (macos-latest, py3.13)",completed,success,2026-06-14T19:58:57Z,2026-06-14T20:15:35Z,998,daad23190ae2ca48672cf0f73e95dc625cb46675
81309081947,27507320565,ci-1-core,"core (macos-latest, py3.13)",completed,success,2026-06-14T19:58:29Z,2026-06-14T20:14:22Z,953,4e7856e75299a26cf1ef6fd1326b12e960d14565
81308999160,27506212822,ci-1-core,"core (macos-latest, py3.13)",completed,success,2026-06-14T19:57:11Z,2026-06-14T20:09:58Z,767,d49dcee11ed84c8f1d7e7c79d574c6b0f025966b
81298406913,27506165608,ci-1-core,"core (macos-latest, py3.13)",completed,success,2026-06-14T17:23:33Z,2026-06-14T17:36:22Z,769,2a4dc0801d8f072f7976e1ba1504b6a74864f1bb
81298335762,27505763483,ci-1-core,"core (macos-latest, py3.13)",completed,success,2026-06-14T17:22:29Z,2026-06-14T17:34:45Z,736,6d405373712842e716cae8a507b0608ec6be4a6e
81295154067,27504615351,ci-1-core,"core (macos-latest, py3.13)",completed,failure,2026-06-14T16:35:41Z,2026-06-14T16:46:54Z,673,79689151296973e58e8f9d6d703b733a3fdba3c4
81294018158,27504515333,ci-1-core,"core (macos-latest, py3.13)",completed,success,2026-06-14T16:19:20Z,2026-06-14T16:35:21Z,961,d06476f0f5e17f53e30fc4755d645f09cd861207
81866653538,27679099827,ci-1-core,"core (macos-latest, py3.13)",completed,failure,2026-06-17T09:51:31Z,2026-06-17T10:09:52Z,1101,45ff0ff7a119aa76b109810d0e49af96412e0c03
81864439891,27678873832,ci-1-core,"core (macos-latest, py3.13)",completed,success,2026-06-17T09:39:40Z,2026-06-17T09:52:57Z,797,1420596aaef00e5ba556bdc481479813c39429d4
81864589970,27678197995,ci-1-core,"core (macos-latest, py3.13)",completed,success,2026-06-17T09:40:30Z,2026-06-17T09:55:52Z,922,37af42a0178e863ebabd9ffc36384fbc253002ee
81864614454,27678170174,ci-1-core,"core (macos-latest, py3.13)",completed,success,2026-06-17T09:43:23Z,2026-06-17T10:00:34Z,1031,7a44375f9f4738125cf77d025be030b7eb924bb3
81862142540,27677556459,ci-1-core,"core (macos-latest, py3.13)",completed,success,2026-06-17T09:31:28Z,2026-06-17T09:45:27Z,839,6eb9d31c32dfd1e96dc39f89ce8f4b49ab782564
81856564586,27676435915,ci-1-core,"core (macos-latest, py3.13)",completed,success,2026-06-17T09:02:00Z,2026-06-17T09:19:18Z,1038,de1f47d674cf53752929f4101ab3789a9c88e1d8
81855797308,27674259527,ci-1-core,"core (macos-latest, py3.13)",completed,success,2026-06-17T08:52:40Z,2026-06-17T09:10:46Z,1086,cc9cb20a15781d34b504c020ffff95fbb47a4b6e
81855442183,27674053712,ci-1-core,"core (macos-latest, py3.13)",completed,success,2026-06-17T08:50:34Z,2026-06-17T09:05:56Z,922,e43b6e6b7e935a1679fa094cf3c07eeaad0c52a0
81846701415,27672391047,ci-1-core,"core (macos-latest, py3.13)",completed,success,2026-06-17T08:00:56Z,2026-06-17T08:15:55Z,899,0a959aebc5581b90d3df9d367cebfb713ff2725a
81847212301,27672356239,ci-1-core,"core (macos-latest, py3.13)",completed,success,2026-06-17T08:03:56Z,2026-06-17T08:22:22Z,1106,f451cf875dae4ffcb06052031ba6e80f457e33b5
81840304332,27671667860,ci-1-core,"core (macos-latest, py3.13)",completed,success,2026-06-17T07:21:18Z,2026-06-17T07:36:53Z,935,928b58c585d75b5b2392b3ffc3f98fe396cf1928
81839760723,27671594388,ci-1-core,"core (macos-latest, py3.13)",completed,success,2026-06-17T07:17:49Z,2026-06-17T07:31:16Z,807,0387d34537decb65ee4b089c7355d97c2ca7d8f0
81834072857,27669489309,ci-1-core,"core (macos-latest, py3.13)",completed,success,2026-06-17T06:38:39Z,2026-06-17T06:53:36Z,897,1cc7270fecccf38c6f6bfd6a189917401a2cd600
81830414930,27668763870,ci-1-core,"core (macos-latest, py3.13)",completed,success,2026-06-17T06:09:43Z,2026-06-17T06:22:07Z,744,38869488ff0c32dbf963ffccb641610349b9e9d8
81824710149,27666995662,ci-1-core,"core (macos-latest, py3.13)",completed,success,2026-06-17T05:20:08Z,2026-06-17T05:32:50Z,762,4448e89ff54b9198893d9a6eca4a9d8000977b52
81824863644,27649514194,ci-1-core,"core (macos-latest, py3.13)",completed,success,2026-06-17T05:21:36Z,2026-06-17T05:34:38Z,782,68a67362546a6be3d28809fd516c64ccdc89e972
81770795675,27647487911,ci-1-core,"core (macos-latest, py3.13)",completed,success,2026-06-16T21:37:21Z,2026-06-16T21:50:54Z,813,de17e51bb5c12815ecae4101bd8e8396879fc5d0
81763744475,27646556342,ci-1-core,"core (macos-latest, py3.13)",completed,success,2026-06-16T20:58:40Z,2026-06-16T21:10:59Z,739,2bc268f257cac8a50a561ea274cb940d07f6f6da
81752848168,27643896232,ci-1-core,"core (macos-latest, py3.13)",completed,success,2026-06-16T20:02:25Z,2026-06-16T20:18:41Z,976,e82edff57ae1013de94be4ad55914820c9138ac4
81749966225,27642291065,ci-1-core,"core (macos-latest, py3.13)",completed,success,2026-06-16T19:47:25Z,2026-06-16T20:03:18Z,953,242a38541571eeac5e1612d736244db67efb03d7
81743220826,27639592653,ci-1-core,"core (macos-latest, py3.13)",completed,success,2026-06-16T19:12:47Z,2026-06-16T19:28:56Z,969,1e23b961705a2a59bda9f08022f22e41015d8a81
81734141423,27638494971,ci-1-core,"core (macos-latest, py3.13)",completed,success,2026-06-16T18:28:10Z,2026-06-16T18:44:16Z,966,015bfd517d40629eacc4273d3473d012da008275
81734977814,27637918254,ci-1-core,"core (macos-latest, py3.13)",completed,success,2026-06-16T18:31:36Z,2026-06-16T18:46:05Z,869,71aaf6570bc5cdecd872a19e63253afa09f3cc34
81735052581,27637613379,ci-1-core,"core (macos-latest, py3.13)",completed,success,2026-06-16T18:32:17Z,2026-06-16T18:47:26Z,909,45c997e078967582140cb7f44e4d9ae153b21dcf
81731211629,27636937531,ci-1-core,"core (macos-latest, py3.13)",completed,failure,2026-06-16T18:12:25Z,2026-06-16T18:27:42Z,917,3933bd93faf3f405f9ce1cefa17030c64fd7d73b
81728146412,27636761305,ci-1-core,"core (macos-latest, py3.13)",completed,success,2026-06-16T17:56:52Z,2026-06-16T18:12:59Z,967,eaad743e1abd48e34ab7c617ba1d05598482765d
81727314952,27634515661,ci-1-core,"core (macos-latest, py3.13)",completed,success,2026-06-16T17:52:29Z,2026-06-16T18:07:30Z,901,f888f6afbb11c2aa4898ec875594d77f43273682
81717119344,27633582897,ci-1-core,"core (macos-latest, py3.13)",completed,success,2026-06-16T16:58:51Z,2026-06-16T17:16:04Z,1033,02a7b7d8330246ceba11c8fb3dbae48474c16657
81716959696,27631693737,ci-1-core,"core (macos-latest, py3.13)",completed,success,2026-06-16T16:58:05Z,2026-06-16T17:13:53Z,948,b899f0e4d2a29bd9378f752144fb790cc419c11a
81703910206,27627984354,ci-1-core,"core (macos-latest, py3.13)",completed,success,2026-06-16T15:56:28Z,2026-06-16T16:15:12Z,1124,512d1d0fabc846e2f370f06de5c201c0546f5d22
81704287307,27627710597,ci-1-core,"core (macos-latest, py3.13)",completed,success,2026-06-16T15:58:10Z,2026-06-16T16:13:33Z,923,f80530f35be268260003e94ae0d678f8fc54747e
81704341900,27626602865,ci-1-core,"core (macos-latest, py3.13)",completed,success,2026-06-16T15:58:23Z,2026-06-16T16:10:40Z,737,71965bd232f1c55e8477c9924aaf25491837d622
81690526830,27626018572,ci-1-core,"core (macos-latest, py3.13)",completed,success,2026-06-16T14:58:12Z,2026-06-16T15:12:08Z,836,c8cc4160f594439b10950428c611908a0aa4793e
81671677325,27620846556,ci-1-core,"core (macos-latest, py3.13)",completed,success,2026-06-16T13:37:24Z,2026-06-16T13:54:14Z,1010,a982d767df6647d067feb02ce6665476673062ba
81669379133,27619712640,ci-1-core,"core (macos-latest, py3.13)",completed,success,2026-06-16T13:27:28Z,2026-06-16T13:45:22Z,1074,273a9a8d360074a36efbaa004a700e64f40de1fa
81669205146,27619579929,ci-1-core,"core (macos-latest, py3.13)",completed,success,2026-06-16T13:26:23Z,2026-06-16T13:40:38Z,855,31b78f574695d5a60fb4106f430daa5db43e5b49
81669795567,27619398731,ci-1-core,"core (macos-latest, py3.13)",completed,success,2026-06-16T13:29:20Z,2026-06-16T13:46:29Z,1029,1022604a4185449f51018d865acfe5de95986405
81665917724,27618837212,ci-1-core,"core (macos-latest, py3.13)",completed,success,2026-06-16T13:11:28Z,2026-06-16T13:23:24Z,716,df997923bb25ecb26b85ac8b71bb94d3104138dd
81662806158,27617737521,ci-1-core,"core (macos-latest, py3.13)",completed,success,2026-06-16T12:56:44Z,2026-06-16T13:09:00Z,736,2d2a4f4219f32b62590fafde971bf57a64614a63
81656031189,27615714131,ci-1-core,"core (macos-latest, py3.13)",completed,failure,2026-06-16T12:22:53Z,2026-06-16T12:34:08Z,675,b249a609f34c48cc796755adc0e23a450d192638
81656364877,27614463263,ci-1-core,"core (macos-latest, py3.13)",completed,failure,2026-06-16T12:24:39Z,2026-06-16T12:36:48Z,729,ec37f3530e118cbd87a0022ddc63966506ee8acd
81645734498,27613666580,ci-1-core,"core (macos-latest, py3.13)",completed,success,2026-06-16T11:25:58Z,2026-06-16T11:39:18Z,800,393757a4087c4c08c351bbe5ade5ea9ca226b8c0
81639549004,27611152470,ci-1-core,"core (macos-latest, py3.13)",completed,success,2026-06-16T10:50:18Z,2026-06-16T11:07:24Z,1026,7f1ace6bde3ca63fa1db710c52998ccc5cb5b4b6
81636440531,27610632651,ci-1-core,"core (macos-latest, py3.13)",completed,success,2026-06-16T10:32:31Z,2026-06-16T10:44:46Z,735,f0b6fd7831baaf15c55e8a5f1df5a55da88e1d4b
81632920439,27609775700,ci-1-core,"core (macos-latest, py3.13)",completed,success,2026-06-16T10:12:38Z,2026-06-16T10:27:39Z,901,c6fd8e5f0e67ce3e2850ab1111ff1a4aa5d1ff3d
81625909724,27605813946,ci-1-core,"core (macos-latest, py3.13)",completed,success,2026-06-16T09:35:10Z,2026-06-16T09:48:32Z,802,7ea4d82a01d1f2cd9b03f4634969a464b5c1c809
81615153584,27604485162,ci-1-core,"core (macos-latest, py3.13)",completed,success,2026-06-16T08:37:26Z,2026-06-16T08:51:00Z,814,f7edb49b2e3fb5e099bc968f90715939f2fa628d
81609717580,27602825650,ci-1-core,"core (macos-latest, py3.13)",completed,success,2026-06-16T08:07:15Z,2026-06-16T08:22:07Z,892,1176d64799a8153cc19d970eb5c65732fa0cc833
81609721425,27600520087,ci-1-core,"core (macos-latest, py3.13)",completed,success,2026-06-16T08:07:17Z,2026-06-16T08:24:37Z,1040,181f64f7e82df145803ad62f3b24822fe7008b65
81601184280,27599762765,ci-1-core,"core (macos-latest, py3.13)",completed,success,2026-06-16T07:15:37Z,2026-06-16T07:31:08Z,931,63740f843fbb884fcc08960ebdacfbe3fcd07cb4
81596493415,27598845118,ci-1-core,"core (macos-latest, py3.13)",completed,success,2026-06-16T06:43:46Z,2026-06-16T06:55:38Z,712,925e843ad829bcb60bfe5c5efd35600310a8f721
81595045459,27598342945,ci-1-core,"core (macos-latest, py3.13)",completed,failure,2026-06-16T06:32:53Z,2026-06-16T06:46:39Z,826,174d0b7ce8dfb8e3a7cb4a3a11467882f3abc75c
81591638518,27596499795,ci-1-core,"core (macos-latest, py3.13)",completed,success,2026-06-16T06:06:58Z,2026-06-16T06:23:08Z,970,bed51b76586ac59beea350e7cf410200c90e0c07
81588693045,27596374691,ci-1-core,"core (macos-latest, py3.13)",completed,success,2026-06-16T05:42:41Z,2026-06-16T05:54:36Z,715,e918fb306b44e8c23473cc5041d85da93ec0874b
81526653187,27573369090,ci-1-core,"core (macos-latest, py3.13)",completed,failure,2026-06-15T21:10:34Z,2026-06-15T21:26:20Z,946,4f4e438652a5dd7d3b59513d4e43b2c489b188f7
81525763467,27572972463,ci-1-core,"core (macos-latest, py3.13)",completed,success,2026-06-15T21:05:57Z,2026-06-15T21:20:30Z,873,474fa99ae799e8ac7ecbe0fd9c9a190d693a8b7e
81513738024,27572288724,ci-1-core,"core (macos-latest, py3.13)",completed,success,2026-06-15T20:03:53Z,2026-06-15T20:22:38Z,1125,3561f221e84e6a57ef069b6133868dc4fb11380b
81498760249,27567866096,ci-1-core,"core (macos-latest, py3.13)",completed,success,2026-06-15T18:46:14Z,2026-06-15T19:03:23Z,1029,b77b51a7fd64f894f3211002aaa869c85d4a454b
81488898675,27565091308,ci-1-core,"core (macos-latest, py3.13)",completed,success,2026-06-15T17:56:16Z,2026-06-15T18:10:55Z,879,7008f8ed4f32348ed59724ee64ca2b2f42538be8
81498751484,27564696521,ci-1-core,"core (macos-latest, py3.13)",completed,success,2026-06-15T18:46:11Z,2026-06-15T19:01:36Z,925,6badf6e71e473817058638eb1745de476fb9c389
81488632882,27564423105,ci-1-core,"core (macos-latest, py3.13)",completed,success,2026-06-15T17:54:51Z,2026-06-15T18:09:12Z,861,46628a60f258ddd05eadb764da5eb7158064012b
81481321549,27562021953,ci-1-core,"core (macos-latest, py3.13)",completed,success,2026-06-15T17:16:26Z,2026-06-15T17:31:08Z,882,014185fee633b3892c861bebfb1b55125e9a3be5
81477143881,27561784441,ci-1-core,"core (macos-latest, py3.13)",completed,failure,2026-06-15T16:55:04Z,2026-06-15T17:11:56Z,1012,37320c1bba898cbde8fc9feb0d9249cec70133c2
81477526688,27561732936,ci-1-core,"core (macos-latest, py3.13)",completed,success,2026-06-15T16:57:02Z,2026-06-15T17:17:12Z,1210,3072593a72b197bf27c83348d1e891f6d09e9abc
81459673959,27555988052,ci-1-core,"core (macos-latest, py3.13)",completed,success,2026-06-15T15:30:43Z,2026-06-15T15:45:18Z,875,569565507f651a428e85ab3571bdd67a6b638551
81454520660,27554142052,ci-1-core,"core (macos-latest, py3.13)",completed,failure,2026-06-15T15:07:18Z,2026-06-15T15:23:15Z,957,5c40415aa78fe9e12bc08038b26f7bc0fcc08747
81453826765,27553946381,ci-1-core,"core (macos-latest, py3.13)",completed,failure,2026-06-15T15:04:16Z,2026-06-15T15:20:40Z,984,d5f40e675321d1aff7d3b1d53c8394f01dd6b10a
81449539475,27553729168,ci-1-core,"core (macos-latest, py3.13)",completed,success,2026-06-15T14:45:39Z,2026-06-15T15:01:27Z,948,0990ae1698a0e2b6529c1688702cd1e55084bea2
81450128099,27553061886,ci-1-core,"core (macos-latest, py3.13)",completed,success,2026-06-15T14:48:11Z,2026-06-15T15:03:59Z,948,f8e5f5682a5a84f254d8e0d323c4e37d9c050889
81449466237,27552558440,ci-1-core,"core (macos-latest, py3.13)",completed,success,2026-06-15T14:45:20Z,2026-06-15T15:00:34Z,914,3f73ad63812f7682c39f097ce1de735e8658e656
81443916567,27551422427,ci-1-core,"core (macos-latest, py3.13)",completed,failure,2026-06-15T14:21:28Z,2026-06-15T14:37:31Z,963,fb82050c4d41ed2d6d77d32905efe9c8cdf2d437
81442239261,27551136246,ci-1-core,"core (macos-latest, py3.13)",completed,success,2026-06-15T14:14:12Z,2026-06-15T14:27:26Z,794,d0e002e97d2bfce23867a950c6e6b810fd50fe66
81441642984,27551015593,ci-1-core,"core (macos-latest, py3.13)",completed,success,2026-06-15T14:11:36Z,2026-06-15T14:27:07Z,931,102129b03eb2c4a978db9a9644c5fd50472902b7
81436928037,27549258525,ci-1-core,"core (macos-latest, py3.13)",completed,cancelled,2026-06-15T13:50:49Z,2026-06-15T13:53:09Z,140,f2e9932310275782f77168dac04effae5a54ced1
81435647897,27548939042,ci-1-core,"core (macos-latest, py3.13)",completed,success,2026-06-15T13:45:05Z,2026-06-15T13:59:42Z,877,2cba84d05b95a9d47d85ea9ce50bfa16dbf43fd1
81434028545,27548760474,ci-1-core,"core (macos-latest, py3.13)",completed,failure,2026-06-15T13:39:11Z,2026-06-15T14:01:34Z,1343,64452fbb7a53da3e2b477cd75cdbf5f8a779b760
81431292108,27548465751,ci-1-core,"core (macos-latest, py3.13)",completed,failure,2026-06-15T13:25:10Z,2026-06-15T13:40:32Z,922,79a4f8fd23055107241d50075fc14859a3c78f28
81436601168,27548342339,ci-1-core,"core (macos-latest, py3.13)",completed,success,2026-06-15T13:53:20Z,2026-06-15T14:10:40Z,1040,95ae3971311ac3c0a4ba88a983fe603d508c5d3c
81431252141,27548330422,ci-1-core,"core (macos-latest, py3.13)",completed,success,2026-06-15T13:24:40Z,2026-06-15T13:38:01Z,801,5e414b8cd8c27d217874d0b94727cd91864ffe1b
81428851316,27548158122,ci-1-core,"core (macos-latest, py3.13)",completed,cancelled,2026-06-15T13:13:02Z,2026-06-15T13:22:37Z,575,d8c03e1c79ee59f427e86d94b853fc18f34e8454
81426203569,27547296983,ci-1-core,"core (macos-latest, py3.13)",completed,success,2026-06-15T13:00:01Z,2026-06-15T13:18:10Z,1089,ef29b527d79f327f36fcfa2d7b25ce387f997bc6
81427679453,27547251191,ci-1-core,"core (macos-latest, py3.13)",completed,cancelled,2026-06-15T13:07:31Z,2026-06-15T13:11:14Z,223,4278793fca9747685c33c3a18235191b59c41067
81420835131,27545751592,ci-1-core,"core (macos-latest, py3.13)",completed,failure,2026-06-15T12:32:03Z,2026-06-15T12:45:25Z,802,df55d12484320bf12b825a7f65e6fe60cc2a1cee
81420483483,27545450959,ci-1-core,"core (macos-latest, py3.13)",completed,failure,2026-06-15T12:30:16Z,2026-06-15T12:46:14Z,958,a4a7cf2efac62a49fe52f07f9c110afa0a16ffe1
81418957253,27545226675,ci-1-core,"core (macos-latest, py3.13)",completed,success,2026-06-15T12:23:03Z,2026-06-15T12:39:19Z,976,6a8faccb75b8735f705c4e8d4facf5e17165c79f
81422744995,27545015016,ci-1-core,"core (macos-latest, py3.13)",completed,success,2026-06-15T12:42:02Z,2026-06-15T12:55:43Z,821,dabfb77f95f297b21777973e6a9af287bead77be
81417205713,27544625877,ci-1-core,"core (macos-latest, py3.13)",completed,failure,2026-06-15T12:12:51Z,2026-06-15T12:29:06Z,975,3c9f8e23f1d812142f9c152298b8a6497eaf6754
81415829200,27544278811,ci-1-core,"core (macos-latest, py3.13)",completed,failure,2026-06-15T12:05:23Z,2026-06-15T12:22:14Z,1011,94a415a055907da27a37d9c75b7200df0dd5e5f1
81415472076,27544095770,ci-1-core,"core (macos-latest, py3.13)",completed,cancelled,2026-06-15T12:03:56Z,2026-06-15T12:10:00Z,364,cc0a7184346066d6af8112e1615a7e2208ef15e3
81412727572,27543184238,ci-1-core,"core (macos-latest, py3.13)",completed,success,2026-06-15T11:48:29Z,2026-06-15T12:03:53Z,924,e754bffdfb37dd16f95c44ea8df64159c1939488
81409327972,27542245150,ci-1-core,"core (macos-latest, py3.13)",completed,failure,2026-06-15T11:30:43Z,2026-06-15T11:49:35Z,1132,74482dc34c338490b469cbe2dcc3825af2e42bff
81407656082,27541836552,ci-1-core,"core (macos-latest, py3.13)",completed,success,2026-06-15T11:18:16Z,2026-06-15T11:33:19Z,903,c21a9f190563ab9b28c534d7f81643030af1c226
81407714933,27541597320,ci-1-core,"core (macos-latest, py3.13)",completed,success,2026-06-15T11:17:33Z,2026-06-15T11:33:33Z,960,19c0f081332678bc71e45282258db513aa64b960
81407722811,27541465807,ci-1-core,"core (macos-latest, py3.13)",completed,success,2026-06-15T11:23:14Z,2026-06-15T11:40:54Z,1060,e7cf860ef36bda2f8003be3eea8218373f36b7f0
81405928330,27541384118,ci-1-core,"core (macos-latest, py3.13)",completed,success,2026-06-15T11:16:07Z,2026-06-15T11:29:44Z,817,d0242f4d642e68b7e098128d8352e448c8bab20d
81405568834,27541372534,ci-1-core,"core (macos-latest, py3.13)",completed,success,2026-06-15T11:05:04Z,2026-06-15T11:17:38Z,754,870b4c25e693b7cd5b381331569f23318353a7bd
81407959918,27541137198,ci-1-core,"core (macos-latest, py3.13)",completed,success,2026-06-15T11:27:06Z,2026-06-15T11:41:24Z,858,ef2f06964fbadda5457a459725171bb127efd40d
81916067054,27693589573,ci-1-core,"core (macos-latest, py3.13)",completed,cancelled,2026-06-17T14:09:10Z,2026-06-17T14:23:12Z,842,59f156d46dd932e3008b67188775218064336571
81909714625,27691814620,ci-1-core,"core (macos-latest, py3.13)",completed,success,2026-06-17T13:43:27Z,2026-06-17T14:01:12Z,1065,89beb702edab7ad280b09e71de154aff66c99d0c
81909621508,27691730648,ci-1-core,"core (macos-latest, py3.13)",completed,success,2026-06-17T13:41:02Z,2026-06-17T13:56:40Z,938,82591862c03c3747f513dd8965f4a348e8ec62d3
81908868960,27691534909,ci-1-core,"core (macos-latest, py3.13)",completed,cancelled,2026-06-17T13:37:31Z,2026-06-17T13:46:09Z,518,e67c5e9318ae3e927a7c558e780778ed98d1d0df
81904973987,27690325808,ci-1-core,"core (macos-latest, py3.13)",completed,success,2026-06-17T13:19:56Z,2026-06-17T13:35:56Z,960,68fc6dac15d7eb73b85b40c07ad37a35602ba6ec
81901265865,27689877456,ci-1-core,"core (macos-latest, py3.13)",completed,cancelled,2026-06-17T13:02:10Z,2026-06-17T13:13:14Z,664,fbfbe2f8bdd53187610fd8b5d2650763995f5fdc
81899880905,27689392112,ci-1-core,"core (macos-latest, py3.13)",completed,success,2026-06-17T12:55:19Z,2026-06-17T13:10:27Z,908,1584221fd97db893fe50c0f4e7d5b867a085d0bc
81899177895,27688316581,ci-1-core,"core (macos-latest, py3.13)",completed,success,2026-06-17T12:51:50Z,2026-06-17T13:08:49Z,1019,7a97eb5aed746f31c935aedbb774535106fe5024
81898978313,27687682020,ci-1-core,"core (macos-latest, py3.13)",completed,success,2026-06-17T12:50:50Z,2026-06-17T13:09:46Z,1136,60f4765fb3d5872082d7b028ae3b248468d511f2
81893585232,27687666076,ci-1-core,"core (macos-latest, py3.13)",completed,cancelled,2026-06-17T12:23:32Z,2026-06-17T12:45:21Z,1309,f90c5bf9ac3a6df3e4e898a877bc23327b23b311
81893532210,27686764686,ci-1-core,"core (macos-latest, py3.13)",completed,success,2026-06-17T12:23:15Z,2026-06-17T12:39:37Z,982,d5e1d1eae7f761d448178892e9cdb3f4a73d0169
81886114574,27685480521,ci-1-core,"core (macos-latest, py3.13)",completed,success,2026-06-17T11:42:41Z,2026-06-17T11:57:30Z,889,1a05061de49a0a362d701496956a049231a19518
81886394066,27684226143,ci-1-core,"core (macos-latest, py3.13)",completed,failure,2026-06-17T11:44:16Z,2026-06-17T11:59:27Z,911,da6f97586315d56eb6f531bee911fb08891e22ca
81880741027,27683972460,ci-1-core,"core (macos-latest, py3.13)",completed,success,2026-06-17T11:11:49Z,2026-06-17T11:27:55Z,966,07f22908c25f85778ff2829e910181f397a06a42
82112896165,27751459302,ci-1-core,"core (macos-latest, py3.13)",completed,success,2026-06-18T10:55:30Z,2026-06-18T11:10:42Z,912,1fec0ae430893809e65e368eac1041d036571232
82109507764,27751300972,ci-1-core,"core (macos-latest, py3.13)",completed,success,2026-06-18T10:42:18Z,2026-06-18T10:56:37Z,859,698f2149a0d36446b3dde2b86cc0f9ee178ca668
82107263374,27751206894,ci-1-core,"core (macos-latest, py3.13)",completed,success,2026-06-18T10:23:56Z,2026-06-18T10:40:41Z,1005,197c9591e42ca72cd7dd64b8c0ab3c7bbac18df1
82107171180,27751073452,ci-1-core,"core (macos-latest, py3.13)",completed,failure,2026-06-18T10:22:08Z,2026-06-18T10:39:52Z,1064,323eb5177bf8afee46d13aa3749683ff3ebda377
82109213404,27751023437,ci-1-core,"core (macos-latest, py3.13)",completed,failure,2026-06-18T10:34:06Z,2026-06-18T10:46:46Z,760,f6da7facbbd48239a94b9fd9353db35d1201026a
82108493523,27750984444,ci-1-core,"core (macos-latest, py3.13)",completed,failure,2026-06-18T10:27:40Z,2026-06-18T10:42:44Z,904,f402b9f98b0e35356ba2cd2fc33d107f72057233
82103834066,27750751174,ci-1-core,"core (macos-latest, py3.13)",completed,success,2026-06-18T10:07:34Z,2026-06-18T10:21:18Z,824,ef8a4aec79f98353daf3e6119c0a349fffd5e74b
82103535413,27748985605,ci-1-core,"core (macos-latest, py3.13)",completed,success,2026-06-18T09:59:17Z,2026-06-18T10:12:54Z,817,0b155029eec68fe2c3a9fbe446d93e6e0cf0b12d
82106120008,27748945244,ci-1-core,"core (macos-latest, py3.13)",completed,success,2026-06-18T10:13:46Z,2026-06-18T10:31:00Z,1034,e2c906dfd1d33a7779fe606228129f2b312a741d
82096733914,27748652461,ci-1-core,"core (macos-latest, py3.13)",completed,success,2026-06-18T09:21:37Z,2026-06-18T09:35:59Z,862,deeb61315fb852798833d2121c93cf3b7b7442f3
82093158667,27747148182,ci-1-core,"core (macos-latest, py3.13)",completed,cancelled,2026-06-18T09:01:48Z,2026-06-18T09:02:31Z,43,5fe503cc3d873d2f6283ea672a2830f4f33d583f
82092703332,27747126706,ci-1-core,"core (macos-latest, py3.13)",completed,success,2026-06-18T08:59:28Z,2026-06-18T09:15:22Z,954,b78df951acc888fcfa6fe9472e18970060f597bb
82090911314,27745929793,ci-1-core,"core (macos-latest, py3.13)",completed,success,2026-06-18T08:50:15Z,2026-06-18T09:05:01Z,886,6081703d83d3a852043eb9506fd84e9d28d3e0ff
82091556206,27745838908,ci-1-core,"core (macos-latest, py3.13)",completed,success,2026-06-18T08:53:06Z,2026-06-18T09:08:31Z,925,0ddc159e4f09385aef77488a96885206cd0f57fe
82086633160,27745310117,ci-1-core,"core (macos-latest, py3.13)",completed,success,2026-06-18T08:27:17Z,2026-06-18T08:42:00Z,883,7fb99a8400db9a4a2f0604ec666f67a9b34fd137
82085886702,27744982740,ci-1-core,"core (macos-latest, py3.13)",completed,failure,2026-06-18T08:23:27Z,2026-06-18T08:38:48Z,921,c13302205bf691ae7e65c968df7d566328147774
82084287960,27744923462,ci-1-core,"core (macos-latest, py3.13)",completed,success,2026-06-18T08:12:16Z,2026-06-18T08:26:53Z,877,f26c3ce8a48dfff4469a27dee6a8429ceb7a838a
82083673399,27744864286,ci-1-core,"core (macos-latest, py3.13)",completed,failure,2026-06-18T08:09:58Z,2026-06-18T08:30:54Z,1256,b011d24174b606128faceaba38f9a1e1dbc8def1
82083231122,27744222316,ci-1-core,"core (macos-latest, py3.13)",completed,success,2026-06-18T08:06:49Z,2026-06-18T08:21:07Z,858,cc8874f363116ac7ec888cba1f7ad521f0aed65d
82081237649,27744213406,ci-1-core,"core (macos-latest, py3.13)",completed,success,2026-06-18T07:57:38Z,2026-06-18T08:12:43Z,905,412d30eec66592284af9b5bf1d28b675216e0695
82081008759,27744140038,ci-1-core,"core (macos-latest, py3.13)",completed,success,2026-06-18T07:55:27Z,2026-06-18T08:09:10Z,823,d46aaa6f769d3764a6eaea6cecc9a6dd62c3ad2e
82076577655,27742783305,ci-1-core,"core (macos-latest, py3.13)",completed,cancelled,2026-06-18T07:25:19Z,2026-06-18T07:33:40Z,501,4b1ec086289d21435dca9897cb3ce0efdd38c6d0
82076402364,27741525902,ci-1-core,"core (macos-latest, py3.13)",completed,success,2026-06-18T07:24:10Z,2026-06-18T07:43:27Z,1157,833633fd23426a3ac7e25d0e391e19ff12b11732
82071823704,27741339260,ci-1-core,"core (macos-latest, py3.13)",completed,cancelled,2026-06-18T06:53:23Z,2026-06-18T07:05:26Z,723,879cefe1d829faad93242e64f7131efc898c7b22
82071876930,27741141723,ci-1-core,"core (macos-latest, py3.13)",completed,success,2026-06-18T06:53:45Z,2026-06-18T07:12:07Z,1102,8f55df28a22ea2710c05a8a1f7b2080d9d839bcb
82071311141,27741028781,ci-1-core,"core (macos-latest, py3.13)",completed,success,2026-06-18T06:49:50Z,2026-06-18T07:06:31Z,1001,e43e5206b1ea4cb7aa1daf4a6c9349d0621ada57
82071461910,27740688480,ci-1-core,"core (macos-latest, py3.13)",completed,success,2026-06-18T06:50:52Z,2026-06-18T07:06:36Z,944,e024b65fe806ccd34f4fd4d293685ec7a3bc5d1a
82072131278,27740435056,ci-1-core,"core (macos-latest, py3.13)",completed,success,2026-06-18T07:05:32Z,2026-06-18T07:23:51Z,1099,290af774ee530cf6b003cd0b375de39c87a240a2
82071928701,27739947821,ci-1-core,"core (macos-latest, py3.13)",completed,success,2026-06-18T06:55:29Z,2026-06-18T07:09:38Z,849,7e4c51fcee7581d91e22973028bc5a298edf7aef
82066385851,27739883906,ci-1-core,"core (macos-latest, py3.13)",completed,success,2026-06-18T06:12:17Z,2026-06-18T06:27:16Z,899,b458c213c711d4dba9f76171de416d1a7641bccc
82066145526,27739681557,ci-1-core,"core (macos-latest, py3.13)",completed,success,2026-06-18T06:10:21Z,2026-06-18T06:24:24Z,843,6ce9355816d00c08fb3a91c8c53f0c4332b27e89
82019854788,27723314392,ci-1-core,"core (macos-latest, py3.13)",completed,success,2026-06-17T23:08:16Z,2026-06-17T23:23:32Z,916,99f425cb038cd899cabdf7d9ec67959f5d8b4bde
82020532177,27723302064,ci-1-core,"core (macos-latest, py3.13)",completed,success,2026-06-17T23:08:57Z,2026-06-17T23:21:24Z,747,64f9909e1aea20a1c1fb87a35b39c9578c7b94ab
82019460500,27722919571,ci-1-core,"core (macos-latest, py3.13)",completed,success,2026-06-17T23:05:19Z,2026-06-17T23:18:25Z,786,00292ac6b81f952257c1b61264bd40144634bd72
82018263184,27722813310,ci-1-core,"core (macos-latest, py3.13)",completed,success,2026-06-17T22:58:43Z,2026-06-17T23:11:35Z,772,97bf76f1e1391a95cc592af2f1100ff1bc96df33
82017680708,27722729824,ci-1-core,"core (macos-latest, py3.13)",completed,success,2026-06-17T22:54:45Z,2026-06-17T23:08:54Z,849,6a95348824978d23ab67effabdd08bb445099e39
82017378392,27722532408,ci-1-core,"core (macos-latest, py3.13)",completed,success,2026-06-17T22:51:29Z,2026-06-17T23:08:14Z,1005,a17c8b1517b3600bf8b12768e572327b680402ab
82019058746,27722053084,ci-1-core,"core (macos-latest, py3.13)",completed,failure,2026-06-17T23:00:55Z,2026-06-17T23:13:48Z,773,eadc36777480801808efdd2922119c18b7e1662a
82013265848,27722042811,ci-1-core,"core (macos-latest, py3.13)",completed,success,2026-06-17T22:19:43Z,2026-06-17T22:34:35Z,892,90194c70c598b06cfee3e04bead72314bf742fc9
82010546518,27721463639,ci-1-core,"core (macos-latest, py3.13)",completed,success,2026-06-17T21:59:09Z,2026-06-17T22:12:36Z,807,8890329c5c63dcdbd043ea68f09951aff78f76f4
82009459365,27721101542,ci-1-core,"core (macos-latest, py3.13)",completed,success,2026-06-17T21:49:46Z,2026-06-17T22:04:27Z,881,acb276c5052fb4d3ae4dd2370fd2f93c391e9d5b
82008582542,27720726354,ci-1-core,"core (macos-latest, py3.13)",completed,success,2026-06-17T21:44:26Z,2026-06-17T22:00:36Z,970,07bd4fd6d34da88fb56a3dd76c8bada6eecc014d
82006301793,27720180113,ci-1-core,"core (macos-latest, py3.13)",completed,success,2026-06-17T21:30:57Z,2026-06-17T21:45:26Z,869,f91fbb1d260fede0c2044bc33c6152897adcbe1e
81993613496,27716611358,ci-1-core,"core (macos-latest, py3.13)",completed,failure,2026-06-17T20:22:47Z,2026-06-17T20:36:24Z,817,0e1b346ece0a9597306e1eae30a28bcf42f18e9b
81992952859,27716153707,ci-1-core,"core (macos-latest, py3.13)",completed,failure,2026-06-17T20:19:23Z,2026-06-17T20:35:29Z,966,eb7fa7101646ce94e1d5bf90994edb292925b2d9
81992674739,27716039706,ci-1-core,"core (macos-latest, py3.13)",completed,failure,2026-06-17T20:17:58Z,2026-06-17T20:32:23Z,865,79738ba00691cd25f58f457e7acf96eb646aa261
81991881684,27715829456,ci-1-core,"core (macos-latest, py3.13)",completed,success,2026-06-17T20:13:54Z,2026-06-17T20:28:14Z,860,7aae3b474bd748319764499b28de6891501d9809
81983737662,27713535744,ci-1-core,"core (macos-latest, py3.13)",completed,success,2026-06-17T19:32:14Z,2026-06-17T19:47:44Z,930,1d083abd89846d90f147cc3d17c5f772c1da679e
81947079923,27701820240,ci-1-core,"core (macos-latest, py3.13)",completed,failure,2026-06-17T16:25:36Z,2026-06-17T16:39:23Z,827,bbf7a0786a4a1f9564b66d10c8a52f3fab793d24
81947852640,27700819852,ci-1-core,"core (macos-latest, py3.13)",completed,success,2026-06-17T16:29:21Z,2026-06-17T16:46:06Z,1005,2aaf1639d1b1a1b93472978c99a17403500317a1
81939940460,27700653202,ci-1-core,"core (macos-latest, py3.13)",completed,success,2026-06-17T15:51:58Z,2026-06-17T16:09:38Z,1060,99dd0f905a0a8843e12c1a54ef5ea3d00165ef25
81931329654,27698208961,ci-1-core,"core (macos-latest, py3.13)",completed,cancelled,2026-06-17T15:13:52Z,2026-06-17T15:19:59Z,367,d703017fc6a64d25da5676191211707d1d2fa1f5
81930879672,27698089250,ci-1-core,"core (macos-latest, py3.13)",completed,success,2026-06-17T15:11:58Z,2026-06-17T15:26:50Z,892,5476a6239998429d430930775a6eb9a0e8a1cbe3
82414265309,27844998409,ci-1-core,"core (macos-latest, py3.13)",completed,success,2026-06-19T19:54:27Z,2026-06-19T20:07:34Z,787,278c922a36e4d10581e2bfba478df9cc68c45785
82412028626,27842880333,ci-1-core,"core (macos-latest, py3.13)",completed,success,2026-06-19T19:35:13Z,2026-06-19T19:51:05Z,952,547aadb98191c02771ee33524da5c7860e2c3071
82405264695,27841895220,ci-1-core,"core (macos-latest, py3.13)",completed,success,2026-06-19T18:40:09Z,2026-06-19T18:57:02Z,1013,61ef28ab067e9b88405a6ac39993141b13fadfd0
82402396391,27841125459,ci-1-core,"core (macos-latest, py3.13)",completed,cancelled,2026-06-19T18:17:06Z,2026-06-19T18:17:57Z,51,8ccb324463b5a55e7278d105b48b7952da2e5893
82402386417,27839422571,ci-1-core,"core (macos-latest, py3.13)",completed,success,2026-06-19T18:17:02Z,2026-06-19T18:31:51Z,889,efa6f5083b5054847c9e083b05ac3c4dc9bdcddf
82402412107,27839363015,ci-1-core,"core (macos-latest, py3.13)",completed,success,2026-06-19T18:17:15Z,2026-06-19T18:35:04Z,1069,7e09c3c13c34d7127143b610c1e35689442232d5
82402362937,27839350471,ci-1-core,"core (macos-latest, py3.13)",completed,success,2026-06-19T18:16:49Z,2026-06-19T18:29:31Z,762,d107b40c75e22d5363b878409a9c5440d046ca7c
82395256206,27838321924,ci-1-core,"core (macos-latest, py3.13)",completed,success,2026-06-19T17:20:40Z,2026-06-19T17:32:45Z,725,76c8be134e2135a4e8438be721d21d672d904a2f
82391527680,27837588518,ci-1-core,"core (macos-latest, py3.13)",completed,success,2026-06-19T16:52:38Z,2026-06-19T17:09:01Z,983,fd86ce2ea7b973cae59ac867953f86263e356972
82387812794,27835572503,ci-1-core,"core (macos-latest, py3.13)",completed,success,2026-06-19T16:25:11Z,2026-06-19T16:42:10Z,1019,1487b4d34dcc28d793dbdc57961ca585864b3e29
82383773302,27835052396,ci-1-core,"core (macos-latest, py3.13)",completed,failure,2026-06-19T15:57:34Z,2026-06-19T16:12:15Z,881,58568a033066e6d6b23acfeaffb0711f18e7e201
82381110831,27834291367,ci-1-core,"core (macos-latest, py3.13)",completed,success,2026-06-19T15:40:11Z,2026-06-19T15:52:23Z,732,4a3b3264835c3a8059ba5a963500f3a8e99ab0e1
82376784769,27832772735,ci-1-core,"core (macos-latest, py3.13)",completed,success,2026-06-19T15:12:50Z,2026-06-19T15:28:03Z,913,94f2646deb3d62a34dd08427d13c0270a4cf8e48
82363249511,27828235357,ci-1-core,"core (macos-latest, py3.13)",completed,success,2026-06-19T13:52:11Z,2026-06-19T14:08:34Z,983,d46131c94e0ea32d4170961d2ee23c40c65bacfd
82358527018,27827644241,ci-1-core,"core (macos-latest, py3.13)",completed,cancelled,2026-06-19T13:25:11Z,2026-06-19T13:32:14Z,423,9ff896d8c2bcbfca3aadde136b8ef86429bdd7f2
82358295162,27826933066,ci-1-core,"core (macos-latest, py3.13)",completed,failure,2026-06-19T13:30:20Z,2026-06-19T13:46:20Z,960,14ec4a5b82cd306b5592f0294c24e60fa0a92494
82356234077,27826191952,ci-1-core,"core (macos-latest, py3.13)",completed,success,2026-06-19T13:11:23Z,2026-06-19T13:25:45Z,862,b9bb62f0214569d7f8f51078cd2aa1dcc7cb2347
82357501477,27825948865,ci-1-core,"core (macos-latest, py3.13)",completed,success,2026-06-19T13:18:23Z,2026-06-19T13:35:57Z,1054,7d9a79a6b6883776f09c355165df2e2f5b3df0bb
82352523254,27825704603,ci-1-core,"core (macos-latest, py3.13)",completed,cancelled,2026-06-19T12:47:46Z,2026-06-19T12:53:44Z,358,364707ee588c8706c576b033b53b35cfd6d731e4
82350725173,27825239753,ci-1-core,"core (macos-latest, py3.13)",completed,success,2026-06-19T12:41:07Z,2026-06-19T12:56:42Z,935,0ebe62f7141e8afc357d20873fe489b1c132e503
82350632838,27817871909,ci-1-core,"core (macos-latest, py3.13)",completed,cancelled,2026-06-19T12:36:34Z,2026-06-19T12:51:53Z,919,840efdaaaa407f535e67a1a55cc5d2b1828bc416
82325861630,27817354783,ci-1-core,"core (macos-latest, py3.13)",completed,success,2026-06-19T09:51:36Z,2026-06-19T10:07:09Z,933,649c0d7d0b9cccd13ba69faf778d9b2f552929e1
82324091207,27817128258,ci-1-core,"core (macos-latest, py3.13)",completed,success,2026-06-19T09:40:22Z,2026-06-19T09:59:04Z,1122,de2a08e5b653d38604d92e2bfb2004cfdcea3677
82324054743,27816949230,ci-1-core,"core (macos-latest, py3.13)",completed,failure,2026-06-19T09:40:12Z,2026-06-19T09:53:39Z,807,e75717712b53f3a9710ca8ff997bc9db0c9390c9
82325180651,27816347639,ci-1-core,"core (macos-latest, py3.13)",completed,success,2026-06-19T09:47:45Z,2026-06-19T10:01:00Z,795,c21f53d74691b6408c01b5919425c3c848292340
82319536610,27815702415,ci-1-core,"core (macos-latest, py3.13)",completed,cancelled,2026-06-19T09:15:02Z,2026-06-19T09:25:59Z,657,ada141bcc26caee2897850564c18a1419d01b339
82315885300,27814016652,ci-1-core,"core (macos-latest, py3.13)",completed,success,2026-06-19T08:48:47Z,2026-06-19T09:05:55Z,1028,5ad47315c085a666c41d18e456d581b954d11a03
82320021890,27813863837,ci-1-core,"core (macos-latest, py3.13)",completed,success,2026-06-19T09:19:36Z,2026-06-19T09:35:42Z,966,fca2ae02ada3501ce1691bf52abcb52833a5e2ec
82312074133,27813267209,ci-1-core,"core (macos-latest, py3.13)",completed,success,2026-06-19T08:26:38Z,2026-06-19T08:39:51Z,793,3e1fe7054c12b3b79c37311306e9604bce3824e5
82310483053,27813121218,ci-1-core,"core (macos-latest, py3.13)",completed,success,2026-06-19T08:12:56Z,2026-06-19T08:26:59Z,843,856eef91747afe41a621de7882b9b1160abc573d
82310779171,27813046005,ci-1-core,"core (macos-latest, py3.13)",completed,failure,2026-06-19T08:15:04Z,2026-06-19T08:27:35Z,751,bfdf43a3859c495f30ffef8dead092c3c276589f
82315686982,27812684973,ci-1-core,"core (macos-latest, py3.13)",completed,success,2026-06-19T08:47:28Z,2026-06-19T09:02:48Z,920,7ff716fb066a3dadf71c0505359674d7fbff0d67
82325091788,27807680023,ci-1-core,"core (macos-latest, py3.13)",completed,success,2026-06-19T09:46:37Z,2026-06-19T10:03:42Z,1025,6e05ee668b84844e11c69a1bbeed30131f6843ba
82248776032,27792957364,ci-1-core,"core (macos-latest, py3.13)",completed,success,2026-06-18T22:41:20Z,2026-06-18T22:55:16Z,836,8b5ca1b3fb79386cc79afc1141b29b524265ecd9
82291509859,27792131564,ci-1-core,"core (macos-latest, py3.13)",completed,failure,2026-06-19T05:43:44Z,2026-06-19T05:57:22Z,818,a0ffbcebe2919778b3a955b4a1adfc39aa3244c7
82245845390,27792019794,ci-1-core,"core (macos-latest, py3.13)",completed,cancelled,2026-06-18T22:20:09Z,2026-06-18T22:22:52Z,163,e217169dccd0c25e7408676c62df2e244330a9d9
82240889520,27789991579,ci-1-core,"core (macos-latest, py3.13)",completed,success,2026-06-18T21:47:40Z,2026-06-18T22:06:07Z,1107,9f52da78fc2110091bdab0846123f44d39a786f4
82240288381,27789414254,ci-1-core,"core (macos-latest, py3.13)",completed,success,2026-06-18T21:43:53Z,2026-06-18T22:00:04Z,971,f923784c48881f047b5c064842d02d78110def02
82236218607,27788461751,ci-1-core,"core (macos-latest, py3.13)",completed,failure,2026-06-18T21:18:58Z,2026-06-18T21:35:20Z,982,ba2f42cccb0fa2337000caa8798f63b00372df52
82233635295,27788234521,ci-1-core,"core (macos-latest, py3.13)",completed,success,2026-06-18T21:04:04Z,2026-06-18T21:21:46Z,1062,ba251f8d239b9c649018e9aec8bafe5a176a93f1
82226911620,27784613574,ci-1-core,"core (macos-latest, py3.13)",completed,failure,2026-06-18T20:26:33Z,2026-06-18T20:44:45Z,1092,aed9b73aa7c21868767feab453a29b6ce64faceb
82220035844,27784270131,ci-1-core,"core (macos-latest, py3.13)",completed,success,2026-06-18T19:48:59Z,2026-06-18T20:03:57Z,898,06c2c95955d73ae58410da28bdbbf0833d169416
82221232294,27782442182,ci-1-core,"core (macos-latest, py3.13)",completed,success,2026-06-18T19:55:37Z,2026-06-18T20:09:49Z,852,c9904c83feebd434b5b464399b7bb5655cb74695
82209284851,27781126581,ci-1-core,"core (macos-latest, py3.13)",completed,success,2026-06-18T18:51:42Z,2026-06-18T19:06:14Z,872,35ddcb519687a5aa780c21b6223abf4393ce2dae
82209311278,27779189694,ci-1-core,"core (macos-latest, py3.13)",completed,failure,2026-06-18T18:51:50Z,2026-06-18T19:06:49Z,899,f98c6124756aeb082017c903692ef241a0e0471e
82201758263,27777933472,ci-1-core,"core (macos-latest, py3.13)",completed,success,2026-06-18T18:12:35Z,2026-06-18T18:25:19Z,764,ffa6002da5413f7464522c1114b18b9b9f1d208b
82201995326,27777876419,ci-1-core,"core (macos-latest, py3.13)",completed,failure,2026-06-18T18:13:46Z,2026-06-18T18:26:19Z,753,441c2b1cfe4a93656b200362ea4fae3a7782ad86
82196865214,27777430819,ci-1-core,"core (macos-latest, py3.13)",completed,success,2026-06-18T17:47:19Z,2026-06-18T18:02:09Z,890,026f0b4c90435a120f6bcd3e7c09877ded5d299c
82197262565,27775836100,ci-1-core,"core (macos-latest, py3.13)",completed,success,2026-06-18T17:49:25Z,2026-06-18T18:07:42Z,1097,267667f7d36b73ac212cd3a4719c5a54e035ad83
82190055154,27775159518,ci-1-core,"core (macos-latest, py3.13)",completed,failure,2026-06-18T17:12:23Z,2026-06-18T17:28:48Z,985,35634c49993f37125528ab15c46da3a57a34f42d
82188141239,27774530340,ci-1-core,"core (macos-latest, py3.13)",completed,success,2026-06-18T17:02:41Z,2026-06-18T17:15:19Z,758,474169f0dd8713ccf59e610168c84ed2b98ce900
82169600005,27769584331,ci-1-core,"core (macos-latest, py3.13)",completed,success,2026-06-18T15:32:48Z,2026-06-18T15:46:55Z,847,03913b2af10246385c2997cd52a6907057b708ee
82162808440,27767623816,ci-1-core,"core (macos-latest, py3.13)",completed,cancelled,2026-06-18T15:03:09Z,2026-06-18T15:15:14Z,725,8ad31747ff18655a5431e49a44dcb1abf39c218b
82159779946,27766035118,ci-1-core,"core (macos-latest, py3.13)",completed,success,2026-06-18T14:50:07Z,2026-06-18T15:03:14Z,787,dfc23b57f7f497e1c0ea6fb36af55498d0438749
82153852036,27765217307,ci-1-core,"core (macos-latest, py3.13)",completed,success,2026-06-18T14:23:52Z,2026-06-18T14:41:39Z,1067,ff677db457ac995994fb1b5bbcf031fd8bc5215f
82153910312,27765192946,ci-1-core,"core (macos-latest, py3.13)",completed,failure,2026-06-18T14:24:07Z,2026-06-18T14:39:50Z,943,8b11592535ede0003f8be2fc91ced311d0e0cd51
82153866908,27765154588,ci-1-core,"core (macos-latest, py3.13)",completed,success,2026-06-18T14:23:55Z,2026-06-18T14:36:48Z,773,be8c7bf7a30646462ead94f37a0e233c6930d303
82152701545,27763895661,ci-1-core,"core (macos-latest, py3.13)",completed,success,2026-06-18T14:18:41Z,2026-06-18T14:32:59Z,858,bc4f9aed6c82aa77d3d1a652ab17ff5867a71391
82145657255,27763047922,ci-1-core,"core (macos-latest, py3.13)",completed,success,2026-06-18T13:47:19Z,2026-06-18T14:00:37Z,798,8832855f2ea72fb65e8a5d112fa4633f55009999
82146033562,27761960601,ci-1-core,"core (macos-latest, py3.13)",completed,success,2026-06-18T13:49:03Z,2026-06-18T14:01:32Z,749,957e24a4bc094b31eedb910d87cda775a73dd56c
82140250220,27761406927,ci-1-core,"core (macos-latest, py3.13)",completed,cancelled,2026-06-18T13:22:02Z,2026-06-18T13:31:38Z,576,9de5405e74b624b5fbc040374c0b99a37e4afc73
82138276177,27760898727,ci-1-core,"core (macos-latest, py3.13)",completed,success,2026-06-18T13:12:34Z,2026-06-18T13:28:54Z,980,46aed34430f1d98361ab2b636808d825299cd61e
82132182427,27758343823,ci-1-core,"core (macos-latest, py3.13)",completed,success,2026-06-18T12:42:01Z,2026-06-18T12:57:41Z,940,7a3a9419800879155cf12333ba6652f48ae87b14
82131462818,27758192405,ci-1-core,"core (macos-latest, py3.13)",completed,success,2026-06-18T12:38:18Z,2026-06-18T12:56:07Z,1069,a8de84d346355fda60cb22db9e0682a59f8d574a
82126726201,27757101498,ci-1-core,"core (macos-latest, py3.13)",completed,success,2026-06-18T12:16:27Z,2026-06-18T12:32:49Z,982,ca0041d34ba28a7ce93c43c189f608b3c7ecf6e8
82506324698,27879582549,ci-1-core,"core (macos-latest, py3.13)",completed,success,2026-06-20T18:35:20Z,2026-06-20T18:47:25Z,725,6c73ab873f8c180fbb8f858d177b3ccc0fb6434e
82505411940,27876042117,ci-1-core,"core (macos-latest, py3.13)",completed,success,2026-06-20T18:21:03Z,2026-06-20T18:34:33Z,810,d0c77237be8de87a4ba935c423c7882f363c2c1c
82486008423,27871880267,ci-1-core,"core (macos-latest, py3.13)",completed,success,2026-06-20T13:15:38Z,2026-06-20T13:27:49Z,731,088983fe9f31758a661da169d60067cea54de56b
82476029316,27867945153,ci-1-core,"core (macos-latest, py3.13)",completed,success,2026-06-20T10:25:57Z,2026-06-20T10:39:54Z,837,3bb49d64f40ff20b41cf0760b5c1e352b9c81a9e
82475506613,27867612234,ci-1-core,"core (macos-latest, py3.13)",completed,success,2026-06-20T10:18:34Z,2026-06-20T10:30:48Z,734,2f7006638bedbc85d89558604de8d7b4e84652ad
82476398804,27867511557,ci-1-core,"core (macos-latest, py3.13)",completed,success,2026-06-20T10:32:17Z,2026-06-20T10:47:02Z,885,ba962df7add4031eb5563561644fba310c39b554
82475162581,27867282105,ci-1-core,"core (macos-latest, py3.13)",completed,success,2026-06-20T10:12:57Z,2026-06-20T10:28:37Z,940,b50b01b703b92df09a325c1e7a9d974d74f5f251
82473678493,27866986431,ci-1-core,"core (macos-latest, py3.13)",completed,success,2026-06-20T09:45:26Z,2026-06-20T09:57:32Z,726,fb684ae7a4e05e35b98866af9de99ff57c42d6e8
82473890710,27866968630,ci-1-core,"core (macos-latest, py3.13)",completed,success,2026-06-20T09:50:21Z,2026-06-20T10:02:10Z,709,90c2808e5157c95d48b2260cec1e380cc0fcc4b6
82474049969,27866949666,ci-1-core,"core (macos-latest, py3.13)",completed,success,2026-06-20T09:56:48Z,2026-06-20T10:12:25Z,937,dd865b3d8a1db144ab81716b9f21f7e7a39df2f1
82473932639,27865191326,ci-1-core,"core (macos-latest, py3.13)",completed,success,2026-06-20T09:52:02Z,2026-06-20T10:05:26Z,804,2f5dba12cbc239225c227e49761c30bb9a2e35aa
82473309764,27864769772,ci-1-core,"core (macos-latest, py3.13)",completed,success,2026-06-20T09:41:16Z,2026-06-20T09:54:23Z,787,1ddf7f084fccb99152c1e430573dbf8c5d574709
82467855242,27864520874,ci-1-core,"core (macos-latest, py3.13)",completed,success,2026-06-20T08:06:21Z,2026-06-20T08:18:31Z,730,74b0ab7444a6cacc7820773699e73d2f9d96eec1
82468017469,27864507103,ci-1-core,"core (macos-latest, py3.13)",completed,success,2026-06-20T08:08:55Z,2026-06-20T08:22:25Z,810,d2a261cd49ca2d3902cb607ffc524161c7e80eac
82467089976,27864380773,ci-1-core,"core (macos-latest, py3.13)",completed,success,2026-06-20T07:56:25Z,2026-06-20T08:11:03Z,878,e009afb693a364437433a593deb4b0f029d07d31
82467468237,27864335315,ci-1-core,"core (macos-latest, py3.13)",completed,success,2026-06-20T08:00:30Z,2026-06-20T08:14:08Z,818,ace5b14ba9c3eb8a2fd4a16dd763210d70dc4133
82466127296,27863967142,ci-1-core,"core (macos-latest, py3.13)",completed,success,2026-06-20T07:40:48Z,2026-06-20T07:57:35Z,1007,1209075258b83d241126e1a447117c84df3db8a8
82466062140,27863943996,ci-1-core,"core (macos-latest, py3.13)",completed,success,2026-06-20T07:36:33Z,2026-06-20T07:49:00Z,747,4317c59c32725c9362b4cfb476358868aff9fa84
82466090192,27863942771,ci-1-core,"core (macos-latest, py3.13)",completed,success,2026-06-20T07:37:00Z,2026-06-20T07:53:42Z,1002,7b3378b6ed7e43a9ebec425c44cb93a8d2cc6118
82463963401,27863276438,ci-1-core,"core (macos-latest, py3.13)",completed,success,2026-06-20T07:02:47Z,2026-06-20T07:16:11Z,804,71ba421573641686e26e7a57041a2e2dd9b5e4e3
82438366949,27853639200,ci-1-core,"core (macos-latest, py3.13)",completed,success,2026-06-20T00:08:34Z,2026-06-20T00:21:52Z,798,28ce9726d5df44a4d5c93d03bc57231101a6bd7d
82430565412,27849994373,ci-1-core,"core (macos-latest, py3.13)",completed,failure,2026-06-19T22:28:16Z,2026-06-19T22:40:26Z,730,8887807fa400c1c44383a5f3c25122e5a9494001
82684304511,27943041427,ci-1-core,"core (macos-latest, py3.13)",completed,cancelled,2026-06-22T09:48:26Z,2026-06-22T09:56:12Z,466,5fdc680fdf4d417c8ac56fbbabd42200bc8abbaa
82684062667,27942395413,ci-1-core,"core (macos-latest, py3.13)",completed,failure,2026-06-22T09:47:03Z,2026-06-22T10:06:23Z,1160,720212c0caf172273c48e82a80c21f61be04be09
82681196734,27942094087,ci-1-core,"core (macos-latest, py3.13)",completed,failure,2026-06-22T09:31:09Z,2026-06-22T09:46:57Z,948,efd686e73ee3dfbb0045512bd78bf9ca84df9e68
82676303395,27940642786,ci-1-core,"core (macos-latest, py3.13)",completed,failure,2026-06-22T09:05:33Z,2026-06-22T09:21:15Z,942,01dae5fef07958157518f6e4fb7ba7021b12a8f9
82675630108,27940375945,ci-1-core,"core (macos-latest, py3.13)",completed,failure,2026-06-22T09:01:51Z,2026-06-22T09:20:54Z,1143,048b4c1112d1f0513fe137152b288f59b4572b53
82674401377,27940157178,ci-1-core,"core (macos-latest, py3.13)",completed,failure,2026-06-22T08:54:57Z,2026-06-22T09:10:22Z,925,f468650608fd349ab378f776796e1138cc1d981a
82669039943,27937881926,ci-1-core,"core (macos-latest, py3.13)",completed,failure,2026-06-22T08:24:23Z,2026-06-22T08:43:09Z,1126,b604430875045d9efd0e8b562eda364f8b2252c3
82666252058,27937708355,ci-1-core,"core (macos-latest, py3.13)",completed,failure,2026-06-22T08:08:44Z,2026-06-22T08:32:29Z,1425,e25fdca168ae5706f07c34d4be08311bbc1d08a9
82657646823,27934514339,ci-1-core,"core (macos-latest, py3.13)",completed,failure,2026-06-22T07:14:06Z,2026-06-22T07:27:27Z,801,a549713d6a1fdfac62f2e38c768470dd3fd621d8
82606850386,27917638624,ci-1-core,"core (macos-latest, py3.13)",completed,success,2026-06-21T21:30:26Z,2026-06-21T21:42:56Z,750,37dfb0a53b4ee365c840f57641e9101b3ab6f4fa
82603967202,27916533826,ci-1-core,"core (macos-latest, py3.13)",completed,success,2026-06-21T20:47:09Z,2026-06-21T20:59:24Z,735,d748ea18acfa82dc31da00aaaed0e2545b12a022
82601368423,27915597964,ci-1-core,"core (macos-latest, py3.13)",completed,success,2026-06-21T20:07:50Z,2026-06-21T20:26:25Z,1115,5a6321d383a454b67bc6cf4708f7c8261c1c37a6
82596007182,27911530261,ci-1-core,"core (macos-latest, py3.13)",completed,success,2026-06-21T18:48:10Z,2026-06-21T19:03:42Z,932,11b67af3b7e2bf80ad984c5b0a5573f3241a7d9b
82595822702,27910800537,ci-1-core,"core (macos-latest, py3.13)",completed,success,2026-06-21T18:45:14Z,2026-06-21T19:00:15Z,901,2765d44511254a9efac030102644e31e42d5a10c
82582968932,27908655983,ci-1-core,"core (macos-latest, py3.13)",completed,success,2026-06-21T15:34:26Z,2026-06-21T15:48:56Z,870,d33ec961a70c387589387a403dc20de205be9de9
82570706691,27904107614,ci-1-core,"core (macos-latest, py3.13)",completed,success,2026-06-21T12:37:14Z,2026-06-21T12:54:40Z,1046,b3407a95a2eeb9a8da40ad33e21dbdb328b1c3b0
82570718398,27903824865,ci-1-core,"core (macos-latest, py3.13)",completed,success,2026-06-21T12:37:24Z,2026-06-21T12:51:20Z,836,631830f947f2668253c79d6df6a79245be1d3fbf
82568648745,27903325372,ci-1-core,"core (macos-latest, py3.13)",completed,success,2026-06-21T12:05:43Z,2026-06-21T12:17:47Z,724,d27c54dff2d3afb5262b557697b56a8051d98088
82567947846,27903077533,ci-1-core,"core (macos-latest, py3.13)",completed,success,2026-06-21T11:55:17Z,2026-06-21T12:10:22Z,905,e207ca8301ad5f07970ddc31fc475b0b62d201fb
82566859628,27901720721,ci-1-core,"core (macos-latest, py3.13)",completed,success,2026-06-21T11:38:13Z,2026-06-21T11:51:51Z,818,f064268a597286a430ca3b3d1b89ed7561deac26
82563902441,27901582233,ci-1-core,"core (macos-latest, py3.13)",completed,success,2026-06-21T10:53:03Z,2026-06-21T11:09:17Z,974,fe7f3747ac91466da43fda36aee6b8320a96531b
82563871238,27900478626,ci-1-core,"core (macos-latest, py3.13)",completed,success,2026-06-21T10:52:33Z,2026-06-21T11:11:16Z,1123,735c12f316309ce218fa915c00a3c36dbca00ee3
82560627876,27896556603,ci-1-core,"core (macos-latest, py3.13)",completed,success,2026-06-21T09:59:44Z,2026-06-21T10:13:35Z,831,05d77d592d465b37a66a5ff162223223c01d8776
82700696954,27947966850,ci-1-core,"core (macos-latest, py3.13)",completed,success,2026-06-22T11:20:10Z,2026-06-22T11:35:12Z,902,6236b62c66cb6d3c589c710dab91a95eabf4215d
82700561832,27947933332,ci-1-core,"core (macos-latest, py3.13)",completed,failure,2026-06-22T11:19:21Z,2026-06-22T11:31:49Z,748,d659666cb48370d685c9ed98897d04de5d70ac91
83299297840,28127049876,ci-1-core,"core (macos-latest, py3.13)",completed,success,2026-06-24T20:50:42Z,2026-06-24T21:06:31Z,949,7040b2338fea273792d326a45e25d0c5aff2b9e5
83272592471,28119916369,ci-1-core,"core (macos-latest, py3.13)",completed,success,2026-06-24T18:33:56Z,2026-06-24T18:49:23Z,927,160d7454b5ec607f45ce29f7aa66794df17dc706
83293413032,28119761885,ci-1-core,"core (macos-latest, py3.13)",completed,success,2026-06-24T20:19:47Z,2026-06-24T20:36:42Z,1015,51dc089d5d1cb147f59eb99c33e3eacad1c51d01
83271384450,28119357970,ci-1-core,"core (macos-latest, py3.13)",completed,failure,2026-06-24T18:27:59Z,2026-06-24T18:44:07Z,968,f8b60d8552a2b4f9544cb94bd6c409e778b801e3
83268633320,28117979799,ci-1-core,"core (macos-latest, py3.13)",completed,success,2026-06-24T18:14:10Z,2026-06-24T18:28:22Z,852,1cdc8dcf5d081da36834369cd403da0eefdd184f
83263687177,28117295511,ci-1-core,"core (macos-latest, py3.13)",completed,success,2026-06-24T17:49:40Z,2026-06-24T18:06:36Z,1016,e803cca6d00cfe87b88c4de304c12ad017126730
83263788060,28115390936,ci-1-core,"core (macos-latest, py3.13)",completed,success,2026-06-24T17:50:11Z,2026-06-24T18:07:57Z,1066,220144a0a1f5a6c81ebd4e11b870d81c80d95533
83263591924,28113524619,ci-1-core,"core (macos-latest, py3.13)",completed,failure,2026-06-24T17:49:10Z,2026-06-24T18:07:46Z,1116,be8660f6a71243fc272dc12629f92f2e16ac45ed
83263578370,28112559551,ci-1-core,"core (macos-latest, py3.13)",completed,success,2026-06-24T17:49:06Z,2026-06-24T18:04:21Z,915,d21696aa1f2990de367b29846d370ed3e194c061
83246106649,28112183132,ci-1-core,"core (macos-latest, py3.13)",completed,success,2026-06-24T16:23:28Z,2026-06-24T16:38:52Z,924,ba5c52459155411abaf02d2af9a94c5ddd78e4d2
83249425547,28111933342,ci-1-core,"core (macos-latest, py3.13)",completed,success,2026-06-24T16:39:37Z,2026-06-24T16:55:38Z,961,92ecf4b897fed0f3146516230d68398c01bf6368
83235149643,28108211362,ci-1-core,"core (macos-latest, py3.13)",completed,success,2026-06-24T15:35:48Z,2026-06-24T15:51:30Z,942,d545bd8269b57932d715646c0f89c3a1ee0cf5e2
83227942831,28106564686,ci-1-core,"core (macos-latest, py3.13)",completed,success,2026-06-24T15:03:12Z,2026-06-24T15:15:53Z,761,b374a7d4e2ef71d7b10d9c0eceb506af7d94eb97
83217920404,28103867054,ci-1-core,"core (macos-latest, py3.13)",completed,success,2026-06-24T14:20:36Z,2026-06-24T14:36:20Z,944,acb8d4ec3fa381ab57ba30994846ef42e5829d20
83215050477,28102596846,ci-1-core,"core (macos-latest, py3.13)",completed,success,2026-06-24T14:10:28Z,2026-06-24T14:23:11Z,763,66a9593de8d962dd7dad2e7c782173545bbb7d99
83213530347,28101985069,ci-1-core,"core (macos-latest, py3.13)",completed,success,2026-06-24T14:02:11Z,2026-06-24T14:16:49Z,878,da8b142df354e4f6fa732fc08a918ef9d25df9c3
83213768837,28101294949,ci-1-core,"core (macos-latest, py3.13)",completed,success,2026-06-24T14:09:09Z,2026-06-24T14:24:27Z,918,6056af494810f1b88356539f9a3bec116f279af4
83207004407,28100409919,ci-1-core,"core (macos-latest, py3.13)",completed,success,2026-06-24T13:31:50Z,2026-06-24T13:50:06Z,1096,0fcc1a80bb574a6519df3fe1577c877bffe6a3b9
83202171749,28099020560,ci-1-core,"core (macos-latest, py3.13)",completed,failure,2026-06-24T13:13:34Z,2026-06-24T13:28:08Z,874,ad774f2c1585f2a3d468f81da3970aac17d0fa42
83187728023,28095632387,ci-1-core,"core (macos-latest, py3.13)",completed,failure,2026-06-24T11:55:58Z,2026-06-24T12:07:28Z,690,1ea16a141d2ee9654eec706ae61186df7c697455
83194158132,28094521098,ci-1-core,"core (macos-latest, py3.13)",completed,failure,2026-06-24T12:30:16Z,2026-06-24T12:36:59Z,403,9334e42b37671be418108c3d83712a115dfeacb1
83177674390,28092756039,ci-1-core,"core (macos-latest, py3.13)",completed,success,2026-06-24T10:58:51Z,2026-06-24T11:11:17Z,746,87eae93b9c3b40867508f543720aa2b231c9ed24
83168454530,28089932121,ci-1-core,"core (macos-latest, py3.13)",completed,success,2026-06-24T10:05:42Z,2026-06-24T10:20:55Z,913,96f999b6184f442d3bc9d95e144d134d733e8066
83164064389,28088349064,ci-1-core,"core (macos-latest, py3.13)",completed,success,2026-06-24T09:41:58Z,2026-06-24T09:59:11Z,1033,3cd578ce23d424a42642571317d05c6ef71179e8
83160271767,28086298154,ci-1-core,"core (macos-latest, py3.13)",completed,success,2026-06-24T09:21:28Z,2026-06-24T09:42:47Z,1279,b42ca6647d25df65079562092902298dce210a24
83155317397,28086022248,ci-1-core,"core (macos-latest, py3.13)",completed,success,2026-06-24T08:54:43Z,2026-06-24T09:08:47Z,844,e0907c55ed8f2813a0c311577bd4bb3623719d0f
83143422636,28078593578,ci-1-core,"core (macos-latest, py3.13)",completed,success,2026-06-24T07:46:10Z,2026-06-24T08:01:24Z,914,347ec750f8e634843eb173c915a081412232dd32
83030016196,28046635949,ci-1-core,"core (macos-latest, py3.13)",completed,success,2026-06-23T18:24:52Z,2026-06-23T18:39:54Z,902,ee387f0b573c5a76c42bf95a38579927b1926a1e
83019005065,28042739754,ci-1-core,"core (macos-latest, py3.13)",completed,success,2026-06-23T17:30:12Z,2026-06-23T17:49:27Z,1155,a03a0229bc624c91217d5f2cbd0273876aa07df4
83019354867,28041585712,ci-1-core,"core (macos-latest, py3.13)",completed,success,2026-06-23T17:31:53Z,2026-06-23T17:49:11Z,1038,9ccb9b1973bb5bdc1f911257ff07a82cf9f37d4f
83011176938,28040868986,ci-1-core,"core (macos-latest, py3.13)",completed,success,2026-06-23T16:52:19Z,2026-06-23T17:10:00Z,1061,2d7ce33b706e998ec1c258712de69d5740954a3d
83010667091,28033654337,ci-1-core,"core (macos-latest, py3.13)",completed,success,2026-06-23T16:49:55Z,2026-06-23T17:07:54Z,1079,a3a7e5c560521791a78d7dbeab78fe1251fb0b32
82982235799,28032248425,ci-1-core,"core (macos-latest, py3.13)",completed,success,2026-06-23T14:37:02Z,2026-06-23T14:49:01Z,719,e2093555a16bea0086f2476b2314ab39cd232a25
82982690481,28032162682,ci-1-core,"core (macos-latest, py3.13)",completed,success,2026-06-23T14:39:18Z,2026-06-23T14:52:55Z,817,217429a9e705912f04534728f6b99a923c38ce85
82975713782,28030264230,ci-1-core,"core (macos-latest, py3.13)",completed,success,2026-06-23T14:11:24Z,2026-06-23T14:29:57Z,1113,14bb1df7c19bff19a589a278766d883e2a3409de
82965390236,28026390314,ci-1-core,"core (macos-latest, py3.13)",completed,success,2026-06-23T13:21:13Z,2026-06-23T13:42:38Z,1285,82ea7a3acfdb84625e2047b8f868f9eee4636ea7
82963731393,28025789942,ci-1-core,"core (macos-latest, py3.13)",completed,success,2026-06-23T13:13:38Z,2026-06-23T13:30:52Z,1034,1b2e43081d9d43d8264a02dd0ffa64d61f2a17d4
82922792743,28015506038,ci-1-core,"core (macos-latest, py3.13)",completed,success,2026-06-23T09:34:48Z,2026-06-23T09:51:01Z,973,9272e73d4442985ca62529bc9454b27c1a23cbee
82903529617,28009984707,ci-1-core,"core (macos-latest, py3.13)",completed,success,2026-06-23T07:51:59Z,2026-06-23T08:09:18Z,1039,32bfd6ffef0e8c9e4b71b7cba719740d02865763
82904431762,28008585057,ci-1-core,"core (macos-latest, py3.13)",completed,success,2026-06-23T07:58:23Z,2026-06-23T08:17:38Z,1155,1cce01be7d7500164020604aed9e922f9aef3a9a
82893678999,28006881699,ci-1-core,"core (macos-latest, py3.13)",completed,success,2026-06-23T06:48:23Z,2026-06-23T07:08:33Z,1210,8cf204f80bd6d3b3ffdd72a49b3164e77423db1e
82826937998,27985025671,ci-1-core,"core (macos-latest, py3.13)",completed,success,2026-06-22T21:39:24Z,2026-06-22T21:56:05Z,1001,c97d0f423664ddaf0494d2972bcc7f3d489bcd14
82819250363,27982387687,ci-1-core,"core (macos-latest, py3.13)",completed,success,2026-06-22T20:57:39Z,2026-06-22T21:12:06Z,867,106bb9450063c117b838bf8f93dccfad8caa5ae7
82817843900,27982083290,ci-1-core,"core (macos-latest, py3.13)",completed,success,2026-06-22T20:50:18Z,2026-06-22T21:04:40Z,862,c7b2efa61bcd51ce2f780027565d7469a368b788
82783183676,27971280372,ci-1-core,"core (macos-latest, py3.13)",completed,success,2026-06-22T17:52:53Z,2026-06-22T18:10:03Z,1030,c24e607fc9eb4aea4075045b700e2034808f4fd7
82778225213,27966580232,ci-1-core,"core (macos-latest, py3.13)",completed,success,2026-06-22T17:27:48Z,2026-06-22T17:42:22Z,874,cf7d1fc90ac41272e04ccba5b80fe617094d50dc
82778506422,27965798879,ci-1-core,"core (macos-latest, py3.13)",completed,success,2026-06-22T17:29:16Z,2026-06-22T17:47:23Z,1087,4514e752f938a733823cccc0c9be115b52597aca
82724835869,27954980244,ci-1-core,"core (macos-latest, py3.13)",completed,success,2026-06-22T13:25:53Z,2026-06-22T13:43:56Z,1083,a6d92aa55db3fd0c464c814a5efcfdd7c47c0787
82714501218,27952149198,ci-1-core,"core (macos-latest, py3.13)",completed,success,2026-06-22T12:35:55Z,2026-06-22T12:49:56Z,841,09a68959216230361a18013cadec1fc3cd0f73da
83638435388,28231352204,ci-1-core,"core (macos-latest, py3.13)",completed,cancelled,2026-06-26T10:24:17Z,2026-06-26T10:40:02Z,945,e30b9dc233a9c2d0a3385fe9effbcb248b14e403
83638460457,28230199564,ci-1-core,"core (macos-latest, py3.13)",completed,success,2026-06-26T10:24:25Z,2026-06-26T10:40:37Z,972,1bc40851b8d3e1b00ea6d94d94bf283b91a89e25
83633193412,28229513975,ci-1-core,"core (macos-latest, py3.13)",completed,success,2026-06-26T09:51:03Z,2026-06-26T10:06:00Z,897,430e6c9703092c53e82d45ae9d06c85d469789ed
83631954248,28229058972,ci-1-core,"core (macos-latest, py3.13)",completed,cancelled,2026-06-26T09:43:16Z,2026-06-26T10:11:46Z,1710,f9003059b2561917067280175fc881be6285b431
83628353921,28228313790,ci-1-core,"core (macos-latest, py3.13)",completed,success,2026-06-26T09:20:50Z,2026-06-26T09:36:57Z,967,1b1646e42af6d6697fc63ec3abf8fc5de2803a61
83628652051,28227510246,ci-1-core,"core (macos-latest, py3.13)",completed,success,2026-06-26T09:22:44Z,2026-06-26T09:35:01Z,737,7038b25272baa8d70538d586a5ebdded3ddae2b9
83628478384,28227328176,ci-1-core,"core (macos-latest, py3.13)",completed,success,2026-06-26T09:21:37Z,2026-06-26T09:41:13Z,1176,ea01d36b1674e85ed6820c5e265ddf09a0198485
83621989358,28225728225,ci-1-core,"core (macos-latest, py3.13)",completed,success,2026-06-26T08:41:04Z,2026-06-26T08:55:46Z,882,b9b0e8a9a5ad9ebaf0edf2f731bc1bb4fcf1d18a
83619860983,28224817685,ci-1-core,"core (macos-latest, py3.13)",completed,success,2026-06-26T08:27:22Z,2026-06-26T08:43:00Z,938,6fcfb6158a2e39465df894f27353c69a51961c3b
83615563848,28224512859,ci-1-core,"core (macos-latest, py3.13)",completed,success,2026-06-26T07:59:53Z,2026-06-26T08:13:38Z,825,0d561d42db41e98fa9f51f6ae1be92b979c7ebf8
83603739290,28204625726,ci-1-core,"core (macos-latest, py3.13)",completed,success,2026-06-26T06:33:09Z,2026-06-26T06:48:51Z,942,cbf5d2040a5d031f6145829b8fda05293636f2d1
83603390454,28204394679,ci-1-core,"core (macos-latest, py3.13)",completed,success,2026-06-26T06:30:24Z,2026-06-26T06:43:25Z,781,6ec93a0474d356ceeb7c07379e3e67f6e45a5d31
83603680661,28203880442,ci-1-core,"core (macos-latest, py3.13)",completed,success,2026-06-26T06:32:41Z,2026-06-26T06:48:45Z,964,d33ab6fd9394c5cd9cf9c7a747d4d974430c4770
83603486852,28203876755,ci-1-core,"core (macos-latest, py3.13)",completed,success,2026-06-26T06:31:06Z,2026-06-26T06:46:53Z,947,f92839943d9c377b07d63a7163178a121a8bca06
83551880464,28203645522,ci-1-core,"core (macos-latest, py3.13)",completed,success,2026-06-25T22:28:15Z,2026-06-25T22:45:48Z,1053,11ca24e5e16b7a5e1a265dd25ddc56821689b6b2
83541244257,28194151385,ci-1-core,"core (macos-latest, py3.13)",completed,success,2026-06-25T21:21:45Z,2026-06-25T21:37:28Z,943,1a379f796aaea4687e591f24c76426b7e1c6763e
83524177225,28193559347,ci-1-core,"core (macos-latest, py3.13)",completed,success,2026-06-25T19:50:31Z,2026-06-25T20:06:01Z,930,5b2775038f5f58aa29a39702d0a9a47822d5dfdd
83517243783,28193391575,ci-1-core,"core (macos-latest, py3.13)",completed,success,2026-06-25T19:14:31Z,2026-06-25T19:32:02Z,1051,8d20676717c03ebdc64e5b46a3f02d26465c55ee
83498775932,28188069014,ci-1-core,"core (macos-latest, py3.13)",completed,success,2026-06-25T17:44:51Z,2026-06-25T17:58:38Z,827,5e869ad740464cbfaa571cf41dd4f7bdce406feb
83498193307,28187974420,ci-1-core,"core (macos-latest, py3.13)",completed,success,2026-06-25T17:38:42Z,2026-06-25T17:51:09Z,747,0cd5891b575f005485c2e2eb96bca678498a423a
83497132657,28187057511,ci-1-core,"core (macos-latest, py3.13)",completed,success,2026-06-25T17:31:27Z,2026-06-25T17:45:57Z,870,1acdb497d1b904c5b33db7a1be9d234e0861c0ca
83494505455,28186407410,ci-1-core,"core (macos-latest, py3.13)",completed,success,2026-06-25T17:17:55Z,2026-06-25T17:33:37Z,942,c9a1c4720fde56e82721a45de81538b4a194fd07
83494789522,28186056079,ci-1-core,"core (macos-latest, py3.13)",completed,failure,2026-06-25T17:19:22Z,2026-06-25T17:27:11Z,469,f0d417345316be7a51186f1de634dfb8d6f6c202
83494712368,28185502621,ci-1-core,"core (macos-latest, py3.13)",completed,success,2026-06-25T17:19:05Z,2026-06-25T17:34:49Z,944,f9136bb89b7600dbfba2b7ccf5d4ff57a99246fa
83487827027,28184752096,ci-1-core,"core (macos-latest, py3.13)",completed,success,2026-06-25T16:44:56Z,2026-06-25T17:00:49Z,953,ac262d442b8b980e0588d912c716517ca5c5ec13
83487895379,28184362810,ci-1-core,"core (macos-latest, py3.13)",completed,cancelled,2026-06-25T16:46:05Z,2026-06-25T16:59:57Z,832,e10f202f43f058133a37b335d1703b9828372a6f
83482967731,28183485979,ci-1-core,"core (macos-latest, py3.13)",completed,success,2026-06-25T16:22:10Z,2026-06-25T16:37:39Z,929,011449c8505d806eecdb6f7469ce7cefa4deee61
83489715982,28183113974,ci-1-core,"core (macos-latest, py3.13)",completed,success,2026-06-25T16:54:09Z,2026-06-25T17:11:03Z,1014,9958e68c41e098b9e2a8dfe0ea8f51f26d4ee5a2
83480894528,28182147625,ci-1-core,"core (macos-latest, py3.13)",completed,success,2026-06-25T16:14:26Z,2026-06-25T16:28:39Z,853,d48b688e3b13301ef04bb91a78e71877c4b6925e
83477345416,28181652239,ci-1-core,"core (macos-latest, py3.13)",completed,cancelled,2026-06-25T15:54:58Z,2026-06-25T15:55:43Z,45,3b44f5984178c7db21dea9e63c5d1412324e5317
83477343975,28180946848,ci-1-core,"core (macos-latest, py3.13)",completed,success,2026-06-25T15:55:06Z,2026-06-25T16:10:27Z,921,acaf22e28522d12f598c410dce4ff82d9d9c7ec5
83478856396,28180874886,ci-1-core,"core (macos-latest, py3.13)",completed,success,2026-06-25T16:01:53Z,2026-06-25T16:20:01Z,1088,457e7bb0f53ab6802bc322efd653168c6b88001a
83473881267,28180475427,ci-1-core,"core (macos-latest, py3.13)",completed,success,2026-06-25T15:39:58Z,2026-06-25T15:56:04Z,966,164d7275b2e17962379fa16d9226a253bc57d021
83471019620,28180072208,ci-1-core,"core (macos-latest, py3.13)",completed,success,2026-06-25T15:26:46Z,2026-06-25T15:45:43Z,1137,3925bdd10439ca8d4d195e464f929b45cf4f0f06
83471194692,28175208802,ci-1-core,"core (macos-latest, py3.13)",completed,success,2026-06-25T15:27:31Z,2026-06-25T15:42:26Z,895,73eb1f8d80ddb3fc3bae355a9b7af6fca206caea
83450340228,28174216018,ci-1-core,"core (macos-latest, py3.13)",completed,success,2026-06-25T13:57:04Z,2026-06-25T14:15:34Z,1110,d3a9c12fdfda80f42a28cc346e14f3d6a8eced6e
83450686550,28173977954,ci-1-core,"core (macos-latest, py3.13)",completed,success,2026-06-25T13:58:39Z,2026-06-25T14:11:46Z,787,19839b2707715e541e8763dc76e5b7f306c05557
83449731566,28173657279,ci-1-core,"core (macos-latest, py3.13)",completed,success,2026-06-25T13:54:23Z,2026-06-25T14:07:15Z,772,60fab62bc219c03abb1f61603def690d9ab4c5ff
83445952744,28173034801,ci-1-core,"core (macos-latest, py3.13)",completed,success,2026-06-25T13:37:23Z,2026-06-25T13:52:02Z,879,fe93037d58c88554a08ec265c03d03c6b855ab06
83444560678,28172224153,ci-1-core,"core (macos-latest, py3.13)",completed,success,2026-06-25T13:31:02Z,2026-06-25T13:43:36Z,754,506520e98c123906dda3d5c40f197d2f203b0fb5
83440650032,28171011672,ci-1-core,"core (macos-latest, py3.13)",completed,failure,2026-06-25T13:12:55Z,2026-06-25T13:30:03Z,1028,8272ef310aa4175425ac10a7536b1b30485691de
83437426678,28170648190,ci-1-core,"core (macos-latest, py3.13)",completed,success,2026-06-25T12:57:35Z,2026-06-25T13:13:19Z,944,4e1d874d581542c70f88169474cfadb7f151b8f7
83436930622,28169586557,ci-1-core,"core (macos-latest, py3.13)",completed,success,2026-06-25T12:55:12Z,2026-06-25T13:11:17Z,965,04abd5ae2e6330cff536eb84bcd472fca13c81e6
83428793047,28167149421,ci-1-core,"core (macos-latest, py3.13)",completed,success,2026-06-25T12:12:48Z,2026-06-25T12:26:32Z,824,cda9c0f9465a5f06e934778ac13b90332294e145
83424551981,28167031868,ci-1-core,"core (macos-latest, py3.13)",completed,cancelled,2026-06-25T11:49:19Z,2026-06-25T11:56:55Z,456,9873cc16edf685a3f53c517fcbf555306ab30e10
83415189733,28164244780,ci-1-core,"core (macos-latest, py3.13)",completed,success,2026-06-25T10:55:29Z,2026-06-25T11:12:05Z,996,abbd3c3ccdd8983ba60690c461098671e0d495b2
83415234084,28163272450,ci-1-core,"core (macos-latest, py3.13)",completed,success,2026-06-25T10:55:44Z,2026-06-25T11:13:40Z,1076,fc4d17f7043f99a6e9579a938882ef0d16ba16b9
83415179454,28162776825,ci-1-core,"core (macos-latest, py3.13)",completed,success,2026-06-25T10:55:26Z,2026-06-25T11:10:36Z,910,2c1771ef25e318884bf0fbc52643e33b89104384
83407105300,28161438258,ci-1-core,"core (macos-latest, py3.13)",completed,success,2026-06-25T10:08:51Z,2026-06-25T10:27:09Z,1098,7830582320ab8e263c4486553ae051039473774c
83403380121,28160679435,ci-1-core,"core (macos-latest, py3.13)",completed,success,2026-06-25T09:48:34Z,2026-06-25T10:07:23Z,1129,11525fadd61d207f7eb1fbc043c6e2d404be2df2
83400543027,28158982571,ci-1-core,"core (macos-latest, py3.13)",completed,success,2026-06-25T09:33:03Z,2026-06-25T09:48:11Z,908,04fe877881bc715e0fa884b265a26458bf988959
83396268250,28158485439,ci-1-core,"core (macos-latest, py3.13)",completed,success,2026-06-25T09:10:15Z,2026-06-25T09:25:09Z,894,92b750db2214308247dee8c1c35fa1660f9ab6c1
83396182641,28157171011,ci-1-core,"core (macos-latest, py3.13)",completed,success,2026-06-25T09:09:48Z,2026-06-25T09:24:39Z,891,35a15dc365e233ff04fcebadfbceb42cddb4cde7
83392090102,28155926262,ci-1-core,"core (macos-latest, py3.13)",completed,success,2026-06-25T08:47:41Z,2026-06-25T09:01:59Z,858,cfe51ba8617d579d579112feef14bc28b102ca59
83386939924,28154916915,ci-1-core,"core (macos-latest, py3.13)",completed,success,2026-06-25T08:18:58Z,2026-06-25T08:37:36Z,1118,3871f27c855018a075aad4988fd45dd40a4b334f
83386917177,28153701500,ci-1-core,"core (macos-latest, py3.13)",completed,success,2026-06-25T08:18:50Z,2026-06-25T08:36:47Z,1077,4818c3512fcc218ceb1846c2e35ee87088553624
83382773932,28153672374,ci-1-core,"core (macos-latest, py3.13)",completed,success,2026-06-25T07:55:01Z,2026-06-25T08:15:33Z,1232,9c3737403d2290a3965c91e6ecb5dcfc9cdc86bd
83378312274,28153211538,ci-1-core,"core (macos-latest, py3.13)",completed,success,2026-06-25T07:27:14Z,2026-06-25T07:46:36Z,1162,f074db9ded62a521c5929088e8744696501538a8
83362682055,28134320690,ci-1-core,"core (macos-latest, py3.13)",completed,failure,2026-06-25T05:32:31Z,2026-06-25T05:43:08Z,637,30d589ff6881e55f0a6ff59db70dd5de7a6afeb9
83362394669,28132509402,ci-1-core,"core (macos-latest, py3.13)",completed,success,2026-06-25T05:30:10Z,2026-06-25T05:49:24Z,1154,550ddb33036bb7c8e085460f55222cb4e6470b13
83362225551,28132445835,ci-1-core,"core (macos-latest, py3.13)",completed,success,2026-06-25T05:28:41Z,2026-06-25T05:41:03Z,742,241809740140e0544ab011b04aaf64ae07c166ff
84006869992,28356372006,ci-1-core,"core (macos-latest, py3.13)",completed,failure,2026-06-29T08:20:09Z,2026-06-29T08:36:43Z,994,4236b753c7fdef5838e63a297d7697cc519d0a90
83929285693,28330618744,ci-1-core,"core (macos-latest, py3.13)",completed,success,2026-06-28T18:01:02Z,2026-06-28T18:14:15Z,793,f803394fab02de8e323bf972744b7ef9fb25485d
83905775282,28321700125,ci-1-core,"core (macos-latest, py3.13)",completed,success,2026-06-28T12:24:19Z,2026-06-28T12:36:55Z,756,952a7c7c61e9f768072b664be8791d4e97c43e5b
83897307231,28317888415,ci-1-core,"core (macos-latest, py3.13)",completed,success,2026-06-28T10:14:19Z,2026-06-28T10:30:07Z,948,dc765a077c97a94c33f847fe7a66fa237fc0239e
83850830710,28301197985,ci-1-core,"core (macos-latest, py3.13)",completed,success,2026-06-27T20:59:38Z,2026-06-27T21:12:49Z,791,3f8c97e456395ccf9ea440d344c854a325e186ed
83847894397,28298631233,ci-1-core,"core (macos-latest, py3.13)",completed,success,2026-06-27T20:13:47Z,2026-06-27T20:28:01Z,854,847f7e45ad5fef86cbd659b0fecf34c1b9fe4d87
83840684941,28297372270,ci-1-core,"core (macos-latest, py3.13)",completed,success,2026-06-27T18:21:59Z,2026-06-27T18:36:53Z,894,cc6c93cf3406762fa339efd38e58604e2e751567
83840728715,28296823122,ci-1-core,"core (macos-latest, py3.13)",completed,success,2026-06-27T18:22:39Z,2026-06-27T18:37:06Z,867,18b95ca748350b8eb9b6b290cb879f0eb4a0db91
83836906962,28289489660,ci-1-core,"core (macos-latest, py3.13)",completed,success,2026-06-27T17:23:13Z,2026-06-27T17:39:00Z,947,6795c366c5d407c71f865ac7ed963bfd0076e470
83818340478,28288837933,ci-1-core,"core (macos-latest, py3.13)",completed,success,2026-06-27T12:30:55Z,2026-06-27T12:44:38Z,823,f4a7dec0eb6f122aa601052db2d5deed8f97e54d
83793836255,28279634107,ci-1-core,"core (macos-latest, py3.13)",completed,success,2026-06-27T05:34:41Z,2026-06-27T05:51:02Z,981,f7433dc7ac5ba67eb0ba9ee8453e6174c30bcac6
83794008397,28259790280,ci-1-core,"core (macos-latest, py3.13)",completed,success,2026-06-27T05:37:33Z,2026-06-27T05:53:06Z,933,442f0ca4d4498918b858f304e8f6434f6995914c
83725897657,28257029918,ci-1-core,"core (macos-latest, py3.13)",completed,success,2026-06-26T18:38:12Z,2026-06-26T18:54:37Z,985,e967cd0ccfa3075b109ff1ec4fdb0259b6c7a410
83725989120,28251590399,ci-1-core,"core (macos-latest, py3.13)",completed,success,2026-06-26T18:38:42Z,2026-06-26T18:51:24Z,762,99cad08d74e35c43d1d3f37a2158379dd1097660
83704113107,28250195163,ci-1-core,"core (macos-latest, py3.13)",completed,success,2026-06-26T16:34:51Z,2026-06-26T16:58:51Z,1440,af9730796ef8e5b5d5d6472c4e1544cde4a36071
83688658023,28245948276,ci-1-core,"core (macos-latest, py3.13)",completed,success,2026-06-26T15:13:16Z,2026-06-26T15:28:12Z,896,fca089ebfc22e2761d7da29fcf21cbaecf3e9f8c
83688234857,28245928481,ci-1-core,"core (macos-latest, py3.13)",completed,success,2026-06-26T15:11:08Z,2026-06-26T15:25:54Z,886,bff03df26e84475560fa246b0b09833891416f55
83687665772,28245617277,ci-1-core,"core (macos-latest, py3.13)",completed,success,2026-06-26T15:08:15Z,2026-06-26T15:24:39Z,984,41c975136b9ef9a183d5583d360345fe8e927960
83682796028,28244436459,ci-1-core,"core (macos-latest, py3.13)",completed,cancelled,2026-06-26T14:44:06Z,2026-06-26T14:54:38Z,632,97e497cf9ab439e2816fe31c2136e7064e863504
83680138121,28243477878,ci-1-core,"core (macos-latest, py3.13)",completed,success,2026-06-26T14:30:41Z,2026-06-26T14:52:17Z,1296,7637a546897d6a00ca0d9756c21369a20f1b388d
83675516776,28242303777,ci-1-core,"core (macos-latest, py3.13)",completed,success,2026-06-26T14:07:21Z,2026-06-26T14:20:19Z,778,d3c8ab4feb81aba1e410dc28e4bf26238c126276
83675351858,28241031936,ci-1-core,"core (macos-latest, py3.13)",completed,success,2026-06-26T14:06:31Z,2026-06-26T14:24:20Z,1069,fbdf1252c9be815ef94084c7755ab8da39f7c189
83667413582,28239735443,ci-1-core,"core (macos-latest, py3.13)",completed,failure,2026-06-26T13:24:42Z,2026-06-26T13:40:51Z,969,1e3e09f10e66cc4d5b43b7921540ca9d6d7fd860
83666168364,28239560204,ci-1-core,"core (macos-latest, py3.13)",completed,success,2026-06-26T13:17:52Z,2026-06-26T13:33:40Z,948,55d87f6d3ab0b23c66249a2aed511f14d8d9bf24
83664621413,28239139035,ci-1-core,"core (macos-latest, py3.13)",completed,success,2026-06-26T13:09:23Z,2026-06-26T13:29:14Z,1191,466c28d3489a62a5151dad454d779f9741b41774
83660739595,28237783020,ci-1-core,"core (macos-latest, py3.13)",completed,success,2026-06-26T12:47:42Z,2026-06-26T13:05:27Z,1065,4339c47efbcae51b4642887eecc5181d01723b0d
83660807099,28237684409,ci-1-core,"core (macos-latest, py3.13)",completed,success,2026-06-26T12:48:05Z,2026-06-26T13:04:19Z,974,7c785896d34b01fa69fdc11fd2f3a3ca01bccd22
83658171579,28236180914,ci-1-core,"core (macos-latest, py3.13)",completed,success,2026-06-26T12:32:26Z,2026-06-26T12:47:22Z,896,2fe3a6d49cd92ce4ee133e12ea1c41f4085ab763
83658892585,28235746163,ci-1-core,"core (macos-latest, py3.13)",completed,success,2026-06-26T12:36:44Z,2026-06-26T12:54:41Z,1077,d77731f89302de5c4695017422b5cb8075e776d9
84776917443,28589972330,ci-1-core,"core (macos-latest, py3.13)",completed,success,2026-07-02T12:59:12Z,2026-07-02T13:13:55Z,883,394d39842216dcc7eb7eb8a0961e03f35849db37
84776763117,28589694867,ci-1-core,"core (macos-latest, py3.13)",completed,success,2026-07-02T12:57:01Z,2026-07-02T13:10:49Z,828,ea9e42bd33e02da1258d213d0a2881a21944c5eb
84773619196,28588988991,ci-1-core,"core (macos-latest, py3.13)",completed,success,2026-07-02T12:42:55Z,2026-07-02T13:02:21Z,1166,c5361c0384adf48668eb9f2ba8d6f656579fb671
84770068310,28587891624,ci-1-core,"core (macos-latest, py3.13)",completed,success,2026-07-02T12:24:34Z,2026-07-02T12:40:40Z,966,322915b18e8f0dc2cfeff494a024c98abc9daff0
84770497464,28587326057,ci-1-core,"core (macos-latest, py3.13)",completed,success,2026-07-02T12:26:52Z,2026-07-02T12:42:50Z,958,e93218de7c426923eb85672e995727a17fa775f1
84771390868,28587316573,ci-1-core,"core (macos-latest, py3.13)",completed,success,2026-07-02T12:31:14Z,2026-07-02T12:50:29Z,1155,79a63415d75e89a25c0098ace54683508ea02529
84765248475,28587235997,ci-1-core,"core (macos-latest, py3.13)",completed,success,2026-07-02T11:59:50Z,2026-07-02T12:14:34Z,884,995b19665a822f6f1eed7dd549b4f71ab4ae9e88
84764895467,28587113998,ci-1-core,"core (macos-latest, py3.13)",completed,success,2026-07-02T11:57:53Z,2026-07-02T12:15:04Z,1031,099efeba8bcd16f794954d6e8a83e7c52f68cda0
84757183583,28583617413,ci-1-core,"core (macos-latest, py3.13)",completed,success,2026-07-02T11:16:11Z,2026-07-02T11:35:08Z,1137,8cd08822530fb8779c435cbb8d6d4d7e50920f68
84757429885,28583102251,ci-1-core,"core (macos-latest, py3.13)",completed,success,2026-07-02T11:17:31Z,2026-07-02T11:32:24Z,893,a23ff17dc2b402bbb7ece4f62f45e90139b84376
84757330806,28582894518,ci-1-core,"core (macos-latest, py3.13)",completed,success,2026-07-02T11:16:57Z,2026-07-02T11:32:29Z,932,1e6408cd1ea242b58449c34783044e91c034c720
84757028178,28582303526,ci-1-core,"core (macos-latest, py3.13)",completed,success,2026-07-02T11:15:19Z,2026-07-02T11:34:01Z,1122,bfee028835a052eaceff6b258f0b458e19d781e9
84745420952,28581272583,ci-1-core,"core (macos-latest, py3.13)",completed,success,2026-07-02T10:12:02Z,2026-07-02T10:30:47Z,1125,5e4401503c66399620d71298c9ed46bee30c9d2d
84736637653,28577783778,ci-1-core,"core (macos-latest, py3.13)",completed,success,2026-07-02T09:26:04Z,2026-07-02T09:42:56Z,1012,51fa1427b131e2f4f240acf64bcc1a9b7c0a6fe9
84737183068,28577536534,ci-1-core,"core (macos-latest, py3.13)",completed,success,2026-07-02T09:28:55Z,2026-07-02T09:48:33Z,1178,f6f5b0f0a0aecdd06c236f7c9aff1970685f3a6c
84736724401,28577332308,ci-1-core,"core (macos-latest, py3.13)",completed,success,2026-07-02T09:26:31Z,2026-07-02T09:48:02Z,1291,5cf98249a0dd0614fc87b8b2a840f9c191428551
84736741877,28576470134,ci-1-core,"core (macos-latest, py3.13)",completed,success,2026-07-02T09:26:36Z,2026-07-02T09:41:01Z,865,f3a3d3b2e7a6ae4d6bcff03b286b84537723e994
84522848805,28513584492,ci-1-core,"core (macos-latest, py3.13)",completed,success,2026-07-01T11:34:31Z,2026-07-01T11:47:55Z,804,1acc16c00f5f5981eb370533ac96fb07a1f739a7
84515778781,28511473482,ci-1-core,"core (macos-latest, py3.13)",completed,success,2026-07-01T10:55:36Z,2026-07-01T11:11:24Z,948,a289a35c7c872da886f1eb3d3ff24cdc4defd464
84471410864,28498090646,ci-1-core,"core (macos-latest, py3.13)",completed,success,2026-07-01T06:44:53Z,2026-07-01T07:03:03Z,1090,54737e344f1220f0245984593970dab587ca4739
84382665313,28462093557,ci-1-core,"core (macos-latest, py3.13)",completed,success,2026-06-30T19:35:39Z,2026-06-30T19:52:24Z,1005,63d6111cb967845133cd70569de5a907deb321c3
84277953346,28436877323,ci-1-core,"core (macos-latest, py3.13)",completed,failure,2026-06-30T11:26:18Z,2026-06-30T11:41:12Z,894,40fe6d4fdac3c6e69a8e7f2f92d2547010e9f7b9
84123110637,28391527978,ci-1-core,"core (macos-latest, py3.13)",completed,success,2026-06-29T18:03:36Z,2026-06-29T18:23:46Z,1210,ea3c3363eff9577123985869e8b50d0a8c7b45e8
84114441990,28387850122,ci-1-core,"core (macos-latest, py3.13)",completed,success,2026-06-29T17:17:36Z,2026-06-29T17:32:10Z,874,e7d2bf4b7d730269c81d960273a20630a8783a9f
84104471538,28385545154,ci-1-core,"core (macos-latest, py3.13)",completed,success,2026-06-29T16:27:23Z,2026-06-29T16:44:44Z,1041,d54f90e7cd79665cadd5faa8382f6b215cd3bf5a
84097959873,28384035539,ci-1-core,"core (macos-latest, py3.13)",completed,success,2026-06-29T15:56:51Z,2026-06-29T16:10:03Z,792,a209c756ecb3af5d9eb75bebcfa4f7f97ddc9d99
84093196435,28382578738,ci-1-core,"core (macos-latest, py3.13)",completed,cancelled,2026-06-29T15:35:10Z,2026-06-29T15:38:37Z,207,2569e835684cfbb95aa2abbf426dd4036ef5327c
84087480213,28380937833,ci-1-core,"core (macos-latest, py3.13)",completed,cancelled,2026-06-29T15:10:11Z,2026-06-29T15:16:03Z,352,4a9bf54a888172e43f6283293922b63b013fac3f
84087686569,28380314576,ci-1-core,"core (macos-latest, py3.13)",completed,success,2026-06-29T15:11:03Z,2026-06-29T15:28:17Z,1034,8524b4b9688011c9d85077b31d33c53a6d796b44
84081894508,28379281061,ci-1-core,"core (macos-latest, py3.13)",completed,cancelled,2026-06-29T14:46:12Z,2026-06-29T14:51:23Z,311,4b6863231af08c391fb22f4eafe3800f9c7e907d
84081228401,28379162144,ci-1-core,"core (macos-latest, py3.13)",completed,success,2026-06-29T14:43:22Z,2026-06-29T15:01:09Z,1067,6f5670a5ac1dd300564e9c299fe8205a32df47e4
84078369853,28376828952,ci-1-core,"core (macos-latest, py3.13)",completed,success,2026-06-29T14:32:06Z,2026-06-29T14:49:41Z,1055,7d76465b2083e2980282d9173b583cbbbdc121ba
84072875421,28376345891,ci-1-core,"core (macos-latest, py3.13)",completed,success,2026-06-29T14:13:39Z,2026-06-29T14:34:24Z,1245,6043651c2613c8f50c10909cc17ecbd21a5bc43e
84071906932,28376162959,ci-1-core,"core (macos-latest, py3.13)",completed,success,2026-06-29T14:02:47Z,2026-06-29T14:19:29Z,1002,1145143c16c482d44aa764713bd998214f0ddbb3
84072070602,28375990009,ci-1-core,"core (macos-latest, py3.13)",completed,success,2026-06-29T14:09:12Z,2026-06-29T14:21:54Z,762,2ce016810bdac1e66f1377c5a9b32f1d0e28ca17
84071319162,28375948838,ci-1-core,"core (macos-latest, py3.13)",completed,failure,2026-06-29T14:00:14Z,2026-06-29T14:16:05Z,951,99fe0a8a311c79b40fae4bfeded43da22cf18ff7
84069452250,28375862992,ci-1-core,"core (macos-latest, py3.13)",completed,success,2026-06-29T13:53:44Z,2026-06-29T14:12:24Z,1120,704f97366847e039c8ffbd36ccc0f4bcdf32b6ff
84069272891,28375178638,ci-1-core,"core (macos-latest, py3.13)",completed,success,2026-06-29T13:52:44Z,2026-06-29T14:08:26Z,942,150e5c85bce647590d77877efe7e64c09b32a499
84064502716,28374508666,ci-1-core,"core (macos-latest, py3.13)",completed,cancelled,2026-06-29T13:29:44Z,2026-06-29T13:33:09Z,205,c96baf94ee3ba5f565c0a6d40158a3f8cb854a34
84065472817,28373791858,ci-1-core,"core (macos-latest, py3.13)",completed,failure,2026-06-29T13:34:09Z,2026-06-29T13:52:50Z,1121,72973443ec0081dedde8255ad7a4a2a32afc29ee
84060219156,28373219745,ci-1-core,"core (macos-latest, py3.13)",completed,cancelled,2026-06-29T13:09:46Z,2026-06-29T13:11:25Z,99,40e9fe6c0324019e35d61981c83e0df8edc1adeb
84059617796,28372382055,ci-1-core,"core (macos-latest, py3.13)",completed,success,2026-06-29T13:06:56Z,2026-06-29T13:25:35Z,1119,9a1a3f42b8fb85f592c81e929984204ca8db41da
84051441269,28370849811,ci-1-core,"core (macos-latest, py3.13)",completed,success,2026-06-29T12:30:35Z,2026-06-29T12:50:33Z,1198,0e56168123fa8518d3206a5ea8ad7503451a335c
84051356361,28370836249,ci-1-core,"core (macos-latest, py3.13)",completed,success,2026-06-29T12:25:58Z,2026-06-29T12:46:19Z,1221,38254c8f299de824a51896fcb28ae289c67b2a9d
84051185752,28370803497,ci-1-core,"core (macos-latest, py3.13)",completed,success,2026-06-29T12:25:03Z,2026-06-29T12:41:11Z,968,f149d2ad274e2b5e2dcd9c25903162906390a366
84044379225,28368679707,ci-1-core,"core (macos-latest, py3.13)",completed,success,2026-06-29T11:48:21Z,2026-06-29T12:04:17Z,956,37d9e9b08f00bad354dd73ff81fc15230269c786
84041153529,28367834299,ci-1-core,"core (macos-latest, py3.13)",completed,failure,2026-06-29T11:30:14Z,2026-06-29T11:49:25Z,1151,2ea696a65de7ea629a43df2cde5d5eef575b371a
84033250421,28365145605,ci-1-core,"core (macos-latest, py3.13)",completed,failure,2026-06-29T10:45:00Z,2026-06-29T11:06:33Z,1293,0e6ddd6f318852f3b6e55c40ec52a97d22d40b27
84032455153,28365102492,ci-1-core,"core (macos-latest, py3.13)",completed,failure,2026-06-29T10:40:24Z,2026-06-29T10:54:48Z,864,85297fada0b31ec3f0425d0102159c57c6892aae
84031938140,28364058443,ci-1-core,"core (macos-latest, py3.13)",completed,failure,2026-06-29T10:37:25Z,2026-06-29T10:53:54Z,989,1fb8059620e7427ff0658d5b6cca09ff5a4a8750
84028648350,28363855587,ci-1-core,"core (macos-latest, py3.13)",completed,failure,2026-06-29T10:18:30Z,2026-06-29T10:31:26Z,776,570515acf4115c659ac9c7a24bfd5f1ebbb9c694
84023020855,28362219101,ci-1-core,"core (macos-latest, py3.13)",completed,failure,2026-06-29T09:48:06Z,2026-06-29T10:08:11Z,1205,1502e3da600bc2928475373d8f703c595de0229f
85262939631,28755444410,ci-1-core,"core (macos-latest, py3.13)",completed,success,2026-07-05T21:45:30Z,2026-07-05T22:00:11Z,881,b2f96709bb85cb82fe7b9412661840ede4227b02
85253098567,28702651640,ci-1-core,"core (macos-latest, py3.13)",completed,success,2026-07-05T19:25:54Z,2026-07-05T19:48:23Z,1349,6dfe9d614c442729b98506cfbd0e3de4bcdfa630
85122328711,28701912262,ci-1-core,"core (macos-latest, py3.13)",completed,success,2026-07-04T09:45:27Z,2026-07-04T09:59:02Z,815,b69780d0d34a0e06bb9828d77428161bceb1582a
85067079165,28681288482,ci-1-core,"core (macos-latest, py3.13)",completed,success,2026-07-03T20:26:07Z,2026-07-03T20:39:31Z,804,e4752aca1d75df1e447a2ee3398985c233c7a58c
85034507910,28670266651,ci-1-core,"core (macos-latest, py3.13)",completed,success,2026-07-03T15:55:09Z,2026-07-03T16:13:41Z,1112,1da549bb3442b09a9a144718c54361505054e6d3
85029500968,28668647867,ci-1-core,"core (macos-latest, py3.13)",completed,cancelled,2026-07-03T15:22:28Z,2026-07-03T15:36:42Z,854,0c5c2d54dd25af3d90dde71db3ac32e12f900497
85029599478,28668252328,ci-1-core,"core (macos-latest, py3.13)",completed,success,2026-07-03T15:26:15Z,2026-07-03T15:42:36Z,981,8c57c70da6737abaf06f7d1b43e6b274d7687e0f
85027451566,28667978258,ci-1-core,"core (macos-latest, py3.13)",completed,success,2026-07-03T15:09:46Z,2026-07-03T15:26:12Z,986,2f3979334085746d7c7211502a2fc8724bb4d075
85027636234,28667858895,ci-1-core,"core (macos-latest, py3.13)",completed,success,2026-07-03T15:15:19Z,2026-07-03T15:33:31Z,1092,4246a1a45997967f1fea619531562fb507630dad
85022543241,28666487829,ci-1-core,"core (macos-latest, py3.13)",completed,success,2026-07-03T14:40:45Z,2026-07-03T14:54:54Z,849,09e731391e86426fcb599d25d5bc13c5a173ab04
85021907109,28666310087,ci-1-core,"core (macos-latest, py3.13)",completed,success,2026-07-03T14:36:54Z,2026-07-03T14:53:33Z,999,33b3262f6956b0e53fedb250fc93e09fe374467a
85018495323,28664572188,ci-1-core,"core (macos-latest, py3.13)",completed,success,2026-07-03T14:16:47Z,2026-07-03T14:34:03Z,1036,c8b1c2f205960b61046a5566cad8b4fb350e96b8
85012398415,28652758999,ci-1-core,"core (macos-latest, py3.13)",completed,success,2026-07-03T13:41:54Z,2026-07-03T14:00:10Z,1096,98443156a7e7afff049cca4f19ec95756f2a8457
84965425131,28649042033,ci-1-core,"core (macos-latest, py3.13)",completed,success,2026-07-03T08:58:59Z,2026-07-03T09:14:12Z,913,0367ca5e96791d8d14bea6ed7875d78149e06e0a
84965710415,28646719662,ci-1-core,"core (macos-latest, py3.13)",completed,failure,2026-07-03T09:00:36Z,2026-07-03T09:14:13Z,817,d21f125f9f30a24ddbe1f2c56e46ff33213972f4
84952028209,28644634011,ci-1-core,"core (macos-latest, py3.13)",completed,success,2026-07-03T07:35:41Z,2026-07-03T07:53:17Z,1056,45fdea4335e6405a05cc1f58addbaa87a16bc407
84947757983,28643708104,ci-1-core,"core (macos-latest, py3.13)",completed,success,2026-07-03T07:06:50Z,2026-07-03T07:24:03Z,1033,fba27cf278e5d4f7461852846263d40015daef64
84847458006,28609798768,ci-1-core,"core (macos-latest, py3.13)",completed,success,2026-07-02T18:20:47Z,2026-07-02T18:37:47Z,1020,bb7baaf46e653076bc60d7cc12a91ecf28d24668
84833042072,28606921901,ci-1-core,"core (macos-latest, py3.13)",completed,success,2026-07-02T17:07:43Z,2026-07-02T17:24:55Z,1032,5d9ad621d8a73ec9514353437089936b26fe3f35
84821480505,28602228906,ci-1-core,"core (macos-latest, py3.13)",completed,success,2026-07-02T16:11:52Z,2026-07-02T16:30:08Z,1096,249d1326f2a363ec2998fd2fd3790d863578f5e8
84799007102,28596877514,ci-1-core,"core (macos-latest, py3.13)",completed,success,2026-07-02T14:33:36Z,2026-07-02T14:51:27Z,1071,590d577e546bd81801121f6fa7b4cbe3d648b633
84789412362,28593990574,ci-1-core,"core (macos-latest, py3.13)",completed,success,2026-07-02T13:53:00Z,2026-07-02T14:11:14Z,1094,8881971de27c20421c4534721af61478eafff987
85656789431,28876267166,ci-1-core,"core (macos-latest, py3.13)",completed,failure,2026-07-07T15:19:47Z,2026-07-07T15:27:32Z,465,f4559f9d80482389b6328bce640d0f03cdb99dab
85654241772,28875544330,ci-1-core,"core (macos-latest, py3.13)",completed,cancelled,2026-07-07T15:09:26Z,2026-07-07T15:12:47Z,201,6ee329917f74b532eb5ec1ee370ddc4e7dd63f22
85649416221,28872671750,ci-1-core,"core (macos-latest, py3.13)",completed,success,2026-07-07T14:49:59Z,2026-07-07T15:10:16Z,1217,ad1bc7016dcbc79f3c3a4262215f5b827a91c927
85638847868,28870901262,ci-1-core,"core (macos-latest, py3.13)",completed,success,2026-07-07T14:06:57Z,2026-07-07T14:27:50Z,1253,f5c6cabeb68537876e71bc953d3b5462964c9970
85636570565,28870541736,ci-1-core,"core (macos-latest, py3.13)",completed,cancelled,2026-07-07T13:57:46Z,2026-07-07T14:05:29Z,463,6135eef047e2a0a4307a9e4187cbe8415a884968
85624991190,28867340550,ci-1-core,"core (macos-latest, py3.13)",completed,success,2026-07-07T13:08:03Z,2026-07-07T13:26:46Z,1123,06db594e741a372e27bc802c7f195aef474d1e40
85622953183,28866706314,ci-1-core,"core (macos-latest, py3.13)",completed,success,2026-07-07T12:59:03Z,2026-07-07T13:19:34Z,1231,972e96193e81af41c14d0f4270987356c2dc2ab3
85621429598,28866408367,ci-1-core,"core (macos-latest, py3.13)",completed,success,2026-07-07T12:52:03Z,2026-07-07T13:10:02Z,1079,f73b86ed385fdfc4f20709014c328778702d9328
85584298072,28855295311,ci-1-core,"core (macos-latest, py3.13)",completed,success,2026-07-07T09:37:32Z,2026-07-07T09:57:12Z,1180,746ff67fe981937b3a8ed9ea23e6504fcd230b33
85583177634,28855141730,ci-1-core,"core (macos-latest, py3.13)",completed,success,2026-07-07T09:31:50Z,2026-07-07T09:49:40Z,1070,bc47b71c0649d0ccfdce248c7bbf5ad776c643d6
85573778599,28851747545,ci-1-core,"core (macos-latest, py3.13)",completed,success,2026-07-07T08:43:16Z,2026-07-07T09:01:21Z,1085,1e53da3e7111713ff0b0c5bd1f49172bde22bc30
85568860720,28850761205,ci-1-core,"core (macos-latest, py3.13)",completed,success,2026-07-07T08:16:44Z,2026-07-07T08:34:48Z,1084,ca217c61fcbb39ca55524c8b0bce5e57430fa23b
85426416684,28805904426,ci-1-core,"core (macos-latest, py3.13)",completed,success,2026-07-06T16:37:19Z,2026-07-06T16:52:26Z,907,eab2a9eeb92d0eb25e966acd8acc75b89d4eb07d
85388327581,28795299036,ci-1-core,"core (macos-latest, py3.13)",completed,success,2026-07-06T13:50:12Z,2026-07-06T14:05:51Z,939,b798330cb1c0006776980ca469ab06a0c36661a1
85372947322,28790346286,ci-1-core,"core (macos-latest, py3.13)",completed,success,2026-07-06T12:38:00Z,2026-07-06T12:55:48Z,1068,d32d7c4ae19ce1bbbf07092bccdcbad30ad55196
85353460119,28785202887,ci-1-core,"core (macos-latest, py3.13)",completed,success,2026-07-06T10:51:12Z,2026-07-06T11:08:48Z,1056,51252e0a8adc39a348c8b56456416d4f15fcef82
85341208735,28781432191,ci-1-core,"core (macos-latest, py3.13)",completed,success,2026-07-06T09:42:59Z,2026-07-06T10:03:14Z,1215,eadcaea5a279ad9d499451dbb813e02b1240a8cf
85344249734,28780835694,ci-1-core,"core (macos-latest, py3.13)",completed,success,2026-07-06T09:59:38Z,2026-07-06T10:15:37Z,959,160553a503dc06a88f80a022cadd026fceb90065
85344285660,28780201417,ci-1-core,"core (macos-latest, py3.13)",completed,success,2026-07-06T09:59:50Z,2026-07-06T10:14:41Z,891,adbda3d4bde25121647903568beb65801277805b
85344877200,28780003443,ci-1-core,"core (macos-latest, py3.13)",completed,success,2026-07-06T10:03:02Z,2026-07-06T10:20:37Z,1055,857b635617c3c603ffdbb18c95635854bb78df36
85344817189,28779719816,ci-1-core,"core (macos-latest, py3.13)",completed,success,2026-07-06T10:02:42Z,2026-07-06T10:19:25Z,1003,1825c3ca5f6532dbef7f8040e526e35c201a39c8
