job_id,run_id,workflow,job_name,status,conclusion,started_at,completed_at,duration_seconds,head_sha
78338420819,26587240668,ci-1-core,"core (windows-latest, x86 build)",completed,success,2026-05-28T16:28:53Z,2026-05-28T16:34:25Z,332,c77b5ad3e43f9595d8c9ec92eb00be452fe0611b
78335584935,26586477243,ci-1-core,"core (windows-latest, x86 build)",completed,cancelled,2026-05-28T16:13:57Z,2026-05-28T16:18:38Z,281,2a107f69ff6d9f11f2874bc81d381e1b5cd94c36
78333386787,26585775435,ci-1-core,"core (windows-latest, x86 build)",completed,success,2026-05-28T16:02:38Z,2026-05-28T16:08:02Z,324,9cdec9c13ed35dd623c6265b8af568aef13376d3
78331459616,26585292550,ci-1-core,"core (windows-latest, x86 build)",completed,skipped,2026-05-28T15:52:59Z,2026-05-28T15:52:59Z,0,c7b1a0b1cec8d00fb7839f16e80fc727afe0f208
78331152847,26585194677,ci-1-core,"core (windows-latest, x86 build)",completed,success,2026-05-28T15:51:33Z,2026-05-28T15:57:11Z,338,5cb9ee1c2fe039b8a0985c2c47c89c4b7c4ab692
78327555418,26584190081,ci-1-core,"core (windows-latest, x86 build)",completed,skipped,2026-05-28T15:33:50Z,2026-05-28T15:33:49Z,-1,7740581eead1b536d159227707bbf68f08ef628e
78327867230,26582691646,ci-1-core,"core (windows-latest, x86 build)",completed,success,2026-05-28T15:35:24Z,2026-05-28T15:41:05Z,341,736d09d11b1baae56edffed0decd21231ac2b3a3
78327800305,26582433908,ci-1-core,"core (windows-latest, x86 build)",completed,skipped,2026-05-28T15:35:02Z,2026-05-28T15:35:01Z,-1,8e059ae356c0d5bf5a3dd1c31df0fc40a6f8bd2d
78321476999,26582379896,ci-1-core,"core (windows-latest, x86 build)",completed,skipped,2026-05-28T15:04:54Z,2026-05-28T15:04:54Z,0,a08e8dbbfeda4b0da4cbce6fcf468ce2bca570ab
78313838333,26580486732,ci-1-core,"core (windows-latest, x86 build)",completed,skipped,2026-05-28T14:28:57Z,2026-05-28T14:28:57Z,0,0e0d9d29c5c7233e46b8615e4de8a48933a3321a
78309202006,26578699235,ci-1-core,"core (windows-latest, x86 build)",completed,success,2026-05-28T14:07:11Z,2026-05-28T14:12:50Z,339,687a8b2f51c66424a8ce6b99964117bb2bc91c54
78301534317,26577147226,ci-1-core,"core (windows-latest, x86 build)",completed,success,2026-05-28T13:29:37Z,2026-05-28T13:34:37Z,300,ec4c1e99ab50bb44e056a6f92f24a21f0bb8ea5d
78301488590,26576330560,ci-1-core,"core (windows-latest, x86 build)",completed,success,2026-05-28T13:29:21Z,2026-05-28T13:34:33Z,312,5ec4cd129d1e6994d5bb2ae18250f362ef9ade6d
78298060536,26576223695,ci-1-core,"core (windows-latest, x86 build)",completed,success,2026-05-28T13:10:54Z,2026-05-28T13:15:36Z,282,c1da9a4171148efa41b897e53afc2f2896b98959
78296194755,26576145241,ci-1-core,"core (windows-latest, x86 build)",completed,cancelled,2026-05-28T13:00:32Z,2026-05-28T13:00:31Z,-1,d26f3695fad7bc65126f4d3aa7abb339017104e7
78297498564,26576107183,ci-1-core,"core (windows-latest, x86 build)",completed,success,2026-05-28T13:07:45Z,2026-05-28T13:12:55Z,310,8b9815b8aa9b88b8cbb020e2bc169d7d7eae8f42
78295869514,26576051260,ci-1-core,"core (windows-latest, x86 build)",completed,cancelled,2026-05-28T12:58:45Z,2026-05-28T12:58:45Z,0,1a612446cf94963cecef832b98d43dd345068172
78295580499,26575697493,ci-1-core,"core (windows-latest, x86 build)",completed,cancelled,2026-05-28T12:57:10Z,2026-05-28T12:57:09Z,-1,cf172cd541ae1675532194fd90ed5db74fdaf56a
78294639110,26575319776,ci-1-core,"core (windows-latest, x86 build)",completed,skipped,2026-05-28T12:51:52Z,2026-05-28T12:51:51Z,-1,5229536218048c04cdf4efeb8dc80688003d4420
78294742666,26574978278,ci-1-core,"core (windows-latest, x86 build)",completed,success,2026-05-28T12:52:31Z,2026-05-28T12:57:13Z,282,964a036b823b7ae22c5680f4495c94bc9dafa6a3
78291823014,26574530570,ci-1-core,"core (windows-latest, x86 build)",completed,skipped,2026-05-28T12:35:45Z,2026-05-28T12:35:44Z,-1,02d80cd030ee8de22adcb43552432819f230ff15
78292071902,26574357290,ci-1-core,"core (windows-latest, x86 build)",completed,success,2026-05-28T12:37:14Z,2026-05-28T12:41:50Z,276,210bb49bb2533afe6dd439a8ef6b7abd4bfbb30a
78292688286,26574277124,ci-1-core,"core (windows-latest, x86 build)",completed,success,2026-05-28T12:40:48Z,2026-05-28T12:45:28Z,280,aaa93ec860ffbf7aa060335c7a7833ea838d3f2f
78291932193,26573867926,ci-1-core,"core (windows-latest, x86 build)",completed,success,2026-05-28T12:36:25Z,2026-05-28T12:42:30Z,365,6c3631b85b02229a32b5e4b9d7484c2ac4e6098d
78288924623,26573424567,ci-1-core,"core (windows-latest, x86 build)",completed,success,2026-05-28T12:18:39Z,2026-05-28T12:23:49Z,310,f72500d8a8c95a6f90dfefe8c2bd5a9c119a436c
78286913725,26573156174,ci-1-core,"core (windows-latest, x86 build)",completed,skipped,2026-05-28T12:06:15Z,2026-05-28T12:06:15Z,0,29e48a728bbbf995c47d03b89238c4ee41993be3
78285336178,26572993363,ci-1-core,"core (windows-latest, x86 build)",completed,cancelled,2026-05-28T11:56:30Z,2026-05-28T11:56:29Z,-1,4c086d462088befdba0d623ff5ec56f74c223b67
78286542912,26572834869,ci-1-core,"core (windows-latest, x86 build)",completed,skipped,2026-05-28T12:03:56Z,2026-05-28T12:03:56Z,0,f221f8f02de908a8af3f301df442bb5a42c536fd
78283943288,26572320319,ci-1-core,"core (windows-latest, x86 build)",completed,skipped,2026-05-28T11:47:48Z,2026-05-28T11:47:48Z,0,2d17f4fa8461b6f5e32db397a96a9a2846fd93f1
78280417709,26571305823,ci-1-core,"core (windows-latest, x86 build)",completed,success,2026-05-28T11:25:15Z,2026-05-28T11:30:31Z,316,8f48a8101e3f97df7af4282b54eb1edb34440267
78280349060,26571298882,ci-1-core,"core (windows-latest, x86 build)",completed,skipped,2026-05-28T11:24:39Z,2026-05-28T11:24:39Z,0,59b9c4382f16bd1d77f351379a011b4ed2a3fb56
78277381875,26570443820,ci-1-core,"core (windows-latest, x86 build)",completed,skipped,2026-05-28T11:05:04Z,2026-05-28T11:05:03Z,-1,7bb3741239e780f0a28b1161bd637f1dec2306fd
78271559663,26568726798,ci-1-core,"core (windows-latest, x86 build)",completed,skipped,2026-05-28T10:26:41Z,2026-05-28T10:26:41Z,0,f2af18b21897c3575d3145771a121420f99a1792
78277453614,26568682886,ci-1-core,"core (windows-latest, x86 build)",completed,success,2026-05-28T11:05:34Z,2026-05-28T11:11:00Z,326,fda90dfc7ff854f5f6e080c9964c977f22d61a9d
78270087742,26568516790,ci-1-core,"core (windows-latest, x86 build)",completed,cancelled,2026-05-28T10:16:52Z,2026-05-28T10:16:52Z,0,9819dc80a0e552226855880e8bd8d58ccd150f7d
78270896864,26568515815,ci-1-core,"core (windows-latest, x86 build)",completed,success,2026-05-28T10:22:19Z,2026-05-28T10:27:13Z,294,efd94c7e1522d5673df6a5e265ec25449c589c23
78269018229,26567986016,ci-1-core,"core (windows-latest, x86 build)",completed,skipped,2026-05-28T10:10:02Z,2026-05-28T10:10:02Z,0,1ecb7545c4a185b7c99b7697f3dfef78b58efe8b
78269002234,26567956925,ci-1-core,"core (windows-latest, x86 build)",completed,success,2026-05-28T10:09:57Z,2026-05-28T10:15:09Z,312,7dae3b9a2fb780174fa1e523587f24514fc30148
78267045142,26567374198,ci-1-core,"core (windows-latest, x86 build)",completed,success,2026-05-28T09:57:26Z,2026-05-28T10:02:24Z,298,8d102e278837065096e93dd7905215d0f9c14c7a
78266986839,26567354170,ci-1-core,"core (windows-latest, x86 build)",completed,cancelled,2026-05-28T09:57:05Z,2026-05-28T10:00:01Z,176,62efac34eca69e692cf369e7f02f788cf2cfe8db
78265457701,26567029290,ci-1-core,"core (windows-latest, x86 build)",completed,cancelled,2026-05-28T09:47:27Z,2026-05-28T09:47:27Z,0,bdde4b407a0674ab7f1b9e95f012dd44dcb2cd03
78265309772,26566955443,ci-1-core,"core (windows-latest, x86 build)",completed,success,2026-05-28T09:46:34Z,2026-05-28T09:51:41Z,307,156447bf3f9f1036026b58afb23eee0161a48a37
78265377226,26566922491,ci-1-core,"core (windows-latest, x86 build)",completed,cancelled,2026-05-28T09:46:57Z,2026-05-28T09:46:57Z,0,835a100edf799b69fbe341921b63c8d34dfabc95
78263886503,26566465475,ci-1-core,"core (windows-latest, x86 build)",completed,cancelled,2026-05-28T09:37:38Z,2026-05-28T09:37:37Z,-1,0e047e17aa4978b05f57295f1e8b8a70a42c11ed
78262308798,26566419111,ci-1-core,"core (windows-latest, x86 build)",completed,cancelled,2026-05-28T09:28:01Z,2026-05-28T09:28:01Z,0,7a8360930f8ae67088e4b56f1e83f01e35e54a27
78263315321,26566249235,ci-1-core,"core (windows-latest, x86 build)",completed,success,2026-05-28T09:34:07Z,2026-05-28T09:39:18Z,311,969f74334c324b9168d99f9bf57b0c3dc070eb48
78262185339,26566111629,ci-1-core,"core (windows-latest, x86 build)",completed,cancelled,2026-05-28T09:27:15Z,2026-05-28T09:27:15Z,0,db367c80fef34cb56310a5767f12e0472ec41a91
78261989056,26565703608,ci-1-core,"core (windows-latest, x86 build)",completed,success,2026-05-28T09:26:05Z,2026-05-28T09:31:08Z,303,2aadc308ab16dc30254e2d622b94e7e34cc07e77
78260893445,26565584621,ci-1-core,"core (windows-latest, x86 build)",completed,cancelled,2026-05-28T09:19:19Z,2026-05-28T09:20:37Z,78,a0d7050de68563480eacc77947cf19a4c3256009
78259313576,26565550924,ci-1-core,"core (windows-latest, x86 build)",completed,cancelled,2026-05-28T09:09:25Z,2026-05-28T09:09:25Z,0,41708cea6b3e216fd29905120bdec908d740cfcd
78261787541,26565489215,ci-1-core,"core (windows-latest, x86 build)",completed,success,2026-05-28T09:24:49Z,2026-05-28T09:29:41Z,292,3326d890d30f853509b4451f7941c3f0649fdeb5
78260791404,26565361141,ci-1-core,"core (windows-latest, x86 build)",completed,success,2026-05-28T09:18:41Z,2026-05-28T09:23:57Z,316,c9d559fd2b3ed3ddfb3311715827fdc64954e648
78260928405,26565354404,ci-1-core,"core (windows-latest, x86 build)",completed,success,2026-05-28T09:19:32Z,2026-05-28T09:24:15Z,283,6778f8c29850a75e932adc4ec93ae90278da9608
78259194532,26565143755,ci-1-core,"core (windows-latest, x86 build)",completed,cancelled,2026-05-28T09:08:39Z,2026-05-28T09:08:39Z,0,e76d999cce3535c63f4d7c6083635c14a69eb3f5
78257799334,26564994730,ci-1-core,"core (windows-latest, x86 build)",completed,cancelled,2026-05-28T08:59:50Z,2026-05-28T08:59:49Z,-1,30785efe4a2adc8bb4a03e38094a0ebffd519718
78257251959,26564957232,ci-1-core,"core (windows-latest, x86 build)",completed,cancelled,2026-05-28T08:56:15Z,2026-05-28T08:56:15Z,0,4dabc21a1f5fde84312e49640166ab9a6baee346
78258256446,26564706363,ci-1-core,"core (windows-latest, x86 build)",completed,success,2026-05-28T09:02:42Z,2026-05-28T09:07:41Z,299,07d1ff954e2acceb25e79166bf45207763d9d5e3
78258850814,26564609623,ci-1-core,"core (windows-latest, x86 build)",completed,skipped,2026-05-28T09:06:25Z,2026-05-28T09:06:25Z,0,b79c448541c392d501346a32e0dfe81c69965e2d
78258496500,26564429287,ci-1-core,"core (windows-latest, x86 build)",completed,skipped,2026-05-28T09:04:13Z,2026-05-28T09:04:13Z,0,d4a958843523af9ad0a35b9de692a63bd0db7cf7
78256022471,26563002599,ci-1-core,"core (windows-latest, x86 build)",completed,success,2026-05-28T08:48:17Z,2026-05-28T08:53:04Z,287,13d402189bfbecf4678209210e3d3be38ab77735
78255824090,26562822198,ci-1-core,"core (windows-latest, x86 build)",completed,success,2026-05-28T08:47:03Z,2026-05-28T08:51:37Z,274,11055424b16d9b0b2374ebc30c204afdcd26a8ba
78250475460,26562125447,ci-1-core,"core (windows-latest, x86 build)",completed,success,2026-05-28T08:13:11Z,2026-05-28T08:18:25Z,314,581f589c59f4e3654032ec313adccbdfa35a45f2
78250488499,26562082233,ci-1-core,"core (windows-latest, x86 build)",completed,success,2026-05-28T08:13:16Z,2026-05-28T08:16:53Z,217,64cd7733710e914488a04c17df6470b127a46242
78248144874,26561944283,ci-1-core,"core (windows-latest, x86 build)",completed,success,2026-05-28T07:57:44Z,2026-05-28T08:02:14Z,270,f06c9c59ed7df998757046ca8d6a8841b83b9c5b
78246869336,26561929976,ci-1-core,"core (windows-latest, x86 build)",completed,cancelled,2026-05-28T07:49:10Z,2026-05-28T07:49:10Z,0,c695ec091d2562d0f8820d631441ae6862d79d4f
78246851010,26561914517,ci-1-core,"core (windows-latest, x86 build)",completed,cancelled,2026-05-28T07:49:03Z,2026-05-28T07:49:03Z,0,7f5a50c64e4a6527913ad1bbc3789d995e2eaa62
78248649140,26561056097,ci-1-core,"core (windows-latest, x86 build)",completed,success,2026-05-28T08:01:05Z,2026-05-28T08:06:48Z,343,414b3e2a888b4ba19c1899591de82f8d0cbfae00
78248423407,26560115842,ci-1-core,"core (windows-latest, x86 build)",completed,skipped,2026-05-28T07:59:35Z,2026-05-28T07:59:35Z,0,f6babe8d0752bd03adfaf48998bc65a7300217f6
78241248191,26559765521,ci-1-core,"core (windows-latest, x86 build)",completed,success,2026-05-28T07:09:42Z,2026-05-28T07:14:07Z,265,fd1caf1163babb013fa50df45e1126df6733fa24
78240099643,26559512482,ci-1-core,"core (windows-latest, x86 build)",completed,success,2026-05-28T07:00:58Z,2026-05-28T07:06:39Z,341,f17fbac01e1c7245507fd94b82f7f104cfce632b
78238866680,26559501621,ci-1-core,"core (windows-latest, x86 build)",completed,cancelled,2026-05-28T06:51:08Z,2026-05-28T06:51:08Z,0,f0d1080ee5308cc2a41518ae27d252265ffb12e9
78240965971,26546674578,ci-1-core,"core (windows-latest, x86 build)",completed,success,2026-05-28T07:07:27Z,2026-05-28T07:12:36Z,309,9553a99eab3b01a5d141647b4b4826d31c2f892b
78241019234,26546634506,ci-1-core,"core (windows-latest, x86 build)",completed,success,2026-05-28T07:07:52Z,2026-05-28T07:13:21Z,329,b5411c32075ead936f77440fbaa17a062a517382
78240302264,26546628871,ci-1-core,"core (windows-latest, x86 build)",completed,skipped,2026-05-28T07:02:19Z,2026-05-28T07:02:18Z,-1,919d1bc1099a0162b21fd3aa90ebd98d71dbb0cd
78240425364,26546501113,ci-1-core,"core (windows-latest, x86 build)",completed,success,2026-05-28T07:03:19Z,2026-05-28T07:08:15Z,296,5c91f97ce134f6f3caf3606fb57a4e6ea579cdfc
78199624638,26546155228,ci-1-core,"core (windows-latest, x86 build)",completed,success,2026-05-28T00:17:12Z,2026-05-28T00:22:22Z,310,5a0180e8b063542b06880d2db4876b93bbd02751
78199666892,26546120416,ci-1-core,"core (windows-latest, x86 build)",completed,success,2026-05-28T00:17:36Z,2026-05-28T00:22:30Z,294,15463c202961ed5c479dfd90db448a225abe8f9b
78198996202,26546042507,ci-1-core,"core (windows-latest, x86 build)",completed,success,2026-05-28T00:11:03Z,2026-05-28T00:16:18Z,315,9f76fd598d76c4b0ce2cf3d3f43b3ddd229bd1e0
78199187077,26545804540,ci-1-core,"core (windows-latest, x86 build)",completed,skipped,2026-05-28T00:12:52Z,2026-05-28T00:12:51Z,-1,3b3e385b0662fb6c96e59a1368174cd57cab1664
78197547284,26545528927,ci-1-core,"core (windows-latest, x86 build)",completed,success,2026-05-27T23:57:33Z,2026-05-28T00:02:22Z,289,6ea3268672aa57c014374c524fe8b8929dbe7509
78196516777,26545515632,ci-1-core,"core (windows-latest, x86 build)",completed,cancelled,2026-05-27T23:47:48Z,2026-05-27T23:47:48Z,0,a88bd8659ca97a8c7fd87a1cf5d8eb6e995dc09d
78197518762,26545379648,ci-1-core,"core (windows-latest, x86 build)",completed,skipped,2026-05-27T23:57:14Z,2026-05-27T23:57:14Z,0,c6d504355e31579e2490716b3aa62c4dff374ac3
78195972609,26544914314,ci-1-core,"core (windows-latest, x86 build)",completed,skipped,2026-05-27T23:42:52Z,2026-05-27T23:42:52Z,0,8dc2237d30ee88e16107607671a0589c557430ca
78196317428,26544732042,ci-1-core,"core (windows-latest, x86 build)",completed,success,2026-05-27T23:46:03Z,2026-05-27T23:50:50Z,287,40a4987ca7390ec7c514551541d3afd420c7f96e
78195197870,26544570253,ci-1-core,"core (windows-latest, x86 build)",completed,success,2026-05-27T23:35:54Z,2026-05-27T23:40:28Z,274,41915846199a089ae407932d5c9c82dc1b532ab9
78194146392,26544268529,ci-1-core,"core (windows-latest, x86 build)",completed,skipped,2026-05-27T23:27:02Z,2026-05-27T23:27:02Z,0,d4cd39aa767c64d45b1c83efb39eb6f43468b626
78192256991,26543883967,ci-1-core,"core (windows-latest, x86 build)",completed,skipped,2026-05-27T23:10:29Z,2026-05-27T23:10:28Z,-1,1f817e2b94d66a425f06c4866c8484c5a915369b
78190736533,26543250224,ci-1-core,"core (windows-latest, x86 build)",completed,skipped,2026-05-27T22:57:55Z,2026-05-27T22:57:55Z,0,6bd7418bda507b8fc8dd7cefc047d51cb899023c
78189407132,26543238311,ci-1-core,"core (windows-latest, x86 build)",completed,cancelled,2026-05-27T22:47:09Z,2026-05-27T22:47:09Z,0,47ee13acc2cdb995669512f0141dc0075bfcde0a
78191183309,26543061630,ci-1-core,"core (windows-latest, x86 build)",completed,skipped,2026-05-27T23:01:29Z,2026-05-27T23:01:29Z,0,c511202bcb629c81317ba52c678418ff57525c31
78187131312,26542251771,ci-1-core,"core (windows-latest, x86 build)",completed,success,2026-05-27T22:31:43Z,2026-05-27T22:36:09Z,266,fc2b9348e1880f38a18561e898cc2d8bd7c6e0e7
78186928471,26541467659,ci-1-core,"core (windows-latest, x86 build)",completed,skipped,2026-05-27T22:28:06Z,2026-05-27T22:28:06Z,0,150fea9a0ae5aa2bb04399eca55fda9b16344698
78185458583,26541460341,ci-1-core,"core (windows-latest, x86 build)",completed,success,2026-05-27T22:17:14Z,2026-05-27T22:21:04Z,230,753a3926958ccd8c0982ab7d346cb186cbd18de5
78185612495,26541231665,ci-1-core,"core (windows-latest, x86 build)",completed,success,2026-05-27T22:18:25Z,2026-05-27T22:23:37Z,312,df76cd39121ea288e72020589ef6169418b3df5f
78183680843,26541092703,ci-1-core,"core (windows-latest, x86 build)",completed,cancelled,2026-05-27T22:04:30Z,2026-05-27T22:04:30Z,0,8910786bd3ce6f921373114ab6db7c02d9985b60
78182491760,26541053323,ci-1-core,"core (windows-latest, x86 build)",completed,cancelled,2026-05-27T21:56:25Z,2026-05-27T21:56:25Z,0,5a66588e32bcb0ba68a21fb3c0a101b5d0aae08c
78187418179,26540936235,ci-1-core,"core (windows-latest, x86 build)",completed,success,2026-05-27T22:39:28Z,2026-05-27T22:43:06Z,218,1aabb9a31aead163c4160732fa091ce66940bd4e
78181392451,26540247405,ci-1-core,"core (windows-latest, x86 build)",completed,skipped,2026-05-27T21:49:09Z,2026-05-27T21:49:08Z,-1,3b4a43547dc7799061c64ed3a74e0aef419d699d
78181030437,26540223305,ci-1-core,"core (windows-latest, x86 build)",completed,success,2026-05-27T21:46:51Z,2026-05-27T21:52:03Z,312,f2f0746fa5a753224f340df05ead75f068eece6b
78181685474,26539476316,ci-1-core,"core (windows-latest, x86 build)",completed,success,2026-05-27T21:51:03Z,2026-05-27T21:55:44Z,281,1c597459bfd7056e2cd63b1c77e27ef3e1c6bdb4
78180827550,26539389813,ci-1-core,"core (windows-latest, x86 build)",completed,success,2026-05-27T21:45:30Z,2026-05-27T21:50:10Z,280,6eb746d0cb6949ce7cb072e950f6bd9d4c217e69
78177430926,26539165109,ci-1-core,"core (windows-latest, x86 build)",completed,skipped,2026-05-27T21:23:54Z,2026-05-27T21:23:54Z,0,a8c80bc0704ee9e4ae1ad13ceae0f086f29734e7
78180636780,26539094419,ci-1-core,"core (windows-latest, x86 build)",completed,success,2026-05-27T21:44:19Z,2026-05-27T21:50:31Z,372,957aa9c882a1686cd42af45bb0574e4ba300373e
78177463404,26538780624,ci-1-core,"core (windows-latest, x86 build)",completed,success,2026-05-27T21:24:08Z,2026-05-27T21:29:00Z,292,781542f089a26d412dd0756bf77a9c532b626d9d
78175775565,26538675224,ci-1-core,"core (windows-latest, x86 build)",completed,skipped,2026-05-27T21:13:41Z,2026-05-27T21:13:40Z,-1,d3cf85e6197e1d21895fdd3d1b5192f3cf9dcd07
78172826660,26537895508,ci-1-core,"core (windows-latest, x86 build)",completed,skipped,2026-05-27T20:56:28Z,2026-05-27T20:56:28Z,0,99ac5ff1268869c5165bb570b784de6366435067
78171473428,26537768837,ci-1-core,"core (windows-latest, x86 build)",completed,skipped,2026-05-27T20:48:46Z,2026-05-27T20:48:46Z,0,46238788a2ebdb809d45c11b2e46ab7d676afb1f
78173066745,26536318706,ci-1-core,"core (windows-latest, x86 build)",completed,skipped,2026-05-27T20:57:51Z,2026-05-27T20:57:51Z,0,bffefb28147f004ffc9a1b85c60507aac6bee28c
78173452520,26535855974,ci-1-core,"core (windows-latest, x86 build)",completed,skipped,2026-05-27T21:00:03Z,2026-05-27T21:00:02Z,-1,2ba0f698f57b06bd516440284eff78c676f0888a
78173344885,26535750358,ci-1-core,"core (windows-latest, x86 build)",completed,skipped,2026-05-27T20:59:27Z,2026-05-27T20:59:27Z,0,edb52d249359f4ec71cb49b752e191843cf0a997
78162216458,26535107504,ci-1-core,"core (windows-latest, x86 build)",completed,skipped,2026-05-27T19:56:35Z,2026-05-27T19:56:35Z,0,f02f158f3a4f23c8dddd777a0dee9bf7c36c9def
78161823643,26535092411,ci-1-core,"core (windows-latest, x86 build)",completed,cancelled,2026-05-27T19:54:23Z,2026-05-27T19:54:23Z,0,c7b3807f25d03283e7ffd8c8631aeb948fd03ffa
78163568507,26534713123,ci-1-core,"core (windows-latest, x86 build)",completed,success,2026-05-27T20:04:10Z,2026-05-27T20:09:41Z,331,68e5827b289c9b895b2414ba7e10129c41770d76
78163761313,26534562455,ci-1-core,"core (windows-latest, x86 build)",completed,skipped,2026-05-27T20:05:13Z,2026-05-27T20:05:13Z,0,378f2fc0650364eaf915f5adc42d2ebf78d774b0
78163690777,26534284930,ci-1-core,"core (windows-latest, x86 build)",completed,success,2026-05-27T20:04:51Z,2026-05-27T20:09:38Z,287,5a54c77d04f1c26c9b32a3467bef9f4c6d5d30d7
78159522235,26533982429,ci-1-core,"core (windows-latest, x86 build)",completed,success,2026-05-27T19:41:48Z,2026-05-27T19:46:53Z,305,e6ca13ae6893d0f14f470116ec92bd5a6fe03158
78159582958,26532076937,ci-1-core,"core (windows-latest, x86 build)",completed,success,2026-05-27T19:42:06Z,2026-05-27T19:47:01Z,295,dea2ae0691d0fbe9f0b1ef535aa7041612829b79
78159629266,26532024399,ci-1-core,"core (windows-latest, x86 build)",completed,success,2026-05-27T19:42:20Z,2026-05-27T19:46:57Z,277,c72a897db854bcb2e6017e35a7e4bbf112f83a0c
78151260770,26531634896,ci-1-core,"core (windows-latest, x86 build)",completed,success,2026-05-27T18:56:31Z,2026-05-27T19:01:45Z,314,aedd981532d752663b5537df70d30d74212f30fc
78149575225,26531605463,ci-1-core,"core (windows-latest, x86 build)",completed,cancelled,2026-05-27T18:47:22Z,2026-05-27T18:47:22Z,0,178dfd422ccc90355e14ef37a7652945caf6f8b1
78151130480,26530896803,ci-1-core,"core (windows-latest, x86 build)",completed,success,2026-05-27T18:55:48Z,2026-05-27T19:00:23Z,275,6742a8e4250eb7ed08fbc3c5be9eab8714c52f08
78147696738,26528791727,ci-1-core,"core (windows-latest, x86 build)",completed,success,2026-05-27T18:37:13Z,2026-05-27T18:42:37Z,324,9728332278c287e81a71fdbe8a1cbb77a870b66f
78148394675,26528571731,ci-1-core,"core (windows-latest, x86 build)",completed,success,2026-05-27T18:41:01Z,2026-05-27T18:45:32Z,271,15d261eb1ba533021bf783a66f5dae8590d1bbea
78147207815,26528570269,ci-1-core,"core (windows-latest, x86 build)",completed,success,2026-05-27T18:34:32Z,2026-05-27T18:39:03Z,271,dc56da1eace6eda4d1f35056a3d77f6ac59aea5a
78147935298,26528524784,ci-1-core,"core (windows-latest, x86 build)",completed,success,2026-05-27T18:38:32Z,2026-05-27T18:41:36Z,184,86a56965dbe1ec738a740da76cc135eb45aac5ab
78139871984,26528402419,ci-1-core,"core (windows-latest, x86 build)",completed,success,2026-05-27T17:54:34Z,2026-05-27T17:59:05Z,271,d8d392c402623d387023db0d5ff370ea531fb15f
78137064991,26527208292,ci-1-core,"core (windows-latest, x86 build)",completed,skipped,2026-05-27T17:39:10Z,2026-05-27T17:39:10Z,0,93e7af7fe2e502ec9e6f0677b4b6049e007796db
78135718431,26526787438,ci-1-core,"core (windows-latest, x86 build)",completed,success,2026-05-27T17:31:50Z,2026-05-27T17:36:44Z,294,9e4d410efe60dec411d783ebe3fddef99e7d1bbb
78130056801,26525613765,ci-1-core,"core (windows-latest, x86 build)",completed,skipped,2026-05-27T17:01:25Z,2026-05-27T17:01:24Z,-1,822a09415d08bf7446d183097afa452b686cf37e
78122728351,26523542197,ci-1-core,"core (windows-latest, x86 build)",completed,success,2026-05-27T16:24:45Z,2026-05-27T16:29:12Z,267,56eb9e270b643a29add43e7c8ddda55f9cbad2be
78120645314,26522539697,ci-1-core,"core (windows-latest, x86 build)",completed,success,2026-05-27T16:12:10Z,2026-05-27T16:16:40Z,270,4e06f37f0257af27d3c89d774e44eb6a347c20f8
78117352478,26522021564,ci-1-core,"core (windows-latest, x86 build)",completed,success,2026-05-27T15:55:36Z,2026-05-27T16:00:23Z,287,1da01e31840e4a13da2bc9381664861f1fc3e643
78115489565,26522006318,ci-1-core,"core (windows-latest, x86 build)",completed,cancelled,2026-05-27T15:46:26Z,2026-05-27T15:46:25Z,-1,99ab9f646db53e4cb31f2684633350736a8da58b
78113243520,26520557504,ci-1-core,"core (windows-latest, x86 build)",completed,success,2026-05-27T15:35:38Z,2026-05-27T15:38:41Z,183,ba8a31f8f5898f52f69a894f879a79cf66577e8b
78111896546,26520549125,ci-1-core,"core (windows-latest, x86 build)",completed,success,2026-05-27T15:29:12Z,2026-05-27T15:33:43Z,271,f95f52afe86b87d8d8ddc837f75eb959cb157e2f
78112767890,26520549541,ci-1-core,"core (windows-latest, x86 build)",completed,success,2026-05-27T15:33:18Z,2026-05-27T15:37:41Z,263,c4b0e6bfcb47c335e7b94774f7a6181392243f1c
78111814523,26520239597,ci-1-core,"core (windows-latest, x86 build)",completed,success,2026-05-27T15:28:47Z,2026-05-27T15:33:32Z,285,d426b002ae6eb99976e3930dacee26a38ddad7b3
78109031020,26519002983,ci-1-core,"core (windows-latest, x86 build)",completed,success,2026-05-27T15:15:32Z,2026-05-27T15:20:54Z,322,28760aade2ef5a578ae15617215a9376fd908f17
78101798314,26517772652,ci-1-core,"core (windows-latest, x86 build)",completed,success,2026-05-27T14:41:36Z,2026-05-27T14:46:14Z,278,c2efe53d08ae22b81390467d282b0e4b835633bc
78099828973,26517736435,ci-1-core,"core (windows-latest, x86 build)",completed,cancelled,2026-05-27T14:32:18Z,2026-05-27T14:32:18Z,0,6ada0659f182432609651283ae4b58c4e6d8ceba
78088868627,26513898164,ci-1-core,"core (windows-latest, x86 build)",completed,skipped,2026-05-27T13:41:00Z,2026-05-27T13:40:59Z,-1,79fbd28308b3094ee136dad392da2193b780aa1b
78090417875,26513731777,ci-1-core,"core (windows-latest, x86 build)",completed,success,2026-05-27T13:48:28Z,2026-05-27T13:52:43Z,255,114bfbe5d08c8d66e91c1e748ca414625eb80019
78087148011,26513519935,ci-1-core,"core (windows-latest, x86 build)",completed,success,2026-05-27T13:32:36Z,2026-05-27T13:38:11Z,335,ca3776e396bc26579ce9596d634e372a125b0c27
78088859502,26512727575,ci-1-core,"core (windows-latest, x86 build)",completed,success,2026-05-27T13:41:00Z,2026-05-27T13:45:55Z,295,485eeae87b48d8ccd294bfd2cad9749d5a8cc8fb
78086958582,26512567274,ci-1-core,"core (windows-latest, x86 build)",completed,skipped,2026-05-27T13:31:38Z,2026-05-27T13:31:38Z,0,0f7d61b35bb06c62a6706187544150fc5fabe2ca
78081585653,26512316685,ci-1-core,"core (windows-latest, x86 build)",completed,success,2026-05-27T13:04:52Z,2026-05-27T13:09:18Z,266,db22f9813e0a4f0663bfaff3cb57b8d1a3f479e4
78079636825,26512301542,ci-1-core,"core (windows-latest, x86 build)",completed,cancelled,2026-05-27T12:54:56Z,2026-05-27T12:54:56Z,0,a6dc594468350d6a909cac01b40075dbed53412b
78081752479,26511910820,ci-1-core,"core (windows-latest, x86 build)",completed,success,2026-05-27T13:05:41Z,2026-05-27T13:10:32Z,291,521e77e232e0fd68abf11623e32144b8c59d4863
78076342987,26510534628,ci-1-core,"core (windows-latest, x86 build)",completed,success,2026-05-27T12:32:20Z,2026-05-27T12:36:22Z,242,7c3faf9f565e903333dcd3034f1cd811a01b9f16
78076383844,26510492743,ci-1-core,"core (windows-latest, x86 build)",completed,success,2026-05-27T12:32:34Z,2026-05-27T12:37:08Z,274,2e4a764aef974042ae66dcf47dab251d2bd82226
78072993892,26509878543,ci-1-core,"core (windows-latest, x86 build)",completed,skipped,2026-05-27T12:12:47Z,2026-05-27T12:12:46Z,-1,8ad59f37c2ffc3fd3bc566289a423e11795b922d
78065453936,26507438363,ci-1-core,"core (windows-latest, x86 build)",completed,success,2026-05-27T11:20:14Z,2026-05-27T11:24:29Z,255,31361ad3f5422b97b96418073c7efb7e8b632eef
78065449606,26507396437,ci-1-core,"core (windows-latest, x86 build)",completed,success,2026-05-27T11:20:16Z,2026-05-27T11:24:58Z,282,073d3138355e1a57fd9580757b3f0d222d8bd2e5
78065953314,26505816694,ci-1-core,"core (windows-latest, x86 build)",completed,skipped,2026-05-27T11:23:20Z,2026-05-27T11:23:20Z,0,810abfcf029f1d7d953879a29683e7c8917e383b
78065619217,26505718460,ci-1-core,"core (windows-latest, x86 build)",completed,success,2026-05-27T11:21:17Z,2026-05-27T11:25:52Z,275,3db512a5cfa4eec21846b6ed9205ca8568778282
78053869285,26504277763,ci-1-core,"core (windows-latest, x86 build)",completed,success,2026-05-27T10:05:59Z,2026-05-27T10:10:13Z,254,f3f220a00c697a234c12787ec99b345490442ed3
78054259318,26504127348,ci-1-core,"core (windows-latest, x86 build)",completed,success,2026-05-27T10:09:01Z,2026-05-27T10:13:41Z,280,a1f595f27fb790f67d123e5840921f9fc0b1105b
78051862638,26503562946,ci-1-core,"core (windows-latest, x86 build)",completed,success,2026-05-27T09:53:51Z,2026-05-27T09:58:53Z,302,a615cff827d0a05bd747e192b772f87f05a525a1
78048938513,26502453554,ci-1-core,"core (windows-latest, x86 build)",completed,success,2026-05-27T09:37:26Z,2026-05-27T09:42:20Z,294,816ed80f1dd23e0ea880ecb97f0210d738df04d1
78046925518,26501546648,ci-1-core,"core (windows-latest, x86 build)",completed,success,2026-05-27T09:25:03Z,2026-05-27T09:29:48Z,285,e5aed49a2cf0a695ecf34c7ba4b0ae69c0c72f13
78045979180,26501534866,ci-1-core,"core (windows-latest, x86 build)",completed,success,2026-05-27T09:21:25Z,2026-05-27T09:25:52Z,267,782b7acf0dfc5634b50139a12823426bba4fba18
78045803794,26500858211,ci-1-core,"core (windows-latest, x86 build)",completed,success,2026-05-27T09:16:46Z,2026-05-27T09:21:11Z,265,6386a75ef7c8859942a44946c8a617e51bef8c2d
78038971040,26499659638,ci-1-core,"core (windows-latest, x86 build)",completed,success,2026-05-27T08:37:49Z,2026-05-27T08:41:57Z,248,885c24f4e07a944630e05a0cb47fc38f562a9d62
78036549641,26498559856,ci-1-core,"core (windows-latest, x86 build)",completed,cancelled,2026-05-27T08:20:55Z,2026-05-27T08:20:54Z,-1,f3c50918ab1884deb3c01af670c3e01082482a7f
78035167261,26497047610,ci-1-core,"core (windows-latest, x86 build)",completed,success,2026-05-27T08:17:46Z,2026-05-27T08:22:04Z,258,3633cb1de539d19664195274a2c4fc595e756461
78032809684,26497032474,ci-1-core,"core (windows-latest, x86 build)",completed,cancelled,2026-05-27T07:57:16Z,2026-05-27T07:57:16Z,0,f1bae3020b221c87b2cc5d65d8105019aa18971b
78027380573,26496583092,ci-1-core,"core (windows-latest, x86 build)",completed,cancelled,2026-05-27T07:22:48Z,2026-05-27T07:23:21Z,33,3376c6d074af564343e761e9343e5a829894028a
78028454794,26496207030,ci-1-core,"core (windows-latest, x86 build)",completed,success,2026-05-27T07:31:20Z,2026-05-27T07:35:34Z,254,31f4f92130712b07a9e52b280372bf98aed939ee
78027584830,26496153108,ci-1-core,"core (windows-latest, x86 build)",completed,success,2026-05-27T07:25:37Z,2026-05-27T07:29:46Z,249,0a420591c859ce8e413b6217c44247db4a77bea6
78027464360,26495805222,ci-1-core,"core (windows-latest, x86 build)",completed,success,2026-05-27T07:23:16Z,2026-05-27T07:27:55Z,279,4d966544d211df9183f262d4f90bae9d621eb313
78023315785,26495207999,ci-1-core,"core (windows-latest, x86 build)",completed,success,2026-05-27T06:52:13Z,2026-05-27T06:56:17Z,244,c65e24dd384fe824bf0d37bc334d142aa37a064e
78022516219,26495099772,ci-1-core,"core (windows-latest, x86 build)",completed,success,2026-05-27T06:47:19Z,2026-05-27T06:51:34Z,255,3d06a8d8bebb63540c8794b6a8a7b3d6f25e70a8
78020890914,26494522133,ci-1-core,"core (windows-latest, x86 build)",completed,cancelled,2026-05-27T06:32:59Z,2026-05-27T06:36:24Z,205,3a33a7f7fe6c754a1c0d969e32ddbf10dc3e3d7e
78019473135,26494509767,ci-1-core,"core (windows-latest, x86 build)",completed,cancelled,2026-05-27T06:21:38Z,2026-05-27T06:21:38Z,0,8f86a6bacd210e84213eb0c6395bf674abef1f78
78020086110,26477780938,ci-1-core,"core (windows-latest, x86 build)",completed,success,2026-05-27T06:27:32Z,2026-05-27T06:32:28Z,296,fc4070720576451f88249781d91e8d6bed59a04c
78019306588,26477627125,ci-1-core,"core (windows-latest, x86 build)",completed,success,2026-05-27T06:20:21Z,2026-05-27T06:24:34Z,253,15e6b944eb46db944695f186ab1ece999ce5721f
78019203313,26477454252,ci-1-core,"core (windows-latest, x86 build)",completed,skipped,2026-05-27T06:19:28Z,2026-05-27T06:19:28Z,0,a10d7e507dbd2e5e7bdd7087af213936dcb471ad
77967012515,26477225329,ci-1-core,"core (windows-latest, x86 build)",completed,success,2026-05-26T21:59:44Z,2026-05-26T22:03:54Z,250,0518c60a36d3c8b8d92ceeb4fccb53e14f9dbbd9
77965345437,26476691004,ci-1-core,"core (windows-latest, x86 build)",completed,success,2026-05-26T21:48:08Z,2026-05-26T21:53:13Z,305,d39d8ce4ca3f373b0dea19ad3d97caf9ac0d73d9
77964612273,26476515573,ci-1-core,"core (windows-latest, x86 build)",completed,success,2026-05-26T21:43:19Z,2026-05-26T21:47:40Z,261,5d5715a81e0df27a47116fa2e62639efbc53f6fd
77962549017,26475738250,ci-1-core,"core (windows-latest, x86 build)",completed,success,2026-05-26T21:30:13Z,2026-05-26T21:34:38Z,265,b7be80a366b5ed244c1c24157888c9c030fbd497
77961020334,26475432696,ci-1-core,"core (windows-latest, x86 build)",completed,success,2026-05-26T21:23:53Z,2026-05-26T21:28:11Z,258,feab5388051a51b953283659d9d6824abfb426a7
77958695153,26474636793,ci-1-core,"core (windows-latest, x86 build)",completed,success,2026-05-26T21:06:19Z,2026-05-26T21:10:29Z,250,d3c0a0e04d5565f6317b74ce65178f4faf576042
77958554340,26474386064,ci-1-core,"core (windows-latest, x86 build)",completed,success,2026-05-26T21:05:33Z,2026-05-26T21:09:52Z,259,f4600bd3e9f1148cbb8e4e68df7259bfba8d548f
77956845052,26474231732,ci-1-core,"core (windows-latest, x86 build)",completed,success,2026-05-26T20:55:31Z,2026-05-26T20:59:49Z,258,9c0e7dff560dd1327df9a4c28caa5b16ef4faae5
77955502704,26474213187,ci-1-core,"core (windows-latest, x86 build)",completed,cancelled,2026-05-26T20:47:41Z,2026-05-26T20:47:41Z,0,bca6df9295dbc8b555e87eadbc0830d42e498245
77955141058,26473670706,ci-1-core,"core (windows-latest, x86 build)",completed,success,2026-05-26T20:45:40Z,2026-05-26T20:50:01Z,261,adb2f9ae6fb0476ae3affba5c097e91c63eeba8a
77955094507,26473537775,ci-1-core,"core (windows-latest, x86 build)",completed,success,2026-05-26T20:45:25Z,2026-05-26T20:49:15Z,230,a1afb6d27c6b3b3f00c98afbbc60248743aeb3b5
77953599279,26473272520,ci-1-core,"core (windows-latest, x86 build)",completed,success,2026-05-26T20:36:51Z,2026-05-26T20:41:07Z,256,115b18182b6cc288bf5b312087a57cc68e1a0c8b
77939145526,26468813523,ci-1-core,"core (windows-latest, x86 build)",completed,success,2026-05-26T19:15:44Z,2026-05-26T19:19:57Z,253,395367cddc23eb976b9c05e3f05204cea0e4164d
77939036549,26468704488,ci-1-core,"core (windows-latest, x86 build)",completed,success,2026-05-26T19:13:52Z,2026-05-26T19:18:16Z,264,fd212b10288dbf937e5ff6c8c8ab75a766dd7386
77939700968,26468653197,ci-1-core,"core (windows-latest, x86 build)",completed,success,2026-05-26T19:17:41Z,2026-05-26T19:22:24Z,283,1871b5eeecaa77254c0d1a7566c3bffaaff664e0
77936808904,26468271342,ci-1-core,"core (windows-latest, x86 build)",completed,success,2026-05-26T19:01:57Z,2026-05-26T19:06:00Z,243,623103afca015bbc4fac32e99db689fdec410c15
77932424562,26467325844,ci-1-core,"core (windows-latest, x86 build)",completed,success,2026-05-26T18:39:17Z,2026-05-26T18:43:47Z,270,5ca207bfd34beef2e36adf2b5c9e744e2cd78a81
77880432561,26452943711,ci-1-core,"core (windows-latest, x86 build)",completed,success,2026-05-26T14:10:41Z,2026-05-26T14:15:02Z,261,1d57a04cc403e16eeae1de2b28e369f4ce67d387
77880002055,26452842799,ci-1-core,"core (windows-latest, x86 build)",completed,success,2026-05-26T14:08:42Z,2026-05-26T14:13:17Z,275,c06142dc6501972351e9f0119a58f35401e8b263
77857097554,26447016539,ci-1-core,"core (windows-latest, x86 build)",completed,success,2026-05-26T10:39:20Z,2026-05-26T10:43:28Z,248,07b3e578d76ac3398caf5cad37e572f9c0f7543c
77855918703,26446927982,ci-1-core,"core (windows-latest, x86 build)",completed,cancelled,2026-05-26T10:31:37Z,2026-05-26T10:31:37Z,0,93b0b7d61c489ded2574f10001fc910f63ab39f5
77851874141,26445773462,ci-1-core,"core (windows-latest, x86 build)",completed,skipped,2026-05-26T10:05:40Z,2026-05-26T10:05:39Z,-1,45ec0318dea83dcfcd35fe7bb2c1fd8cc5f084f9
77853177997,26445756442,ci-1-core,"core (windows-latest, x86 build)",completed,success,2026-05-26T10:13:59Z,2026-05-26T10:18:07Z,248,56012aa8a993f601bf1fa1a886881ef5e6a2467d
77852726741,26445629253,ci-1-core,"core (windows-latest, x86 build)",completed,success,2026-05-26T10:11:08Z,2026-05-26T10:15:12Z,244,0fe481581c9e0af30b4331185debef5cddae632e
77851495755,26445370361,ci-1-core,"core (windows-latest, x86 build)",completed,success,2026-05-26T10:03:19Z,2026-05-26T10:06:24Z,185,b055a57335506991629c5e83557e0ecd52155040
77849198159,26444633438,ci-1-core,"core (windows-latest, x86 build)",completed,success,2026-05-26T09:49:19Z,2026-05-26T09:53:24Z,245,d81a773bcae624693abfbc3950f6d1c90e061be6
77847367072,26444194328,ci-1-core,"core (windows-latest, x86 build)",completed,success,2026-05-26T09:38:11Z,2026-05-26T09:43:57Z,346,c09b4a12f9dc293564716b53eee1e6deca80ff9b
77847790612,26443833475,ci-1-core,"core (windows-latest, x86 build)",completed,skipped,2026-05-26T09:40:45Z,2026-05-26T09:40:45Z,0,de16d4f3b13833b6cc039abac8df28a98828b627
77843583880,26443099810,ci-1-core,"core (windows-latest, x86 build)",completed,success,2026-05-26T09:15:24Z,2026-05-26T09:19:41Z,257,c3929280e72bc75538a602a581816d53351c5b1a
77843505799,26442615945,ci-1-core,"core (windows-latest, x86 build)",completed,success,2026-05-26T09:14:56Z,2026-05-26T09:18:49Z,233,632a108aa0ab8b4d96766e13ed205767ec9d7773
77841761406,26442566105,ci-1-core,"core (windows-latest, x86 build)",completed,cancelled,2026-05-26T09:04:14Z,2026-05-26T09:07:52Z,218,27baadac30d7c3518a4d97b1b5dbd7fefd8b2128
77840509662,26442484739,ci-1-core,"core (windows-latest, x86 build)",completed,cancelled,2026-05-26T08:56:37Z,2026-05-26T08:56:37Z,0,34bc91d4e12cbfa39963e2807be22476f292ae09
77840357075,26442094702,ci-1-core,"core (windows-latest, x86 build)",completed,success,2026-05-26T08:55:41Z,2026-05-26T09:00:01Z,260,5104df06f95e5aff1a17e1a69dd4baeb1c180d9c
77841555736,26442077079,ci-1-core,"core (windows-latest, x86 build)",completed,success,2026-05-26T09:03:01Z,2026-05-26T09:08:01Z,300,67d6826a3bd1617ca1d70844ed5e120ee6b88f03
77839067308,26441450977,ci-1-core,"core (windows-latest, x86 build)",completed,success,2026-05-26T08:47:27Z,2026-05-26T08:52:19Z,292,01d217a8526c27727278f39e8be4ea3760e88dca
77838871893,26441223264,ci-1-core,"core (windows-latest, x86 build)",completed,skipped,2026-05-26T08:46:14Z,2026-05-26T08:46:13Z,-1,71c3f9b5bd98db7d4a6d642f4d4a03e66f787243
77835112477,26440300640,ci-1-core,"core (windows-latest, x86 build)",completed,success,2026-05-26T08:22:39Z,2026-05-26T08:27:40Z,301,b171df67a2d59b6711e43e5b95b7401f263c986c
77832880158,26439981939,ci-1-core,"core (windows-latest, x86 build)",completed,success,2026-05-26T08:07:31Z,2026-05-26T08:11:36Z,245,34ccaba43bbcb21e3bc388eaded5590200f5e3b6
77831746996,26439943139,ci-1-core,"core (windows-latest, x86 build)",completed,cancelled,2026-05-26T07:59:54Z,2026-05-26T07:59:53Z,-1,14f9bc898acabb32b3bb5200051787e624af10ea
77831649431,26439930627,ci-1-core,"core (windows-latest, x86 build)",completed,cancelled,2026-05-26T07:59:15Z,2026-05-26T07:59:15Z,0,a424b25a3ffd7c741873e5cef49174091cd43d52
77830749857,26439263372,ci-1-core,"core (windows-latest, x86 build)",completed,success,2026-05-26T07:53:08Z,2026-05-26T07:57:57Z,289,95492406da579d5e1e1de393f87b7d317014361b
77830627029,26439086134,ci-1-core,"core (windows-latest, x86 build)",completed,success,2026-05-26T07:52:17Z,2026-05-26T07:56:48Z,271,117dde1154c4c0d93b5c47f05c78046673cbd17f
77829781024,26439050579,ci-1-core,"core (windows-latest, x86 build)",completed,success,2026-05-26T07:46:28Z,2026-05-26T07:50:54Z,266,ce64806628f83dd7730a47d66e97e5780d3f55cc
77828704588,26438758304,ci-1-core,"core (windows-latest, x86 build)",completed,success,2026-05-26T07:38:51Z,2026-05-26T07:43:47Z,296,bce817d8cccfb2ed5e2869735b1ddbbcd3dd9183
77828712866,26436661378,ci-1-core,"core (windows-latest, x86 build)",completed,cancelled,2026-05-26T07:38:53Z,2026-05-26T07:38:52Z,-1,f6b3c41bd6437a88e820249b35b447595491a7db
77828735924,26436376940,ci-1-core,"core (windows-latest, x86 build)",completed,skipped,2026-05-26T07:39:03Z,2026-05-26T07:39:03Z,0,9b046d016bcd577d36d1982bd8e543499f95ccee
77820957279,26436373396,ci-1-core,"core (windows-latest, x86 build)",completed,success,2026-05-26T06:41:06Z,2026-05-26T06:44:28Z,202,4eb88e2feac109766fe16507b515bddc2b3465d3
77820759899,26436325030,ci-1-core,"core (windows-latest, x86 build)",completed,success,2026-05-26T06:39:29Z,2026-05-26T06:43:52Z,263,327ef51034bf895ce2c2a9e8698b5a4884ed9865
77818635712,26435406231,ci-1-core,"core (windows-latest, x86 build)",completed,success,2026-05-26T06:21:14Z,2026-05-26T06:25:54Z,280,41c2db99758ed6ce7cda174ce70da1149f4d6321
77817174141,26435201508,ci-1-core,"core (windows-latest, x86 build)",completed,success,2026-05-26T06:08:09Z,2026-05-26T06:11:45Z,216,aa877f052dcbf3bbb754b143f55346d5365f98f0
77816360877,26435185929,ci-1-core,"core (windows-latest, x86 build)",completed,cancelled,2026-05-26T06:00:39Z,2026-05-26T06:00:39Z,0,2c45d1444000f391dd915ead1e62a2c7c8110590
77817309912,26435051548,ci-1-core,"core (windows-latest, x86 build)",completed,success,2026-05-26T06:09:22Z,2026-05-26T06:13:01Z,219,7dfcd307401cb578c390db028cd3c9cf643fe637
77816306835,26435014730,ci-1-core,"core (windows-latest, x86 build)",completed,cancelled,2026-05-26T06:00:14Z,2026-05-26T06:00:14Z,0,c9477219e186879d249639abf60e83f9bde3a061
77815811510,26434764997,ci-1-core,"core (windows-latest, x86 build)",completed,success,2026-05-26T05:55:45Z,2026-05-26T05:59:52Z,247,7ec0944fd03d20fff91b78bf6135762a54625cb8
77815763406,26434660509,ci-1-core,"core (windows-latest, x86 build)",completed,success,2026-05-26T05:55:17Z,2026-05-26T05:59:41Z,264,78842aa84aae01279501cf63238d511f63009a88
77815130062,26434151175,ci-1-core,"core (windows-latest, x86 build)",completed,success,2026-05-26T05:49:00Z,2026-05-26T05:53:29Z,269,88a93c49894391989cc084d40a6caa1bd74e9071
77814629079,26434022927,ci-1-core,"core (windows-latest, x86 build)",completed,skipped,2026-05-26T05:43:53Z,2026-05-26T05:43:53Z,0,a0740236c4a30598395fc3c8d423767b01fec9b0
77813253490,26433768410,ci-1-core,"core (windows-latest, x86 build)",completed,skipped,2026-05-26T05:29:42Z,2026-05-26T05:29:41Z,-1,61fb7dcd693f562bfa35e847efd0786ff0549dc2
77773186240,26419983082,ci-1-core,"core (windows-latest, x86 build)",completed,skipped,2026-05-25T21:19:33Z,2026-05-25T21:19:33Z,0,3d22325e793dc2778d3744c866b147c2885f3c9f
77772430936,26419727014,ci-1-core,"core (windows-latest, x86 build)",completed,skipped,2026-05-25T21:11:22Z,2026-05-25T21:11:22Z,0,4b159b21bf6687c31a79c46e174ecd1cf8f85278
77770017451,26418925979,ci-1-core,"core (windows-latest, x86 build)",completed,success,2026-05-25T20:47:03Z,2026-05-25T20:51:17Z,254,4488caab89cd11f7154f86f2cd57ea885d67e493
77768786690,26418502534,ci-1-core,"core (windows-latest, x86 build)",completed,skipped,2026-05-25T20:34:54Z,2026-05-25T20:34:54Z,0,e14805136f7cd9c3860af9350962ec8305340408
77768040408,26418483838,ci-1-core,"core (windows-latest, x86 build)",completed,cancelled,2026-05-25T20:27:54Z,2026-05-25T20:27:54Z,0,67b0932295f8f409d203519646056bea82c59bdd
77767863774,26418209086,ci-1-core,"core (windows-latest, x86 build)",completed,cancelled,2026-05-25T20:26:19Z,2026-05-25T20:27:22Z,63,365f644547ff5444d8ceb3fb55ba8fbc4687ecbe
77767972260,26418174209,ci-1-core,"core (windows-latest, x86 build)",completed,success,2026-05-25T20:27:17Z,2026-05-25T20:31:12Z,235,cfaaaa46a4258c1af5308ae5ab3461fee7e6f203
77767170649,26418126260,ci-1-core,"core (windows-latest, x86 build)",completed,cancelled,2026-05-25T20:19:12Z,2026-05-25T20:19:12Z,0,69ea8e047c9bb2fead48096ae5a059e667a9a2eb
77766920447,26418091825,ci-1-core,"core (windows-latest, x86 build)",completed,cancelled,2026-05-25T20:16:34Z,2026-05-25T20:16:34Z,0,f9cff7ea862320ae7871dff9595b197edac56bc8
77767629566,26417658114,ci-1-core,"core (windows-latest, x86 build)",completed,success,2026-05-25T20:23:51Z,2026-05-25T20:27:24Z,213,21459f3387f63e602daaced30940e37c58cebc21
77767487193,26417640084,ci-1-core,"core (windows-latest, x86 build)",completed,success,2026-05-25T20:22:30Z,2026-05-25T20:26:02Z,212,dae1dba5aa7615ac691e2d74925fee48d1830b5a
77765904264,26417447557,ci-1-core,"core (windows-latest, x86 build)",completed,success,2026-05-25T20:06:13Z,2026-05-25T20:11:24Z,311,36a9ece8466bbe5be6a2b86c7b0b6a21d05ee364
77765809252,26417400190,ci-1-core,"core (windows-latest, x86 build)",completed,success,2026-05-25T20:05:13Z,2026-05-25T20:09:17Z,244,c15fb6482819fd0c3932062a373a83c44bf5044e
77765477896,26417230655,ci-1-core,"core (windows-latest, x86 build)",completed,success,2026-05-25T20:01:52Z,2026-05-25T20:05:39Z,227,c120fb10d3ae4b070b1800310d079fd24c7b34db
77765449205,26417113078,ci-1-core,"core (windows-latest, x86 build)",completed,success,2026-05-25T20:02:16Z,2026-05-25T20:06:19Z,243,31651b000722ec4a5ffe9eb21b5e9888354901b3
77766166251,26417071938,ci-1-core,"core (windows-latest, x86 build)",completed,success,2026-05-25T20:08:55Z,2026-05-25T20:15:14Z,379,9ec1dc9c7f6218868779f5736200d85aa69be670
77764586076,26417010418,ci-1-core,"core (windows-latest, x86 build)",completed,cancelled,2026-05-25T19:52:54Z,2026-05-25T19:55:53Z,179,ad4cdbb9bbf758df8215b7dc234528e3f99077b8
77765921958,26416989113,ci-1-core,"core (windows-latest, x86 build)",completed,success,2026-05-25T20:06:24Z,2026-05-25T20:10:36Z,252,d217a48dc8a91548debf7ad1e676b7459586641f
77763564676,26416986013,ci-1-core,"core (windows-latest, x86 build)",completed,cancelled,2026-05-25T19:42:44Z,2026-05-25T19:42:44Z,0,0309726babc1fb2a5c47bcc837f844db7d46c8f5
77763512991,26416916181,ci-1-core,"core (windows-latest, x86 build)",completed,cancelled,2026-05-25T19:42:15Z,2026-05-25T19:42:14Z,-1,7dfcab8e88bfa5029747f662c8f7429e8bf11e64
77764215618,26416902183,ci-1-core,"core (windows-latest, x86 build)",completed,success,2026-05-25T19:49:11Z,2026-05-25T19:53:19Z,248,81b8d41379670eaf5ac8c4dc1666f17c80013069
77763262172,26416677462,ci-1-core,"core (windows-latest, x86 build)",completed,cancelled,2026-05-25T19:39:56Z,2026-05-25T19:39:56Z,0,c21e83c2347dca311d457761070387b39f050111
77762522397,26416666741,ci-1-core,"core (windows-latest, x86 build)",completed,cancelled,2026-05-25T19:32:52Z,2026-05-25T19:32:52Z,0,51a068402fe481ee46acedb2e7320a816b61701a
77763375687,26416463372,ci-1-core,"core (windows-latest, x86 build)",completed,success,2026-05-25T19:42:11Z,2026-05-25T19:46:20Z,249,1f07a797f8b37bec70450f9668637b0bac547a47
77763514243,26416447222,ci-1-core,"core (windows-latest, x86 build)",completed,success,2026-05-25T19:43:04Z,2026-05-25T19:46:20Z,196,868b3150f897b2a71fae78ec51488b87640c0398
77763058081,26416395498,ci-1-core,"core (windows-latest, x86 build)",completed,success,2026-05-25T19:38:04Z,2026-05-25T19:42:17Z,253,d04d241678f6eb0b273916e9cbc949f3cf21d244
77763000075,26416324860,ci-1-core,"core (windows-latest, x86 build)",completed,success,2026-05-25T19:37:59Z,2026-05-25T19:43:02Z,303,05ceb45a00ae9eed05bfb3d6a3fa2839d5aa19db
77761390395,26410815799,ci-1-core,"core (windows-latest, x86 build)",completed,success,2026-05-25T19:21:55Z,2026-05-25T19:25:55Z,240,4e3e1d61aa562a947e29ac583b51568281c50967
77761265625,26410541061,ci-1-core,"core (windows-latest, x86 build)",completed,success,2026-05-25T19:20:43Z,2026-05-25T19:24:59Z,256,8f9ed0c795d543621d86ed4fe1bda17991cc2cc7
77744167258,26410422424,ci-1-core,"core (windows-latest, x86 build)",completed,success,2026-05-25T16:40:32Z,2026-05-25T16:45:04Z,272,0e126f6df06877853c92c41ad98e9f195f883400
77743434158,26410414354,ci-1-core,"core (windows-latest, x86 build)",completed,cancelled,2026-05-25T16:33:38Z,2026-05-25T16:33:38Z,0,52d2f66f6e3d50387f1e8e56d947723e5806d0d4
77740871043,26409159669,ci-1-core,"core (windows-latest, x86 build)",completed,success,2026-05-25T16:10:32Z,2026-05-25T16:15:06Z,274,c970d5613632ab0abdfdcec3f0736eb68b6bc6a7
77740687004,26409056014,ci-1-core,"core (windows-latest, x86 build)",completed,success,2026-05-25T16:09:00Z,2026-05-25T16:13:29Z,269,6efc67b7bffaaa4307ba36f36d28bcaf2bea5497
77738934121,26408705589,ci-1-core,"core (windows-latest, x86 build)",completed,success,2026-05-25T15:54:21Z,2026-05-25T15:58:32Z,251,aa01bddf647d18e48db6cd94778e0986aa0ebb7d
77737281878,26408104681,ci-1-core,"core (windows-latest, x86 build)",completed,success,2026-05-25T15:40:51Z,2026-05-25T15:45:14Z,263,e282474d3f63edd49c653b52c027ea697a0ce9f1
77735493421,26407615150,ci-1-core,"core (windows-latest, x86 build)",completed,success,2026-05-25T15:26:32Z,2026-05-25T15:30:38Z,246,b4a797a94f5449de6310271894dfa0688a92aa42
77733161609,26406880863,ci-1-core,"core (windows-latest, x86 build)",completed,success,2026-05-25T15:08:20Z,2026-05-25T15:12:35Z,255,1d28c33e218070279b0abe3b82dbe1ad83ca938b
77731200794,26406271260,ci-1-core,"core (windows-latest, x86 build)",completed,success,2026-05-25T14:53:48Z,2026-05-25T14:58:42Z,294,83ab951b4c3076d24a341d578e64e05c5390bb27
77731252106,26406264451,ci-1-core,"core (windows-latest, x86 build)",completed,success,2026-05-25T14:54:09Z,2026-05-25T14:58:20Z,251,fd1bf9c95acee80de95899834936db91f717395d
77733288155,26406224260,ci-1-core,"core (windows-latest, x86 build)",completed,success,2026-05-25T15:09:20Z,2026-05-25T15:13:01Z,221,e69ad1c623579c031a0c34f00b5e9b1d3475b386
77730263291,26406046721,ci-1-core,"core (windows-latest, x86 build)",completed,cancelled,2026-05-25T14:46:45Z,2026-05-25T14:46:45Z,0,4c2e361928dc8d067a74901c62960f9fe26eec63
77729504840,26405753766,ci-1-core,"core (windows-latest, x86 build)",completed,success,2026-05-25T14:41:02Z,2026-05-25T14:44:47Z,225,dac8f1d8e59d07e6b16b66dd4143a55d25c45d0a
77725268459,26403064494,ci-1-core,"core (windows-latest, x86 build)",completed,success,2026-05-25T14:10:02Z,2026-05-25T14:14:15Z,253,2e110a408168033cc8bbc30a53bdd541988c5753
77720008097,26402837915,ci-1-core,"core (windows-latest, x86 build)",completed,success,2026-05-25T13:32:36Z,2026-05-25T13:37:01Z,265,4321052bdf0c7879a8ec42ea538c1f6176d0a8df
77719700768,26402101087,ci-1-core,"core (windows-latest, x86 build)",completed,success,2026-05-25T13:30:25Z,2026-05-25T13:34:33Z,248,5d737ee1fb8ae5a3f6a541c903c5a11be5de83b2
77717438086,26402062384,ci-1-core,"core (windows-latest, x86 build)",completed,success,2026-05-25T13:13:49Z,2026-05-25T13:17:51Z,242,76d8a07e8a2c8df7606cca115fe4101eacce7713
77716538928,26402053108,ci-1-core,"core (windows-latest, x86 build)",completed,cancelled,2026-05-25T13:07:10Z,2026-05-25T13:07:09Z,-1,3ea8b715c1f23cebc41c118b3f1f456e8e764220
78460218499,26624999424,ci-1-core,"core (windows-latest, x86 build)",completed,cancelled,2026-05-29T07:50:27Z,2026-05-29T07:50:27Z,0,d2d29cf6ec7a335bee888efe4749c8b1b2fcaebe
78459188565,26624459889,ci-1-core,"core (windows-latest, x86 build)",completed,cancelled,2026-05-29T07:42:59Z,2026-05-29T07:45:37Z,158,b62b5d4466e70331baedd064467d0c9d45bbb863
78457789170,26624414851,ci-1-core,"core (windows-latest, x86 build)",completed,cancelled,2026-05-29T07:32:46Z,2026-05-29T07:32:45Z,-1,5e22cfe90623b877b58297b938f7545aceb0a9da
78456835047,26623749944,ci-1-core,"core (windows-latest, x86 build)",completed,success,2026-05-29T07:25:53Z,2026-05-29T07:30:47Z,294,ae0aafa8a3216648f3dc92e3662cce51e321d578
78455476321,26623719970,ci-1-core,"core (windows-latest, x86 build)",completed,cancelled,2026-05-29T07:15:43Z,2026-05-29T07:15:43Z,0,ec56e31e6fce01c4f15988d9de6a334d22042c10
78458872791,26608328955,ci-1-core,"core (windows-latest, x86 build)",completed,skipped,2026-05-29T07:40:36Z,2026-05-29T07:40:36Z,0,58c343067d0a34efa46a1a46e945dd5fada4a8e8
78459407358,26608007138,ci-1-core,"core (windows-latest, x86 build)",completed,success,2026-05-29T07:44:44Z,2026-05-29T07:50:05Z,321,01e712b050566520b5e98d10b437be7800aa1e14
78457238166,26607754400,ci-1-core,"core (windows-latest, x86 build)",completed,skipped,2026-05-29T07:28:49Z,2026-05-29T07:28:49Z,0,8f10db9a144c059be171f540bf37730929f1a8c8
78456862952,26607633809,ci-1-core,"core (windows-latest, x86 build)",completed,success,2026-05-29T07:26:05Z,2026-05-29T07:31:19Z,314,5fc05b1d3f0f361a6398800dbb5187ffef37c81e
78457546875,26607416283,ci-1-core,"core (windows-latest, x86 build)",completed,success,2026-05-29T07:31:04Z,2026-05-29T07:35:59Z,295,97190a5759e5d1f3c27c1ba8900ceaa7f0d7b627
78406489037,26607269783,ci-1-core,"core (windows-latest, x86 build)",completed,success,2026-05-28T23:10:31Z,2026-05-28T23:15:32Z,301,c21830e98e6dc42f660f5764b72424c7e559436f
78406287326,26606920419,ci-1-core,"core (windows-latest, x86 build)",completed,skipped,2026-05-28T23:08:46Z,2026-05-28T23:08:46Z,0,7f7359cbaf5e6254c8e0e47bde55033a340c1af4
78391725541,26602703121,ci-1-core,"core (windows-latest, x86 build)",completed,success,2026-05-28T21:25:08Z,2026-05-28T21:30:13Z,305,1a5898dd9a4daf1f3d2e153023117ec60a8610bf
78515276037,26640878628,ci-1-core,"core (windows-latest, x86 build)",completed,cancelled,2026-05-29T13:56:18Z,2026-05-29T13:59:52Z,214,5e3c232b61ecad87426b8dd5457160c1fb4e9e8e
78513314942,26640860463,ci-1-core,"core (windows-latest, x86 build)",completed,cancelled,2026-05-29T13:45:16Z,2026-05-29T13:45:16Z,0,d77789c7a5a49064c37e7f4ed247892c03f88db9
78513291391,26640559466,ci-1-core,"core (windows-latest, x86 build)",completed,cancelled,2026-05-29T13:45:09Z,2026-05-29T13:45:08Z,-1,7975d598649ccb9b1cc76c242381b72bdb059506
78514062903,26640439611,ci-1-core,"core (windows-latest, x86 build)",completed,success,2026-05-29T13:49:29Z,2026-05-29T13:55:30Z,361,3cf79fa2f93aff09670e786abf75a50d9e39d98a
78513222117,26640011423,ci-1-core,"core (windows-latest, x86 build)",completed,success,2026-05-29T13:44:47Z,2026-05-29T13:50:17Z,330,a29cea852b112ed4bd9064e9254ea7348adb3620
78511319637,26639739771,ci-1-core,"core (windows-latest, x86 build)",completed,success,2026-05-29T13:34:11Z,2026-05-29T13:39:41Z,330,b08e6d3a5d7a9e013cc86de45eff23109c639702
78510104017,26639445574,ci-1-core,"core (windows-latest, x86 build)",completed,success,2026-05-29T13:27:17Z,2026-05-29T13:32:46Z,329,6a952987a2d47216fea8b497d1eab956fb90b21c
78508258507,26639428401,ci-1-core,"core (windows-latest, x86 build)",completed,cancelled,2026-05-29T13:16:35Z,2026-05-29T13:16:34Z,-1,60383436780fc1e6021e91c99c9ce341e97d98aa
78506480491,26638474947,ci-1-core,"core (windows-latest, x86 build)",completed,success,2026-05-29T13:06:10Z,2026-05-29T13:11:35Z,325,b1bb48d98c229dac8bf9fa7038ec671b569af65c
78509943954,26630218463,ci-1-core,"core (windows-latest, x86 build)",completed,success,2026-05-29T13:26:24Z,2026-05-29T13:32:28Z,364,e7f1633416d74f977f34d30f4a308e08618d8d14
78506601553,26629259491,ci-1-core,"core (windows-latest, x86 build)",completed,success,2026-05-29T13:06:54Z,2026-05-29T13:12:53Z,359,203852291a5ebaef83639d1e4d5df43d0ab8fc4e
78506380682,26629190837,ci-1-core,"core (windows-latest, x86 build)",completed,success,2026-05-29T13:05:46Z,2026-05-29T13:11:40Z,354,f4281ed468c9881bdc034d047e3d37e2346d8413
78471502404,26628157672,ci-1-core,"core (windows-latest, x86 build)",completed,success,2026-05-29T09:08:36Z,2026-05-29T09:14:00Z,324,0014445c83944e9e304777ef34fd0c50dc6f0e2f
78469925482,26628140383,ci-1-core,"core (windows-latest, x86 build)",completed,cancelled,2026-05-29T08:58:06Z,2026-05-29T08:58:06Z,0,2790c5a03694c1d42ba293b1e3df0eee0967fc1f
78469899207,26628123427,ci-1-core,"core (windows-latest, x86 build)",completed,cancelled,2026-05-29T08:57:55Z,2026-05-29T08:57:55Z,0,f1920b0c03ecab0f637988685638d9ec481f3948
78471604611,26626968673,ci-1-core,"core (windows-latest, x86 build)",completed,success,2026-05-29T09:09:19Z,2026-05-29T09:15:20Z,361,e9cb21970872993a5c53541a6a113a0bd9564b22
78465705200,26626413290,ci-1-core,"core (windows-latest, x86 build)",completed,success,2026-05-29T08:29:37Z,2026-05-29T08:34:41Z,304,f1c24737acb11289d641ab455732fb9891d048ba
78465746767,26626140082,ci-1-core,"core (windows-latest, x86 build)",completed,success,2026-05-29T08:29:55Z,2026-05-29T08:35:15Z,320,bcb61104a50775e6bd49783c5da84946849927b3
78463937220,26625897318,ci-1-core,"core (windows-latest, x86 build)",completed,success,2026-05-29T08:17:19Z,2026-05-29T08:22:28Z,309,3fe3dff83bba047977b03613cf6a8418ed7f9cca
78463742461,26625732754,ci-1-core,"core (windows-latest, x86 build)",completed,success,2026-05-29T08:15:54Z,2026-05-29T08:21:54Z,360,22c82b479e891c799cc9b5e9ef963816737dcb0a
78462754655,26625619135,ci-1-core,"core (windows-latest, x86 build)",completed,success,2026-05-29T08:08:51Z,2026-05-29T08:13:47Z,296,9fb486c3f9c14d7d8a72d70c896f3dce77197b38
78462498449,26625524310,ci-1-core,"core (windows-latest, x86 build)",completed,cancelled,2026-05-29T08:06:57Z,2026-05-29T08:06:57Z,0,18a79884262961e974d647b3b34257005dab3a3c
78583272199,26658548177,ci-1-core,"core (windows-latest, x86 build)",completed,success,2026-05-29T20:39:31Z,2026-05-29T20:45:36Z,365,f9e6fec892d1308255ab305890be7acd7c6f4fd6
78575383563,26658351025,ci-1-core,"core (windows-latest, x86 build)",completed,success,2026-05-29T19:48:10Z,2026-05-29T19:53:22Z,312,9a48dd1326408984037ee710bb5b364ff76dd284
78569463297,26656387990,ci-1-core,"core (windows-latest, x86 build)",completed,success,2026-05-29T19:10:56Z,2026-05-29T19:16:33Z,337,b2c45758d8b1f8109ffb194e35be8f5d3b77c234
78569554435,26656147783,ci-1-core,"core (windows-latest, x86 build)",completed,success,2026-05-29T19:11:30Z,2026-05-29T19:17:15Z,345,2732a858ca9215157823e302d8efb726a321593b
78565030640,26655281959,ci-1-core,"core (windows-latest, x86 build)",completed,success,2026-05-29T18:44:02Z,2026-05-29T18:51:39Z,457,13d71c909633eedc680623b6548985851c6a6d7a
78563764469,26655255200,ci-1-core,"core (windows-latest, x86 build)",completed,cancelled,2026-05-29T18:36:10Z,2026-05-29T18:36:10Z,0,222b9a2054fc78f6421181336ddc67abfda461a2
78562915912,26642741151,ci-1-core,"core (windows-latest, x86 build)",completed,success,2026-05-29T18:31:02Z,2026-05-29T18:38:45Z,463,373aff69a803bb5c9abbe85761849aee3331fc31
78562091788,26642316198,ci-1-core,"core (windows-latest, x86 build)",completed,success,2026-05-29T18:25:59Z,2026-05-29T18:31:35Z,336,db663929d1b2ace0cbbada9c6ece73b0ea4f8ca8
78520110171,26642146452,ci-1-core,"core (windows-latest, x86 build)",completed,skipped,2026-05-29T14:22:39Z,2026-05-29T14:22:39Z,0,24ac1055101b0e15abe5cb26d725b8b6488ad1fb
78664712345,26685974741,ci-1-core,"core (windows-latest, x86 build)",completed,skipped,2026-05-30T17:16:11Z,2026-05-30T17:16:11Z,0,a7751c3b71db0028c1d056dde64f3dec10c12587
78653197866,26685431684,ci-1-core,"core (windows-latest, x86 build)",completed,success,2026-05-30T13:56:41Z,2026-05-30T14:03:25Z,404,8ca4ec977d0d6a3ed626e93d8fe2a547e32b84ca
78652744281,26685425882,ci-1-core,"core (windows-latest, x86 build)",completed,cancelled,2026-05-30T13:48:14Z,2026-05-30T13:48:13Z,-1,c702171d3e2db5eba47fe620c9f1cfaa750f7cdc
78651867828,26684930978,ci-1-core,"core (windows-latest, x86 build)",completed,success,2026-05-30T13:32:23Z,2026-05-30T13:38:59Z,396,ab8f793a4e94ebbb583dd1f7c7ec447dae68a843
78651947434,26684749721,ci-1-core,"core (windows-latest, x86 build)",completed,success,2026-05-30T13:35:17Z,2026-05-30T13:41:39Z,382,209bd26e8b10263fb0340d993f2899ea455b5dbd
78652227044,26684505106,ci-1-core,"core (windows-latest, x86 build)",completed,skipped,2026-05-30T13:38:36Z,2026-05-30T13:38:36Z,0,4119b84ae0f8960199aa5bf799fde6648d1a4473
78651885797,26684390505,ci-1-core,"core (windows-latest, x86 build)",completed,success,2026-05-30T13:33:42Z,2026-05-30T13:39:37Z,355,71d301d0705a2bc53c02bfe91a3098658ef7a9a4
78652211596,26684367482,ci-1-core,"core (windows-latest, x86 build)",completed,skipped,2026-05-30T13:38:20Z,2026-05-30T13:38:19Z,-1,d650db3a7f8963143cd7614f8841afb09b510ce5
78649681907,26684078734,ci-1-core,"core (windows-latest, x86 build)",completed,success,2026-05-30T12:50:15Z,2026-05-30T12:55:58Z,343,8801ca672e938090a55263b26bb8341b7d3f9e39
78649246401,26684071670,ci-1-core,"core (windows-latest, x86 build)",completed,cancelled,2026-05-30T12:41:49Z,2026-05-30T12:41:48Z,-1,862d61351e39adf0ab94b95adcb1277be2602400
78649238266,26684062892,ci-1-core,"core (windows-latest, x86 build)",completed,cancelled,2026-05-30T12:41:39Z,2026-05-30T12:41:39Z,0,6f1e47198ac258feb2ca97c75b023b6d2c0e9209
78649712869,26683970895,ci-1-core,"core (windows-latest, x86 build)",completed,success,2026-05-30T12:50:53Z,2026-05-30T12:57:24Z,391,2e857991dd4ffe48a4c15a670c4dd16978be370b
78648248881,26683542541,ci-1-core,"core (windows-latest, x86 build)",completed,success,2026-05-30T12:23:02Z,2026-05-30T12:29:08Z,366,88b86aaced357586377ffa1cab9409725dd160b3
78647832293,26683534753,ci-1-core,"core (windows-latest, x86 build)",completed,cancelled,2026-05-30T12:14:43Z,2026-05-30T12:14:42Z,-1,a80c0fd12b2d3a5c67db54cb249f78cf7a3c2f24
78647812038,26683528686,ci-1-core,"core (windows-latest, x86 build)",completed,cancelled,2026-05-30T12:14:18Z,2026-05-30T12:14:17Z,-1,b4bc8d6fea7aa1af286a3f92caf03f1343528838
78648306842,26683121207,ci-1-core,"core (windows-latest, x86 build)",completed,skipped,2026-05-30T12:24:07Z,2026-05-30T12:24:07Z,0,0e00cca91388b944ed06028acf86e296ae16c219
78648504698,26683041327,ci-1-core,"core (windows-latest, x86 build)",completed,success,2026-05-30T12:28:03Z,2026-05-30T12:34:03Z,360,36c7e0c2d3d2c3dc2fedd60597642cff5a309dbf
78648551774,26682934480,ci-1-core,"core (windows-latest, x86 build)",completed,success,2026-05-30T12:29:01Z,2026-05-30T12:34:35Z,334,869d4095b0197441aa9e218ff8a4bb5133029783
78648321906,26682820980,ci-1-core,"core (windows-latest, x86 build)",completed,success,2026-05-30T12:24:27Z,2026-05-30T12:30:07Z,340,783df139d02d56da6eee7c372601d647eec7bf76
78645584568,26682504395,ci-1-core,"core (windows-latest, x86 build)",completed,success,2026-05-30T11:28:40Z,2026-05-30T11:32:47Z,247,afd7c8aef057a35d29c8ec786237150a6896fbd5
78645212083,26682494274,ci-1-core,"core (windows-latest, x86 build)",completed,cancelled,2026-05-30T11:20:42Z,2026-05-30T11:20:42Z,0,1b5acd071f3a8f3d944eef2b5d87550f901c1e51
78645926716,26682493233,ci-1-core,"core (windows-latest, x86 build)",completed,success,2026-05-30T11:35:12Z,2026-05-30T11:41:15Z,363,d06967b68e79ac5247d9b5e38b358473bedfe9d2
78645190823,26682487013,ci-1-core,"core (windows-latest, x86 build)",completed,cancelled,2026-05-30T11:20:16Z,2026-05-30T11:20:16Z,0,544a04b5d422f9162993e0909483948837d677ac
78645646476,26682365835,ci-1-core,"core (windows-latest, x86 build)",completed,success,2026-05-30T11:29:55Z,2026-05-30T11:36:27Z,392,cbefd16af9281739d265602328dfb59607df7092
78645688907,26682339355,ci-1-core,"core (windows-latest, x86 build)",completed,success,2026-05-30T11:30:39Z,2026-05-30T11:36:43Z,364,f2a13ba8312bc085084aac4e56fea58bf9763f4a
78644176888,26680694216,ci-1-core,"core (windows-latest, x86 build)",completed,success,2026-05-30T10:59:16Z,2026-05-30T11:05:34Z,378,53a5e366af8cda091aac7d6f9fed773416cdc6a4
78644183969,26680646105,ci-1-core,"core (windows-latest, x86 build)",completed,success,2026-05-30T10:59:20Z,2026-05-30T11:05:17Z,357,f88b88a88f32dece25c077b5ee3829b6fdb2205f
78644133334,26680469785,ci-1-core,"core (windows-latest, x86 build)",completed,success,2026-05-30T10:58:16Z,2026-05-30T11:02:12Z,236,08ddea7d205548658eadd1f1718b43f20e13c1f8
78639910210,26680349417,ci-1-core,"core (windows-latest, x86 build)",completed,success,2026-05-30T09:33:45Z,2026-05-30T09:40:05Z,380,44923e6c7369b81ddd64a5e581acdf21be67095b
78639220638,26679894636,ci-1-core,"core (windows-latest, x86 build)",completed,success,2026-05-30T09:19:45Z,2026-05-30T09:25:44Z,359,266ed3e7e1e34de4ce54bc0b086ebc54861080cd
78638201034,26679692530,ci-1-core,"core (windows-latest, x86 build)",completed,success,2026-05-30T08:59:47Z,2026-05-30T09:05:15Z,328,68e02ca2168f2939d961299c37d1544f2c860a52
78637811751,26679686730,ci-1-core,"core (windows-latest, x86 build)",completed,cancelled,2026-05-30T08:52:05Z,2026-05-30T08:52:05Z,0,b7c4cb7a1df41da8bcf5e03686b2cdf3bad7cc8f
78637786135,26679680678,ci-1-core,"core (windows-latest, x86 build)",completed,cancelled,2026-05-30T08:51:36Z,2026-05-30T08:51:36Z,0,e8721d949a2300f4d54af4dbe8c7cb21f2172f82
78637025977,26679238727,ci-1-core,"core (windows-latest, x86 build)",completed,success,2026-05-30T08:37:25Z,2026-05-30T08:43:07Z,342,faaa3cb8b2812a32ce0a637fd6172de81ecf1303
78636994755,26679121852,ci-1-core,"core (windows-latest, x86 build)",completed,success,2026-05-30T08:36:46Z,2026-05-30T08:42:32Z,346,5173f1313dab03ccbcdf863da6ddee8212c597e1
78636205837,26678454519,ci-1-core,"core (windows-latest, x86 build)",completed,success,2026-05-30T08:21:02Z,2026-05-30T08:26:16Z,314,7c94eb114900da2cca3b9251abe1c188ce34af7f
78634307227,26677277105,ci-1-core,"core (windows-latest, x86 build)",completed,skipped,2026-05-30T07:43:28Z,2026-05-30T07:43:27Z,-1,343c09a72760bceea11b312a11b1aef808f43fa0
78636212081,26677199300,ci-1-core,"core (windows-latest, x86 build)",completed,success,2026-05-30T08:21:10Z,2026-05-30T08:26:49Z,339,727dd0f5e0b262366f35fd1dbba687c6a4af9353
78636251274,26677153267,ci-1-core,"core (windows-latest, x86 build)",completed,skipped,2026-05-30T08:21:51Z,2026-05-30T08:21:51Z,0,b27f2f4cf771eef34040d5a1589febc2c204ec83
78631263420,26677058567,ci-1-core,"core (windows-latest, x86 build)",completed,skipped,2026-05-30T06:46:42Z,2026-05-30T06:46:41Z,-1,c1560416dcd419ffc84963867dcf72a4334f379e
78714825911,26708370097,ci-1-core,"core (windows-latest, x86 build)",completed,success,2026-05-31T09:18:24Z,2026-05-31T09:25:39Z,435,adea407fb20c283527a8275f391953ca4b1f198a
78713757985,26708164872,ci-1-core,"core (windows-latest, x86 build)",completed,success,2026-05-31T08:59:32Z,2026-05-31T09:06:16Z,404,13ac754df3153524336ebeb48da19432ecdbba7c
78713196096,26707903590,ci-1-core,"core (windows-latest, x86 build)",completed,success,2026-05-31T08:49:19Z,2026-05-31T08:56:07Z,408,b72237e7c58833c43122d1f80f9854d547b770ba
78712193785,26707631798,ci-1-core,"core (windows-latest, x86 build)",completed,success,2026-05-31T08:31:17Z,2026-05-31T08:37:56Z,399,2563efcc092ac619d4f877bb01a5a6de42bbb3bc
78711830965,26707625654,ci-1-core,"core (windows-latest, x86 build)",completed,cancelled,2026-05-31T08:24:25Z,2026-05-31T08:24:25Z,0,099b39a02b85d30e63dc6a1795912791abb1b5b4
78711824419,26707620650,ci-1-core,"core (windows-latest, x86 build)",completed,cancelled,2026-05-31T08:24:17Z,2026-05-31T08:24:17Z,0,549112232834374f3e1003f0439eb45a5f3c5a6d
78711800541,26707614087,ci-1-core,"core (windows-latest, x86 build)",completed,cancelled,2026-05-31T08:23:49Z,2026-05-31T08:23:49Z,0,207005b5fd2bacdebf029a398d928ff95be58e0a
78711794974,26707606162,ci-1-core,"core (windows-latest, x86 build)",completed,cancelled,2026-05-31T08:23:43Z,2026-05-31T08:23:43Z,0,d961ee1e79bd2c8feb4dcf3824fb8b561d4ed1c6
78711032032,26705683380,ci-1-core,"core (windows-latest, x86 build)",completed,success,2026-05-31T08:09:38Z,2026-05-31T08:14:33Z,295,82c36ef598e0c86f71712971ebe87771b86eed35
78710829603,26705531798,ci-1-core,"core (windows-latest, x86 build)",completed,success,2026-05-31T08:06:04Z,2026-05-31T08:12:51Z,407,f3f28f426a2cc3539ad157278a37088752141c28
78711216764,26705434557,ci-1-core,"core (windows-latest, x86 build)",completed,success,2026-05-31T08:13:01Z,2026-05-31T08:20:10Z,429,3d70ab4703693088a1516c35e669f9192fa28c85
78710822791,26705352309,ci-1-core,"core (windows-latest, x86 build)",completed,success,2026-05-31T08:05:58Z,2026-05-31T08:12:11Z,373,e92df729286029e90a24d31844d9c5b903f151a5
78710587012,26705339930,ci-1-core,"core (windows-latest, x86 build)",completed,success,2026-05-31T08:04:20Z,2026-05-31T08:10:57Z,397,50b1a7d11840cbade7b2636b8803a68ae1dca51d
78705257086,26705125249,ci-1-core,"core (windows-latest, x86 build)",completed,success,2026-05-31T06:23:17Z,2026-05-31T06:30:36Z,439,e4c6cad6ee4a2147c3863a9f9b5a9678e711af53
78667777028,26691015455,ci-1-core,"core (windows-latest, x86 build)",completed,success,2026-05-30T18:10:21Z,2026-05-30T18:17:08Z,407,d819123803d87199ab6737196212ecae42973eda
78667316744,26690988613,ci-1-core,"core (windows-latest, x86 build)",completed,cancelled,2026-05-30T18:01:59Z,2026-05-30T18:01:59Z,0,53ce15eae857181e9c73d01f006ee3c197c63bbc
78667818100,26690212097,ci-1-core,"core (windows-latest, x86 build)",completed,skipped,2026-05-30T18:11:05Z,2026-05-30T18:11:04Z,-1,5c9158edbe4d9ba4fe0f2787f7add711cd9d53fa
78799631991,26739405045,ci-1-core,"core (windows-latest, x86 build)",completed,cancelled,2026-06-01T06:41:35Z,2026-06-01T06:41:35Z,0,f5a7a6d2f21f3ab2a21cf90f05608c0f6c7dde16
78795053098,26737635903,ci-1-core,"core (windows-latest, x86 build)",completed,skipped,2026-06-01T05:59:23Z,2026-06-01T05:59:22Z,-1,f79e627fd0acf6e8d88ae76dc5e5c2be8290c6fc
78794103981,26737623120,ci-1-core,"core (windows-latest, x86 build)",completed,cancelled,2026-06-01T05:49:43Z,2026-06-01T05:49:43Z,0,33d9551eafa4a60df54e433196b8b946fe31bde4
78795163409,26721731523,ci-1-core,"core (windows-latest, x86 build)",completed,success,2026-06-01T06:00:24Z,2026-06-01T06:08:22Z,478,b68fa53d771ff5dfd64946b05bc4d6ffcf4eaaf4
78795147201,26721367080,ci-1-core,"core (windows-latest, x86 build)",completed,success,2026-06-01T06:00:17Z,2026-06-01T06:08:29Z,492,d6176aea93e7dfccf11a1df6474193f27743cd59
78748807932,26721079802,ci-1-core,"core (windows-latest, x86 build)",completed,success,2026-05-31T18:48:41Z,2026-05-31T18:56:50Z,489,f91ef67f828eb9471152b98e8a4984c789e37dde
78748804045,26719998105,ci-1-core,"core (windows-latest, x86 build)",completed,success,2026-05-31T18:48:39Z,2026-05-31T18:55:22Z,403,734a4d45495dfcac117c95983ee4ed14ff846505
78745646754,26719933998,ci-1-core,"core (windows-latest, x86 build)",completed,success,2026-05-31T17:58:42Z,2026-05-31T18:08:02Z,560,8b72eb9d17bd351c7644f99aa35c3bda91a2e5f7
78745665935,26719930774,ci-1-core,"core (windows-latest, x86 build)",completed,skipped,2026-05-31T17:58:59Z,2026-05-31T17:58:59Z,0,3526ad7b442183e26af4e66747af0620f373b518
78746070509,26719861508,ci-1-core,"core (windows-latest, x86 build)",completed,success,2026-05-31T18:05:22Z,2026-05-31T18:10:08Z,286,9aa86eb74faae0aa1aa69d05afade5b11d1ce5e4
78745772912,26719790996,ci-1-core,"core (windows-latest, x86 build)",completed,success,2026-05-31T18:00:38Z,2026-05-31T18:07:10Z,392,4fcee4128024c3076d2f861d8de853bd670ed328
78743867200,26719270755,ci-1-core,"core (windows-latest, x86 build)",completed,success,2026-05-31T17:29:34Z,2026-05-31T17:36:49Z,435,4be0ad2d71e117506c84696332e62cac00b91aff
78741299745,26718308092,ci-1-core,"core (windows-latest, x86 build)",completed,success,2026-05-31T16:47:36Z,2026-05-31T16:54:57Z,441,98ee2c341245b3820eb6b6694c15e5a4cc4b4c61
78740736977,26718290003,ci-1-core,"core (windows-latest, x86 build)",completed,cancelled,2026-05-31T16:38:35Z,2026-05-31T16:38:34Z,-1,12cba20e350b67f8d666a425e598f31a2ebdad0f
78740685841,26718273592,ci-1-core,"core (windows-latest, x86 build)",completed,cancelled,2026-05-31T16:37:46Z,2026-05-31T16:37:46Z,0,608c6093f1c9bfb8b2aaca37ece003b58018a75e
78740641104,26718236643,ci-1-core,"core (windows-latest, x86 build)",completed,cancelled,2026-05-31T16:37:02Z,2026-05-31T16:37:02Z,0,77f18a10cfbaa1c33252d07f8baba39286083dd4
78743773518,26717949591,ci-1-core,"core (windows-latest, x86 build)",completed,success,2026-05-31T17:28:02Z,2026-05-31T17:35:29Z,447,d0e479763d6b27aa8df5399a9b65c9932d2c2d95
78738352752,26715571403,ci-1-core,"core (windows-latest, x86 build)",completed,success,2026-05-31T16:00:11Z,2026-05-31T16:07:28Z,437,0d4348ea46233bb107e0607219ab24fb86e10be3
78738947423,26715297208,ci-1-core,"core (windows-latest, x86 build)",completed,success,2026-05-31T16:09:46Z,2026-05-31T16:16:59Z,433,b6f9535135d5ddbe1afe1fcbddc99bff0f2fb6bf
78739018094,26715207732,ci-1-core,"core (windows-latest, x86 build)",completed,skipped,2026-05-31T16:10:51Z,2026-05-31T16:10:50Z,-1,cfc45de5eaa780762c74bdfcd9b093dc0786228c
78739167213,26715182267,ci-1-core,"core (windows-latest, x86 build)",completed,success,2026-05-31T16:13:19Z,2026-05-31T16:20:55Z,456,0cfd0eac8be9fe82c41e50f138b6f6b9dcebc75d
78739131670,26715069769,ci-1-core,"core (windows-latest, x86 build)",completed,success,2026-05-31T16:12:42Z,2026-05-31T16:19:46Z,424,d771b174d93cd1c958e04df463b1615f03e77652
78738360249,26714618108,ci-1-core,"core (windows-latest, x86 build)",completed,skipped,2026-05-31T16:00:10Z,2026-05-31T16:00:10Z,0,ef4da5900b5c2ad56a4d1e74b196357e4eecc733
78738356099,26714613263,ci-1-core,"core (windows-latest, x86 build)",completed,skipped,2026-05-31T16:00:08Z,2026-05-31T16:00:07Z,-1,69c290c638ecc2480c639bab4454affc2a9b1a0e
78731317549,26714571472,ci-1-core,"core (windows-latest, x86 build)",completed,success,2026-05-31T14:05:50Z,2026-05-31T14:12:52Z,422,8968b9d3768d6728e887e36019cf1846553010a9
78730769887,26714562154,ci-1-core,"core (windows-latest, x86 build)",completed,cancelled,2026-05-31T13:56:51Z,2026-05-31T13:56:50Z,-1,6b3b8c38fe9b54008edb25e88ed02117f493c500
78730735740,26714553676,ci-1-core,"core (windows-latest, x86 build)",completed,cancelled,2026-05-31T13:56:15Z,2026-05-31T13:56:14Z,-1,202c7007ce7319527a29fdf57d25fc6e1c000f3c
78730722651,26714542474,ci-1-core,"core (windows-latest, x86 build)",completed,cancelled,2026-05-31T13:56:02Z,2026-05-31T13:56:02Z,0,e64faada6e70a53627810134176994031b4cc913
78731342958,26712408891,ci-1-core,"core (windows-latest, x86 build)",completed,skipped,2026-05-31T14:06:13Z,2026-05-31T14:06:12Z,-1,01afda590c396eb8022c48e649f3ad6f54b9bf8b
78725203856,26712246786,ci-1-core,"core (windows-latest, x86 build)",completed,success,2026-05-31T12:24:40Z,2026-05-31T12:31:56Z,436,6a7b391c2d226534bf719938362149c958fc6106
78724893368,26712210268,ci-1-core,"core (windows-latest, x86 build)",completed,success,2026-05-31T12:19:15Z,2026-05-31T12:26:20Z,425,21f15d795f5d710c7fec785d908f9fe2c2d50cc4
78724616965,26712083306,ci-1-core,"core (windows-latest, x86 build)",completed,success,2026-05-31T12:14:16Z,2026-05-31T12:21:29Z,433,dd8591fbb33ad0c07bab17956735e7a5ab84dfdf
78724271640,26711984472,ci-1-core,"core (windows-latest, x86 build)",completed,success,2026-05-31T12:08:08Z,2026-05-31T12:15:46Z,458,8970de0f11b9d9603bc6a3de491dcd0bb63d344d
78723741614,26711827627,ci-1-core,"core (windows-latest, x86 build)",completed,cancelled,2026-05-31T11:59:10Z,2026-05-31T11:59:10Z,0,18703cd9607f8031a79d541a72e36f580918d7ef
78724207768,26711800067,ci-1-core,"core (windows-latest, x86 build)",completed,success,2026-05-31T12:06:57Z,2026-05-31T12:14:48Z,471,9071425b94e3cf46ee26fe20a050708b5b2b333f
78723331549,26711676729,ci-1-core,"core (windows-latest, x86 build)",completed,cancelled,2026-05-31T11:51:38Z,2026-05-31T11:51:38Z,0,d559e805303fca61b2b9ba2f3debeae0144b32c3
78722934441,26711542507,ci-1-core,"core (windows-latest, x86 build)",completed,cancelled,2026-05-31T11:44:23Z,2026-05-31T11:44:23Z,0,1d18184d8640478c4d360f53b65dda8f3cd04aa6
78722887725,26711398162,ci-1-core,"core (windows-latest, x86 build)",completed,success,2026-05-31T11:43:33Z,2026-05-31T11:50:29Z,416,853d66e44dbbd979a22c0c03e5c6db1c633ef393
78722357797,26711279672,ci-1-core,"core (windows-latest, x86 build)",completed,cancelled,2026-05-31T11:34:14Z,2026-05-31T11:37:54Z,220,a39b25ce1ef0102fb3e51585777d90d80d861aad
78722310140,26711263707,ci-1-core,"core (windows-latest, x86 build)",completed,success,2026-05-31T11:33:26Z,2026-05-31T11:41:20Z,474,2a9c6d73f739fec7b26fc9f7fd78dabf9566e10c
78721875747,26711236249,ci-1-core,"core (windows-latest, x86 build)",completed,cancelled,2026-05-31T11:25:33Z,2026-05-31T11:25:33Z,0,e946f6bf73c3c9dea6d407fbb928e30f9a4aae5c
78722513206,26711207967,ci-1-core,"core (windows-latest, x86 build)",completed,success,2026-05-31T11:37:55Z,2026-05-31T11:43:28Z,333,528225eeebc032cffda3bca4eb79d6afe674d386
78721617771,26711004559,ci-1-core,"core (windows-latest, x86 build)",completed,cancelled,2026-05-31T11:20:46Z,2026-05-31T11:23:19Z,153,e654aaa3a55fc084de08530f534f8b25d43baa41
78722089109,26710892705,ci-1-core,"core (windows-latest, x86 build)",completed,success,2026-05-31T11:31:52Z,2026-05-31T11:39:13Z,441,7079cc4317e64bbec70e908e1672851fc77a3ff2
78721151160,26710720923,ci-1-core,"core (windows-latest, x86 build)",completed,success,2026-05-31T11:12:16Z,2026-05-31T11:18:50Z,394,07c6df606f4a4139396639c4a63aa5ac74f601b2
78720770039,26710668261,ci-1-core,"core (windows-latest, x86 build)",completed,success,2026-05-31T11:06:10Z,2026-05-31T11:11:30Z,320,8c044a84e1e83644f8387af5e4719f7d3c2d8776
78720854603,26710625111,ci-1-core,"core (windows-latest, x86 build)",completed,skipped,2026-05-31T11:06:50Z,2026-05-31T11:06:50Z,0,0373c77efeed3215bd8933e38547febc91b0b28f
78720800272,26710299602,ci-1-core,"core (windows-latest, x86 build)",completed,success,2026-05-31T11:06:59Z,2026-05-31T11:14:00Z,421,6627cda23579be6a23b78a57c6291fef37c1f75e
78720352746,26710284992,ci-1-core,"core (windows-latest, x86 build)",completed,success,2026-05-31T10:59:12Z,2026-05-31T11:07:12Z,480,d964bbbc50f3368529376809333f55c79d2cd1b8
78720045123,26710284587,ci-1-core,"core (windows-latest, x86 build)",completed,cancelled,2026-05-31T10:52:49Z,2026-05-31T10:56:21Z,212,52df4dbf059fe7f136eae984c122321fa877ea0b
78719481347,26710215790,ci-1-core,"core (windows-latest, x86 build)",completed,success,2026-05-31T10:43:00Z,2026-05-31T10:49:53Z,413,cf782bd70c6e35f66221035f615b7655eec82feb
78718948976,26710213138,ci-1-core,"core (windows-latest, x86 build)",completed,cancelled,2026-05-31T10:33:36Z,2026-05-31T10:33:35Z,-1,387e805a3b5ba351544e3a75697898b0e85a12c1
78821792557,26745586152,ci-1-core,"core (windows-latest, x86 build)",completed,success,2026-06-01T09:16:31Z,2026-06-01T09:25:55Z,564,a4f22536d9d32204becda6efd1a03641fbb221c3
78820116445,26745576676,ci-1-core,"core (windows-latest, x86 build)",completed,cancelled,2026-06-01T09:05:53Z,2026-06-01T09:05:53Z,0,2f534605976dd90e606e4fdd5a935dd4936eea55
78820093859,26745561369,ci-1-core,"core (windows-latest, x86 build)",completed,cancelled,2026-06-01T09:05:45Z,2026-06-01T09:05:44Z,-1,0eeee3dcd770cca45b780f2c34148d09db27408c
78821858447,26744959963,ci-1-core,"core (windows-latest, x86 build)",completed,success,2026-06-01T09:16:55Z,2026-06-01T09:26:01Z,546,584c7ad7a275377307ad3b2e4fd386df1d321591
78821719025,26744493554,ci-1-core,"core (windows-latest, x86 build)",completed,success,2026-06-01T09:16:07Z,2026-06-01T09:25:49Z,582,c0d2d3f85ec46bb24b8e76e8006d40a2a92abadb
78816134877,26743775159,ci-1-core,"core (windows-latest, x86 build)",completed,success,2026-06-01T08:41:16Z,2026-06-01T08:49:50Z,514,d52ad4994465a9b5f32a4ce92ea863f5af596409
78816289327,26743615443,ci-1-core,"core (windows-latest, x86 build)",completed,success,2026-06-01T08:42:17Z,2026-06-01T08:51:11Z,534,0105129dba6ebc135758cbb0dd8b330b9cda88a0
78815112063,26743610534,ci-1-core,"core (windows-latest, x86 build)",completed,success,2026-06-01T08:38:21Z,2026-06-01T08:46:39Z,498,27945d2ff15c7d70581e0d7d6da8f00aa7c01a4a
78815033689,26743381836,ci-1-core,"core (windows-latest, x86 build)",completed,success,2026-06-01T08:34:21Z,2026-06-01T08:43:42Z,561,a4ca8b6b53fc367f7b23bb3aeed3438c5ac25019
78815091625,26743039435,ci-1-core,"core (windows-latest, x86 build)",completed,success,2026-06-01T08:37:48Z,2026-06-01T08:45:56Z,488,e269d19427291732603e070e1b50f879485ffeb1
78811335874,26742509488,ci-1-core,"core (windows-latest, x86 build)",completed,success,2026-06-01T08:09:11Z,2026-06-01T08:17:40Z,509,7371bf250cc22eaacbc5c6d3ac1e9608c4f44365
78809749698,26742475909,ci-1-core,"core (windows-latest, x86 build)",completed,cancelled,2026-06-01T07:58:18Z,2026-06-01T07:58:17Z,-1,2e96938841dfbe10a2c316077c7b6cc18c61a65d
78809605607,26742456210,ci-1-core,"core (windows-latest, x86 build)",completed,cancelled,2026-06-01T07:57:19Z,2026-06-01T07:57:19Z,0,d413732eded6fdfaf5f487e27722224ebde5bfd6
78811346703,26742242138,ci-1-core,"core (windows-latest, x86 build)",completed,skipped,2026-06-01T08:09:11Z,2026-06-01T08:09:11Z,0,87c3411c71b49d780b7ccc36cca19b54479262a2
78811277597,26742187582,ci-1-core,"core (windows-latest, x86 build)",completed,success,2026-06-01T08:08:45Z,2026-06-01T08:17:08Z,503,cd72ede4aced1982257418d38f7b64c92674b839
78806214164,26741010641,ci-1-core,"core (windows-latest, x86 build)",completed,skipped,2026-06-01T07:33:03Z,2026-06-01T07:33:02Z,-1,4b05629bfe35da94896bff4469de0ad7fbbb6d84
78804823503,26740997461,ci-1-core,"core (windows-latest, x86 build)",completed,cancelled,2026-06-01T07:22:51Z,2026-06-01T07:22:51Z,0,26f82a156b528d2e116fe294496401ebc9875ddf
78806049845,26740992797,ci-1-core,"core (windows-latest, x86 build)",completed,success,2026-06-01T07:37:50Z,2026-06-01T07:46:34Z,524,8dc7e7a9c2fc13d092185d0ce7693d937a376320
78806178103,26740869155,ci-1-core,"core (windows-latest, x86 build)",completed,success,2026-06-01T07:36:24Z,2026-06-01T07:45:21Z,537,e3e0ffb2b8c29c46786013cd919040755e2a9aa3
78807594661,26740577964,ci-1-core,"core (windows-latest, x86 build)",completed,success,2026-06-01T07:43:04Z,2026-06-01T07:51:07Z,483,29383fd0d4e13f2b4111f63915873b4bdc8fbc76
78807128750,26740432784,ci-1-core,"core (windows-latest, x86 build)",completed,success,2026-06-01T07:39:44Z,2026-06-01T07:46:20Z,396,1d82405d7be6416dc6c2d42e9e296115ef43af3a
78807567266,26740361998,ci-1-core,"core (windows-latest, x86 build)",completed,success,2026-06-01T07:42:52Z,2026-06-01T07:51:21Z,509,68c95a1c674599cf164fdf1bfbf5434f6238c77e
79031928474,26808449063,ci-1-core,"core (windows-latest, x86 build)",completed,cancelled,2026-06-02T08:38:20Z,2026-06-02T08:38:19Z,-1,f9e92d33201b6a9c0c298113cc0cf7b1b96d108c
79031882463,26808013165,ci-1-core,"core (windows-latest, x86 build)",completed,cancelled,2026-06-02T08:38:03Z,2026-06-02T08:38:03Z,0,a58567a9c53575401073690f5feecdf93fd0b793
79028109739,26806821935,ci-1-core,"core (windows-latest, x86 build)",completed,success,2026-06-02T08:15:44Z,2026-06-02T08:25:21Z,577,3144bd76b49317ca1ec1d93c69fb40e4986e3945
79030690037,26806393616,ci-1-core,"core (windows-latest, x86 build)",completed,cancelled,2026-06-02T08:31:02Z,2026-06-02T08:31:02Z,0,da6cb62e6e33690c04be91c78c02c6d0db7592be
79028318729,26806388279,ci-1-core,"core (windows-latest, x86 build)",completed,success,2026-06-02T08:22:45Z,2026-06-02T08:32:54Z,609,ef3c506607428a1e98f337292cc56fbafc3f9bcb
79028802920,26806222666,ci-1-core,"core (windows-latest, x86 build)",completed,success,2026-06-02T08:21:28Z,2026-06-02T08:32:09Z,641,9464bcd458d357247d847ce581f1aa89d0d2acfa
79026780023,26806181385,ci-1-core,"core (windows-latest, x86 build)",completed,success,2026-06-02T08:12:31Z,2026-06-02T08:22:31Z,600,59fe6d0365330d60297cd598ed3352e1fa080efb
79025749892,26805524266,ci-1-core,"core (windows-latest, x86 build)",completed,skipped,2026-06-02T08:00:45Z,2026-06-02T08:00:45Z,0,ce1566ef5ad391b6547fc076829967655d19b4a7
79023125875,26805168443,ci-1-core,"core (windows-latest, x86 build)",completed,success,2026-06-02T07:44:16Z,2026-06-02T07:53:44Z,568,1819d9e004dc19b73985efd540cfbe8af3629ed7
79023744969,26805063045,ci-1-core,"core (windows-latest, x86 build)",completed,skipped,2026-06-02T07:48:15Z,2026-06-02T07:48:14Z,-1,b5c8264f20c3a6df96ee23f4a37b5007bdc285a3
79022290221,26805061633,ci-1-core,"core (windows-latest, x86 build)",completed,skipped,2026-06-02T07:38:50Z,2026-06-02T07:38:50Z,0,bdbde1ea78bf038ce036e62299795e42fce546fe
79021932464,26804980922,ci-1-core,"core (windows-latest, x86 build)",completed,success,2026-06-02T07:38:46Z,2026-06-02T07:48:46Z,600,c28f9c7854a9b45024a5a1222e1d3eee1b0325ba
79020452699,26804954578,ci-1-core,"core (windows-latest, x86 build)",completed,cancelled,2026-06-02T07:26:46Z,2026-06-02T07:26:46Z,0,2d8198307b45571e7333f019af6ee7e0b6af885c
79020191025,26804611954,ci-1-core,"core (windows-latest, x86 build)",completed,cancelled,2026-06-02T07:25:02Z,2026-06-02T07:25:01Z,-1,cc40fc6abf0c7685e64edaae58efa3b1999a4e21
79020676220,26804594757,ci-1-core,"core (windows-latest, x86 build)",completed,success,2026-06-02T07:28:18Z,2026-06-02T07:38:44Z,626,80b15cc2b054946a923a9030df8b7005dd3d6ec3
79020067679,26804472651,ci-1-core,"core (windows-latest, x86 build)",completed,cancelled,2026-06-02T07:24:09Z,2026-06-02T07:24:09Z,0,cd8e264c45fa71dd000e2bf711bf1fff3d02de72
79017277011,26782746041,ci-1-core,"core (windows-latest, x86 build)",completed,skipped,2026-06-02T07:04:07Z,2026-06-02T07:04:06Z,-1,48ca56c1540fa24cd7afead2a74014b7a0451eaf
79017258296,26782589038,ci-1-core,"core (windows-latest, x86 build)",completed,success,2026-06-02T07:04:00Z,2026-06-02T07:15:01Z,661,58b818185b8a8197fe10adff582b015cf8d54f19
79018389756,26782515269,ci-1-core,"core (windows-latest, x86 build)",completed,skipped,2026-06-02T07:12:21Z,2026-06-02T07:12:21Z,0,3047bf5db489b8bc6994c1ce2aaee3486c7e59df
79017175632,26781840917,ci-1-core,"core (windows-latest, x86 build)",completed,success,2026-06-02T07:03:23Z,2026-06-02T07:13:34Z,611,022bdc83046a18dd605488483a30264bd11d14c6
78947872703,26781276104,ci-1-core,"core (windows-latest, x86 build)",completed,success,2026-06-01T21:01:56Z,2026-06-01T21:11:23Z,567,6f7b4f8652c8f8d9b8b7c1ab7e27d1b3f33dc46d
78945963223,26781258055,ci-1-core,"core (windows-latest, x86 build)",completed,cancelled,2026-06-01T20:51:04Z,2026-06-01T20:51:04Z,0,f0a1c1218729d479eef6ce1c70e3dcfcf0c41f98
78945945010,26781229122,ci-1-core,"core (windows-latest, x86 build)",completed,cancelled,2026-06-01T20:50:58Z,2026-06-01T20:50:57Z,-1,03027d2b5a8da0faa3c4f1e0fcac34ce207a66c6
78945852545,26781200125,ci-1-core,"core (windows-latest, x86 build)",completed,cancelled,2026-06-01T20:50:28Z,2026-06-01T20:50:27Z,-1,938230acd2c9e94d313ba5529e4f02eb079bc4c9
78943475974,26779576109,ci-1-core,"core (windows-latest, x86 build)",completed,success,2026-06-01T20:37:37Z,2026-06-01T20:46:50Z,553,0e5bf416924406adaecf0e51f11ba43f8299009e
78942013154,26779175645,ci-1-core,"core (windows-latest, x86 build)",completed,success,2026-06-01T20:29:33Z,2026-06-01T20:37:54Z,501,b71113304f75ebe2b6485e278abafa6b0ed8e18f
78940396504,26777421785,ci-1-core,"core (windows-latest, x86 build)",completed,success,2026-06-01T20:20:23Z,2026-06-01T20:30:29Z,606,c471a9516e32ad6dd41eb7b2ad1f50781fc8a043
78940367088,26777369791,ci-1-core,"core (windows-latest, x86 build)",completed,success,2026-06-01T20:20:12Z,2026-06-01T20:30:40Z,628,8a1d1bbbf28d638f808403674d43a7229b2494a7
78940605290,26777266350,ci-1-core,"core (windows-latest, x86 build)",completed,success,2026-06-01T20:21:32Z,2026-06-01T20:31:20Z,588,bd495195781fe31c28a7b05e3663d6613b6bea65
78931539967,26772639224,ci-1-core,"core (windows-latest, x86 build)",completed,skipped,2026-06-01T19:30:44Z,2026-06-01T19:30:43Z,-1,923399a281c10e6491f651e941aa738264967cc1
78931503068,26772214710,ci-1-core,"core (windows-latest, x86 build)",completed,skipped,2026-06-01T19:30:31Z,2026-06-01T19:30:31Z,0,32d37c4b279f46193b86e8d08cdc18511bdfd2b8
78930379318,26772002979,ci-1-core,"core (windows-latest, x86 build)",completed,skipped,2026-06-01T19:24:02Z,2026-06-01T19:24:02Z,0,6e3b174f9869c1a41a666f9895d0a31fef29ba9b
78930419669,26771997845,ci-1-core,"core (windows-latest, x86 build)",completed,skipped,2026-06-01T19:24:16Z,2026-06-01T19:24:15Z,-1,857555c6dc2efcf59908488a7d05440b0284d809
78929919124,26771426846,ci-1-core,"core (windows-latest, x86 build)",completed,skipped,2026-06-01T19:21:22Z,2026-06-01T19:21:22Z,0,9396e97b0f1d91bf6947aae7ab87aacf1e244493
78911222943,26770713894,ci-1-core,"core (windows-latest, x86 build)",completed,skipped,2026-06-01T17:37:19Z,2026-06-01T17:37:18Z,-1,bc2c0947b70ed933c6cea811eb9fd10420d45fb2
78906685320,26769418593,ci-1-core,"core (windows-latest, x86 build)",completed,skipped,2026-06-01T17:11:39Z,2026-06-01T17:11:39Z,0,fe053c590a21d637fffa7ee81b3ff427664c70bb
78906566484,26768643690,ci-1-core,"core (windows-latest, x86 build)",completed,success,2026-06-01T17:11:01Z,2026-06-01T17:21:05Z,604,4c24de5fcef878ff7036b10df3facf4cb73fde23
78902688470,26768354956,ci-1-core,"core (windows-latest, x86 build)",completed,cancelled,2026-06-01T16:49:30Z,2026-06-01T16:59:52Z,622,1be7f37a93e286b171eab2255736f21581431296
78900816801,26768347526,ci-1-core,"core (windows-latest, x86 build)",completed,cancelled,2026-06-01T16:38:52Z,2026-06-01T16:38:52Z,0,1b85f122f63441a03700ce6d976b28f590c798ca
78902940662,26768020762,ci-1-core,"core (windows-latest, x86 build)",completed,success,2026-06-01T16:50:52Z,2026-06-01T17:00:48Z,596,a73d3bb2fcbda0c9ecacf3f21c7fd333db72832f
78902805771,26767823677,ci-1-core,"core (windows-latest, x86 build)",completed,success,2026-06-01T16:50:09Z,2026-06-01T17:01:17Z,668,aae315397304187d0b06886dac08b3a7fdc3bb5e
78898405970,26766767077,ci-1-core,"core (windows-latest, x86 build)",completed,success,2026-06-01T16:25:37Z,2026-06-01T16:36:28Z,651,976912bd8d1051e45ecf7ee602072e526fee777f
78896574699,26766604820,ci-1-core,"core (windows-latest, x86 build)",completed,skipped,2026-06-01T16:15:28Z,2026-06-01T16:15:27Z,-1,322c7f0b7d59cbbb4392449aea05e351f44d04e4
78898568962,26766440425,ci-1-core,"core (windows-latest, x86 build)",completed,success,2026-06-01T16:26:30Z,2026-06-01T16:36:47Z,617,4d386f60e9a59177c070f221016eedb6ff538804
78894243612,26765922310,ci-1-core,"core (windows-latest, x86 build)",completed,skipped,2026-06-01T16:03:07Z,2026-06-01T16:03:07Z,0,16474d48c484c3dcac48723368ca0851b1b01c55
78894144092,26765875487,ci-1-core,"core (windows-latest, x86 build)",completed,success,2026-06-01T16:02:40Z,2026-06-01T16:11:51Z,551,0d086d273eb19b90b5dfc805743446ce8df7d25c
78891883239,26764896971,ci-1-core,"core (windows-latest, x86 build)",completed,success,2026-06-01T15:50:58Z,2026-06-01T16:00:51Z,593,ed809b23d83e4b117d92028c97add62cc9c6cefe
78890271492,26764121129,ci-1-core,"core (windows-latest, x86 build)",completed,skipped,2026-06-01T15:42:34Z,2026-06-01T15:42:34Z,0,66a1f5b637ba321391c51cd476701a4bc106b7cf
78890365084,26763624890,ci-1-core,"core (windows-latest, x86 build)",completed,skipped,2026-06-01T15:43:02Z,2026-06-01T15:43:02Z,0,9f47018e84ccbefd66add475d62e3602fb6fcf8e
78890464517,26763028159,ci-1-core,"core (windows-latest, x86 build)",completed,skipped,2026-06-01T15:43:33Z,2026-06-01T15:43:33Z,0,579c4282a5e557272b1357b5f39a35f68d79ec0c
78882462680,26762620827,ci-1-core,"core (windows-latest, x86 build)",completed,success,2026-06-01T15:03:44Z,2026-06-01T15:13:26Z,582,c4f436196c799af6868ac9d02a57ec18c569256f
78882839305,26762449551,ci-1-core,"core (windows-latest, x86 build)",completed,skipped,2026-06-01T15:05:31Z,2026-06-01T15:05:30Z,-1,ca9deb1a8724cbf9ca2e38193fdebad794c5e5a7
78880174193,26762374076,ci-1-core,"core (windows-latest, x86 build)",completed,cancelled,2026-06-01T14:52:47Z,2026-06-01T14:52:46Z,-1,f37ec1bb3a927fcdbe7f7c55812817d83227049d
78880363295,26761588249,ci-1-core,"core (windows-latest, x86 build)",completed,success,2026-06-01T14:53:45Z,2026-06-01T15:03:55Z,610,1439551ac537dbb579b5c7e44adc5e17a284ca75
78876892277,26761133532,ci-1-core,"core (windows-latest, x86 build)",completed,success,2026-06-01T14:37:10Z,2026-06-01T14:46:38Z,568,a8d945dc150265f6afa77a89d130da64708a8baa
78874712465,26760968531,ci-1-core,"core (windows-latest, x86 build)",completed,cancelled,2026-06-01T14:26:52Z,2026-06-01T14:26:52Z,0,0ec3e0e56374f006e8bfacbdc848363cc7de151c
78876764112,26760497620,ci-1-core,"core (windows-latest, x86 build)",completed,success,2026-06-01T14:36:35Z,2026-06-01T14:45:44Z,549,86367d761239e53e4a2fb7996533f891b7026779
78876482361,26759934405,ci-1-core,"core (windows-latest, x86 build)",completed,success,2026-06-01T14:35:34Z,2026-06-01T14:45:47Z,613,96fb1a3207e5b65dca687d02022c958ba05c32a4
78869234251,26759021331,ci-1-core,"core (windows-latest, x86 build)",completed,success,2026-06-01T14:00:29Z,2026-06-01T14:09:40Z,551,ec5290ca6f5b24af985d5bf26e64c89a496d253d
78866887064,26759004631,ci-1-core,"core (windows-latest, x86 build)",completed,cancelled,2026-06-01T13:49:02Z,2026-06-01T13:49:01Z,-1,bd01317c24d32b968c7c215bda57180777034d79
78866877264,26758994943,ci-1-core,"core (windows-latest, x86 build)",completed,cancelled,2026-06-01T13:48:59Z,2026-06-01T13:48:58Z,-1,ca5caff40a2ab41d3ee6eda952e3878455ca976f
78870473278,26755606656,ci-1-core,"core (windows-latest, x86 build)",completed,success,2026-06-01T14:06:26Z,2026-06-01T14:14:00Z,454,788a32faecda3a0b6e70bcef0ec5c731ea156d22
78870776208,26755586600,ci-1-core,"core (windows-latest, x86 build)",completed,skipped,2026-06-01T14:07:51Z,2026-06-01T14:07:51Z,0,97799c5991207d7cba0b30f540cd1057bb05d951
78856155777,26754960820,ci-1-core,"core (windows-latest, x86 build)",completed,skipped,2026-06-01T12:52:31Z,2026-06-01T12:52:31Z,0,3951215eee821e4d4c9886f4af828ae429c47c02
78869135200,26754914514,ci-1-core,"core (windows-latest, x86 build)",completed,success,2026-06-01T14:00:02Z,2026-06-01T14:09:12Z,550,b8cb53adf9623f9a884b238f4ef79858c85e54e7
78856114999,26754742773,ci-1-core,"core (windows-latest, x86 build)",completed,success,2026-06-01T12:52:19Z,2026-06-01T13:02:16Z,597,dfbe1531281d9de939e0e1d7d4387c15d2c1923b
78850084473,26753820574,ci-1-core,"core (windows-latest, x86 build)",completed,success,2026-06-01T12:16:19Z,2026-06-01T12:25:07Z,528,93b9630f3f78134bb81da639f888d8c498340b9d
78850163863,26753450949,ci-1-core,"core (windows-latest, x86 build)",completed,success,2026-06-01T12:16:49Z,2026-06-01T12:26:01Z,552,52e442a5a3fc0578a3b4298df3326317cfef8195
78850100556,26753074068,ci-1-core,"core (windows-latest, x86 build)",completed,skipped,2026-06-01T12:16:22Z,2026-06-01T12:16:21Z,-1,b933cd4240457cc1c74e2d85106c0fb3d1491a78
78851371589,26752957581,ci-1-core,"core (windows-latest, x86 build)",completed,success,2026-06-01T12:25:01Z,2026-06-01T12:33:42Z,521,743c0f9d8f42e7d94393f7c3585054de50e7befa
78846767617,26752853141,ci-1-core,"core (windows-latest, x86 build)",completed,success,2026-06-01T11:56:04Z,2026-06-01T12:04:56Z,532,b5223638dbb5596337ce6d1db8b19df0c977819f
78845032822,26752845280,ci-1-core,"core (windows-latest, x86 build)",completed,cancelled,2026-06-01T11:44:58Z,2026-06-01T11:44:57Z,-1,e4c949b7bdaf088f834c87e3b2d35d1e1147552d
78845008748,26752839300,ci-1-core,"core (windows-latest, x86 build)",completed,cancelled,2026-06-01T11:44:48Z,2026-06-01T11:44:48Z,0,dd14283f95e8924e893875f734383e2840f18d6b
78846785668,26751955073,ci-1-core,"core (windows-latest, x86 build)",completed,success,2026-06-01T11:56:11Z,2026-06-01T12:05:39Z,568,28d230f16c0b16580244bb13e57b80c384f24654
78842741494,26751618356,ci-1-core,"core (windows-latest, x86 build)",completed,success,2026-06-01T11:30:24Z,2026-06-01T11:40:06Z,582,8ccdc58914f548b5fda68f4a44cc4e7b21ad1172
78840914405,26750605407,ci-1-core,"core (windows-latest, x86 build)",completed,skipped,2026-06-01T11:18:33Z,2026-06-01T11:18:33Z,0,c877c4d3a5ac08b3db73099b420ab164c654a153
78839353656,26750584250,ci-1-core,"core (windows-latest, x86 build)",completed,success,2026-06-01T11:09:18Z,2026-06-01T11:17:39Z,501,16a400b520abcc76d72139bcb9cda7e0a8d38eca
78840228303,26750562678,ci-1-core,"core (windows-latest, x86 build)",completed,skipped,2026-06-01T11:14:04Z,2026-06-01T11:14:04Z,0,d96989aa13d91dd3ccb201195d403385693adcaa
78839987465,26750554082,ci-1-core,"core (windows-latest, x86 build)",completed,success,2026-06-01T11:12:32Z,2026-06-01T11:22:01Z,569,517e6764e8fc9c710077176ecf7583b976ac223f
78838302180,26750417967,ci-1-core,"core (windows-latest, x86 build)",completed,success,2026-06-01T11:04:16Z,2026-06-01T11:13:33Z,557,bd75df8188670fcf3fb80d4171576595575091e1
78838676105,26750286725,ci-1-core,"core (windows-latest, x86 build)",completed,success,2026-06-01T11:06:18Z,2026-06-01T11:15:55Z,577,66f23e8b8f77cf7cd3aa44c84dc3f8f04c7ae2c9
78836769758,26749921418,ci-1-core,"core (windows-latest, x86 build)",completed,skipped,2026-06-01T10:51:57Z,2026-06-01T10:51:56Z,-1,0c540eb2f93f2ad43ddb51a46b7ff6c682e0dca0
78836345216,26749055052,ci-1-core,"core (windows-latest, x86 build)",completed,skipped,2026-06-01T10:49:11Z,2026-06-01T10:49:11Z,0,3d257bd64d813420cbbd1e4bc9a2161d548b1218
78833168527,26748941144,ci-1-core,"core (windows-latest, x86 build)",completed,success,2026-06-01T10:28:23Z,2026-06-01T10:37:04Z,521,6b133f79ae5a4a6c90bc1166bf4b925c7a192a6e
78831667569,26748924185,ci-1-core,"core (windows-latest, x86 build)",completed,cancelled,2026-06-01T10:18:13Z,2026-06-01T10:18:13Z,0,013a43d4e904847aea40fbc00a24988c62d35ef6
79070916638,26819693245,ci-1-core,"core (windows-latest, x86 build)",completed,cancelled,2026-06-02T12:29:49Z,2026-06-02T12:29:49Z,0,a01383b2b6217bfe503e86a7a629af74b6ab5d15
79070117183,26818929945,ci-1-core,"core (windows-latest, x86 build)",completed,skipped,2026-06-02T12:25:32Z,2026-06-02T12:25:32Z,0,6535a4dfa1c1fad6a251a53b3d99b6f510288954
79068896638,26818344976,ci-1-core,"core (windows-latest, x86 build)",completed,success,2026-06-02T12:18:51Z,2026-06-02T12:30:00Z,669,f5b94954f1207d20c9d843a5284cadcad86f389c
79068150588,26817756109,ci-1-core,"core (windows-latest, x86 build)",completed,skipped,2026-06-02T12:14:41Z,2026-06-02T12:14:41Z,0,c93ed77333440f605111d3f98469539ce57cec2c
79067379822,26817722492,ci-1-core,"core (windows-latest, x86 build)",completed,skipped,2026-06-02T12:10:10Z,2026-06-02T12:10:09Z,-1,bc45669ff55949caafe72eb14ab9cf2daa2a32ea
79065285553,26817276465,ci-1-core,"core (windows-latest, x86 build)",completed,success,2026-06-02T11:58:02Z,2026-06-02T12:08:44Z,642,626f97bdc743c0d59b6bd5025e8ed0076ac8941d
79063857859,26817162680,ci-1-core,"core (windows-latest, x86 build)",completed,skipped,2026-06-02T11:49:33Z,2026-06-02T11:49:33Z,0,746d2d8e70e2847d55e73a7a6d749bc9b04d75ae
79062413202,26816746545,ci-1-core,"core (windows-latest, x86 build)",completed,skipped,2026-06-02T11:40:53Z,2026-06-02T11:40:53Z,0,e07a20828008bed77ff63093616a33f525d5f4ed
79063436449,26816229574,ci-1-core,"core (windows-latest, x86 build)",completed,skipped,2026-06-02T11:47:02Z,2026-06-02T11:47:01Z,-1,47bd14501352ac2ae34adfe89c1c437cc8fe704a
79064815495,26815946606,ci-1-core,"core (windows-latest, x86 build)",completed,success,2026-06-02T11:55:16Z,2026-06-02T12:06:41Z,685,23838e213ab30db8632b9545a9faefa6a045c051
79060176264,26815942142,ci-1-core,"core (windows-latest, x86 build)",completed,skipped,2026-06-02T11:27:34Z,2026-06-02T11:27:33Z,-1,b038ac9af1156bbf6aafa74a92b549c040cd349a
79059277028,26815849224,ci-1-core,"core (windows-latest, x86 build)",completed,skipped,2026-06-02T11:22:04Z,2026-06-02T11:22:04Z,0,ef30783c9fcbc826d2fd455ba20733e58bce6a41
79058370330,26815543513,ci-1-core,"core (windows-latest, x86 build)",completed,success,2026-06-02T11:16:24Z,2026-06-02T11:27:05Z,641,4bc247308ece22d06d40ed57467cbcddbd35bae6
79058484497,26814628674,ci-1-core,"core (windows-latest, x86 build)",completed,skipped,2026-06-02T11:17:05Z,2026-06-02T11:17:05Z,0,46dcaa999b0a8726a846925ce4ca0568fddb1d04
79054355014,26814041132,ci-1-core,"core (windows-latest, x86 build)",completed,success,2026-06-02T10:51:14Z,2026-06-02T11:01:22Z,608,28eace18ad2b2d7f0195b9be0cbf4cccb538256f
79052964823,26814003496,ci-1-core,"core (windows-latest, x86 build)",completed,success,2026-06-02T10:42:34Z,2026-06-02T10:52:32Z,598,f9b7ebac73e7f8b2ec544335a44e8a53b93e5550
79053015442,26813873395,ci-1-core,"core (windows-latest, x86 build)",completed,skipped,2026-06-02T10:42:51Z,2026-06-02T10:42:51Z,0,c1754230a87daf7d7b779134bddf4ffff5c56ae0
79054420889,26813715190,ci-1-core,"core (windows-latest, x86 build)",completed,skipped,2026-06-02T10:51:36Z,2026-06-02T10:51:36Z,0,d4b14d5d8ed7e84d9760407ab0c71fd5632c1dbf
79050453329,26812964714,ci-1-core,"core (windows-latest, x86 build)",completed,success,2026-06-02T10:27:08Z,2026-06-02T10:37:41Z,633,6dec8be49bd935eebd7437966f3a7e32db187713
79049739270,26812810678,ci-1-core,"core (windows-latest, x86 build)",completed,skipped,2026-06-02T10:22:34Z,2026-06-02T10:22:34Z,0,26d0e4db716b30457dd0a43197e2c160c6b2333a
79049486484,26812765428,ci-1-core,"core (windows-latest, x86 build)",completed,success,2026-06-02T10:21:01Z,2026-06-02T10:31:33Z,632,cefbb134c065f9908837c835c6bda9e25382a6fe
79048725056,26812631307,ci-1-core,"core (windows-latest, x86 build)",completed,success,2026-06-02T10:19:04Z,2026-06-02T10:29:51Z,647,a002f0786e80694b3dee43f842ef87887921393b
79046322464,26812558869,ci-1-core,"core (windows-latest, x86 build)",completed,cancelled,2026-06-02T10:01:46Z,2026-06-02T10:01:46Z,0,ed2ec7916a52e8a044ca1226b80e86d25cab0355
79046037619,26812534260,ci-1-core,"core (windows-latest, x86 build)",completed,cancelled,2026-06-02T10:00:09Z,2026-06-02T10:00:09Z,0,b6ffd622fdddb6fdfff188e6cd2e00028ed9b593
79045956270,26812267724,ci-1-core,"core (windows-latest, x86 build)",completed,cancelled,2026-06-02T09:59:39Z,2026-06-02T09:59:39Z,0,79edb38939c21380e823c44600e3680fd0f6d1e4
79047419985,26812206042,ci-1-core,"core (windows-latest, x86 build)",completed,cancelled,2026-06-02T10:08:16Z,2026-06-02T10:08:23Z,7,e7bc8b038962e31c26fe17f3f650de5c48a16f20
79046176046,26811712514,ci-1-core,"core (windows-latest, x86 build)",completed,skipped,2026-06-02T10:00:54Z,2026-06-02T10:00:54Z,0,619f3d7e61cdba30f8fc6b7c2b971cc303b4ff85
79046143002,26811342555,ci-1-core,"core (windows-latest, x86 build)",completed,success,2026-06-02T10:00:56Z,2026-06-02T10:10:53Z,597,36542bd79ce9069eb81f8e60c2038365d2d8d701
79045832957,26811091726,ci-1-core,"core (windows-latest, x86 build)",completed,success,2026-06-02T10:00:25Z,2026-06-02T10:10:56Z,631,7c0c383f19adb8f1d819b491b85840557f54b5b0
79045202293,26811058532,ci-1-core,"core (windows-latest, x86 build)",completed,success,2026-06-02T09:58:14Z,2026-06-02T10:08:34Z,620,d0cffa7b64c0ba0b5a47f0cd2513bdf3fb6559c0
79044363479,26811031652,ci-1-core,"core (windows-latest, x86 build)",completed,success,2026-06-02T09:50:27Z,2026-06-02T10:01:18Z,651,3ebdfd771b1f99b3abe85096bf8c02976fc4df71
79044355756,26810940859,ci-1-core,"core (windows-latest, x86 build)",completed,skipped,2026-06-02T09:50:12Z,2026-06-02T09:50:12Z,0,904231bfd0ec599ac8222fd91a16ca5890a7d89b
79042900632,26810742790,ci-1-core,"core (windows-latest, x86 build)",completed,skipped,2026-06-02T09:41:40Z,2026-06-02T09:41:40Z,0,ad3c11965b148738427fbd5293a557763405ec53
79040180395,26810251180,ci-1-core,"core (windows-latest, x86 build)",completed,skipped,2026-06-02T09:26:23Z,2026-06-02T09:26:23Z,0,bed3dc4533f9f97c8df95701685860d1a1245f17
79039667538,26810002733,ci-1-core,"core (windows-latest, x86 build)",completed,skipped,2026-06-02T09:23:25Z,2026-06-02T09:23:25Z,0,c389add8ba36c17eb80af23bafaff7addb08a543
79038084915,26809445152,ci-1-core,"core (windows-latest, x86 build)",completed,cancelled,2026-06-02T09:14:11Z,2026-06-02T09:14:11Z,0,69efd18b5be20ae11dab43c4c8447ce7f32cf918
79228014289,26865426480,ci-1-core,"core (windows-latest, x86 build)",completed,cancelled,2026-06-03T05:23:05Z,2026-06-03T05:23:05Z,0,e3abd3bf3b608fa78912bc927f64212ef1fd1972
79165955869,26844684947,ci-1-core,"core (windows-latest, x86 build)",completed,success,2026-06-02T20:28:31Z,2026-06-02T20:39:01Z,630,23a5ab52fff577c3c9182bfc9fea86579449c2ba
79162807314,26844280252,ci-1-core,"core (windows-latest, x86 build)",completed,success,2026-06-02T20:11:16Z,2026-06-02T20:22:52Z,696,4dcc00f160c41d4bd6ba4f8843815435902d5cfa
79157866196,26843205126,ci-1-core,"core (windows-latest, x86 build)",completed,success,2026-06-02T19:44:29Z,2026-06-02T19:55:29Z,660,f3f89a9bc751f3dbb2eacf188247ffba6f55ce2a
79153260443,26841892921,ci-1-core,"core (windows-latest, x86 build)",completed,success,2026-06-02T19:19:19Z,2026-06-02T19:29:59Z,640,9fa7d6c7d22e73fc997eafb71186552fe9dd43ae
79153599630,26839917699,ci-1-core,"core (windows-latest, x86 build)",completed,success,2026-06-02T19:21:09Z,2026-06-02T19:33:06Z,717,f599a67506a93a648a71931d0ceba17c02f4c236
79145987569,26837205929,ci-1-core,"core (windows-latest, x86 build)",completed,success,2026-06-02T18:40:15Z,2026-06-02T18:52:01Z,706,37a1a2be6261dfada894cc4400b06d41b6ee0610
79136002382,26837080987,ci-1-core,"core (windows-latest, x86 build)",completed,success,2026-06-02T17:47:50Z,2026-06-02T17:59:40Z,710,b642ab006fcd2df8349b348848fc3a6b635ebf46
79136132880,26835707173,ci-1-core,"core (windows-latest, x86 build)",completed,success,2026-06-02T17:48:31Z,2026-06-02T17:59:15Z,644,351c1e33e93974d1a6e769ec5e4a3efaca2752e0
79129511479,26835033602,ci-1-core,"core (windows-latest, x86 build)",completed,success,2026-06-02T17:13:19Z,2026-06-02T17:24:57Z,698,874b93265065de7cd33ae41ce0551800d6b54927
79128319994,26834872998,ci-1-core,"core (windows-latest, x86 build)",completed,success,2026-06-02T17:06:56Z,2026-06-02T17:15:43Z,527,7812fd91f652dd5d821b599c9869ed6a1e7718e3
79128347947,26834871564,ci-1-core,"core (windows-latest, x86 build)",completed,cancelled,2026-06-02T17:07:05Z,2026-06-02T17:19:32Z,747,acb0c9f34b684d77481f05ce5acb4fd1e334301f
79122559565,26832896969,ci-1-core,"core (windows-latest, x86 build)",completed,success,2026-06-02T16:36:45Z,2026-06-02T16:48:05Z,680,6b62e4725a6ffeba07a22ed0398a1c0c84a93cdd
79122698064,26832642030,ci-1-core,"core (windows-latest, x86 build)",completed,skipped,2026-06-02T16:37:25Z,2026-06-02T16:37:24Z,-1,1d9ae22408694f2a6141f933c041df5ef33c44b4
79119663250,26832454290,ci-1-core,"core (windows-latest, x86 build)",completed,success,2026-06-02T16:21:59Z,2026-06-02T16:32:54Z,655,98e1e0a83b8fd30f102427db5cd7c50ed442eaad
79117537910,26831686740,ci-1-core,"core (windows-latest, x86 build)",completed,skipped,2026-06-02T16:10:59Z,2026-06-02T16:10:58Z,-1,9f7406cc8a91d4208663a422f440bd9370fd60b6
79113602193,26830100793,ci-1-core,"core (windows-latest, x86 build)",completed,skipped,2026-06-02T15:52:01Z,2026-06-02T15:52:01Z,0,a712e2a7ebdb4db42dc641d7ddcd4b2cf9e38c86
79113458891,26829998622,ci-1-core,"core (windows-latest, x86 build)",completed,skipped,2026-06-02T15:51:20Z,2026-06-02T15:51:20Z,0,d9f76309656625a11832db7581e6d779a565aaba
79113620917,26829922467,ci-1-core,"core (windows-latest, x86 build)",completed,success,2026-06-02T15:52:09Z,2026-06-02T16:03:04Z,655,ece606c18be225e9b1594e01cb1988b4503ab386
79106861466,26828654376,ci-1-core,"core (windows-latest, x86 build)",completed,skipped,2026-06-02T15:20:38Z,2026-06-02T15:20:38Z,0,a52622b0eb70ab6c82ee5c584f8fe8e644b1fab1
79105608426,26828406671,ci-1-core,"core (windows-latest, x86 build)",completed,skipped,2026-06-02T15:14:57Z,2026-06-02T15:14:56Z,-1,abcc0e0b3395434a94ceeb1e3ca4e6644a7018cf
79104975831,26828321062,ci-1-core,"core (windows-latest, x86 build)",completed,skipped,2026-06-02T15:12:03Z,2026-06-02T15:12:03Z,0,6c9839263a7fdfaa6768b36dbf4e2379efd3edd0
79099852589,26826970897,ci-1-core,"core (windows-latest, x86 build)",completed,cancelled,2026-06-02T14:49:20Z,2026-06-02T14:59:35Z,615,7aec0587c7c15af184aa28aa24d101aab1c7111e
79097127362,26826920198,ci-1-core,"core (windows-latest, x86 build)",completed,cancelled,2026-06-02T14:37:06Z,2026-06-02T14:37:06Z,0,b894ccb83559c3ab50de149c4ec39e05b8bc711f
79099839968,26824260880,ci-1-core,"core (windows-latest, x86 build)",completed,success,2026-06-02T14:49:17Z,2026-06-02T14:59:35Z,618,468d2a9d329187a820937173960c6c4f00df0986
79087525093,26823612400,ci-1-core,"core (windows-latest, x86 build)",completed,success,2026-06-02T13:53:46Z,2026-06-02T14:04:11Z,625,d8f3fa16f62cc04ed33bad1fcdaf4ffcbf982e08
79084775002,26823592136,ci-1-core,"core (windows-latest, x86 build)",completed,cancelled,2026-06-02T13:40:47Z,2026-06-02T13:40:47Z,0,d8f0b81bf03efe0951a8523eb5739eafbc9b500c
79087404682,26821269673,ci-1-core,"core (windows-latest, x86 build)",completed,success,2026-06-02T13:53:13Z,2026-06-02T14:03:56Z,643,20c80e1c99e754fd9210bd2f1d2e4ac5314ccee5
79089444329,26821240221,ci-1-core,"core (windows-latest, x86 build)",completed,success,2026-06-02T14:02:28Z,2026-06-02T14:14:04Z,696,75e76971eced4203d27e130ec984c8f8a519538d
79087582173,26820895119,ci-1-core,"core (windows-latest, x86 build)",completed,success,2026-06-02T13:54:01Z,2026-06-02T14:00:11Z,370,6285b747eb752ef5722b85b04eac2f86122d6d3d
79253073204,26872175866,ci-1-core,"core (windows-latest, x86 build)",completed,skipped,2026-06-03T08:29:22Z,2026-06-03T08:29:22Z,0,a7f98450d3bbcb3d58dfc68c55398c06ab5755c4
79249661092,26872038409,ci-1-core,"core (windows-latest, x86 build)",completed,cancelled,2026-06-03T08:08:26Z,2026-06-03T08:08:26Z,0,0917b0ba6a220c12ab8f09de43d909e6c46ef56f
79249368395,26871038828,ci-1-core,"core (windows-latest, x86 build)",completed,skipped,2026-06-03T08:06:36Z,2026-06-03T08:06:36Z,0,d815d699fc819972f13ad9ba024851cc3eeda123
79249340958,26871030219,ci-1-core,"core (windows-latest, x86 build)",completed,cancelled,2026-06-03T08:06:39Z,2026-06-03T08:18:55Z,736,35bfb44db48bb4d6dd17d31059885fdc08d258d1
79247457639,26870951027,ci-1-core,"core (windows-latest, x86 build)",completed,cancelled,2026-06-03T07:58:50Z,2026-06-03T08:07:38Z,528,dc9b798790c3edc7e9fe36d5a19f857756a5a5ad
79245883624,26870368281,ci-1-core,"core (windows-latest, x86 build)",completed,cancelled,2026-06-03T07:44:39Z,2026-06-03T07:44:39Z,0,41e5db1c358e27e81443e4116a61bc46ed4ec24c
79246603210,26870019414,ci-1-core,"core (windows-latest, x86 build)",completed,cancelled,2026-06-03T07:50:51Z,2026-06-03T08:03:16Z,745,4655f582ac675911c55db9560fb98f08620f0b99
79244098709,26869663040,ci-1-core,"core (windows-latest, x86 build)",completed,cancelled,2026-06-03T07:33:09Z,2026-06-03T07:33:57Z,48,c5a07c84f8d6cdd58289a2d440f05f4671612027
79242728531,26869434014,ci-1-core,"core (windows-latest, x86 build)",completed,success,2026-06-03T07:24:24Z,2026-06-03T07:33:17Z,533,8c9ac58518c09281535aa864b3ad18a3945529a4
79242703593,26869315172,ci-1-core,"core (windows-latest, x86 build)",completed,success,2026-06-03T07:24:12Z,2026-06-03T07:36:07Z,715,5a2f665d1e04515217dceb6237d8e6f1f8d1c5b0
79244126284,26869304172,ci-1-core,"core (windows-latest, x86 build)",completed,cancelled,2026-06-03T07:33:18Z,2026-06-03T07:45:32Z,734,17af5a68afdaa7748c17d351d2d98253de40d20c
79242345708,26868835069,ci-1-core,"core (windows-latest, x86 build)",completed,skipped,2026-06-03T07:21:10Z,2026-06-03T07:21:10Z,0,9c916d80b99f2aae37b14d71d5e0ccfa77462d78
79238789745,26868812204,ci-1-core,"core (windows-latest, x86 build)",completed,cancelled,2026-06-03T06:56:05Z,2026-06-03T06:56:04Z,-1,cd8a14ff7a6ba23008ce148b09a15046cc02952a
79238711220,26868805140,ci-1-core,"core (windows-latest, x86 build)",completed,cancelled,2026-06-03T06:55:31Z,2026-06-03T06:55:31Z,0,469e045da5b335b182992f604bd7c052678f2c94
79238685016,26868789362,ci-1-core,"core (windows-latest, x86 build)",completed,cancelled,2026-06-03T06:55:21Z,2026-06-03T06:55:21Z,0,42fc3b906743919d48209f555dd6bc5aecda4063
79238671488,26868343931,ci-1-core,"core (windows-latest, x86 build)",completed,cancelled,2026-06-03T06:55:16Z,2026-06-03T06:55:15Z,-1,1a1a4f5518136ab1f2f4963e7716ef5742e3ef45
79240432050,26868190091,ci-1-core,"core (windows-latest, x86 build)",completed,skipped,2026-06-03T07:07:51Z,2026-06-03T07:07:51Z,0,0c60ab275e0dc6cbadeda4a661a9c191580ffc6c
79240159549,26868073397,ci-1-core,"core (windows-latest, x86 build)",completed,skipped,2026-06-03T07:05:53Z,2026-06-03T07:05:53Z,0,752dea6a416654be8bbe69b38de2ec0f66e33295
79237144719,26867781601,ci-1-core,"core (windows-latest, x86 build)",completed,cancelled,2026-06-03T06:44:15Z,2026-06-03T06:44:14Z,-1,624bc98a83d5e08d400d902f57d0883b1bd89d75
79239140927,26867452034,ci-1-core,"core (windows-latest, x86 build)",completed,skipped,2026-06-03T06:58:35Z,2026-06-03T06:58:34Z,-1,d4397e4347be4d59e55225eb89036745fba4a58b
79235304324,26867435576,ci-1-core,"core (windows-latest, x86 build)",completed,cancelled,2026-06-03T06:29:47Z,2026-06-03T06:29:47Z,0,568b461012a0bb313f2d9c879c17ac50fc535a5f
79233990836,26866930132,ci-1-core,"core (windows-latest, x86 build)",completed,cancelled,2026-06-03T06:18:34Z,2026-06-03T06:20:31Z,117,78faa91241d487394a4e7e904ff64d2820f744ef
79233942187,26866909379,ci-1-core,"core (windows-latest, x86 build)",completed,success,2026-06-03T06:21:49Z,2026-06-03T06:32:39Z,650,cace00319e588312e14234f6dc938f924604112c
79237741865,26866895115,ci-1-core,"core (windows-latest, x86 build)",completed,success,2026-06-03T06:54:13Z,2026-06-03T07:04:49Z,636,b1e6b4acd09e9e0062ed6e41bbbe22ea94ad93fb
79237496893,26866804781,ci-1-core,"core (windows-latest, x86 build)",completed,cancelled,2026-06-03T06:55:32Z,2026-06-03T07:07:33Z,721,dcb34be48cb64f161050fc2ae9007484ad5239e6
79238712686,26866765137,ci-1-core,"core (windows-latest, x86 build)",completed,skipped,2026-06-03T06:55:32Z,2026-06-03T06:55:31Z,-1,0e08994ffc400835ca3b1c637dae4be6952ba557
79235481142,26866734520,ci-1-core,"core (windows-latest, x86 build)",completed,cancelled,2026-06-03T06:33:19Z,2026-06-03T06:45:20Z,721,c1a453e62fa993867c15e0fb41e12c0967c2604a
79235112147,26866622239,ci-1-core,"core (windows-latest, x86 build)",completed,skipped,2026-06-03T06:28:10Z,2026-06-03T06:28:10Z,0,95f95accecf1f8a85904c690a4231bcf149c1776
79235221632,26866306857,ci-1-core,"core (windows-latest, x86 build)",completed,success,2026-06-03T06:32:41Z,2026-06-03T06:44:02Z,681,5b54b5a9eafa454c86420b11d3340f46d9b35c45
79238601320,26866145083,ci-1-core,"core (windows-latest, x86 build)",completed,success,2026-06-03T07:04:02Z,2026-06-03T07:15:48Z,706,06d56369acee8944db9f4bb54a238377a35f8446
79300058064,26886458222,ci-1-core,"core (windows-latest, x86 build)",completed,cancelled,2026-06-03T13:01:31Z,2026-06-03T13:01:30Z,-1,55faa202ede6ee952bd7cd314ba6299807b0021a
79300040447,26886434343,ci-1-core,"core (windows-latest, x86 build)",completed,cancelled,2026-06-03T13:01:26Z,2026-06-03T13:01:25Z,-1,f41a047a953d87eb0b49a573bb02caa000860c64
79297574053,26884543527,ci-1-core,"core (windows-latest, x86 build)",completed,success,2026-06-03T12:49:09Z,2026-06-03T13:00:51Z,702,2d900c6c5c82c7eadf98062a38e99841d548d0be
79296923338,26884407080,ci-1-core,"core (windows-latest, x86 build)",completed,success,2026-06-03T12:45:44Z,2026-06-03T12:57:24Z,700,4e49b4acb44c06d29edf2bda503c286a95c5b973
79296518879,26884404906,ci-1-core,"core (windows-latest, x86 build)",completed,cancelled,2026-06-03T12:43:38Z,2026-06-03T12:55:53Z,735,a4d316757ac39c6ec7a7ef9a9d8494b46db5c078
79294654194,26884278712,ci-1-core,"core (windows-latest, x86 build)",completed,success,2026-06-03T12:37:20Z,2026-06-03T12:45:51Z,511,47d6699d6c58a1d22d26b68debca10bb06f24003
79291735893,26883554265,ci-1-core,"core (windows-latest, x86 build)",completed,cancelled,2026-06-03T12:17:27Z,2026-06-03T12:19:42Z,135,9c77745908a0cfd7184ffc58ee972e895889b1b4
79292072092,26881790465,ci-1-core,"core (windows-latest, x86 build)",completed,skipped,2026-06-03T12:19:18Z,2026-06-03T12:19:18Z,0,79ebce4ecb25c129531ceddf33fd79367d0907d7
79284742389,26881505109,ci-1-core,"core (windows-latest, x86 build)",completed,success,2026-06-03T11:36:45Z,2026-06-03T11:48:28Z,703,5d5209da6e163b1ef50dcf0d80ecc4e423fbcc1f
79284134285,26881008597,ci-1-core,"core (windows-latest, x86 build)",completed,cancelled,2026-06-03T11:33:08Z,2026-06-03T11:45:42Z,754,2d53f34416f101d8b82e4516d2a9a6a049b91424
79282609120,26880621173,ci-1-core,"core (windows-latest, x86 build)",completed,skipped,2026-06-03T11:23:49Z,2026-06-03T11:23:49Z,0,993007f819fdbad10bba780b9f33a8832fe9dd03
79278974581,26879714261,ci-1-core,"core (windows-latest, x86 build)",completed,success,2026-06-03T11:02:17Z,2026-06-03T11:13:42Z,685,497ef4c4a5d253147f8c72f22a643e746298fd7c
79279124438,26879466817,ci-1-core,"core (windows-latest, x86 build)",completed,cancelled,2026-06-03T11:04:38Z,2026-06-03T11:16:59Z,741,cebb79a4fcd1d4173b1babc796cf71a0cb574d41
79275196568,26878761991,ci-1-core,"core (windows-latest, x86 build)",completed,success,2026-06-03T10:38:19Z,2026-06-03T10:49:00Z,641,30a89d6faaf0392f85abe4fbebbb50e04d8e4ecd
79273012869,26878645203,ci-1-core,"core (windows-latest, x86 build)",completed,cancelled,2026-06-03T10:25:00Z,2026-06-03T10:25:00Z,0,fc912d9f542255ea21266827fea8cabdbc72a0c3
79272606456,26878634502,ci-1-core,"core (windows-latest, x86 build)",completed,cancelled,2026-06-03T10:22:32Z,2026-06-03T10:22:32Z,0,06aeb4a8e2ca6d9c6d8e19f1c9667b0967246dff
79269726967,26876151368,ci-1-core,"core (windows-latest, x86 build)",completed,success,2026-06-03T10:05:13Z,2026-06-03T10:16:48Z,695,de3068c383e2d705a320b06c67bf86c2965061a7
79268557772,26876065782,ci-1-core,"core (windows-latest, x86 build)",completed,cancelled,2026-06-03T09:58:29Z,2026-06-03T10:10:38Z,729,f81fd7688024bcb11e6ad583cb2b9d8758925cd8
79269458976,26876047807,ci-1-core,"core (windows-latest, x86 build)",completed,success,2026-06-03T10:03:40Z,2026-06-03T10:14:20Z,640,42423fff4eaf2f29c0ad9ed7b6f3a4ab46fc9bf4
79268414966,26875780733,ci-1-core,"core (windows-latest, x86 build)",completed,success,2026-06-03T09:57:41Z,2026-06-03T10:09:17Z,696,747ac31ab849eba52755a9223ca9f2df3f629395
79268255572,26875523182,ci-1-core,"core (windows-latest, x86 build)",completed,skipped,2026-06-03T09:56:44Z,2026-06-03T09:56:43Z,-1,693c7b0a9f7dad691d33f2d8256c94b9c01203e9
79262658545,26875074697,ci-1-core,"core (windows-latest, x86 build)",completed,cancelled,2026-06-03T09:25:17Z,2026-06-03T09:29:37Z,260,3857250affa32d16757d03db1c7ac0dd0e80e47f
79260041528,26874534995,ci-1-core,"core (windows-latest, x86 build)",completed,cancelled,2026-06-03T09:10:13Z,2026-06-03T09:10:13Z,0,b51a40b96e2a25b28150616a08ae870509e0925e
79258144141,26874506497,ci-1-core,"core (windows-latest, x86 build)",completed,cancelled,2026-06-03T08:59:14Z,2026-06-03T08:59:14Z,0,95619ed51330d1c7fefdfe0adab6b3954cb00e8c
79267301987,26874323508,ci-1-core,"core (windows-latest, x86 build)",completed,cancelled,2026-06-03T09:51:20Z,2026-06-03T09:51:20Z,0,a8091b82995f204a025e5a728d9b939b9d5cde7c
79262679375,26873855706,ci-1-core,"core (windows-latest, x86 build)",completed,cancelled,2026-06-03T09:25:24Z,2026-06-03T09:37:27Z,723,ffa6fddee21845adab8fe94ac0eee84f7855aa16
79258084269,26873660447,ci-1-core,"core (windows-latest, x86 build)",completed,cancelled,2026-06-03T08:58:53Z,2026-06-03T08:58:53Z,0,b1429117435f2e0a3e31680baee528ffa2014acd
79260415510,26873586546,ci-1-core,"core (windows-latest, x86 build)",completed,skipped,2026-06-03T09:12:22Z,2026-06-03T09:12:22Z,0,1733ce1d2e63965dbef357ccd575aa1e34195875
79460239767,26934250228,ci-1-core,"core (windows-latest, x86 build)",completed,cancelled,2026-06-04T06:09:55Z,2026-06-04T06:09:54Z,-1,ab22ba5e61655e34335eb620d3f68f704d781f1f
79387549195,26909442578,ci-1-core,"core (windows-latest, x86 build)",completed,success,2026-06-03T20:21:08Z,2026-06-03T20:33:12Z,724,46c2ac39918d3a9f0d6fc6e8031cfd1fe9bdffab
79387163685,26908980547,ci-1-core,"core (windows-latest, x86 build)",completed,success,2026-06-03T20:18:55Z,2026-06-03T20:32:11Z,796,532d2a8af90a7c4bd3405d6b0b92a6df9ef8863a
79384146861,26908890296,ci-1-core,"core (windows-latest, x86 build)",completed,skipped,2026-06-03T20:02:18Z,2026-06-03T20:02:18Z,0,df05d87bc5d10fe705bcf70a962d57ba00925c70
79385213746,26908850499,ci-1-core,"core (windows-latest, x86 build)",completed,success,2026-06-03T20:08:16Z,2026-06-03T20:21:46Z,810,fc553085ae9d5e28cc71148631c10ebf5452341a
79381276569,26908834141,ci-1-core,"core (windows-latest, x86 build)",completed,cancelled,2026-06-03T19:46:40Z,2026-06-03T19:46:40Z,0,f202a3a39877e562f3e480e5d9561d0d3a1cf5ac
79381032785,26908812504,ci-1-core,"core (windows-latest, x86 build)",completed,cancelled,2026-06-03T19:45:21Z,2026-06-03T19:45:20Z,-1,effc404e621a660c605d80763dfdf63f655210e0
79381002025,26908792316,ci-1-core,"core (windows-latest, x86 build)",completed,cancelled,2026-06-03T19:45:11Z,2026-06-03T19:45:11Z,0,5e9d9bda2fc89d1be8fdd20c5b1249e35a470408
79383254274,26908190331,ci-1-core,"core (windows-latest, x86 build)",completed,cancelled,2026-06-03T19:57:28Z,2026-06-03T20:09:52Z,744,19ba471a3f55a79a00e1cc10e02c1d379b10ddeb
79383265703,26907285257,ci-1-core,"core (windows-latest, x86 build)",completed,cancelled,2026-06-03T19:57:31Z,2026-06-03T20:08:28Z,657,7ed881f1abb05f27ddd86762a2358e76b8d7a31f
79379282753,26906675136,ci-1-core,"core (windows-latest, x86 build)",completed,skipped,2026-06-03T19:35:40Z,2026-06-03T19:35:40Z,0,2bc556ba4dda08768646c9c27abf61647e17f153
79378544521,26906648071,ci-1-core,"core (windows-latest, x86 build)",completed,cancelled,2026-06-03T19:31:45Z,2026-06-03T19:44:05Z,740,76ce1c98562ad8d7f4c16cbec67951df5248e52b
79378781326,26906595730,ci-1-core,"core (windows-latest, x86 build)",completed,skipped,2026-06-03T19:32:58Z,2026-06-03T19:32:58Z,0,53385d29b1de3ff11edaebf31e751600a4ccd55f
79373038960,26906560223,ci-1-core,"core (windows-latest, x86 build)",completed,cancelled,2026-06-03T19:01:40Z,2026-06-03T19:01:40Z,0,be3cc8e6ff4219f19a7957d2e5879b49e6dec717
79374774927,26906354475,ci-1-core,"core (windows-latest, x86 build)",completed,cancelled,2026-06-03T19:15:03Z,2026-06-03T19:27:31Z,748,51e66ca32867074fefde31d497967e7970b495fe
79375982319,26905817755,ci-1-core,"core (windows-latest, x86 build)",completed,skipped,2026-06-03T19:17:49Z,2026-06-03T19:17:49Z,0,70996677c02b674b6877b0a9a58b1c4d56a79716
79375534283,26905796576,ci-1-core,"core (windows-latest, x86 build)",completed,success,2026-06-03T19:18:18Z,2026-06-03T19:31:26Z,788,05d4f0ad8b2a0cd133ef45471899eb45e95acff5
79374382570,26905678200,ci-1-core,"core (windows-latest, x86 build)",completed,cancelled,2026-06-03T19:15:27Z,2026-06-03T19:27:58Z,751,7fdf8ee30c47a97b1d29d50330e9588099d114a5
79372868312,26905432545,ci-1-core,"core (windows-latest, x86 build)",completed,skipped,2026-06-03T19:00:47Z,2026-06-03T19:00:47Z,0,7b828d04984fa80469f2efd91657e14497ce5bd9
79371856788,26904974679,ci-1-core,"core (windows-latest, x86 build)",completed,cancelled,2026-06-03T18:55:30Z,2026-06-03T19:03:57Z,507,214ac67ea4a5afacb20c2c692325a3d90c4527ef
79370107645,26904736542,ci-1-core,"core (windows-latest, x86 build)",completed,skipped,2026-06-03T18:46:14Z,2026-06-03T18:46:14Z,0,a2db60de46a6c1e23ceddd2c66bad4ccfcd3876c
79370923577,26904624208,ci-1-core,"core (windows-latest, x86 build)",completed,cancelled,2026-06-03T18:50:33Z,2026-06-03T19:01:23Z,650,49c8a5e4ddcf686e0dbf533375fc2379cbec8f01
79368891608,26904189565,ci-1-core,"core (windows-latest, x86 build)",completed,cancelled,2026-06-03T18:41:12Z,2026-06-03T18:53:21Z,729,0b820158f9c2157c2e3ef1168e0f1cea8023e77e
79366054049,26904148139,ci-1-core,"core (windows-latest, x86 build)",completed,cancelled,2026-06-03T18:25:12Z,2026-06-03T18:25:11Z,-1,1f9f743a10a3e9b4da480f4fd9d42f18405fbc85
79369015496,26904069410,ci-1-core,"core (windows-latest, x86 build)",completed,skipped,2026-06-03T18:40:32Z,2026-06-03T18:40:32Z,0,6a06f837cf75d5947a20236b11d6c7ae249d0390
79368706059,26903411982,ci-1-core,"core (windows-latest, x86 build)",completed,skipped,2026-06-03T18:38:57Z,2026-06-03T18:38:56Z,-1,c355fc42b3f1f8a6f07139ae4e715205ae2970fb
79364047291,26903275363,ci-1-core,"core (windows-latest, x86 build)",completed,success,2026-06-03T18:14:39Z,2026-06-03T18:26:12Z,693,51fe9a833ddee5d00b5adbb13cc2b6256d1c1d7e
79362280461,26902824535,ci-1-core,"core (windows-latest, x86 build)",completed,cancelled,2026-06-03T18:05:37Z,2026-06-03T18:18:18Z,761,4679011e8475384a7e72b9f71378fb2d0cdb4d6c
79362405005,26902635364,ci-1-core,"core (windows-latest, x86 build)",completed,skipped,2026-06-03T18:05:57Z,2026-06-03T18:05:57Z,0,87afa8c36500e6bc83938ace2120f489cf191c72
79358243728,26901735018,ci-1-core,"core (windows-latest, x86 build)",completed,success,2026-06-03T17:44:15Z,2026-06-03T17:56:05Z,710,3109f4f493293acec70ffd7d35e2d7b83e0b91b7
79355700038,26901190489,ci-1-core,"core (windows-latest, x86 build)",completed,cancelled,2026-06-03T17:30:41Z,2026-06-03T17:30:40Z,-1,a5fb181e0d3c72cba9b8d3ca8d103b14a59da644
79351050188,26899735691,ci-1-core,"core (windows-latest, x86 build)",completed,cancelled,2026-06-03T17:05:43Z,2026-06-03T17:18:11Z,748,b1b817cb6228a6ad0930eafc82916f3a2ff67ffc
79345838360,26898032918,ci-1-core,"core (windows-latest, x86 build)",completed,cancelled,2026-06-03T16:38:27Z,2026-06-03T16:50:37Z,730,9ed478af13c7be5c723894043e300bd2b108355d
79345681269,26898022401,ci-1-core,"core (windows-latest, x86 build)",completed,success,2026-06-03T16:37:38Z,2026-06-03T16:49:09Z,691,60b257c12895177e538ae90bdabe26d42c5a0e24
79344622256,26897048919,ci-1-core,"core (windows-latest, x86 build)",completed,success,2026-06-03T16:32:14Z,2026-06-03T16:44:02Z,708,c760063ce4266745431673bf8799ab56180cedb1
79351176416,26897003943,ci-1-core,"core (windows-latest, x86 build)",completed,skipped,2026-06-03T17:06:21Z,2026-06-03T17:06:21Z,0,57086cdddea79e563230935d4a8248ae7759df4d
79334497170,26895061444,ci-1-core,"core (windows-latest, x86 build)",completed,cancelled,2026-06-03T15:42:19Z,2026-06-03T15:54:46Z,747,c26b5e44c5e1102f8dd1c241f618f4126eaf1ea7
79340889825,26895060547,ci-1-core,"core (windows-latest, x86 build)",completed,cancelled,2026-06-03T16:13:23Z,2026-06-03T16:25:51Z,748,03744da71a63fe5d28509723c1d2bcf93197140e
79331605699,26895026216,ci-1-core,"core (windows-latest, x86 build)",completed,cancelled,2026-06-03T15:28:49Z,2026-06-03T15:28:49Z,0,8c0116fe777bf2e69ea9911c5dacd6b7b05e48c0
79340622366,26894959761,ci-1-core,"core (windows-latest, x86 build)",completed,skipped,2026-06-03T16:11:51Z,2026-06-03T16:11:51Z,0,19d35987ef9c4b62347efa7996fcf2a683d7c987
79328105803,26890976512,ci-1-core,"core (windows-latest, x86 build)",completed,skipped,2026-06-03T15:12:34Z,2026-06-03T15:12:34Z,0,b5fd858c5f410e19af82612b7d384926f51d2efb
79329899918,26890830520,ci-1-core,"core (windows-latest, x86 build)",completed,cancelled,2026-06-03T15:20:57Z,2026-06-03T15:33:04Z,727,fbb25da076db8ac72ae2a0658dfcddc6db9e5f9c
79328111961,26890492246,ci-1-core,"core (windows-latest, x86 build)",completed,cancelled,2026-06-03T15:12:42Z,2026-06-03T15:25:09Z,747,6c11f83b0803061a17cffab87062b6a37c296a0a
79330103736,26890480316,ci-1-core,"core (windows-latest, x86 build)",completed,cancelled,2026-06-03T15:21:53Z,2026-06-03T15:33:55Z,722,cc87f2a4393b1a61461c997d6f42d64e712f5dc8
79311845667,26888581478,ci-1-core,"core (windows-latest, x86 build)",completed,cancelled,2026-06-03T14:01:10Z,2026-06-03T14:13:30Z,740,21dfee0897b0e324d191199230731f922a47cfb3
79574892992,26966972588,ci-1-core,"core (windows-latest, x86 build)",completed,skipped,2026-06-04T17:18:39Z,2026-06-04T17:18:39Z,0,628e0d195f4a66066f24d9241e85948534044971
79574487179,26966300488,ci-1-core,"core (windows-latest, x86 build)",completed,cancelled,2026-06-04T17:16:25Z,2026-06-04T17:16:25Z,0,6b3cf8a8f1e9ab931dc512bf896d3d25ff4e3c44
79572020064,26965876125,ci-1-core,"core (windows-latest, x86 build)",completed,skipped,2026-06-04T17:03:17Z,2026-06-04T17:03:16Z,-1,14d5258a5a77e182546ec4772a9d756e8cb87efa
79571961371,26965258258,ci-1-core,"core (windows-latest, x86 build)",completed,skipped,2026-06-04T17:02:59Z,2026-06-04T17:02:58Z,-1,ac1df02788eef11dd9b40936914aa8e6abba223a
79569305428,26964968656,ci-1-core,"core (windows-latest, x86 build)",completed,success,2026-06-04T16:48:30Z,2026-06-04T17:01:51Z,801,22aab5a1a6206ad2adf7fb79727bc631bcc8cd6a
79562876647,26963509142,ci-1-core,"core (windows-latest, x86 build)",completed,success,2026-06-04T16:14:09Z,2026-06-04T16:28:11Z,842,55f7c7c38519b54eb67572dc5a516949657697d4
79559876166,26963472650,ci-1-core,"core (windows-latest, x86 build)",completed,cancelled,2026-06-04T15:59:08Z,2026-06-04T15:59:08Z,0,727608bd35aea784da61d517830ebcf8c42b4a74
79558502529,26962066906,ci-1-core,"core (windows-latest, x86 build)",completed,success,2026-06-04T15:52:19Z,2026-06-04T16:05:41Z,802,f3a611c5fcdf9625fb3be43fd36911d09a116eb2
79558635947,26961954751,ci-1-core,"core (windows-latest, x86 build)",completed,success,2026-06-04T15:52:59Z,2026-06-04T16:07:37Z,878,c5bc53f335de1804aa0f6530cd51141581044917
79553752655,26960865979,ci-1-core,"core (windows-latest, x86 build)",completed,success,2026-06-04T15:28:51Z,2026-06-04T15:41:33Z,762,524f5f27c3c40b1dfbcbf0efb699c04cc60ce237
79553692616,26960618672,ci-1-core,"core (windows-latest, x86 build)",completed,skipped,2026-06-04T15:28:32Z,2026-06-04T15:28:32Z,0,a1feb919773f7b81964ccabb7c5a763706e7a87b
79553736296,26960595823,ci-1-core,"core (windows-latest, x86 build)",completed,success,2026-06-04T15:28:48Z,2026-06-04T15:42:05Z,797,2564130729888db10d4f7a078f59d338893220e4
79550565546,26959717915,ci-1-core,"core (windows-latest, x86 build)",completed,skipped,2026-06-04T15:13:33Z,2026-06-04T15:13:32Z,-1,0ce7dc37a0ea032d4c9d8aa12ed5e416eac776cf
79548282124,26959379246,ci-1-core,"core (windows-latest, x86 build)",completed,cancelled,2026-06-04T15:03:00Z,2026-06-04T15:13:51Z,651,53d00ba20a0e52f60c3e2204e03d9bf0b9fbe532
79545306065,26958976757,ci-1-core,"core (windows-latest, x86 build)",completed,cancelled,2026-06-04T14:48:51Z,2026-06-04T14:48:51Z,0,747fcc6e97f61c56258d5f2dcce788877674a44f
79546593872,26958843023,ci-1-core,"core (windows-latest, x86 build)",completed,skipped,2026-06-04T14:55:03Z,2026-06-04T14:55:02Z,-1,13404d4bd014de15ffa3c1ee34a01888626aa7dc
79547745582,26958677906,ci-1-core,"core (windows-latest, x86 build)",completed,skipped,2026-06-04T15:00:32Z,2026-06-04T15:00:31Z,-1,efb3920edb89ea8f652fe9ddd41628d01a9cffa4
79549305405,26958573406,ci-1-core,"core (windows-latest, x86 build)",completed,success,2026-06-04T15:07:42Z,2026-06-04T15:21:54Z,852,3900708fa2241d35ef6c0a6961aa4090c32a375d
79545116092,26957776017,ci-1-core,"core (windows-latest, x86 build)",completed,success,2026-06-04T14:48:03Z,2026-06-04T15:01:33Z,810,11c5b8f49a4fb56fb7163174dd809d5282d6d648
79541404981,26957421835,ci-1-core,"core (windows-latest, x86 build)",completed,cancelled,2026-06-04T14:30:09Z,2026-06-04T14:41:59Z,710,92cbf56d2315be116949edfc5a71baf6938a3fd8
79538350191,26957391104,ci-1-core,"core (windows-latest, x86 build)",completed,cancelled,2026-06-04T14:15:16Z,2026-06-04T14:15:16Z,0,10a69fefc1f9801ede932b18850708ba24470c20
79543741718,26956614866,ci-1-core,"core (windows-latest, x86 build)",completed,success,2026-06-04T14:41:52Z,2026-06-04T14:54:40Z,768,6d67552ed43b66da64bace030e10aab858abfa14
79541641168,26956500119,ci-1-core,"core (windows-latest, x86 build)",completed,success,2026-06-04T14:31:06Z,2026-06-04T14:44:05Z,779,8773707c6b269b97095e83fa49438d0391df08d1
79541596509,26955038193,ci-1-core,"core (windows-latest, x86 build)",completed,skipped,2026-06-04T14:30:51Z,2026-06-04T14:30:50Z,-1,a44ce37c36f346375084199125341031458fd7c5
79533605884,26954996916,ci-1-core,"core (windows-latest, x86 build)",completed,success,2026-06-04T13:52:10Z,2026-06-04T14:05:47Z,817,05433be6eae7b2120fd27a0538c0b3dbaf565788
79532430659,26954687817,ci-1-core,"core (windows-latest, x86 build)",completed,success,2026-06-04T13:46:18Z,2026-06-04T14:00:31Z,853,51e5083648bfb7dc9f016951cee18a385edae308
79529786584,26954473660,ci-1-core,"core (windows-latest, x86 build)",completed,cancelled,2026-06-04T13:32:34Z,2026-06-04T13:32:33Z,-1,21c395a7c889548018d328a970c5f648fcdff0b7
79530669268,26954067529,ci-1-core,"core (windows-latest, x86 build)",completed,success,2026-06-04T13:39:47Z,2026-06-04T13:53:44Z,837,d4e9169fac68208d9beba73237423944816a01cb
79531396709,26953862862,ci-1-core,"core (windows-latest, x86 build)",completed,success,2026-06-04T13:42:28Z,2026-06-04T13:56:20Z,832,dcd34fb6510d3d69d54322814339f9f8720256b9
79525488792,26952902348,ci-1-core,"core (windows-latest, x86 build)",completed,success,2026-06-04T13:09:55Z,2026-06-04T13:22:48Z,773,c5c71173fb69500a6cb4b2fef3002d3da6cf77f7
79524715623,26952778580,ci-1-core,"core (windows-latest, x86 build)",completed,success,2026-06-04T13:05:36Z,2026-06-04T13:20:12Z,876,a91bd852e05339c0c4d56e3913223919784fff0c
79524532736,26952029127,ci-1-core,"core (windows-latest, x86 build)",completed,cancelled,2026-06-04T13:04:37Z,2026-06-04T13:19:46Z,909,dd0f472f8d867b55b81c446de125ef04c93ef087
79521055689,26951789180,ci-1-core,"core (windows-latest, x86 build)",completed,cancelled,2026-06-04T12:44:50Z,2026-06-04T12:50:25Z,335,0c661099c1ea12873b7866cdb3427199ac7c24a6
79518657725,26951773405,ci-1-core,"core (windows-latest, x86 build)",completed,cancelled,2026-06-04T12:30:34Z,2026-06-04T12:30:33Z,-1,14cfeca6f2ef5c6ed0584a8ab79a830eb2486097
79520964290,26951741158,ci-1-core,"core (windows-latest, x86 build)",completed,skipped,2026-06-04T12:44:14Z,2026-06-04T12:44:14Z,0,1c7b9b790ac0a46e10b7da2ce128388ede709071
79518421570,26950496834,ci-1-core,"core (windows-latest, x86 build)",completed,success,2026-06-04T12:29:11Z,2026-06-04T12:42:14Z,783,8b925234a366f3b7b33e6b9ce7072e41579e5697
79516444016,26950384625,ci-1-core,"core (windows-latest, x86 build)",completed,skipped,2026-06-04T12:16:53Z,2026-06-04T12:16:53Z,0,caa34e21ce014f304520ed0abe27430a468982a6
79515603020,26949918515,ci-1-core,"core (windows-latest, x86 build)",completed,success,2026-06-04T12:11:46Z,2026-06-04T12:22:13Z,627,14c5b4eaf05705b774d654815229e9853de3958e
79512299224,26949301916,ci-1-core,"core (windows-latest, x86 build)",completed,success,2026-06-04T11:50:49Z,2026-06-04T12:03:54Z,785,ad4d706667ef4113f4aa31d7448817df69ec208c
79511904982,26948371532,ci-1-core,"core (windows-latest, x86 build)",completed,cancelled,2026-06-04T11:48:14Z,2026-06-04T11:57:36Z,562,cb8f1964f53d5c25aedfb2e00e7d625e477602c5
79507896093,26947917008,ci-1-core,"core (windows-latest, x86 build)",completed,success,2026-06-04T11:22:21Z,2026-06-04T11:35:17Z,776,f569aa52e32e152ff10b9e287265dc52181921ec
79507698175,26947727845,ci-1-core,"core (windows-latest, x86 build)",completed,success,2026-06-04T11:21:03Z,2026-06-04T11:35:18Z,855,56e7bec77cbddb71b12dd310a11f0d7b5ebf5c97
79505453514,26947371094,ci-1-core,"core (windows-latest, x86 build)",completed,cancelled,2026-06-04T11:06:43Z,2026-06-04T11:06:43Z,0,56c01ab73b8ceb9443dc3ec9d89306a411c8ad7b
79504247661,26946696509,ci-1-core,"core (windows-latest, x86 build)",completed,success,2026-06-04T10:59:05Z,2026-06-04T11:13:09Z,844,e99a2b15207219df43578ea1a6c086fb9b0d85a4
79503531112,26946590954,ci-1-core,"core (windows-latest, x86 build)",completed,success,2026-06-04T10:54:23Z,2026-06-04T11:08:11Z,828,37bdb9feb8eef2d5b39bc6619642b7466db238bd
79502505087,26946389851,ci-1-core,"core (windows-latest, x86 build)",completed,cancelled,2026-06-04T10:48:44Z,2026-06-04T10:54:47Z,363,22bdb61130b1ca5b152d2cd36ed22ce29c92f86a
79500317116,26946363725,ci-1-core,"core (windows-latest, x86 build)",completed,cancelled,2026-06-04T10:33:12Z,2026-06-04T10:33:12Z,0,9e322b516579e51b709c7a0cb33003c5af1a5514
79502340408,26945830410,ci-1-core,"core (windows-latest, x86 build)",completed,success,2026-06-04T10:46:33Z,2026-06-04T11:00:08Z,815,5d0182041b9c4bc56e465a417924d3b33f37c9cf
79500674651,26945390501,ci-1-core,"core (windows-latest, x86 build)",completed,skipped,2026-06-04T10:35:32Z,2026-06-04T10:35:32Z,0,373f2f4674bd562e9e2b1a3fd07de7abfa76e086
79499883111,26945289598,ci-1-core,"core (windows-latest, x86 build)",completed,success,2026-06-04T10:30:28Z,2026-06-04T10:40:41Z,613,c14acc98bc4cb92198a56098942b5bc77583f68b
79498623393,26944899321,ci-1-core,"core (windows-latest, x86 build)",completed,cancelled,2026-06-04T10:22:47Z,2026-06-04T10:33:02Z,615,b8807239ebde4d73f59b2f0cd9dd3c5b341a6e1c
79495313156,26944878505,ci-1-core,"core (windows-latest, x86 build)",completed,cancelled,2026-06-04T10:02:00Z,2026-06-04T10:02:00Z,0,af8e3cd8c197b1971989300e7041b16bd53edc6d
79495245561,26944854799,ci-1-core,"core (windows-latest, x86 build)",completed,cancelled,2026-06-04T10:01:36Z,2026-06-04T10:01:36Z,0,1662054b226a63b9bb6b92ab4ae2d97cd533b497
79497129278,26944215010,ci-1-core,"core (windows-latest, x86 build)",completed,cancelled,2026-06-04T10:13:02Z,2026-06-04T10:13:02Z,0,9b8c8cfd85325f3c9c7763967a6d80ea023c4ef9
79496958498,26943918973,ci-1-core,"core (windows-latest, x86 build)",completed,success,2026-06-04T10:12:00Z,2026-06-04T10:25:49Z,829,5ed91b4030017a980035b0b70d7d89a46cf48527
79495265038,26943274698,ci-1-core,"core (windows-latest, x86 build)",completed,cancelled,2026-06-04T10:02:02Z,2026-06-04T10:12:49Z,647,91b6183653525da93448e1acd7e08b69935a4037
79494532601,26943169358,ci-1-core,"core (windows-latest, x86 build)",completed,skipped,2026-06-04T09:57:22Z,2026-06-04T09:57:22Z,0,4157a38c3eec935b080981ff3704b3e22ab044c7
79494938815,26942883126,ci-1-core,"core (windows-latest, x86 build)",completed,success,2026-06-04T10:02:12Z,2026-06-04T10:15:51Z,819,359eca627e29caf0f52cf74315f7555a35606d15
79492988693,26942793813,ci-1-core,"core (windows-latest, x86 build)",completed,success,2026-06-04T09:48:39Z,2026-06-04T10:01:23Z,764,75c4c84961502fd181e5b87233f847f60f3cf698
79493028821,26942508994,ci-1-core,"core (windows-latest, x86 build)",completed,success,2026-06-04T09:53:37Z,2026-06-04T10:06:22Z,765,57bd1506a933e29e98f60c53940e9af8519ccdba
79489477580,26942477657,ci-1-core,"core (windows-latest, x86 build)",completed,success,2026-06-04T09:27:16Z,2026-06-04T09:41:05Z,829,118482b89800e17bf15a5a2f9ceb1338f37d57df
79486952722,26941485789,ci-1-core,"core (windows-latest, x86 build)",completed,success,2026-06-04T09:12:08Z,2026-06-04T09:26:12Z,844,13a000609ac40683e3e214139e62fab1343b2bd7
79485744862,26941341275,ci-1-core,"core (windows-latest, x86 build)",completed,cancelled,2026-06-04T09:04:42Z,2026-06-04T09:13:26Z,524,5dc519228dfa90a889aa2c0e22fd918ceebf88db
79483361896,26941330634,ci-1-core,"core (windows-latest, x86 build)",completed,cancelled,2026-06-04T08:50:06Z,2026-06-04T08:50:06Z,0,16b09ba737d211024ea3c487d67bc6ebce2b3edd
79485495872,26940586987,ci-1-core,"core (windows-latest, x86 build)",completed,success,2026-06-04T09:03:10Z,2026-06-04T09:16:40Z,810,cad539c0379aa5677bceabffea23c264e08b9319
79483337722,26940367528,ci-1-core,"core (windows-latest, x86 build)",completed,cancelled,2026-06-04T08:49:57Z,2026-06-04T08:49:56Z,-1,028ece4effb104f9eb4e9bf6dbeebe6a9cd2f1b1
79480087626,26940357136,ci-1-core,"core (windows-latest, x86 build)",completed,cancelled,2026-06-04T08:30:22Z,2026-06-04T08:30:21Z,-1,423291a8e015ee1204bfad51a2d5441a07a00fda
79480053609,26940342928,ci-1-core,"core (windows-latest, x86 build)",completed,cancelled,2026-06-04T08:30:10Z,2026-06-04T08:30:10Z,0,d21cfb786fd8d68ef466619d7f3727e2c40f9760
79478653186,26938998983,ci-1-core,"core (windows-latest, x86 build)",completed,skipped,2026-06-04T08:21:29Z,2026-06-04T08:21:29Z,0,330d3d14eab777b877697859a10feab783cdd30c
79480789991,26938987628,ci-1-core,"core (windows-latest, x86 build)",completed,success,2026-06-04T08:38:12Z,2026-06-04T08:51:06Z,774,c9fd7f657ea04bafa025cb7d39a4377c60548ba1
79480613562,26938886226,ci-1-core,"core (windows-latest, x86 build)",completed,success,2026-06-04T08:38:17Z,2026-06-04T08:51:30Z,793,60785485a628c90528e7363234f89cd777496bf6
79478040852,26938780166,ci-1-core,"core (windows-latest, x86 build)",completed,success,2026-06-04T08:27:13Z,2026-06-04T08:40:14Z,781,3b9836ca91a1c13a107c78405cff3907cb32f5e8
79477351320,26938759551,ci-1-core,"core (windows-latest, x86 build)",completed,success,2026-06-04T08:18:46Z,2026-06-04T08:30:59Z,733,67effbc7f93f301ed11f13128bf25a825b6639dc
79478913591,26938748503,ci-1-core,"core (windows-latest, x86 build)",completed,success,2026-06-04T08:25:46Z,2026-06-04T08:38:15Z,749,1b18a3a716190c3b0146bae7b8829d8fb6663982
79476753502,26938718774,ci-1-core,"core (windows-latest, x86 build)",completed,success,2026-06-04T08:11:18Z,2026-06-04T08:25:31Z,853,85a8333918bf43463df548274e6c0521ccf59039
79474620791,26938053803,ci-1-core,"core (windows-latest, x86 build)",completed,cancelled,2026-06-04T07:56:02Z,2026-06-04T07:56:02Z,0,981314a2e14fd91aa4d6ff2e03215ab37d5afb93
79474597058,26937552433,ci-1-core,"core (windows-latest, x86 build)",completed,cancelled,2026-06-04T07:55:58Z,2026-06-04T08:03:31Z,453,2411cd19f52c9fefb969f8ea322021f6cc86cb27
79472601983,26936906462,ci-1-core,"core (windows-latest, x86 build)",completed,success,2026-06-04T07:43:25Z,2026-06-04T07:57:10Z,825,9df7ec1975955a03d9dd32cf536a51113e9974ce
79472665998,26936887299,ci-1-core,"core (windows-latest, x86 build)",completed,success,2026-06-04T07:50:31Z,2026-06-04T08:04:15Z,824,58f48a81e4edfd6691abb9bcec1856ac2a304a2a
79471448120,26936816196,ci-1-core,"core (windows-latest, x86 build)",completed,cancelled,2026-06-04T07:35:13Z,2026-06-04T07:41:45Z,392,a7ea653cdc30ef6c3b85716617f0c6f07529a699
79468449955,26936616949,ci-1-core,"core (windows-latest, x86 build)",completed,cancelled,2026-06-04T07:13:50Z,2026-06-04T07:13:50Z,0,3e4151cf0c53151441b35a6343534784df63c7cd
79469788991,26936401775,ci-1-core,"core (windows-latest, x86 build)",completed,success,2026-06-04T07:23:38Z,2026-06-04T07:35:17Z,699,d44c96aa8a78e625b62398e0e39a6f7c24a8ea20
79467824997,26936034201,ci-1-core,"core (windows-latest, x86 build)",completed,cancelled,2026-06-04T07:09:18Z,2026-06-04T07:09:18Z,0,bc3d3e1750e501c700d90fed33305bf10e039582
79467863896,26935850184,ci-1-core,"core (windows-latest, x86 build)",completed,success,2026-06-04T07:09:38Z,2026-06-04T07:23:28Z,830,8aafe532c9b6a72ce9d79ef4d57cc432883d5484
79470364160,26935771956,ci-1-core,"core (windows-latest, x86 build)",completed,success,2026-06-04T07:27:44Z,2026-06-04T07:40:32Z,768,a89115d790da3ec8a7b63eaaa26b780870123582
79465922719,26935700529,ci-1-core,"core (windows-latest, x86 build)",completed,cancelled,2026-06-04T06:55:34Z,2026-06-04T06:55:34Z,0,ac0bbda26e0ba6cdf5f5adce713bcce283a6d3db
79466486522,26935160933,ci-1-core,"core (windows-latest, x86 build)",completed,success,2026-06-04T07:04:51Z,2026-06-04T07:18:31Z,820,7e7ff06dfdd74be84dbd382dff7823a52475a5fa
79464909810,26935064388,ci-1-core,"core (windows-latest, x86 build)",completed,skipped,2026-06-04T06:47:51Z,2026-06-04T06:47:50Z,-1,67fd0ee240692174b769ef6fd101529d5300d5dc
79465076006,26934876189,ci-1-core,"core (windows-latest, x86 build)",completed,success,2026-06-04T06:52:13Z,2026-06-04T07:05:54Z,821,1f825a87f2919d0ea77c7fca0eeb2134c367def5
79685259831,27001347203,ci-1-core,"core (windows-latest, x86 build)",completed,cancelled,2026-06-05T07:41:39Z,2026-06-05T07:41:39Z,0,cb7675599d71426d7f6e385a417d6bbb6891b21e
79682534126,27000825558,ci-1-core,"core (windows-latest, x86 build)",completed,cancelled,2026-06-05T07:30:02Z,2026-06-05T07:43:40Z,818,aa8f9cf8a2172fcb78390c95662d9012df7652f2
79682416551,27000773342,ci-1-core,"core (windows-latest, x86 build)",completed,skipped,2026-06-05T07:20:37Z,2026-06-05T07:20:36Z,-1,ec5b9b1c066c953faf746d9bc918ee546c104fc8
79684720264,26998326424,ci-1-core,"core (windows-latest, x86 build)",completed,skipped,2026-06-05T07:37:43Z,2026-06-05T07:37:43Z,0,340f91743837b00790165ffde117054d11c2e939
79684020084,26998088572,ci-1-core,"core (windows-latest, x86 build)",completed,cancelled,2026-06-05T07:35:49Z,2026-06-05T07:45:02Z,553,dba57b9cc32eec03064924ae6c8cd4e66174023f
79673290438,26997854554,ci-1-core,"core (windows-latest, x86 build)",completed,skipped,2026-06-05T06:04:24Z,2026-06-05T06:04:24Z,0,6a5fffa5c447bea165c8881265b326def8098cfd
79674031511,26997803813,ci-1-core,"core (windows-latest, x86 build)",completed,skipped,2026-06-05T06:11:11Z,2026-06-05T06:11:10Z,-1,8f97243bfd8a991e8be52b51b63da45666cde174
79671510274,26996873886,ci-1-core,"core (windows-latest, x86 build)",completed,success,2026-06-05T05:47:33Z,2026-06-05T06:01:55Z,862,37924e007ce2cea4dd673acbc94e28bd1b9a8a3e
79671302425,26996686289,ci-1-core,"core (windows-latest, x86 build)",completed,success,2026-06-05T05:45:23Z,2026-06-05T05:57:00Z,697,0085ab3642a51d48f6b8aa6e46ce575f3ab58ef9
79671452674,26996676043,ci-1-core,"core (windows-latest, x86 build)",completed,success,2026-06-05T05:46:52Z,2026-06-05T05:55:55Z,543,0139f6893d1568d7a3ab572d8407243a5cc1156c
79669221256,26996401095,ci-1-core,"core (windows-latest, x86 build)",completed,success,2026-06-05T05:24:51Z,2026-06-05T05:39:50Z,899,8136645fd3f7de0d3ae3f93176a0471fa2149353
79667932771,26996378487,ci-1-core,"core (windows-latest, x86 build)",completed,skipped,2026-06-05T05:11:02Z,2026-06-05T05:11:02Z,0,87cca982466acf519906e4ca6859264ac8d3ba50
79668966149,26996157939,ci-1-core,"core (windows-latest, x86 build)",completed,skipped,2026-06-05T05:22:06Z,2026-06-05T05:22:06Z,0,efe389d28c51d0146bdc6fcc2c0c5e7779a7abf3
79666739587,26995850882,ci-1-core,"core (windows-latest, x86 build)",completed,success,2026-06-05T04:58:39Z,2026-06-05T05:13:33Z,894,b24885925c214807e764ccf45143429637f84c78
79665356161,26995730367,ci-1-core,"core (windows-latest, x86 build)",completed,cancelled,2026-06-05T04:43:30Z,2026-06-05T04:43:30Z,0,b0c839e38c0af6dbbf7f111f0abb00c3ee08847b
79667629676,26982047893,ci-1-core,"core (windows-latest, x86 build)",completed,skipped,2026-06-05T05:07:41Z,2026-06-05T05:07:41Z,0,f009289805a01b88be990d1b2386d88a17cc7283
79666611088,26980200384,ci-1-core,"core (windows-latest, x86 build)",completed,skipped,2026-06-05T04:57:14Z,2026-06-05T04:57:14Z,0,27c96c8ce0dc29cec9b1553721e04979e5ec5207
79619048387,26979988625,ci-1-core,"core (windows-latest, x86 build)",completed,skipped,2026-06-04T21:29:27Z,2026-06-04T21:29:27Z,0,17ccd2b1c6af118c8c9437dd265eaf030c01aa41
79619391715,26979855837,ci-1-core,"core (windows-latest, x86 build)",completed,skipped,2026-06-04T21:31:38Z,2026-06-04T21:31:37Z,-1,e9dc97aa96a2c6125ad1788449e2846c3884d32d
79617361969,26979469235,ci-1-core,"core (windows-latest, x86 build)",completed,skipped,2026-06-04T21:19:00Z,2026-06-04T21:18:59Z,-1,0f2a8fe8359d44a2d9506b03bfb3c1706fe08070
79617308722,26979449141,ci-1-core,"core (windows-latest, x86 build)",completed,skipped,2026-06-04T21:18:40Z,2026-06-04T21:18:39Z,-1,658c77cc2a76d27b7a786499fea31ee915f06837
79614144715,26978539667,ci-1-core,"core (windows-latest, x86 build)",completed,skipped,2026-06-04T21:00:13Z,2026-06-04T21:00:13Z,0,d5cdc3e8eaf00c57978b7c2a0ee3047fcee71bfc
79614357368,26977825016,ci-1-core,"core (windows-latest, x86 build)",completed,cancelled,2026-06-04T21:01:27Z,2026-06-04T21:16:34Z,907,d15267c6b672c66fc89c5eef0cf97110ec8ba801
79608818537,26976935900,ci-1-core,"core (windows-latest, x86 build)",completed,skipped,2026-06-04T20:29:39Z,2026-06-04T20:29:39Z,0,41626c5660ded46946f1e9ca0dc7a5669c065faf
79610177370,26975037935,ci-1-core,"core (windows-latest, x86 build)",completed,skipped,2026-06-04T20:37:34Z,2026-06-04T20:37:34Z,0,59c6e6b02432de7a11bb4865cd3ca6c35301538b
79614203780,26974934471,ci-1-core,"core (windows-latest, x86 build)",completed,success,2026-06-04T21:00:34Z,2026-06-04T21:15:22Z,888,6a60698afc4bc940235918b7f8d2b3a21d745ff5
79608758246,26973828425,ci-1-core,"core (windows-latest, x86 build)",completed,success,2026-06-04T20:29:20Z,2026-06-04T20:43:11Z,831,1a6174d7f1e4a581c25712f7262345e4d06a6e18
79597871123,26973737691,ci-1-core,"core (windows-latest, x86 build)",completed,cancelled,2026-06-04T19:27:20Z,2026-06-04T19:42:49Z,929,13e56bbc6b1e288e4f7c08729a639d9dd5f728b7
79595365804,26973697823,ci-1-core,"core (windows-latest, x86 build)",completed,cancelled,2026-06-04T19:13:00Z,2026-06-04T19:13:00Z,0,dd23513f28b0a5c1d37e600fb434c16db779a689
79598018770,26973645486,ci-1-core,"core (windows-latest, x86 build)",completed,success,2026-06-04T19:28:12Z,2026-06-04T19:42:11Z,839,18a5adc885732716c6e8fec085b52199125e9bdc
79666423564,26973444996,ci-1-core,"core (windows-latest, x86 build)",completed,skipped,2026-06-05T04:55:08Z,2026-06-05T04:55:08Z,0,bad54ec957c603f5b043e7b186baadf643bb4836
79597998804,26972598011,ci-1-core,"core (windows-latest, x86 build)",completed,success,2026-06-04T19:28:04Z,2026-06-04T19:42:56Z,892,9a39a0f3664cf2aebdbd61f9ac77880060daa16a
79589453124,26971246791,ci-1-core,"core (windows-latest, x86 build)",completed,success,2026-06-04T18:39:47Z,2026-06-04T18:53:22Z,815,6314fb81918803f294bb1534e5aa9dbcc4cdb6b1
79589375387,26971184428,ci-1-core,"core (windows-latest, x86 build)",completed,success,2026-06-04T18:39:20Z,2026-06-04T18:53:15Z,835,64f12fe05748ca312741f6a77f06f1392f97d292
79585910386,26970239643,ci-1-core,"core (windows-latest, x86 build)",completed,cancelled,2026-06-04T18:19:48Z,2026-06-04T18:23:25Z,217,154741d28ef874a77f7643d284f0604687754b01
79586154946,26969561038,ci-1-core,"core (windows-latest, x86 build)",completed,success,2026-06-04T18:21:09Z,2026-06-04T18:34:18Z,789,3de8fbfde89190901268e91aca02f3405934f148
79586057866,26969543498,ci-1-core,"core (windows-latest, x86 build)",completed,success,2026-06-04T18:20:37Z,2026-06-04T18:33:35Z,778,f6d9e0e99a2797938c55b541391f06ccef7658d2
79583326471,26969468873,ci-1-core,"core (windows-latest, x86 build)",completed,cancelled,2026-06-04T18:05:16Z,2026-06-04T18:05:16Z,0,6e83b0e398ebb4a35ad353cfa25aa15932bca626
79580802440,26968612375,ci-1-core,"core (windows-latest, x86 build)",completed,success,2026-06-04T17:51:28Z,2026-06-04T18:06:10Z,882,c0ac1202a7bf5cac5c84692323209e345d7bf8c4
79579324184,26968271631,ci-1-core,"core (windows-latest, x86 build)",completed,skipped,2026-06-04T17:43:06Z,2026-06-04T17:43:05Z,-1,01bcbfa8e86e717c43a8582471b0aaf05d97e0a0
79863689946,27056936366,ci-1-core,"core (windows-latest, x86 build)",completed,cancelled,2026-06-06T08:17:06Z,2026-06-06T08:17:05Z,-1,849c7ddeed394f28997692fc1ea894e223876168
79860941663,27055922402,ci-1-core,"core (windows-latest, x86 build)",completed,skipped,2026-06-06T07:27:00Z,2026-06-06T07:27:00Z,0,8a767539489b078e1f23a8cc834f78dbfa43511c
79859239418,27055314835,ci-1-core,"core (windows-latest, x86 build)",completed,skipped,2026-06-06T06:57:57Z,2026-06-06T06:57:57Z,0,90ddf8d2f89ee6b14c5c8462ec59b57c1c6295dd
79858504249,27055269706,ci-1-core,"core (windows-latest, x86 build)",completed,cancelled,2026-06-06T06:44:13Z,2026-06-06T06:44:13Z,0,1dc76203add3cdde1b746bca44e30821f13226f4
79858381427,27055264790,ci-1-core,"core (windows-latest, x86 build)",completed,cancelled,2026-06-06T06:42:01Z,2026-06-06T06:42:01Z,0,f9506278c6e85e53654a6085cd724b6cd4918d67
79857667428,27054801446,ci-1-core,"core (windows-latest, x86 build)",completed,skipped,2026-06-06T06:29:36Z,2026-06-06T06:29:35Z,-1,f9e8c580460eba5a9e073d28823caf75b1f9f483
79857048487,27054791463,ci-1-core,"core (windows-latest, x86 build)",completed,cancelled,2026-06-06T06:18:42Z,2026-06-06T06:18:41Z,-1,de500a446b829c678ca5cbfa4dc2688de3a70bd9
79857021422,27054758282,ci-1-core,"core (windows-latest, x86 build)",completed,cancelled,2026-06-06T06:18:12Z,2026-06-06T06:18:11Z,-1,7a2a40bb7d8df1337636e57286cbf1796d8918b7
79856927242,27054678359,ci-1-core,"core (windows-latest, x86 build)",completed,cancelled,2026-06-06T06:16:37Z,2026-06-06T06:16:37Z,0,7b7d8577107f70ae80bd961ce86c7a1c4944efce
79855760912,27054356915,ci-1-core,"core (windows-latest, x86 build)",completed,skipped,2026-06-06T05:57:44Z,2026-06-06T05:57:43Z,-1,21163e504a7a8c7b900da8308eed88d24d5a834c
79855734906,27054281156,ci-1-core,"core (windows-latest, x86 build)",completed,cancelled,2026-06-06T05:57:17Z,2026-06-06T05:57:17Z,0,f1a3ff99bfb441cbd93c09730ba0d84da6783f6a
79854775662,27053776262,ci-1-core,"core (windows-latest, x86 build)",completed,skipped,2026-06-06T05:41:22Z,2026-06-06T05:41:22Z,0,dd115457d733d19b57994d7cde07952a684e31a3
79854731939,27053743791,ci-1-core,"core (windows-latest, x86 build)",completed,skipped,2026-06-06T05:40:33Z,2026-06-06T05:40:32Z,-1,6223dcb8756b333fb0fa2daf7d418ace0934b523
79854666341,27053729850,ci-1-core,"core (windows-latest, x86 build)",completed,success,2026-06-06T05:39:24Z,2026-06-06T05:48:54Z,570,c1df5c274e33a204921145fe16128cea73b68cad
79853974620,27053677358,ci-1-core,"core (windows-latest, x86 build)",completed,cancelled,2026-06-06T05:26:37Z,2026-06-06T05:26:37Z,0,365c3c705c7bb7670ce1df1bca78efc55480f259
79813468371,27039387258,ci-1-core,"core (windows-latest, x86 build)",completed,success,2026-06-05T21:03:55Z,2026-06-05T21:15:30Z,695,796bd236c29175d24871c0aafc6797f9f6dd47fb
79811408899,27039368703,ci-1-core,"core (windows-latest, x86 build)",completed,cancelled,2026-06-05T20:49:58Z,2026-06-05T20:49:58Z,0,b9bc3f8a0a3c0d878345d1fba48367b369c8ec27
79811349935,27039351282,ci-1-core,"core (windows-latest, x86 build)",completed,cancelled,2026-06-05T20:49:34Z,2026-06-05T20:49:34Z,0,0025721a9bb33c7fa8cf46279e040dcfabb7c9eb
79811257505,27039334673,ci-1-core,"core (windows-latest, x86 build)",completed,cancelled,2026-06-05T20:48:57Z,2026-06-05T20:48:57Z,0,ad9278d8e8495e019a5207930b97883742fe8f26
79811240350,27039309800,ci-1-core,"core (windows-latest, x86 build)",completed,cancelled,2026-06-05T20:48:50Z,2026-06-05T20:48:49Z,-1,d89ee9ac37fafbd64eb2c5e2ce022d759c262a7d
79811129139,27039292955,ci-1-core,"core (windows-latest, x86 build)",completed,cancelled,2026-06-05T20:48:04Z,2026-06-05T20:48:04Z,0,a8d671bbc4150156bcf6901b0aadf344c7ef92f7
79811099846,27039276203,ci-1-core,"core (windows-latest, x86 build)",completed,cancelled,2026-06-05T20:47:53Z,2026-06-05T20:47:53Z,0,e9c54c6b2fe23d0879ad5fa22c4bd785c646dd99
79813498905,27037487226,ci-1-core,"core (windows-latest, x86 build)",completed,skipped,2026-06-05T21:04:04Z,2026-06-05T21:04:04Z,0,1f2e0dff8eefd7c5ac66ca9c351f322f8225b5fb
79801828123,27035909243,ci-1-core,"core (windows-latest, x86 build)",completed,success,2026-06-05T19:47:35Z,2026-06-05T19:56:42Z,547,7cc58d072c66bb888488229de66b24b8c710bca2
79799766100,27035829309,ci-1-core,"core (windows-latest, x86 build)",completed,cancelled,2026-06-05T19:33:52Z,2026-06-05T19:33:52Z,0,8e335665414cad515e06d224ddda172c90a3998e
79805913020,27032660526,ci-1-core,"core (windows-latest, x86 build)",completed,success,2026-06-05T20:13:51Z,2026-06-05T20:23:53Z,602,fa85cf1294f0a05a1bc279c2698a30c23a9d250c
79806634603,27032318884,ci-1-core,"core (windows-latest, x86 build)",completed,success,2026-06-05T20:18:37Z,2026-06-05T20:27:49Z,552,71baae3ca48ca7ab62bac604e2e73bb2b04f76b9
79806176009,27032197407,ci-1-core,"core (windows-latest, x86 build)",completed,success,2026-06-05T20:15:34Z,2026-06-05T20:24:20Z,526,247bbc81500ecfa77d472f3e7dbd7af91f885299
79804450280,27032108883,ci-1-core,"core (windows-latest, x86 build)",completed,success,2026-06-05T20:07:29Z,2026-06-05T20:14:58Z,449,28a9992adea90f50a60bce1295612c0e5efbee7a
79801180809,27031603890,ci-1-core,"core (windows-latest, x86 build)",completed,success,2026-06-05T19:44:17Z,2026-06-05T19:53:24Z,547,a9a5b3ae0d090b7460f9f9479b8b7cb88d6001b4
79801845657,27031442640,ci-1-core,"core (windows-latest, x86 build)",completed,skipped,2026-06-05T19:47:27Z,2026-06-05T19:47:27Z,0,6c76b063c9d530a24e582c084ba39e85b9d04005
79803583898,27031369140,ci-1-core,"core (windows-latest, x86 build)",completed,success,2026-06-05T20:03:38Z,2026-06-05T20:13:16Z,578,69b9507677e876105dc91d611b34ad7268ad001a
79803620360,27031356644,ci-1-core,"core (windows-latest, x86 build)",completed,success,2026-06-05T20:07:59Z,2026-06-05T20:17:18Z,559,0016a954b7703920c69bdc0daa4626afb899bfe3
79784833468,27030888696,ci-1-core,"core (windows-latest, x86 build)",completed,success,2026-06-05T18:01:54Z,2026-06-05T18:10:44Z,530,3cca7a5b18e9aaa665c78858927e08074bed6478
79782708615,27030875712,ci-1-core,"core (windows-latest, x86 build)",completed,cancelled,2026-06-05T17:48:42Z,2026-06-05T17:48:42Z,0,952e90fe37d0208203a47106cdd89b0c537e50e3
79785888721,27030861069,ci-1-core,"core (windows-latest, x86 build)",completed,success,2026-06-05T18:08:20Z,2026-06-05T18:15:48Z,448,48d4a34f092e184c7abb6c21dff45511f3c3df79
79784108504,27030564964,ci-1-core,"core (windows-latest, x86 build)",completed,skipped,2026-06-05T17:57:23Z,2026-06-05T17:57:23Z,0,d1a119a3f9474dc86571d2af33191111d0387f1c
79813599345,27030411378,ci-1-core,"core (windows-latest, x86 build)",completed,success,2026-06-05T21:04:48Z,2026-06-05T21:14:33Z,585,74ef7c31454f05b99a61b6aeeb67d2003d76c055
79783507551,27029750340,ci-1-core,"core (windows-latest, x86 build)",completed,success,2026-06-05T17:57:13Z,2026-06-05T18:06:01Z,528,57efb6d229833dd108c15ec2f6bcf12ee65e3ca1
79779235065,27029162807,ci-1-core,"core (windows-latest, x86 build)",completed,success,2026-06-05T17:27:33Z,2026-06-05T17:37:30Z,597,31fb9ff8ecaa464c7be835ff2b2fe2067bf17fd8
79778718797,27029044877,ci-1-core,"core (windows-latest, x86 build)",completed,success,2026-06-05T17:24:24Z,2026-06-05T17:33:51Z,567,3bfac4c6bd72023a6789e76b2f21efb43076986f
79779228649,27028065566,ci-1-core,"core (windows-latest, x86 build)",completed,success,2026-06-05T17:27:31Z,2026-06-05T17:34:41Z,430,3d82a39f8b0143ef81be6e9f20981afe4cafc5fe
79775407492,27027993518,ci-1-core,"core (windows-latest, x86 build)",completed,skipped,2026-06-05T17:04:10Z,2026-06-05T17:04:09Z,-1,21c322a526f18d5d9a4c4e72e632a45688a78f75
79776037184,27027977603,ci-1-core,"core (windows-latest, x86 build)",completed,success,2026-06-05T17:07:59Z,2026-06-05T17:18:23Z,624,16bc38eca1f8dd9cfdf9d3a54cb0bb78e0096035
79774264606,27027735432,ci-1-core,"core (windows-latest, x86 build)",completed,success,2026-06-05T16:57:44Z,2026-06-05T17:07:03Z,559,47fb21ff970a7233bcc5528710f33f41dd7bd9fe
79771908709,27027727637,ci-1-core,"core (windows-latest, x86 build)",completed,cancelled,2026-06-05T16:43:48Z,2026-06-05T16:43:48Z,0,de402b19c919a27599e0e174228e980c9942de48
79774151080,27027710813,ci-1-core,"core (windows-latest, x86 build)",completed,skipped,2026-06-05T16:57:03Z,2026-06-05T16:57:03Z,0,9e941f94f8805cecf58a69bc926cfc555a702a7e
79771865461,27027605151,ci-1-core,"core (windows-latest, x86 build)",completed,cancelled,2026-06-05T16:43:33Z,2026-06-05T16:43:32Z,-1,43625502ab9da6451866f96b61c908d214081f29
79769303442,27026230712,ci-1-core,"core (windows-latest, x86 build)",completed,success,2026-06-05T16:28:00Z,2026-06-05T16:37:55Z,595,e0bb8efdb87969c7d632fc77d6786328c15456c4
79767275322,27025457359,ci-1-core,"core (windows-latest, x86 build)",completed,success,2026-06-05T16:19:16Z,2026-06-05T16:25:34Z,378,122700fb63e8ba22d0aca2db41aa6ff0324ac5b7
79765472726,27025136450,ci-1-core,"core (windows-latest, x86 build)",completed,cancelled,2026-06-05T16:05:45Z,2026-06-05T16:13:26Z,461,1504d707ba111a20702578eb8a6239e0f026168d
79768887789,27024132017,ci-1-core,"core (windows-latest, x86 build)",completed,skipped,2026-06-05T16:25:26Z,2026-06-05T16:25:26Z,0,fb15d912a96bf41ce2d02f49421395b1be5d1a3f
79767941882,27023352157,ci-1-core,"core (windows-latest, x86 build)",completed,success,2026-06-05T16:24:09Z,2026-06-05T16:33:44Z,575,38c9a5e619ea979d3b4df4fd2d756a7d79b05d70
79767302131,27023318509,ci-1-core,"core (windows-latest, x86 build)",completed,success,2026-06-05T16:18:33Z,2026-06-05T16:27:34Z,541,711e4d03c2880c05d3135816470fdde1dbef0083
79767846798,27022868474,ci-1-core,"core (windows-latest, x86 build)",completed,success,2026-06-05T16:22:59Z,2026-06-05T16:32:35Z,576,d766097e1995b701926c1ff83ca3e77cb7cc66ac
79765694597,27022610019,ci-1-core,"core (windows-latest, x86 build)",completed,success,2026-06-05T16:11:18Z,2026-06-05T16:20:32Z,554,4939dea5d40908290eb467f0dbed69a857cbe8f1
79752732446,27021397253,ci-1-core,"core (windows-latest, x86 build)",completed,skipped,2026-06-05T14:54:18Z,2026-06-05T14:54:18Z,0,411a0b1f9aa048757b67da7b333c75216a53d01f
79750029795,27021291085,ci-1-core,"core (windows-latest, x86 build)",completed,cancelled,2026-06-05T14:39:53Z,2026-06-05T14:39:53Z,0,7aade708c9e1fb39a088fb2041b30bc74dffd835
79752120216,27020950028,ci-1-core,"core (windows-latest, x86 build)",completed,success,2026-06-05T14:51:04Z,2026-06-05T15:00:10Z,546,4a0d982cebd0620abee392b10b33d8821ea3e9fa
79749563608,27020424328,ci-1-core,"core (windows-latest, x86 build)",completed,skipped,2026-06-05T14:37:21Z,2026-06-05T14:37:20Z,-1,191c186249a09afbcbcf1fa95bad03d1edc5b83d
79746565168,27020403877,ci-1-core,"core (windows-latest, x86 build)",completed,cancelled,2026-06-05T14:21:17Z,2026-06-05T14:21:16Z,-1,af23bf9685db6d17af5102573f587ac506905be5
79749077480,27018977771,ci-1-core,"core (windows-latest, x86 build)",completed,skipped,2026-06-05T14:34:44Z,2026-06-05T14:34:44Z,0,7ab14dc16914c140dcbf727d5987a981693c0bd0
79742476511,27018304804,ci-1-core,"core (windows-latest, x86 build)",completed,success,2026-06-05T13:59:14Z,2026-06-05T14:09:24Z,610,6f562e1ca1dffbd54ee4995a29891a5ff2a2da4c
79742733730,27018171668,ci-1-core,"core (windows-latest, x86 build)",completed,success,2026-06-05T14:00:36Z,2026-06-05T14:09:57Z,561,b03401dc139e9f63f46edfa4b266a09ca1d46ce3
79738635436,27018157359,ci-1-core,"core (windows-latest, x86 build)",completed,cancelled,2026-06-05T13:37:56Z,2026-06-05T13:37:56Z,0,a3c302d68bc3748b34f06843fc6a498ae43ec2a3
79738585358,27018149767,ci-1-core,"core (windows-latest, x86 build)",completed,cancelled,2026-06-05T13:37:39Z,2026-06-05T13:37:39Z,0,243cb4f37be3ace93ba0acf0706227eff13399f9
79738556903,27018133966,ci-1-core,"core (windows-latest, x86 build)",completed,cancelled,2026-06-05T13:37:28Z,2026-06-05T13:37:28Z,0,f9fd025847f1a61a3401223bc83cc5c3c981f78f
79738503989,27018121160,ci-1-core,"core (windows-latest, x86 build)",completed,cancelled,2026-06-05T13:37:10Z,2026-06-05T13:37:09Z,-1,7351116bfc4a01cdffa3c4ff0e80f63ca2a0534a
79741234713,27017498190,ci-1-core,"core (windows-latest, x86 build)",completed,skipped,2026-06-05T13:52:22Z,2026-06-05T13:52:22Z,0,aafbe5cb4ef55dbe401c745d83e359c73c7df02d
79743881902,27016981079,ci-1-core,"core (windows-latest, x86 build)",completed,success,2026-06-05T14:06:43Z,2026-06-05T14:15:46Z,543,72b747ee9dd0c76898fe3dbaff5cbb719056a0b0
79733942810,27016174802,ci-1-core,"core (windows-latest, x86 build)",completed,success,2026-06-05T13:12:05Z,2026-06-05T13:20:08Z,483,8fbb23ff83b2d951ea0955d38e7ea62a762b5caa
79734091977,27015709698,ci-1-core,"core (windows-latest, x86 build)",completed,skipped,2026-06-05T13:11:48Z,2026-06-05T13:11:48Z,0,92bd84079268b1ce77aee68d562c6610f18d0356
79735812575,27015626314,ci-1-core,"core (windows-latest, x86 build)",completed,success,2026-06-05T13:25:28Z,2026-06-05T13:34:45Z,557,8a07f8e3048a40b430e984babe08ad140a67cd66
79737431419,27015247801,ci-1-core,"core (windows-latest, x86 build)",completed,success,2026-06-05T13:31:25Z,2026-06-05T13:41:48Z,623,e99329f6a684bea24ca0691459830c4f983084c4
79738033796,27014992325,ci-1-core,"core (windows-latest, x86 build)",completed,skipped,2026-06-05T13:34:31Z,2026-06-05T13:34:31Z,0,c6b6298a941da624a3c518edb4305f50d05be269
79737398511,27014979565,ci-1-core,"core (windows-latest, x86 build)",completed,skipped,2026-06-05T13:30:54Z,2026-06-05T13:30:54Z,0,a4886e38c0733e1bbe25b08fbada96013c9bbaa4
79739598880,27014821844,ci-1-core,"core (windows-latest, x86 build)",completed,skipped,2026-06-05T13:43:21Z,2026-06-05T13:43:20Z,-1,62cb2baa29a6a9537dc6f291b81576e29e18dd10
79738084991,27014747080,ci-1-core,"core (windows-latest, x86 build)",completed,success,2026-06-05T13:34:52Z,2026-06-05T13:40:21Z,329,4169c65a0208f7f0ae74cff1a5543c33bb22d638
79734354300,27014683946,ci-1-core,"core (windows-latest, x86 build)",completed,success,2026-06-05T13:28:53Z,2026-06-05T13:38:25Z,572,c31bfd6b9b9b33bc2e48500de32151e1d53712a5
79728150792,27014534780,ci-1-core,"core (windows-latest, x86 build)",completed,success,2026-06-05T12:35:02Z,2026-06-05T12:42:09Z,427,b4037be4583c52406cc5388cd0a27bcc973ebf22
79727783750,27014304330,ci-1-core,"core (windows-latest, x86 build)",completed,success,2026-06-05T12:32:40Z,2026-06-05T12:41:22Z,522,bd544bf609c2e11ed8f6e44feacc94522425007f
79726141375,27014109084,ci-1-core,"core (windows-latest, x86 build)",completed,cancelled,2026-06-05T12:21:53Z,2026-06-05T12:21:52Z,-1,70004c53c653196cff5de5b7ed064ac815880365
79724094948,27013300052,ci-1-core,"core (windows-latest, x86 build)",completed,cancelled,2026-06-05T12:08:12Z,2026-06-05T12:12:04Z,232,95becf1e1506f692ffe2c4df79ec8fb2bb63a7c4
79721944961,27013266425,ci-1-core,"core (windows-latest, x86 build)",completed,cancelled,2026-06-05T11:53:40Z,2026-06-05T11:53:40Z,0,1d830e9674571207d5f0b495a740e26faddbbdb0
79723355502,27012700483,ci-1-core,"core (windows-latest, x86 build)",completed,success,2026-06-05T12:03:21Z,2026-06-05T12:12:27Z,546,b3e707430459e3d746392c4c7305d769eb3aaa56
79721884877,27012641885,ci-1-core,"core (windows-latest, x86 build)",completed,success,2026-06-05T11:53:56Z,2026-06-05T12:03:06Z,550,102fe14c6c5d21c4a66f6b91fb88fd3caf8cd7b7
79722221366,27012523714,ci-1-core,"core (windows-latest, x86 build)",completed,success,2026-06-05T11:59:14Z,2026-06-05T12:08:06Z,532,d40ee1bbd6fdbc5cca58bb30f4fa1547ee0c943d
79720408187,27012238277,ci-1-core,"core (windows-latest, x86 build)",completed,skipped,2026-06-05T11:42:50Z,2026-06-05T11:42:49Z,-1,083cae23a038a40649fe5e73013ed458c24b10a6
79720289655,27012202281,ci-1-core,"core (windows-latest, x86 build)",completed,cancelled,2026-06-05T11:51:22Z,2026-06-05T11:52:45Z,83,5197ea68764df3b38d671b818793d3b3f811020b
79718496198,27010612466,ci-1-core,"core (windows-latest, x86 build)",completed,skipped,2026-06-05T11:29:35Z,2026-06-05T11:29:35Z,0,4328f972a34880bc8a43d83b0b8fba3703843647
79717033930,27010571634,ci-1-core,"core (windows-latest, x86 build)",completed,success,2026-06-05T11:19:14Z,2026-06-05T11:28:05Z,531,592d01bf96e1a00914f223454832920cb682717b
79718483444,27010490967,ci-1-core,"core (windows-latest, x86 build)",completed,success,2026-06-05T11:32:38Z,2026-06-05T11:41:38Z,540,f83b9f14af509bbbff36ffb787ff7be385c6bff9
79714150155,27010408484,ci-1-core,"core (windows-latest, x86 build)",completed,success,2026-06-05T10:58:54Z,2026-06-05T11:08:28Z,574,8fe6e28aba5bdf53b20aa8eb49a592eaa95858cc
79712339248,27010402596,ci-1-core,"core (windows-latest, x86 build)",completed,cancelled,2026-06-05T10:45:47Z,2026-06-05T10:45:47Z,0,2ee9cc01a94e224ccc64d0a44cf259e549b3702c
79705545607,27007869955,ci-1-core,"core (windows-latest, x86 build)",completed,success,2026-06-05T09:58:55Z,2026-06-05T10:05:44Z,409,ece3f24f4abbfbfea632f1a83d41185aaf0d8b74
79703950932,27007862016,ci-1-core,"core (windows-latest, x86 build)",completed,cancelled,2026-06-05T09:48:00Z,2026-06-05T09:48:00Z,0,b0deab66deef2d9d6f764d7a8946a51dc21a7a5e
79707092386,27007465028,ci-1-core,"core (windows-latest, x86 build)",completed,skipped,2026-06-05T10:08:53Z,2026-06-05T10:08:53Z,0,528f7532249455e4160289603ad6505f41030909
79707348405,27007449824,ci-1-core,"core (windows-latest, x86 build)",completed,success,2026-06-05T10:10:42Z,2026-06-05T10:19:32Z,530,f0fad26f00a943891fc169d69b188650817874d5
79707065779,27007320992,ci-1-core,"core (windows-latest, x86 build)",completed,success,2026-06-05T10:08:46Z,2026-06-05T10:17:22Z,516,856f1091dd30eef48fbc71435b9fb612e228efc1
79705998081,27006800844,ci-1-core,"core (windows-latest, x86 build)",completed,skipped,2026-06-05T10:01:41Z,2026-06-05T10:01:41Z,0,a7d53ad52f2657f26279e94bb67959bd63440349
79717074230,27006450940,ci-1-core,"core (windows-latest, x86 build)",completed,success,2026-06-05T11:19:30Z,2026-06-05T11:28:18Z,528,6e30b7cf6ca338b6ecb822748b567766775a4351
79697386326,27004984418,ci-1-core,"core (windows-latest, x86 build)",completed,success,2026-06-05T09:05:45Z,2026-06-05T09:14:30Z,525,199e6c9f7afcccc9970c0aad5a1055c24f9426f5
79696485536,27004918151,ci-1-core,"core (windows-latest, x86 build)",completed,success,2026-06-05T08:59:47Z,2026-06-05T09:08:41Z,534,351c43a099402500753cc42849a961e022335c5a
79694034240,27004909072,ci-1-core,"core (windows-latest, x86 build)",completed,cancelled,2026-06-05T08:42:09Z,2026-06-05T08:42:09Z,0,8ecbac8789583d82c9f61a713f34e2d79054ea6e
79694008372,27004894579,ci-1-core,"core (windows-latest, x86 build)",completed,cancelled,2026-06-05T08:41:59Z,2026-06-05T08:41:58Z,-1,7c029d6a606d9f2d5d5e4e67fd0e951e8ad00591
79697996172,27004891416,ci-1-core,"core (windows-latest, x86 build)",completed,success,2026-06-05T09:08:50Z,2026-06-05T09:17:44Z,534,65e607402574f6a02ef2cf4aa4fb483b09232b12
79693959792,27004881375,ci-1-core,"core (windows-latest, x86 build)",completed,cancelled,2026-06-05T08:41:39Z,2026-06-05T08:41:38Z,-1,4c0c30cd95811206009a5d3d38b4f79e2bd2fd4f
79693916075,27004875402,ci-1-core,"core (windows-latest, x86 build)",completed,cancelled,2026-06-05T08:41:21Z,2026-06-05T08:41:20Z,-1,745dd549e8469d0101f29f9bd8603a3dd59ff56a
79693913185,27003747097,ci-1-core,"core (windows-latest, x86 build)",completed,cancelled,2026-06-05T08:41:19Z,2026-06-05T08:41:19Z,0,d813b4cde1f45f99e6ec0d1ecf8861fc945639f5
79690111051,27003695797,ci-1-core,"core (windows-latest, x86 build)",completed,cancelled,2026-06-05T08:15:37Z,2026-06-05T08:15:37Z,0,a2835457303f21f04e2b56a656cab6e9e55f85d4
79689940200,27003688475,ci-1-core,"core (windows-latest, x86 build)",completed,cancelled,2026-06-05T08:14:27Z,2026-06-05T08:14:26Z,-1,b50fa7a603b0fef3e27a77ea19305b43fba3c754
79941788552,27086100068,ci-1-core,"core (windows-latest, x86 build)",completed,skipped,2026-06-07T07:44:20Z,2026-06-07T07:44:19Z,-1,ba16a388521961aee04752e763f8109e82b8f75f
79942055012,27085288467,ci-1-core,"core (windows-latest, x86 build)",completed,skipped,2026-06-07T07:49:06Z,2026-06-07T07:49:06Z,0,0a25e9ed7df97a710c315c9f079eb379a9884a02
79938840359,27085154673,ci-1-core,"core (windows-latest, x86 build)",completed,success,2026-06-07T06:53:08Z,2026-06-07T07:04:28Z,680,f82fe6c6521bf1a477472dded37a752d7e3c4164
79934282709,27083541912,ci-1-core,"core (windows-latest, x86 build)",completed,success,2026-06-07T05:29:03Z,2026-06-07T05:36:27Z,444,e6e5ebf9160ec3ed4c74d54a5d3bb8c76e2a06f2
79934402257,27074869245,ci-1-core,"core (windows-latest, x86 build)",completed,success,2026-06-07T05:31:19Z,2026-06-07T05:41:18Z,599,fb78f4c6185bd4285e3372bb9119c01e7fca7d7f
79907858255,27073617106,ci-1-core,"core (windows-latest, x86 build)",completed,skipped,2026-06-06T21:07:15Z,2026-06-06T21:07:15Z,0,58822dc3150d14a12ad5c1d92d9e9ab2c452f123
79907076240,27073338365,ci-1-core,"core (windows-latest, x86 build)",completed,cancelled,2026-06-06T20:53:47Z,2026-06-06T20:53:47Z,0,cab6673adfcf64fcc193b7ce198d4502163a35cf
79906334500,27073326384,ci-1-core,"core (windows-latest, x86 build)",completed,cancelled,2026-06-06T20:41:23Z,2026-06-06T20:41:23Z,0,53ee72dd3e5dc23442de61b9fa4a83b2a45b5a9d
79906304343,27073315283,ci-1-core,"core (windows-latest, x86 build)",completed,cancelled,2026-06-06T20:40:55Z,2026-06-06T20:40:55Z,0,6524b9fb3dc3071e2ee435fac041d1e9e9315fff
79906289040,27073291275,ci-1-core,"core (windows-latest, x86 build)",completed,cancelled,2026-06-06T20:40:39Z,2026-06-06T20:40:39Z,0,249962eeccc150d804e690eb33346e03f6e532ca
79907344221,27073214163,ci-1-core,"core (windows-latest, x86 build)",completed,success,2026-06-06T20:58:31Z,2026-06-06T21:08:52Z,621,793954b848fc2145bc414aaab7be61eea77b2674
79906212818,27072976869,ci-1-core,"core (windows-latest, x86 build)",completed,cancelled,2026-06-06T20:39:24Z,2026-06-06T20:39:24Z,0,7235b2dc921bf25241ae287933526dbbacc66a37
79906584045,27072692247,ci-1-core,"core (windows-latest, x86 build)",completed,skipped,2026-06-06T20:45:27Z,2026-06-06T20:45:27Z,0,486446db84b067c0555a46a5a268515fe596c244
79906286781,27070631996,ci-1-core,"core (windows-latest, x86 build)",completed,success,2026-06-06T20:40:57Z,2026-06-06T20:50:16Z,559,0df47d5490eebd37fbd72605b1308543ac5a6d61
79905316285,27070443864,ci-1-core,"core (windows-latest, x86 build)",completed,skipped,2026-06-06T20:24:38Z,2026-06-06T20:24:38Z,0,46c64f864ba6d8f044592f0b38dff2e98deebe90
79905799117,27070420700,ci-1-core,"core (windows-latest, x86 build)",completed,success,2026-06-06T20:32:40Z,2026-06-06T20:41:41Z,541,2fd305110bfff76d56c61127838765d777f668b0
79905169098,27070374304,ci-1-core,"core (windows-latest, x86 build)",completed,success,2026-06-06T20:24:42Z,2026-06-06T20:34:24Z,582,e0c65c7d5d2ba1a3ad220748e48a01876fcdead4
79905808003,27070288729,ci-1-core,"core (windows-latest, x86 build)",completed,success,2026-06-06T20:40:15Z,2026-06-06T20:49:43Z,568,41bee65e03eb946905d08f29ea24b7c2c2277780
79905246785,27069929536,ci-1-core,"core (windows-latest, x86 build)",completed,success,2026-06-06T20:28:49Z,2026-06-06T20:38:38Z,589,c99e92f466b7b93960680912d59bb7988e5d4c6d
79897523064,27069807388,ci-1-core,"core (windows-latest, x86 build)",completed,success,2026-06-06T18:12:51Z,2026-06-06T18:22:38Z,587,487922e6b425892d2efd265b0b6b67a51aac3905
79896872946,27069446644,ci-1-core,"core (windows-latest, x86 build)",completed,success,2026-06-06T18:01:49Z,2026-06-06T18:11:41Z,592,76088889377491ee71603ebe4a4288f8f8c02c08
79896003171,27069371795,ci-1-core,"core (windows-latest, x86 build)",completed,cancelled,2026-06-06T17:47:13Z,2026-06-06T17:47:13Z,0,bdd60d2a89860732c318c8bfb510c1f3965d632e
79895769321,27069336435,ci-1-core,"core (windows-latest, x86 build)",completed,cancelled,2026-06-06T17:43:12Z,2026-06-06T17:43:12Z,0,6f5b787f023801bd1469e74545d054d4b03cfcf9
79895678217,27069285296,ci-1-core,"core (windows-latest, x86 build)",completed,cancelled,2026-06-06T17:41:37Z,2026-06-06T17:41:37Z,0,2266d6f273833744d34eecb8e79e0937c529259e
79895541912,27069187581,ci-1-core,"core (windows-latest, x86 build)",completed,cancelled,2026-06-06T17:39:19Z,2026-06-06T17:39:19Z,0,6059765dc5cca9457715cc0f03f9cf3c1693913a
79894990109,27069070765,ci-1-core,"core (windows-latest, x86 build)",completed,skipped,2026-06-06T17:30:01Z,2026-06-06T17:30:01Z,0,a454a1c0fea6f04582470ea33dcb2c30e00b89a1
79894901085,27069043575,ci-1-core,"core (windows-latest, x86 build)",completed,skipped,2026-06-06T17:28:33Z,2026-06-06T17:28:33Z,0,973ac78ea889ee7a7b11317b6a38f3f8825847b3
79894466673,27068876629,ci-1-core,"core (windows-latest, x86 build)",completed,skipped,2026-06-06T17:21:20Z,2026-06-06T17:21:20Z,0,e85d2b68f713eb6241856bd04c8f12f0b4538023
79893309538,27068442435,ci-1-core,"core (windows-latest, x86 build)",completed,skipped,2026-06-06T17:02:17Z,2026-06-06T17:02:16Z,-1,bbcda02644cd099575e9670b5101a7c51a730217
79892595094,27067723025,ci-1-core,"core (windows-latest, x86 build)",completed,skipped,2026-06-06T16:50:45Z,2026-06-06T16:50:44Z,-1,4e755366b7734ed75b23f32d5a0640e4cca66bde
79890478113,27067359443,ci-1-core,"core (windows-latest, x86 build)",completed,skipped,2026-06-06T16:16:06Z,2026-06-06T16:16:06Z,0,458cd39591bd6c54903984b8fcd5897080d64358
79890452558,27067194199,ci-1-core,"core (windows-latest, x86 build)",completed,cancelled,2026-06-06T16:15:40Z,2026-06-06T16:15:39Z,-1,b084b5d8faa9bdb6b7c7e41f4c5a420103e032a2
79890030014,27066789621,ci-1-core,"core (windows-latest, x86 build)",completed,cancelled,2026-06-06T16:08:39Z,2026-06-06T16:08:39Z,0,a954927cdc1c246442c6d76dae99840a09b6bc18
79886808063,27065967083,ci-1-core,"core (windows-latest, x86 build)",completed,skipped,2026-06-06T15:15:29Z,2026-06-06T15:15:29Z,0,bccb4c905c5ec485a32e91161425846ac1492ff4
79887595712,27065955768,ci-1-core,"core (windows-latest, x86 build)",completed,success,2026-06-06T15:28:54Z,2026-06-06T15:38:45Z,591,d02012bc2c0070a44c9fb48c828567995f37de9b
79886755477,27065948334,ci-1-core,"core (windows-latest, x86 build)",completed,cancelled,2026-06-06T15:14:36Z,2026-06-06T15:14:36Z,0,50f7ee320cb2c8f98dad420d67ef893a4df51d1e
79886745931,27065941552,ci-1-core,"core (windows-latest, x86 build)",completed,cancelled,2026-06-06T15:14:27Z,2026-06-06T15:14:26Z,-1,2f1633b51ad328391b84e66d7c3e44b95ec0e7ad
79886632752,27065903090,ci-1-core,"core (windows-latest, x86 build)",completed,skipped,2026-06-06T15:12:33Z,2026-06-06T15:12:33Z,0,30110a03b3b3fad50f5eb25b15e7f12a3dbd32ef
79886504289,27065423544,ci-1-core,"core (windows-latest, x86 build)",completed,success,2026-06-06T15:10:28Z,2026-06-06T15:21:17Z,649,e570b289f6b5eb463252e3adfa98f7213be8b22a
79886158975,27065371081,ci-1-core,"core (windows-latest, x86 build)",completed,skipped,2026-06-06T15:04:41Z,2026-06-06T15:04:40Z,-1,7a3499848c194f6e37bd8c0b9a76cf2faedb2e69
79885904663,27065302148,ci-1-core,"core (windows-latest, x86 build)",completed,success,2026-06-06T15:00:42Z,2026-06-06T15:10:27Z,585,4162074ee058459c14c9d1d064ab8700ea9d368e
79885030946,27064981636,ci-1-core,"core (windows-latest, x86 build)",completed,success,2026-06-06T14:46:16Z,2026-06-06T14:55:56Z,580,ee64b3e92df4995b4f86c91a7e2fe9cb79f82789
79884152111,27064836374,ci-1-core,"core (windows-latest, x86 build)",completed,cancelled,2026-06-06T14:31:59Z,2026-06-06T14:31:58Z,-1,40f0e1c020e4d609b22af4799a133dd0d4b460fe
79883779094,27064683814,ci-1-core,"core (windows-latest, x86 build)",completed,cancelled,2026-06-06T14:25:43Z,2026-06-06T14:25:42Z,-1,eb2f6191046c44a508ced7040a45f3fffd2e6793
79883986428,27064510981,ci-1-core,"core (windows-latest, x86 build)",completed,success,2026-06-06T14:29:31Z,2026-06-06T14:35:29Z,358,d7399ac81a59958d91b0b0807f21387e84167db7
79883743031,27064358418,ci-1-core,"core (windows-latest, x86 build)",completed,success,2026-06-06T14:25:06Z,2026-06-06T14:34:32Z,566,c24fe9be32e0d743cf92b8e1dc03ba05c0b75603
79883995061,27064350444,ci-1-core,"core (windows-latest, x86 build)",completed,success,2026-06-06T14:29:34Z,2026-06-06T14:39:25Z,591,ccde7205ef08e4d0cfe3d4f99e167fd40ac2c1bf
79882958041,27064269979,ci-1-core,"core (windows-latest, x86 build)",completed,skipped,2026-06-06T14:11:26Z,2026-06-06T14:11:26Z,0,5d076734fa812e83a28ff470dd1982a8bfb864c8
79883313076,27064266178,ci-1-core,"core (windows-latest, x86 build)",completed,success,2026-06-06T14:19:16Z,2026-06-06T14:27:59Z,523,4aaee90c15fb26845f85b9c30c2e6fe287e9fd9c
79882270185,27064247710,ci-1-core,"core (windows-latest, x86 build)",completed,cancelled,2026-06-06T14:00:03Z,2026-06-06T14:00:03Z,0,ba879683290a196b35c0e1b8b2210e73948d443d
79882222011,27064119756,ci-1-core,"core (windows-latest, x86 build)",completed,cancelled,2026-06-06T13:59:14Z,2026-06-06T13:59:14Z,0,f59680768afbce0c340335ca946dc3c14d0bd4e1
79881874319,27063803931,ci-1-core,"core (windows-latest, x86 build)",completed,cancelled,2026-06-06T13:53:10Z,2026-06-06T13:53:10Z,0,f5fc7109565d631c1822d8839c76a28f099e8ec1
79881035145,27063767688,ci-1-core,"core (windows-latest, x86 build)",completed,cancelled,2026-06-06T13:38:29Z,2026-06-06T13:38:29Z,0,4f026a57f963056af203d832d0ec7d4a76999b52
79880934692,27063764420,ci-1-core,"core (windows-latest, x86 build)",completed,cancelled,2026-06-06T13:36:47Z,2026-06-06T13:36:47Z,0,14e7c1094470eb21452d0b14204caf33aebeef8f
79882147531,27063759018,ci-1-core,"core (windows-latest, x86 build)",completed,success,2026-06-06T13:58:03Z,2026-06-06T14:08:12Z,609,1ab76efcc0dc2640ad24301c0646a2e4f2021e70
79880924873,27063754924,ci-1-core,"core (windows-latest, x86 build)",completed,cancelled,2026-06-06T13:36:38Z,2026-06-06T13:36:38Z,0,574c11bdd2eecf175cc53473fae3bffdc6d0c060
79880898771,27063750819,ci-1-core,"core (windows-latest, x86 build)",completed,cancelled,2026-06-06T13:36:14Z,2026-06-06T13:36:14Z,0,073b2a61a5ad5d6b3f1b5d97378286a79d007461
79881629614,27063718247,ci-1-core,"core (windows-latest, x86 build)",completed,success,2026-06-06T13:50:43Z,2026-06-06T14:00:08Z,565,0a1a77dab5868da85d983307db81a099b2414178
79882206465,27063648648,ci-1-core,"core (windows-latest, x86 build)",completed,skipped,2026-06-06T13:58:59Z,2026-06-06T13:58:59Z,0,bd7568c6fc0a24f3f437662a41a1317cb9fb6717
79882235767,27063545116,ci-1-core,"core (windows-latest, x86 build)",completed,success,2026-06-06T13:59:54Z,2026-06-06T14:09:46Z,592,060a4c1b055ed0bcaa34d2e93c09e9adb63fba53
79880802106,27063518307,ci-1-core,"core (windows-latest, x86 build)",completed,cancelled,2026-06-06T13:34:35Z,2026-06-06T13:34:35Z,0,97f14df4bb2ad85db1dcd254824f93efb387a273
79879256892,27062827794,ci-1-core,"core (windows-latest, x86 build)",completed,success,2026-06-06T13:08:24Z,2026-06-06T13:18:13Z,589,e226e36e2ead7af4d4dc31be201a180dccede4f8
79878487012,27062823201,ci-1-core,"core (windows-latest, x86 build)",completed,cancelled,2026-06-06T12:53:25Z,2026-06-06T12:53:25Z,0,efdde78392fad2763afef45eb7b3de3f4c6336af
79878462669,27062820489,ci-1-core,"core (windows-latest, x86 build)",completed,cancelled,2026-06-06T12:53:00Z,2026-06-06T12:52:59Z,-1,3defc0e095363468326285fb8daa988c5b82ba5e
79878455696,27062817659,ci-1-core,"core (windows-latest, x86 build)",completed,cancelled,2026-06-06T12:52:52Z,2026-06-06T12:52:52Z,0,16ec03b72b33f30d349f6c0aae2202b9504ebf37
79878449714,27062815003,ci-1-core,"core (windows-latest, x86 build)",completed,cancelled,2026-06-06T12:52:46Z,2026-06-06T12:52:46Z,0,4a60dd8a197014600dee88661db7e3016fed3c2f
79879547382,27062584495,ci-1-core,"core (windows-latest, x86 build)",completed,success,2026-06-06T13:21:13Z,2026-06-06T13:30:19Z,546,44fd8290d17e881e1d7f1af77c1bd49049f094eb
79879584784,27062360191,ci-1-core,"core (windows-latest, x86 build)",completed,success,2026-06-06T13:22:41Z,2026-06-06T13:32:50Z,609,1c00be7475baaafbdecfcc24ea8e298330e57eb8
79880281878,27061689735,ci-1-core,"core (windows-latest, x86 build)",completed,cancelled,2026-06-06T13:25:42Z,2026-06-06T13:25:42Z,0,ac054408c06569ece339bc483d627ab2fefe0b90
79880089540,27061618410,ci-1-core,"core (windows-latest, x86 build)",completed,success,2026-06-06T13:22:39Z,2026-06-06T13:32:21Z,582,bc7763a4994944eae819bc75a8169b16b3f75a4a
79879642514,27061546548,ci-1-core,"core (windows-latest, x86 build)",completed,success,2026-06-06T13:22:11Z,2026-06-06T13:30:59Z,528,b1170b1d30c53fb3a0b5fa72706750d4e909ac37
79880116311,27061455393,ci-1-core,"core (windows-latest, x86 build)",completed,success,2026-06-06T13:25:43Z,2026-06-06T13:35:05Z,562,7290dc77c9ade2ee8a3fb42bba2bba27b39b8dea
79874109467,27060864259,ci-1-core,"core (windows-latest, x86 build)",completed,success,2026-06-06T11:37:59Z,2026-06-06T11:47:20Z,561,ae6d1178dbbafdbe99d528b1559849b2138718c5
79873386924,27060855798,ci-1-core,"core (windows-latest, x86 build)",completed,cancelled,2026-06-06T11:19:15Z,2026-06-06T11:19:15Z,0,c84c7a464bdf7eafa1d887d7331ffe88b13eb7dd
79873374747,27060849810,ci-1-core,"core (windows-latest, x86 build)",completed,cancelled,2026-06-06T11:19:00Z,2026-06-06T11:19:00Z,0,57bbb8aebfb422c34bb736b94b54f3fe05b6c48e
79874174034,27059188095,ci-1-core,"core (windows-latest, x86 build)",completed,success,2026-06-06T11:42:16Z,2026-06-06T11:51:26Z,550,2f4b26607058d0c8639309471dc8f43a9b44db56
79874845188,27058911121,ci-1-core,"core (windows-latest, x86 build)",completed,success,2026-06-06T11:47:04Z,2026-06-06T11:56:13Z,549,983263d34a1d7f742f89daa9d388bd3110b33123
79874113117,27058896850,ci-1-core,"core (windows-latest, x86 build)",completed,success,2026-06-06T11:38:54Z,2026-06-06T11:48:18Z,564,84fca26186ebd48b7e94104201934f7a8991ad71
79874207344,27058722744,ci-1-core,"core (windows-latest, x86 build)",completed,success,2026-06-06T11:36:22Z,2026-06-06T11:44:00Z,458,4260446966b0800260859e9a4e99e0fc60685551
79868602597,27058660621,ci-1-core,"core (windows-latest, x86 build)",completed,success,2026-06-06T09:48:42Z,2026-06-06T09:58:23Z,581,a7956eff380d9428d3f2c8de8db7b9e9ea000d54
79868710883,27058621479,ci-1-core,"core (windows-latest, x86 build)",completed,success,2026-06-06T09:50:47Z,2026-06-06T10:00:36Z,589,fe0ecf6f21b4c3b047eded0ea80f6561d8a2d60d
79874958170,27058599222,ci-1-core,"core (windows-latest, x86 build)",completed,success,2026-06-06T11:49:19Z,2026-06-06T11:58:20Z,541,22fb20d939e73712ad16ab20f98e253914e18d22
79868135876,27058542369,ci-1-core,"core (windows-latest, x86 build)",completed,success,2026-06-06T09:40:02Z,2026-06-06T09:49:16Z,554,c3bbff4ca152076c11641241b4f501948103579c
79868604937,27058295622,ci-1-core,"core (windows-latest, x86 build)",completed,success,2026-06-06T09:48:45Z,2026-06-06T09:57:36Z,531,26b029ecceaeec077fdbba2a1acd06c10038eb1d
79866819351,27058099650,ci-1-core,"core (windows-latest, x86 build)",completed,success,2026-06-06T09:14:28Z,2026-06-06T09:23:28Z,540,98f24844df3cb5c869db1bbaec59c755822d3a15
79867177646,27057865030,ci-1-core,"core (windows-latest, x86 build)",completed,success,2026-06-06T09:20:54Z,2026-06-06T09:29:51Z,537,a1338cf3a8bad82c14273185ec6209cdbaad88ef
79975174076,27098538258,ci-1-core,"core (windows-latest, x86 build)",completed,cancelled,2026-06-07T16:44:01Z,2026-06-07T16:44:01Z,0,276e24a439627b49ef55049abe041fc8b94e31e4
79973917326,27097811820,ci-1-core,"core (windows-latest, x86 build)",completed,skipped,2026-06-07T16:24:43Z,2026-06-07T16:24:43Z,0,49c8c357882a2e71ee6e436df6340de38a64f870
79974009280,27097724898,ci-1-core,"core (windows-latest, x86 build)",completed,success,2026-06-07T16:26:14Z,2026-06-07T16:35:06Z,532,8824e9e9b5b12510295a54d83ce8565c25928834
79973806190,27097678060,ci-1-core,"core (windows-latest, x86 build)",completed,success,2026-06-07T16:22:57Z,2026-06-07T16:33:14Z,617,b7d77a9f2ae2513e93b133f7fd9fa569f2a770e3
79973046423,27097637942,ci-1-core,"core (windows-latest, x86 build)",completed,cancelled,2026-06-07T16:10:28Z,2026-06-07T16:10:28Z,0,47379cb6d58900a80bbaf551b2c81525b2bb388e
79972576065,27097556488,ci-1-core,"core (windows-latest, x86 build)",completed,cancelled,2026-06-07T16:03:15Z,2026-06-07T16:03:14Z,-1,1c3cbe59172014e8e2e05d223636c28e8f7acdbe
79972618492,27096987885,ci-1-core,"core (windows-latest, x86 build)",completed,skipped,2026-06-07T16:03:54Z,2026-06-07T16:03:54Z,0,c31a4a58ffc3e73e3057d54df5846633b80214a4
79971477955,27096881084,ci-1-core,"core (windows-latest, x86 build)",completed,success,2026-06-07T15:46:32Z,2026-06-07T15:56:05Z,573,f61f04be4c06337d4f5696433f76fd94c2f4f0e2
79971391851,27096787344,ci-1-core,"core (windows-latest, x86 build)",completed,success,2026-06-07T15:45:17Z,2026-06-07T15:54:06Z,529,b74f52c5366616ecda081d94fefe3a0ea59ce858
79971400694,27096763226,ci-1-core,"core (windows-latest, x86 build)",completed,success,2026-06-07T15:45:24Z,2026-06-07T15:55:34Z,610,02ec04720d2659ae49b0b6fe7a33d05cf450a3cf
79970554706,27096669381,ci-1-core,"core (windows-latest, x86 build)",completed,cancelled,2026-06-07T15:32:40Z,2026-06-07T15:32:40Z,0,14c230449f04936de6322d6517ac5f89f635f9c2
79969974891,27096498208,ci-1-core,"core (windows-latest, x86 build)",completed,cancelled,2026-06-07T15:24:11Z,2026-06-07T15:24:11Z,0,73931a6421ab7b58676b4c942ebfe5ab6596bf45
79958542524,27092201196,ci-1-core,"core (windows-latest, x86 build)",completed,skipped,2026-06-07T12:25:24Z,2026-06-07T12:25:24Z,0,bdf704d5a90654349ecec849b7822b9c903c734a
79958600711,27092012006,ci-1-core,"core (windows-latest, x86 build)",completed,success,2026-06-07T12:26:27Z,2026-06-07T12:38:57Z,750,fc93b1508113d7445aba72b49cf788fa81188773
79969271683,27091804885,ci-1-core,"core (windows-latest, x86 build)",completed,success,2026-06-07T15:13:28Z,2026-06-07T15:22:19Z,531,6125f44f52296e6e1876107c53705267e2e5d74e
79956581312,27091466940,ci-1-core,"core (windows-latest, x86 build)",completed,success,2026-06-07T11:53:41Z,2026-06-07T12:00:44Z,423,66b048043404c140e7a6c6d7ebfaa799b2807d24
79955748027,27091452821,ci-1-core,"core (windows-latest, x86 build)",completed,cancelled,2026-06-07T11:39:25Z,2026-06-07T11:39:25Z,0,05fe2ce5320e778cc8383ecc14b009e8b72a36d7
79955707532,27091444802,ci-1-core,"core (windows-latest, x86 build)",completed,cancelled,2026-06-07T11:38:43Z,2026-06-07T11:38:43Z,0,c771b597abee66a434ab086e95922d5123f88e4a
79958763609,27089863922,ci-1-core,"core (windows-latest, x86 build)",completed,success,2026-06-07T12:29:09Z,2026-06-07T12:38:19Z,550,db24b159f76c22d4e99a6e9decae5272cdd7414b
79956639545,27089364402,ci-1-core,"core (windows-latest, x86 build)",completed,success,2026-06-07T11:54:41Z,2026-06-07T12:04:19Z,578,b4c4d469844b10e341b9f2b5a28dd6c4657352eb
79949625896,27088773300,ci-1-core,"core (windows-latest, x86 build)",completed,success,2026-06-07T09:57:49Z,2026-06-07T10:07:20Z,571,dd276905f82fa32a3377694dbf184da359add940
79949145901,27088752795,ci-1-core,"core (windows-latest, x86 build)",completed,success,2026-06-07T09:49:26Z,2026-06-07T09:59:36Z,610,cb49c487644380089275e63f85d9627a838c1e15
79948784220,27088727167,ci-1-core,"core (windows-latest, x86 build)",completed,skipped,2026-06-07T09:43:12Z,2026-06-07T09:43:12Z,0,879c579efd9328bac6e70804571c0e1030017a76
79949475052,27088560222,ci-1-core,"core (windows-latest, x86 build)",completed,success,2026-06-07T09:55:09Z,2026-06-07T10:04:29Z,560,fdc4844c1267874d09e82254803e000dab098d6d
79948276833,27088393473,ci-1-core,"core (windows-latest, x86 build)",completed,success,2026-06-07T09:34:18Z,2026-06-07T09:44:05Z,587,d1d3478a8f93d0e0f63991e9e29f2bc7e194ed32
79947780538,27088310112,ci-1-core,"core (windows-latest, x86 build)",completed,success,2026-06-07T09:25:49Z,2026-06-07T09:35:14Z,565,dbdd9c70ae91bb7b7b6114f4bbf00af217d251ab
79947022701,27088265779,ci-1-core,"core (windows-latest, x86 build)",completed,cancelled,2026-06-07T09:12:42Z,2026-06-07T09:12:42Z,0,3477b31d6961003dff0433982da091bfc52baf07
79946165493,27087576402,ci-1-core,"core (windows-latest, x86 build)",completed,success,2026-06-07T08:59:13Z,2026-06-07T09:08:30Z,557,e36f1c40e876fda7a4cfe2451b71b0f148e821d1
79945162616,27086942474,ci-1-core,"core (windows-latest, x86 build)",completed,success,2026-06-07T08:42:17Z,2026-06-07T08:51:33Z,556,346cf71c781bfff3d7c03b7a833fe0bf58647048
80040616679,27121767322,ci-1-core,"core (windows-latest, x86 build)",completed,cancelled,2026-06-08T07:13:22Z,2026-06-08T07:13:22Z,0,f501bb56f0bfe4349820cbaefd0fc9c232cf7672
80040767583,27120435531,ci-1-core,"core (windows-latest, x86 build)",completed,skipped,2026-06-08T07:14:27Z,2026-06-08T07:14:27Z,0,4d285077d8c7c9a9be4f7b2c31d05465a26be7f1
80038831864,27120400529,ci-1-core,"core (windows-latest, x86 build)",completed,skipped,2026-06-08T07:00:31Z,2026-06-08T07:00:31Z,0,3fce8dc941c48a380f0f08802a85f6a7d6b1b250
80037511438,27120372955,ci-1-core,"core (windows-latest, x86 build)",completed,success,2026-06-08T06:51:01Z,2026-06-08T07:00:51Z,590,40dc6a71a5f0c3c167d6294a31469e69b062f5be
80037620619,27120350379,ci-1-core,"core (windows-latest, x86 build)",completed,cancelled,2026-06-08T07:02:16Z,2026-06-08T07:11:45Z,569,764e6811913d82d0900e407a9285e62210a8678f
80035774388,27119135612,ci-1-core,"core (windows-latest, x86 build)",completed,success,2026-06-08T06:36:13Z,2026-06-08T06:45:37Z,564,379f70dcd95a6ecd04b605bd9430477d07340669
80032125287,27118660202,ci-1-core,"core (windows-latest, x86 build)",completed,skipped,2026-06-08T06:05:38Z,2026-06-08T06:05:37Z,-1,d860877929f01a080681a9a0cc9d35c2f6b7a901
80030703053,27118447754,ci-1-core,"core (windows-latest, x86 build)",completed,cancelled,2026-06-08T05:51:49Z,2026-06-08T05:51:49Z,0,95f414062bfd00ecbd449f807f0ad699077473c2
80031056046,27117817197,ci-1-core,"core (windows-latest, x86 build)",completed,skipped,2026-06-08T05:55:16Z,2026-06-08T05:55:16Z,0,9adf6906def8fc94dfc97fa3e26f2f50dc1371e4
80028605990,27116952825,ci-1-core,"core (windows-latest, x86 build)",completed,skipped,2026-06-08T05:30:29Z,2026-06-08T05:30:29Z,0,ac99653c779777612cbfbbb688fe1f1043010a53
80026542073,27116819071,ci-1-core,"core (windows-latest, x86 build)",completed,skipped,2026-06-08T05:07:56Z,2026-06-08T05:07:56Z,0,fc5e00e3fadb06a4b326bb94c2270bf8595e0930
80025336696,27116800491,ci-1-core,"core (windows-latest, x86 build)",completed,cancelled,2026-06-08T04:54:21Z,2026-06-08T04:54:21Z,0,1bb7dd749d28a1e6273f7b61cf688cb006aaeb53
80025283987,27116746425,ci-1-core,"core (windows-latest, x86 build)",completed,cancelled,2026-06-08T04:53:45Z,2026-06-08T04:53:45Z,0,ad7819803ae109b6bd3efe31ffaa9f5a5445896d
80026602263,27103850062,ci-1-core,"core (windows-latest, x86 build)",completed,skipped,2026-06-08T05:08:34Z,2026-06-08T05:08:34Z,0,62f0de263f3a9fe64f11c9f751bed9083bc7a6d8
80026547665,27103784604,ci-1-core,"core (windows-latest, x86 build)",completed,skipped,2026-06-08T05:08:00Z,2026-06-08T05:07:59Z,-1,acbc0b43d7332b7a8e2504c96f63778c0d23254a
79989158152,27103274589,ci-1-core,"core (windows-latest, x86 build)",completed,success,2026-06-07T20:23:57Z,2026-06-07T20:33:35Z,578,17232119c5ee1d0bfd8796332575d760655bd1fd
79988571958,27102761611,ci-1-core,"core (windows-latest, x86 build)",completed,success,2026-06-07T20:14:40Z,2026-06-07T20:23:58Z,558,5a068f949b0ff1845893120cde8ff2e501b5f0e3
79988545206,27102739444,ci-1-core,"core (windows-latest, x86 build)",completed,success,2026-06-07T20:14:15Z,2026-06-07T20:22:26Z,491,cceaf0a2c2dd7372042117e71a2dfc9af610000f
79988243394,27102733173,ci-1-core,"core (windows-latest, x86 build)",completed,cancelled,2026-06-07T20:09:27Z,2026-06-07T20:09:27Z,0,25c2d30085622d43645a6264b446d374d752358f
79987111839,27102697444,ci-1-core,"core (windows-latest, x86 build)",completed,success,2026-06-07T19:52:04Z,2026-06-07T19:59:18Z,434,b7574e971d6d640fa332781fd656f69860a9424c
79983886196,27101505222,ci-1-core,"core (windows-latest, x86 build)",completed,skipped,2026-06-07T19:01:40Z,2026-06-07T19:01:40Z,0,2b7a5a3d58262a96a43f811c092d73c08565d929
79982965179,27101481235,ci-1-core,"core (windows-latest, x86 build)",completed,cancelled,2026-06-07T18:47:34Z,2026-06-07T18:47:34Z,0,36aa2dd7863b399fd8bc1ba08eff1d15362981af
79982892349,27101468311,ci-1-core,"core (windows-latest, x86 build)",completed,cancelled,2026-06-07T18:46:32Z,2026-06-07T18:46:32Z,0,65fd3c03063a71a5b66faab71ed0190ea67594ec
79982851328,27101454819,ci-1-core,"core (windows-latest, x86 build)",completed,cancelled,2026-06-07T18:45:58Z,2026-06-07T18:45:57Z,-1,39dddf200f5e2331694b62407f423da66297e8b7
79982812093,27101444891,ci-1-core,"core (windows-latest, x86 build)",completed,cancelled,2026-06-07T18:45:27Z,2026-06-07T18:45:27Z,0,63250158838f2835fad7e878089358ada66adf13
79983998922,27100959451,ci-1-core,"core (windows-latest, x86 build)",completed,success,2026-06-07T19:03:23Z,2026-06-07T19:12:23Z,540,c43b56d032587110f3dbcbdfe0bf16525bf27883
79981665200,27100723516,ci-1-core,"core (windows-latest, x86 build)",completed,success,2026-06-07T18:27:49Z,2026-06-07T18:36:51Z,542,80a08629bc03a1223ff9121075207b238de31be3
79981921293,27100558093,ci-1-core,"core (windows-latest, x86 build)",completed,skipped,2026-06-07T18:31:45Z,2026-06-07T18:31:45Z,0,9348dbcb650acb2deda4b35d8dbc06c4b23f0c23
79982354427,27100554660,ci-1-core,"core (windows-latest, x86 build)",completed,success,2026-06-07T18:38:29Z,2026-06-07T18:47:48Z,559,c0f56d5a560e13841b803efd4ef24c96d77512aa
79981031153,27100492965,ci-1-core,"core (windows-latest, x86 build)",completed,success,2026-06-07T18:24:29Z,2026-06-07T18:35:10Z,641,20feef8eee8c045b48105263e7b6463aaad562e9
79980844293,27100215743,ci-1-core,"core (windows-latest, x86 build)",completed,success,2026-06-07T18:14:25Z,2026-06-07T18:24:19Z,594,3629e8da310ce58287900de37e5683227aadcf61
79980121119,27100147909,ci-1-core,"core (windows-latest, x86 build)",completed,cancelled,2026-06-07T18:02:56Z,2026-06-07T18:03:57Z,61,67c33197ee0c5dbb337c684b584fc6db1c40c7f4
79980246840,27100128708,ci-1-core,"core (windows-latest, x86 build)",completed,success,2026-06-07T18:06:19Z,2026-06-07T18:17:28Z,669,e4c914de0c0d516fde769b278dd05612352ab6de
79979179379,27099719458,ci-1-core,"core (windows-latest, x86 build)",completed,skipped,2026-06-07T17:48:06Z,2026-06-07T17:48:06Z,0,74851d5e20bdce9b18f9082938b840d9a501b4d9
79980850904,27099681542,ci-1-core,"core (windows-latest, x86 build)",completed,success,2026-06-07T18:14:32Z,2026-06-07T18:24:37Z,605,885e759af09f950375d266ff722a1e88f9e5d895
79978772746,27099617383,ci-1-core,"core (windows-latest, x86 build)",completed,success,2026-06-07T17:41:21Z,2026-06-07T17:50:19Z,538,001a4365847e84b678b6fc92d9d5e1155bab7cfd
79978207581,27099426593,ci-1-core,"core (windows-latest, x86 build)",completed,success,2026-06-07T17:32:20Z,2026-06-07T17:41:44Z,564,68e55cd6f7d775ecdbe9da0c2214775ca5b46e2c
79977354548,27099419644,ci-1-core,"core (windows-latest, x86 build)",completed,cancelled,2026-06-07T17:18:42Z,2026-06-07T17:18:41Z,-1,a1f02e5345fbfc4ddeb7896a0dcf6aaa7267fa9a
79978272289,27099200198,ci-1-core,"core (windows-latest, x86 build)",completed,success,2026-06-07T17:33:20Z,2026-06-07T17:42:10Z,530,115e43db7ac0f16a27a120ba22e9d7d4c101e608
80055870631,27126332374,ci-1-core,"core (windows-latest, x86 build)",completed,cancelled,2026-06-08T08:49:06Z,2026-06-08T08:49:06Z,0,d2ac4c6b7c291cb9c48e9bc118f428919fdcf169
80051428791,27124331841,ci-1-core,"core (windows-latest, x86 build)",completed,success,2026-06-08T08:23:03Z,2026-06-08T08:32:17Z,554,3da2dd6f982d9d71b19179a99c97a327d3cd7695
80051509162,27124122714,ci-1-core,"core (windows-latest, x86 build)",completed,success,2026-06-08T08:23:31Z,2026-06-08T08:33:24Z,593,6d2b43babf9782c43c5a00825eff5ebc64058dd5
80049630450,27123899777,ci-1-core,"core (windows-latest, x86 build)",completed,success,2026-06-08T08:15:57Z,2026-06-08T08:25:44Z,587,ae49d5f7ec4d19c4bdf78583f672c201eff7751d
80047433127,27123869894,ci-1-core,"core (windows-latest, x86 build)",completed,cancelled,2026-06-08T07:59:03Z,2026-06-08T07:59:02Z,-1,a97cdef5c885445707621d7a2ee2b4efd8b4d4b5
80048393590,27123428886,ci-1-core,"core (windows-latest, x86 build)",completed,success,2026-06-08T08:04:57Z,2026-06-08T08:14:45Z,588,0b175681f69ecd6cff0f26f94064452054851b5a
80046560211,27122847698,ci-1-core,"core (windows-latest, x86 build)",completed,success,2026-06-08T07:53:35Z,2026-06-08T08:00:45Z,430,bc03178b9ccf0a2e621e8cbadc7c40c4d5cfab87
80046148349,27122767638,ci-1-core,"core (windows-latest, x86 build)",completed,cancelled,2026-06-08T07:50:54Z,2026-06-08T07:50:54Z,0,3120bf6c0067450017e35f9cbc830fa26577d2bd
80045174164,27122490809,ci-1-core,"core (windows-latest, x86 build)",completed,success,2026-06-08T07:45:00Z,2026-06-08T07:53:17Z,497,4847de5cb0dd9a01e867228ee57748b184ddb43a
80044658985,27122391220,ci-1-core,"core (windows-latest, x86 build)",completed,skipped,2026-06-08T07:41:09Z,2026-06-08T07:41:09Z,0,c5307327ed1ceca40ca8eb3d7014c30acfe85f83
80115891424,27142951898,ci-1-core,"core (windows-latest, x86 build)",completed,skipped,2026-06-08T14:14:45Z,2026-06-08T14:14:45Z,0,62bc4ed275d78fa7e409fd3497f7052407a0dd9c
80112552395,27142004772,ci-1-core,"core (windows-latest, x86 build)",completed,success,2026-06-08T13:59:42Z,2026-06-08T14:09:41Z,599,8ae798d495b8b655b889718cc7a0ecaf8593abe2
80109495480,27141939851,ci-1-core,"core (windows-latest, x86 build)",completed,cancelled,2026-06-08T13:45:42Z,2026-06-08T13:45:42Z,0,74800f17c8a41902b46a042cb8bc51f014dc5bde
80111428833,27141707305,ci-1-core,"core (windows-latest, x86 build)",completed,skipped,2026-06-08T13:54:38Z,2026-06-08T13:54:38Z,0,9d90be48086d55ebf5145ad7779065fd53a67475
80109274612,27141284732,ci-1-core,"core (windows-latest, x86 build)",completed,cancelled,2026-06-08T13:44:43Z,2026-06-08T13:44:43Z,0,69eaef9f130098edba72dae7a4e24a1b57c2711d
80106874273,27140124360,ci-1-core,"core (windows-latest, x86 build)",completed,skipped,2026-06-08T13:33:31Z,2026-06-08T13:33:31Z,0,2cc459b71a83efce4edc4d7df24a0038f9b3c3d9
80104883442,27139879297,ci-1-core,"core (windows-latest, x86 build)",completed,success,2026-06-08T13:24:15Z,2026-06-08T13:34:23Z,608,a4b63baf07e7e52f54beaf1c95c031c93e727409
80102921592,27139771945,ci-1-core,"core (windows-latest, x86 build)",completed,cancelled,2026-06-08T13:14:49Z,2026-06-08T13:14:48Z,-1,73bd69df8fb8ccfe2335ebf89c0bd351d379566c
80103283613,27139333536,ci-1-core,"core (windows-latest, x86 build)",completed,skipped,2026-06-08T13:16:36Z,2026-06-08T13:16:35Z,-1,29fd2f7285b9b4b9e0467685e0b4dcc4b1311963
80105719731,27139123671,ci-1-core,"core (windows-latest, x86 build)",completed,skipped,2026-06-08T13:28:12Z,2026-06-08T13:28:11Z,-1,9797863ab5a24912e6d19fce8873948b07a413c8
80101303603,27138877829,ci-1-core,"core (windows-latest, x86 build)",completed,skipped,2026-06-08T13:06:48Z,2026-06-08T13:06:47Z,-1,56c2ff13273edfe50f96e358bad8f68baf2352e1
80097584696,27137922367,ci-1-core,"core (windows-latest, x86 build)",completed,skipped,2026-06-08T12:47:31Z,2026-06-08T12:47:31Z,0,9de90e8e3501256bc2fa135eb819ce8bf7a09c3d
80099728363,27136283586,ci-1-core,"core (windows-latest, x86 build)",completed,skipped,2026-06-08T12:58:46Z,2026-06-08T12:58:46Z,0,35b12d6f92397d8d2059e445e79a325e61b504b2
80097878956,27135455440,ci-1-core,"core (windows-latest, x86 build)",completed,skipped,2026-06-08T12:49:04Z,2026-06-08T12:49:04Z,0,21ff10ec4d402ce2c6a9ae4914944603b77273f5
80097929593,27135428682,ci-1-core,"core (windows-latest, x86 build)",completed,success,2026-06-08T12:49:23Z,2026-06-08T12:59:47Z,624,0f6eb3adef4912442f3d362e35bf2019482f3bf8
80086199259,27134445145,ci-1-core,"core (windows-latest, x86 build)",completed,skipped,2026-06-08T11:44:08Z,2026-06-08T11:44:07Z,-1,f92f784d0e5fd6631b562bacff5f9cfcc933bfb4
80086076804,27133957103,ci-1-core,"core (windows-latest, x86 build)",completed,skipped,2026-06-08T11:43:25Z,2026-06-08T11:43:25Z,0,168e3ddf6e355c195dc3d9eb23e1eb99e83543a1
80082876560,27133508087,ci-1-core,"core (windows-latest, x86 build)",completed,skipped,2026-06-08T11:24:16Z,2026-06-08T11:24:16Z,0,942cd2e385ee42015fcec985bfe70c7d461e11b7
80080253095,27132864369,ci-1-core,"core (windows-latest, x86 build)",completed,skipped,2026-06-08T11:08:34Z,2026-06-08T11:08:34Z,0,c8095fe500cf07ac30b08d12ae30f582f1d9504d
80079489102,27132677487,ci-1-core,"core (windows-latest, x86 build)",completed,skipped,2026-06-08T11:04:07Z,2026-06-08T11:04:07Z,0,059dcff7d3af045ef22391cf7d73af2a7d6def88
80080293616,27132618438,ci-1-core,"core (windows-latest, x86 build)",completed,skipped,2026-06-08T11:08:48Z,2026-06-08T11:08:48Z,0,e233bec0a0d7f4e3ba05f48c387ca26fb6c6fe47
80077967656,27132551150,ci-1-core,"core (windows-latest, x86 build)",completed,cancelled,2026-06-08T10:55:02Z,2026-06-08T10:55:01Z,-1,ce8a545d0a739943cb85a1d38bc50b232613034c
80076905550,27132529752,ci-1-core,"core (windows-latest, x86 build)",completed,cancelled,2026-06-08T10:48:38Z,2026-06-08T10:48:38Z,0,a06c84f725335b95cab04c943cf528534f104570
80076834380,27132424536,ci-1-core,"core (windows-latest, x86 build)",completed,cancelled,2026-06-08T10:48:12Z,2026-06-08T10:48:11Z,-1,d6014ab2e1b56121cbc40414979deaa4d46c008d
80077347566,27132403760,ci-1-core,"core (windows-latest, x86 build)",completed,cancelled,2026-06-08T10:51:18Z,2026-06-08T10:51:18Z,0,08d037ece9eee4793bb21bb5826db654633cf857
80074964690,27131275019,ci-1-core,"core (windows-latest, x86 build)",completed,skipped,2026-06-08T10:37:06Z,2026-06-08T10:37:06Z,0,3308c205393e631c42e28ecbccfa4ec9225b23f5
80072560726,27131257553,ci-1-core,"core (windows-latest, x86 build)",completed,cancelled,2026-06-08T10:22:41Z,2026-06-08T10:22:41Z,0,f1cc3e59235bed38fc2aa657cee24f378856ae9d
80070638401,27129912361,ci-1-core,"core (windows-latest, x86 build)",completed,success,2026-06-08T10:21:36Z,2026-06-08T10:27:41Z,365,ce335b7debef3e3d9b9beb4015d0562e4fb2e376
80070430544,27129897549,ci-1-core,"core (windows-latest, x86 build)",completed,skipped,2026-06-08T10:10:18Z,2026-06-08T10:10:18Z,0,337df109b68e38f5ca2f8d1e30ed748bbcbf96bc
80067992777,27129878833,ci-1-core,"core (windows-latest, x86 build)",completed,cancelled,2026-06-08T09:56:42Z,2026-06-08T09:56:42Z,0,2f5d791a38a29de82eba8020adad4270bdd518b7
80067875393,27129838598,ci-1-core,"core (windows-latest, x86 build)",completed,cancelled,2026-06-08T09:56:03Z,2026-06-08T09:56:03Z,0,2403000108703d4e1c887ac2c5b73ce26bfe905e
80073952413,27129133581,ci-1-core,"core (windows-latest, x86 build)",completed,skipped,2026-06-08T10:30:59Z,2026-06-08T10:30:58Z,-1,74878c78bee0958e3575c0aa40f5e2d37ce1636e
80072723106,27128309497,ci-1-core,"core (windows-latest, x86 build)",completed,skipped,2026-06-08T10:23:40Z,2026-06-08T10:23:40Z,0,915a45564d8e82ad465d8b0e39b74341d5173d79
80073764784,27128148171,ci-1-core,"core (windows-latest, x86 build)",completed,success,2026-06-08T10:29:58Z,2026-06-08T10:40:04Z,606,7acc2b74878ed81a2f8e6e6c5a49fbe924e96cd9
80074114939,27128026351,ci-1-core,"core (windows-latest, x86 build)",completed,success,2026-06-08T10:31:59Z,2026-06-08T10:42:48Z,649,d9da79220080291c840c62ad2174500e09440130
80070130378,27127893367,ci-1-core,"core (windows-latest, x86 build)",completed,success,2026-06-08T10:19:12Z,2026-06-08T10:26:38Z,446,f535ba322189b06f4face4cc1e3a6fb936a9c0ba
80186033916,27163854152,ci-1-core,"core (windows-latest, x86 build)",completed,cancelled,2026-06-08T20:08:51Z,2026-06-08T20:08:51Z,0,47d9b64697b824212c52b4ad6e10417bab2c7ab4
80185917124,27163827336,ci-1-core,"core (windows-latest, x86 build)",completed,cancelled,2026-06-08T20:08:13Z,2026-06-08T20:08:13Z,0,00100563c90a0602c0a6c784276f0c4564a8f67d
80185827285,27163807202,ci-1-core,"core (windows-latest, x86 build)",completed,cancelled,2026-06-08T20:07:44Z,2026-06-08T20:07:44Z,0,6f7c4681d4ed6a6f05bb5862ece79ee5d0ef1611
80180172023,27160683983,ci-1-core,"core (windows-latest, x86 build)",completed,success,2026-06-08T19:37:19Z,2026-06-08T19:46:58Z,579,1693bc34f2e17b8d60bed1721cba5d5abd88c0dd
80179211104,27160570166,ci-1-core,"core (windows-latest, x86 build)",completed,skipped,2026-06-08T19:31:53Z,2026-06-08T19:31:53Z,0,379013d523d9bb680786ce740db9f4ab2c8a11f4
80179003795,27160534537,ci-1-core,"core (windows-latest, x86 build)",completed,success,2026-06-08T19:30:45Z,2026-06-08T19:41:16Z,631,07414998f0b7169017ac6ce33a955636e20b6322
80178636163,27159316288,ci-1-core,"core (windows-latest, x86 build)",completed,success,2026-06-08T19:28:45Z,2026-06-08T19:38:16Z,571,80db943bec7544781195fc340f636c355aacf47b
80179120019,27159097068,ci-1-core,"core (windows-latest, x86 build)",completed,success,2026-06-08T19:31:25Z,2026-06-08T19:38:45Z,440,3be74cda45deac4d56b953a88e46d33b44f2dc98
80179002219,27158698635,ci-1-core,"core (windows-latest, x86 build)",completed,success,2026-06-08T19:30:45Z,2026-06-08T19:40:22Z,577,a33b05b3ab570a74ac4a476a099a62b0c9c4c5db
80172066969,27158491646,ci-1-core,"core (windows-latest, x86 build)",completed,success,2026-06-08T18:53:53Z,2026-06-08T19:04:11Z,618,db9fc10b00ceddd1bd9b2316f5415315fb20dda7
80170824424,27158214996,ci-1-core,"core (windows-latest, x86 build)",completed,skipped,2026-06-08T18:46:54Z,2026-06-08T18:46:53Z,-1,90e5871215dd5cca0b6cad1453c4f1491fcb3512
80167485759,27158127810,ci-1-core,"core (windows-latest, x86 build)",completed,cancelled,2026-06-08T18:29:05Z,2026-06-08T18:29:05Z,0,58f5b56c2ed91b51a1dbe2e4a82aebb0ceeed128
80166919762,27157731256,ci-1-core,"core (windows-latest, x86 build)",completed,cancelled,2026-06-08T18:25:59Z,2026-06-08T18:25:59Z,0,7102daaad6440086a452264e71185d246dacade5
80166264119,27157132935,ci-1-core,"core (windows-latest, x86 build)",completed,cancelled,2026-06-08T18:22:29Z,2026-06-08T18:22:29Z,0,94e3e9cc26687896dfe7248dd963df31ed2b501f
80167395361,27156926698,ci-1-core,"core (windows-latest, x86 build)",completed,skipped,2026-06-08T18:28:36Z,2026-06-08T18:28:36Z,0,ea386dc28b66aa45c9e18d3ff3bebe212b4d62ae
80162829684,27156660206,ci-1-core,"core (windows-latest, x86 build)",completed,cancelled,2026-06-08T18:04:03Z,2026-06-08T18:04:03Z,0,4dc7ac85a06f762b61a24939d9ca4cd284a888e5
80165931022,27156525103,ci-1-core,"core (windows-latest, x86 build)",completed,success,2026-06-08T18:20:43Z,2026-06-08T18:31:20Z,637,a54841865dff5cf8634414249244b3879144ba76
80164927799,27155615728,ci-1-core,"core (windows-latest, x86 build)",completed,success,2026-06-08T18:15:18Z,2026-06-08T18:25:33Z,615,fd7546b0a87e325d5427d770dfc8163c2303eace
80161657657,27155591662,ci-1-core,"core (windows-latest, x86 build)",completed,skipped,2026-06-08T17:58:01Z,2026-06-08T17:58:01Z,0,23e0a519df18b83c0413ecdfacbbefd0e07419cf
80156106524,27153820797,ci-1-core,"core (windows-latest, x86 build)",completed,success,2026-06-08T17:28:11Z,2026-06-08T17:38:17Z,606,1c2b0bd4cd5a215c97061000ed1597afda6b9c87
80148847020,27151884559,ci-1-core,"core (windows-latest, x86 build)",completed,success,2026-06-08T16:49:59Z,2026-06-08T16:59:57Z,598,cb0dde4733b5a6ae59c1606b16cc4afbf9bc8a33
80150672375,27150495679,ci-1-core,"core (windows-latest, x86 build)",completed,success,2026-06-08T16:59:34Z,2026-06-08T17:09:25Z,591,2c54d5482a902df10444b75a95f6103b27c282d9
80157480842,27149735431,ci-1-core,"core (windows-latest, x86 build)",completed,success,2026-06-08T17:35:34Z,2026-06-08T17:45:43Z,609,9234eeb60d5b1c0a6c1dc5c0f1efcb47dc9de82b
80142200658,27149677927,ci-1-core,"core (windows-latest, x86 build)",completed,success,2026-06-08T16:15:48Z,2026-06-08T16:25:42Z,594,1da816e908517ba1715c2a0fe059ad7d8ff53036
80140579462,27149249011,ci-1-core,"core (windows-latest, x86 build)",completed,success,2026-06-08T16:07:43Z,2026-06-08T16:17:47Z,604,59309ec7999cf7c04e08ce3481c5fd1bdc07895a
80138902901,27148404592,ci-1-core,"core (windows-latest, x86 build)",completed,success,2026-06-08T15:59:37Z,2026-06-08T16:09:40Z,603,e2d33e5e3f1470e1bdcbaf191a27541269a97870
80135551246,27147544835,ci-1-core,"core (windows-latest, x86 build)",completed,cancelled,2026-06-08T15:43:38Z,2026-06-08T15:43:38Z,0,0f31543159e78bf64a2d23f426591dd1013cccb5
80133423107,27147044120,ci-1-core,"core (windows-latest, x86 build)",completed,success,2026-06-08T15:33:43Z,2026-06-08T15:43:50Z,607,a84a3e36d29d799b069199d24bc4683c005276d4
80130794141,27146444913,ci-1-core,"core (windows-latest, x86 build)",completed,success,2026-06-08T15:21:33Z,2026-06-08T15:31:23Z,590,ffd3d15e9b037da70d0e010de74505f73d94e463
80130675182,27146387709,ci-1-core,"core (windows-latest, x86 build)",completed,cancelled,2026-06-08T15:21:00Z,2026-06-08T15:28:51Z,471,f304ff9375f60b8989eae8503fd48a4cad1996f3
80125467842,27146232444,ci-1-core,"core (windows-latest, x86 build)",completed,cancelled,2026-06-08T14:57:46Z,2026-06-08T14:57:45Z,-1,aeaa4595e54e0d4fb9367315d61429de123279d4
80124707477,27146126062,ci-1-core,"core (windows-latest, x86 build)",completed,cancelled,2026-06-08T14:54:21Z,2026-06-08T14:54:21Z,0,f4211be7ece1fe007fc6d4791a0a45fa6ece519e
80123863695,27144329995,ci-1-core,"core (windows-latest, x86 build)",completed,success,2026-06-08T14:50:38Z,2026-06-08T14:59:03Z,505,0acec91fa31f9635be86fe6043263e5f0576a88b
80269909899,27190123679,ci-1-core,"core (windows-latest, x86 build)",completed,cancelled,2026-06-09T07:25:26Z,2026-06-09T07:25:26Z,0,bb1b16bf0e77a0a293dc1607099f4e18672361ba
80269411458,27189356590,ci-1-core,"core (windows-latest, x86 build)",completed,cancelled,2026-06-09T07:22:13Z,2026-06-09T07:22:15Z,2,4d8d42eb97dd46218f410ca77d989d15de126485
80265595664,27189259716,ci-1-core,"core (windows-latest, x86 build)",completed,cancelled,2026-06-09T06:56:52Z,2026-06-09T06:56:52Z,0,a9627c02069f91c9f56271303ad4faada8fb3c3b
80265282332,27189221218,ci-1-core,"core (windows-latest, x86 build)",completed,cancelled,2026-06-09T06:54:36Z,2026-06-09T06:54:36Z,0,c8a7df0908ef89f8c9fc72d951ab1bd229cea349
80265168638,27189201514,ci-1-core,"core (windows-latest, x86 build)",completed,cancelled,2026-06-09T06:53:48Z,2026-06-09T06:53:47Z,-1,520a247c81c156783933c265c2e3aa1d4e69f134
80263796201,27187664392,ci-1-core,"core (windows-latest, x86 build)",completed,success,2026-06-09T06:43:48Z,2026-06-09T06:53:16Z,568,8b567ffa2678f29ceb2cc3bc9b1e8c83cbd6963c
80261902611,27187207865,ci-1-core,"core (windows-latest, x86 build)",completed,success,2026-06-09T06:29:31Z,2026-06-09T06:37:42Z,491,2e44a4cb7b8bbdbeda73aeabe91231a2e78cfb66
80258699453,27186854204,ci-1-core,"core (windows-latest, x86 build)",completed,cancelled,2026-06-09T06:04:52Z,2026-06-09T06:04:52Z,0,dc7ae181d41fb53153770bc8684164545d5bf8c4
80261012859,27186838183,ci-1-core,"core (windows-latest, x86 build)",completed,success,2026-06-09T06:22:49Z,2026-06-09T06:32:20Z,571,5384caca1147e53e4064634ad5dc94ffec1cff1e
80259887905,27186731555,ci-1-core,"core (windows-latest, x86 build)",completed,success,2026-06-09T06:14:17Z,2026-06-09T06:24:42Z,625,92f59fa27c9d2da94e97ab5da4c168139fcef308
80259760438,27186322438,ci-1-core,"core (windows-latest, x86 build)",completed,success,2026-06-09T06:13:16Z,2026-06-09T06:23:31Z,615,2954daf88f79ee44f3e180ba90e135e9745be38d
80258410794,27186000466,ci-1-core,"core (windows-latest, x86 build)",completed,success,2026-06-09T06:02:33Z,2026-06-09T06:12:07Z,574,d23cda4815890721c91dedd5e86e1763c073acc3
80256352019,27185596022,ci-1-core,"core (windows-latest, x86 build)",completed,success,2026-06-09T05:44:38Z,2026-06-09T05:54:30Z,592,bf5381e9d7778386af5da5fd60429b4e3c7257d7
80256878548,27185578346,ci-1-core,"core (windows-latest, x86 build)",completed,success,2026-06-09T05:49:29Z,2026-06-09T05:58:56Z,567,30e0880d64d8c773e18649e1b205bae07999e2f3
80253485047,27185184994,ci-1-core,"core (windows-latest, x86 build)",completed,skipped,2026-06-09T05:18:05Z,2026-06-09T05:18:05Z,0,65d0030bf67e520c0d333bf1ed563e153031c905
80254351062,27184944388,ci-1-core,"core (windows-latest, x86 build)",completed,skipped,2026-06-09T05:26:16Z,2026-06-09T05:26:16Z,0,93770e9d216f2cb3dfd33f673670e6a728fcf5bf
80254094317,27184884024,ci-1-core,"core (windows-latest, x86 build)",completed,success,2026-06-09T05:23:58Z,2026-06-09T05:31:36Z,458,0c08b53d36ac546f0fe88a146a482fcb8cd97068
80251612577,27184867141,ci-1-core,"core (windows-latest, x86 build)",completed,cancelled,2026-06-09T04:59:50Z,2026-06-09T04:59:50Z,0,0dabc8d2a061ff862e0a03606008269b494b948a
80252481106,27184836283,ci-1-core,"core (windows-latest, x86 build)",completed,cancelled,2026-06-09T05:08:17Z,2026-06-09T05:08:17Z,0,898d39477e426f35f53642bebac99f4811b1d6cc
80251565543,27184209938,ci-1-core,"core (windows-latest, x86 build)",completed,cancelled,2026-06-09T04:59:21Z,2026-06-09T04:59:21Z,0,9b4a29146a0e8c644bb6f4491b27d092ec3512d3
80250123294,27168190077,ci-1-core,"core (windows-latest, x86 build)",completed,success,2026-06-09T04:44:42Z,2026-06-09T04:54:12Z,570,1d2c7dab366b043bda6cca47636802e1e1d95b07
80249993380,27168041329,ci-1-core,"core (windows-latest, x86 build)",completed,success,2026-06-09T04:43:21Z,2026-06-09T04:53:14Z,593,7d17e7320022eeb90d8e9cb1f90b97e88a89846a
80250022023,27167999278,ci-1-core,"core (windows-latest, x86 build)",completed,success,2026-06-09T04:43:39Z,2026-06-09T04:53:07Z,568,02a28748fd0759c58cda1cd60e3c14cd610a64ca
80249779731,27165677503,ci-1-core,"core (windows-latest, x86 build)",completed,success,2026-06-09T04:41:11Z,2026-06-09T04:50:45Z,574,bef95d818227cd58a64a57fdbd9c8e3065870439
80249816910,27165276153,ci-1-core,"core (windows-latest, x86 build)",completed,skipped,2026-06-09T04:41:31Z,2026-06-09T04:41:31Z,0,71bc13e98bcdb8f4e115ae95b88b795898ce6394
80328805712,27207340583,ci-1-core,"core (windows-latest, x86 build)",completed,skipped,2026-06-09T13:02:24Z,2026-06-09T13:02:23Z,-1,8bf8454703702ba319353ca16792e35df8ff33b8
80328283384,27206924320,ci-1-core,"core (windows-latest, x86 build)",completed,cancelled,2026-06-09T12:59:54Z,2026-06-09T12:59:54Z,0,a16076ac089fc103311f081e5e810507776ed830
80324659560,27206759468,ci-1-core,"core (windows-latest, x86 build)",completed,cancelled,2026-06-09T12:41:20Z,2026-06-09T12:41:20Z,0,e25f8a99e862e7402861dc510da3767cb0ed1d78
80323331110,27205835852,ci-1-core,"core (windows-latest, x86 build)",completed,skipped,2026-06-09T12:34:14Z,2026-06-09T12:34:14Z,0,83cd4560d378b6031e46501680c5c587c6697614
80325141657,27205638959,ci-1-core,"core (windows-latest, x86 build)",completed,cancelled,2026-06-09T12:43:52Z,2026-06-09T12:43:51Z,-1,17fcee1a1bb813ac93e0ab116b3fbb4384199e7d
80322667656,27204805016,ci-1-core,"core (windows-latest, x86 build)",completed,success,2026-06-09T12:30:45Z,2026-06-09T12:40:23Z,578,4523ca4f1e638782aa81cd19e5494e9724c467d8
80317728992,27204770985,ci-1-core,"core (windows-latest, x86 build)",completed,cancelled,2026-06-09T12:03:39Z,2026-06-09T12:03:39Z,0,b35732f83b06a3b7e9732b029532b3f51be46655
80322491842,27204056121,ci-1-core,"core (windows-latest, x86 build)",completed,success,2026-06-09T12:29:51Z,2026-06-09T12:39:29Z,578,2fde7e7c42f6e56e61cf1d23f19093cbc15e4d26
80322280175,27203602816,ci-1-core,"core (windows-latest, x86 build)",completed,success,2026-06-09T12:28:41Z,2026-06-09T12:39:04Z,623,bc3159f950bed54091fae651323caaa20bb12279
80317366671,27203474109,ci-1-core,"core (windows-latest, x86 build)",completed,success,2026-06-09T12:01:43Z,2026-06-09T12:12:50Z,667,7cb9860833f08a14a784fcd65ca71e2c1e7c75c1
80315509224,27203018810,ci-1-core,"core (windows-latest, x86 build)",completed,success,2026-06-09T11:51:06Z,2026-06-09T11:58:26Z,440,737db0196f962c87f671534ffce948daf98afbf1
80311497872,27203009989,ci-1-core,"core (windows-latest, x86 build)",completed,cancelled,2026-06-09T11:27:39Z,2026-06-09T11:27:39Z,0,2ef30f98035b2976ee21f21608da62b4115479f2
80311466917,27203001966,ci-1-core,"core (windows-latest, x86 build)",completed,cancelled,2026-06-09T11:27:28Z,2026-06-09T11:27:28Z,0,467eed21651959273204b65189c3cfe2b2e5728a
80315584233,27202361198,ci-1-core,"core (windows-latest, x86 build)",completed,success,2026-06-09T11:51:33Z,2026-06-09T12:01:13Z,580,4a6b35d458c4eea0b43e49b8f4d34e64257f0981
80316428225,27202333740,ci-1-core,"core (windows-latest, x86 build)",completed,success,2026-06-09T11:56:27Z,2026-06-09T12:05:53Z,566,ff1dbca2dec71cf70afb682b7cfea9fb540c7cc4
80315746351,27202279986,ci-1-core,"core (windows-latest, x86 build)",completed,success,2026-06-09T11:52:29Z,2026-06-09T12:01:56Z,567,88b8d5d28e5814672a02c2e728486ee38f64b850
80311076805,27201522408,ci-1-core,"core (windows-latest, x86 build)",completed,success,2026-06-09T11:25:14Z,2026-06-09T11:35:37Z,623,7fcd276408056201baec0897053c3698b07216f3
80310512727,27201449097,ci-1-core,"core (windows-latest, x86 build)",completed,skipped,2026-06-09T11:21:53Z,2026-06-09T11:21:53Z,0,2a31595bdf536b8978a380c1d6dca2f04c46ae60
80310567073,27201089659,ci-1-core,"core (windows-latest, x86 build)",completed,success,2026-06-09T11:22:16Z,2026-06-09T11:32:15Z,599,147e6417e5f42e56dbee01be145bf8262ee068e2
80306265589,27201026681,ci-1-core,"core (windows-latest, x86 build)",completed,cancelled,2026-06-09T10:57:35Z,2026-06-09T10:57:35Z,0,6d89674edf7a28e244d86843a7f0d01d83ad20be
80309299366,27200347009,ci-1-core,"core (windows-latest, x86 build)",completed,success,2026-06-09T11:14:56Z,2026-06-09T11:24:32Z,576,d636014e89dcf9689cf34a6883aac26eaeffebd5
80304784766,27199876821,ci-1-core,"core (windows-latest, x86 build)",completed,cancelled,2026-06-09T10:48:42Z,2026-06-09T10:48:42Z,0,8b35eb9037cbe697cb885a56f44ce2b38def6e92
80300879573,27199630010,ci-1-core,"core (windows-latest, x86 build)",completed,cancelled,2026-06-09T10:25:18Z,2026-06-09T10:25:18Z,0,75be4a55ed1c87421ecfe43af573b464ab70922d
80300089414,27199554854,ci-1-core,"core (windows-latest, x86 build)",completed,cancelled,2026-06-09T10:20:43Z,2026-06-09T10:20:43Z,0,89b5274b5dbb5717ca3f96216dcad12b65b0ee4e
80299828046,27199521008,ci-1-core,"core (windows-latest, x86 build)",completed,cancelled,2026-06-09T10:19:12Z,2026-06-09T10:19:12Z,0,331c73a9826dc506e398b2fd73033d2b886e33e0
80303696595,27198918977,ci-1-core,"core (windows-latest, x86 build)",completed,success,2026-06-09T10:42:11Z,2026-06-09T10:51:42Z,571,30636da7715226dd4b437f23f987d2945a273b0c
80302695085,27198597822,ci-1-core,"core (windows-latest, x86 build)",completed,skipped,2026-06-09T10:36:03Z,2026-06-09T10:36:02Z,-1,831681305c760fef6fd25d08616d1cf4e12bf559
80303089594,27198539163,ci-1-core,"core (windows-latest, x86 build)",completed,success,2026-06-09T10:38:32Z,2026-06-09T10:48:00Z,568,9fefb5ed140b42c0a4d106d3c066898db6c04097
80304107451,27198264506,ci-1-core,"core (windows-latest, x86 build)",completed,success,2026-06-09T10:44:39Z,2026-06-09T10:54:44Z,605,3d76cb6c8e047af5f5eedb09de059bfdfc8d5959
80305860580,27198086927,ci-1-core,"core (windows-latest, x86 build)",completed,skipped,2026-06-09T10:55:13Z,2026-06-09T10:55:12Z,-1,44e0dccf228916b13d265215da91c5f637ddf0d7
80299527808,27197543983,ci-1-core,"core (windows-latest, x86 build)",completed,success,2026-06-09T10:17:27Z,2026-06-09T10:28:27Z,660,488a454e0ec89b6a2b6800ecb125e7f1c9522cbf
80299383165,27197404924,ci-1-core,"core (windows-latest, x86 build)",completed,success,2026-06-09T10:16:35Z,2026-06-09T10:26:58Z,623,40d616488a4895507903082ec5a5edbf8d30af81
80299396541,27197204060,ci-1-core,"core (windows-latest, x86 build)",completed,success,2026-06-09T10:16:40Z,2026-06-09T10:27:23Z,643,e999763e36ab40eedc6de284602a501a52719bd7
80294049968,27196538760,ci-1-core,"core (windows-latest, x86 build)",completed,success,2026-06-09T09:46:36Z,2026-06-09T09:56:40Z,604,b2b081246addccf018f552cae8c7e8da9fd28e2a
80289563108,27196492314,ci-1-core,"core (windows-latest, x86 build)",completed,cancelled,2026-06-09T09:21:41Z,2026-06-09T09:21:41Z,0,2b4ec4a2fc44ee9007a5abda3edf51e07519b22b
80289374325,27196469037,ci-1-core,"core (windows-latest, x86 build)",completed,cancelled,2026-06-09T09:20:39Z,2026-06-09T09:20:39Z,0,60c1c0b3ef0104ed947c576a7448713e38340fac
80289328486,27196133937,ci-1-core,"core (windows-latest, x86 build)",completed,cancelled,2026-06-09T09:20:25Z,2026-06-09T09:20:24Z,-1,0770800e4f1fc96a55955eca7fd29bdfb75d67e9
80288173334,27196112840,ci-1-core,"core (windows-latest, x86 build)",completed,cancelled,2026-06-09T09:14:01Z,2026-06-09T09:14:01Z,0,0bd6098e7db623379566dd8ced9fec4188da3ef5
80294152996,27195735428,ci-1-core,"core (windows-latest, x86 build)",completed,success,2026-06-09T09:47:10Z,2026-06-09T09:56:54Z,584,4378bba158ebe47eec9aa15aff05ddd0fdda2047
80283425863,27194176331,ci-1-core,"core (windows-latest, x86 build)",completed,skipped,2026-06-09T08:47:27Z,2026-06-09T08:47:27Z,0,38f270de450aedbaa0ad6cfb781f97b90d902ebd
80287072534,27194068817,ci-1-core,"core (windows-latest, x86 build)",completed,success,2026-06-09T09:08:05Z,2026-06-09T09:18:28Z,623,92847cd1b726d47e4cb5ee7f2c2a8136cc90cc36
80285044247,27193910324,ci-1-core,"core (windows-latest, x86 build)",completed,skipped,2026-06-09T08:56:48Z,2026-06-09T08:56:48Z,0,fe680d13e97daa6cee51d1f2d3cf15633af83141
80285321683,27193551462,ci-1-core,"core (windows-latest, x86 build)",completed,success,2026-06-09T08:58:24Z,2026-06-09T09:08:36Z,612,aed6f27666d11396d4f9d44b95e387a98d1070d9
80285031060,27193539083,ci-1-core,"core (windows-latest, x86 build)",completed,success,2026-06-09T08:56:46Z,2026-06-09T09:07:05Z,619,d996998f0a04131b347fad9f48693fd5a155df17
80283357986,27193349226,ci-1-core,"core (windows-latest, x86 build)",completed,skipped,2026-06-09T08:47:03Z,2026-06-09T08:47:03Z,0,4a914749ec0740f9baf2e8f440c0bc5a02240864
80280663326,27193179566,ci-1-core,"core (windows-latest, x86 build)",completed,cancelled,2026-06-09T08:31:24Z,2026-06-09T08:31:24Z,0,6393555f8847f1c4d70ada16cac68f448a3fb692
80282797038,27193164774,ci-1-core,"core (windows-latest, x86 build)",completed,success,2026-06-09T08:43:51Z,2026-06-09T08:53:47Z,596,345b550e646b3ed9eb671f0d880c6c7199a31147
80278186349,27193146616,ci-1-core,"core (windows-latest, x86 build)",completed,cancelled,2026-06-09T08:17:02Z,2026-06-09T08:17:02Z,0,6c8034f489c1aa810c64366109b8af24f1e23db5
80281661065,27192736527,ci-1-core,"core (windows-latest, x86 build)",completed,success,2026-06-09T08:42:19Z,2026-06-09T08:53:06Z,647,e236def0131e474a9b7039087cbb383d36a1582e
80278072102,27192600982,ci-1-core,"core (windows-latest, x86 build)",completed,cancelled,2026-06-09T08:16:23Z,2026-06-09T08:16:22Z,-1,18e6e3ddbb72c10f8b98b841ec90cac2ab86608c
80280416672,27192535409,ci-1-core,"core (windows-latest, x86 build)",completed,success,2026-06-09T08:30:05Z,2026-06-09T08:40:26Z,621,7c8296dae4fae54c8b982489be8c93ab3ae9ff3f
80276248856,27192475195,ci-1-core,"core (windows-latest, x86 build)",completed,cancelled,2026-06-09T08:05:44Z,2026-06-09T08:05:44Z,0,74aefbd0b9d8f3ef0a923e7630ea859f71ada7c4
80280283579,27192439586,ci-1-core,"core (windows-latest, x86 build)",completed,skipped,2026-06-09T08:29:15Z,2026-06-09T08:29:15Z,0,a369282249789c978d9b8d1d4ab3dbe7e5232518
80279863051,27192211109,ci-1-core,"core (windows-latest, x86 build)",completed,skipped,2026-06-09T08:26:49Z,2026-06-09T08:26:48Z,-1,6a3225a813745001a328fe9da47c5fe1eff7e9c0
80277461123,27192088192,ci-1-core,"core (windows-latest, x86 build)",completed,skipped,2026-06-09T08:12:53Z,2026-06-09T08:12:53Z,0,c01b4e09afb41d428962f49021435e799e0c0654
80275828798,27192017658,ci-1-core,"core (windows-latest, x86 build)",completed,cancelled,2026-06-09T08:03:15Z,2026-06-09T08:03:15Z,0,32db40d8a22d783fecd60b6ebdeacc2dab232b6d
80278074407,27191819399,ci-1-core,"core (windows-latest, x86 build)",completed,success,2026-06-09T08:16:35Z,2026-06-09T08:26:54Z,619,975d51df50f1f7e6ec922f564a0a9a2d689a8c6f
80275983154,27191005930,ci-1-core,"core (windows-latest, x86 build)",completed,skipped,2026-06-09T08:04:13Z,2026-06-09T08:04:12Z,-1,71d40a4facbe319e01834394cf55e18b46605da6
80489080714,27254944812,ci-1-core,"core (windows-latest, x86 build)",completed,skipped,2026-06-10T05:34:53Z,2026-06-10T05:34:52Z,-1,0a326ea2c390a6c948876b84d15ff562db8ad2ae
80485977826,27254366911,ci-1-core,"core (windows-latest, x86 build)",completed,cancelled,2026-06-10T05:06:30Z,2026-06-10T05:06:30Z,0,b1ac605bd394b6ebdd6d224f51f3d241121a3302
80485380396,27254346646,ci-1-core,"core (windows-latest, x86 build)",completed,cancelled,2026-06-10T05:01:15Z,2026-06-10T05:01:15Z,0,49458eb444adca6e53adf72e1788767fd5408c9f
80486481209,27253858352,ci-1-core,"core (windows-latest, x86 build)",completed,skipped,2026-06-10T05:11:08Z,2026-06-10T05:11:07Z,-1,e29d6b74ebaeb27f401e673138da64dc9cb22936
80485782821,27253561586,ci-1-core,"core (windows-latest, x86 build)",completed,success,2026-06-10T05:04:54Z,2026-06-10T05:15:06Z,612,ece1db1d88c2cd5f5a1a0c5a167dce8422707620
80484232874,27231831085,ci-1-core,"core (windows-latest, x86 build)",completed,success,2026-06-10T04:50:34Z,2026-06-10T04:58:01Z,447,e219250e225f298d41225adb77f145bf89405a71
80483885403,27230653109,ci-1-core,"core (windows-latest, x86 build)",completed,success,2026-06-10T04:47:19Z,2026-06-10T04:55:14Z,475,26f61dbde4b1e9810cbf9588ceeb118c8ce58b68
80484416660,27230292330,ci-1-core,"core (windows-latest, x86 build)",completed,success,2026-06-10T04:52:21Z,2026-06-10T04:59:38Z,437,345f2ce6f29a28b3cc4290f625245d822c4453d4
80410837351,27229627666,ci-1-core,"core (windows-latest, x86 build)",completed,success,2026-06-09T19:38:01Z,2026-06-09T19:46:21Z,500,808348dd300bd17053d341ab2ae209e0113f84bb
80406055300,27228479848,ci-1-core,"core (windows-latest, x86 build)",completed,cancelled,2026-06-09T19:12:49Z,2026-06-09T19:12:49Z,0,0693b36294cb7a1223b7dec9e5a00e2487de619f
80401990072,27228448933,ci-1-core,"core (windows-latest, x86 build)",completed,cancelled,2026-06-09T18:51:57Z,2026-06-09T18:51:57Z,0,175b64ece28ecd213eedcfd4fe63bbd78ea8734b
80407072559,27227837148,ci-1-core,"core (windows-latest, x86 build)",completed,skipped,2026-06-09T19:18:14Z,2026-06-09T19:18:13Z,-1,b70caa459ce535524ddb668c4f8e11babee3686a
80407055650,27227434898,ci-1-core,"core (windows-latest, x86 build)",completed,success,2026-06-09T19:18:10Z,2026-06-09T19:28:59Z,649,0095ce94861822297b3aa4a694cab7e95fec76c2
80402566158,27227101222,ci-1-core,"core (windows-latest, x86 build)",completed,success,2026-06-09T18:54:51Z,2026-06-09T19:05:36Z,645,abdbca82a64dfc79286f9b3404c0498aa109f5ac
80400590794,27226384417,ci-1-core,"core (windows-latest, x86 build)",completed,success,2026-06-09T18:45:04Z,2026-06-09T18:55:24Z,620,16aa16845a450dddc42e6491ef213e001503e9b1
80398622572,27226147651,ci-1-core,"core (windows-latest, x86 build)",completed,success,2026-06-09T18:35:02Z,2026-06-09T18:45:01Z,599,7f38a369454b8e035b00d2f92aa67c0429889dfd
80393797216,27226129105,ci-1-core,"core (windows-latest, x86 build)",completed,cancelled,2026-06-09T18:09:55Z,2026-06-09T18:09:55Z,0,1a4c4c9e2ddc389ee69f28e00e5e6a079ad31978
80399088644,27225763610,ci-1-core,"core (windows-latest, x86 build)",completed,success,2026-06-09T18:37:26Z,2026-06-09T18:47:56Z,630,9e7389054e41c14064a0060a7dd6cc02b2ce4569
80393724221,27225547682,ci-1-core,"core (windows-latest, x86 build)",completed,cancelled,2026-06-09T18:09:32Z,2026-06-09T18:09:32Z,0,33dc110efa8ca072df282855cd348fb5ccb2a181
80391632550,27225528073,ci-1-core,"core (windows-latest, x86 build)",completed,cancelled,2026-06-09T17:58:45Z,2026-06-09T17:58:45Z,0,a8d945a6d097ff1554430fe3bc71babb2b7f2239
80391603519,27224689489,ci-1-core,"core (windows-latest, x86 build)",completed,cancelled,2026-06-09T17:58:36Z,2026-06-09T17:58:36Z,0,4923abc735854a31b4211d0b578d26644c9e89d7
80393422122,27224597662,ci-1-core,"core (windows-latest, x86 build)",completed,success,2026-06-09T18:07:58Z,2026-06-09T18:16:34Z,516,2be2797eb7fdad5ad425baa1db2d28223ad5a471
80393585606,27224534365,ci-1-core,"core (windows-latest, x86 build)",completed,cancelled,2026-06-09T18:08:52Z,2026-06-09T18:19:15Z,623,e771459cf5b162abd1ebc12453f9ea586ec02afa
80393398959,27224518403,ci-1-core,"core (windows-latest, x86 build)",completed,success,2026-06-09T18:07:53Z,2026-06-09T18:17:41Z,588,92faeb6429e9120bc72458972451311d56452566
80391469660,27224213850,ci-1-core,"core (windows-latest, x86 build)",completed,success,2026-06-09T17:57:57Z,2026-06-09T18:08:11Z,614,bfd3d654faf94ce18c690a8f49c3848fb23633ac
80386325108,27222999796,ci-1-core,"core (windows-latest, x86 build)",completed,skipped,2026-06-09T17:31:18Z,2026-06-09T17:31:18Z,0,bae37e6790d2890af212d80e5eebfa12d28957c9
80389251377,27222978194,ci-1-core,"core (windows-latest, x86 build)",completed,success,2026-06-09T17:46:55Z,2026-06-09T17:57:27Z,632,b08c8ca892185bbad91c8a603ca990430a7b1b52
80384919481,27222260114,ci-1-core,"core (windows-latest, x86 build)",completed,skipped,2026-06-09T17:24:00Z,2026-06-09T17:24:00Z,0,af8f33257dc993ce8791eec2b0945b0ff0bb8133
80384408104,27221966395,ci-1-core,"core (windows-latest, x86 build)",completed,success,2026-06-09T17:21:44Z,2026-06-09T17:32:31Z,647,fe9b9015d4ba011598aab2948e28c90236b4c0fb
80379959731,27221945914,ci-1-core,"core (windows-latest, x86 build)",completed,cancelled,2026-06-09T16:58:56Z,2026-06-09T16:58:55Z,-1,9bf4c0501ae32d4dc1e665828ed324113e26c3bf
80378770046,27221928931,ci-1-core,"core (windows-latest, x86 build)",completed,cancelled,2026-06-09T16:52:58Z,2026-06-09T16:52:57Z,-1,7154028fe9cbbaa30409667686ec779cff7cb688
80378764534,27220711856,ci-1-core,"core (windows-latest, x86 build)",completed,cancelled,2026-06-09T16:52:56Z,2026-06-09T16:52:56Z,0,62fb759874557e3f1836ccb6d3f754ec53cd3172
80379643751,27220614211,ci-1-core,"core (windows-latest, x86 build)",completed,skipped,2026-06-09T16:57:21Z,2026-06-09T16:57:21Z,0,c98cadecccac96b13a6558f67e7f5e88dfa6732b
80374536174,27220543031,ci-1-core,"core (windows-latest, x86 build)",completed,cancelled,2026-06-09T16:31:14Z,2026-06-09T16:31:14Z,0,97a77de3a8561e1cddfdb48581a713b1a5719bc0
80373899271,27220518715,ci-1-core,"core (windows-latest, x86 build)",completed,cancelled,2026-06-09T16:28:00Z,2026-06-09T16:28:00Z,0,be9e757c460888ee09310e2a05c61ee18acf3af9
80378120775,27219931984,ci-1-core,"core (windows-latest, x86 build)",completed,success,2026-06-09T16:49:40Z,2026-06-09T16:59:51Z,611,e0f6b57ea8bcf1d6d2354ecb2dc131960c6b23ab
80377757398,27219924031,ci-1-core,"core (windows-latest, x86 build)",completed,success,2026-06-09T16:47:47Z,2026-06-09T16:55:10Z,443,36d73f44701521ef914327908454428c374f32f3
80372567731,27218741142,ci-1-core,"core (windows-latest, x86 build)",completed,cancelled,2026-06-09T16:21:22Z,2026-06-09T16:27:37Z,375,e6c87a1dd4c84ea033a7cba7267cc13147922477
80367557398,27218717927,ci-1-core,"core (windows-latest, x86 build)",completed,cancelled,2026-06-09T15:57:11Z,2026-06-09T15:57:10Z,-1,3f6bc120fa982f3de1ebc2c1a43def46c9d79123
80367429992,27218668740,ci-1-core,"core (windows-latest, x86 build)",completed,cancelled,2026-06-09T15:56:36Z,2026-06-09T15:56:35Z,-1,1a7d036df36842540626b3e73b33111edae57bfd
80367292409,27218648548,ci-1-core,"core (windows-latest, x86 build)",completed,cancelled,2026-06-09T15:55:56Z,2026-06-09T15:55:56Z,0,7ffed8c2046471125a962ba0b17c3bd55844bd8f
80361802605,27215313792,ci-1-core,"core (windows-latest, x86 build)",completed,success,2026-06-09T15:31:00Z,2026-06-09T15:41:14Z,614,95b68f8541c166040eae4092c716ef481e7fb604
80373233607,27215270070,ci-1-core,"core (windows-latest, x86 build)",completed,success,2026-06-09T16:24:43Z,2026-06-09T16:34:44Z,601,54cfcb80e7659421f98493a851a651eb0bc0e142
80361701945,27215248126,ci-1-core,"core (windows-latest, x86 build)",completed,success,2026-06-09T15:30:33Z,2026-06-09T15:41:31Z,658,c09cb12602b84272c71c315c6ec8b3f713a711c1
80373083828,27215233193,ci-1-core,"core (windows-latest, x86 build)",completed,success,2026-06-09T16:23:56Z,2026-06-09T16:33:17Z,561,b10a39bc44ce2347ce9fefa319a54530f6c2294d
80364536204,27215225286,ci-1-core,"core (windows-latest, x86 build)",completed,success,2026-06-09T15:43:13Z,2026-06-09T15:53:35Z,622,0a1c0f1be028ddb5b8522127c91b213e06415007
80373048240,27215223012,ci-1-core,"core (windows-latest, x86 build)",completed,success,2026-06-09T16:23:46Z,2026-06-09T16:34:27Z,641,e6c15fbd0d6582624f3ad69b98860ca1e872b44b
80361067787,27215115324,ci-1-core,"core (windows-latest, x86 build)",completed,skipped,2026-06-09T15:27:43Z,2026-06-09T15:27:42Z,-1,1e26b42c938bee78260f5ba66f3528e6f05d1565
80360514568,27215080654,ci-1-core,"core (windows-latest, x86 build)",completed,success,2026-06-09T15:25:20Z,2026-06-09T15:35:13Z,593,83146e87866f5595471fc4a2e6f9f59762d236a7
80354442930,27215039664,ci-1-core,"core (windows-latest, x86 build)",completed,cancelled,2026-06-09T14:57:53Z,2026-06-09T14:57:52Z,-1,44cdcbaf38051900085008f7fec74a2952b003a3
80373867635,27214966082,ci-1-core,"core (windows-latest, x86 build)",completed,skipped,2026-06-09T16:27:50Z,2026-06-09T16:27:50Z,0,b4ab0546153d1a083a5f0daefd0cca68d4597145
80358906834,27214689643,ci-1-core,"core (windows-latest, x86 build)",completed,skipped,2026-06-09T15:18:30Z,2026-06-09T15:18:29Z,-1,1401e9dbb4de44afa7790c1273426631a9459df9
80359058523,27214555246,ci-1-core,"core (windows-latest, x86 build)",completed,skipped,2026-06-09T15:19:07Z,2026-06-09T15:19:06Z,-1,feca4755a5fd9c7271090d67154ffd9a26a8b217
80352448048,27213067092,ci-1-core,"core (windows-latest, x86 build)",completed,success,2026-06-09T14:49:11Z,2026-06-09T14:59:08Z,597,45639e57acc07acae3b3ea80907dc25fd26fbd7a
80347189714,27212869519,ci-1-core,"core (windows-latest, x86 build)",completed,cancelled,2026-06-09T14:26:09Z,2026-06-09T14:26:08Z,-1,20a304f7bd74b75984c658e2d504a563ac8b11b4
80349970665,27211364659,ci-1-core,"core (windows-latest, x86 build)",completed,success,2026-06-09T14:38:20Z,2026-06-09T14:48:39Z,619,1e6be3f349f24ae7d3ddabe5605f2a31137d5c72
80350935328,27211347231,ci-1-core,"core (windows-latest, x86 build)",completed,success,2026-06-09T14:42:35Z,2026-06-09T14:52:30Z,595,414341414124ebdeae5b26f7c59774c5c4bc1cb0
80345912556,27210884442,ci-1-core,"core (windows-latest, x86 build)",completed,success,2026-06-09T14:20:31Z,2026-06-09T14:28:05Z,454,e8c2d062eced296c330e6f693e6a9219104a8b7f
80346051592,27210722058,ci-1-core,"core (windows-latest, x86 build)",completed,success,2026-06-09T14:21:06Z,2026-06-09T14:30:16Z,550,831e31a4ce6e2706f73d82a16f86f8fc8f3ffc61
80729884810,27326807842,ci-1-core,"core (windows-latest, x86 build)",completed,cancelled,2026-06-11T05:52:58Z,2026-06-11T05:52:57Z,-1,dbb59e87bd3021804fe7ee98dfe533e3ddaa10e7
80729708289,27326654791,ci-1-core,"core (windows-latest, x86 build)",completed,cancelled,2026-06-11T05:51:28Z,2026-06-11T05:51:28Z,0,15de573f384f351eec53cb8d3d3a9517376cd3f8
80728949232,27325620591,ci-1-core,"core (windows-latest, x86 build)",completed,skipped,2026-06-11T05:45:12Z,2026-06-11T05:45:11Z,-1,6b67f61986e1f21cb8dfb453630fd5d9e3073d5c
80727243707,27325595699,ci-1-core,"core (windows-latest, x86 build)",completed,skipped,2026-06-11T05:30:57Z,2026-06-11T05:30:57Z,0,de550175e44abb30f3b0cd17b1749471925afda9
80729107045,27325567958,ci-1-core,"core (windows-latest, x86 build)",completed,cancelled,2026-06-11T05:46:30Z,2026-06-11T05:47:20Z,50,8c2983d9a8f299077219f24e151ea3aaa918e539
80725876421,27324631952,ci-1-core,"core (windows-latest, x86 build)",completed,cancelled,2026-06-11T05:18:19Z,2026-06-11T05:18:19Z,0,86f69ffa0110733af21b18c148df5ccf3eec57bb
80724206816,27324602161,ci-1-core,"core (windows-latest, x86 build)",completed,skipped,2026-06-11T05:02:57Z,2026-06-11T05:02:57Z,0,f239291d1b2bdc3318523551d2a3921e0f5e0bcf
80725823545,27324530784,ci-1-core,"core (windows-latest, x86 build)",completed,success,2026-06-11T05:17:51Z,2026-06-11T05:27:44Z,593,3909b0afe7c05ff4e53a4927e63704bcbd4076d4
80677566330,27308222214,ci-1-core,"core (windows-latest, x86 build)",completed,success,2026-06-10T22:18:38Z,2026-06-10T22:28:29Z,591,77676755850d332c39450e4251b71656aac07967
80675702843,27308020897,ci-1-core,"core (windows-latest, x86 build)",completed,skipped,2026-06-10T22:06:44Z,2026-06-10T22:06:44Z,0,d826c82d34fe1b49ac8ad9652b1bc4da89f0b103
80673099653,27306287716,ci-1-core,"core (windows-latest, x86 build)",completed,skipped,2026-06-10T21:50:49Z,2026-06-10T21:50:49Z,0,bc2a797eb27ab009bb025d82cff49eb475a2d7b9
80667027940,27306234012,ci-1-core,"core (windows-latest, x86 build)",completed,skipped,2026-06-10T21:16:20Z,2026-06-10T21:16:20Z,0,35cf48788b996af246ee6580ef374e830ebef9fe
80667980258,27306048072,ci-1-core,"core (windows-latest, x86 build)",completed,skipped,2026-06-10T21:21:34Z,2026-06-10T21:21:33Z,-1,971d8d0c8f565685334414fbe9213afce75b1797
80667688565,27305753110,ci-1-core,"core (windows-latest, x86 build)",completed,skipped,2026-06-10T21:20:00Z,2026-06-10T21:19:59Z,-1,9514349d4c7b24199cff2b6778665c08b9bf2ae9
80667708346,27305594491,ci-1-core,"core (windows-latest, x86 build)",completed,skipped,2026-06-10T21:20:06Z,2026-06-10T21:20:06Z,0,0097b637a4766f3daf806bf4bc7fd0ef2eee0627
80670232265,27305468842,ci-1-core,"core (windows-latest, x86 build)",completed,skipped,2026-06-10T21:34:13Z,2026-06-10T21:34:13Z,0,3836c4483e03abb77a7b516c64d504cac479eebd
80668946853,27304701708,ci-1-core,"core (windows-latest, x86 build)",completed,skipped,2026-06-10T21:26:55Z,2026-06-10T21:26:54Z,-1,87a2dbe53bcc05c49a638e5b86079d081d042812
80660311279,27304292782,ci-1-core,"core (windows-latest, x86 build)",completed,skipped,2026-06-10T20:41:41Z,2026-06-10T20:41:41Z,0,0145a48e132689ce4ecc440ac620f8d15e3fa2f2
80670113104,27304289961,ci-1-core,"core (windows-latest, x86 build)",completed,success,2026-06-10T21:33:33Z,2026-06-10T21:43:30Z,597,8be9f540cd07554ad3d36b22f92d3490c8e10e1d
80657935682,27304271811,ci-1-core,"core (windows-latest, x86 build)",completed,cancelled,2026-06-10T20:29:33Z,2026-06-10T20:29:33Z,0,0f6d164a7b8953bc52e65f9835fe2d6acf0cbc1d
80657798332,27304246972,ci-1-core,"core (windows-latest, x86 build)",completed,cancelled,2026-06-10T20:28:51Z,2026-06-10T20:28:51Z,0,78b4bc7b3561f178aa80fa24b230114b6330689b
80657751388,27304224011,ci-1-core,"core (windows-latest, x86 build)",completed,cancelled,2026-06-10T20:28:37Z,2026-06-10T20:28:37Z,0,ceb036907ad6ad6b7a1f4226ec3031280b7d5294
80657674225,27304199649,ci-1-core,"core (windows-latest, x86 build)",completed,cancelled,2026-06-10T20:28:14Z,2026-06-10T20:28:13Z,-1,0b87441295313b77e48b65cc42c966e223f1a293
80659853938,27303151206,ci-1-core,"core (windows-latest, x86 build)",completed,success,2026-06-10T20:39:21Z,2026-06-10T20:50:05Z,644,411a55b0b7db1b4cf66802aa7be3ca48b8727cdc
80651671946,27300901939,ci-1-core,"core (windows-latest, x86 build)",completed,skipped,2026-06-10T19:58:26Z,2026-06-10T19:58:26Z,0,34a8192d42595fdf5835cf3d5d4baef2adaaa6b1
80654426451,27300568623,ci-1-core,"core (windows-latest, x86 build)",completed,success,2026-06-10T20:11:47Z,2026-06-10T20:21:35Z,588,8bf94544b59ce843fda8740db37a664761607051
80655153701,27300471180,ci-1-core,"core (windows-latest, x86 build)",completed,success,2026-06-10T20:15:21Z,2026-06-10T20:26:12Z,651,e42ff476208cd1b2855004ffd78ed0a42b400f0c
80655168948,27300455882,ci-1-core,"core (windows-latest, x86 build)",completed,success,2026-06-10T20:15:26Z,2026-06-10T20:25:24Z,598,79b97b9ccdd3013be01047b1267527c0b1c082a0
80655137197,27300258239,ci-1-core,"core (windows-latest, x86 build)",completed,success,2026-06-10T20:15:17Z,2026-06-10T20:25:02Z,585,82953cb1e2ccb1b541da501a7655cb6ba54cdca7
80645285116,27300166650,ci-1-core,"core (windows-latest, x86 build)",completed,skipped,2026-06-10T19:26:35Z,2026-06-10T19:26:35Z,0,b0a803c5dbbf9a5d93e908350b0420765d3e898d
80643529065,27299900110,ci-1-core,"core (windows-latest, x86 build)",completed,cancelled,2026-06-10T19:17:41Z,2026-06-10T19:17:41Z,0,dc62dbdd9a1fc6b4d03ab23c08064370de0f9883
80655017238,27299732906,ci-1-core,"core (windows-latest, x86 build)",completed,success,2026-06-10T20:14:42Z,2026-06-10T20:21:28Z,406,27d5fd2c2d0aef4c2788853972b867e189803c1f
80646474137,27299553376,ci-1-core,"core (windows-latest, x86 build)",completed,success,2026-06-10T19:32:42Z,2026-06-10T19:43:03Z,621,95c0420f1742e83e8c5c38016bf9516fe65a3217
80641338056,27299524220,ci-1-core,"core (windows-latest, x86 build)",completed,cancelled,2026-06-10T19:06:43Z,2026-06-10T19:06:43Z,0,cd60c1d2053f1c6d7a0eaf3722bd7100f284aea6
80643306275,27299508029,ci-1-core,"core (windows-latest, x86 build)",completed,skipped,2026-06-10T19:16:32Z,2026-06-10T19:16:32Z,0,3223a358d6b761de8ee5932a79d8a0ff6d3cae65
80641205152,27298773634,ci-1-core,"core (windows-latest, x86 build)",completed,cancelled,2026-06-10T19:06:05Z,2026-06-10T19:06:05Z,0,e36f646b02fcbb34d62fd4858598bc55255ff5bf
80635930214,27296442259,ci-1-core,"core (windows-latest, x86 build)",completed,skipped,2026-06-10T18:40:10Z,2026-06-10T18:40:09Z,-1,6ded0279dac317f338a546d45306533998dc5c65
80635567628,27295684781,ci-1-core,"core (windows-latest, x86 build)",completed,skipped,2026-06-10T18:38:18Z,2026-06-10T18:38:17Z,-1,513c165d86f441c049823b372058d666538ee6a9
80628359276,27295162730,ci-1-core,"core (windows-latest, x86 build)",completed,skipped,2026-06-10T18:03:09Z,2026-06-10T18:03:09Z,0,abcea444608d23889ce3154e420b0ac194c9e44a
80631002404,27295092448,ci-1-core,"core (windows-latest, x86 build)",completed,success,2026-06-10T18:15:55Z,2026-06-10T18:26:20Z,625,6e117573bda1587033d5a84b7a623136efd15ed1
80631412041,27294999910,ci-1-core,"core (windows-latest, x86 build)",completed,success,2026-06-10T18:17:53Z,2026-06-10T18:28:30Z,637,357529609c3936fbf05ec2f18e4fb63c74a98d24
80631760711,27294726308,ci-1-core,"core (windows-latest, x86 build)",completed,success,2026-06-10T18:19:35Z,2026-06-10T18:29:20Z,585,f452edd59940205bd9b119e82b17461bdf723b80
80631487075,27294633844,ci-1-core,"core (windows-latest, x86 build)",completed,success,2026-06-10T18:18:16Z,2026-06-10T18:29:23Z,667,18c9b7519980b031b49bc752c804209b1d8c9a09
80624083516,27293304285,ci-1-core,"core (windows-latest, x86 build)",completed,success,2026-06-10T17:42:33Z,2026-06-10T17:53:18Z,645,56923969d829bf379da508f324f5298e89cdc8cf
80619389918,27293289772,ci-1-core,"core (windows-latest, x86 build)",completed,cancelled,2026-06-10T17:19:31Z,2026-06-10T17:19:31Z,0,34f372b227437d3ccf519cadcc088f85bb553f2b
80619303554,27293279488,ci-1-core,"core (windows-latest, x86 build)",completed,cancelled,2026-06-10T17:19:05Z,2026-06-10T17:19:05Z,0,cd73aad6ba149219946abcec3558f1fd129333ee
80621799010,27292866349,ci-1-core,"core (windows-latest, x86 build)",completed,skipped,2026-06-10T17:31:21Z,2026-06-10T17:31:20Z,-1,315a2cbd07d6707c1020fe8b01fe5630333746bf
80614825772,27289288210,ci-1-core,"core (windows-latest, x86 build)",completed,success,2026-06-10T16:57:25Z,2026-06-10T17:08:36Z,671,9442958fd6b6718318a601d8c8599e23fe1a7490
80614717944,27288669220,ci-1-core,"core (windows-latest, x86 build)",completed,success,2026-06-10T16:56:52Z,2026-06-10T17:06:59Z,607,88b6e0166569db32b74c45c88266905c880d2bc5
80614826020,27288650147,ci-1-core,"core (windows-latest, x86 build)",completed,success,2026-06-10T16:57:25Z,2026-06-10T17:08:59Z,694,a19761d9e60f737c3ac5a743a7c8d2b6e042f603
80605676758,27287915871,ci-1-core,"core (windows-latest, x86 build)",completed,skipped,2026-06-10T16:12:13Z,2026-06-10T16:12:13Z,0,e53bcc834074490f0cb38949f14ff4ed12674889
80604461685,27287652214,ci-1-core,"core (windows-latest, x86 build)",completed,success,2026-06-10T16:05:58Z,2026-06-10T16:16:28Z,630,a6db7ac985ccb5e0255be72c02a9ccb51e565535
80601650690,27285216014,ci-1-core,"core (windows-latest, x86 build)",completed,skipped,2026-06-10T15:51:45Z,2026-06-10T15:51:45Z,0,2a629fc959480f457fdfeafd65ab3fc6a17c4d49
80592908083,27285089620,ci-1-core,"core (windows-latest, x86 build)",completed,skipped,2026-06-10T15:08:10Z,2026-06-10T15:08:10Z,0,4bbab0fe96501e155355ad9cdffd9908364e2bb9
80590485675,27285022652,ci-1-core,"core (windows-latest, x86 build)",completed,cancelled,2026-06-10T14:57:35Z,2026-06-10T14:57:34Z,-1,675d7b00d8b41d193c4d7ff238c08b6f575e71a2
80590525330,27284948195,ci-1-core,"core (windows-latest, x86 build)",completed,cancelled,2026-06-10T14:57:45Z,2026-06-10T14:57:44Z,-1,51d13ffd5482a4b0e9894bfc0b9026ec55b6ddb3
80594873984,27284897985,ci-1-core,"core (windows-latest, x86 build)",completed,cancelled,2026-06-10T15:17:51Z,2026-06-10T15:42:52Z,1501,e58839e7865652125bf1525993837467bb454407
80589351359,27283743850,ci-1-core,"core (windows-latest, x86 build)",completed,cancelled,2026-06-10T14:52:39Z,2026-06-10T14:52:38Z,-1,6f613037a3de3927b32e9bb119f8b0870350c59d
80587326686,27283719637,ci-1-core,"core (windows-latest, x86 build)",completed,skipped,2026-06-10T14:43:47Z,2026-06-10T14:43:47Z,0,f0a655adac1ae56bb846fcf5492dcf40ca4a0d59
80587459552,27283466933,ci-1-core,"core (windows-latest, x86 build)",completed,skipped,2026-06-10T14:44:22Z,2026-06-10T14:44:21Z,-1,06a13562873f5ed99fdf28a660f470fa020e3c2f
80593174052,27283188657,ci-1-core,"core (windows-latest, x86 build)",completed,success,2026-06-10T15:09:34Z,2026-06-10T15:20:05Z,631,ea9c913047d580f1621cd6ead1c9a0278561ee78
80590339046,27282631623,ci-1-core,"core (windows-latest, x86 build)",completed,success,2026-06-10T14:56:59Z,2026-06-10T15:07:40Z,641,517d4bcdf4d8f88140f59df1db7c90388a70516d
80582311100,27282424403,ci-1-core,"core (windows-latest, x86 build)",completed,skipped,2026-06-10T14:21:36Z,2026-06-10T14:21:35Z,-1,9d2845faddf4b474bbaa0f4919d175ffc72cdd1f
80591198478,27282375967,ci-1-core,"core (windows-latest, x86 build)",completed,success,2026-06-10T15:00:40Z,2026-06-10T15:10:50Z,610,c45d16b80dca2e2eacef0797a12455a52aadbaf7
80584471103,27281861146,ci-1-core,"core (windows-latest, x86 build)",completed,success,2026-06-10T14:31:15Z,2026-06-10T14:41:42Z,627,e5e01c2ae61e7d0d6b81738cebf50c9e5738d8d3
80585869261,27281269954,ci-1-core,"core (windows-latest, x86 build)",completed,success,2026-06-10T14:43:24Z,2026-06-10T14:53:30Z,606,fa6dd97411e52366d445ec556fe0c6c7ff724864
80579937782,27280712538,ci-1-core,"core (windows-latest, x86 build)",completed,success,2026-06-10T14:11:00Z,2026-06-10T14:21:10Z,610,d6348c2ced84ae299c1f3289c294939f9f444476
80574169669,27280689761,ci-1-core,"core (windows-latest, x86 build)",completed,cancelled,2026-06-10T13:45:14Z,2026-06-10T13:45:13Z,-1,bc18d48fb50d28634c5902073bf0f281e3d42c31
80574036046,27280678735,ci-1-core,"core (windows-latest, x86 build)",completed,cancelled,2026-06-10T13:44:38Z,2026-06-10T13:44:38Z,0,7b0a9c4d2ffe2dd719635fb465d53de002080e1d
80576495270,27280640897,ci-1-core,"core (windows-latest, x86 build)",completed,skipped,2026-06-10T13:55:43Z,2026-06-10T13:55:42Z,-1,5da5c0bc3d6d2038ceabe11fcb734df530e03a4f
80579842682,27280494209,ci-1-core,"core (windows-latest, x86 build)",completed,success,2026-06-10T14:10:36Z,2026-06-10T14:20:50Z,614,7f560e29d049cefdeca655a771d71097ee3be11d
80572859490,27279603609,ci-1-core,"core (windows-latest, x86 build)",completed,skipped,2026-06-10T13:39:20Z,2026-06-10T13:39:19Z,-1,b4f31f66f2bad19de4ef3f3db69f0734d7d1258e
80571719312,27278479574,ci-1-core,"core (windows-latest, x86 build)",completed,success,2026-06-10T13:34:14Z,2026-06-10T13:42:02Z,468,facb127e7472fc663850430a7bf442165491f146
80571785627,27278223711,ci-1-core,"core (windows-latest, x86 build)",completed,success,2026-06-10T13:34:32Z,2026-06-10T13:43:32Z,540,34ed7d4cca11dfed6bf3452c106f221cffb19f81
80571600317,27277992479,ci-1-core,"core (windows-latest, x86 build)",completed,success,2026-06-10T13:33:43Z,2026-06-10T13:45:10Z,687,61d7ab70a573fa4690f2f9a3cb15b413e4e31add
80571663147,27277863012,ci-1-core,"core (windows-latest, x86 build)",completed,success,2026-06-10T13:34:00Z,2026-06-10T13:43:59Z,599,70ad82111661bdc7cc088c50eb4979129a5fbfc6
80571213836,27277794778,ci-1-core,"core (windows-latest, x86 build)",completed,success,2026-06-10T13:32:00Z,2026-06-10T13:42:58Z,658,5969af3d245233b6f2c91c217c21878f5efc5f9f
80565319984,27276832616,ci-1-core,"core (windows-latest, x86 build)",completed,cancelled,2026-06-10T13:04:44Z,2026-06-10T13:08:19Z,215,4b3b0e87d615b785965d5f11bd1026d63c07d363
80560270559,27276822380,ci-1-core,"core (windows-latest, x86 build)",completed,cancelled,2026-06-10T12:39:27Z,2026-06-10T12:39:26Z,-1,4c8939407c352bb6c4e96a1b8efa03432d55f4f8
80560234237,27276811507,ci-1-core,"core (windows-latest, x86 build)",completed,cancelled,2026-06-10T12:39:16Z,2026-06-10T12:39:16Z,0,eaf8d28169392660aa0b87f788f1e6211ccca434
80562362475,27276777114,ci-1-core,"core (windows-latest, x86 build)",completed,skipped,2026-06-10T12:50:10Z,2026-06-10T12:50:09Z,-1,22e4757903810493417d606a541bcc4b750ea698
80558335890,27275657354,ci-1-core,"core (windows-latest, x86 build)",completed,skipped,2026-06-10T12:29:27Z,2026-06-10T12:29:27Z,0,c27f30a2bda0718cf43d5aaeff30be3ad05a72d8
80561293660,27275076213,ci-1-core,"core (windows-latest, x86 build)",completed,success,2026-06-10T12:45:48Z,2026-06-10T12:55:07Z,559,f2fce6030af3f99103d8bb46ceb0d7730caea152
80558805051,27274944095,ci-1-core,"core (windows-latest, x86 build)",completed,cancelled,2026-06-10T12:31:56Z,2026-06-10T12:38:59Z,423,57008b953b014f1a740fe5c70f9174bdfa86715d
80558692116,27274066489,ci-1-core,"core (windows-latest, x86 build)",completed,success,2026-06-10T12:31:21Z,2026-06-10T12:40:56Z,575,f8ca46de151f1c9260d75191eba4c09cc43bef78
80558430873,27274062658,ci-1-core,"core (windows-latest, x86 build)",completed,success,2026-06-10T12:29:59Z,2026-06-10T12:39:59Z,600,2cd5c1bd843b131e90cb7c05f1c46d22dfe9615a
80558169010,27274048026,ci-1-core,"core (windows-latest, x86 build)",completed,success,2026-06-10T12:28:38Z,2026-06-10T12:39:11Z,633,b774f192851f74475d9e01afb7a36fa2149417d1
80558116333,27274034608,ci-1-core,"core (windows-latest, x86 build)",completed,success,2026-06-10T12:28:38Z,2026-06-10T12:38:59Z,621,241d90ef1f7850f7d690b39a8365c4ac4ba16632
80553174446,27273172347,ci-1-core,"core (windows-latest, x86 build)",completed,cancelled,2026-06-10T12:02:08Z,2026-06-10T12:06:18Z,250,54c79dcb3e900ff430e35a9077d1a2d34591c44f
80548455152,27273165529,ci-1-core,"core (windows-latest, x86 build)",completed,cancelled,2026-06-10T11:35:49Z,2026-06-10T11:35:48Z,-1,ee41fa9e132e4dce2e58070f65141808da11f5ce
80545436924,27272010808,ci-1-core,"core (windows-latest, x86 build)",completed,skipped,2026-06-10T11:18:48Z,2026-06-10T11:18:47Z,-1,a23897e75f9bded83e0e667d0ee64c435fbfa8f9
80547552434,27271880398,ci-1-core,"core (windows-latest, x86 build)",completed,cancelled,2026-06-10T11:30:45Z,2026-06-10T11:30:45Z,0,13453cd0e817d6a3b2ec4b8eeaa3c5a295b1207a
80543599375,27271644080,ci-1-core,"core (windows-latest, x86 build)",completed,cancelled,2026-06-10T11:08:20Z,2026-06-10T11:08:20Z,0,27427e0216bfedaf2f3fc3b7ef0513a8daf4d8d7
80542062690,27271173588,ci-1-core,"core (windows-latest, x86 build)",completed,skipped,2026-06-10T10:59:29Z,2026-06-10T10:59:29Z,0,9b983aa058c390b1872e64d4388ba39213eb55e8
80545106287,27270518424,ci-1-core,"core (windows-latest, x86 build)",completed,success,2026-06-10T11:16:53Z,2026-06-10T11:26:46Z,593,7201a6f8f639bf9aa8a471837ff3e28486b3e4e4
80542222974,27270341824,ci-1-core,"core (windows-latest, x86 build)",completed,cancelled,2026-06-10T11:00:25Z,2026-06-10T11:05:37Z,312,80154afcfe1fdba1d63702a6dff491b5e3d75cf5
80537951253,27270335279,ci-1-core,"core (windows-latest, x86 build)",completed,cancelled,2026-06-10T10:35:25Z,2026-06-10T10:35:25Z,0,1497d700cd45b5c7b539bd6350dd0e763b3af153
80539236839,27270320485,ci-1-core,"core (windows-latest, x86 build)",completed,skipped,2026-06-10T10:43:03Z,2026-06-10T10:43:03Z,0,92e151c44d1d34d18ed05ad678596e0f15942d8f
80542530893,27268543754,ci-1-core,"core (windows-latest, x86 build)",completed,success,2026-06-10T11:02:07Z,2026-06-10T11:11:30Z,563,f4364d39de5b82be274963f577500946ce06510d
80542460024,27268484367,ci-1-core,"core (windows-latest, x86 build)",completed,success,2026-06-10T11:01:43Z,2026-06-10T11:08:25Z,402,23d8a20f6aa80cf0cbe2f77f5d68372a8dbf9eed
80542419865,27268479133,ci-1-core,"core (windows-latest, x86 build)",completed,success,2026-06-10T11:01:29Z,2026-06-10T11:11:52Z,623,f5b3da647777c32f7e9415c95f15e238b2a76fc5
80542395573,27267583340,ci-1-core,"core (windows-latest, x86 build)",completed,skipped,2026-06-10T11:01:19Z,2026-06-10T11:01:18Z,-1,5cd3977a7f8636b16d8694b4814e914b0f492efb
80532710287,27267420614,ci-1-core,"core (windows-latest, x86 build)",completed,success,2026-06-10T10:05:23Z,2026-06-10T10:15:59Z,636,d552bbbfe19079c7159fcf9f71482f00f743e3ad
80527937137,27267400799,ci-1-core,"core (windows-latest, x86 build)",completed,cancelled,2026-06-10T09:39:23Z,2026-06-10T09:39:23Z,0,c4c294f4cf60e087792eac3fb8ee0919afcd8856
80532687712,27266514662,ci-1-core,"core (windows-latest, x86 build)",completed,skipped,2026-06-10T10:05:13Z,2026-06-10T10:05:13Z,0,f44afabc0c936e363ed8d1910850b9862285e599
80532561662,27266499779,ci-1-core,"core (windows-latest, x86 build)",completed,success,2026-06-10T10:04:34Z,2026-06-10T10:15:20Z,646,521790f550469e4257ad59ca249a67c6d9f6421d
80532637944,27265784883,ci-1-core,"core (windows-latest, x86 build)",completed,success,2026-06-10T10:04:59Z,2026-06-10T10:15:30Z,631,c7517a2c9d720c7cf570c26a98b42017950974bd
80529976986,27265682113,ci-1-core,"core (windows-latest, x86 build)",completed,skipped,2026-06-10T09:50:24Z,2026-06-10T09:50:24Z,0,f197a62afc358b792ca0e98ccbf2d930449b949e
80526833499,27265681695,ci-1-core,"core (windows-latest, x86 build)",completed,cancelled,2026-06-10T09:33:25Z,2026-06-10T09:39:09Z,344,a6b9ca3f19d27dfed03ae58730fddf9206a6c30e
80526168721,27265322315,ci-1-core,"core (windows-latest, x86 build)",completed,success,2026-06-10T09:29:52Z,2026-06-10T09:40:11Z,619,c10a169963fd86cd4428e6cc7d5c223070b64638
80526565410,27264882773,ci-1-core,"core (windows-latest, x86 build)",completed,cancelled,2026-06-10T09:31:57Z,2026-06-10T09:40:18Z,501,464883efe1969fd96608a5e5bfee25f3515a0ef9
80522486212,27264013906,ci-1-core,"core (windows-latest, x86 build)",completed,skipped,2026-06-10T09:09:54Z,2026-06-10T09:09:54Z,0,c57c0cc38dd088150e5e4d0c5d478f419f60c907
80520618412,27263819717,ci-1-core,"core (windows-latest, x86 build)",completed,cancelled,2026-06-10T08:59:50Z,2026-06-10T09:07:34Z,464,1c625e6b79410ab98b628a39acd5727a711fea5e
80519215126,27263422320,ci-1-core,"core (windows-latest, x86 build)",completed,success,2026-06-10T08:52:12Z,2026-06-10T09:02:29Z,617,341b20dea0eada3e45960b05fc3ab80fd60c561a
80514535924,27263067516,ci-1-core,"core (windows-latest, x86 build)",completed,cancelled,2026-06-10T08:27:02Z,2026-06-10T08:27:01Z,-1,1215cde6d0025891b781a6ccc96850fff07a48ea
80515915018,27263041314,ci-1-core,"core (windows-latest, x86 build)",completed,cancelled,2026-06-10T08:34:26Z,2026-06-10T08:34:26Z,0,f59cf86e7fb9a262e11053cc7387a8ab6401da1a
80513254923,27262884041,ci-1-core,"core (windows-latest, x86 build)",completed,cancelled,2026-06-10T08:19:49Z,2026-06-10T08:19:49Z,0,9b616ee19480fd15d9a0e3d26b07b155dfb77f92
80514134965,27261612334,ci-1-core,"core (windows-latest, x86 build)",completed,success,2026-06-10T08:24:51Z,2026-06-10T08:35:31Z,640,d87a82538d9c85bb4da425ced1158a3231a66e6d
80512893591,27261525395,ci-1-core,"core (windows-latest, x86 build)",completed,success,2026-06-10T08:17:58Z,2026-06-10T08:28:54Z,656,c97c50ab94db87efd4b0c52c576cb8ccb6f3fe28
80512356564,27261479769,ci-1-core,"core (windows-latest, x86 build)",completed,cancelled,2026-06-10T08:14:45Z,2026-06-10T08:16:33Z,108,c999774d8d3fc021d51eaf3384faa829e0d40767
80508064868,27260410706,ci-1-core,"core (windows-latest, x86 build)",completed,cancelled,2026-06-10T07:49:44Z,2026-06-10T07:49:43Z,-1,38f87e5780955a54a704a2bb2f933bb16fabab3c
80508027040,27260196021,ci-1-core,"core (windows-latest, x86 build)",completed,success,2026-06-10T07:49:34Z,2026-06-10T07:59:18Z,584,3464a39a9e2c4822c5758763865dc4ddc1f1924a
80506527310,27259678698,ci-1-core,"core (windows-latest, x86 build)",completed,success,2026-06-10T07:40:35Z,2026-06-10T07:47:15Z,400,555095da88777f823c10b67bdb8f04d63096ffe5
80506828481,27259468513,ci-1-core,"core (windows-latest, x86 build)",completed,success,2026-06-10T07:42:24Z,2026-06-10T07:51:57Z,573,ee320dfe8b94884dd52ac15d7d6ad47acc0a356b
80504488267,27259410425,ci-1-core,"core (windows-latest, x86 build)",completed,cancelled,2026-06-10T07:27:54Z,2026-06-10T07:27:54Z,0,7ffc52f738d9c5dae140c52e99310983ee9c4b5f
80501252385,27258636814,ci-1-core,"core (windows-latest, x86 build)",completed,cancelled,2026-06-10T07:07:02Z,2026-06-10T07:07:02Z,0,9672dc2abb3afe15a1cc30da13a85bf0dcbe16a5
80502569844,27257712331,ci-1-core,"core (windows-latest, x86 build)",completed,success,2026-06-10T07:15:48Z,2026-06-10T07:25:25Z,577,ed37f135d7e902c6e358faf65ddd24812f276556
80502346290,27257632048,ci-1-core,"core (windows-latest, x86 build)",completed,success,2026-06-10T07:14:19Z,2026-06-10T07:25:30Z,671,74d4dad82aa23491235f40499781c388b2f9238b
80500475651,27257484781,ci-1-core,"core (windows-latest, x86 build)",completed,skipped,2026-06-10T07:01:51Z,2026-06-10T07:01:50Z,-1,b48b4bf8001703079c9516babd5a954ea7b76e1b
80497209563,27257102386,ci-1-core,"core (windows-latest, x86 build)",completed,cancelled,2026-06-10T06:39:10Z,2026-06-10T06:50:00Z,650,9ed3bce6a007111a2ce1d27bea6c2fdd36ab1c05
80497229655,27257044105,ci-1-core,"core (windows-latest, x86 build)",completed,success,2026-06-10T06:39:09Z,2026-06-10T06:49:03Z,594,c5fc24e5bdea8da006b4af9e62b7a3f9b1571d45
80493769370,27256195750,ci-1-core,"core (windows-latest, x86 build)",completed,cancelled,2026-06-10T06:13:53Z,2026-06-10T06:13:52Z,-1,9fa26f35a3d183203e9b5d9bc904957ec0b5fd5d
80494239361,27256193048,ci-1-core,"core (windows-latest, x86 build)",completed,success,2026-06-10T06:17:32Z,2026-06-10T06:28:20Z,648,c7886bc29db2193d47d38c3b5f9a59542a6801d3
80490937053,27256182119,ci-1-core,"core (windows-latest, x86 build)",completed,cancelled,2026-06-10T05:50:47Z,2026-06-10T05:50:47Z,0,993793b55b6410cb81b1e22eab68fed1fbd0e0d5
80767271218,27338001368,ci-1-core,"core (windows-latest, x86 build)",completed,cancelled,2026-06-11T09:41:09Z,2026-06-11T09:41:09Z,0,d455949e129bc216b35e24d13dab139ec2d06feb
80767168230,27337975716,ci-1-core,"core (windows-latest, x86 build)",completed,cancelled,2026-06-11T09:40:36Z,2026-06-11T09:40:36Z,0,b177c85709a01830f57e71ae876b6d819f61e6b3
80767078147,27337941922,ci-1-core,"core (windows-latest, x86 build)",completed,cancelled,2026-06-11T09:40:08Z,2026-06-11T09:40:08Z,0,5f5c258eff5f23e80b68409d895b0e054b1c82ae
80766995558,27337904442,ci-1-core,"core (windows-latest, x86 build)",completed,cancelled,2026-06-11T09:39:41Z,2026-06-11T09:39:41Z,0,cf17290863ed4fe971e80b492b202921824ebd7d
80761090897,27334721670,ci-1-core,"core (windows-latest, x86 build)",completed,success,2026-06-11T09:08:12Z,2026-06-11T09:18:49Z,637,21a68b8ea554e46366e18654100b56e25b1727a3
80761750322,27334619620,ci-1-core,"core (windows-latest, x86 build)",completed,success,2026-06-11T09:11:41Z,2026-06-11T09:21:34Z,593,f9e5845b8729b9f9eb2e2e327094ac10cd8a231a
80761370022,27334536631,ci-1-core,"core (windows-latest, x86 build)",completed,success,2026-06-11T09:09:50Z,2026-06-11T09:20:34Z,644,24ba313ca222d943438eb69c4318356f34e296af
80759072554,27334408100,ci-1-core,"core (windows-latest, x86 build)",completed,success,2026-06-11T08:57:37Z,2026-06-11T09:06:55Z,558,fb36ecd02b550211d71b91763fad1a72815f8712
80759647426,27334305286,ci-1-core,"core (windows-latest, x86 build)",completed,success,2026-06-11T09:00:36Z,2026-06-11T09:10:43Z,607,a0cb24ba214491ee889d1b686d948f77e83554c5
80761303639,27333819701,ci-1-core,"core (windows-latest, x86 build)",completed,success,2026-06-11T09:09:19Z,2026-06-11T09:19:58Z,639,b7169cfe2bed76719ca207466530115db9f5d7ea
80761294450,27333179631,ci-1-core,"core (windows-latest, x86 build)",completed,success,2026-06-11T09:09:16Z,2026-06-11T09:19:16Z,600,11e6e8d28e3536ec4b6685784ccd53fcdd4d28cb
80754145356,27332895723,ci-1-core,"core (windows-latest, x86 build)",completed,success,2026-06-11T08:30:41Z,2026-06-11T08:41:03Z,622,2884bf34c4454f007f55ce0d7474ec0d0c1a1184
80755219987,27331156996,ci-1-core,"core (windows-latest, x86 build)",completed,success,2026-06-11T08:40:14Z,2026-06-11T08:51:18Z,664,93777387d59b8bceae35f9dcc71d3547a73664b5
80755591443,27330523198,ci-1-core,"core (windows-latest, x86 build)",completed,success,2026-06-11T08:41:05Z,2026-06-11T08:46:59Z,354,cff9e6d55c6071ba8c72e427bdbf357bee89c113
80754745762,27330083685,ci-1-core,"core (windows-latest, x86 build)",completed,cancelled,2026-06-11T08:33:56Z,2026-06-11T08:33:55Z,-1,5f85091353e339696ef2c0add1cc4671576b24c2
80743534656,27329918276,ci-1-core,"core (windows-latest, x86 build)",completed,success,2026-06-11T07:29:40Z,2026-06-11T07:40:01Z,621,d9864402b4337e5914b012747742f3214b28c23f
80741085451,27329203964,ci-1-core,"core (windows-latest, x86 build)",completed,success,2026-06-11T07:13:57Z,2026-06-11T07:22:16Z,499,360a87b5c6acf4e36691d3d2dd18e328b4668a6d
80739613191,27329095803,ci-1-core,"core (windows-latest, x86 build)",completed,cancelled,2026-06-11T07:04:22Z,2026-06-11T07:04:22Z,0,64beb44529fa28a1cd1e2e976d976f8adbac5f94
80736903267,27329020527,ci-1-core,"core (windows-latest, x86 build)",completed,cancelled,2026-06-11T06:46:04Z,2026-06-11T06:46:04Z,0,0bf9ecf76059d80719cbc995640740d4eac07cf1
80739387834,27328328732,ci-1-core,"core (windows-latest, x86 build)",completed,success,2026-06-11T07:02:56Z,2026-06-11T07:12:49Z,593,48461d94e8d9129b0f6554c9b7ca593447ce9584
80739428780,27327925630,ci-1-core,"core (windows-latest, x86 build)",completed,success,2026-06-11T07:03:13Z,2026-06-11T07:13:50Z,637,f47e111d6f207482c06c98a5e2d9ef7ffa40eac1
80735939747,27327345488,ci-1-core,"core (windows-latest, x86 build)",completed,success,2026-06-11T06:39:34Z,2026-06-11T06:50:04Z,630,b46621ffccbfe0f44bb9b4f9c1325bfcd2924069
80734893367,27327297139,ci-1-core,"core (windows-latest, x86 build)",completed,success,2026-06-11T06:32:07Z,2026-06-11T06:43:42Z,695,768f7199a438851fdeda8ed1d46fd53f61c4b339
80733396784,27327221527,ci-1-core,"core (windows-latest, x86 build)",completed,skipped,2026-06-11T06:20:39Z,2026-06-11T06:20:39Z,0,455ad8eb5bdc9bd51b0c45d4de807a6180fe624d
80731351768,27327092123,ci-1-core,"core (windows-latest, x86 build)",completed,cancelled,2026-06-11T06:04:57Z,2026-06-11T06:04:57Z,0,80797cd12ceb0a5a0a4679723b33a555a707dfd4
80816551641,27351939313,ci-1-core,"core (windows-latest, x86 build)",completed,cancelled,2026-06-11T13:58:28Z,2026-06-11T13:58:27Z,-1,438f3ce268a79f747feda1ad18e2b9b106fc3078
80815871686,27351927206,ci-1-core,"core (windows-latest, x86 build)",completed,cancelled,2026-06-11T13:55:31Z,2026-06-11T13:55:31Z,0,6ba329789cd765c6c14c205813186dd292ed4e2f
80815836320,27351859286,ci-1-core,"core (windows-latest, x86 build)",completed,cancelled,2026-06-11T13:55:22Z,2026-06-11T13:55:22Z,0,7fc477690c647cd3eba402554ab52f7826163473
80815588454,27351827613,ci-1-core,"core (windows-latest, x86 build)",completed,cancelled,2026-06-11T13:54:19Z,2026-06-11T13:54:18Z,-1,0bda578e2e87fe8e77b84ae30f2940b3f1e50350
80815531229,27349827856,ci-1-core,"core (windows-latest, x86 build)",completed,cancelled,2026-06-11T13:54:04Z,2026-06-11T13:54:03Z,-1,1b76787e99bbec1036ee5eb2f5a1922a374de973
80808360551,27349720449,ci-1-core,"core (windows-latest, x86 build)",completed,cancelled,2026-06-11T13:21:53Z,2026-06-11T13:21:53Z,0,1b50de950a273bf0c2d716210cc54c0e2215e2db
80813915601,27349687405,ci-1-core,"core (windows-latest, x86 build)",completed,success,2026-06-11T13:47:05Z,2026-06-11T13:57:35Z,630,7dc8adec08bdd7591832f615b8028168a9f616e4
80813490544,27349201427,ci-1-core,"core (windows-latest, x86 build)",completed,success,2026-06-11T13:45:20Z,2026-06-11T13:55:52Z,632,15157333865cc90c29c01c43c369b8fcf2139750
80816202359,27348660847,ci-1-core,"core (windows-latest, x86 build)",completed,skipped,2026-06-11T13:56:57Z,2026-06-11T13:56:57Z,0,6ff13368693a25d727754ac86af050287da47d36
80813975163,27348631925,ci-1-core,"core (windows-latest, x86 build)",completed,success,2026-06-11T13:47:20Z,2026-06-11T13:57:19Z,599,d1f3097ae53cf72ed251154c236eec486fd3c088
80813877059,27348279414,ci-1-core,"core (windows-latest, x86 build)",completed,skipped,2026-06-11T13:46:53Z,2026-06-11T13:46:52Z,-1,8b08bd42ddaab26ac9badf0eaf9faacb1a1dcc2e
80807609254,27347703676,ci-1-core,"core (windows-latest, x86 build)",completed,cancelled,2026-06-11T13:18:25Z,2026-06-11T13:19:56Z,91,9272f6987c4f517e138fb466beabc0c5656301a9
80800775110,27347527527,ci-1-core,"core (windows-latest, x86 build)",completed,cancelled,2026-06-11T12:45:33Z,2026-06-11T12:45:32Z,-1,a1493bdfa48c0b2b9256912faf6422b021b258ae
80800206863,27347230909,ci-1-core,"core (windows-latest, x86 build)",completed,cancelled,2026-06-11T12:42:43Z,2026-06-11T12:42:43Z,0,95edfe57058eaf55cb14dbd862ae54147a521453
80799100386,27347104181,ci-1-core,"core (windows-latest, x86 build)",completed,cancelled,2026-06-11T12:37:07Z,2026-06-11T12:37:07Z,0,195305de279290e80a660ec8bb60b8e774ace233
80798635506,27347019516,ci-1-core,"core (windows-latest, x86 build)",completed,cancelled,2026-06-11T12:34:48Z,2026-06-11T12:34:48Z,0,d2d1053369c7d477e86d0989dc7e967bf06b4c32
80806308875,27346826687,ci-1-core,"core (windows-latest, x86 build)",completed,success,2026-06-11T13:12:19Z,2026-06-11T13:22:39Z,620,b0f0f035f3eead4a49bc11c6f68bfbf1d9c94771
80802382150,27346609107,ci-1-core,"core (windows-latest, x86 build)",completed,skipped,2026-06-11T12:53:33Z,2026-06-11T12:53:32Z,-1,2634005a68473ca72c408a4844c65fdd13972fa7
80803576551,27346440733,ci-1-core,"core (windows-latest, x86 build)",completed,success,2026-06-11T12:59:26Z,2026-06-11T13:09:00Z,574,0df3031fdc61564adeed72822eebe5f74040b169
80796929746,27346405731,ci-1-core,"core (windows-latest, x86 build)",completed,cancelled,2026-06-11T12:26:12Z,2026-06-11T12:26:12Z,0,6b0be5ab7e864b5fabd769cf2428bed024e29411
80803696745,27346077395,ci-1-core,"core (windows-latest, x86 build)",completed,success,2026-06-11T13:00:02Z,2026-06-11T13:10:10Z,608,0067ae3e5d6c871b56c037e234678e1c9a7469ba
80804393003,27345951027,ci-1-core,"core (windows-latest, x86 build)",completed,success,2026-06-11T13:03:20Z,2026-06-11T13:13:28Z,608,8908ed419ae716f0e140d7657bfc7e5b9c010e25
80798706637,27345466964,ci-1-core,"core (windows-latest, x86 build)",completed,success,2026-06-11T12:40:47Z,2026-06-11T12:51:01Z,614,a463bbc0863af81426cd88310b6485b72d5eeeb5
80798397239,27345443676,ci-1-core,"core (windows-latest, x86 build)",completed,success,2026-06-11T12:37:24Z,2026-06-11T12:48:04Z,640,acba66535c1b1e53535162c58de636699fa9d9af
80797694987,27345366112,ci-1-core,"core (windows-latest, x86 build)",completed,success,2026-06-11T12:33:23Z,2026-06-11T12:43:39Z,616,b08df96102edb152ade210b27000e5cc246dd7fe
80795436431,27344705941,ci-1-core,"core (windows-latest, x86 build)",completed,cancelled,2026-06-11T12:18:38Z,2026-06-11T12:27:36Z,538,db71679359b11924cfc5c4667ea2465b86d2bd02
80795490833,27344605534,ci-1-core,"core (windows-latest, x86 build)",completed,success,2026-06-11T12:18:57Z,2026-06-11T12:28:28Z,571,8eee3bedb20c1b2fd57ca8e589ba4472d587406f
80790750898,27344582635,ci-1-core,"core (windows-latest, x86 build)",completed,cancelled,2026-06-11T11:53:22Z,2026-06-11T11:53:21Z,-1,fa445a82e9bfc11606c86344ac22d12469ad7697
80789816722,27344542487,ci-1-core,"core (windows-latest, x86 build)",completed,cancelled,2026-06-11T11:48:12Z,2026-06-11T11:48:12Z,0,1ab6f5e64bad0a2ec06be72855e2672767d2296c
80789673998,27344533902,ci-1-core,"core (windows-latest, x86 build)",completed,cancelled,2026-06-11T11:47:22Z,2026-06-11T11:47:21Z,-1,9148e1cabc4b7af7b2df4485dd3285583713fa0b
80795531503,27342283339,ci-1-core,"core (windows-latest, x86 build)",completed,skipped,2026-06-11T12:19:07Z,2026-06-11T12:19:07Z,0,ac89401d7475e690444609482f3afdbcc602c443
80786318177,27341972010,ci-1-core,"core (windows-latest, x86 build)",completed,success,2026-06-11T11:28:31Z,2026-06-11T11:38:28Z,597,1aec24895a87f147f20dd619739e55889cb40427
80785331817,27341817806,ci-1-core,"core (windows-latest, x86 build)",completed,success,2026-06-11T11:22:46Z,2026-06-11T11:30:14Z,448,04f8f3e092fb02aa2e236e2860c8c22b1eb739d8
80796644884,27341689252,ci-1-core,"core (windows-latest, x86 build)",completed,success,2026-06-11T12:24:52Z,2026-06-11T12:35:40Z,648,955df521a82de72d61bc1e857bbf03fa3c23719d
80784891067,27341675292,ci-1-core,"core (windows-latest, x86 build)",completed,success,2026-06-11T11:20:14Z,2026-06-11T11:31:35Z,681,4d2801ac2d3ec479db23aa17efe75b9d51e94b6c
80779817968,27341667160,ci-1-core,"core (windows-latest, x86 build)",completed,cancelled,2026-06-11T10:50:43Z,2026-06-11T10:50:43Z,0,ef37e25109dc2c23cc30bbadd10da208220c5f31
80779788555,27341659258,ci-1-core,"core (windows-latest, x86 build)",completed,cancelled,2026-06-11T10:50:33Z,2026-06-11T10:50:32Z,-1,40c814d61de1d555e33e87b651ad93070f4d35ae
80779762029,27341633750,ci-1-core,"core (windows-latest, x86 build)",completed,cancelled,2026-06-11T10:50:24Z,2026-06-11T10:50:23Z,-1,d6b97214408315099027e1ce1273d0235ed11c0a
80779674985,27341620696,ci-1-core,"core (windows-latest, x86 build)",completed,cancelled,2026-06-11T10:49:55Z,2026-06-11T10:49:54Z,-1,dffaec136149a83ae153979efdc71469155e1da9
80784618659,27340863433,ci-1-core,"core (windows-latest, x86 build)",completed,success,2026-06-11T11:18:40Z,2026-06-11T11:28:56Z,616,a9c0d6da4210a6d96665174a22e2e8c1a0b19d24
80794798831,27340690464,ci-1-core,"core (windows-latest, x86 build)",completed,success,2026-06-11T12:15:16Z,2026-06-11T12:25:17Z,601,f9b7240c5c29adbcc136b6b4d13e1fdf1e40df58
80779670450,27340541530,ci-1-core,"core (windows-latest, x86 build)",completed,cancelled,2026-06-11T10:49:53Z,2026-06-11T10:49:53Z,0,9a4a06c9e227b56a2412213527d0551afe36624a
80780072373,27340434537,ci-1-core,"core (windows-latest, x86 build)",completed,success,2026-06-11T10:56:37Z,2026-06-11T11:06:59Z,622,bde5fd260498f07512e45bacb122733f27e1be76
80780517355,27340326063,ci-1-core,"core (windows-latest, x86 build)",completed,success,2026-06-11T10:57:27Z,2026-06-11T11:07:31Z,604,7f2bc97249047d1820f1ad9edcd482e69b9cf3bd
80779344861,27340205210,ci-1-core,"core (windows-latest, x86 build)",completed,success,2026-06-11T10:48:01Z,2026-06-11T10:58:19Z,618,fd86e2dd925281a27a94d8f6d1de54381769f8ec
80779594916,27340137421,ci-1-core,"core (windows-latest, x86 build)",completed,success,2026-06-11T10:49:28Z,2026-06-11T10:57:39Z,491,4846d397c7cf83303f84739ed02ca5448a587922
80775947422,27340136175,ci-1-core,"core (windows-latest, x86 build)",completed,cancelled,2026-06-11T10:28:32Z,2026-06-11T10:28:31Z,-1,5c3069fc652b39ea1656bf474d265dfa7816af05
80779099881,27339421429,ci-1-core,"core (windows-latest, x86 build)",completed,success,2026-06-11T10:46:33Z,2026-06-11T10:56:35Z,602,0770eaf35610387fff8c908d73242dc18e70d9fa
80779556489,27339351438,ci-1-core,"core (windows-latest, x86 build)",completed,success,2026-06-11T10:49:15Z,2026-06-11T10:58:52Z,577,8438470aafbd3b9c5c42fb29f5fb823421ae6c2f
80776861760,27339265478,ci-1-core,"core (windows-latest, x86 build)",completed,success,2026-06-11T10:34:05Z,2026-06-11T10:44:01Z,596,bab104586fa24fb9e00168cc24b5164ab8dda8fd
80776924454,27339207046,ci-1-core,"core (windows-latest, x86 build)",completed,success,2026-06-11T10:37:45Z,2026-06-11T10:47:36Z,591,220030287f79f1cd83bb0b05d002fb9ff6bef920
80843044012,27359483831,ci-1-core,"core (windows-latest, x86 build)",completed,cancelled,2026-06-11T15:52:22Z,2026-06-11T15:52:22Z,0,219692add2c01bf1a4691e36c177e76cef1bcaa5
80842769388,27359436488,ci-1-core,"core (windows-latest, x86 build)",completed,cancelled,2026-06-11T15:51:07Z,2026-06-11T15:51:06Z,-1,0d272f54d73c1181824b13718b546e0b3095fc55
80842600130,27358381476,ci-1-core,"core (windows-latest, x86 build)",completed,cancelled,2026-06-11T15:50:21Z,2026-06-11T15:50:20Z,-1,e608dc3eafe694d1855e27079cbc30dab7f773df
80838857018,27357767331,ci-1-core,"core (windows-latest, x86 build)",completed,cancelled,2026-06-11T15:33:30Z,2026-06-11T15:33:30Z,0,46a3edac9d732e797957e7efe73a3bda727a8791
80836614712,27357703807,ci-1-core,"core (windows-latest, x86 build)",completed,cancelled,2026-06-11T15:23:53Z,2026-06-11T15:23:52Z,-1,e7c385d2cea327905c1d52de3f2271291309745d
80842854962,27357698137,ci-1-core,"core (windows-latest, x86 build)",completed,skipped,2026-06-11T15:51:30Z,2026-06-11T15:51:30Z,0,74accb4d386950886290826633008e2ae2ecb74d
80838477611,27356630445,ci-1-core,"core (windows-latest, x86 build)",completed,cancelled,2026-06-11T15:31:51Z,2026-06-11T15:31:50Z,-1,35fcd18412106b672dd108803ca511303c0df4c1
80838661160,27356526251,ci-1-core,"core (windows-latest, x86 build)",completed,success,2026-06-11T15:33:46Z,2026-06-11T15:44:42Z,656,cba28fa3efe6f18a7b50129244e50e5ff546d772
80836057242,27355837314,ci-1-core,"core (windows-latest, x86 build)",completed,skipped,2026-06-11T15:21:28Z,2026-06-11T15:21:27Z,-1,6fb57f24b20e56ec9874f9f6f7401bcaefa2e33d
80829765100,27355621757,ci-1-core,"core (windows-latest, x86 build)",completed,cancelled,2026-06-11T14:54:59Z,2026-06-11T14:54:59Z,0,19f257fa45da967bd9f2aced2ebb3f9848246610
80829058169,27355044944,ci-1-core,"core (windows-latest, x86 build)",completed,cancelled,2026-06-11T14:52:01Z,2026-06-11T14:52:01Z,0,f4e34d23081506f8c28ea805791b22647a3cb25e
80833113637,27354776922,ci-1-core,"core (windows-latest, x86 build)",completed,success,2026-06-11T15:08:59Z,2026-06-11T15:17:32Z,513,4a814b9c7668d2ed1228b31824f8786c746a1841
80826048556,27354338536,ci-1-core,"core (windows-latest, x86 build)",completed,cancelled,2026-06-11T14:39:14Z,2026-06-11T14:39:14Z,0,f89497dbde92372f24c0c2cc3d321572324d626d
80829659113,27353893370,ci-1-core,"core (windows-latest, x86 build)",completed,skipped,2026-06-11T14:54:33Z,2026-06-11T14:54:33Z,0,323ad7061e652b1e8eed83aac8e9d7e4dda1b89b
80834948484,27353819983,ci-1-core,"core (windows-latest, x86 build)",completed,success,2026-06-11T15:16:46Z,2026-06-11T15:27:12Z,626,ae9b6c25a912a61c33f7295461153e54d84e9ab0
80824953862,27353663227,ci-1-core,"core (windows-latest, x86 build)",completed,skipped,2026-06-11T14:34:29Z,2026-06-11T14:34:28Z,-1,f592465bd677ef435aec4a5ebba467a04294e136
80829110657,27353410828,ci-1-core,"core (windows-latest, x86 build)",completed,success,2026-06-11T14:52:17Z,2026-06-11T15:02:27Z,610,ffcde2b7b77c6535d2dd4a82a77e05495105cc2f
80826946036,27353394994,ci-1-core,"core (windows-latest, x86 build)",completed,cancelled,2026-06-11T14:43:04Z,2026-06-11T14:43:03Z,-1,f68f3519727f79fce8fa602a977442ee7f4f7e66
80973453936,27399311174,ci-1-core,"core (windows-latest, x86 build)",completed,cancelled,2026-06-12T06:40:23Z,2026-06-12T06:40:23Z,0,fa6f70eba07431595789744a50946ab41587cbd4
80973435222,27399269516,ci-1-core,"core (windows-latest, x86 build)",completed,cancelled,2026-06-12T06:40:15Z,2026-06-12T06:40:15Z,0,fcef36cbaa0190c4d9b912bb69fb4fecda9c6459
80973328239,27398306506,ci-1-core,"core (windows-latest, x86 build)",completed,cancelled,2026-06-12T06:39:28Z,2026-06-12T06:39:28Z,0,d6b9aae2be340792329af83ec511dbcaf5735e8a
80970250812,27398273037,ci-1-core,"core (windows-latest, x86 build)",completed,cancelled,2026-06-12T06:14:46Z,2026-06-12T06:14:46Z,0,a523a5ee39742ebc249cad68467798fc786ae488
80970177326,27398204762,ci-1-core,"core (windows-latest, x86 build)",completed,cancelled,2026-06-12T06:14:07Z,2026-06-12T06:14:07Z,0,42393b0862ead8518d56652f6c58c6d45e724b6b
80971097607,27398151969,ci-1-core,"core (windows-latest, x86 build)",completed,skipped,2026-06-12T06:21:54Z,2026-06-12T06:21:53Z,-1,5ab1169b8550487e810700b0fb57be0bb1cf2223
80972147105,27397686609,ci-1-core,"core (windows-latest, x86 build)",completed,cancelled,2026-06-12T06:30:25Z,2026-06-12T06:39:23Z,538,119ea232d8ce27eda7689d2b5f8c2fd568264fdb
80969971183,27397671108,ci-1-core,"core (windows-latest, x86 build)",completed,cancelled,2026-06-12T06:12:18Z,2026-06-12T06:12:18Z,0,0a6478e2de2dda69a9e5576c164f98a2c4c55ed2
80971578858,27397414263,ci-1-core,"core (windows-latest, x86 build)",completed,success,2026-06-12T06:25:47Z,2026-06-12T06:36:23Z,636,10483ef04b5219a32d590091024f85999b4e5942
80971433678,27397362939,ci-1-core,"core (windows-latest, x86 build)",completed,success,2026-06-12T06:24:34Z,2026-06-12T06:34:15Z,581,6e6b2934220bdd7fc558138c26ad6a536411ac6b
80970088950,27397283709,ci-1-core,"core (windows-latest, x86 build)",completed,success,2026-06-12T06:14:06Z,2026-06-12T06:24:49Z,643,f3b23a26dd96867880998f5b8b6270af8e227ac3
80969346391,27397012126,ci-1-core,"core (windows-latest, x86 build)",completed,success,2026-06-12T06:06:52Z,2026-06-12T06:17:13Z,621,2cefa2f137506ee3ca9ef56306755d53890bcb31
80969173004,27396914451,ci-1-core,"core (windows-latest, x86 build)",completed,success,2026-06-12T06:05:25Z,2026-06-12T06:15:50Z,625,75de432fcdd5bd2a807a257f8cf57cd354522dde
80965285706,27395834941,ci-1-core,"core (windows-latest, x86 build)",completed,skipped,2026-06-12T05:30:59Z,2026-06-12T05:30:59Z,0,1ee1872660a0304d0238a0155702ebf2cddea78d
80962856122,27395816487,ci-1-core,"core (windows-latest, x86 build)",completed,cancelled,2026-06-12T05:07:43Z,2026-06-12T05:07:43Z,0,caa57049683647f6e7810440d7bc47e1e13cf9ee
80962803627,27395775011,ci-1-core,"core (windows-latest, x86 build)",completed,cancelled,2026-06-12T05:07:13Z,2026-06-12T05:07:12Z,-1,396fce799bb798269b2d4850e78a4d35342da944
80965590533,27374874153,ci-1-core,"core (windows-latest, x86 build)",completed,success,2026-06-12T05:33:45Z,2026-06-12T05:43:20Z,575,8925688ca122d3c70920e01062c523dfed5c6fbd
80967121431,27373328166,ci-1-core,"core (windows-latest, x86 build)",completed,success,2026-06-12T05:47:26Z,2026-06-12T05:55:42Z,496,f8ca887d8fd76091cb0ab79e3ee0e654fbaabada
80892552895,27372383268,ci-1-core,"core (windows-latest, x86 build)",completed,success,2026-06-11T19:59:24Z,2026-06-11T20:09:32Z,608,3ae83a49bcfbd08b6b76eb9f9d5c4aae3856bb2f
80887786185,27372357519,ci-1-core,"core (windows-latest, x86 build)",completed,cancelled,2026-06-11T19:34:21Z,2026-06-11T19:34:21Z,0,92d07d4c635bdfd2896df7ad5c99868efb3058d5
80887696744,27372332974,ci-1-core,"core (windows-latest, x86 build)",completed,cancelled,2026-06-11T19:33:51Z,2026-06-11T19:33:51Z,0,25e929a19d1fb193c46bbbf68de4fccb720ebd34
80887616451,27372307342,ci-1-core,"core (windows-latest, x86 build)",completed,cancelled,2026-06-11T19:33:26Z,2026-06-11T19:33:26Z,0,3b7087c5a2662f3e878c3ccfade7efc1aae8bd54
80892896578,27371714428,ci-1-core,"core (windows-latest, x86 build)",completed,success,2026-06-11T20:01:07Z,2026-06-11T20:11:23Z,616,acfa7499cad7ddaf55cc6cc7da6f80da7aa8de5f
80893286192,27370679474,ci-1-core,"core (windows-latest, x86 build)",completed,skipped,2026-06-11T20:03:04Z,2026-06-11T20:03:04Z,0,f816bfe12c3261d4d70b1cd74f3eae6be97c6946
80892594962,27370256046,ci-1-core,"core (windows-latest, x86 build)",completed,success,2026-06-11T19:59:35Z,2026-06-11T20:10:00Z,625,c9ef5d77a140ccfef0836a6fc7a987673b4b4239
80884596199,27370078528,ci-1-core,"core (windows-latest, x86 build)",completed,success,2026-06-11T19:17:28Z,2026-06-11T19:27:31Z,603,605379c3db8464f10426e9ac5b90b610da87bb66
80883640644,27369520369,ci-1-core,"core (windows-latest, x86 build)",completed,success,2026-06-11T19:12:30Z,2026-06-11T19:23:02Z,632,a10062c86909e894792bd3a7872cc76c08d9259e
80884010610,27368828711,ci-1-core,"core (windows-latest, x86 build)",completed,success,2026-06-11T19:14:23Z,2026-06-11T19:25:21Z,658,a8d3554c9c9d67f96586f935479bc8a334264efe
80883824912,27368454705,ci-1-core,"core (windows-latest, x86 build)",completed,success,2026-06-11T19:13:26Z,2026-06-11T19:24:17Z,651,2be838e59c70802babb9fd7779b14d6b03025c60
80879377279,27368311473,ci-1-core,"core (windows-latest, x86 build)",completed,success,2026-06-11T18:51:12Z,2026-06-11T19:01:17Z,605,f29870b66b68b3e28ef841b228da0c4a9446748d
80879337018,27367987730,ci-1-core,"core (windows-latest, x86 build)",completed,success,2026-06-11T18:51:00Z,2026-06-11T19:02:10Z,670,93c3f79fc87ae3bd797f82a5a92bda169f52c0ab
80874318893,27367002959,ci-1-core,"core (windows-latest, x86 build)",completed,success,2026-06-11T18:25:15Z,2026-06-11T18:35:39Z,624,c10274da5e98050441bd2efe5210fb2fb247c8e3
80869068319,27366992152,ci-1-core,"core (windows-latest, x86 build)",completed,cancelled,2026-06-11T17:59:00Z,2026-06-11T17:58:59Z,-1,1f60e70f6e0092b58cb47ee7b625a0488add66e5
80869037208,27366969939,ci-1-core,"core (windows-latest, x86 build)",completed,cancelled,2026-06-11T17:58:51Z,2026-06-11T17:58:50Z,-1,9a8d7cd6a316f31deec843d362f56418f1217ff3
80862614606,27363642084,ci-1-core,"core (windows-latest, x86 build)",completed,success,2026-06-11T17:26:44Z,2026-06-11T17:37:05Z,621,7e59f4eeec698705db9c40085b8eb9fdf132342a
80875244266,27363495882,ci-1-core,"core (windows-latest, x86 build)",completed,success,2026-06-11T18:30:09Z,2026-06-11T18:40:28Z,619,85e38db0707371148efdc6da2baf867b82837f58
80858586338,27362426650,ci-1-core,"core (windows-latest, x86 build)",completed,success,2026-06-11T17:06:52Z,2026-06-11T17:17:51Z,659,3933f008308aa5bebd3b6afcff6cb1e15c26d5bf
80858901862,27362371450,ci-1-core,"core (windows-latest, x86 build)",completed,success,2026-06-11T17:08:30Z,2026-06-11T17:19:33Z,663,a757603ad32eea8d625c96a21e53496740be4ce5
80859799393,27361494921,ci-1-core,"core (windows-latest, x86 build)",completed,success,2026-06-11T17:12:56Z,2026-06-11T17:21:33Z,517,b7254adf690282ffe4ba17a1420b05dfbd14cffe
80858809750,27361470810,ci-1-core,"core (windows-latest, x86 build)",completed,success,2026-06-11T17:07:58Z,2026-06-11T17:17:58Z,600,9c8f468a111e5b0c3621d2a69b5afc25c25dca31
80854836907,27361366539,ci-1-core,"core (windows-latest, x86 build)",completed,success,2026-06-11T16:47:49Z,2026-06-11T16:57:51Z,602,c12e60e6839f86c72a12b52c005857295fea04b1
80849353989,27360676755,ci-1-core,"core (windows-latest, x86 build)",completed,cancelled,2026-06-11T16:21:24Z,2026-06-11T16:21:23Z,-1,e60c6be36c803878790d649b02522859bdb0b418
80852429585,27360579364,ci-1-core,"core (windows-latest, x86 build)",completed,success,2026-06-11T16:36:01Z,2026-06-11T16:46:25Z,624,c4b5eeffa3ecc781243121658a34b3a2850e16cd
81039145580,27418952459,ci-1-core,"core (windows-latest, x86 build)",completed,cancelled,2026-06-12T13:32:58Z,2026-06-12T13:32:58Z,0,ad41c23062bd7c7617844821ddc57c883a0a2f64
81041346215,27418797647,ci-1-core,"core (windows-latest, x86 build)",completed,skipped,2026-06-12T13:44:24Z,2026-06-12T13:44:23Z,-1,34d415b14b743713207bfc150c9b6c2b97f98335
81037731728,27417870496,ci-1-core,"core (windows-latest, x86 build)",completed,skipped,2026-06-12T13:25:34Z,2026-06-12T13:25:33Z,-1,db65f94b5f8c48ea96f70ef6e1d411913dc9a51c
81039071396,27417553893,ci-1-core,"core (windows-latest, x86 build)",completed,cancelled,2026-06-12T13:32:35Z,2026-06-12T13:32:35Z,0,25e08834ca4ed68446382fcaf33f944973eb578f
81038810162,27417432476,ci-1-core,"core (windows-latest, x86 build)",completed,failure,2026-06-12T13:31:16Z,2026-06-12T13:40:12Z,536,3cf2a0d425dc83794bd4871391099ed971e9f058
81038099543,27417269883,ci-1-core,"core (windows-latest, x86 build)",completed,cancelled,2026-06-12T13:27:31Z,2026-06-12T13:32:42Z,311,a6c0f1ded5bb1085792d45842293a3fd2f01b25e
81033914044,27417220132,ci-1-core,"core (windows-latest, x86 build)",completed,cancelled,2026-06-12T13:04:51Z,2026-06-12T13:04:51Z,0,632af43db9145c3bcbf0464e44f3978596522bd0
81037312028,27416936081,ci-1-core,"core (windows-latest, x86 build)",completed,success,2026-06-12T13:23:22Z,2026-06-12T13:33:02Z,580,fe0f7d99e9b61dfffd16048e814fe6f76b2d8432
81033221677,27416565261,ci-1-core,"core (windows-latest, x86 build)",completed,cancelled,2026-06-12T13:01:03Z,2026-06-12T13:01:03Z,0,6a27368d37315f6eef8b750bec13ea4f07639ab8
81030797787,27415317905,ci-1-core,"core (windows-latest, x86 build)",completed,cancelled,2026-06-12T12:47:04Z,2026-06-12T12:47:03Z,-1,478a2b9ca7022a719a17ad17b4d14da4c636ea0d
81031022144,27415241396,ci-1-core,"core (windows-latest, x86 build)",completed,failure,2026-06-12T12:48:26Z,2026-06-12T12:55:47Z,441,e1c76e90e40f748f13a3ceecb1e5511837fe2297
81026593754,27414992146,ci-1-core,"core (windows-latest, x86 build)",completed,cancelled,2026-06-12T12:21:50Z,2026-06-12T12:21:50Z,0,f88dc5f768a4a7544eb4f038bb9b53eb689c9d06
81026755781,27414538565,ci-1-core,"core (windows-latest, x86 build)",completed,cancelled,2026-06-12T12:22:49Z,2026-06-12T12:22:48Z,-1,bc4e9cb3367a0071e6e25f4164ead56ef309e47f
81027809282,27413879877,ci-1-core,"core (windows-latest, x86 build)",completed,success,2026-06-12T12:29:19Z,2026-06-12T12:39:41Z,622,ab3f16d397fd680a4b27c5cc7259e158830b3bdc
81025152940,27413660480,ci-1-core,"core (windows-latest, x86 build)",completed,cancelled,2026-06-12T12:13:08Z,2026-06-12T12:14:52Z,104,43f9a1fd8796418a31157bd9a26447f6ed4a268f
81024810398,27413240086,ci-1-core,"core (windows-latest, x86 build)",completed,success,2026-06-12T12:11:03Z,2026-06-12T12:21:12Z,609,7171f2b9bf79e6adff82198e1df12e6ad46b30fc
81020738352,27413069712,ci-1-core,"core (windows-latest, x86 build)",completed,cancelled,2026-06-12T11:45:41Z,2026-06-12T11:45:40Z,-1,ecac52676190959fce5fa51009a7a0fe5759c9c6
81018898911,27413056978,ci-1-core,"core (windows-latest, x86 build)",completed,cancelled,2026-06-12T11:33:49Z,2026-06-12T11:33:48Z,-1,bd5552b8f60f8a782c8fe20472f1f58b7cd3e34f
81018830117,27413022031,ci-1-core,"core (windows-latest, x86 build)",completed,cancelled,2026-06-12T11:33:23Z,2026-06-12T11:33:22Z,-1,69f4fb2ef95ccc172acd69168a5ceb38d3ccc648
81018702702,27412965334,ci-1-core,"core (windows-latest, x86 build)",completed,cancelled,2026-06-12T11:32:35Z,2026-06-12T11:32:35Z,0,c1a88fc0540a3c03d43a1c1dfd5e3d90277da569
81018514207,27412948087,ci-1-core,"core (windows-latest, x86 build)",completed,cancelled,2026-06-12T11:31:23Z,2026-06-12T11:31:23Z,0,1e5ebb19b572187dd7c27fc5144a47c189124b91
81018454279,27412939525,ci-1-core,"core (windows-latest, x86 build)",completed,cancelled,2026-06-12T11:31:00Z,2026-06-12T11:31:00Z,0,522ef55aefdc39c7b686007d2261aba1e160599e
81018422538,27412929051,ci-1-core,"core (windows-latest, x86 build)",completed,cancelled,2026-06-12T11:30:48Z,2026-06-12T11:30:48Z,0,ee87d43a2d1a3aa406db79c507fe06f734d83d2a
81020901395,27412882005,ci-1-core,"core (windows-latest, x86 build)",completed,cancelled,2026-06-12T11:46:46Z,2026-06-12T11:46:45Z,-1,4251c542372d5d3a883d72dd001d33d6d8d1ff89
81023298129,27412861432,ci-1-core,"core (windows-latest, x86 build)",completed,success,2026-06-12T12:01:51Z,2026-06-12T12:12:02Z,611,e9b28b2ac7de1113ddb84cd79641e44a7ea19c08
81034821254,27412751934,ci-1-core,"core (windows-latest, x86 build)",completed,skipped,2026-06-12T13:09:51Z,2026-06-12T13:09:50Z,-1,e0696b058fa1e0b7b02558a0472d9f6be5fe4b46
81018355052,27411685153,ci-1-core,"core (windows-latest, x86 build)",completed,success,2026-06-12T11:30:25Z,2026-06-12T11:40:55Z,630,2eb9627867a69852fc9a2bc6ec7eaa67ae48868e
81017851095,27411581728,ci-1-core,"core (windows-latest, x86 build)",completed,cancelled,2026-06-12T11:27:10Z,2026-06-12T11:29:42Z,152,4cc66d19c0018e4b3eb0a569e21a9559932a8958
81013894642,27411567660,ci-1-core,"core (windows-latest, x86 build)",completed,cancelled,2026-06-12T11:01:25Z,2026-06-12T11:01:24Z,-1,562d686425537780feb6be22e0dbb94bc04ffb3f
81013885811,27411333270,ci-1-core,"core (windows-latest, x86 build)",completed,cancelled,2026-06-12T11:01:21Z,2026-06-12T11:01:21Z,0,09b76411e9a6ac3bdcf9718b16e203ca099f695f
81015657596,27410468898,ci-1-core,"core (windows-latest, x86 build)",completed,success,2026-06-12T11:13:08Z,2026-06-12T11:23:11Z,603,7865fd582845a95856a5f6a7580419ea9bddc301
81013849738,27410311103,ci-1-core,"core (windows-latest, x86 build)",completed,success,2026-06-12T11:01:23Z,2026-06-12T11:10:56Z,573,a4c2a8a0daa0f2ceb70be8af3cfb0e17a93fc629
81012955765,27409973153,ci-1-core,"core (windows-latest, x86 build)",completed,success,2026-06-12T10:55:20Z,2026-06-12T11:05:31Z,611,832e346c051507fff8a4b04d3eb41611487cee29
81011727259,27409916976,ci-1-core,"core (windows-latest, x86 build)",completed,cancelled,2026-06-12T10:47:13Z,2026-06-12T10:47:13Z,0,a2b2ecb44b11511c85fa03fc13a41212db53ba47
81012942384,27409814881,ci-1-core,"core (windows-latest, x86 build)",completed,success,2026-06-12T10:55:16Z,2026-06-12T11:05:43Z,627,60e332df0058fda2f6a8f454d84f49277e788eac
81011630846,27409694930,ci-1-core,"core (windows-latest, x86 build)",completed,success,2026-06-12T10:46:39Z,2026-06-12T10:56:44Z,605,b22de8208198c81b1f7920477580ed16698a7434
81011518757,27409672126,ci-1-core,"core (windows-latest, x86 build)",completed,success,2026-06-12T10:45:53Z,2026-06-12T10:53:58Z,485,9fc56cc390f64c8e21d4758c8ad59f17ed6d6b45
81010077640,27409011504,ci-1-core,"core (windows-latest, x86 build)",completed,success,2026-06-12T10:36:33Z,2026-06-12T10:46:34Z,601,27ecfa5c7305d8c8d9f6789be1b837a63784df5e
81007563145,27408946600,ci-1-core,"core (windows-latest, x86 build)",completed,cancelled,2026-06-12T10:20:20Z,2026-06-12T10:20:20Z,0,64d11fc119082ae31057e56a4f12de728a6f7a91
81006564199,27408865826,ci-1-core,"core (windows-latest, x86 build)",completed,skipped,2026-06-12T10:13:58Z,2026-06-12T10:13:57Z,-1,ef20e572e6f1987a43a81ae7342a9cf17b11a8e3
81008962698,27408247770,ci-1-core,"core (windows-latest, x86 build)",completed,success,2026-06-12T10:29:23Z,2026-06-12T10:39:12Z,589,99cdd5b3f305ee8fcbf4a7778af90cd1e4384d14
81005114151,27407969206,ci-1-core,"core (windows-latest, x86 build)",completed,cancelled,2026-06-12T10:05:00Z,2026-06-12T10:05:00Z,0,c0a003cf734fdb4b7f86623701a2c38e0653f219
81004199883,27407453246,ci-1-core,"core (windows-latest, x86 build)",completed,success,2026-06-12T09:59:37Z,2026-06-12T10:09:26Z,589,b370477c1343d5027f4d466621331dcb559272c6
81003361827,27406800760,ci-1-core,"core (windows-latest, x86 build)",completed,success,2026-06-12T09:54:31Z,2026-06-12T10:04:29Z,598,aa362c80daee9e4c8d50c53bd5aed0c6dd2081f0
81001794305,27406775002,ci-1-core,"core (windows-latest, x86 build)",completed,cancelled,2026-06-12T09:45:03Z,2026-06-12T09:45:03Z,0,0fd8986dcfe6f29e602ebd41ac92a50bad8ba6fa
80997788256,27406677507,ci-1-core,"core (windows-latest, x86 build)",completed,cancelled,2026-06-12T09:20:53Z,2026-06-12T09:20:52Z,-1,8b2b239d774d6e32a940323346d6019e4a64d23c
80997458059,27405931139,ci-1-core,"core (windows-latest, x86 build)",completed,cancelled,2026-06-12T09:18:52Z,2026-06-12T09:18:52Z,0,81250376f4b344e3fda84ffcb8217e40aff49c11
80999536317,27405550170,ci-1-core,"core (windows-latest, x86 build)",completed,success,2026-06-12T09:31:28Z,2026-06-12T09:41:26Z,598,b52dbba2e49afe5f7da31cf171630b9593795687
80999397729,27405375448,ci-1-core,"core (windows-latest, x86 build)",completed,skipped,2026-06-12T09:30:38Z,2026-06-12T09:30:37Z,-1,b2be2ca3e3f12c1cb2dff8b1190b6a65c784ab23
80994569803,27404571423,ci-1-core,"core (windows-latest, x86 build)",completed,success,2026-06-12T09:01:01Z,2026-06-12T09:10:59Z,598,a844962f693c08114a46a1352437689887098253
80994532172,27404408632,ci-1-core,"core (windows-latest, x86 build)",completed,cancelled,2026-06-12T09:00:47Z,2026-06-12T09:03:32Z,165,4cac8ca3a9aac4d7fe25bde394785f48ef1a64da
80989845208,27404400219,ci-1-core,"core (windows-latest, x86 build)",completed,cancelled,2026-06-12T08:32:16Z,2026-06-12T08:32:16Z,0,fe2088b9eb3544d3f6afb139aab5d304b04bede0
80989815011,27404390797,ci-1-core,"core (windows-latest, x86 build)",completed,cancelled,2026-06-12T08:32:05Z,2026-06-12T08:32:05Z,0,e60480c5cde63661ab4e99c834398297f17fdfc8
80989785704,27404267439,ci-1-core,"core (windows-latest, x86 build)",completed,cancelled,2026-06-12T08:31:54Z,2026-06-12T08:31:54Z,0,033cb6fc1a75ce96eb463d0f4a548afd01059fdd
80989361736,27404247779,ci-1-core,"core (windows-latest, x86 build)",completed,cancelled,2026-06-12T08:29:26Z,2026-06-12T08:29:26Z,0,32864e79ea2e7e64b08cf9a495c693b4c17281e6
80989291245,27404212852,ci-1-core,"core (windows-latest, x86 build)",completed,cancelled,2026-06-12T08:29:01Z,2026-06-12T08:29:01Z,0,4428a12926fbfe194c668a38c95aafc4c0c969fe
80989172988,27404198491,ci-1-core,"core (windows-latest, x86 build)",completed,cancelled,2026-06-12T08:28:18Z,2026-06-12T08:28:18Z,0,e40d7988a18a87db0d09b89a0864ee04a731fb45
80994439043,27403305601,ci-1-core,"core (windows-latest, x86 build)",completed,success,2026-06-12T09:00:17Z,2026-06-12T09:10:28Z,611,aba9be05232bd37a12067afbbfb09b27ccac30fd
80989008825,27402855925,ci-1-core,"core (windows-latest, x86 build)",completed,success,2026-06-12T08:27:18Z,2026-06-12T08:37:55Z,637,a400b64585a77bbb002ea5d38cd8d3d033d3c833
80987101514,27402807690,ci-1-core,"core (windows-latest, x86 build)",completed,skipped,2026-06-12T08:14:45Z,2026-06-12T08:14:45Z,0,d149581c6b1cc831f478c3e0fd89b39f509d2dc5
80988648113,27402705340,ci-1-core,"core (windows-latest, x86 build)",completed,success,2026-06-12T08:24:59Z,2026-06-12T08:34:51Z,592,1aaff4d490a07bb637b2861941799f689edf36a4
80988790352,27402569351,ci-1-core,"core (windows-latest, x86 build)",completed,success,2026-06-12T08:25:52Z,2026-06-12T08:35:52Z,600,d2c1a8ebfac396dc7c193bda5e8d0ee9c3441771
80988249113,27402365325,ci-1-core,"core (windows-latest, x86 build)",completed,success,2026-06-12T08:22:36Z,2026-06-12T08:32:47Z,611,c97faeac75355c38f2dfa2532def6f2a282e6b63
80985579805,27401926895,ci-1-core,"core (windows-latest, x86 build)",completed,success,2026-06-12T08:10:13Z,2026-06-12T08:19:43Z,570,fb89ae289f82a8d1bc7357d4346c21c2bf5dff30
80986303730,27401896254,ci-1-core,"core (windows-latest, x86 build)",completed,success,2026-06-12T08:09:39Z,2026-06-12T08:15:35Z,356,d63243a048e84d8c776b465a24a8b3cfd2a22f30
80986144149,27401801254,ci-1-core,"core (windows-latest, x86 build)",completed,success,2026-06-12T08:08:38Z,2026-06-12T08:18:16Z,578,d1e52aaa7f24cdbed0cf5ca4bd2bef7422ee65cb
80984619056,27401651198,ci-1-core,"core (windows-latest, x86 build)",completed,success,2026-06-12T07:59:02Z,2026-06-12T08:08:31Z,569,8687023d649ee13302d21ec572f72d46ed7d19d2
80980489537,27400408271,ci-1-core,"core (windows-latest, x86 build)",completed,success,2026-06-12T07:31:18Z,2026-06-12T07:41:12Z,594,7843ceb23110c366908552f1b251c4ed20695f53
80976976269,27400364803,ci-1-core,"core (windows-latest, x86 build)",completed,cancelled,2026-06-12T07:06:25Z,2026-06-12T07:06:24Z,-1,6caba9cdb46a118abdd7573adfc0ba93ac5eed51
80979697446,27400054404,ci-1-core,"core (windows-latest, x86 build)",completed,skipped,2026-06-12T07:25:52Z,2026-06-12T07:25:52Z,0,274fc3c0284cfaa52eac4b63cc426fa03ecca285
